series,fund,lag,cost_bps,deployment,cap,harvest,rebalance,entry_close,first_return,last_return,observations,cagr,max_drawdown,terminal_multiple,years,annualized_volatility,sharpe,longest_underwater_calendar_days,max_drawdown_peak,max_drawdown_trough,max_drawdown_recovery,max_drawdown_recovered,max_drawdown_recovery_days_from_trough,max_drawdown_recovery_days_from_peak,worst_calendar_year,worst_calendar_year_return,best_calendar_year,best_calendar_year_return,worst_rolling_1y_cagr,worst_rolling_5y_cagr,worst_rolling_10y_cagr,worst_rolling_20y_cagr,cohort_20y_count,cohort_20y_min_cagr,cohort_20y_median_cagr,worst_rolling_30y_cagr,cohort_30y_count,cohort_30y_min_cagr,cohort_30y_median_cagr,switch_count,switches_per_year,average_reserve_weight,median_reserve_weight,fraction_reserve_zero,fraction_reserve_at_cap,fraction_reserve_above_cap,average_risky_exposure,average_effective_equity_exposure,average_leverage,average_total_safe_asset_weight,average_risky_sleeve_leverage,fraction_at_1x,fraction_at_2x,fraction_at_3x,fraction_sleeve_at_1x,fraction_sleeve_at_2x,fraction_sleeve_at_3x,reserve_accumulation_trades,reserve_deployment_trades,reserve_rebalance_sell_trades,leverage_state_trades,traded_transition_days,total_charged_transitions,reserve_turnover,risky_sleeve_turnover,net_asset_turnover,sum_dollar_costs,direct_log_cost_drag,direct_wealth_cost_drag,total_trading_cost_drag,cost_cagr_drag,rolling_20y_min_terminal_multiple,rolling_20y_median_terminal_multiple,rolling_30y_min_terminal_multiple,rolling_30y_median_terminal_multiple
MATCHED_FIXED_FOR_HWM_RESERVE,UPRO,LAG1,0,none,0,0,quarterly,1986-09-26,1986-09-29,2026-09-02,10059,0.195900545046,-0.744882830999,1266.7687263,39.9342915811,0.382395837197,0.579402013843,5040,1999-07-16,2009-03-09,2013-05-03,True,1516,5040,2000,-0.430477003648,1995,1.22788602039,-0.538847212141,-0.161796889842,-0.10903261775,0.0572751815487,240,0.0681927817763,0.14895780929,0.146585232563,120,0.150827577942,0.182163949203,0,0,0,0,1,,,1,2.56397256188,2.56397256188,0,2.56397256188,0.218013719058,0,0.781986280942,0.218013719058,0,0.781986280942,0,0,0,230,230,0,0,230,230,0,-0,0,0,0,3.74104367728,16.0724609598,67.6692458146,151.438829565
MATCHED_FIXED_FOR_ASYMMETRIC_RESERVE_BAND,UPRO,LAG1,0,none,0.05,0,quarterly,1986-09-26,1986-09-29,2026-09-02,10059,0.190913645598,-0.716186865596,1072.07430289,39.9342915811,0.362974690088,0.578595043178,5004,1999-07-16,2009-03-09,2013-03-28,True,1480,5004,2000,-0.410366306506,1995,1.15344319495,-0.518468001306,-0.151565513748,-0.100503634276,0.0586329118453,240,0.0687087792127,0.146630527381,0.143821293722,120,0.147865045356,0.177381495294,0,0,0.0492577211057,0.0485823084458,0,,,0.950742278894,2.43989773771,2.43989773771,0.0492577211057,2.56397256188,0,0,0,0.218013719058,0,0.781986280942,103,0,57,230,386,0,1.0826016231,217.156504069,218.22673338,0,-0,0,0,-4.4408920985e-16,3.77735272639,15.434063863,62.6335339154,134.097017684
MATCHED_FIXED_FOR_HWM_DRAWDOWN,UPRO,LAG1,0,none,0.05,0,quarterly,1986-09-26,1986-09-29,2026-09-02,10059,0.190913645598,-0.716186865596,1072.07430289,39.9342915811,0.362974690088,0.578595043178,5004,1999-07-16,2009-03-09,2013-03-28,True,1480,5004,2000,-0.410366306506,1995,1.15344319495,-0.518468001306,-0.151565513748,-0.100503634276,0.0586329118453,240,0.0687087792127,0.146630527381,0.143821293722,120,0.147865045356,0.177381495294,0,0,0.0492577211057,0.0485823084458,0,,,0.950742278894,2.43989773771,2.43989773771,0.0492577211057,2.56397256188,0,0,0,0.218013719058,0,0.781986280942,103,0,57,230,386,0,1.0826016231,217.156504069,218.22673338,0,-0,0,0,-4.4408920985e-16,3.77735272639,15.434063863,62.6335339154,134.097017684
MATCHED_FIXED_FOR_BAND_DRAWDOWN,UPRO,LAG1,0,none,0.1,0,quarterly,1986-09-26,1986-09-29,2026-09-02,10059,0.185535005359,-0.685085166918,894.784557901,39.9342915811,0.343664221649,0.577749570206,4981,1999-07-16,2009-03-09,2013-03-05,True,1457,4981,2000,-0.389818451632,1995,1.08085570789,-0.497400605501,-0.141386097319,-0.0921183196496,0.0595834270407,240,0.0688662989256,0.143484313731,0.14071360567,120,0.144556273465,0.172282708093,0,0,0.0985077522884,0.0973098330267,0,,,0.901492247712,2.31557197779,2.31557197779,0.0985077522884,2.56397256188,0,0,0,0.218013719058,0,0.781986280942,103,0,57,230,386,0,2.04912103999,204.491997551,206.517724352,0,-0,0,0,-6.66133814775e-16,3.7885034049,14.6085919715,57.4374001879,117.778477025
FIXED_90_10,UPRO,LAG1,0,none,0.1,0,monthly,1986-09-26,1986-09-29,2026-09-02,10059,0.185202455671,-0.686806789336,884.815892154,39.9342915811,0.343450006051,0.577057736923,4984,1999-07-16,2009-03-09,2013-03-08,True,1460,4984,2000,-0.386728100885,1995,1.0741465319,-0.497587080401,-0.14143737567,-0.0923511086777,0.0581386397697,240,0.06776224628,0.143027518995,0.14066829486,120,0.144478973204,0.171652233867,0,0,0.0994488393973,0.0991174614724,0,,,0.900551160603,2.31073556783,2.31073556783,0.0994488393973,2.56397256188,0,0,0,0.218013719058,0,0.781986280942,284,0,196,230,692,0,3.50657679622,205.648860461,208.985329002,0,-0,0,0,-4.4408920985e-16,3.71100228663,14.4921821992,57.3211337424,115.867528731
FIXED_85_15,UPRO,LAG1,0,none,0.15,0,monthly,1986-09-26,1986-09-29,2026-09-02,10059,0.179305567724,-0.654133650943,725.015853413,39.9342915811,0.324079885771,0.575890380007,4956,1999-07-16,2009-03-09,2013-02-08,True,1432,4956,2000,-0.364260312271,1995,1.00083063507,-0.47589680479,-0.131322409527,-0.0842080522367,0.0581289522602,240,0.0671266196892,0.139380175227,0.137198628424,120,0.140792162661,0.16595014049,0,0,0.149180637816,0.148749123782,0,,,0.850819362184,2.18394261131,2.18394261131,0.149180637816,2.56397256188,0,0,0,0.218013719058,0,0.781986280942,284,0,196,230,692,0,4.96451343467,193.605652344,198.3314955,0,-0,0,0,-8.881784197e-16,3.66706891818,13.595100125,52.0324382883,100.071039651
FIXED_90_10,UPRO,LAG1,0,none,0.1,0,annual,1986-09-26,1986-09-29,2026-09-02,10059,0.186103189571,-0.680293013256,912.070649892,39.9342915811,0.345717204214,0.577832425378,4981,1999-07-16,2009-03-09,2013-03-05,True,1457,4981,2000,-0.381285478735,1995,1.1108869503,-0.492617197234,-0.140670972578,-0.0908560997536,0.061191344076,240,0.0704883027119,0.144778873402,0.141047441172,120,0.144994114047,0.173519892893,0,0,0.0959958397714,0.0949614051337,0,,,0.904004160229,2.32850920449,2.32850920449,0.0959958397714,2.56397256188,0,0,0,0.218013719058,0,0.781986280942,27,0,13,230,268,0,1.12135176794,203.551663443,204.607235299,0,-0,0,0,6.66133814775e-16,3.90515720943,14.9428270135,58.1002661349,121.538533637
FIXED_85_15,UPRO,LAG1,0,none,0.15,0,annual,1986-09-26,1986-09-29,2026-09-02,10059,0.180649325314,-0.644249594655,758.74873337,39.9342915811,0.327487827462,0.576902194562,4949,1999-07-16,2009-03-09,2013-02-01,True,1425,4949,2000,-0.356689716279,1995,1.05238741525,-0.475596306227,-0.130288043312,-0.0821546778332,0.0624501462755,240,0.0710024249164,0.141990129854,0.137784166557,120,0.141574661746,0.168569162426,0,0,0.143936652542,0.142841953664,0,,,0.856063347458,2.20992906912,2.20992906912,0.143936652542,2.56397256188,0,0,0,0.218013719058,0,0.781986280942,27,0,13,230,268,0,1.59440289956,190.698982765,192.202178142,0,-0,0,0,-8.881784197e-16,3.94283935593,14.2313808609,53.1139180401,107.084320191
HWM_GRID,UPRO,LAG1,0,staged,0.1,0.05,rule,1986-09-26,1986-09-29,2026-09-02,10059,0.195561981773,-0.744006514381,1252.52588669,39.9342915811,0.379361243088,0.580157507182,5040,1999-07-16,2009-03-09,2013-05-03,True,1516,5040,2000,-0.430251117338,1995,1.21485846542,-0.538847212141,-0.161796889842,-0.108751358727,0.0571395957732,240,0.0679801022332,0.148528636362,0.146275934976,120,0.15045984474,0.181412156139,0,0,0.00666237517177,0.000490066673579,0.463465553236,0,0,0.993337624828,2.54620564375,2.54620564375,0.00666237517177,2.56397256188,0.132518142957,0,0.33611691023,0.218013719058,0,0.781986280942,637,84,0,230,902,0,0.690721913401,229.004603454,229.497423619,0,-0,0,0,6.66133814775e-16,3.72617481965,15.9576180348,67.0235261418,148.57447751
HWM_GRID,UPRO,LAG1,0,staged,0.1,0.1,rule,1986-09-26,1986-09-29,2026-09-02,10059,0.195201459661,-0.743132241252,1237.53092729,39.9342915811,0.376402001306,0.580864704241,5040,1999-07-16,2009-03-09,2013-05-03,True,1516,5040,2000,-0.430027116825,1995,1.2018513434,-0.538847212141,-0.161796889842,-0.108471749584,0.0570074804598,240,0.0677688297872,0.147753669225,0.145960259101,120,0.150086274604,0.180613544901,0,0,0.013284722586,0.00105992649165,0.46247141863,0,0.00188885575107,0.986715277414,2.52850850754,2.52850850754,0.013284722586,2.56397256188,0.132518142957,0,0.329953275674,0.218013719058,0,0.781986280942,643,84,0,230,908,0,1.37745252839,228.026258249,229.011248517,0,-0,0,0,-6.66133814775e-16,3.71145993235,15.7418589339,66.3736576112,145.690212178
HWM_GRID,UPRO,LAG1,0,staged,0.1,0.15,rule,1986-09-26,1986-09-29,2026-09-02,10059,0.194734157449,-0.742260539182,1218.35497303,39.9342915811,0.373583701674,0.581294895403,5037,1999-07-16,2009-03-09,2013-04-30,True,1513,5037,2000,-0.429805114361,1995,1.18887126395,-0.538847212141,-0.161796889842,-0.108193943585,0.0568766390829,240,0.06755716655,0.146805978276,0.14553114364,120,0.149599419124,0.179674129316,0,0,0.0197521218798,0.00189809130684,0.453325380256,0.00119296152699,0.0176955959837,0.98024787812,2.51115297768,2.51115297768,0.0197521218798,2.56397256188,0.132219902575,0,0.321105477682,0.218013719058,0,0.781986280942,650,87,0,230,916,0,2.03484947808,227.106256272,228.565628638,0,-0,0,0,-6.66133814775e-16,3.69677319544,15.484141327,65.5358526547,142.252338559
HWM_GRID,UPRO,LAG1,0,staged,0.15,0.05,rule,1986-09-26,1986-09-29,2026-09-02,10059,0.195561981773,-0.744006514381,1252.52588669,39.9342915811,0.379361243088,0.580157507182,5040,1999-07-16,2009-03-09,2013-05-03,True,1516,5040,2000,-0.430251117338,1995,1.21485846542,-0.538847212141,-0.161796889842,-0.108751358727,0.0571395957732,240,0.0679801022332,0.148528636362,0.146275934976,120,0.15045984474,0.181412156139,0,0,0.00666237517177,0.000490066673579,0.463465553236,0,0,0.993337624828,2.54620564375,2.54620564375,0.00666237517177,2.56397256188,0.132518142957,0,0.33611691023,0.218013719058,0,0.781986280942,637,84,0,230,902,0,0.690721913401,229.004603454,229.497423619,0,-0,0,0,6.66133814775e-16,3.72617481965,15.9576180348,67.0235261418,148.57447751
HWM_GRID,UPRO,LAG1,0,staged,0.15,0.1,rule,1986-09-26,1986-09-29,2026-09-02,10059,0.195201459661,-0.743132241252,1237.53092729,39.9342915811,0.376402001306,0.580864704241,5040,1999-07-16,2009-03-09,2013-05-03,True,1516,5040,2000,-0.430027116825,1995,1.2018513434,-0.538847212141,-0.161796889842,-0.108471749584,0.0570074804598,240,0.0677688297872,0.147753669225,0.145960259101,120,0.150086274604,0.180613544901,0,0,0.013284722586,0.00105992649165,0.46247141863,0,0,0.986715277414,2.52850850754,2.52850850754,0.013284722586,2.56397256188,0.132518142957,0,0.329953275674,0.218013719058,0,0.781986280942,643,84,0,230,908,0,1.37745252839,228.026258249,229.011248517,0,-0,0,0,-6.66133814775e-16,3.71145993235,15.7418589339,66.3736576112,145.690212178
HWM_GRID,UPRO,LAG1,0,staged,0.15,0.15,rule,1986-09-26,1986-09-29,2026-09-02,10059,0.194815219432,-0.742259416354,1221.66049091,39.9342915811,0.37351698956,0.581511955019,5037,1999-07-16,2009-03-09,2013-04-30,True,1513,5037,2000,-0.42980482926,1995,1.18887126395,-0.538847212141,-0.161796889842,-0.108193590231,0.0568766236958,240,0.0675571510074,0.146940459066,0.145634601296,120,0.149703244203,0.179780665705,0,0,0.0198603437277,0.0018980913069,0.453325380256,0,0.00178944229049,0.980139656272,2.51090303402,2.51090303402,0.0198603437277,2.56397256188,0.132219902575,0,0.321105477682,0.218013719058,0,0.781986280942,650,87,0,230,916,0,2.0559614931,227.063894734,228.535966001,0,-0,0,0,-4.4408920985e-16,3.69677211901,15.5204697348,65.7136579235,142.638283263
HWM_GRID,UPRO,LAG1,0,staged,0.2,0.05,rule,1986-09-26,1986-09-29,2026-09-02,10059,0.195561981773,-0.744006514381,1252.52588669,39.9342915811,0.379361243088,0.580157507182,5040,1999-07-16,2009-03-09,2013-05-03,True,1516,5040,2000,-0.430251117338,1995,1.21485846542,-0.538847212141,-0.161796889842,-0.108751358727,0.0571395957732,240,0.0679801022332,0.148528636362,0.146275934976,120,0.15045984474,0.181412156139,0,0,0.00666237517177,0.000490066673579,0.463465553236,0,0,0.993337624828,2.54620564375,2.54620564375,0.00666237517177,2.56397256188,0.132518142957,0,0.33611691023,0.218013719058,0,0.781986280942,637,84,0,230,902,0,0.690721913401,229.004603454,229.497423619,0,-0,0,0,6.66133814775e-16,3.72617481965,15.9576180348,67.0235261418,148.57447751
HWM_GRID,UPRO,LAG1,0,staged,0.2,0.1,rule,1986-09-26,1986-09-29,2026-09-02,10059,0.195201459661,-0.743132241252,1237.53092729,39.9342915811,0.376402001306,0.580864704241,5040,1999-07-16,2009-03-09,2013-05-03,True,1516,5040,2000,-0.430027116825,1995,1.2018513434,-0.538847212141,-0.161796889842,-0.108471749584,0.0570074804598,240,0.0677688297872,0.147753669225,0.145960259101,120,0.150086274604,0.180613544901,0,0,0.013284722586,0.00105992649165,0.46247141863,0,0,0.986715277414,2.52850850754,2.52850850754,0.013284722586,2.56397256188,0.132518142957,0,0.329953275674,0.218013719058,0,0.781986280942,643,84,0,230,908,0,1.37745252839,228.026258249,229.011248517,0,-0,0,0,-6.66133814775e-16,3.71145993235,15.7418589339,66.3736576112,145.690212178
HWM_GRID,UPRO,LAG1,0,staged,0.2,0.15,rule,1986-09-26,1986-09-29,2026-09-02,10059,0.194815219432,-0.742259416354,1221.66049091,39.9342915811,0.37351698956,0.581511955019,5037,1999-07-16,2009-03-09,2013-04-30,True,1513,5037,2000,-0.42980482926,1995,1.18887126395,-0.538847212141,-0.161796889842,-0.108193590231,0.0568766236958,240,0.0675571510074,0.146940459066,0.145634601296,120,0.149703244203,0.179780665705,0,0,0.0198603437277,0.0018980913069,0.453325380256,0,0,0.980139656272,2.51090303402,2.51090303402,0.0198603437277,2.56397256188,0.132219902575,0,0.321105477682,0.218013719058,0,0.781986280942,650,87,0,230,916,0,2.0559614931,227.063894734,228.535966001,0,-0,0,0,-4.4408920985e-16,3.69677211901,15.5204697348,65.7136579235,142.638283263
HWM_RESERVE_HOLD_ONLY,UPRO,LAG1,0,hold,0.15,0.1,rule,1986-09-26,1986-09-29,2026-09-02,10059,0.178172181858,-0.625429995004,697.704550896,39.9342915811,0.325142409157,0.572368417673,5017,1999-07-16,2009-03-09,2013-04-10,True,1493,5017,2000,-0.371334369943,1995,1.07186111833,-0.490852988315,-0.111613977998,-0.0806423111955,0.053952050057,240,0.0627841917293,0.137349551467,0.133568448866,120,0.137397399022,0.164336256258,0,0,0.151634234019,0.132681400844,0.000298240381748,0,0.397156775027,0.848365765981,2.19787020786,2.19787020786,0.151634234019,2.56397256188,9.94134605826e-05,0,0.000198826921165,0.218013719058,0,0.781986280942,643,0,0,230,873,0,0.653688495367,189.291152508,189.944841003,0,-0,0,0,-6.66133814775e-16,3.37988340185,13.1231706652,47.5820844119,96.0780975435
ASYMMETRIC_RESERVE_BAND_HOLD_ONLY,UPRO,LAG1,0,hold,0.2,0.1,rule,1986-09-26,1986-09-29,2026-09-02,10059,0.183157342963,-0.635699025778,825.848965112,39.9342915811,0.335338605333,0.577721490357,5017,1999-07-16,2009-03-09,2013-04-10,True,1493,5017,2000,-0.376362158598,1995,1.08992382728,-0.489350709941,-0.115190697278,-0.0826526154429,0.0541740203336,240,0.0639070071242,0.141691010328,0.137997402068,120,0.141889805043,0.170280798532,0,0,0.126590022214,0.0998580056379,0,0,0.162839248434,0.873409977786,2.26313747309,2.26313747309,0.126590022214,2.56397256188,0,0,0,0.218013719058,0,0.781986280942,7,0,0,230,237,0,0.351872792303,194.695692191,195.047564983,0,-0,0,0,6.66133814775e-16,3.45202065127,14.1571097282,53.5555827222,111.892921605
MATCHED_FIXED_FOR_HWM_RESERVE,UPRO,LAG1,10,none,0,0,quarterly,1986-09-26,1986-09-29,2026-09-02,10059,0.189029172791,-0.766150113952,1006.3745027,39.9342915811,0.382422800025,0.564311551403,5054,1999-07-16,2009-03-09,2013-05-17,True,1530,5054,2000,-0.438960307036,1995,1.22788602039,-0.543884319018,-0.170308499621,-0.116841557637,0.0500539961707,240,0.0608970292312,0.141610563554,0.139875251542,120,0.144092770109,0.175019120847,0,0,0,0,1,,,1,2.56397256188,2.56397256188,0,2.56397256188,0.218013719058,0,0.781986280942,0.218013719058,0,0.781986280942,0,0,0,230,230,230,0,230,230,17.059777474,0.230115076724,0.20555782456,0.20555782456,0.0068713722555,3.26185510744,14.1400613771,56.7436494663,126.284851592
MATCHED_FIXED_FOR_ASYMMETRIC_RESERVE_BAND,UPRO,LAG1,10,none,0.05,0,quarterly,1986-09-26,1986-09-29,2026-09-02,10059,0.184420431704,-0.738619541362,861.798363878,39.9342915811,0.36300019523,0.563509330338,5045,1999-07-16,2009-03-09,2013-05-08,True,1521,5045,2000,-0.418597611184,1995,1.15337575274,-0.523439226211,-0.159711948657,-0.107965014371,0.051780552272,240,0.06179120018,0.139342056043,0.13747088729,120,0.14149218833,0.170678924398,0,0,0.0492577211057,0.0485823084458,0,,,0.950742278894,2.43989773771,2.43989773771,0.0492577211057,2.56397256188,0,0,0,0.218013719058,0,0.781986280942,103,0,57,230,386,386,1.0826016231,217.156504069,218.22673338,14.616816259,0.218329324944,0.196139333298,0.196139333298,0.00649321389346,3.3172823213,13.5884486753,52.9989163643,112.991753096
MATCHED_FIXED_FOR_HWM_DRAWDOWN,UPRO,LAG1,10,none,0.05,0,quarterly,1986-09-26,1986-09-29,2026-09-02,10059,0.184420431704,-0.738619541362,861.798363878,39.9342915811,0.36300019523,0.563509330338,5045,1999-07-16,2009-03-09,2013-05-08,True,1521,5045,2000,-0.418597611184,1995,1.15337575274,-0.523439226211,-0.159711948657,-0.107965014371,0.051780552272,240,0.06179120018,0.139342056043,0.13747088729,120,0.14149218833,0.170678924398,0,0,0.0492577211057,0.0485823084458,0,,,0.950742278894,2.43989773771,2.43989773771,0.0492577211057,2.56397256188,0,0,0,0.218013719058,0,0.781986280942,103,0,57,230,386,386,1.0826016231,217.156504069,218.22673338,14.616816259,0.218329324944,0.196139333298,0.196139333298,0.00649321389346,3.3172823213,13.5884486753,52.9989163643,112.991753096
MATCHED_FIXED_FOR_BAND_DRAWDOWN,UPRO,LAG1,10,none,0.1,0,quarterly,1986-09-26,1986-09-29,2026-09-02,10059,0.179417222137,-0.708623099823,727.762126401,39.9342915811,0.343688270739,0.562669647772,5037,1999-07-16,2009-03-09,2013-04-30,True,1513,5037,2000,-0.397782600047,1995,1.08073128924,-0.50229164356,-0.149160461547,-0.0992271533869,0.0531005126593,240,0.0623265885789,0.136718581746,0.134721040435,120,0.138543521361,0.165939188523,0,0,0.0985077522884,0.0973098330267,0,,,0.901492247712,2.31557197779,2.31557197779,0.0985077522884,2.56397256188,0,0,0,0.218013719058,0,0.781986280942,103,0,57,230,386,386,2.04912103999,204.491997551,206.517724352,12.3601824293,0.206608726515,0.186662174738,0.186662174738,0.00611778322249,3.35089661045,12.9760739343,49.0417805702,100.042920217
FIXED_90_10,UPRO,LAG1,10,none,0.1,0,monthly,1986-09-26,1986-09-29,2026-09-02,10059,0.179013503027,-0.7104332733,717.879868981,39.9342915811,0.343473342841,0.561788934586,5040,1999-07-16,2009-03-09,2013-05-03,True,1516,5040,2000,-0.394903189844,1995,1.07400072003,-0.502514757585,-0.149281589743,-0.0995243244915,0.0515996455321,240,0.061163780906,0.136361373822,0.134607308204,120,0.138397738356,0.165300578743,0,0,0.0994488393973,0.0991174614724,0,,,0.900551160603,2.31073556783,2.31073556783,0.0994488393973,2.56397256188,0,0,0,0.218013719058,0,0.781986280942,284,0,196,230,692,692,3.50657679622,205.648860461,208.985329002,12.4051152636,0.209077350249,0.188667523553,0.188667523553,0.00618895264428,3.27829754867,12.8923694685,48.853737032,98.4325890555
FIXED_85_15,UPRO,LAG1,10,none,0.15,0,monthly,1986-09-26,1986-09-29,2026-09-02,10059,0.173460733171,-0.678844733725,594.53550606,39.9342915811,0.324101493567,0.560532977051,5017,1999-07-16,2009-03-09,2013-04-10,True,1493,5017,2000,-0.372243201474,1995,1.00063060104,-0.480746425405,-0.13881744452,-0.0910505384568,0.0519363231257,240,0.060881332306,0.133176043926,0.131466224695,120,0.135041644604,0.159924438808,0,0,0.149180637816,0.148749123782,0,,,0.850819362184,2.18394261131,2.18394261131,0.149180637816,2.56397256188,0,0,0,0.218013719058,0,0.781986280942,284,0,196,230,692,692,4.96451343467,193.605652344,198.3314955,10.3794755151,0.198413082807,0.17996895756,0.17996895756,0.00584483455299,3.26089000154,12.1885730073,44.7125242578,85.6653613629
FIXED_90_10,UPRO,LAG1,10,none,0.1,0,annual,1986-09-26,1986-09-29,2026-09-02,10059,0.180038951455,-0.704024814975,743.240770906,39.9342915811,0.345741547176,0.562980881104,5037,1999-07-16,2009-03-09,2013-04-30,True,1513,5037,2000,-0.389209153807,1995,1.11084833968,-0.497523025532,-0.148425988923,-0.0979217813548,0.054735260115,240,0.0639756578433,0.138251144281,0.135105258942,120,0.139031378902,0.167251548449,0,0,0.0959958397714,0.0949614051337,0,,,0.904004160229,2.32850920449,2.32850920449,0.0959958397714,2.56397256188,0,0,0,0.218013719058,0,0.781986280942,27,0,13,230,268,268,1.12135176794,203.551663443,204.607235299,12.4232365234,0.204697409472,0.185106141729,0.185106141729,0.00606423811532,3.45647835344,13.3303392851,49.6761636007,103.499104203
FIXED_85_15,UPRO,LAG1,10,none,0.15,0,annual,1986-09-26,1986-09-29,2026-09-02,10059,0.174978228998,-0.669062324551,626.024369325,39.9342915811,0.327510845641,0.562173180803,4990,1999-07-16,2009-03-09,2013-03-14,True,1466,4990,2000,-0.364302029645,1995,1.05233476773,-0.476500152673,-0.137654780348,-0.0888436039911,0.0563751418444,240,0.0648785192442,0.135954104437,0.132217553451,120,0.135989503628,0.162606009082,0,0,0.143936652542,0.142841953664,0,,,0.856063347458,2.20992906912,2.20992906912,0.143936652542,2.56397256188,0,0,0,0.218013719058,0,0.781986280942,27,0,13,230,268,268,1.59440289956,190.698982765,192.202178142,10.4043521804,0.192281374031,0.174925318762,0.174925318762,0.00567109631651,3.51561517565,12.8024076546,45.8464128194,91.8479559438
HWM_GRID,UPRO,LAG1,10,staged,0.1,0.05,rule,1986-09-26,1986-09-29,2026-09-02,10059,0.188798125646,-0.765339102351,998.59464241,39.9342915811,0.379469993331,0.565141229155,5054,1999-07-16,2009-03-09,2013-05-17,True,1530,5054,2000,-0.438739674528,1995,1.21531510063,-0.543884319018,-0.170308499621,-0.116559959814,0.0500463246154,240,0.0608179834707,0.141058659945,0.139677731416,120,0.143838506267,0.174440161404,0,0,0.00641001247238,0.000459744470392,0.470424495477,0,0,0.993589987528,2.54694181468,2.54694181468,0.00641001247238,2.56397256188,0.132518142957,0,0.33790635252,0.218013719058,0,0.781986280942,621,84,0,230,886,886,0.671539074888,229.020779935,229.497619078,16.858724049,0.229611726587,0.205157841325,0.202735326253,0.00676385612711,3.25699783311,14.006148122,56.3665266813,124.418820206
HWM_GRID,UPRO,LAG1,10,staged,0.1,0.1,rule,1986-09-26,1986-09-29,2026-09-02,10059,0.188545694852,-0.76453024493,990.161774176,39.9342915811,0.376593136792,0.565926023318,5052,1999-07-16,2009-03-09,2013-05-15,True,1528,5052,2000,-0.43852094835,1995,1.20275357562,-0.543884319018,-0.170308499621,-0.116280110996,0.0500421789261,240,0.0607401150507,0.140518422194,0.139473306833,120,0.143577845403,0.173790795623,0,0,0.0127822287464,0.000970976544412,0.469430360871,0,0.00188885575107,0.987217771254,2.529974943,2.529974943,0.0127822287464,2.56397256188,0.132518142957,0,0.337011631375,0.218013719058,0,0.781986280942,629,84,0,230,894,894,1.33975006556,228.057868524,229.011415963,16.6553192559,0.229124591268,0.204770551313,0.199889269557,0.00665576480916,3.25221962423,13.8740342698,55.9824313403,122.383391914
HWM_GRID,UPRO,LAG1,10,staged,0.1,0.15,rule,1986-09-26,1986-09-29,2026-09-02,10059,0.188188335479,-0.763724005923,978.342204667,39.9342915811,0.37385164003,0.566445116407,5052,1999-07-16,2009-03-09,2013-05-15,True,1528,5052,2000,-0.438304230653,1995,1.19020822415,-0.543884319018,-0.170308499621,-0.116002155391,0.05003974048,240,0.060662014721,0.139630842029,0.139156309137,120,0.143204737181,0.172986729367,0,0,0.0190126442884,0.00157804487582,0.464260860921,0.00119296152699,0.0171985286808,0.980987355712,2.51331108485,2.51331108485,0.0190126442884,2.56397256188,0.132518142957,0,0.331742717964,0.218013719058,0,0.781986280942,631,84,0,230,896,896,1.98339366519,227.153250176,228.570477729,16.4043973289,0.228682793682,0.204419143242,0.196997405252,0.00654582197038,3.24743387444,13.65723785,55.4370394928,119.892783018
HWM_GRID,UPRO,LAG1,10,staged,0.15,0.05,rule,1986-09-26,1986-09-29,2026-09-02,10059,0.188798125646,-0.765339102351,998.59464241,39.9342915811,0.379469993331,0.565141229155,5054,1999-07-16,2009-03-09,2013-05-17,True,1530,5054,2000,-0.438739674528,1995,1.21531510063,-0.543884319018,-0.170308499621,-0.116559959814,0.0500463246154,240,0.0608179834707,0.141058659945,0.139677731416,120,0.143838506267,0.174440161404,0,0,0.00641001247238,0.000459744470392,0.470424495477,0,0,0.993589987528,2.54694181468,2.54694181468,0.00641001247238,2.56397256188,0.132518142957,0,0.33790635252,0.218013719058,0,0.781986280942,621,84,0,230,886,886,0.671539074888,229.020779935,229.497619078,16.858724049,0.229611726587,0.205157841325,0.202735326253,0.00676385612711,3.25699783311,14.006148122,56.3665266813,124.418820206
HWM_GRID,UPRO,LAG1,10,staged,0.15,0.1,rule,1986-09-26,1986-09-29,2026-09-02,10059,0.188545694852,-0.76453024493,990.161774176,39.9342915811,0.376593136792,0.565926023318,5052,1999-07-16,2009-03-09,2013-05-15,True,1528,5052,2000,-0.43852094835,1995,1.20275357562,-0.543884319018,-0.170308499621,-0.116280110996,0.0500421789261,240,0.0607401150507,0.140518422194,0.139473306833,120,0.143577845403,0.173790795623,0,0,0.0127822287464,0.000970976544412,0.469430360871,0,0,0.987217771254,2.529974943,2.529974943,0.0127822287464,2.56397256188,0.132518142957,0,0.337011631375,0.218013719058,0,0.781986280942,629,84,0,230,894,894,1.33975006556,228.057868524,229.011415963,16.6553192559,0.229124591268,0.204770551313,0.199889269557,0.00665576480916,3.25221962423,13.8740342698,55.9824313403,122.383391914
HWM_GRID,UPRO,LAG1,10,staged,0.15,0.15,rule,1986-09-26,1986-09-29,2026-09-02,10059,0.188269713023,-0.763722979885,981.021590271,39.9342915811,0.373785095513,0.566660942829,5052,1999-07-16,2009-03-09,2013-05-15,True,1528,5052,2000,-0.438303955749,1995,1.19020822415,-0.543884319018,-0.170308499621,-0.116001805903,0.0500397274303,240,0.0606620015393,0.139786691135,0.13926016056,120,0.14330895768,0.173093669827,0,0,0.019120572222,0.00157804487582,0.464260860921,0,0.00178944229049,0.980879427778,2.51306187337,2.51306187337,0.019120572222,2.56397256188,0.132518142957,0,0.331742717964,0.218013719058,0,0.781986280942,631,84,0,230,896,896,2.00447926994,227.110973636,228.540890561,16.4486841861,0.228653168632,0.20439557377,0.196976903511,0.00654550640908,3.24743306727,13.6946426225,55.5888649024,120.22113336
HWM_GRID,UPRO,LAG1,10,staged,0.2,0.05,rule,1986-09-26,1986-09-29,2026-09-02,10059,0.188798125646,-0.765339102351,998.59464241,39.9342915811,0.379469993331,0.565141229155,5054,1999-07-16,2009-03-09,2013-05-17,True,1530,5054,2000,-0.438739674528,1995,1.21531510063,-0.543884319018,-0.170308499621,-0.116559959814,0.0500463246154,240,0.0608179834707,0.141058659945,0.139677731416,120,0.143838506267,0.174440161404,0,0,0.00641001247238,0.000459744470392,0.470424495477,0,0,0.993589987528,2.54694181468,2.54694181468,0.00641001247238,2.56397256188,0.132518142957,0,0.33790635252,0.218013719058,0,0.781986280942,621,84,0,230,886,886,0.671539074888,229.020779935,229.497619078,16.858724049,0.229611726587,0.205157841325,0.202735326253,0.00676385612711,3.25699783311,14.006148122,56.3665266813,124.418820206
HWM_GRID,UPRO,LAG1,10,staged,0.2,0.1,rule,1986-09-26,1986-09-29,2026-09-02,10059,0.188545694852,-0.76453024493,990.161774176,39.9342915811,0.376593136792,0.565926023318,5052,1999-07-16,2009-03-09,2013-05-15,True,1528,5052,2000,-0.43852094835,1995,1.20275357562,-0.543884319018,-0.170308499621,-0.116280110996,0.0500421789261,240,0.0607401150507,0.140518422194,0.139473306833,120,0.143577845403,0.173790795623,0,0,0.0127822287464,0.000970976544412,0.469430360871,0,0,0.987217771254,2.529974943,2.529974943,0.0127822287464,2.56397256188,0.132518142957,0,0.337011631375,0.218013719058,0,0.781986280942,629,84,0,230,894,894,1.33975006556,228.057868524,229.011415963,16.6553192559,0.229124591268,0.204770551313,0.199889269557,0.00665576480916,3.25221962423,13.8740342698,55.9824313403,122.383391914
HWM_GRID,UPRO,LAG1,10,staged,0.2,0.15,rule,1986-09-26,1986-09-29,2026-09-02,10059,0.188269713023,-0.763722979885,981.021590271,39.9342915811,0.373785095513,0.566660942829,5052,1999-07-16,2009-03-09,2013-05-15,True,1528,5052,2000,-0.438303955749,1995,1.19020822415,-0.543884319018,-0.170308499621,-0.116001805903,0.0500397274303,240,0.0606620015393,0.139786691135,0.13926016056,120,0.14330895768,0.173093669827,0,0,0.019120572222,0.00157804487582,0.464260860921,0,0,0.980879427778,2.51306187337,2.51306187337,0.019120572222,2.56397256188,0.132518142957,0,0.331742717964,0.218013719058,0,0.781986280942,631,84,0,230,896,896,2.00447926994,227.110973636,228.540890561,16.4486841861,0.228653168632,0.20439557377,0.196976903511,0.00654550640908,3.24743306727,13.6946426225,55.5888649024,120.22113336
HWM_RESERVE_HOLD_ONLY,UPRO,LAG1,10,hold,0.15,0.1,rule,1986-09-26,1986-09-29,2026-09-02,10059,0.173105558299,-0.650993897899,587.391517242,39.9342915811,0.326009726881,0.55849453666,5047,1999-07-16,2009-03-09,2013-05-10,True,1523,5047,2000,-0.379600694312,1995,1.07551476929,-0.491909232981,-0.118989697205,-0.0871422880763,0.048557331486,240,0.0573944419711,0.131744893664,0.128555914821,120,0.13237828159,0.159180475422,0,0,0.149238348139,0.128040318247,0.000298240381748,0,0.382344169401,0.850761651861,2.20413281717,2.20413281717,0.149238348139,2.56397256188,9.94134605826e-05,0,0.000198826921165,0.218013719058,0,0.781986280942,628,0,0,230,858,858,0.636660730997,189.792399404,190.429060135,10.0632353822,0.190507831714,0.173460715515,0.158108519591,0.00506662355885,3.05309603677,11.8882680875,41.6696495036,84.100611991
ASYMMETRIC_RESERVE_BAND_HOLD_ONLY,UPRO,LAG1,10,hold,0.2,0.1,rule,1986-09-26,1986-09-29,2026-09-02,10059,0.177390195921,-0.660145220022,679.448489086,39.9342915811,0.335362337344,0.563124549846,5051,1999-07-16,2009-03-09,2013-05-14,True,1527,5051,2000,-0.384213857618,1995,1.08992382728,-0.490269526452,-0.122345509799,-0.0890654812051,0.0482735684427,240,0.0579520774913,0.135322343579,0.132435162012,120,0.136308539918,0.164508207809,0,0,0.126590022214,0.0998580056379,0,0,0.162839248434,0.873409977786,2.26313747309,2.26313747309,0.126590022214,2.56397256188,0,0,0,0.218013719058,0,0.781986280942,7,0,0,230,237,237,0.351872792303,194.695692191,195.047564983,11.4276051779,0.195130482215,0.177272700228,0.177272700228,0.0057671470415,3.0854599563,12.6586726145,46.2342789617,96.4453739687
MATCHED_FIXED_FOR_HWM_RESERVE,UPRO,LAG1,25,none,0,0,quarterly,1986-09-26,1986-09-29,2026-09-02,10059,0.178783311477,-0.794807082636,712.303921968,39.9342915811,0.38249080595,0.541640816194,5218,1999-07-16,2009-03-09,2013-10-28,True,1694,5218,2000,-0.451464385297,1995,1.22788602039,-0.551346261838,-0.182929794371,-0.12844123897,0.0393012091746,240,0.0500332071595,0.130325110278,0.129871378069,120,0.134051882478,0.164443876979,0,0,0,0,1,,,1,2.56397256188,2.56397256188,0,2.56397256188,0.218013719058,0,0.781986280942,0.218013719058,0,0.781986280942,0,0,0,230,230,230,0,230,230,31.9851263414,0.575719950167,0.43770010486,0.43770010486,0.0171172335697,2.65497646623,11.5935318099,43.5574556772,96.2854755483
MATCHED_FIXED_FOR_ASYMMETRIC_RESERVE_BAND,UPRO,LAG1,25,none,0.05,0,quarterly,1986-09-26,1986-09-29,2026-09-02,10059,0.174735595939,-0.769021866225,620.882600137,39.9342915811,0.363064337002,0.540846176352,5178,1999-07-16,2009-03-09,2013-09-18,True,1654,5178,2000,-0.430743633149,1995,1.15327459231,-0.530808602731,-0.171799301207,-0.119054163224,0.0415731389949,240,0.0514866346784,0.128482762182,0.128000233855,120,0.131988053293,0.160642707889,0,0,0.0492577211057,0.0485823084458,0,,,0.950742278894,2.43989773771,2.43989773771,0.0492577211057,2.56397256188,0,0,0,0.218013719058,0,0.781986280942,103,0,57,230,386,386,1.0826016231,217.156504069,218.22673338,27.8504921711,0.546208637268,0.420858611702,0.420858611702,0.0161780496581,2.72944995498,11.219624704,41.2409830447,87.288404683
MATCHED_FIXED_FOR_HWM_DRAWDOWN,UPRO,LAG1,25,none,0.05,0,quarterly,1986-09-26,1986-09-29,2026-09-02,10059,0.174735595939,-0.769021866225,620.882600137,39.9342915811,0.363064337002,0.540846176352,5178,1999-07-16,2009-03-09,2013-09-18,True,1654,5178,2000,-0.430743633149,1995,1.15327459231,-0.530808602731,-0.171799301207,-0.119054163224,0.0415731389949,240,0.0514866346784,0.128482762182,0.128000233855,120,0.131988053293,0.160642707889,0,0,0.0492577211057,0.0485823084458,0,,,0.950742278894,2.43989773771,2.43989773771,0.0492577211057,2.56397256188,0,0,0,0.218013719058,0,0.781986280942,103,0,57,230,386,386,1.0826016231,217.156504069,218.22673338,27.8504921711,0.546208637268,0.420858611702,0.420858611702,0.0161780496581,2.72944995498,11.219624704,41.2409830447,87.288404683
MATCHED_FIXED_FOR_BAND_DRAWDOWN,UPRO,LAG1,25,none,0.1,0,quarterly,1986-09-26,1986-09-29,2026-09-02,10059,0.170289674411,-0.740706169147,533.638898831,39.9342915811,0.343748592489,0.540015628268,5117,1999-07-16,2009-03-09,2013-07-19,True,1593,5117,2000,-0.409546984493,1995,1.08054467145,-0.50954704942,-0.160702889528,-0.109797775525,0.0434398251301,240,0.0525812650291,0.126473901281,0.125781348955,120,0.129573715166,0.156485587822,0,0,0.0985077522884,0.0973098330267,0,,,0.901492247712,2.31557197779,2.31557197779,0.0985077522884,2.56397256188,0,0,0,0.218013719058,0,0.781986280942,103,0,57,230,386,386,2.04912103999,204.491997551,206.517724352,23.9331884295,0.516863581067,0.403611859281,0.403611859281,0.0152453309479,2.78684435585,10.8267939486,38.682076001,78.3811158539
FIXED_90_10,UPRO,LAG1,25,none,0.1,0,monthly,1986-09-26,1986-09-29,2026-09-02,10059,0.169780493737,-0.742607174221,524.445031942,39.9342915811,0.343532875954,0.538851148344,5130,1999-07-16,2009-03-09,2013-08-01,True,1606,5130,2000,-0.406975079244,1995,1.07378201947,-0.50982387727,-0.160926569271,-0.110189745332,0.0418561266721,240,0.0513316462559,0.126149481014,0.125566233331,120,0.129326459586,0.155816163982,0,0,0.0994488393973,0.0991174614724,0,,,0.900551160603,2.31073556783,2.31073556783,0.0994488393973,2.56397256188,0,0,0,0.218013719058,0,0.781986280942,284,0,196,230,692,692,3.50657679622,205.648860461,208.985329002,23.9558634551,0.52303897043,0.407283439874,0.407283439874,0.0154219619342,2.72141483058,10.7645603502,38.428852211,77.0458812816
FIXED_85_15,UPRO,LAG1,25,none,0.15,0,monthly,1986-09-26,1986-09-29,2026-09-02,10059,0.164738815298,-0.71267399544,441.357159016,39.9342915811,0.324156946413,0.537462510794,5054,1999-07-16,2009-03-09,2013-05-17,True,1530,5054,2000,-0.384041966495,1995,1.00033058368,-0.48794432009,-0.149950427642,-0.101229044386,0.0427057623633,240,0.0515722806226,0.123785681508,0.122912972419,120,0.126461364152,0.150916560876,0,0,0.149180637816,0.148749123782,0,,,0.850819362184,2.18394261131,2.18394261131,0.149180637816,2.56397256188,0,0,0,0.218013719058,0,0.781986280942,284,0,196,230,692,692,4.96451343467,193.605652344,198.3314955,20.3471602992,0.496339089335,0.391244816319,0.391244816319,0.0145667524261,2.73389979366,10.31976687,35.609003206,67.826520784
FIXED_90_10,UPRO,LAG1,25,none,0.1,0,annual,1986-09-26,1986-09-29,2026-09-02,10059,0.170990748515,-0.736394363279,546.555182756,39.9342915811,0.345801948238,0.540670138231,5116,1999-07-16,2009-03-09,2013-07-18,True,1592,5116,2000,-0.400917230833,1995,1.11079042375,-0.504800926157,-0.159940130983,-0.108428976916,0.0451141309157,240,0.0542702391889,0.128075786663,0.126240220812,120,0.130135678239,0.157804015944,0,0,0.0959958397714,0.0949614051337,0,,,0.904004160229,2.32850920449,2.32850920449,0.0959958397714,2.56397256188,0,0,0,0.218013719058,0,0.781986280942,27,0,13,230,268,268,1.12135176794,203.551663443,204.607235299,24.105715262,0.512082176691,0.400753458276,0.400753458276,0.0151124410557,2.87765643048,11.1388099521,39.2636169925,81.1240267936
FIXED_85_15,UPRO,LAG1,25,none,0.15,0,annual,1986-09-26,1986-09-29,2026-09-02,10059,0.166513932099,-0.703107706282,469.031458507,39.9342915811,0.327567518389,0.540047032106,5051,1999-07-16,2009-03-09,2013-05-14,True,1527,5051,2000,-0.375562970142,1995,1.05225579646,-0.480669382646,-0.148599308613,-0.0987958908792,0.0473183860245,240,0.0557488603337,0.126417759607,0.123910122214,120,0.127654396423,0.153738527085,0,0,0.143936652542,0.142841953664,0,,,0.856063347458,2.20992906912,2.20992906912,0.143936652542,2.56397256188,0,0,0,0.218013719058,0,0.781986280942,27,0,13,230,268,268,1.59440289956,190.698982765,192.202178142,20.5315514767,0.481000831104,0.381835596056,0.381835596056,0.0141353932152,2.95945966755,10.8158553038,36.7580063474,72.9977060764
HWM_GRID,UPRO,LAG1,25,staged,0.1,0.05,rule,1986-09-26,1986-09-29,2026-09-02,10059,0.178685931991,-0.794085229567,709.957821743,39.9342915811,0.379647702246,0.542542192367,5215,1999-07-16,2009-03-09,2013-10-25,True,1691,5215,2000,-0.451251433709,1995,1.21599609149,-0.551346261838,-0.182929794371,-0.128159176821,0.0394422178557,240,0.0501109928422,0.129908124735,0.129810111688,120,0.133936294938,0.164006819102,0,0,0.00606422026334,0.000225900833742,0.485038274182,0,0,0.993935779737,2.54794637352,2.54794637352,0.00606422026334,2.56397256188,0.132518142957,0,0.352520131226,0.218013719058,0,0.781986280942,594,84,0,230,859,859,0.641757534254,229.046782079,229.49898636,31.7261928145,0.574461509169,0.436992038182,0.433179122852,0.0168760497818,2.65891280955,11.5082439339,43.4244592626,95.2063162536
HWM_GRID,UPRO,LAG1,25,staged,0.1,0.1,rule,1986-09-26,1986-09-29,2026-09-02,10059,0.178570396699,-0.793365639332,707.184076155,39.9342915811,0.376878467703,0.543409958995,5215,1999-07-16,2009-03-09,2013-10-25,True,1691,5215,2000,-0.451040413865,1995,1.2040946299,-0.551346261838,-0.182929794371,-0.127879010525,0.0395888719804,240,0.0501916928351,0.129483249204,0.129743463859,120,0.133815795592,0.163557087366,0,0,0.0120925275952,0.00049303112387,0.483348245352,0,0.00188885575107,0.987907472405,2.53197955602,2.53197955602,0.0120925275952,2.56397256188,0.132518142957,0,0.350830102396,0.218013719058,0,0.781986280942,600,84,0,230,865,865,1.28106086205,228.108751436,229.013685471,31.4626385112,0.573242568792,0.436305346611,0.428552401751,0.0166310629621,2.66300249096,11.4223434012,43.2862292168,94.1099449736
HWM_GRID,UPRO,LAG1,25,staged,0.1,0.15,rule,1986-09-26,1986-09-29,2026-09-02,10059,0.178350130914,-0.792648693974,701.925226515,39.9342915811,0.374245653068,0.54401781139,5212,1999-07-16,2009-03-09,2013-10-22,True,1688,5212,2000,-0.450831413831,1995,1.19218900536,-0.551346261838,-0.182929794371,-0.127600870973,0.0397389996547,240,0.0502735455367,0.128733673629,0.129561827694,120,0.133580382251,0.162819089352,0,0,0.0179792231843,0.000819428268053,0.482751764589,0.00119296152699,0.0166020479173,0.982020776816,2.51631657192,2.51631657192,0.0179792231843,2.56397256188,0.132518142957,0,0.350333035093,0.218013719058,0,0.781986280942,604,84,0,230,869,869,1.8967861316,227.2277791,228.573163623,31.1049599685,0.572136018845,0.435681245087,0.42387461614,0.016384026535,2.66715669293,11.2701156281,43.0174025173,92.3530258241
HWM_GRID,UPRO,LAG1,25,staged,0.15,0.05,rule,1986-09-26,1986-09-29,2026-09-02,10059,0.178685931991,-0.794085229567,709.957821743,39.9342915811,0.379647702246,0.542542192367,5215,1999-07-16,2009-03-09,2013-10-25,True,1691,5215,2000,-0.451251433709,1995,1.21599609149,-0.551346261838,-0.182929794371,-0.128159176821,0.0394422178557,240,0.0501109928422,0.129908124735,0.129810111688,120,0.133936294938,0.164006819102,0,0,0.00606422026334,0.000225900833742,0.485038274182,0,0,0.993935779737,2.54794637352,2.54794637352,0.00606422026334,2.56397256188,0.132518142957,0,0.352520131226,0.218013719058,0,0.781986280942,594,84,0,230,859,859,0.641757534254,229.046782079,229.49898636,31.7261928145,0.574461509169,0.436992038182,0.433179122852,0.0168760497818,2.65891280955,11.5082439339,43.4244592626,95.2063162536
HWM_GRID,UPRO,LAG1,25,staged,0.15,0.1,rule,1986-09-26,1986-09-29,2026-09-02,10059,0.178570396699,-0.793365639332,707.184076155,39.9342915811,0.376878467703,0.543409958995,5215,1999-07-16,2009-03-09,2013-10-25,True,1691,5215,2000,-0.451040413865,1995,1.2040946299,-0.551346261838,-0.182929794371,-0.127879010525,0.0395888719804,240,0.0501916928351,0.129483249204,0.129743463859,120,0.133815795592,0.163557087366,0,0,0.0120925275952,0.00049303112387,0.483348245352,0,0,0.987907472405,2.53197955602,2.53197955602,0.0120925275952,2.56397256188,0.132518142957,0,0.350830102396,0.218013719058,0,0.781986280942,600,84,0,230,865,865,1.28106086205,228.108751436,229.013685471,31.4626385112,0.573242568792,0.436305346611,0.428552401751,0.0166310629621,2.66300249096,11.4223434012,43.2862292168,94.1099449736
HWM_GRID,UPRO,LAG1,25,staged,0.15,0.15,rule,1986-09-26,1986-09-29,2026-09-02,10059,0.178431961368,-0.792647798324,703.874463678,39.9342915811,0.374179350568,0.544231791848,5212,1999-07-16,2009-03-09,2013-10-22,True,1688,5212,2000,-0.450831153681,1995,1.19218900536,-0.551346261838,-0.182929794371,-0.127600527404,0.0397389903257,240,0.0502735361132,0.128890190625,0.129666242124,120,0.133685168149,0.162926582922,0,0,0.0180867054179,0.000819428268053,0.482751764589,0,0.00178944229049,0.981913294582,2.51606847408,2.51606847408,0.0180867054179,2.56397256188,0.132518142957,0,0.350333035093,0.218013719058,0,0.781986280942,604,84,0,230,869,869,1.91783259657,227.185629548,228.543689526,31.1898177973,0.57206209721,0.43563952818,0.423837908393,0.0163832580634,2.66715621431,11.3014146197,43.1368612813,92.6094889676
HWM_GRID,UPRO,LAG1,25,staged,0.2,0.05,rule,1986-09-26,1986-09-29,2026-09-02,10059,0.178685931991,-0.794085229567,709.957821743,39.9342915811,0.379647702246,0.542542192367,5215,1999-07-16,2009-03-09,2013-10-25,True,1691,5215,2000,-0.451251433709,1995,1.21599609149,-0.551346261838,-0.182929794371,-0.128159176821,0.0394422178557,240,0.0501109928422,0.129908124735,0.129810111688,120,0.133936294938,0.164006819102,0,0,0.00606422026334,0.000225900833742,0.485038274182,0,0,0.993935779737,2.54794637352,2.54794637352,0.00606422026334,2.56397256188,0.132518142957,0,0.352520131226,0.218013719058,0,0.781986280942,594,84,0,230,859,859,0.641757534254,229.046782079,229.49898636,31.7261928145,0.574461509169,0.436992038182,0.433179122852,0.0168760497818,2.65891280955,11.5082439339,43.4244592626,95.2063162536
HWM_GRID,UPRO,LAG1,25,staged,0.2,0.1,rule,1986-09-26,1986-09-29,2026-09-02,10059,0.178570396699,-0.793365639332,707.184076155,39.9342915811,0.376878467703,0.543409958995,5215,1999-07-16,2009-03-09,2013-10-25,True,1691,5215,2000,-0.451040413865,1995,1.2040946299,-0.551346261838,-0.182929794371,-0.127879010525,0.0395888719804,240,0.0501916928351,0.129483249204,0.129743463859,120,0.133815795592,0.163557087366,0,0,0.0120925275952,0.00049303112387,0.483348245352,0,0,0.987907472405,2.53197955602,2.53197955602,0.0120925275952,2.56397256188,0.132518142957,0,0.350830102396,0.218013719058,0,0.781986280942,600,84,0,230,865,865,1.28106086205,228.108751436,229.013685471,31.4626385112,0.573242568792,0.436305346611,0.428552401751,0.0166310629621,2.66300249096,11.4223434012,43.2862292168,94.1099449736
HWM_GRID,UPRO,LAG1,25,staged,0.2,0.15,rule,1986-09-26,1986-09-29,2026-09-02,10059,0.178431961368,-0.792647798324,703.874463678,39.9342915811,0.374179350568,0.544231791848,5212,1999-07-16,2009-03-09,2013-10-22,True,1688,5212,2000,-0.450831153681,1995,1.19218900536,-0.551346261838,-0.182929794371,-0.127600527404,0.0397389903257,240,0.0502735361132,0.128890190625,0.129666242124,120,0.133685168149,0.162926582922,0,0,0.0180867054179,0.000819428268053,0.482751764589,0,0,0.981913294582,2.51606847408,2.51606847408,0.0180867054179,2.56397256188,0.132518142957,0,0.350333035093,0.218013719058,0,0.781986280942,604,84,0,230,869,869,1.91783259657,227.185629548,228.543689526,31.1898177973,0.57206209721,0.43563952818,0.423837908393,0.0163832580634,2.66715621431,11.3014146197,43.1368612813,92.6094889676
HWM_RESERVE_HOLD_ONLY,UPRO,LAG1,25,hold,0.15,0.1,rule,1986-09-26,1986-09-29,2026-09-02,10059,0.165472134064,-0.686314506172,452.591124667,39.9342915811,0.327370983228,0.537593595504,5178,1999-07-16,2009-03-09,2013-09-18,True,1654,5178,2022,-0.392685604016,1995,1.08108817081,-0.493493278399,-0.130008898198,-0.0968660543853,0.0403953626564,240,0.0492431321471,0.123070096814,0.120995131568,120,0.124808428299,0.151496426863,0,0,0.145534591617,0.121389348778,0.00039765384233,9.94134605826e-05,0.366438015707,0.854465408383,2.21380278115,2.21380278115,0.145534591617,2.56397256188,9.94134605826e-05,0,0.000298240381748,0.218013719058,0,0.781986280942,604,0,0,230,834,834,0.610899353704,190.574621961,191.185521315,20.3747618719,0.478460608135,0.380263324524,0.351314071142,0.0127000477933,2.61530716792,10.1891567666,34.0742872083,68.8607771041
ASYMMETRIC_RESERVE_BAND_HOLD_ONLY,UPRO,LAG1,25,hold,0.2,0.1,rule,1986-09-26,1986-09-29,2026-09-02,10059,0.168783027524,-0.693805272427,506.88001386,39.9342915811,0.335420587653,0.541196467586,5178,1999-07-16,2009-03-09,2013-09-18,True,1654,5178,2000,-0.395818583528,1995,1.08992382728,-0.491646207358,-0.132979912594,-0.0986102944591,0.0394757341746,240,0.0490730145047,0.126305926371,0.124134077939,120,0.127979062842,0.155925282328,0,0,0.126590022214,0.0998580056379,0,0,0.162839248434,0.873409977786,2.26313747309,2.26313747309,0.126590022214,2.56397256188,0,0,0,0.218013719058,0,0.781986280942,7,0,0,230,237,237,0.351872792303,194.695692191,195.047564983,22.465043167,0.488137589318,0.386231580746,0.386231580746,0.0143743154388,2.6068396305,10.792666463,37.0768432721,77.249184113
MATCHED_FIXED_FOR_HWM_RESERVE,UPRO,LAG1,50,none,0,0,quarterly,1986-09-26,1986-09-29,2026-09-02,10059,0.161869047126,-0.835051750179,399.950187372,39.9342915811,0.382677598151,0.503777459039,5438,1999-07-16,2009-03-09,2014-06-05,True,1914,5438,2000,-0.471728141556,1995,1.22788602039,-0.563536635043,-0.203580928202,-0.147474186655,0.0215888419713,240,0.0321379390921,0.111761232861,0.11336013552,120,0.117479548619,0.147123551036,0,0,0,0,1,,,1,2.56397256188,2.56397256188,0,2.56397256188,0.218013719058,0,0.781986280942,0.218013719058,0,0.781986280942,0,0,0,230,230,230,0,230,230,39.9949846611,1.15288461942,0.684275291087,0.684275291087,0.0340314979201,1.88258607001,8.32453106852,28.0061588297,61.43286941
MATCHED_FIXED_FOR_ASYMMETRIC_RESERVE_BAND,UPRO,LAG1,50,none,0.05,0,quarterly,1986-09-26,1986-09-29,2026-09-02,10059,0.158739954491,-0.812112410811,359.116092745,39.9342915811,0.363240218566,0.502996511299,5414,1999-07-16,2009-03-09,2014-05-12,True,1890,5414,2000,-0.450461954857,1995,1.15310599933,-0.542860948728,-0.191596628226,-0.137264556946,0.0247489990014,240,0.0345023657098,0.110580003308,0.112361462404,120,0.11629399409,0.144276272805,0,0,0.0492577211057,0.0485823084458,0,,,0.950742278894,2.43989773771,2.43989773771,0.0492577211057,2.56397256188,0,0,0,0.218013719058,0,0.781986280942,103,0,57,230,386,386,1.0826016231,217.156504069,218.22673338,35.7464274415,1.0937049373,0.66502686262,0.66502686262,0.0321736911062,1.97074195808,8.14825361639,27.1283293742,57.0191487762
MATCHED_FIXED_FOR_HWM_DRAWDOWN,UPRO,LAG1,50,none,0.05,0,quarterly,1986-09-26,1986-09-29,2026-09-02,10059,0.158739954491,-0.812112410811,359.116092745,39.9342915811,0.363240218566,0.502996511299,5414,1999-07-16,2009-03-09,2014-05-12,True,1890,5414,2000,-0.450461954857,1995,1.15310599933,-0.542860948728,-0.191596628226,-0.137264556946,0.0247489990014,240,0.0345023657098,0.110580003308,0.112361462404,120,0.11629399409,0.144276272805,0,0,0.0492577211057,0.0485823084458,0,,,0.950742278894,2.43989773771,2.43989773771,0.0492577211057,2.56397256188,0,0,0,0.218013719058,0,0.781986280942,103,0,57,230,386,386,1.0826016231,217.156504069,218.22673338,35.7464274415,1.0937049373,0.66502686262,0.66502686262,0.0321736911062,1.97074195808,8.14825361639,27.1283293742,57.0191487762
MATCHED_FIXED_FOR_BAND_DRAWDOWN,UPRO,LAG1,50,none,0.1,0,quarterly,1986-09-26,1986-09-29,2026-09-02,10059,0.155207356267,-0.786595117406,317.892693031,39.9342915811,0.343913748013,0.502182224452,5340,1999-07-16,2009-03-09,2014-02-27,True,1816,5340,2000,-0.428678517978,1995,1.08023366901,-0.521425861798,-0.179626478689,-0.127170968266,0.0275072687878,240,0.0365091256436,0.109574575789,0.111012182289,120,0.114754796309,0.1409747021,0,0,0.0985077522884,0.0973098330267,0,,,0.901492247712,2.31557197779,2.31557197779,0.0985077522884,2.56397256188,0,0,0,0.218013719058,0,0.781986280942,103,0,57,230,386,386,2.04912103999,204.491997551,206.517724352,31.5317321909,1.03486908934,0.644727113109,0.644727113109,0.0303276490925,2.04862562778,8.00195162562,26.0282562197,52.2744062894
FIXED_90_10,UPRO,LAG1,50,none,0.1,0,monthly,1986-09-26,1986-09-29,2026-09-02,10059,0.154525819039,-0.788558077721,310.488514927,39.9342915811,0.343697463183,0.500543961441,5345,1999-07-16,2009-03-09,2014-03-04,True,1821,5345,2000,-0.426596035666,1995,1.07341756459,-0.521788959551,-0.1800152617,-0.127716279987,0.0257889116396,240,0.0351183023992,0.109133810545,0.110631390839,120,0.11434172364,0.13989268657,0,0,0.0994488393973,0.0991174614724,0,,,0.900551160603,2.31073556783,2.31073556783,0.0994488393973,2.56397256188,0,0,0,0.218013719058,0,0.781986280942,284,0,196,230,692,692,3.50657679622,205.648860461,208.985329002,31.4306878338,1.04723268018,0.64909252006,0.64909252006,0.0306766366322,1.99434253654,7.93856228549,25.7404491262,50.8173852382
FIXED_85_15,UPRO,LAG1,50,none,0.15,0,monthly,1986-09-26,1986-09-29,2026-09-02,10059,0.150322506194,-0.761398167135,268.403586667,39.9342915811,0.324310771512,0.49893479614,5275,1999-07-16,2009-03-09,2013-12-24,True,1751,5275,2000,-0.403246893823,1995,0.999830644526,-0.499739292793,-0.16821660644,-0.117968161191,0.0274760902859,240,0.0362131049303,0.107735041377,0.108777807755,120,0.112281532534,0.135907343756,0,0,0.149180637816,0.148749123782,0,,,0.850819362184,2.18394261131,2.18394261131,0.149180637816,2.56397256188,0,0,0,0.218013719058,0,0.781986280942,284,0,196,230,692,692,4.96451343467,193.605652344,198.3314955,27.3563755933,0.993701753242,0.629796251484,0.629796251484,0.0289830615301,2.03695582045,7.74067729669,24.3503418305,45.7477457895
FIXED_90_10,UPRO,LAG1,50,none,0.1,0,annual,1986-09-26,1986-09-29,2026-09-02,10059,0.156038102672,-0.782743759178,327.150916414,39.9342915811,0.345966272857,0.503410245148,5277,1999-07-16,2009-03-09,2013-12-26,True,1753,5277,2000,-0.419966262127,1995,1.1106938972,-0.516718022983,-0.178818499356,-0.125699872769,0.0292456958211,240,0.0382627828088,0.11134951759,0.111593044369,120,0.115437839911,0.142307275366,0,0,0.0959958397714,0.0949614051337,0,,,0.904004160229,2.32850920449,2.32850920449,0.0959958397714,2.56397256188,0,0,0,0.218013719058,0,0.781986280942,27,0,13,230,268,268,1.12135176794,203.551663443,204.607235299,31.8627877685,1.02529587154,0.641309676555,0.641309676555,0.0300650868985,2.1190721052,8.26182873456,26.5110024081,54.1462983614
FIXED_85_15,UPRO,LAG1,50,none,0.15,0,annual,1986-09-26,1986-09-29,2026-09-02,10059,0.152519101942,-0.752320294248,289.650634902,39.9342915811,0.327720989546,0.503096518623,5236,1999-07-16,2009-03-09,2013-11-15,True,1712,5236,2000,-0.393918290766,1995,1.05212417766,-0.492380548963,-0.166561847701,-0.115168797782,0.0323714527632,240,0.0406816105205,0.110675640507,0.110177091986,120,0.113875615001,0.139223385081,0,0,0.143936652542,0.142841953664,0,,,0.856063347458,2.20992906912,2.20992906912,0.143936652542,2.56397256188,0,0,0,0.218013719058,0,0.781986280942,27,0,13,230,268,268,1.59440289956,190.698982765,192.202178142,27.8906502734,0.962995183506,0.618252232705,0.618252232705,0.0281302233727,2.22002368366,8.16220277338,25.4193832925,49.9280349234
HWM_GRID,UPRO,LAG1,50,staged,0.1,0.05,rule,1986-09-26,1986-09-29,2026-09-02,10059,0.161911273376,-0.834457709341,400.531064822,39.9342915811,0.379990294774,0.504658067547,5438,1999-07-16,2009-03-09,2014-06-05,True,1914,5438,2000,-0.471527474678,1995,1.21709233457,-0.563536635043,-0.203580928202,-0.147191464881,0.0218419200575,240,0.0323400248769,0.111457187754,0.113428629479,120,0.117497401079,0.146694959415,0,0,0.00559115694515,0,0.523411869967,0,0,0.994408843055,2.54930572121,2.54930572121,0.00559115694515,2.56397256188,0.13311462372,0,0.390297246247,0.218013719058,0,0.781986280942,520,81,0,230,783,783,0.589055140864,229.096735952,229.506127155,39.8229174264,1.15039280557,0.683487582884,0.680221327895,0.0336507083964,1.88997175637,8.27951556362,28.0195850483,60.7479108214
HWM_GRID,UPRO,LAG1,50,staged,0.1,0.1,rule,1986-09-26,1986-09-29,2026-09-02,10059,0.161940806071,-0.833865993805,400.937814485,39.9342915811,0.377376007393,0.505521318147,5437,1999-07-16,2009-03-09,2014-06-04,True,1913,5437,2000,-0.471328769146,1995,1.2062652728,-0.563536635043,-0.203580928202,-0.146910879334,0.0221072788434,240,0.0325511285658,0.110893480559,0.113494462836,120,0.117513012214,0.146318151708,0,0,0.0111416092463,0,0.521721841137,0,0.00188885575107,0.988858390754,2.53471423457,2.53471423457,0.0111416092463,2.56397256188,0.13311462372,0,0.389700765484,0.218013719058,0,0.781986280942,527,81,0,230,790,790,1.17673261369,228.206972413,229.027029477,39.6469027387,1.14797566785,0.682721603413,0.676017943758,0.0332606535905,1.8977164148,8.19494715422,28.031330743,60.1511134835
HWM_GRID,UPRO,LAG1,50,staged,0.1,0.15,rule,1986-09-26,1986-09-29,2026-09-02,10059,0.161870634296,-0.833276873144,399.972006112,39.9342915811,0.374897114533,0.506144523146,5437,1999-07-16,2009-03-09,2014-06-04,True,1913,5437,2000,-0.471132090812,1995,1.19541232722,-0.563536635043,-0.203580928202,-0.146632537524,0.0223822516806,240,0.0327689877786,0.110016312993,0.113448440783,120,0.11741679434,0.145908664133,0,0,0.0165462996348,0,0.521224773834,0.00109354806641,0.015707326772,0.983453700365,2.52044109365,2.52044109365,0.0165462996348,2.56397256188,0.13311462372,0,0.388110150114,0.218013719058,0,0.781986280942,531,81,0,230,794,794,1.74206532466,227.372354499,228.59165892,39.3537454964,1.14577886123,0.682023837984,0.671711434708,0.0328635231528,1.90574051625,8.06647020782,27.9590128386,59.5088549872
HWM_GRID,UPRO,LAG1,50,staged,0.15,0.05,rule,1986-09-26,1986-09-29,2026-09-02,10059,0.161911273376,-0.834457709341,400.531064822,39.9342915811,0.379990294774,0.504658067547,5438,1999-07-16,2009-03-09,2014-06-05,True,1914,5438,2000,-0.471527474678,1995,1.21709233457,-0.563536635043,-0.203580928202,-0.147191464881,0.0218419200575,240,0.0323400248769,0.111457187754,0.113428629479,120,0.117497401079,0.146694959415,0,0,0.00559115694515,0,0.523411869967,0,0,0.994408843055,2.54930572121,2.54930572121,0.00559115694515,2.56397256188,0.13311462372,0,0.390297246247,0.218013719058,0,0.781986280942,520,81,0,230,783,783,0.589055140864,229.096735952,229.506127155,39.8229174264,1.15039280557,0.683487582884,0.680221327895,0.0336507083964,1.88997175637,8.27951556362,28.0195850483,60.7479108214
HWM_GRID,UPRO,LAG1,50,staged,0.15,0.1,rule,1986-09-26,1986-09-29,2026-09-02,10059,0.161940806071,-0.833865993805,400.937814485,39.9342915811,0.377376007393,0.505521318147,5437,1999-07-16,2009-03-09,2014-06-04,True,1913,5437,2000,-0.471328769146,1995,1.2062652728,-0.563536635043,-0.203580928202,-0.146910879334,0.0221072788434,240,0.0325511285658,0.110893480559,0.113494462836,120,0.117513012214,0.146318151708,0,0,0.0111416092463,0,0.521721841137,0,0,0.988858390754,2.53471423457,2.53471423457,0.0111416092463,2.56397256188,0.13311462372,0,0.389700765484,0.218013719058,0,0.781986280942,527,81,0,230,790,790,1.17673261369,228.206972413,229.027029477,39.6469027387,1.14797566785,0.682721603413,0.676017943758,0.0332606535905,1.8977164148,8.19494715422,28.031330743,60.1511134835
HWM_GRID,UPRO,LAG1,50,staged,0.15,0.15,rule,1986-09-26,1986-09-29,2026-09-02,10059,0.161953177529,-0.83327616042,401.10832451,39.9342915811,0.374831202035,0.506355434308,5437,1999-07-16,2009-03-09,2014-06-04,True,1913,5437,2000,-0.471131853871,1995,1.19541232722,-0.563536635043,-0.203580928202,-0.146632204143,0.0223822503147,240,0.0327689863988,0.110173768847,0.113553734834,120,0.11752246366,0.146017027808,0,0,0.0166529991486,0,0.521224773834,0,0.00178944229049,0.983347000851,2.52019497391,2.52019497391,0.0166529991486,2.56397256188,0.13311462372,0,0.388110150114,0.218013719058,0,0.781986280942,532,81,0,230,795,795,1.76304726283,227.330415198,228.562372305,39.4627538549,1.14563148506,0.681976972422,0.671669561639,0.0328620419028,1.90574046533,8.08938722404,28.0384442496,59.677919336
HWM_GRID,UPRO,LAG1,50,staged,0.2,0.05,rule,1986-09-26,1986-09-29,2026-09-02,10059,0.161911273376,-0.834457709341,400.531064822,39.9342915811,0.379990294774,0.504658067547,5438,1999-07-16,2009-03-09,2014-06-05,True,1914,5438,2000,-0.471527474678,1995,1.21709233457,-0.563536635043,-0.203580928202,-0.147191464881,0.0218419200575,240,0.0323400248769,0.111457187754,0.113428629479,120,0.117497401079,0.146694959415,0,0,0.00559115694515,0,0.523411869967,0,0,0.994408843055,2.54930572121,2.54930572121,0.00559115694515,2.56397256188,0.13311462372,0,0.390297246247,0.218013719058,0,0.781986280942,520,81,0,230,783,783,0.589055140864,229.096735952,229.506127155,39.8229174264,1.15039280557,0.683487582884,0.680221327895,0.0336507083964,1.88997175637,8.27951556362,28.0195850483,60.7479108214
HWM_GRID,UPRO,LAG1,50,staged,0.2,0.1,rule,1986-09-26,1986-09-29,2026-09-02,10059,0.161940806071,-0.833865993805,400.937814485,39.9342915811,0.377376007393,0.505521318147,5437,1999-07-16,2009-03-09,2014-06-04,True,1913,5437,2000,-0.471328769146,1995,1.2062652728,-0.563536635043,-0.203580928202,-0.146910879334,0.0221072788434,240,0.0325511285658,0.110893480559,0.113494462836,120,0.117513012214,0.146318151708,0,0,0.0111416092463,0,0.521721841137,0,0,0.988858390754,2.53471423457,2.53471423457,0.0111416092463,2.56397256188,0.13311462372,0,0.389700765484,0.218013719058,0,0.781986280942,527,81,0,230,790,790,1.17673261369,228.206972413,229.027029477,39.6469027387,1.14797566785,0.682721603413,0.676017943758,0.0332606535905,1.8977164148,8.19494715422,28.031330743,60.1511134835
HWM_GRID,UPRO,LAG1,50,staged,0.2,0.15,rule,1986-09-26,1986-09-29,2026-09-02,10059,0.161953177529,-0.83327616042,401.10832451,39.9342915811,0.374831202035,0.506355434308,5437,1999-07-16,2009-03-09,2014-06-04,True,1913,5437,2000,-0.471131853871,1995,1.19541232722,-0.563536635043,-0.203580928202,-0.146632204143,0.0223822503147,240,0.0327689863988,0.110173768847,0.113553734834,120,0.11752246366,0.146017027808,0,0,0.0166529991486,0,0.521224773834,0,0,0.983347000851,2.52019497391,2.52019497391,0.0166529991486,2.56397256188,0.13311462372,0,0.388110150114,0.218013719058,0,0.781986280942,532,81,0,230,795,795,1.76304726283,227.330415198,228.562372305,39.4627538549,1.14563148506,0.681976972422,0.671669561639,0.0328620419028,1.90574046533,8.08938722404,28.0384442496,59.677919336
HWM_RESERVE_HOLD_ONLY,UPRO,LAG1,50,hold,0.15,0.1,rule,1986-09-26,1986-09-29,2026-09-02,10059,0.152661218963,-0.737896557423,291.080388929,39.9342915811,0.329807103941,0.502548643663,5345,1999-07-16,2009-03-09,2014-03-04,True,1821,5345,2022,-0.414753628228,1995,1.09062481746,-0.496132654406,-0.14825739644,-0.113003777276,0.0265865197674,240,0.0354625706346,0.108901008385,0.108279696926,120,0.112080557274,0.138539431785,0,0,0.139117764917,0.111488825525,0.000596480763495,0,0.349239487027,0.860882235083,2.23048222613,2.23048222613,0.139117764917,2.56397256188,9.94134605826e-05,0,0.000497067302913,0.218013719058,0,0.781986280942,541,0,0,230,771,771,0.567074301003,191.981015325,192.548089626,28.7104738248,0.964760104302,0.618925393066,0.582802794457,0.0255109628946,2.00765043492,7.9043652123,24.2186870772,49.0366534238
ASYMMETRIC_RESERVE_BAND_HOLD_ONLY,UPRO,LAG1,50,hold,0.2,0.1,rule,1986-09-26,1986-09-29,2026-09-02,10059,0.154553269814,-0.742733090216,310.783461604,39.9342915811,0.33557803859,0.504575816842,5345,1999-07-16,2009-03-09,2014-03-04,True,1821,5345,2022,-0.41495082036,1995,1.08992382728,-0.493936558512,-0.150445898207,-0.114321475984,0.0249526638077,240,0.0344158554112,0.111315246558,0.110411068478,120,0.114209115239,0.141579560133,0,0,0.126590022214,0.0998580056379,0,0,0.162839248434,0.873409977786,2.26313747309,2.26313747309,0.126590022214,2.56397256188,0,0,0,0.218013719058,0,0.781986280942,7,0,0,230,237,237,0.351872792303,194.695692191,195.047564983,30.3195047669,0.977315501111,0.623680025364,0.623680025364,0.028604073149,1.9674485079,8.25687915941,25.6487087316,53.1208421106
MATCHED_FIXED_FOR_HWM_RESERVE,UPRO,LAG2,0,none,0,0,quarterly,1986-09-26,1986-09-29,2026-09-02,10059,0.16817959531,-0.782365596882,496.533659669,39.9342915811,0.393735079259,0.523570030547,2858,1987-08-25,1987-10-19,1995-06-22,True,2803,2858,1987,-0.476786758558,1995,1.22788602039,-0.76517848706,-0.155287472582,-0.0985906597899,0.0671900014081,240,0.0759549699477,0.142567374668,0.116570594779,120,0.120701886521,0.177812723234,0,0,0,0,1,,,1,2.56397256188,2.56397256188,0,2.56397256188,0.218013719058,0,0.781986280942,0.218013719058,0,0.781986280942,0,0,0,230,230,0,0,230,230,0,-0,0,0,0,4.32396250105,14.3759444443,30.5330956507,135.64568507
MATCHED_FIXED_FOR_ASYMMETRIC_RESERVE_BAND,UPRO,LAG2,0,none,0.05,0,quarterly,1986-09-26,1986-09-29,2026-09-02,10059,0.166273359898,-0.74694479863,465.184115257,39.9342915811,0.372833831327,0.524017281435,2840,1987-08-25,1987-10-19,1995-05-15,True,2765,2820,2022,-0.447360546464,1995,1.15356439241,-0.731060895417,-0.145006872898,-0.0905587904635,0.0680395958447,240,0.0760426954003,0.140428614057,0.117368686465,120,0.121319250878,0.173521745986,0,0,0.0500164903595,0.0488466135961,0,,,0.94998350964,2.43865272265,2.43865272265,0.0500164903595,2.56397256188,0,0,0,0.218013719058,0,0.781986280942,101,0,59,230,386,0,1.17706438455,216.98063399,218.145597121,0,-0,0,0,8.881784197e-16,4.33101884689,13.8472630913,31.0417660871,121.547938109
MATCHED_FIXED_FOR_HWM_DRAWDOWN,UPRO,LAG2,0,none,0.05,0,quarterly,1986-09-26,1986-09-29,2026-09-02,10059,0.166273359898,-0.74694479863,465.184115257,39.9342915811,0.372833831327,0.524017281435,2840,1987-08-25,1987-10-19,1995-05-15,True,2765,2820,2022,-0.447360546464,1995,1.15356439241,-0.731060895417,-0.145006872898,-0.0905587904635,0.0680395958447,240,0.0760426954003,0.140428614057,0.117368686465,120,0.121319250878,0.173521745986,0,0,0.0500164903595,0.0488466135961,0,,,0.94998350964,2.43865272265,2.43865272265,0.0500164903595,2.56397256188,0,0,0,0.218013719058,0,0.781986280942,101,0,59,230,386,0,1.17706438455,216.98063399,218.145597121,0,-0,0,0,8.881784197e-16,4.33101884689,13.8472630913,31.0417660871,121.547938109
MATCHED_FIXED_FOR_BAND_DRAWDOWN,UPRO,LAG2,0,none,0.05,0,quarterly,1986-09-26,1986-09-29,2026-09-02,10059,0.166273359898,-0.74694479863,465.184115257,39.9342915811,0.372833831327,0.524017281435,2840,1987-08-25,1987-10-19,1995-05-15,True,2765,2820,2022,-0.447360546464,1995,1.15356439241,-0.731060895417,-0.145006872898,-0.0905587904635,0.0680395958447,240,0.0760426954003,0.140428614057,0.117368686465,120,0.121319250878,0.173521745986,0,0,0.0500164903595,0.0488466135961,0,,,0.94998350964,2.43865272265,2.43865272265,0.0500164903595,2.56397256188,0,0,0,0.218013719058,0,0.781986280942,101,0,59,230,386,0,1.17706438455,216.98063399,218.145597121,0,-0,0,0,8.881784197e-16,4.33101884689,13.8472630913,31.0417660871,121.547938109
FIXED_90_10,UPRO,LAG2,0,none,0.1,0,monthly,1986-09-26,1986-09-29,2026-09-02,10059,0.163249223621,-0.717731138161,419.368300797,39.9342915811,0.352237676483,0.523700923753,2835,1987-08-25,1987-12-04,1993-12-28,True,2216,2317,2022,-0.426908987169,1995,1.07330496771,-0.695991314279,-0.135031255452,-0.0827745027991,0.0675164318936,240,0.0755031564706,0.138050277136,0.117363099149,120,0.121096609134,0.168034740625,0,0,0.099955813081,0.0994661759587,0,,,0.900044186919,2.30940362735,2.30940362735,0.099955813081,2.56397256188,0,0,0,0.218013719058,0,0.781986280942,287,0,193,230,692,0,3.68536191444,205.510435406,209.037059878,0,-0,0,0,6.66133814775e-16,4.28779275907,13.2809459451,30.8573856141,105.602394173
FIXED_85_15,UPRO,LAG2,0,none,0.15,0,monthly,1986-09-26,1986-09-29,2026-09-02,10059,0.159728441474,-0.684351449143,371.555393898,39.9342915811,0.331814886524,0.523861637058,2770,1987-08-25,1987-12-04,1993-03-10,True,1923,2024,2022,-0.405986130301,1995,0.999676238103,-0.660282644483,-0.125006001822,-0.0750794427694,0.0671988141003,240,0.0748058614685,0.135692943491,0.116617371035,120,0.120146882306,0.162602595151,0,0,0.14987326261,0.149243524928,0,,,0.85012673739,2.18208188944,2.18208188944,0.14987326261,2.56397256188,0,0,0,0.218013719058,0,0.781986280942,287,0,193,230,692,0,5.19414535866,193.441240677,198.412758724,0,-0,0,0,4.4408920985e-16,4.23253466741,12.7415809528,30.0826913078,91.8203741602
FIXED_90_10,UPRO,LAG2,0,none,0.1,0,annual,1986-09-26,1986-09-29,2026-09-02,10059,0.162636811334,-0.741735002305,410.641229314,39.9342915811,0.355836564936,0.522319931972,2817,1987-08-25,1987-10-19,1995-05-12,True,2762,2817,1987,-0.422176812599,1995,1.11138518174,-0.724848224847,-0.134535615765,-0.0812898575463,0.0695478140952,240,0.0763748733994,0.138271824837,0.115360096417,120,0.119211185733,0.169743963302,0,0,0.0968691301023,0.0952170578121,0,,,0.903130869898,2.32729233779,2.32729233779,0.0968691301023,2.56397256188,0,0,0,0.218013719058,0,0.781986280942,26,0,14,230,268,0,1.22350866891,203.270277109,204.425645751,0,-0,0,0,4.4408920985e-16,4.35783741394,13.3327675297,29.3378454353,110.41455097
FIXED_85_15,UPRO,LAG2,0,none,0.15,0,annual,1986-09-26,1986-09-29,2026-09-02,10059,0.159150359362,-0.71972376377,364.230612795,39.9342915811,0.337022800784,0.521631131674,2749,1987-08-25,1987-10-19,1994-01-31,True,2296,2351,1987,-0.39494339706,1995,1.05308142932,-0.702794628066,-0.124367559103,-0.0730292688727,0.0700907598973,240,0.0760657421666,0.136294980152,0.114120546868,120,0.117822311491,0.165095380659,0,0,0.145129698315,0.143206112583,0,,,0.854870301685,2.20825280763,2.20825280763,0.145129698315,2.56397256188,0,0,0,0.218013719058,0,0.781986280942,26,0,14,230,268,0,1.73173393286,190.319147491,191.956840957,0,-0,0,0,6.66133814775e-16,4.33287446641,12.8817242483,28.2650288069,97.9755295654
HWM_GRID,UPRO,LAG2,0,staged,0.1,0.05,rule,1986-09-26,1986-09-29,2026-09-02,10059,0.16857531298,-0.772847434539,503.295069483,39.9342915811,0.390374525023,0.524712919811,2852,1987-08-25,1987-10-19,1995-06-16,True,2797,2852,2022,-0.461239596458,1995,1.22270621434,-0.756497563665,-0.1551106987,-0.0981925937316,0.0669145309243,240,0.0756488763725,0.141903253756,0.117228521642,120,0.121314157509,0.177109230483,0,0,0.00639741399122,0,0.515955860424,0,0,0.993602586009,2.54754377288,2.54754377288,0.00639741399122,2.56397256188,0.10746595089,0,0.408489909534,0.218013719058,0,0.781986280942,539,74,0,230,797,0,0.624185739392,229.064279989,229.504383708,0,-0,0,0,-4.4408920985e-16,4.29942678593,14.2097762223,31.0375361416,133.23221882
HWM_GRID,UPRO,LAG2,0,staged,0.1,0.1,rule,1986-09-26,1986-09-29,2026-09-02,10059,0.168887045035,-0.763408090698,508.684594643,39.9342915811,0.387112844923,0.525765160714,2849,1987-08-25,1987-10-19,1995-05-31,True,2781,2836,2022,-0.455238121737,1995,1.21550742121,-0.747891306698,-0.154918982179,-0.0977885018868,0.0666596653932,240,0.0753448409961,0.141382063245,0.117789891922,120,0.121829778403,0.17638028778,0,0,0.0127454308597,0,0.514464658515,0,0.00258474997515,0.98725456914,2.53111735461,2.53111735461,0.0127454308597,2.56397256188,0.10746595089,0,0.406998707625,0.218013719058,0,0.781986280942,548,74,0,230,806,0,1.24516360149,228.150796895,229.031895277,0,-0,0,0,-4.4408920985e-16,4.27518702187,14.0805973206,31.4685886082,130.776652444
HWM_GRID,UPRO,LAG2,0,staged,0.1,0.15,rule,1986-09-26,1986-09-29,2026-09-02,10059,0.169026916307,-0.754047282663,511.121073117,39.9342915811,0.384012399639,0.526494598716,2848,1987-08-25,1987-10-19,1995-05-15,True,2765,2820,2022,-0.449350890603,1995,1.20618214672,-0.739359339168,-0.154713289345,-0.0973791437561,0.0664232052759,240,0.0750423092245,0.141128615273,0.118145824961,120,0.122139485994,0.175460858465,0,0,0.0189309444828,0,0.511979322,0.000695894224078,0.0299234516354,0.981069055517,2.51496737106,2.51496737106,0.0189309444828,2.56397256188,0.10746595089,0,0.40451337111,0.218013719058,0,0.781986280942,558,74,0,230,816,0,1.83999092273,227.303778614,228.612646768,0,-0,0,0,-8.881784197e-16,4.25119603977,14.0232608691,31.73027601,127.715972091
HWM_GRID,UPRO,LAG2,0,staged,0.15,0.05,rule,1986-09-26,1986-09-29,2026-09-02,10059,0.16857531298,-0.772847434539,503.295069483,39.9342915811,0.390374525023,0.524712919811,2852,1987-08-25,1987-10-19,1995-06-16,True,2797,2852,2022,-0.461239596458,1995,1.22270621434,-0.756497563665,-0.1551106987,-0.0981925937316,0.0669145309243,240,0.0756488763725,0.141903253756,0.117228521642,120,0.121314157509,0.177109230483,0,0,0.00639741399122,0,0.515955860424,0,0,0.993602586009,2.54754377288,2.54754377288,0.00639741399122,2.56397256188,0.10746595089,0,0.408489909534,0.218013719058,0,0.781986280942,539,74,0,230,797,0,0.624185739392,229.064279989,229.504383708,0,-0,0,0,-4.4408920985e-16,4.29942678593,14.2097762223,31.0375361416,133.23221882
HWM_GRID,UPRO,LAG2,0,staged,0.15,0.1,rule,1986-09-26,1986-09-29,2026-09-02,10059,0.168887045035,-0.763408090698,508.684594643,39.9342915811,0.387112844923,0.525765160714,2849,1987-08-25,1987-10-19,1995-05-31,True,2781,2836,2022,-0.455238121737,1995,1.21550742121,-0.747891306698,-0.154918982179,-0.0977885018868,0.0666596653932,240,0.0753448409961,0.141382063245,0.117789891922,120,0.121829778403,0.17638028778,0,0,0.0127454308597,0,0.514464658515,0,0,0.98725456914,2.53111735461,2.53111735461,0.0127454308597,2.56397256188,0.10746595089,0,0.406998707625,0.218013719058,0,0.781986280942,548,74,0,230,806,0,1.24516360149,228.150796895,229.031895277,0,-0,0,0,-4.4408920985e-16,4.27518702187,14.0805973206,31.4685886082,130.776652444
HWM_GRID,UPRO,LAG2,0,staged,0.15,0.15,rule,1986-09-26,1986-09-29,2026-09-02,10059,0.169110003452,-0.754047282663,512.573787091,39.9342915811,0.383943386054,0.526703619932,2848,1987-08-25,1987-10-19,1995-05-15,True,2765,2820,2022,-0.449350890603,1995,1.20618214672,-0.739359339168,-0.15471324697,-0.0973785531975,0.0664232163943,240,0.0750424479852,0.14129053564,0.118251608428,120,0.122245647286,0.175572069361,0,0,0.0190491262864,0,0.509195745104,0,0.00188885575107,0.980950873714,2.51469245972,2.51469245972,0.0190491262864,2.56397256188,0.10746595089,0,0.402326274978,0.218013719058,0,0.781986280942,562,74,0,230,820,0,1.86273686908,227.258594226,228.581240006,0,-0,0,0,-6.66133814775e-16,4.25120701421,14.0631166146,31.8204601518,128.078967842
HWM_GRID,UPRO,LAG2,0,staged,0.2,0.05,rule,1986-09-26,1986-09-29,2026-09-02,10059,0.16857531298,-0.772847434539,503.295069483,39.9342915811,0.390374525023,0.524712919811,2852,1987-08-25,1987-10-19,1995-06-16,True,2797,2852,2022,-0.461239596458,1995,1.22270621434,-0.756497563665,-0.1551106987,-0.0981925937316,0.0669145309243,240,0.0756488763725,0.141903253756,0.117228521642,120,0.121314157509,0.177109230483,0,0,0.00639741399122,0,0.515955860424,0,0,0.993602586009,2.54754377288,2.54754377288,0.00639741399122,2.56397256188,0.10746595089,0,0.408489909534,0.218013719058,0,0.781986280942,539,74,0,230,797,0,0.624185739392,229.064279989,229.504383708,0,-0,0,0,-4.4408920985e-16,4.29942678593,14.2097762223,31.0375361416,133.23221882
HWM_GRID,UPRO,LAG2,0,staged,0.2,0.1,rule,1986-09-26,1986-09-29,2026-09-02,10059,0.168887045035,-0.763408090698,508.684594643,39.9342915811,0.387112844923,0.525765160714,2849,1987-08-25,1987-10-19,1995-05-31,True,2781,2836,2022,-0.455238121737,1995,1.21550742121,-0.747891306698,-0.154918982179,-0.0977885018868,0.0666596653932,240,0.0753448409961,0.141382063245,0.117789891922,120,0.121829778403,0.17638028778,0,0,0.0127454308597,0,0.514464658515,0,0,0.98725456914,2.53111735461,2.53111735461,0.0127454308597,2.56397256188,0.10746595089,0,0.406998707625,0.218013719058,0,0.781986280942,548,74,0,230,806,0,1.24516360149,228.150796895,229.031895277,0,-0,0,0,-4.4408920985e-16,4.27518702187,14.0805973206,31.4685886082,130.776652444
HWM_GRID,UPRO,LAG2,0,staged,0.2,0.15,rule,1986-09-26,1986-09-29,2026-09-02,10059,0.169110003452,-0.754047282663,512.573787091,39.9342915811,0.383943386054,0.526703619932,2848,1987-08-25,1987-10-19,1995-05-15,True,2765,2820,2022,-0.449350890603,1995,1.20618214672,-0.739359339168,-0.15471324697,-0.0973785531975,0.0664232163943,240,0.0750424479852,0.14129053564,0.118251608428,120,0.122245647286,0.175572069361,0,0,0.0190491262864,0,0.509195745104,0,0,0.980950873714,2.51469245972,2.51469245972,0.0190491262864,2.56397256188,0.10746595089,0,0.402326274978,0.218013719058,0,0.781986280942,562,74,0,230,820,0,1.86273686908,227.258594226,228.581240006,0,-0,0,0,-6.66133814775e-16,4.25120701421,14.0631166146,31.8204601518,128.078967842
HWM_RESERVE_HOLD_ONLY,UPRO,LAG2,0,hold,0.15,0.1,rule,1986-09-26,1986-09-29,2026-09-02,10059,0.153600255137,-0.741789517699,300.701904389,39.9342915811,0.336027132859,0.509353068409,2855,1987-08-25,1987-10-19,1995-06-19,True,2800,2855,2022,-0.414625615426,1995,1.08194336139,-0.722236750014,-0.109514753541,-0.0726555772633,0.0619914232964,240,0.0691853849064,0.132484276951,0.106765484659,120,0.110508308588,0.160590859312,0,0,0.152298144244,0.141396923054,0.000497067302913,0,0.440501043841,0.847701855756,2.19714150732,2.19714150732,0.152298144244,2.56397256188,9.94134605826e-05,0,0.00039765384233,0.218013719058,0,0.781986280942,543,0,0,230,773,0,0.56993418899,189.952706126,190.522640315,0,-0,0,0,6.66133814775e-16,3.81118711773,12.0404855737,23.2122202028,87.22556696
ASYMMETRIC_RESERVE_BAND_HOLD_ONLY,UPRO,LAG2,0,hold,0.2,0.1,rule,1986-09-26,1986-09-29,2026-09-02,10059,0.157646439375,-0.739359569929,345.827988524,39.9342915811,0.354352688779,0.510739817393,2852,1987-08-25,1987-10-19,1995-06-16,True,2797,2852,1987,-0.419102878195,1995,1.08324284703,-0.7196679819,-0.131926438666,-0.0854193754498,0.0638388060074,240,0.0718559436817,0.133246165517,0.110413595481,120,0.114199984753,0.165891151615,0,0,0.103361964872,0.0944384000109,0,0,0.00347947112039,0.896638035128,2.3122889176,2.3122889176,0.103361964872,2.56397256188,0,0,0,0.218013719058,0,0.781986280942,6,0,0,230,236,0,0.302780380163,203.616613516,203.919393896,0,-0,0,0,8.881784197e-16,4.00616111355,12.209926135,25.6424037742,99.9432338855
MATCHED_FIXED_FOR_HWM_RESERVE,UPRO,LAG2,10,none,0,0,quarterly,1986-09-26,1986-09-29,2026-09-02,10059,0.16146750132,-0.782448214197,394.467280767,39.9342915811,0.393745051986,0.508922941133,5009,1987-08-25,1987-12-04,1995-07-07,True,2772,2873,1987,-0.477832661828,1995,1.22788602039,-0.76564565917,-0.163865182831,-0.106491118876,0.059901097849,240,0.0686062016876,0.135088231431,0.110036263718,120,0.114143378549,0.170511976632,0,0,0,0,1,,,1,2.56397256188,2.56397256188,0,2.56397256188,0.218013719058,0,0.781986280942,0.218013719058,0,0.781986280942,0,0,0,230,230,230,0,230,230,7.44522546838,0.230115076724,0.20555782456,0.20555782456,0.00671209398968,3.77010812627,12.606511446,25.6033484025,112.558545653
MATCHED_FIXED_FOR_ASYMMETRIC_RESERVE_BAND,UPRO,LAG2,10,none,0.05,0,quarterly,1986-09-26,1986-09-29,2026-09-02,10059,0.159916853204,-0.746946790571,373.973611429,39.9342915811,0.372844262453,0.509345298682,2875,1987-08-25,1987-10-19,1995-06-05,True,2786,2841,2022,-0.455138976604,1995,1.15349157873,-0.7315681368,-0.153211591493,-0.098101575245,0.0611255388476,240,0.0690782720547,0.133575982504,0.111166878729,120,0.115095516055,0.166569268828,0,0,0.0500164903595,0.0488466135961,0,,,0.94998350964,2.43865272265,2.43865272265,0.0500164903595,2.56397256188,0,0,0,0.218013719058,0,0.781986280942,101,0,59,230,386,386,1.17706438455,216.98063399,218.145597121,7.02969322342,0.218248036762,0.19607398627,0.19607398627,0.00635650669397,3.80355815387,12.2748988687,26.2679905039,101.722303243
MATCHED_FIXED_FOR_HWM_DRAWDOWN,UPRO,LAG2,10,none,0.05,0,quarterly,1986-09-26,1986-09-29,2026-09-02,10059,0.159916853204,-0.746946790571,373.973611429,39.9342915811,0.372844262453,0.509345298682,2875,1987-08-25,1987-10-19,1995-06-05,True,2786,2841,2022,-0.455138976604,1995,1.15349157873,-0.7315681368,-0.153211591493,-0.098101575245,0.0611255388476,240,0.0690782720547,0.133575982504,0.111166878729,120,0.115095516055,0.166569268828,0,0,0.0500164903595,0.0488466135961,0,,,0.94998350964,2.43865272265,2.43865272265,0.0500164903595,2.56397256188,0,0,0,0.218013719058,0,0.781986280942,101,0,59,230,386,386,1.17706438455,216.98063399,218.145597121,7.02969322342,0.218248036762,0.19607398627,0.19607398627,0.00635650669397,3.80355815387,12.2748988687,26.2679905039,101.722303243
MATCHED_FIXED_FOR_BAND_DRAWDOWN,UPRO,LAG2,10,none,0.05,0,quarterly,1986-09-26,1986-09-29,2026-09-02,10059,0.159916853204,-0.746946790571,373.973611429,39.9342915811,0.372844262453,0.509345298682,2875,1987-08-25,1987-10-19,1995-06-05,True,2786,2841,2022,-0.455138976604,1995,1.15349157873,-0.7315681368,-0.153211591493,-0.098101575245,0.0611255388476,240,0.0690782720547,0.133575982504,0.111166878729,120,0.115095516055,0.166569268828,0,0,0.0500164903595,0.0488466135961,0,,,0.94998350964,2.43865272265,2.43865272265,0.0500164903595,2.56397256188,0,0,0,0.218013719058,0,0.781986280942,101,0,59,230,386,386,1.17706438455,216.98063399,218.145597121,7.02969322342,0.218248036762,0.19607398627,0.19607398627,0.00635650669397,3.80355815387,12.2748988687,26.2679905039,101.722303243
FIXED_90_10,UPRO,LAG2,10,none,0.1,0,monthly,1986-09-26,1986-09-29,2026-09-02,10059,0.157173410992,-0.717981535564,340.229550256,39.9342915811,0.352248342741,0.508818875992,2861,1987-08-25,1987-12-04,1994-01-27,True,2246,2347,2022,-0.434562260337,1995,1.07316992675,-0.696539666913,-0.142941841037,-0.0900277552094,0.0609109585026,240,0.0688492437574,0.131658615227,0.111424319701,120,0.115137986098,0.161490906852,0,0,0.099955813081,0.0994661759587,0,,,0.900044186919,2.30940362735,2.30940362735,0.099955813081,2.56397256188,0,0,0,0.218013719058,0,0.781986280942,287,0,193,230,692,692,3.68536191444,205.510435406,209.037059878,6.48503449204,0.209128995731,0.188709424127,0.188709424127,0.006075812629,3.78729457702,11.8661802593,26.2980221006,89.2411436511
FIXED_85_15,UPRO,LAG2,10,none,0.15,0,monthly,1986-09-26,1986-09-29,2026-09-02,10059,0.15397828837,-0.684616275876,304.662221499,39.9342915811,0.331825453539,0.508865865076,2848,1987-08-25,1987-12-04,1993-08-30,True,2096,2197,2022,-0.41346496541,1995,0.99949102631,-0.660865968332,-0.132566684553,-0.0819962914331,0.0609410863658,240,0.0685049254179,0.129505170104,0.110986124839,120,0.114497836327,0.156473766149,0,0,0.14987326261,0.149243524928,0,,,0.85012673739,2.18208188944,2.18208188944,0.14987326261,2.56397256188,0,0,0,0.218013719058,0,0.781986280942,287,0,193,230,692,692,5.19414535866,193.441240677,198.412758724,5.83987203037,0.198494269372,0.180035530362,0.180035530362,0.00575015310354,3.76296837906,11.4225937563,25.8488566708,78.3718445573
FIXED_90_10,UPRO,LAG2,10,none,0.1,0,annual,1986-09-26,1986-09-29,2026-09-02,10059,0.156697817294,-0.741735002305,334.689865323,39.9342915811,0.355845986231,0.507913710885,2849,1987-08-25,1987-10-19,1995-05-31,True,2781,2836,2022,-0.42466147939,1995,1.11131978656,-0.725336323087,-0.142364500562,-0.0884478782717,0.0630381314436,240,0.0698296812766,0.132046380385,0.109555406092,120,0.113386453109,0.163546707887,0,0,0.0968691301023,0.0952170578121,0,,,0.903130869898,2.32729233779,2.32729233779,0.0968691301023,2.56397256188,0,0,0,0.218013719058,0,0.781986280942,26,0,14,230,268,268,1.22350866891,203.270277109,204.425645751,6.13125001829,0.204515584026,0.184957959818,0.184957959818,0.00593899404008,3.85738382652,11.9498073317,25.0866019751,94.1442975176
FIXED_85_15,UPRO,LAG2,10,none,0.15,0,annual,1986-09-26,1986-09-29,2026-09-02,10059,0.153589626028,-0.71972376377,300.591281301,39.9342915811,0.337031833794,0.507347967232,2840,1987-08-25,1987-10-19,1995-05-08,True,2758,2813,2022,-0.399372644483,1995,1.05299286826,-0.703290983055,-0.131810609201,-0.0798099709918,0.0639682329539,240,0.0699175704579,0.13021285296,0.108674671329,120,0.112358341546,0.159294964443,0,0,0.145129698315,0.143206112583,0,,,0.854870301685,2.20825280763,2.20825280763,0.145129698315,2.56397256188,0,0,0,0.218013719058,0,0.781986280942,26,0,14,230,268,268,1.73173393286,190.319147491,191.956840957,5.43654174715,0.192035746085,0.174722632471,0.174722632471,0.00556073333418,3.86372664972,11.5686882443,24.4008403364,84.349535072
HWM_GRID,UPRO,LAG2,10,staged,0.1,0.05,rule,1986-09-26,1986-09-29,2026-09-02,10059,0.161905045201,-0.772848381223,400.445336423,39.9342915811,0.39046576682,0.510013439935,2919,1987-08-25,1987-10-19,1995-06-22,True,2803,2858,2022,-0.469184711805,1995,1.22376387635,-0.756966852697,-0.163857606109,-0.1061786249,0.0596367234028,240,0.0683279887713,0.134425280477,0.11072982564,120,0.11479271212,0.169795102654,0,0,0.00619057536502,0,0.523312456507,0,0,0.993809424635,2.54812802697,2.54812802697,0.00619057536502,2.56397256188,0.143155383239,0,0.423103688239,0.218013719058,0,0.781986280942,516,74,0,230,774,774,0.602708289119,229.097215357,229.522381063,7.52926267936,0.22963656605,0.205177584532,0.20435275308,0.00667026777862,3.75052556053,12.4599979914,26.0548292666,110.507672378
HWM_GRID,UPRO,LAG2,10,staged,0.1,0.1,rule,1986-09-26,1986-09-29,2026-09-02,10059,0.162262665993,-0.763411680854,405.396939991,39.9342915811,0.387284558868,0.511022573476,2919,1987-08-25,1987-10-19,1995-06-19,True,2800,2855,2022,-0.463195434429,1995,1.21778658181,-0.748364360601,-0.163830026324,-0.105857609411,0.0593963687224,240,0.0680547376138,0.13413226579,0.111331322731,120,0.115349885416,0.169117228543,0,0,0.0123315002429,0,0.522914802664,0,0.00258474997515,0.987668499757,2.53228742494,2.53228742494,0.0123315002429,2.56397256188,0.10746595089,0,0.417536534447,0.218013719058,0,0.781986280942,518,74,0,230,776,776,1.20273856781,228.215764305,229.067340194,7.59546928695,0.229180676843,0.204815150963,0.203048521106,0.00662437904187,3.73138632476,12.3958065622,26.4483578439,108.601310976
HWM_GRID,UPRO,LAG2,10,staged,0.1,0.15,rule,1986-09-26,1986-09-29,2026-09-02,10059,0.162457729317,-0.754055157567,408.122886926,39.9342915811,0.384264835672,0.511731441779,2918,1987-08-25,1987-10-19,1995-06-05,True,2786,2841,2022,-0.457321122766,1995,1.20993643524,-0.739837738204,-0.163782519839,-0.105528342242,0.059178320906,240,0.0677860547777,0.133909173178,0.111736039369,120,0.115709814118,0.168302281008,0,0,0.0183061730598,0,0.521324187295,0.000695894224078,0.0299234516354,0.98169382694,2.51673554619,2.51673554619,0.0183061730598,2.56397256188,0.10746595089,0,0.413858236405,0.218013719058,0,0.781986280942,527,74,0,230,785,785,1.77701103972,227.399775994,228.664733943,7.62209512188,0.228777302546,0.204494329132,0.201514262684,0.00656918698932,3.7126575635,12.3492359711,26.7056216891,106.353305751
HWM_GRID,UPRO,LAG2,10,staged,0.15,0.05,rule,1986-09-26,1986-09-29,2026-09-02,10059,0.161905045201,-0.772848381223,400.445336423,39.9342915811,0.39046576682,0.510013439935,2919,1987-08-25,1987-10-19,1995-06-22,True,2803,2858,2022,-0.469184711805,1995,1.22376387635,-0.756966852697,-0.163857606109,-0.1061786249,0.0596367234028,240,0.0683279887713,0.134425280477,0.11072982564,120,0.11479271212,0.169795102654,0,0,0.00619057536502,0,0.523312456507,0,0,0.993809424635,2.54812802697,2.54812802697,0.00619057536502,2.56397256188,0.143155383239,0,0.423103688239,0.218013719058,0,0.781986280942,516,74,0,230,774,774,0.602708289119,229.097215357,229.522381063,7.52926267936,0.22963656605,0.205177584532,0.20435275308,0.00667026777862,3.75052556053,12.4599979914,26.0548292666,110.507672378
HWM_GRID,UPRO,LAG2,10,staged,0.15,0.1,rule,1986-09-26,1986-09-29,2026-09-02,10059,0.162262665993,-0.763411680854,405.396939991,39.9342915811,0.387284558868,0.511022573476,2919,1987-08-25,1987-10-19,1995-06-19,True,2800,2855,2022,-0.463195434429,1995,1.21778658181,-0.748364360601,-0.163830026324,-0.105857609411,0.0593963687224,240,0.0680547376138,0.13413226579,0.111331322731,120,0.115349885416,0.169117228543,0,0,0.0123315002429,0,0.522914802664,0,0,0.987668499757,2.53228742494,2.53228742494,0.0123315002429,2.56397256188,0.10746595089,0,0.417536534447,0.218013719058,0,0.781986280942,518,74,0,230,776,776,1.20273856781,228.215764305,229.067340194,7.59546928695,0.229180676843,0.204815150963,0.203048521106,0.00662437904187,3.73138632476,12.3958065622,26.4483578439,108.601310976
HWM_GRID,UPRO,LAG2,10,staged,0.15,0.15,rule,1986-09-26,1986-09-29,2026-09-02,10059,0.162541161876,-0.754055157567,409.294278929,39.9342915811,0.384196001789,0.511939382705,2918,1987-08-25,1987-10-19,1995-06-05,True,2786,2841,2022,-0.457321122766,1995,1.20993643524,-0.739837738204,-0.163782463194,-0.105527749066,0.0591783364007,240,0.0677862114235,0.134071668781,0.111842250529,120,0.115816404917,0.168413896298,0,0,0.0184240318971,0,0.521324187295,0,0.00188885575107,0.981575968103,2.51646145978,2.51646145978,0.0184240318971,2.56397256188,0.10746595089,0,0.413858236405,0.218013719058,0,0.781986280942,530,74,0,230,788,788,1.7997331179,227.35467336,228.633401294,7.64364160172,0.228745929569,0.20446937136,0.201491981766,0.00656884157571,3.71266845656,12.384680936,26.7822720136,106.658560408
HWM_GRID,UPRO,LAG2,10,staged,0.2,0.05,rule,1986-09-26,1986-09-29,2026-09-02,10059,0.161905045201,-0.772848381223,400.445336423,39.9342915811,0.39046576682,0.510013439935,2919,1987-08-25,1987-10-19,1995-06-22,True,2803,2858,2022,-0.469184711805,1995,1.22376387635,-0.756966852697,-0.163857606109,-0.1061786249,0.0596367234028,240,0.0683279887713,0.134425280477,0.11072982564,120,0.11479271212,0.169795102654,0,0,0.00619057536502,0,0.523312456507,0,0,0.993809424635,2.54812802697,2.54812802697,0.00619057536502,2.56397256188,0.143155383239,0,0.423103688239,0.218013719058,0,0.781986280942,516,74,0,230,774,774,0.602708289119,229.097215357,229.522381063,7.52926267936,0.22963656605,0.205177584532,0.20435275308,0.00667026777862,3.75052556053,12.4599979914,26.0548292666,110.507672378
HWM_GRID,UPRO,LAG2,10,staged,0.2,0.1,rule,1986-09-26,1986-09-29,2026-09-02,10059,0.162262665993,-0.763411680854,405.396939991,39.9342915811,0.387284558868,0.511022573476,2919,1987-08-25,1987-10-19,1995-06-19,True,2800,2855,2022,-0.463195434429,1995,1.21778658181,-0.748364360601,-0.163830026324,-0.105857609411,0.0593963687224,240,0.0680547376138,0.13413226579,0.111331322731,120,0.115349885416,0.169117228543,0,0,0.0123315002429,0,0.522914802664,0,0,0.987668499757,2.53228742494,2.53228742494,0.0123315002429,2.56397256188,0.10746595089,0,0.417536534447,0.218013719058,0,0.781986280942,518,74,0,230,776,776,1.20273856781,228.215764305,229.067340194,7.59546928695,0.229180676843,0.204815150963,0.203048521106,0.00662437904187,3.73138632476,12.3958065622,26.4483578439,108.601310976
HWM_GRID,UPRO,LAG2,10,staged,0.2,0.15,rule,1986-09-26,1986-09-29,2026-09-02,10059,0.162541161876,-0.754055157567,409.294278929,39.9342915811,0.384196001789,0.511939382705,2918,1987-08-25,1987-10-19,1995-06-05,True,2786,2841,2022,-0.457321122766,1995,1.20993643524,-0.739837738204,-0.163782463194,-0.105527749066,0.0591783364007,240,0.0677862114235,0.134071668781,0.111842250529,120,0.115816404917,0.168413896298,0,0,0.0184240318971,0,0.521324187295,0,0,0.981575968103,2.51646145978,2.51646145978,0.0184240318971,2.56397256188,0.10746595089,0,0.413858236405,0.218013719058,0,0.781986280942,530,74,0,230,788,788,1.7997331179,227.35467336,228.633401294,7.64364160172,0.228745929569,0.20446937136,0.201491981766,0.00656884157571,3.71266845656,12.384680936,26.7822720136,106.658560408
HWM_RESERVE_HOLD_ONLY,UPRO,LAG2,10,hold,0.15,0.1,rule,1986-09-26,1986-09-29,2026-09-02,10059,0.148604460415,-0.741970689311,252.851905041,39.9342915811,0.337399085332,0.495806345274,2863,1987-08-25,1987-10-19,1995-06-22,True,2803,2858,2022,-0.423063154838,1995,1.08423996631,-0.722876953343,-0.119093628629,-0.0802607475641,0.0564455180389,240,0.0636735296473,0.12637571183,0.101823374019,120,0.10556012922,0.155432369522,0,0,0.14874501512,0.137256049377,0.000695894224078,0,0.416940053683,0.85125498488,2.2058825004,2.2058825004,0.14874501512,2.56397256188,9.94134605826e-05,0,0.000596480763495,0.218013719058,0,0.781986280942,528,0,0,230,758,758,0.552733617353,190.808504679,191.361238296,4.78736720922,0.191440659418,0.174231374756,0.159127689747,0.00499579472166,3.43690107803,10.8112967719,20.301620264,76.3094432548
ASYMMETRIC_RESERVE_BAND_HOLD_ONLY,UPRO,LAG2,10,hold,0.2,0.1,rule,1986-09-26,1986-09-29,2026-09-02,10059,0.151747527198,-0.739359569929,282.006974588,39.9342915811,0.354362746527,0.49630966073,2877,1987-08-25,1987-10-19,1995-06-22,True,2803,2858,2022,-0.424661377599,1995,1.08324284703,-0.720115113989,-0.139904711118,-0.0926104309681,0.0573102326927,240,0.0652732590997,0.1267832054,0.104636820378,120,0.108403511477,0.159755139479,0,0,0.103361964872,0.0944384000109,0,0,0.00347947112039,0.896638035128,2.3122889176,2.3122889176,0.103361964872,2.56397256188,0,0,0,0.218013719058,0,0.781986280942,6,0,0,230,236,236,0.302780380163,203.616613516,203.919393896,5.28333957975,0.204009705234,0.184545543028,0.184545543028,0.00589891217655,3.54177123643,10.8846604702,21.9279472323,85.3090528545
MATCHED_FIXED_FOR_HWM_RESERVE,UPRO,LAG2,25,none,0,0,quarterly,1986-09-26,1986-09-29,2026-09-02,10059,0.151459138858,-0.78277486853,279.200824766,39.9342915811,0.393786844892,0.48692052291,5054,1987-08-25,1987-12-04,1995-09-05,True,2832,2933,2022,-0.486985609353,1995,1.22788602039,-0.766345549301,-0.17658449353,-0.118226746135,0.0490474743367,240,0.0576634359715,0.124176596133,0.100294265795,120,0.104365335404,0.159794471049,0,0,0,0,1,,,1,2.56397256188,2.56397256188,0,2.56397256188,0.218013719058,0,0.781986280942,0.218013719058,0,0.781986280942,0,0,0,230,230,230,0,230,230,14.0038305117,0.575719950167,0.43770010486,0.43770010486,0.0167204564519,3.06866737506,10.3929575835,19.6535951374,85.4120597075
MATCHED_FIXED_FOR_ASYMMETRIC_RESERVE_BAND,UPRO,LAG2,25,none,0.05,0,quarterly,1986-09-26,1986-09-29,2026-09-02,10059,0.150435908779,-0.74701061839,269.46228285,39.9342915811,0.372885124247,0.487305916032,5045,1987-08-25,1987-12-04,1995-06-22,True,2757,2858,2022,-0.466615160344,1995,1.15338236165,-0.7323280022,-0.16538550367,-0.109311728849,0.0508262310146,240,0.0587039244772,0.123435539783,0.101917830953,120,0.105813767381,0.156394392102,0,0,0.0500164903595,0.0488466135961,0,,,0.94998350964,2.43865272265,2.43865272265,0.0500164903595,2.56397256188,0,0,0,0.218013719058,0,0.781986280942,101,0,59,230,386,386,1.17706438455,216.98063399,218.145597121,13.4345227099,0.546004845774,0.420740575586,0.420740575586,0.0158374511193,3.12961171728,10.2574271189,20.4418207375,78.2106194612
MATCHED_FIXED_FOR_HWM_DRAWDOWN,UPRO,LAG2,25,none,0.05,0,quarterly,1986-09-26,1986-09-29,2026-09-02,10059,0.150435908779,-0.74701061839,269.46228285,39.9342915811,0.372885124247,0.487305916032,5045,1987-08-25,1987-12-04,1995-06-22,True,2757,2858,2022,-0.466615160344,1995,1.15338236165,-0.7323280022,-0.16538550367,-0.109311728849,0.0508262310146,240,0.0587039244772,0.123435539783,0.101917830953,120,0.105813767381,0.156394392102,0,0,0.0500164903595,0.0488466135961,0,,,0.94998350964,2.43865272265,2.43865272265,0.0500164903595,2.56397256188,0,0,0,0.218013719058,0,0.781986280942,101,0,59,230,386,386,1.17706438455,216.98063399,218.145597121,13.4345227099,0.546004845774,0.420740575586,0.420740575586,0.0158374511193,3.12961171728,10.2574271189,20.4418207375,78.2106194612
MATCHED_FIXED_FOR_BAND_DRAWDOWN,UPRO,LAG2,25,none,0.05,0,quarterly,1986-09-26,1986-09-29,2026-09-02,10059,0.150435908779,-0.74701061839,269.46228285,39.9342915811,0.372885124247,0.487305916032,5045,1987-08-25,1987-12-04,1995-06-22,True,2757,2858,2022,-0.466615160344,1995,1.15338236165,-0.7323280022,-0.16538550367,-0.109311728849,0.0508262310146,240,0.0587039244772,0.123435539783,0.101917830953,120,0.105813767381,0.156394392102,0,0,0.0500164903595,0.0488466135961,0,,,0.94998350964,2.43865272265,2.43865272265,0.0500164903595,2.56397256188,0,0,0,0.218013719058,0,0.781986280942,101,0,59,230,386,386,1.17706438455,216.98063399,218.145597121,13.4345227099,0.546004845774,0.420740575586,0.420740575586,0.0158374511193,3.12961171728,10.2574271189,20.4418207375,78.2106194612
FIXED_90_10,UPRO,LAG2,25,none,0.1,0,monthly,1986-09-26,1986-09-29,2026-09-02,10059,0.148109216342,-0.718356981832,248.534525157,39.9342915811,0.352288279849,0.486464444096,5040,1987-08-25,1987-12-04,1995-05-15,True,2719,2820,2022,-0.445863307983,1995,1.07296738007,-0.697361084974,-0.154685208149,-0.100812112966,0.0510684846884,240,0.0589345877605,0.121725101098,0.102565570008,120,0.106249636152,0.151930651161,0,0,0.099955813081,0.0994661759587,0,,,0.900044186919,2.30940362735,2.30940362735,0.099955813081,2.56397256188,0,0,0,0.218013719058,0,0.781986280942,287,0,193,230,692,692,3.68536191444,205.510435406,209.037059878,12.5546903512,0.523167763222,0.407359772579,0.407359772579,0.0151400072795,3.143277155,9.94839542964,20.6849396259,69.6425634468
FIXED_85_15,UPRO,LAG2,25,none,0.15,0,monthly,1986-09-26,1986-09-29,2026-09-02,10059,0.145397691966,-0.685013331184,226.140433638,39.9342915811,0.331863823539,0.48634100061,5017,1987-08-25,1987-12-04,1993-10-15,True,2142,2243,2022,-0.424518337834,1995,0.999213237425,-0.661739780703,-0.143796987537,-0.0922853282003,0.0516136289603,240,0.0591130566898,0.120277373039,0.102583847679,120,0.106069000444,0.147561348837,0,0,0.14987326261,0.149243524928,0,,,0.85012673739,2.18208188944,2.18208188944,0.14987326261,2.56397256188,0,0,0,0.218013719058,0,0.781986280942,287,0,193,230,692,692,5.19414535866,193.441240677,198.412758724,11.4728007485,0.496541767717,0.391368185333,0.391368185333,0.0143307495078,3.15388926271,9.69465188103,20.5838473822,62.1384168796
FIXED_90_10,UPRO,LAG2,25,none,0.1,0,annual,1986-09-26,1986-09-29,2026-09-02,10059,0.147836452333,-0.741747005395,246.187437136,39.9342915811,0.355883316268,0.486274115902,5040,1987-08-25,1987-12-04,1995-06-19,True,2754,2855,2022,-0.435712194369,1995,1.11122169379,-0.72606759531,-0.153988040621,-0.099092160964,0.0533371537649,240,0.0600757234177,0.122332236071,0.100895467314,120,0.104696613497,0.154302211154,0,0,0.0968691301023,0.0952170578121,0,,,0.903130869898,2.32729233779,2.32729233779,0.0968691301023,2.56397256188,0,0,0,0.218013719058,0,0.781986280942,26,0,14,230,268,268,1.22350866891,203.270277109,204.425645751,11.9300192845,0.511626726521,0.400480469174,0.400480469174,0.0148003590011,3.21172075795,10.0560935272,19.8312402642,74.1040588347
FIXED_85_15,UPRO,LAG2,25,none,0.15,0,annual,1986-09-26,1986-09-29,2026-09-02,10059,0.145290006107,-0.71972376377,225.292948797,39.9342915811,0.337066868899,0.485893687239,2919,1987-08-25,1987-10-19,1995-05-31,True,2781,2836,2022,-0.410048782983,1995,1.05286002668,-0.704034654344,-0.14286814537,-0.0898985082216,0.0548406641152,240,0.0607516868005,0.120857711468,0.100547396092,120,0.104204062714,0.150819535493,0,0,0.145129698315,0.143206112583,0,,,0.854870301685,2.20825280763,2.20825280763,0.145129698315,2.56397256188,0,0,0,0.218013719058,0,0.781986280942,26,0,14,230,268,268,1.73173393286,190.319147491,191.956840957,10.7559170357,0.480385668664,0.381455207545,0.381455207545,0.0138603532554,3.25292927538,9.79515898965,19.5676716741,67.6553087799
HWM_GRID,UPRO,LAG2,25,staged,0.1,0.05,rule,1986-09-26,1986-09-29,2026-09-02,10059,0.152047024888,-0.773166037504,284.950326347,39.9342915811,0.390638950007,0.488137637009,5054,1987-08-25,1987-12-04,1995-07-12,True,2777,2878,2022,-0.480899396032,1995,1.22517084247,-0.757669940896,-0.17658449353,-0.117917988257,0.0489670963293,240,0.0575976136431,0.123857994161,0.101156783445,120,0.105186188736,0.159246531692,0,0,0.00578833889249,0,0.583258773238,0,0,0.994211661108,2.54930084413,2.54930084413,0.00578833889249,2.56397256188,0.145143652451,0,0.438115120787,0.218013719058,0,0.781986280942,490,62,0,230,745,745,0.574002968935,229.125357002,229.52737551,14.2295215732,0.574532980264,0.437032275539,0.433830483101,0.0165282880915,3.06485014076,10.3347240499,20.0966157959,84.2097068915
HWM_GRID,UPRO,LAG2,25,staged,0.1,0.1,rule,1986-09-26,1986-09-29,2026-09-02,10059,0.152551761407,-0.76364105306,289.978594993,39.9342915811,0.387584012608,0.489270522065,5052,1987-08-25,1987-12-04,1995-07-06,True,2771,2872,2022,-0.474932111239,1995,1.22088135655,-0.749073109952,-0.17658449353,-0.117611084567,0.0488963147979,240,0.0575198157531,0.123792733347,0.101919939419,120,0.1059075242,0.158654499003,0,0,0.0115417824405,0,0.581568744408,0,0.00258474997515,0.988458217559,2.5345881886,2.5345881886,0.0115417824405,2.56397256188,0.145143652451,0,0.436425091957,0.218013719058,0,0.781986280942,496,62,0,230,751,751,1.14613254506,228.272341489,229.078495469,14.4209808322,0.573405638827,0.436397260824,0.429944216816,0.0163352836287,3.0603442244,10.3211937301,20.4938821029,82.9291414477
HWM_GRID,UPRO,LAG2,25,staged,0.1,0.15,rule,1986-09-26,1986-09-29,2026-09-02,10059,0.152889147296,-0.75512772919,293.387817799,39.9342915811,0.384684999999,0.490099426077,5052,1999-07-16,2009-03-09,2013-05-15,True,1528,5052,2022,-0.469081097674,1995,1.21485859266,-0.740554509665,-0.17658449353,-0.117306261892,0.0488335985115,240,0.0574301263224,0.123384025458,0.102477988441,120,0.106423225063,0.158046087052,0,0,0.0171466764867,0,0.580475196342,0.000695894224078,0.0299234516354,0.982853323513,2.52011085801,2.52011085801,0.0171466764867,2.56397256188,0.145143652451,0,0.435331543891,0.218013719058,0,0.781986280942,496,62,0,230,751,751,1.69332776537,227.485009056,228.6831463,14.535483782,0.57241262313,0.435837316486,0.425991544411,0.0161377690104,3.05515738082,10.246250664,20.78254027,81.632396513
HWM_GRID,UPRO,LAG2,25,staged,0.15,0.05,rule,1986-09-26,1986-09-29,2026-09-02,10059,0.152047024888,-0.773166037504,284.950326347,39.9342915811,0.390638950007,0.488137637009,5054,1987-08-25,1987-12-04,1995-07-12,True,2777,2878,2022,-0.480899396032,1995,1.22517084247,-0.757669940896,-0.17658449353,-0.117917988257,0.0489670963293,240,0.0575976136431,0.123857994161,0.101156783445,120,0.105186188736,0.159246531692,0,0,0.00578833889249,0,0.583258773238,0,0,0.994211661108,2.54930084413,2.54930084413,0.00578833889249,2.56397256188,0.145143652451,0,0.438115120787,0.218013719058,0,0.781986280942,490,62,0,230,745,745,0.574002968935,229.125357002,229.52737551,14.2295215732,0.574532980264,0.437032275539,0.433830483101,0.0165282880915,3.06485014076,10.3347240499,20.0966157959,84.2097068915
HWM_GRID,UPRO,LAG2,25,staged,0.15,0.1,rule,1986-09-26,1986-09-29,2026-09-02,10059,0.152551761407,-0.76364105306,289.978594993,39.9342915811,0.387584012608,0.489270522065,5052,1987-08-25,1987-12-04,1995-07-06,True,2771,2872,2022,-0.474932111239,1995,1.22088135655,-0.749073109952,-0.17658449353,-0.117611084567,0.0488963147979,240,0.0575198157531,0.123792733347,0.101919939419,120,0.1059075242,0.158654499003,0,0,0.0115417824405,0,0.581568744408,0,0,0.988458217559,2.5345881886,2.5345881886,0.0115417824405,2.56397256188,0.145143652451,0,0.436425091957,0.218013719058,0,0.781986280942,496,62,0,230,751,751,1.14613254506,228.272341489,229.078495469,14.4209808322,0.573405638827,0.436397260824,0.429944216816,0.0163352836287,3.0603442244,10.3211937301,20.4938821029,82.9291414477
HWM_GRID,UPRO,LAG2,25,staged,0.15,0.15,rule,1986-09-26,1986-09-29,2026-09-02,10059,0.152974575901,-0.755126039809,294.257239406,39.9342915811,0.384616598814,0.490309109117,5052,1999-07-16,2009-03-09,2013-05-15,True,1528,5052,2022,-0.469081097674,1995,1.21485859266,-0.740554509665,-0.17658449353,-0.117305702673,0.0488335769161,240,0.0574302458417,0.123550265818,0.102586730093,120,0.10653235585,0.158160309599,0,0,0.0172639041464,0,0.580475196342,0,0.00188885575107,0.982736095854,2.51983844645,2.51983844645,0.0172639041464,2.56397256188,0.145143652451,0,0.435331543891,0.218013719058,0,0.781986280942,500,62,0,230,755,755,1.71597690061,227.440032864,228.651892251,14.5777600228,0.572334236319,0.435793091839,0.425922185611,0.0161354275515,3.0551642872,10.2766185007,20.8441269773,81.8743048851
HWM_GRID,UPRO,LAG2,25,staged,0.2,0.05,rule,1986-09-26,1986-09-29,2026-09-02,10059,0.152047024888,-0.773166037504,284.950326347,39.9342915811,0.390638950007,0.488137637009,5054,1987-08-25,1987-12-04,1995-07-12,True,2777,2878,2022,-0.480899396032,1995,1.22517084247,-0.757669940896,-0.17658449353,-0.117917988257,0.0489670963293,240,0.0575976136431,0.123857994161,0.101156783445,120,0.105186188736,0.159246531692,0,0,0.00578833889249,0,0.583258773238,0,0,0.994211661108,2.54930084413,2.54930084413,0.00578833889249,2.56397256188,0.145143652451,0,0.438115120787,0.218013719058,0,0.781986280942,490,62,0,230,745,745,0.574002968935,229.125357002,229.52737551,14.2295215732,0.574532980264,0.437032275539,0.433830483101,0.0165282880915,3.06485014076,10.3347240499,20.0966157959,84.2097068915
HWM_GRID,UPRO,LAG2,25,staged,0.2,0.1,rule,1986-09-26,1986-09-29,2026-09-02,10059,0.152551761407,-0.76364105306,289.978594993,39.9342915811,0.387584012608,0.489270522065,5052,1987-08-25,1987-12-04,1995-07-06,True,2771,2872,2022,-0.474932111239,1995,1.22088135655,-0.749073109952,-0.17658449353,-0.117611084567,0.0488963147979,240,0.0575198157531,0.123792733347,0.101919939419,120,0.1059075242,0.158654499003,0,0,0.0115417824405,0,0.581568744408,0,0,0.988458217559,2.5345881886,2.5345881886,0.0115417824405,2.56397256188,0.145143652451,0,0.436425091957,0.218013719058,0,0.781986280942,496,62,0,230,751,751,1.14613254506,228.272341489,229.078495469,14.4209808322,0.573405638827,0.436397260824,0.429944216816,0.0163352836287,3.0603442244,10.3211937301,20.4938821029,82.9291414477
HWM_GRID,UPRO,LAG2,25,staged,0.2,0.15,rule,1986-09-26,1986-09-29,2026-09-02,10059,0.152974575901,-0.755126039809,294.257239406,39.9342915811,0.384616598814,0.490309109117,5052,1999-07-16,2009-03-09,2013-05-15,True,1528,5052,2022,-0.469081097674,1995,1.21485859266,-0.740554509665,-0.17658449353,-0.117305702673,0.0488335769161,240,0.0574302458417,0.123550265818,0.102586730093,120,0.10653235585,0.158160309599,0,0,0.0172639041464,0,0.580475196342,0,0,0.982736095854,2.51983844645,2.51983844645,0.0172639041464,2.56397256188,0.145143652451,0,0.435331543891,0.218013719058,0,0.781986280942,500,62,0,230,755,755,1.71597690061,227.440032864,228.651892251,14.5777600228,0.572334236319,0.435793091839,0.425922185611,0.0161354275515,3.0551642872,10.2766185007,20.8441269773,81.8743048851
HWM_RESERVE_HOLD_ONLY,UPRO,LAG2,25,hold,0.15,0.1,rule,1986-09-26,1986-09-29,2026-09-02,10059,0.14106151177,-0.742260311393,194.355387451,39.9342915811,0.339124326111,0.475601907069,5045,1987-08-25,1987-12-04,1995-07-12,True,2777,2878,2022,-0.435645309839,1995,1.08739722116,-0.723837895428,-0.131931401799,-0.0909791612409,0.0480332781171,240,0.0553253410362,0.117723381484,0.0943560506709,120,0.0980841445081,0.147541473998,0,0,0.1442541126,0.132163965909,0.000695894224078,0,0.389800178944,0.8557458874,2.21719085774,2.21719085774,0.1442541126,2.56397256188,9.94134605826e-05,0,0.000596480763495,0.218013719058,0,0.781986280942,500,0,0,230,730,730,0.526704544858,191.837641638,192.364346183,9.70404910731,0.481412974089,0.382090315685,0.353660935915,0.0125387433672,2.93580587693,9.26165764602,16.5624373486,62.1060369109
ASYMMETRIC_RESERVE_BAND_HOLD_ONLY,UPRO,LAG2,25,hold,0.2,0.1,rule,1986-09-26,1986-09-29,2026-09-02,10059,0.142945763514,-0.739359569929,207.592718497,39.9342915811,0.354401227819,0.474634634214,5051,1987-08-25,1987-10-19,1995-07-12,True,2823,2878,2022,-0.435712102879,1995,1.08324284703,-0.720785146335,-0.151748151853,-0.10330306802,0.0475815491828,240,0.0554639886313,0.117552987426,0.0960184292503,120,0.0997557325751,0.150531513849,0,0,0.103361964872,0.0944384000109,0,0,0.00347947112039,0.896638035128,2.3122889176,2.3122889176,0.103361964872,2.56397256188,0,0,0,0.218013719058,0,0.781986280942,6,0,0,230,236,236,0.302780380163,203.616613516,203.919393896,10.3044654184,0.510363432447,0.399722621113,0.399722621113,0.014700675861,2.94352957765,9.23343533822,17.3357871111,67.1360206706
MATCHED_FIXED_FOR_HWM_RESERVE,UPRO,LAG2,50,none,0,0,quarterly,1986-09-26,1986-09-29,2026-09-02,10059,0.134936946803,-0.805356589551,156.767945164,39.9342915811,0.393928026397,0.450178464728,5274,1999-07-16,2009-03-09,2013-12-23,True,1750,5274,2022,-0.50593715651,1995,1.22788602039,-0.76750971806,-0.197396002389,-0.137482756127,0.0311690056934,240,0.039638129169,0.106127614635,0.0842152448989,120,0.0882268224105,0.142745809994,0,0,0,0,1,,,1,2.56397256188,2.56397256188,0,2.56397256188,0.218013719058,0,0.781986280942,0.218013719058,0,0.781986280942,0,0,0,230,230,230,0,230,230,17.6109745986,1.15288461942,0.684275291087,0.684275291087,0.0332426485068,2.17592529624,7.51805327368,12.6366817904,54.7737696749
MATCHED_FIXED_FOR_ASYMMETRIC_RESERVE_BAND,UPRO,LAG2,50,none,0.05,0,quarterly,1986-09-26,1986-09-29,2026-09-02,10059,0.134776986242,-0.780129157867,155.888004613,39.9342915811,0.373020438422,0.450503173231,5235,1999-07-16,2009-03-09,2013-11-14,True,1711,5235,2022,-0.485241926326,1995,1.15320034233,-0.733591788014,-0.185324814397,-0.127720888371,0.0338506573332,240,0.0416046337454,0.106633900723,0.0866449768909,120,0.0904869146752,0.140124920405,0,0,0.0500164903595,0.0488466135961,0,,,0.94998350964,2.43865272265,2.43865272265,0.0500164903595,2.56397256188,0,0,0,0.218013719058,0,0.781986280942,101,0,59,230,386,386,1.17706438455,216.98063399,218.145597121,17.3349282737,1.09329544373,0.664889665187,0.664889665187,0.0314963736565,2.25973787682,7.58932013373,13.4482340283,51.1270966145
MATCHED_FIXED_FOR_HWM_DRAWDOWN,UPRO,LAG2,50,none,0.05,0,quarterly,1986-09-26,1986-09-29,2026-09-02,10059,0.134776986242,-0.780129157867,155.888004613,39.9342915811,0.373020438422,0.450503173231,5235,1999-07-16,2009-03-09,2013-11-14,True,1711,5235,2022,-0.485241926326,1995,1.15320034233,-0.733591788014,-0.185324814397,-0.127720888371,0.0338506573332,240,0.0416046337454,0.106633900723,0.0866449768909,120,0.0904869146752,0.140124920405,0,0,0.0500164903595,0.0488466135961,0,,,0.94998350964,2.43865272265,2.43865272265,0.0500164903595,2.56397256188,0,0,0,0.218013719058,0,0.781986280942,101,0,59,230,386,386,1.17706438455,216.98063399,218.145597121,17.3349282737,1.09329544373,0.664889665187,0.664889665187,0.0314963736565,2.25973787682,7.58932013373,13.4482340283,51.1270966145
MATCHED_FIXED_FOR_BAND_DRAWDOWN,UPRO,LAG2,50,none,0.05,0,quarterly,1986-09-26,1986-09-29,2026-09-02,10059,0.134776986242,-0.780129157867,155.888004613,39.9342915811,0.373020438422,0.450503173231,5235,1999-07-16,2009-03-09,2013-11-14,True,1711,5235,2022,-0.485241926326,1995,1.15320034233,-0.733591788014,-0.185324814397,-0.127720888371,0.0338506573332,240,0.0416046337454,0.106633900723,0.0866449768909,120,0.0904869146752,0.140124920405,0,0,0.0500164903595,0.0488466135961,0,,,0.94998350964,2.43865272265,2.43865272265,0.0500164903595,2.56397256188,0,0,0,0.218013719058,0,0.781986280942,101,0,59,230,386,386,1.17706438455,216.98063399,218.145597121,17.3349282737,1.09329544373,0.664889665187,0.664889665187,0.0314963736565,2.25973787682,7.58932013373,13.4482340283,51.1270966145
FIXED_90_10,UPRO,LAG2,50,none,0.1,0,monthly,1986-09-26,1986-09-29,2026-09-02,10059,0.133133524717,-0.7549194038,147.121730236,39.9342915811,0.352418647169,0.449137004275,5219,1999-07-16,2009-03-09,2013-10-29,True,1695,5219,2022,-0.464230616597,1995,1.07262984165,-0.698727154985,-0.173934804637,-0.118533927077,0.0348383638541,240,0.0425854253318,0.105276491635,0.0879319891061,120,0.0915671592192,0.136529188585,0,0,0.099955813081,0.0994661759587,0,,,0.900044186919,2.30940362735,2.30940362735,0.099955813081,2.56397256188,0,0,0,0.218013719058,0,0.781986280942,287,0,193,230,692,692,3.68536191444,205.510435406,209.037059878,16.544164832,1.0474891924,0.649182520574,0.649182520574,0.0301156989037,2.30267682224,7.40319456398,13.8537044992,46.5126994141
FIXED_85_15,UPRO,LAG2,50,none,0.15,0,monthly,1986-09-26,1986-09-29,2026-09-02,10059,0.131215059553,-0.725866896364,137.495586016,39.9342915811,0.331987798272,0.448730001878,5207,1999-07-16,2009-03-09,2013-10-17,True,1683,5207,2022,-0.442508946188,1995,0.998750332752,-0.663193008382,-0.162222337583,-0.10920599097,0.036224448498,240,0.0436175861938,0.104844122967,0.0886982888222,120,0.0921395507805,0.132954677627,0,0,0.14987326261,0.149243524928,0,,,0.85012673739,2.18208188944,2.18208188944,0.14987326261,2.56397256188,0,0,0,0.218013719058,0,0.781986280942,287,0,193,230,692,692,5.19414535866,193.441240677,198.412758724,15.4830176404,0.994106146899,0.629945929265,0.629945929265,0.0285133819206,2.34870124144,7.34849327144,14.073316289,42.3107280398
FIXED_90_10,UPRO,LAG2,50,none,0.1,0,annual,1986-09-26,1986-09-29,2026-09-02,10059,0.133192477062,-0.748178945608,147.427702968,39.9342915811,0.356007368928,0.45014002513,5212,1999-07-16,2009-03-09,2013-10-22,True,1688,5212,2022,-0.453690673557,1995,1.11105820583,-0.727284049412,-0.173045047181,-0.116587788474,0.037337092292,240,0.043988114902,0.106605784492,0.0865871047123,120,0.0903388473139,0.138915920637,0,0,0.0968691301023,0.0952170578121,0,,,0.903130869898,2.32729233779,2.32729233779,0.0968691301023,2.56397256188,0,0,0,0.218013719058,0,0.781986280942,26,0,14,230,268,268,1.22350866891,203.270277109,204.425645751,15.8461722092,1.02438200565,0.640981731877,0.640981731877,0.0294443342714,2.36543539424,7.5833830889,13.3935588308,49.5253582426
FIXED_85_15,UPRO,LAG2,50,none,0.15,0,annual,1986-09-26,1986-09-29,2026-09-02,10059,0.131567336822,-0.720022780709,139.21590673,39.9342915811,0.337182532152,0.450070016864,5178,1987-08-25,1987-12-04,1995-06-22,True,2757,2858,2022,-0.42744934229,1995,1.05263862404,-0.705271810932,-0.161015188248,-0.106494772229,0.0397769553568,240,0.0456245251072,0.106560905556,0.0871121055024,120,0.0907241321764,0.136461220163,0,0,0.145129698315,0.143206112583,0,,,0.854870301685,2.20825280763,2.20825280763,0.145129698315,2.56397256188,0,0,0,0.218013719058,0,0.781986280942,26,0,14,230,268,268,1.73173393286,190.319147491,191.956840957,14.6769596809,0.961761204805,0.617780873327,0.617780873327,0.0275830225407,2.44070460889,7.57716884839,13.5362787147,46.4291858767
HWM_GRID,UPRO,LAG2,50,staged,0.1,0.05,rule,1986-09-26,1986-09-29,2026-09-02,10059,0.1357043558,-0.804604988728,161.057243948,39.9342915811,0.390975511729,0.451494504318,5274,1999-07-16,2009-03-09,2013-12-23,True,1750,5274,2022,-0.499893927074,1995,1.22690841164,-0.758839500472,-0.197396002389,-0.137173895716,0.0312885916265,240,0.0398248456062,0.106285975736,0.0852796275858,120,0.0892535222014,0.14242916432,0,0,0.00519310876285,0,0.6040361865,0,0,0.994806891237,2.55102685794,2.55102685794,0.00519310876285,2.56397256188,0.145143652451,0,0.458892534049,0.218013719058,0,0.781986280942,439,62,0,230,694,694,0.523418826594,229.176475616,229.537997959,17.9993113381,1.15055418421,0.683538657103,0.679994393521,0.0328709571801,2.18375446183,7.53962049406,12.9993014499,54.3299224931
HWM_GRID,UPRO,LAG2,50,staged,0.1,0.1,rule,1986-09-26,1986-09-29,2026-09-02,10059,0.136400308033,-0.803855686717,165.045935672,39.9342915811,0.388112355962,0.452756577862,5274,1999-07-16,2009-03-09,2013-12-23,True,1750,5274,2022,-0.493972615498,1995,1.22496904573,-0.750252141361,-0.197396002389,-0.136867176846,0.0314224006468,240,0.0400003730565,0.106559910615,0.0862550555779,120,0.0901911012993,0.142093824151,0,0,0.0103474322644,0,0.603539119197,0,0.00258474997515,0.989652567736,2.53805343928,2.53805343928,0.0103474322644,2.56397256188,0.145143652451,0,0.458395466746,0.218013719058,0,0.781986280942,444,62,0,230,699,699,1.04669505117,228.372209397,229.098643777,18.3530549512,1.14833796104,0.682836530398,0.675543672032,0.0324867370021,2.19113886256,7.5791495926,13.3392165026,53.853288224
HWM_GRID,UPRO,LAG2,50,staged,0.1,0.15,rule,1986-09-26,1986-09-29,2026-09-02,10059,0.136937734296,-0.803109218808,168.191815667,39.9342915811,0.385401616116,0.453743111258,5274,1999-07-16,2009-03-09,2013-12-23,True,1750,5274,2022,-0.48816995767,1995,1.22169792496,-0.741746922873,-0.197396002389,-0.136562796397,0.0315693159199,240,0.0401649805835,0.10648154559,0.0870313149337,120,0.0909289579246,0.14160177274,0,0,0.01534730229,0,0.603042051894,0.000695894224078,0.0297246247142,0.98465269771,2.52533513169,2.52533513169,0.01534730229,2.56397256188,0.145143652451,0,0.457898399443,0.218013719058,0,0.781986280942,447,62,0,230,702,702,1.54674975939,227.631111136,228.711530681,18.6146490072,1.14638484163,0.682216466938,0.670935470062,0.0320891820113,2.19808541372,7.56630896717,13.612749062,53.1614207313
HWM_GRID,UPRO,LAG2,50,staged,0.15,0.05,rule,1986-09-26,1986-09-29,2026-09-02,10059,0.1357043558,-0.804604988728,161.057243948,39.9342915811,0.390975511729,0.451494504318,5274,1999-07-16,2009-03-09,2013-12-23,True,1750,5274,2022,-0.499893927074,1995,1.22690841164,-0.758839500472,-0.197396002389,-0.137173895716,0.0312885916265,240,0.0398248456062,0.106285975736,0.0852796275858,120,0.0892535222014,0.14242916432,0,0,0.00519310876285,0,0.6040361865,0,0,0.994806891237,2.55102685794,2.55102685794,0.00519310876285,2.56397256188,0.145143652451,0,0.458892534049,0.218013719058,0,0.781986280942,439,62,0,230,694,694,0.523418826594,229.176475616,229.537997959,17.9993113381,1.15055418421,0.683538657103,0.679994393521,0.0328709571801,2.18375446183,7.53962049406,12.9993014499,54.3299224931
HWM_GRID,UPRO,LAG2,50,staged,0.15,0.1,rule,1986-09-26,1986-09-29,2026-09-02,10059,0.136400308033,-0.803855686717,165.045935672,39.9342915811,0.388112355962,0.452756577862,5274,1999-07-16,2009-03-09,2013-12-23,True,1750,5274,2022,-0.493972615498,1995,1.22496904573,-0.750252141361,-0.197396002389,-0.136867176846,0.0314224006468,240,0.0400003730565,0.106559910615,0.0862550555779,120,0.0901911012993,0.142093824151,0,0,0.0103474322644,0,0.603539119197,0,0,0.989652567736,2.53805343928,2.53805343928,0.0103474322644,2.56397256188,0.145143652451,0,0.458395466746,0.218013719058,0,0.781986280942,444,62,0,230,699,699,1.04669505117,228.372209397,229.098643777,18.3530549512,1.14833796104,0.682836530398,0.675543672032,0.0324867370021,2.19113886256,7.5791495926,13.3392165026,53.853288224
HWM_GRID,UPRO,LAG2,50,staged,0.15,0.15,rule,1986-09-26,1986-09-29,2026-09-02,10059,0.137023900594,-0.803107862423,168.701607046,39.9342915811,0.385333564489,0.45395012914,5274,1999-07-16,2009-03-09,2013-12-23,True,1750,5274,2022,-0.48816995767,1995,1.22169792496,-0.741746922873,-0.197396002389,-0.136562249092,0.0315693066092,240,0.0401651119055,0.106648997568,0.0871409761795,120,0.0910390123699,0.141716933874,0,0,0.0154637564643,0,0.603042051894,0,0.00188885575107,0.984536243536,2.52506468881,2.52506468881,0.0154637564643,2.56397256188,0.145143652451,0,0.457898399443,0.218013719058,0,0.781986280942,450,62,0,230,705,705,1.56934454389,227.586334907,228.680461937,18.6695945687,1.14622849335,0.682166778145,0.670873518516,0.0320861028584,2.19809096394,7.58924322334,13.6540094654,53.3225536253
HWM_GRID,UPRO,LAG2,50,staged,0.2,0.05,rule,1986-09-26,1986-09-29,2026-09-02,10059,0.1357043558,-0.804604988728,161.057243948,39.9342915811,0.390975511729,0.451494504318,5274,1999-07-16,2009-03-09,2013-12-23,True,1750,5274,2022,-0.499893927074,1995,1.22690841164,-0.758839500472,-0.197396002389,-0.137173895716,0.0312885916265,240,0.0398248456062,0.106285975736,0.0852796275858,120,0.0892535222014,0.14242916432,0,0,0.00519310876285,0,0.6040361865,0,0,0.994806891237,2.55102685794,2.55102685794,0.00519310876285,2.56397256188,0.145143652451,0,0.458892534049,0.218013719058,0,0.781986280942,439,62,0,230,694,694,0.523418826594,229.176475616,229.537997959,17.9993113381,1.15055418421,0.683538657103,0.679994393521,0.0328709571801,2.18375446183,7.53962049406,12.9993014499,54.3299224931
HWM_GRID,UPRO,LAG2,50,staged,0.2,0.1,rule,1986-09-26,1986-09-29,2026-09-02,10059,0.136400308033,-0.803855686717,165.045935672,39.9342915811,0.388112355962,0.452756577862,5274,1999-07-16,2009-03-09,2013-12-23,True,1750,5274,2022,-0.493972615498,1995,1.22496904573,-0.750252141361,-0.197396002389,-0.136867176846,0.0314224006468,240,0.0400003730565,0.106559910615,0.0862550555779,120,0.0901911012993,0.142093824151,0,0,0.0103474322644,0,0.603539119197,0,0,0.989652567736,2.53805343928,2.53805343928,0.0103474322644,2.56397256188,0.145143652451,0,0.458395466746,0.218013719058,0,0.781986280942,444,62,0,230,699,699,1.04669505117,228.372209397,229.098643777,18.3530549512,1.14833796104,0.682836530398,0.675543672032,0.0324867370021,2.19113886256,7.5791495926,13.3392165026,53.853288224
HWM_GRID,UPRO,LAG2,50,staged,0.2,0.15,rule,1986-09-26,1986-09-29,2026-09-02,10059,0.137023900594,-0.803107862423,168.701607046,39.9342915811,0.385333564489,0.45395012914,5274,1999-07-16,2009-03-09,2013-12-23,True,1750,5274,2022,-0.48816995767,1995,1.22169792496,-0.741746922873,-0.197396002389,-0.136562249092,0.0315693066092,240,0.0401651119055,0.106648997568,0.0871409761795,120,0.0910390123699,0.141716933874,0,0,0.0154637564643,0,0.603042051894,0,0,0.984536243536,2.52506468881,2.52506468881,0.0154637564643,2.56397256188,0.145143652451,0,0.457898399443,0.218013719058,0,0.781986280942,450,62,0,230,705,705,1.56934454389,227.586334907,228.680461937,18.6695945687,1.14622849335,0.682166778145,0.670873518516,0.0320861028584,2.19809096394,7.58924322334,13.6540094654,53.3225536253
HWM_RESERVE_HOLD_ONLY,UPRO,LAG2,50,hold,0.15,0.1,rule,1986-09-26,1986-09-29,2026-09-02,10059,0.128399486417,-0.743239636013,124.470931538,39.9342915811,0.341683072448,0.441974136201,5234,1987-08-25,1987-12-04,1995-09-13,True,2840,2941,2022,-0.45652193799,1995,1.09176075136,-0.725441227877,-0.151180884921,-0.107861539691,0.0338101866645,240,0.0412524893808,0.103873047653,0.0818001895858,120,0.0855166219592,0.134406609337,0,0,0.137618102527,0.125078262679,0.000695894224078,0,0.354210160056,0.862381897473,2.23429126494,2.23429126494,0.137618102527,2.56397256188,9.94134605826e-05,0,0.000596480763495,0.218013719058,0,0.781986280942,452,0,0,230,682,682,0.482587571748,193.301834935,193.784422507,13.7003161797,0.970964262549,0.621282321294,0.586065369985,0.0252007687199,2.24450746504,7.21743070854,11.7258172898,43.983291605
ASYMMETRIC_RESERVE_BAND_HOLD_ONLY,UPRO,LAG2,50,hold,0.2,0.1,rule,1986-09-26,1986-09-29,2026-09-02,10059,0.128399745996,-0.758197161705,124.472075001,39.9342915811,0.354527722406,0.438442929825,5243,1999-07-16,2009-03-09,2013-11-22,True,1719,5243,2022,-0.453690598451,1995,1.08324284703,-0.721900091456,-0.171160705389,-0.120876141686,0.0315369735025,240,0.0392866357342,0.101745776986,0.0817784541535,120,0.0854672007161,0.134581171982,0,0,0.103361964872,0.0944384000109,0,0,0.00347947112039,0.896638035128,2.3122889176,2.3122889176,0.103361964872,2.56397256188,0,0,0,0.218013719058,0,0.781986280942,6,0,0,230,236,236,0.302780380163,203.616613516,203.919393896,13.7482300093,1.02186011488,0.640075184395,0.640075184395,0.0292466933792,2.16125919476,6.94438176995,11.709811589,44.1651012212
MATCHED_FIXED_FOR_HWM_RESERVE,SSO,LAG1,0,none,0,0,quarterly,1986-09-26,1986-09-29,2026-09-02,10059,0.157994975634,-0.625548480047,350.010390714,39.9342915811,0.275447578581,0.557701488579,2612,2007-07-13,2009-03-09,2012-09-13,True,1284,1889,2008,-0.374784077534,1995,0.748832811145,-0.486650234725,-0.121410896623,-0.073341156273,0.0514729758784,240,0.0612123498705,0.123051896324,0.123108442017,120,0.125849000571,0.146361047483,0,0,0,0,1,,,1,1.78198628094,1.78198628094,0,1.78198628094,0.218013719058,0.781986280942,0,0.218013719058,0.781986280942,0,0,0,0,230,230,0,0,230,230,0,-0,0,0,0,3.28129977644,10.1858554068,35.0328017427,60.2407806895
MATCHED_FIXED_FOR_ASYMMETRIC_RESERVE_BAND,SSO,LAG1,0,none,0.05,0,quarterly,1986-09-26,1986-09-29,2026-09-02,10059,0.15319708656,-0.604243213622,296.533577482,39.9342915811,0.261281403615,0.557308897631,2598,2007-07-13,2009-03-09,2012-09-06,True,1277,1882,2008,-0.358139185713,1995,0.70800083166,-0.466831875834,-0.113312196387,-0.0669973438096,0.0514809074709,240,0.0605267751567,0.12004557124,0.120003000683,120,0.122608375495,0.14170230169,0,0,0.0493086313538,0.0488709151226,0,,,0.950691368646,1.69491912936,1.69491912936,0.0493086313538,1.78198628094,0,0,0,0.218013719058,0.781986280942,0,106,0,54,230,386,0,0.775427885347,217.818679966,218.583581397,0,-0,0,0,4.4408920985e-16,3.23916262565,9.65419107321,32.1304716321,53.3119365959
MATCHED_FIXED_FOR_HWM_DRAWDOWN,SSO,LAG1,0,none,0.05,0,quarterly,1986-09-26,1986-09-29,2026-09-02,10059,0.15319708656,-0.604243213622,296.533577482,39.9342915811,0.261281403615,0.557308897631,2598,2007-07-13,2009-03-09,2012-09-06,True,1277,1882,2008,-0.358139185713,1995,0.70800083166,-0.466831875834,-0.113312196387,-0.0669973438096,0.0514809074709,240,0.0605267751567,0.12004557124,0.120003000683,120,0.122608375495,0.14170230169,0,0,0.0493086313538,0.0488709151226,0,,,0.950691368646,1.69491912936,1.69491912936,0.0493086313538,1.78198628094,0,0,0,0.218013719058,0.781986280942,0,106,0,54,230,386,0,0.775427885347,217.818679966,218.583581397,0,-0,0,0,4.4408920985e-16,3.23916262565,9.65419107321,32.1304716321,53.3119365959
MATCHED_FIXED_FOR_BAND_DRAWDOWN,SSO,LAG1,0,none,0.05,0,quarterly,1986-09-26,1986-09-29,2026-09-02,10059,0.15319708656,-0.604243213622,296.533577482,39.9342915811,0.261281403615,0.557308897631,2598,2007-07-13,2009-03-09,2012-09-06,True,1277,1882,2008,-0.358139185713,1995,0.70800083166,-0.466831875834,-0.113312196387,-0.0669973438096,0.0514809074709,240,0.0605267751567,0.12004557124,0.120003000683,120,0.122608375495,0.14170230169,0,0,0.0493086313538,0.0488709151226,0,,,0.950691368646,1.69491912936,1.69491912936,0.0493086313538,1.78198628094,0,0,0,0.218013719058,0.781986280942,0,106,0,54,230,386,0,0.775427885347,217.818679966,218.583581397,0,-0,0,0,4.4408920985e-16,3.23916262565,9.65419107321,32.1304716321,53.3119365959
FIXED_90_10,SSO,LAG1,0,none,0.1,0,monthly,1986-09-26,1986-09-29,2026-09-02,10059,0.147964986222,-0.583326500455,247.290744567,39.9342915811,0.247273994884,0.555903121851,2589,2007-07-13,2009-03-09,2012-09-06,True,1277,1882,2008,-0.34182490341,1995,0.665354134907,-0.446453958282,-0.105630065747,-0.0612612653788,0.0504913027166,240,0.0590633136596,0.115626846313,0.116418131254,120,0.119077166499,0.136429037097,0,0,0.099551140324,0.0993147373977,0,,,0.900448859676,1.60522580665,1.60522580665,0.099551140324,1.78198628094,0,0,0,0.218013719058,0.781986280942,0,289,0,191,230,692,0,2.47541314261,206.282605684,208.646142336,0,-0,0,0,-6.66133814775e-16,3.15092802965,8.92163855612,29.2326321774,46.397862831
FIXED_85_15,SSO,LAG1,0,none,0.15,0,monthly,1986-09-26,1986-09-29,2026-09-02,10059,0.142707837479,-0.560676298204,205.873957256,39.9342915811,0.233262995646,0.555016325478,2584,2007-07-19,2009-03-09,2011-04-28,True,780,1379,2008,-0.324881716557,1995,0.624943699662,-0.425564266856,-0.0977759883203,-0.0553386082851,0.0497763487853,240,0.0577836425561,0.112288128992,0.112656438936,120,0.115456560162,0.131441160105,0,0,0.149344830584,0.149028841592,0,,,0.850655169416,1.51675647355,1.51675647355,0.149344830584,1.78198628094,0,0,0,0.218013719058,0.781986280942,0,289,0,191,230,692,0,3.50610200154,194.491529837,197.839931503,0,-0,0,0,6.66133814775e-16,3.07565017428,8.40231579026,26.524354189,40.6543539391
FIXED_90_10,SSO,LAG1,0,none,0.1,0,annual,1986-09-26,1986-09-29,2026-09-02,10059,0.148670750696,-0.578962348855,253.435322731,39.9342915811,0.248005700342,0.557526251257,2584,2007-07-13,2009-03-09,2011-04-28,True,780,1385,2008,-0.335892340835,1995,0.679739061977,-0.441071532158,-0.104167712581,-0.05971124059,0.0522717731015,240,0.0606622397239,0.116707890643,0.117025467889,120,0.119547606349,0.137656020743,0,0,0.0961616947743,0.0956644068471,0,,,0.903838305226,1.61460432734,1.61460432734,0.0961616947743,1.78198628094,0,0,0,0.218013719058,0.781986280942,0,27,0,13,230,268,0,0.824786821699,205.235229058,206.015671481,0,-0,0,0,8.881784197e-16,3.24744765232,9.09614494036,29.6035714054,47.9164302545
FIXED_85_15,SSO,LAG1,0,none,0.15,0,annual,1986-09-26,1986-09-29,2026-09-02,10059,0.143731347063,-0.554295465355,213.36765896,39.9342915811,0.234397400034,0.557353376757,2525,2007-07-19,2009-03-09,2011-04-27,True,779,1378,2008,-0.316446472486,1995,0.645192187392,-0.417867535738,-0.095746152192,-0.0531702163826,0.0522925755996,240,0.0600503405978,0.113930587744,0.113731088897,120,0.116139981606,0.13320434843,0,0,0.144361962144,0.143843079755,0,,,0.855638037856,1.53034357287,1.53034357287,0.144361962144,1.78198628094,0,0,0,0.218013719058,0.781986280942,0,27,0,13,230,268,0,1.17338829436,193.027145066,194.138517098,0,-0,0,0,-1.11022302463e-15,3.2101830567,8.65291818361,27.0162636387,42.5913948589
HWM_GRID,SSO,LAG1,0,staged,0.1,0.05,rule,1986-09-26,1986-09-29,2026-09-02,10059,0.157542780166,-0.62541367126,344.593516559,39.9342915811,0.273768624044,0.557974877753,2612,2007-07-13,2009-03-09,2012-09-13,True,1284,1889,2008,-0.374767147211,1995,0.742807999655,-0.486617417692,-0.121350937765,-0.0732166871315,0.0512613721543,240,0.0609426497194,0.122419517766,0.122732316441,120,0.125442489822,0.145664495192,0,0,0.00542720107123,0.00128421358578,0.347748285118,0,0,0.994572798929,1.77191449523,1.77191449523,0.00542720107123,1.78198628094,0.0938463067899,0.258972064818,0,0.218013719058,0.781986280942,0,764,109,0,230,1039,0,0.556949220414,229.234834846,229.639724839,0,-0,0,0,-8.881784197e-16,3.26466156696,10.0717793887,34.6552854704,59.1517914403
HWM_GRID,SSO,LAG1,0,staged,0.1,0.1,rule,1986-09-26,1986-09-29,2026-09-02,10059,0.157086666907,-0.625277913212,339.212538878,39.9342915811,0.272124101107,0.558214333149,2612,2007-07-13,2009-03-09,2012-09-13,True,1284,1889,2008,-0.374750108286,1995,0.736800594006,-0.48658438802,-0.121290609455,-0.0730898683859,0.05105663282,240,0.0606788517482,0.121873242959,0.12235889605,120,0.1250389435,0.144965943692,0,0,0.0108161337479,0.00262713680983,0.345064121682,0,0,0.989183866252,1.76190753103,1.76190753103,0.0108161337479,1.78198628094,0.0938463067899,0.251217814892,0,0.218013719058,0.781986280942,0,770,109,0,230,1045,0,1.11076364651,228.479255424,229.287772688,0,-0,0,0,-6.66133814775e-16,3.24846503004,9.97651533331,34.284413316,58.0789622132
HWM_GRID,SSO,LAG1,0,staged,0.1,0.15,rule,1986-09-26,1986-09-29,2026-09-02,10059,0.156626521073,-0.625140842332,333.867027746,39.9342915811,0.270513070768,0.558419047685,2612,2007-07-13,2009-03-09,2012-09-13,True,1284,1889,2008,-0.374732915384,1995,0.730811725597,-0.486551057701,-0.121229761458,-0.0729606424698,0.0508581093131,240,0.0604204236007,0.121249560149,0.121825078138,120,0.124638366771,0.144265322228,0,0,0.0161668396031,0.00395699838308,0.345064121682,0,0.00387712496272,0.983833160397,1.75196551669,1.75196551669,0.0161668396031,1.78198628094,0.0938463067899,0.251217814892,0,0.218013719058,0.781986280942,0,771,109,0,230,1046,0,1.66140659989,227.733132598,228.943954139,0,-0,0,0,-6.66133814775e-16,3.23267222856,9.86692662597,33.9200662042,57.022003822
HWM_GRID,SSO,LAG1,0,staged,0.15,0.05,rule,1986-09-26,1986-09-29,2026-09-02,10059,0.157542780166,-0.62541367126,344.593516559,39.9342915811,0.273768624044,0.557974877753,2612,2007-07-13,2009-03-09,2012-09-13,True,1284,1889,2008,-0.374767147211,1995,0.742807999655,-0.486617417692,-0.121350937765,-0.0732166871315,0.0512613721543,240,0.0609426497194,0.122419517766,0.122732316441,120,0.125442489822,0.145664495192,0,0,0.00542720107123,0.00128421358578,0.347748285118,0,0,0.994572798929,1.77191449523,1.77191449523,0.00542720107123,1.78198628094,0.0938463067899,0.258972064818,0,0.218013719058,0.781986280942,0,764,109,0,230,1039,0,0.556949220414,229.234834846,229.639724839,0,-0,0,0,-8.881784197e-16,3.26466156696,10.0717793887,34.6552854704,59.1517914403
HWM_GRID,SSO,LAG1,0,staged,0.15,0.1,rule,1986-09-26,1986-09-29,2026-09-02,10059,0.157086666907,-0.625277913212,339.212538878,39.9342915811,0.272124101107,0.558214333149,2612,2007-07-13,2009-03-09,2012-09-13,True,1284,1889,2008,-0.374750108286,1995,0.736800594006,-0.48658438802,-0.121290609455,-0.0730898683859,0.05105663282,240,0.0606788517482,0.121873242959,0.12235889605,120,0.1250389435,0.144965943692,0,0,0.0108161337479,0.00262713680983,0.345064121682,0,0,0.989183866252,1.76190753103,1.76190753103,0.0108161337479,1.78198628094,0.0938463067899,0.251217814892,0,0.218013719058,0.781986280942,0,770,109,0,230,1045,0,1.11076364651,228.479255424,229.287772688,0,-0,0,0,-6.66133814775e-16,3.24846503004,9.97651533331,34.284413316,58.0789622132
HWM_GRID,SSO,LAG1,0,staged,0.15,0.15,rule,1986-09-26,1986-09-29,2026-09-02,10059,0.156626521073,-0.625140842332,333.867027746,39.9342915811,0.270513070768,0.558419047685,2612,2007-07-13,2009-03-09,2012-09-13,True,1284,1889,2008,-0.374732915384,1995,0.730811725597,-0.486551057701,-0.121229761458,-0.0729606424698,0.0508581093131,240,0.0604204236007,0.121249560149,0.121825078138,120,0.124638366771,0.144265322228,0,0,0.0161668396031,0.00395699838308,0.345064121682,0,0,0.983833160397,1.75196551669,1.75196551669,0.0161668396031,1.78198628094,0.0938463067899,0.251217814892,0,0.218013719058,0.781986280942,0,771,109,0,230,1046,0,1.66140659989,227.733132598,228.943954139,0,-0,0,0,-6.66133814775e-16,3.23267222856,9.86692662597,33.9200662042,57.022003822
HWM_GRID,SSO,LAG1,0,staged,0.2,0.05,rule,1986-09-26,1986-09-29,2026-09-02,10059,0.157542780166,-0.62541367126,344.593516559,39.9342915811,0.273768624044,0.557974877753,2612,2007-07-13,2009-03-09,2012-09-13,True,1284,1889,2008,-0.374767147211,1995,0.742807999655,-0.486617417692,-0.121350937765,-0.0732166871315,0.0512613721543,240,0.0609426497194,0.122419517766,0.122732316441,120,0.125442489822,0.145664495192,0,0,0.00542720107123,0.00128421358578,0.347748285118,0,0,0.994572798929,1.77191449523,1.77191449523,0.00542720107123,1.78198628094,0.0938463067899,0.258972064818,0,0.218013719058,0.781986280942,0,764,109,0,230,1039,0,0.556949220414,229.234834846,229.639724839,0,-0,0,0,-8.881784197e-16,3.26466156696,10.0717793887,34.6552854704,59.1517914403
HWM_GRID,SSO,LAG1,0,staged,0.2,0.1,rule,1986-09-26,1986-09-29,2026-09-02,10059,0.157086666907,-0.625277913212,339.212538878,39.9342915811,0.272124101107,0.558214333149,2612,2007-07-13,2009-03-09,2012-09-13,True,1284,1889,2008,-0.374750108286,1995,0.736800594006,-0.48658438802,-0.121290609455,-0.0730898683859,0.05105663282,240,0.0606788517482,0.121873242959,0.12235889605,120,0.1250389435,0.144965943692,0,0,0.0108161337479,0.00262713680983,0.345064121682,0,0,0.989183866252,1.76190753103,1.76190753103,0.0108161337479,1.78198628094,0.0938463067899,0.251217814892,0,0.218013719058,0.781986280942,0,770,109,0,230,1045,0,1.11076364651,228.479255424,229.287772688,0,-0,0,0,-6.66133814775e-16,3.24846503004,9.97651533331,34.284413316,58.0789622132
HWM_GRID,SSO,LAG1,0,staged,0.2,0.15,rule,1986-09-26,1986-09-29,2026-09-02,10059,0.156626521073,-0.625140842332,333.867027746,39.9342915811,0.270513070768,0.558419047685,2612,2007-07-13,2009-03-09,2012-09-13,True,1284,1889,2008,-0.374732915384,1995,0.730811725597,-0.486551057701,-0.121229761458,-0.0729606424698,0.0508581093131,240,0.0604204236007,0.121249560149,0.121825078138,120,0.124638366771,0.144265322228,0,0,0.0161668396031,0.00395699838308,0.345064121682,0,0,0.983833160397,1.75196551669,1.75196551669,0.0161668396031,1.78198628094,0.0938463067899,0.251217814892,0,0.218013719058,0.781986280942,0,771,109,0,230,1046,0,1.66140659989,227.733132598,228.943954139,0,-0,0,0,-6.66133814775e-16,3.23267222856,9.86692662597,33.9200662042,57.022003822
HWM_RESERVE_HOLD_ONLY,SSO,LAG1,0,hold,0.15,0.1,rule,1986-09-26,1986-09-29,2026-09-02,10059,0.144537505623,-0.533768829736,219.45660848,39.9342915811,0.238167340036,0.5553700181,2597,2007-07-19,2009-03-09,2012-09-07,True,1278,1877,2008,-0.307958139401,1995,0.672333421171,-0.409000219609,-0.0880815729817,-0.0519134543261,0.047905177187,240,0.0559571395513,0.112647825133,0.113035665405,120,0.115529412841,0.13277785649,0,0,0.129435218671,0.126733216531,0.000298240381748,0,0.30380753554,0.870564781329,1.5583528593,1.5583528593,0.129435218671,1.78198628094,9.94134605826e-05,0.000198826921165,0,0.218013719058,0.781986280942,0,783,0,0,230,1013,0,0.538887203552,196.871627331,197.410514535,0,-0,0,0,-8.881784197e-16,2.97115848273,8.45581630399,26.5763765574,42.1276861355
ASYMMETRIC_RESERVE_BAND_HOLD_ONLY,SSO,LAG1,0,hold,0.2,0.1,rule,1986-09-26,1986-09-29,2026-09-02,10059,0.148377940346,-0.545282944306,250.868177495,39.9342915811,0.245017721878,0.560283852418,2597,2007-07-13,2009-03-09,2012-09-07,True,1278,1883,2008,-0.316065755239,1995,0.685621794956,-0.418604918525,-0.0920805718878,-0.0536679254359,0.0490313514917,240,0.0577344310293,0.115962863382,0.116499929642,120,0.118994984524,0.137145959806,0,0,0.104611992063,0.0888276031473,0,0,0.0422507207476,0.895388007937,1.6031367965,1.6031367965,0.104611992063,1.78198628094,0,0,0,0.218013719058,0.781986280942,0,6,0,0,230,236,0,0.303186376195,202.461625101,202.764811477,0,-0,0,0,8.881784197e-16,3.07278965427,8.97693555167,29.1682948335,47.2844420525
MATCHED_FIXED_FOR_HWM_RESERVE,SSO,LAG1,10,none,0,0,quarterly,1986-09-26,1986-09-29,2026-09-02,10059,0.15134140015,-0.641699123674,278.063016225,39.9342915811,0.275486371873,0.536732246212,4946,1999-07-16,2009-03-09,2013-01-29,True,1422,4946,2008,-0.376033884163,1995,0.748832811145,-0.492242286745,-0.130332609646,-0.0813688365348,0.0442914195425,240,0.0539642736482,0.11577215034,0.116535850538,120,0.11926037095,0.139372055007,0,0,0,0,1,,,1,1.78198628094,1.78198628094,0,1.78198628094,0.218013719058,0.781986280942,0,0.218013719058,0.781986280942,0,0,0,0,230,230,230,0,230,230,6.98122536611,0.230115076724,0.20555782456,0.20555782456,0.0066535754838,2.86099959213,8.94372164646,29.3765505731,50.1333977376
MATCHED_FIXED_FOR_ASYMMETRIC_RESERVE_BAND,SSO,LAG1,10,none,0.05,0,quarterly,1986-09-26,1986-09-29,2026-09-02,10059,0.146899248099,-0.612391899585,238.286484172,39.9342915811,0.26131828794,0.536298097087,4558,2000-03-23,2009-03-09,2012-09-14,True,1285,4558,2008,-0.359373886442,1995,0.70796467669,-0.472337786925,-0.121845695878,-0.0746638618439,0.0446602289347,240,0.0536474184694,0.113150027886,0.113751013056,120,0.116365371083,0.135120756453,0,0,0.0493086313538,0.0488709151226,0,,,0.950691368646,1.69491912936,1.69491912936,0.0493086313538,1.78198628094,0,0,0,0.218013719058,0.781986280942,0,106,0,54,230,386,386,0.775427885347,217.818679966,218.583581397,5.9976108041,0.218686793377,0.196426636758,0.196426636758,0.00629783846113,2.84384648374,8.53265181192,27.1804184325,44.8142608026
MATCHED_FIXED_FOR_HWM_DRAWDOWN,SSO,LAG1,10,none,0.05,0,quarterly,1986-09-26,1986-09-29,2026-09-02,10059,0.146899248099,-0.612391899585,238.286484172,39.9342915811,0.26131828794,0.536298097087,4558,2000-03-23,2009-03-09,2012-09-14,True,1285,4558,2008,-0.359373886442,1995,0.70796467669,-0.472337786925,-0.121845695878,-0.0746638618439,0.0446602289347,240,0.0536474184694,0.113150027886,0.113751013056,120,0.116365371083,0.135120756453,0,0,0.0493086313538,0.0488709151226,0,,,0.950691368646,1.69491912936,1.69491912936,0.0493086313538,1.78198628094,0,0,0,0.218013719058,0.781986280942,0,106,0,54,230,386,386,0.775427885347,217.818679966,218.583581397,5.9976108041,0.218686793377,0.196426636758,0.196426636758,0.00629783846113,2.84384648374,8.53265181192,27.1804184325,44.8142608026
MATCHED_FIXED_FOR_BAND_DRAWDOWN,SSO,LAG1,10,none,0.05,0,quarterly,1986-09-26,1986-09-29,2026-09-02,10059,0.146899248099,-0.612391899585,238.286484172,39.9342915811,0.26131828794,0.536298097087,4558,2000-03-23,2009-03-09,2012-09-14,True,1285,4558,2008,-0.359373886442,1995,0.70796467669,-0.472337786925,-0.121845695878,-0.0746638618439,0.0446602289347,240,0.0536474184694,0.113150027886,0.113751013056,120,0.116365371083,0.135120756453,0,0,0.0493086313538,0.0488709151226,0,,,0.950691368646,1.69491912936,1.69491912936,0.0493086313538,1.78198628094,0,0,0,0.218013719058,0.781986280942,0,106,0,54,230,386,386,0.775427885347,217.818679966,218.583581397,5.9976108041,0.218686793377,0.196426636758,0.196426636758,0.00629783846113,2.84384648374,8.53265181192,27.1804184325,44.8142608026
FIXED_90_10,SSO,LAG1,10,none,0.1,0,monthly,1986-09-26,1986-09-29,2026-09-02,10059,0.141980165842,-0.589669370536,200.702965424,39.9342915811,0.247308435802,0.534710723676,2629,2007-07-13,2009-03-09,2012-09-13,True,1284,1889,2008,-0.343051805975,1995,0.665274602717,-0.451882957942,-0.113812061229,-0.0686029753088,0.0440000814864,240,0.0525191240524,0.109122938299,0.110197051053,120,0.113138757836,0.130335371623,0,0,0.099551140324,0.0993147373977,0,,,0.900448859676,1.60522580665,1.60522580665,0.099551140324,1.78198628094,0,0,0,0.218013719058,0.781986280942,0,289,0,191,230,692,692,2.47541314261,206.282605684,208.646142336,5.11971288058,0.208738716795,0.18839273271,0.18839273271,0.00598482038018,2.78355567603,7.93698918946,24.9197027482,39.4789171637
FIXED_85_15,SSO,LAG1,10,none,0.15,0,monthly,1986-09-26,1986-09-29,2026-09-02,10059,0.137058363228,-0.567001602851,168.905922096,39.9342915811,0.233295296911,0.533713377665,2612,2007-07-19,2009-03-09,2012-09-13,True,1284,1883,2008,-0.326090726347,1995,0.624833473513,-0.430886277715,-0.105575326207,-0.0623271275147,0.0436336984273,240,0.051594138403,0.105872295297,0.106780591876,120,0.109845138554,0.125602955734,0,0,0.149344830584,0.149028841592,0,,,0.850655169416,1.51675647355,1.51675647355,0.149344830584,1.78198628094,0,0,0,0.218013719058,0.781986280942,0,289,0,191,230,692,692,3.50610200154,194.491529837,197.839931503,4.34078916289,0.197922237612,0.179566350463,0.179566350463,0.00564947425104,2.73503654448,7.48341384121,22.7999283478,34.8039643959
FIXED_90_10,SSO,LAG1,10,none,0.1,0,annual,1986-09-26,1986-09-29,2026-09-02,10059,0.14275754841,-0.585336637566,206.231915136,39.9342915811,0.248040895562,0.536661575011,2624,2007-07-13,2009-03-09,2012-09-13,True,1284,1889,2008,-0.337089995795,1995,0.679721806204,-0.446513136287,-0.112309879238,-0.0669916193437,0.045827009017,240,0.0541660872251,0.110197449915,0.111168334859,120,0.113677248463,0.13163271945,0,0,0.0961616947743,0.0956644068471,0,,,0.903838305226,1.61460432734,1.61460432734,0.0961616947743,1.78198628094,0,0,0,0.218013719058,0.781986280942,0,27,0,13,230,268,268,0.824786821699,205.235229058,206.015671481,5.14068866346,0.206107316145,0.186254256459,0.186254256459,0.0059132022856,2.8719760567,8.09221092165,25.2839215368,40.8474436622
FIXED_85_15,SSO,LAG1,10,none,0.15,0,annual,1986-09-26,1986-09-29,2026-09-02,10059,0.138182337899,-0.560659482551,175.703369327,39.9342915811,0.234430780122,0.536548232713,2601,2007-07-19,2009-03-09,2012-09-13,True,1284,1883,2008,-0.317612049373,1995,0.645168380355,-0.423201689497,-0.103486887678,-0.0600703473292,0.0462162685158,240,0.053929237453,0.107607736325,0.108227174704,120,0.110624162979,0.127478957227,0,0,0.144361962144,0.143843079755,0,,,0.855638037856,1.53034357287,1.53034357287,0.144361962144,1.78198628094,0,0,0,0.218013719058,0.781986280942,0,27,0,13,230,268,268,1.17338829436,193.027145066,194.138517098,4.36394188143,0.19421960452,0.176522954871,0.176522954871,0.00554900916371,2.85909806864,7.72181898949,23.284982362,36.5929275217
HWM_GRID,SSO,LAG1,10,staged,0.1,0.05,rule,1986-09-26,1986-09-29,2026-09-02,10059,0.150913469559,-0.641190808461,273.965511453,39.9342915811,0.273837159242,0.536917344782,4695,2000-03-23,2009-03-09,2013-01-29,True,1422,4695,2008,-0.376033884163,1995,0.743092046302,-0.492242286745,-0.130332609646,-0.0812853454575,0.0440661253123,240,0.0536855078178,0.115259931306,0.116023502577,120,0.11886160985,0.138694616806,0,0,0.00532866136946,0.00130718247909,0.420121284422,0,0,0.994671338631,1.77210003602,1.77210003602,0.00532866136946,1.78198628094,0.132219902575,0.298538622129,0,0.218013719058,0.781986280942,0,737,94,0,230,1007,1007,0.537784120693,229.253329914,229.642709926,6.87971248358,0.22975704548,0.205273338515,0.204960342292,0.00662931060657,2.84590329071,8.86190816454,29.0641717761,49.2464159715
HWM_GRID,SSO,LAG1,10,staged,0.1,0.1,rule,1986-09-26,1986-09-29,2026-09-02,10059,0.150482041289,-0.641178475363,269.89412765,39.9342915811,0.272221149608,0.537072218058,4695,2000-03-23,2009-03-09,2013-01-29,True,1422,4695,2008,-0.376033884163,1995,0.737363011502,-0.492242286745,-0.130332609646,-0.0811996429818,0.0438480847117,240,0.0534128902539,0.11472951637,0.115481527581,120,0.118465910227,0.138015145311,0,0,0.0106225987988,0.0026563241892,0.415150611393,0,0,0.989377401201,1.76227177276,1.76227177276,0.0106225987988,1.78198628094,0.131822248732,0.283726016503,0,0.218013719058,0.781986280942,0,742,94,0,230,1012,1012,1.07259774598,228.515566917,229.29309508,6.78012246805,0.229406710368,0.204994869086,0.204350969623,0.00660462561799,2.83121315368,8.78055710195,28.7573665777,48.3721601831
HWM_GRID,SSO,LAG1,10,staged,0.1,0.15,rule,1986-09-26,1986-09-29,2026-09-02,10059,0.150042182492,-0.641154320819,265.803931878,39.9342915811,0.270659268631,0.537159232837,4695,2000-03-23,2009-03-09,2013-01-29,True,1422,4695,2008,-0.376033884163,1995,0.731646937647,-0.492242286745,-0.130332609646,-0.0811117510586,0.0436366653336,240,0.0531459072309,0.114103651583,0.114937698463,120,0.118066897029,0.137333575363,0,0,0.0157894595454,0.00310510873428,0.415150611393,0,0.00387712496272,0.984210540455,1.75268491146,1.75268491146,0.0157894595454,1.78198628094,0.131822248732,0.28332836266,0,0.218013719058,0.781986280942,0,743,95,0,230,1014,1014,1.59446098546,227.802128002,228.959661012,6.68128354967,0.22907259152,0.204729198507,0.203862886155,0.00658433858126,2.81689647604,8.68241267904,28.451163392,47.5104140634
HWM_GRID,SSO,LAG1,10,staged,0.15,0.05,rule,1986-09-26,1986-09-29,2026-09-02,10059,0.150913469559,-0.641190808461,273.965511453,39.9342915811,0.273837159242,0.536917344782,4695,2000-03-23,2009-03-09,2013-01-29,True,1422,4695,2008,-0.376033884163,1995,0.743092046302,-0.492242286745,-0.130332609646,-0.0812853454575,0.0440661253123,240,0.0536855078178,0.115259931306,0.116023502577,120,0.11886160985,0.138694616806,0,0,0.00532866136946,0.00130718247909,0.420121284422,0,0,0.994671338631,1.77210003602,1.77210003602,0.00532866136946,1.78198628094,0.132219902575,0.298538622129,0,0.218013719058,0.781986280942,0,737,94,0,230,1007,1007,0.537784120693,229.253329914,229.642709926,6.87971248358,0.22975704548,0.205273338515,0.204960342292,0.00662931060657,2.84590329071,8.86190816454,29.0641717761,49.2464159715
HWM_GRID,SSO,LAG1,10,staged,0.15,0.1,rule,1986-09-26,1986-09-29,2026-09-02,10059,0.150482041289,-0.641178475363,269.89412765,39.9342915811,0.272221149608,0.537072218058,4695,2000-03-23,2009-03-09,2013-01-29,True,1422,4695,2008,-0.376033884163,1995,0.737363011502,-0.492242286745,-0.130332609646,-0.0811996429818,0.0438480847117,240,0.0534128902539,0.11472951637,0.115481527581,120,0.118465910227,0.138015145311,0,0,0.0106225987988,0.0026563241892,0.415150611393,0,0,0.989377401201,1.76227177276,1.76227177276,0.0106225987988,1.78198628094,0.131822248732,0.283726016503,0,0.218013719058,0.781986280942,0,742,94,0,230,1012,1012,1.07259774598,228.515566917,229.29309508,6.78012246805,0.229406710368,0.204994869086,0.204350969623,0.00660462561799,2.83121315368,8.78055710195,28.7573665777,48.3721601831
HWM_GRID,SSO,LAG1,10,staged,0.15,0.15,rule,1986-09-26,1986-09-29,2026-09-02,10059,0.150042182492,-0.641154320819,265.803931878,39.9342915811,0.270659268631,0.537159232837,4695,2000-03-23,2009-03-09,2013-01-29,True,1422,4695,2008,-0.376033884163,1995,0.731646937647,-0.492242286745,-0.130332609646,-0.0811117510586,0.0436366653336,240,0.0531459072309,0.114103651583,0.114937698463,120,0.118066897029,0.137333575363,0,0,0.0157894595454,0.00310510873428,0.415150611393,0,0,0.984210540455,1.75268491146,1.75268491146,0.0157894595454,1.78198628094,0.131822248732,0.28332836266,0,0.218013719058,0.781986280942,0,743,95,0,230,1014,1014,1.59446098546,227.802128002,228.959661012,6.68128354967,0.22907259152,0.204729198507,0.203862886155,0.00658433858126,2.81689647604,8.68241267904,28.451163392,47.5104140634
HWM_GRID,SSO,LAG1,10,staged,0.2,0.05,rule,1986-09-26,1986-09-29,2026-09-02,10059,0.150913469559,-0.641190808461,273.965511453,39.9342915811,0.273837159242,0.536917344782,4695,2000-03-23,2009-03-09,2013-01-29,True,1422,4695,2008,-0.376033884163,1995,0.743092046302,-0.492242286745,-0.130332609646,-0.0812853454575,0.0440661253123,240,0.0536855078178,0.115259931306,0.116023502577,120,0.11886160985,0.138694616806,0,0,0.00532866136946,0.00130718247909,0.420121284422,0,0,0.994671338631,1.77210003602,1.77210003602,0.00532866136946,1.78198628094,0.132219902575,0.298538622129,0,0.218013719058,0.781986280942,0,737,94,0,230,1007,1007,0.537784120693,229.253329914,229.642709926,6.87971248358,0.22975704548,0.205273338515,0.204960342292,0.00662931060657,2.84590329071,8.86190816454,29.0641717761,49.2464159715
HWM_GRID,SSO,LAG1,10,staged,0.2,0.1,rule,1986-09-26,1986-09-29,2026-09-02,10059,0.150482041289,-0.641178475363,269.89412765,39.9342915811,0.272221149608,0.537072218058,4695,2000-03-23,2009-03-09,2013-01-29,True,1422,4695,2008,-0.376033884163,1995,0.737363011502,-0.492242286745,-0.130332609646,-0.0811996429818,0.0438480847117,240,0.0534128902539,0.11472951637,0.115481527581,120,0.118465910227,0.138015145311,0,0,0.0106225987988,0.0026563241892,0.415150611393,0,0,0.989377401201,1.76227177276,1.76227177276,0.0106225987988,1.78198628094,0.131822248732,0.283726016503,0,0.218013719058,0.781986280942,0,742,94,0,230,1012,1012,1.07259774598,228.515566917,229.29309508,6.78012246805,0.229406710368,0.204994869086,0.204350969623,0.00660462561799,2.83121315368,8.78055710195,28.7573665777,48.3721601831
HWM_GRID,SSO,LAG1,10,staged,0.2,0.15,rule,1986-09-26,1986-09-29,2026-09-02,10059,0.150042182492,-0.641154320819,265.803931878,39.9342915811,0.270659268631,0.537159232837,4695,2000-03-23,2009-03-09,2013-01-29,True,1422,4695,2008,-0.376033884163,1995,0.731646937647,-0.492242286745,-0.130332609646,-0.0811117510586,0.0436366653336,240,0.0531459072309,0.114103651583,0.114937698463,120,0.118066897029,0.137333575363,0,0,0.0157894595454,0.00310510873428,0.415150611393,0,0,0.984210540455,1.75268491146,1.75268491146,0.0157894595454,1.78198628094,0.131822248732,0.28332836266,0,0.218013719058,0.781986280942,0,743,95,0,230,1014,1014,1.59446098546,227.802128002,228.959661012,6.68128354967,0.22907259152,0.204729198507,0.203862886155,0.00658433858126,2.81689647604,8.68241267904,28.451163392,47.5104140634
HWM_RESERVE_HOLD_ONLY,SSO,LAG1,10,hold,0.15,0.1,rule,1986-09-26,1986-09-29,2026-09-02,10059,0.139385758772,-0.545172551247,183.276898884,39.9342915811,0.239405947587,0.534884414231,2667,2007-07-13,2009-03-09,2012-09-14,True,1285,1890,2008,-0.312510936742,1995,0.674522163804,-0.418410402312,-0.0975408424318,-0.0597537072164,0.0422333277668,240,0.0502991345003,0.106859889436,0.107844410419,120,0.110334568066,0.127550214407,0,0,0.125222525292,0.121645958492,0.000298240381748,0,0.267819862809,0.874777474708,1.56571327811,1.56571327811,0.125222525292,1.78198628094,9.94134605826e-05,0.000198826921165,0,0.218013719058,0.781986280942,0,756,0,0,230,986,986,0.520975280664,197.8678191,198.388794381,4.64190912538,0.198474163426,0.180019044035,0.164860424331,0.00515174685182,2.66845665093,7.62032890407,23.1035145518,36.6744413787
ASYMMETRIC_RESERVE_BAND_HOLD_ONLY,SSO,LAG1,10,hold,0.2,0.1,rule,1986-09-26,1986-09-29,2026-09-02,10059,0.142559316759,-0.551831058262,204.808095685,39.9342915811,0.245053167698,0.539496019596,2667,2007-07-13,2009-03-09,2013-01-17,True,1410,2015,2008,-0.317219945374,1995,0.685537289023,-0.423996535471,-0.0998675567188,-0.0605954040132,0.0428761397265,240,0.0515281537764,0.109705855308,0.110547097191,120,0.113283395485,0.131135856622,0,0,0.104611992063,0.0888276031473,0,0,0.0422507207476,0.895388007937,1.6031367965,1.6031367965,0.104611992063,1.78198628094,0,0,0,0.218013719058,0.781986280942,0,6,0,0,230,236,236,0.303186376195,202.461625101,202.764811477,5.13382139094,0.20285418981,0.183602728211,0.183602728211,0.00581862358773,2.73160626999,8.01980807697,25.0170300061,40.3196316694
MATCHED_FIXED_FOR_HWM_RESERVE,SSO,LAG1,25,none,0,0,quarterly,1986-09-26,1986-09-29,2026-09-02,10059,0.141420294275,-0.685606850831,196.810805996,39.9342915811,0.275582797649,0.505219349468,5051,1999-07-16,2009-03-09,2013-05-14,True,1527,5051,2008,-0.377906249547,1995,0.748832811145,-0.500526632134,-0.143562018967,-0.0932949694686,0.0335976426158,240,0.0431714445392,0.10512859348,0.106274010879,120,0.109437419606,0.128884552604,0,0,0,0,1,,,1,1.78198628094,1.78198628094,0,1.78198628094,0.218013719058,0.781986280942,0,0.218013719058,0.781986280942,0,0,0,0,230,230,230,0,230,230,13.3041995313,0.575719950167,0.43770010486,0.43770010486,0.0165746813583,2.32870140972,7.38365612435,22.549973637,37.9803131571
MATCHED_FIXED_FOR_ASYMMETRIC_RESERVE_BAND,SSO,LAG1,25,none,0.05,0,quarterly,1986-09-26,1986-09-29,2026-09-02,10059,0.137505877701,-0.656936302981,171.581061671,39.9342915811,0.261409766649,0.504723207208,5040,1999-07-16,2009-03-09,2013-05-03,True,1516,5040,2008,-0.361223666532,1995,0.707910445275,-0.480499793948,-0.134507056331,-0.0860590580391,0.0345001355137,240,0.0433999179827,0.102832602945,0.10399320809,120,0.107054953188,0.125298837547,0,0,0.0493086313538,0.0488709151226,0,,,0.950691368646,1.69491912936,1.69491912936,0.0493086313538,1.78198628094,0,0,0,0.218013719058,0.781986280942,0,106,0,54,230,386,386,0.775427885347,217.818679966,218.583581397,11.607260399,0.547104640429,0.421377291812,0.421377291812,0.015691208859,2.33892321752,7.08298132628,21.1415023653,34.5172990013
MATCHED_FIXED_FOR_HWM_DRAWDOWN,SSO,LAG1,25,none,0.05,0,quarterly,1986-09-26,1986-09-29,2026-09-02,10059,0.137505877701,-0.656936302981,171.581061671,39.9342915811,0.261409766649,0.504723207208,5040,1999-07-16,2009-03-09,2013-05-03,True,1516,5040,2008,-0.361223666532,1995,0.707910445275,-0.480499793948,-0.134507056331,-0.0860590580391,0.0345001355137,240,0.0433999179827,0.102832602945,0.10399320809,120,0.107054953188,0.125298837547,0,0,0.0493086313538,0.0488709151226,0,,,0.950691368646,1.69491912936,1.69491912936,0.0493086313538,1.78198628094,0,0,0,0.218013719058,0.781986280942,0,106,0,54,230,386,386,0.775427885347,217.818679966,218.583581397,11.607260399,0.547104640429,0.421377291812,0.421377291812,0.015691208859,2.33892321752,7.08298132628,21.1415023653,34.5172990013
MATCHED_FIXED_FOR_BAND_DRAWDOWN,SSO,LAG1,25,none,0.05,0,quarterly,1986-09-26,1986-09-29,2026-09-02,10059,0.137505877701,-0.656936302981,171.581061671,39.9342915811,0.261409766649,0.504723207208,5040,1999-07-16,2009-03-09,2013-05-03,True,1516,5040,2008,-0.361223666532,1995,0.707910445275,-0.480499793948,-0.134507056331,-0.0860590580391,0.0345001355137,240,0.0433999179827,0.102832602945,0.10399320809,120,0.107054953188,0.125298837547,0,0,0.0493086313538,0.0488709151226,0,,,0.950691368646,1.69491912936,1.69491912936,0.0493086313538,1.78198628094,0,0,0,0.218013719058,0.781986280942,0,106,0,54,230,386,386,0.775427885347,217.818679966,218.583581397,11.607260399,0.547104640429,0.421377291812,0.421377291812,0.015691208859,2.33892321752,7.08298132628,21.1415023653,34.5172990013
FIXED_90_10,SSO,LAG1,25,none,0.1,0,monthly,1986-09-26,1986-09-29,2026-09-02,10059,0.133051522403,-0.628797315493,146.697153564,39.9342915811,0.247394353437,0.50286355714,5017,1999-07-16,2009-03-09,2013-04-10,True,1493,5017,2008,-0.344889875819,1995,0.665155310826,-0.45993571192,-0.125958372936,-0.0795201093981,0.0343276722801,240,0.0427677879693,0.0993177854395,0.100920104603,120,0.104280382464,0.121102256999,0,0,0.099551140324,0.0993147373977,0,,,0.900448859676,1.60522580665,1.60522580665,0.099551140324,1.78198628094,0,0,0,0.218013719058,0.781986280942,0,289,0,191,230,692,692,2.47541314261,206.282605684,208.646142336,10.0470553539,0.522194466039,0.406782676718,0.406782676718,0.0149134638194,2.31074562348,6.64454432746,19.6082882356,30.8621725146
FIXED_85_15,SSO,LAG1,25,none,0.15,0,monthly,1986-09-26,1986-09-29,2026-09-02,10059,0.128627743228,-0.59736124893,125.480384294,39.9342915811,0.233376031032,0.501700613803,4987,1999-07-16,2009-03-09,2013-03-11,True,1463,4987,2008,-0.327902019863,1995,0.624668146876,-0.438785227605,-0.117160164173,-0.0727239068622,0.0344775315727,240,0.0423681317983,0.0962979279577,0.0980158481008,120,0.101472203358,0.116844573003,0,0,0.149344830584,0.149028841592,0,,,0.850655169416,1.51675647355,1.51675647355,0.149344830584,1.78198628094,0,0,0,0.218013719058,0.781986280942,0,289,0,191,230,692,692,3.50610200154,194.491529837,197.839931503,8.644607861,0.495114677635,0.390498992846,0.390498992846,0.0140800942515,2.29309741863,6.28886208551,18.1661841809,27.5409806066
FIXED_90_10,SSO,LAG1,25,none,0.1,0,annual,1986-09-26,1986-09-29,2026-09-02,10059,0.133934998645,-0.622295001915,151.335039481,39.9342915811,0.2481275082,0.5053067821,5004,1999-07-16,2009-03-09,2013-03-28,True,1480,5004,2008,-0.338884426909,1995,0.679695922545,-0.454585301602,-0.124397964386,-0.0778185961899,0.036223146956,240,0.0444856471486,0.100694600325,0.102430485603,120,0.104919669966,0.122396070303,0,0,0.0961616947743,0.0956644068471,0,,,0.903838305226,1.61460432734,1.61460432734,0.0961616947743,1.78198628094,0,0,0,0.218013719058,0.781986280942,0,27,0,13,230,268,268,0.824786821699,205.235229058,206.015671481,10.1131857717,0.515612469913,0.402865244475,0.402865244475,0.014735752051,2.38808361885,6.81386909531,19.9517257871,31.9539083972
FIXED_85_15,SSO,LAG1,25,none,0.15,0,annual,1986-09-26,1986-09-29,2026-09-02,10059,0.129900646341,-0.587528742618,131.257791149,39.9342915811,0.234512511673,0.505283401675,4981,1999-07-16,2009-03-09,2013-03-05,True,1457,4981,2008,-0.31935851622,1995,0.645132669798,-0.431119653035,-0.114985894066,-0.0703370283062,0.0371580902871,240,0.0448042800608,0.0983212628163,0.10001370922,120,0.102392932563,0.118835009918,0,0,0.144361962144,0.143843079755,0,,,0.855638037856,1.53034357287,1.53034357287,0.144361962144,1.78198628094,0,0,0,0.218013719058,0.781986280942,0,27,0,13,230,268,268,1.17338829436,193.027145066,194.138517098,8.72080025881,0.485853515273,0.384828085996,0.384828085996,0.013830700722,2.40269619493,6.52512732889,18.6273281217,29.0479227348
HWM_GRID,SSO,LAG1,25,staged,0.1,0.05,rule,1986-09-26,1986-09-29,2026-09-02,10059,0.141114076259,-0.685116821684,194.713249365,39.9342915811,0.274019585434,0.505519772623,5051,1999-07-16,2009-03-09,2013-05-14,True,1527,5051,2008,-0.377906249547,1995,0.743502732166,-0.500526632134,-0.143562018967,-0.0932105570145,0.0335193933892,240,0.0430465711569,0.104726250385,0.105852933311,120,0.109164335509,0.128378470828,0,0,0.00493185538382,0.000907204032695,0.441793418829,0,0,0.995068144616,1.77287860027,1.77287860027,0.00493185538382,1.78198628094,0.132219902575,0.309672929715,0,0.218013719058,0.781986280942,0,688,87,0,230,954,954,0.507437750188,229.280817817,229.645298021,13.1541091227,0.574828725717,0.437198746066,0.434948018438,0.0164287039067,2.32313257691,7.3299476126,22.384041166,37.4727801892
HWM_GRID,SSO,LAG1,25,staged,0.1,0.1,rule,1986-09-26,1986-09-29,2026-09-02,10059,0.140801743172,-0.684628274075,192.596262325,39.9342915811,0.272487138363,0.505787832245,5047,1999-07-16,2009-03-09,2013-05-10,True,1523,5047,2008,-0.377906249547,1995,0.738177494944,-0.500526632134,-0.143562018967,-0.0931270009332,0.0334431298048,240,0.0429226281687,0.104322341665,0.105432690979,120,0.108889696385,0.127873252529,0,0,0.00983876881545,0.0018433173883,0.436723332339,0,0,0.990161231185,1.76380972295,1.76380972295,0.00983876881545,1.78198628094,0.132219902575,0.309374689333,0,0.218013719058,0.781986280942,0,695,87,0,230,961,961,1.01251602611,228.570105465,229.298360909,13.0052953635,0.573957036904,0.436707944627,0.432225403688,0.016284923735,2.3176177477,7.27645056698,22.2183545051,36.9726594895
HWM_GRID,SSO,LAG1,25,staged,0.1,0.15,rule,1986-09-26,1986-09-29,2026-09-02,10059,0.140482726825,-0.684141078487,190.457146509,39.9342915811,0.270984489217,0.506021263881,5045,1999-07-16,2009-03-09,2013-05-08,True,1521,5045,2008,-0.377906249547,1995,0.732858404777,-0.500526632134,-0.143562018967,-0.0930442972139,0.0333679064751,240,0.0427987873172,0.103916337666,0.105012406103,120,0.108613114766,0.12736847275,0,0,0.0147209722524,0.00297147609824,0.435928024655,0,0.00387712496272,0.985279027748,1.75477939569,1.75477939569,0.0147209722524,1.78198628094,0.132219902575,0.303906949001,0,0.218013719058,0.781986280942,0,702,87,0,230,968,968,1.51518543062,227.867728645,228.958980006,12.8575655041,0.573104357122,0.436227432048,0.429541911356,0.0161437942484,2.31211988613,7.22309577267,22.0526943764,36.4794230309
HWM_GRID,SSO,LAG1,25,staged,0.15,0.05,rule,1986-09-26,1986-09-29,2026-09-02,10059,0.141114076259,-0.685116821684,194.713249365,39.9342915811,0.274019585434,0.505519772623,5051,1999-07-16,2009-03-09,2013-05-14,True,1527,5051,2008,-0.377906249547,1995,0.743502732166,-0.500526632134,-0.143562018967,-0.0932105570145,0.0335193933892,240,0.0430465711569,0.104726250385,0.105852933311,120,0.109164335509,0.128378470828,0,0,0.00493185538382,0.000907204032695,0.441793418829,0,0,0.995068144616,1.77287860027,1.77287860027,0.00493185538382,1.78198628094,0.132219902575,0.309672929715,0,0.218013719058,0.781986280942,0,688,87,0,230,954,954,0.507437750188,229.280817817,229.645298021,13.1541091227,0.574828725717,0.437198746066,0.434948018438,0.0164287039067,2.32313257691,7.3299476126,22.384041166,37.4727801892
HWM_GRID,SSO,LAG1,25,staged,0.15,0.1,rule,1986-09-26,1986-09-29,2026-09-02,10059,0.140801743172,-0.684628274075,192.596262325,39.9342915811,0.272487138363,0.505787832245,5047,1999-07-16,2009-03-09,2013-05-10,True,1523,5047,2008,-0.377906249547,1995,0.738177494944,-0.500526632134,-0.143562018967,-0.0931270009332,0.0334431298048,240,0.0429226281687,0.104322341665,0.105432690979,120,0.108889696385,0.127873252529,0,0,0.00983876881545,0.0018433173883,0.436723332339,0,0,0.990161231185,1.76380972295,1.76380972295,0.00983876881545,1.78198628094,0.132219902575,0.309374689333,0,0.218013719058,0.781986280942,0,695,87,0,230,961,961,1.01251602611,228.570105465,229.298360909,13.0052953635,0.573957036904,0.436707944627,0.432225403688,0.016284923735,2.3176177477,7.27645056698,22.2183545051,36.9726594895
HWM_GRID,SSO,LAG1,25,staged,0.15,0.15,rule,1986-09-26,1986-09-29,2026-09-02,10059,0.140482726825,-0.684141078487,190.457146509,39.9342915811,0.270984489217,0.506021263881,5045,1999-07-16,2009-03-09,2013-05-08,True,1521,5045,2008,-0.377906249547,1995,0.732858404777,-0.500526632134,-0.143562018967,-0.0930442972139,0.0333679064751,240,0.0427987873172,0.103916337666,0.105012406103,120,0.108613114766,0.12736847275,0,0,0.0147209722524,0.00297147609824,0.435928024655,0,0,0.985279027748,1.75477939569,1.75477939569,0.0147209722524,1.78198628094,0.132219902575,0.303906949001,0,0.218013719058,0.781986280942,0,702,87,0,230,968,968,1.51518543062,227.867728645,228.958980006,12.8575655041,0.573104357122,0.436227432048,0.429541911356,0.0161437942484,2.31211988613,7.22309577267,22.0526943764,36.4794230309
HWM_GRID,SSO,LAG1,25,staged,0.2,0.05,rule,1986-09-26,1986-09-29,2026-09-02,10059,0.141114076259,-0.685116821684,194.713249365,39.9342915811,0.274019585434,0.505519772623,5051,1999-07-16,2009-03-09,2013-05-14,True,1527,5051,2008,-0.377906249547,1995,0.743502732166,-0.500526632134,-0.143562018967,-0.0932105570145,0.0335193933892,240,0.0430465711569,0.104726250385,0.105852933311,120,0.109164335509,0.128378470828,0,0,0.00493185538382,0.000907204032695,0.441793418829,0,0,0.995068144616,1.77287860027,1.77287860027,0.00493185538382,1.78198628094,0.132219902575,0.309672929715,0,0.218013719058,0.781986280942,0,688,87,0,230,954,954,0.507437750188,229.280817817,229.645298021,13.1541091227,0.574828725717,0.437198746066,0.434948018438,0.0164287039067,2.32313257691,7.3299476126,22.384041166,37.4727801892
HWM_GRID,SSO,LAG1,25,staged,0.2,0.1,rule,1986-09-26,1986-09-29,2026-09-02,10059,0.140801743172,-0.684628274075,192.596262325,39.9342915811,0.272487138363,0.505787832245,5047,1999-07-16,2009-03-09,2013-05-10,True,1523,5047,2008,-0.377906249547,1995,0.738177494944,-0.500526632134,-0.143562018967,-0.0931270009332,0.0334431298048,240,0.0429226281687,0.104322341665,0.105432690979,120,0.108889696385,0.127873252529,0,0,0.00983876881545,0.0018433173883,0.436723332339,0,0,0.990161231185,1.76380972295,1.76380972295,0.00983876881545,1.78198628094,0.132219902575,0.309374689333,0,0.218013719058,0.781986280942,0,695,87,0,230,961,961,1.01251602611,228.570105465,229.298360909,13.0052953635,0.573957036904,0.436707944627,0.432225403688,0.016284923735,2.3176177477,7.27645056698,22.2183545051,36.9726594895
HWM_GRID,SSO,LAG1,25,staged,0.2,0.15,rule,1986-09-26,1986-09-29,2026-09-02,10059,0.140482726825,-0.684141078487,190.457146509,39.9342915811,0.270984489217,0.506021263881,5045,1999-07-16,2009-03-09,2013-05-08,True,1521,5045,2008,-0.377906249547,1995,0.732858404777,-0.500526632134,-0.143562018967,-0.0930442972139,0.0333679064751,240,0.0427987873172,0.103916337666,0.105012406103,120,0.108613114766,0.12736847275,0,0,0.0147209722524,0.00297147609824,0.435928024655,0,0,0.985279027748,1.75477939569,1.75477939569,0.0147209722524,1.78198628094,0.132219902575,0.303906949001,0,0.218013719058,0.781986280942,0,702,87,0,230,968,968,1.51518543062,227.867728645,228.958980006,12.8575655041,0.573104357122,0.436227432048,0.429541911356,0.0161437942484,2.31211988613,7.22309577267,22.0526943764,36.4794230309
HWM_RESERVE_HOLD_ONLY,SSO,LAG1,25,hold,0.15,0.1,rule,1986-09-26,1986-09-29,2026-09-02,10059,0.131613234559,-0.589967253142,139.441584451,39.9342915811,0.240740814902,0.504809335465,5018,1999-07-16,2009-03-09,2013-04-11,True,1494,5018,2008,-0.315830540121,1995,0.677829022555,-0.428288495871,-0.109821862445,-0.0704682516708,0.0336557503638,240,0.0417419083794,0.0981571687328,0.10001410443,120,0.102499153432,0.119627234639,0,0,0.120470274652,0.11329567177,0.000298240381748,0,0.244656526494,0.879529725348,1.57426250412,1.57426250412,0.120470274652,1.78198628094,9.94134605826e-05,0.000198826921165,0,0.218013719058,0.781986280942,0,705,0,0,230,935,935,0.493833160374,198.874046579,199.36787974,9.42460987529,0.498959122777,0.392837687659,0.364605215507,0.012924271064,2.26570162486,6.5065008775,18.6812508665,29.6668257319
ASYMMETRIC_RESERVE_BAND_HOLD_ONLY,SSO,LAG1,25,hold,0.2,0.1,rule,1986-09-26,1986-09-29,2026-09-02,10059,0.13387708253,-0.595217825433,151.026674543,39.9342915811,0.245139727495,0.508256315179,5037,1999-07-16,2009-03-09,2013-04-30,True,1513,5037,2008,-0.31894940299,1995,0.685410530123,-0.431998810927,-0.111435119776,-0.0709024744985,0.0337011494604,240,0.0422770450321,0.100075601413,0.101593836217,120,0.104761370226,0.122263130952,0,0,0.104611992063,0.0888276031473,0,0,0.0422507207476,0.895388007937,1.6031367965,1.6031367965,0.104611992063,1.78198628094,0,0,0,0.218013719058,0.781986280942,0,6,0,0,230,236,236,0.303186376195,202.461625101,202.764811477,10.137570613,0.507471138089,0.397983929043,0.397983929043,0.0145008578168,2.28909312268,6.73765654322,19.866146421,31.8303489209
MATCHED_FIXED_FOR_HWM_RESERVE,SSO,LAG1,50,none,0,0,quarterly,1986-09-26,1986-09-29,2026-09-02,10059,0.125042148772,-0.747269055982,110.506928724,39.9342915811,0.27584533657,0.45257970102,5347,1999-07-16,2009-03-09,2014-03-06,True,1823,5347,2008,-0.381020606361,1995,0.748832811145,-0.514061352669,-0.165208158114,-0.11286757723,0.0159824788644,240,0.0253931185653,0.0873749005333,0.0892903691724,120,0.0932247863062,0.112033424257,0,0,0,0,1,,,1,1.78198628094,1.78198628094,0,1.78198628094,0.218013719058,0.781986280942,0,0.218013719058,0.781986280942,0,0,0,0,230,230,230,0,230,230,17.1538294172,1.15288461942,0.684275291087,0.684275291087,0.0329528268617,1.65123152348,5.3405524031,14.4989677075,24.1914994726
MATCHED_FIXED_FOR_ASYMMETRIC_RESERVE_BAND,SSO,LAG1,50,none,0.05,0,quarterly,1986-09-26,1986-09-29,2026-09-02,10059,0.121991776509,-0.721075893983,99.1521670914,39.9342915811,0.26165851142,0.451981102749,5277,1999-07-16,2009-03-09,2013-12-26,True,1753,5277,2008,-0.364300577882,1995,0.707820062352,-0.493848477918,-0.155243728193,-0.104775113041,0.0177543264202,240,0.0265100450529,0.0860378511303,0.0878895638358,120,0.0916809416422,0.109294376845,0,0,0.0493086313538,0.0488709151226,0,,,0.950691368646,1.69491912936,1.69491912936,0.0493086313538,1.78198628094,0,0,0,0.218013719058,0.781986280942,0,106,0,54,230,386,386,0.775427885347,217.818679966,218.583581397,15.3393607153,1.09550474675,0.665629208222,0.665629208222,0.031205310051,1.68757884089,5.21074563984,13.8970943638,22.4661703125
MATCHED_FIXED_FOR_HWM_DRAWDOWN,SSO,LAG1,50,none,0.05,0,quarterly,1986-09-26,1986-09-29,2026-09-02,10059,0.121991776509,-0.721075893983,99.1521670914,39.9342915811,0.26165851142,0.451981102749,5277,1999-07-16,2009-03-09,2013-12-26,True,1753,5277,2008,-0.364300577882,1995,0.707820062352,-0.493848477918,-0.155243728193,-0.104775113041,0.0177543264202,240,0.0265100450529,0.0860378511303,0.0878895638358,120,0.0916809416422,0.109294376845,0,0,0.0493086313538,0.0488709151226,0,,,0.950691368646,1.69491912936,1.69491912936,0.0493086313538,1.78198628094,0,0,0,0.218013719058,0.781986280942,0,106,0,54,230,386,386,0.775427885347,217.818679966,218.583581397,15.3393607153,1.09550474675,0.665629208222,0.665629208222,0.031205310051,1.68757884089,5.21074563984,13.8970943638,22.4661703125
MATCHED_FIXED_FOR_BAND_DRAWDOWN,SSO,LAG1,50,none,0.05,0,quarterly,1986-09-26,1986-09-29,2026-09-02,10059,0.121991776509,-0.721075893983,99.1521670914,39.9342915811,0.26165851142,0.451981102749,5277,1999-07-16,2009-03-09,2013-12-26,True,1753,5277,2008,-0.364300577882,1995,0.707820062352,-0.493848477918,-0.155243728193,-0.104775113041,0.0177543264202,240,0.0265100450529,0.0860378511303,0.0878895638358,120,0.0916809416422,0.109294376845,0,0,0.0493086313538,0.0488709151226,0,,,0.950691368646,1.69491912936,1.69491912936,0.0493086313538,1.78198628094,0,0,0,0.218013719058,0.781986280942,0,106,0,54,230,386,386,0.775427885347,217.818679966,218.583581397,15.3393607153,1.09550474675,0.665629208222,0.665629208222,0.031205310051,1.68757884089,5.21074563984,13.8970943638,22.4661703125
FIXED_90_10,SSO,LAG1,50,none,0.1,0,monthly,1986-09-26,1986-09-29,2026-09-02,10059,0.118299270661,-0.695134391574,86.9222569193,39.9342915811,0.247628781228,0.449668356552,5271,1999-07-16,2009-03-09,2013-12-20,True,1747,5271,2008,-0.347947236625,1995,0.664956508059,-0.473118214881,-0.145868555479,-0.0974634144899,0.0183775215134,240,0.0266874839433,0.0834373232909,0.0856033994969,120,0.0896469489102,0.105865247864,0,0,0.099551140324,0.0993147373977,0,,,0.900448859676,1.60522580665,1.60522580665,0.099551140324,1.78198628094,0,0,0,0.218013719058,0.781986280942,0,289,0,191,230,692,692,2.47541314261,206.282605684,208.646142336,13.5782404147,1.04555062737,0.648501778457,0.648501778457,0.0296657155615,1.69342260937,4.96734082872,13.1409043925,20.473611701
FIXED_85_15,SSO,LAG1,50,none,0.15,0,monthly,1986-09-26,1986-09-29,2026-09-02,10059,0.114692315787,-0.665742730051,76.4014869342,39.9342915811,0.233596562754,0.448230183663,5234,1999-07-16,2009-03-09,2013-11-13,True,1710,5234,2008,-0.330914921575,1995,0.624392636046,-0.451728800137,-0.136167313324,-0.0898247303555,0.0193703333765,240,0.0271457016537,0.0808930106207,0.0835378904442,120,0.0876345075064,0.102404190292,0,0,0.149344830584,0.149028841592,0,,,0.850655169416,1.51675647355,1.51675647355,0.149344830584,1.78198628094,0,0,0,0.218013719058,0.781986280942,0,289,0,191,230,692,692,3.50610200154,194.491529837,197.839931503,11.9617146843,0.991261965076,0.628891930031,0.628891930031,0.028015521692,1.70860259468,4.73864543459,12.4319508321,18.6356870418
FIXED_90_10,SSO,LAG1,50,none,0.1,0,annual,1986-09-26,1986-09-29,2026-09-02,10059,0.119356049513,-0.689200116419,90.263548529,39.9342915811,0.248361931628,0.452933099714,5236,1999-07-16,2009-03-09,2013-11-15,True,1712,5236,2008,-0.341869675527,1995,0.679652783114,-0.467801456932,-0.14421506464,-0.0956164637947,0.0203842441597,240,0.0285204501871,0.084716499765,0.087358506897,120,0.0904508546847,0.1072628536,0,0,0.0961616947743,0.0956644068471,0,,,0.903838305226,1.61460432734,1.61460432734,0.0961616947743,1.78198628094,0,0,0,0.218013719058,0.781986280942,0,27,0,13,230,268,268,0.824786821699,205.235229058,206.015671481,13.7183299527,1.03237494517,0.64383990536,0.64383990536,0.0293147011829,1.75492525875,5.08597015528,13.4348987143,21.2673869159
FIXED_85_15,SSO,LAG1,50,none,0.15,0,annual,1986-09-26,1986-09-29,2026-09-02,10059,0.116208760072,-0.656654844546,80.6640059132,39.9342915811,0.234733051998,0.453060952458,5212,1999-07-16,2009-03-09,2013-10-22,True,1688,5212,2008,-0.322264232061,1995,0.645073152204,-0.444096983563,-0.133855410024,-0.087227542435,0.0222101856663,240,0.0297461757351,0.0833496809567,0.0860302446131,120,0.0887869227903,0.104499781312,0,0,0.144361962144,0.143843079755,0,,,0.855638037856,1.53034357287,1.53034357287,0.144361962144,1.78198628094,0,0,0,0.218013719058,0.781986280942,0,27,0,13,230,268,268,1.17338829436,193.027145066,194.138517098,12.1301440159,0.972724323719,0.62194830132,0.62194830132,0.0275225869912,1.79723039582,4.9593621291,12.8332735618,19.7336808705
HWM_GRID,SSO,LAG1,50,staged,0.1,0.05,rule,1986-09-26,1986-09-29,2026-09-02,10059,0.124886806787,-0.746860281105,109.899229539,39.9342915811,0.274411273197,0.452970181009,5347,1999-07-16,2009-03-09,2014-03-06,True,1823,5347,2008,-0.381020606361,1995,0.744171459486,-0.514061352669,-0.165208158114,-0.112781522874,0.0160642518317,240,0.0254389066721,0.0868962485852,0.0890167860332,120,0.0931024672232,0.11173368453,0,0,0.00432970125468,0.000113502816359,0.488915399145,0,0,0.995670298745,1.77405525468,1.77405525468,0.00432970125468,1.78198628094,0.132518142957,0.356496669649,0,0.218013719058,0.781986280942,0,610,84,0,230,875,875,0.455827426531,229.332595576,229.655723059,17.0284019674,1.15114659774,0.683726077565,0.681075747924,0.0326559733788,1.65270683761,5.29373115131,14.4503764161,23.9965618666
HWM_GRID,SSO,LAG1,50,staged,0.1,0.1,rule,1986-09-26,1986-09-29,2026-09-02,10059,0.124725712096,-0.7464530473,109.272467362,39.9342915811,0.273006717245,0.453335460389,5345,1999-07-16,2009-03-09,2014-03-04,True,1821,5345,2008,-0.381020606361,1995,0.739501887161,-0.514061352669,-0.165208158114,-0.112696358391,0.0161493508727,240,0.0254866503755,0.0866251855175,0.0887442406506,120,0.092978056032,0.111430533531,0,0,0.0086352392115,0.000299252560187,0.482354110747,0,0,0.991364760788,1.76616202918,1.76616202918,0.0086352392115,1.78198628094,0.132518142957,0.354607813898,0,0.218013719058,0.781986280942,0,621,84,0,230,886,886,0.910290750698,228.672837122,229.319225107,16.9031339649,1.14944791628,0.683188372353,0.677864303827,0.0323609548115,1.65424649552,5.26741466085,14.40111553,23.8010127154
HWM_GRID,SSO,LAG1,50,staged,0.1,0.15,rule,1986-09-26,1986-09-29,2026-09-02,10059,0.124559053422,-0.746047238207,108.627725582,39.9342915811,0.271630958316,0.453675575253,5345,1999-07-16,2009-03-09,2014-03-04,True,1821,5345,2008,-0.381020606361,1995,0.734825297844,-0.514061352669,-0.165208158114,-0.112612076221,0.0162372388076,240,0.0255359296753,0.0861603437479,0.0884725220681,120,0.0928515396511,0.111124151032,0,0,0.0129156376915,0.000460833369643,0.482254697286,0,0.00387712496272,0.987084362309,1.75830866203,1.75830866203,0.0129156376915,1.78198628094,0.132518142957,0.349736554329,0,0.218013719058,0.781986280942,0,623,84,0,230,888,888,1.36335624568,228.020796015,228.990558951,16.7780503746,1.14778882565,0.682662316883,0.674637755289,0.0320674676516,1.65583710296,5.22313107098,14.3511875803,23.6049951339
HWM_GRID,SSO,LAG1,50,staged,0.15,0.05,rule,1986-09-26,1986-09-29,2026-09-02,10059,0.124886806787,-0.746860281105,109.899229539,39.9342915811,0.274411273197,0.452970181009,5347,1999-07-16,2009-03-09,2014-03-06,True,1823,5347,2008,-0.381020606361,1995,0.744171459486,-0.514061352669,-0.165208158114,-0.112781522874,0.0160642518317,240,0.0254389066721,0.0868962485852,0.0890167860332,120,0.0931024672232,0.11173368453,0,0,0.00432970125468,0.000113502816359,0.488915399145,0,0,0.995670298745,1.77405525468,1.77405525468,0.00432970125468,1.78198628094,0.132518142957,0.356496669649,0,0.218013719058,0.781986280942,0,610,84,0,230,875,875,0.455827426531,229.332595576,229.655723059,17.0284019674,1.15114659774,0.683726077565,0.681075747924,0.0326559733788,1.65270683761,5.29373115131,14.4503764161,23.9965618666
HWM_GRID,SSO,LAG1,50,staged,0.15,0.1,rule,1986-09-26,1986-09-29,2026-09-02,10059,0.124725712096,-0.7464530473,109.272467362,39.9342915811,0.273006717245,0.453335460389,5345,1999-07-16,2009-03-09,2014-03-04,True,1821,5345,2008,-0.381020606361,1995,0.739501887161,-0.514061352669,-0.165208158114,-0.112696358391,0.0161493508727,240,0.0254866503755,0.0866251855175,0.0887442406506,120,0.092978056032,0.111430533531,0,0,0.0086352392115,0.000299252560187,0.482354110747,0,0,0.991364760788,1.76616202918,1.76616202918,0.0086352392115,1.78198628094,0.132518142957,0.354607813898,0,0.218013719058,0.781986280942,0,621,84,0,230,886,886,0.910290750698,228.672837122,229.319225107,16.9031339649,1.14944791628,0.683188372353,0.677864303827,0.0323609548115,1.65424649552,5.26741466085,14.40111553,23.8010127154
HWM_GRID,SSO,LAG1,50,staged,0.15,0.15,rule,1986-09-26,1986-09-29,2026-09-02,10059,0.124559053422,-0.746047238207,108.627725582,39.9342915811,0.271630958316,0.453675575253,5345,1999-07-16,2009-03-09,2014-03-04,True,1821,5345,2008,-0.381020606361,1995,0.734825297844,-0.514061352669,-0.165208158114,-0.112612076221,0.0162372388076,240,0.0255359296753,0.0861603437479,0.0884725220681,120,0.0928515396511,0.111124151032,0,0,0.0129156376915,0.000460833369643,0.482254697286,0,0,0.987084362309,1.75830866203,1.75830866203,0.0129156376915,1.78198628094,0.132518142957,0.349736554329,0,0.218013719058,0.781986280942,0,623,84,0,230,888,888,1.36335624568,228.020796015,228.990558951,16.7780503746,1.14778882565,0.682662316883,0.674637755289,0.0320674676516,1.65583710296,5.22313107098,14.3511875803,23.6049951339
HWM_GRID,SSO,LAG1,50,staged,0.2,0.05,rule,1986-09-26,1986-09-29,2026-09-02,10059,0.124886806787,-0.746860281105,109.899229539,39.9342915811,0.274411273197,0.452970181009,5347,1999-07-16,2009-03-09,2014-03-06,True,1823,5347,2008,-0.381020606361,1995,0.744171459486,-0.514061352669,-0.165208158114,-0.112781522874,0.0160642518317,240,0.0254389066721,0.0868962485852,0.0890167860332,120,0.0931024672232,0.11173368453,0,0,0.00432970125468,0.000113502816359,0.488915399145,0,0,0.995670298745,1.77405525468,1.77405525468,0.00432970125468,1.78198628094,0.132518142957,0.356496669649,0,0.218013719058,0.781986280942,0,610,84,0,230,875,875,0.455827426531,229.332595576,229.655723059,17.0284019674,1.15114659774,0.683726077565,0.681075747924,0.0326559733788,1.65270683761,5.29373115131,14.4503764161,23.9965618666
HWM_GRID,SSO,LAG1,50,staged,0.2,0.1,rule,1986-09-26,1986-09-29,2026-09-02,10059,0.124725712096,-0.7464530473,109.272467362,39.9342915811,0.273006717245,0.453335460389,5345,1999-07-16,2009-03-09,2014-03-04,True,1821,5345,2008,-0.381020606361,1995,0.739501887161,-0.514061352669,-0.165208158114,-0.112696358391,0.0161493508727,240,0.0254866503755,0.0866251855175,0.0887442406506,120,0.092978056032,0.111430533531,0,0,0.0086352392115,0.000299252560187,0.482354110747,0,0,0.991364760788,1.76616202918,1.76616202918,0.0086352392115,1.78198628094,0.132518142957,0.354607813898,0,0.218013719058,0.781986280942,0,621,84,0,230,886,886,0.910290750698,228.672837122,229.319225107,16.9031339649,1.14944791628,0.683188372353,0.677864303827,0.0323609548115,1.65424649552,5.26741466085,14.40111553,23.8010127154
HWM_GRID,SSO,LAG1,50,staged,0.2,0.15,rule,1986-09-26,1986-09-29,2026-09-02,10059,0.124559053422,-0.746047238207,108.627725582,39.9342915811,0.271630958316,0.453675575253,5345,1999-07-16,2009-03-09,2014-03-04,True,1821,5345,2008,-0.381020606361,1995,0.734825297844,-0.514061352669,-0.165208158114,-0.112612076221,0.0162372388076,240,0.0255359296753,0.0861603437479,0.0884725220681,120,0.0928515396511,0.111124151032,0,0,0.0129156376915,0.000460833369643,0.482254697286,0,0,0.987084362309,1.75830866203,1.75830866203,0.0129156376915,1.78198628094,0.132518142957,0.349736554329,0,0.218013719058,0.781986280942,0,623,84,0,230,888,888,1.36335624568,228.020796015,228.990558951,16.7780503746,1.14778882565,0.682662316883,0.674637755289,0.0320674676516,1.65583710296,5.22313107098,14.3511875803,23.6049951339
HWM_RESERVE_HOLD_ONLY,SSO,LAG1,50,hold,0.15,0.1,rule,1986-09-26,1986-09-29,2026-09-02,10059,0.118544882673,-0.661163535292,87.6879003899,39.9342915811,0.242995153085,0.454559298684,5269,1999-07-16,2009-03-09,2013-12-18,True,1745,5269,2022,-0.323535825591,1995,0.683414089988,-0.443522187591,-0.129667700944,-0.0879733199855,0.0191271449385,240,0.0272585528055,0.0837380684427,0.0863007162092,120,0.0893087441102,0.106168027363,0,0,0.112692904461,0.101508206536,0.000596480763495,0,0.217417238294,0.887307095539,1.58832047884,1.58832047884,0.112692904461,1.78198628094,9.94134605826e-05,0.000497067302913,0,0.218013719058,0.781986280942,0,632,0,0,230,862,862,0.447710418371,200.521692572,200.969402991,13.3685452584,1.00704381541,0.634702728866,0.600431716332,0.0259926229505,1.71236095452,4.99444404649,13.0190876697,20.6478695296
ASYMMETRIC_RESERVE_BAND_HOLD_ONLY,SSO,LAG1,50,hold,0.2,0.1,rule,1986-09-26,1986-09-29,2026-09-02,10059,0.119527889109,-0.663335765283,90.8185726554,39.9342915811,0.245372919845,0.456073818944,5271,1999-07-16,2009-03-09,2013-12-20,True,1747,5271,2022,-0.331192546976,1995,0.685199265291,-0.445111734882,-0.130416743981,-0.0878586400159,0.0185626376907,240,0.0270129396167,0.0848701808682,0.086806130103,120,0.0906782713191,0.107622778727,0,0,0.104611992063,0.0888276031473,0,0,0.0422507207476,0.895388007937,1.6031367965,1.6031367965,0.104611992063,1.78198628094,0,0,0,0.218013719058,0.781986280942,0,6,0,0,230,236,236,0.303186376195,202.461625101,202.764811477,13.8282959136,1.01606380255,0.637982889809,0.637982889809,0.0288500512372,1.70419116131,5.09982734271,13.5192138503,21.4725658306
MATCHED_FIXED_FOR_HWM_RESERVE,SSO,LAG2,0,none,0,0,quarterly,1986-09-26,1986-09-29,2026-09-02,10059,0.146364548359,-0.641205400488,233.890117943,39.9342915811,0.281372195553,0.518565725483,2698,2007-07-13,2009-03-09,2013-01-18,True,1411,2016,2008,-0.385725479694,1995,0.748832811145,-0.537633543021,-0.117821238131,-0.0656341844326,0.0564314607596,240,0.0662167632158,0.122266296269,0.110711824598,120,0.113422133485,0.144051929852,0,0,0,0,1,,,1,1.78198628094,1.78198628094,0,1.78198628094,0.218013719058,0.781986280942,0,0.218013719058,0.781986280942,0,0,0,0,230,230,0,0,230,230,0,-0,0,0,0,3.60504031418,10.0443690928,25.1107325818,56.6934149134
MATCHED_FIXED_FOR_ASYMMETRIC_RESERVE_BAND,SSO,LAG2,0,none,0.05,0,quarterly,1986-09-26,1986-09-29,2026-09-02,10059,0.142544233647,-0.619622266808,204.70015288,39.9342915811,0.26657590617,0.518831336945,2678,2007-07-13,2009-03-09,2012-09-13,True,1284,1889,2008,-0.368746649277,1995,0.708042765302,-0.510707946256,-0.109778813196,-0.0596460353651,0.0561878341585,240,0.0653058244679,0.119318699601,0.108681153486,120,0.111260360129,0.139634464778,0,0,0.0496600283155,0.0490440558832,0,,,0.950339971684,1.69441299279,1.69441299279,0.0496600283155,1.78198628094,0,0,0,0.218013719058,0.781986280942,0,107,0,53,230,386,0,0.81170970524,217.727175373,218.529498612,0,-0,0,0,-6.66133814775e-16,3.543937302,9.52969473771,23.6884914448,50.4805969288
MATCHED_FIXED_FOR_HWM_DRAWDOWN,SSO,LAG2,0,none,0.05,0,quarterly,1986-09-26,1986-09-29,2026-09-02,10059,0.142544233647,-0.619622266808,204.70015288,39.9342915811,0.26657590617,0.518831336945,2678,2007-07-13,2009-03-09,2012-09-13,True,1284,1889,2008,-0.368746649277,1995,0.708042765302,-0.510707946256,-0.109778813196,-0.0596460353651,0.0561878341585,240,0.0653058244679,0.119318699601,0.108681153486,120,0.111260360129,0.139634464778,0,0,0.0496600283155,0.0490440558832,0,,,0.950339971684,1.69441299279,1.69441299279,0.0496600283155,1.78198628094,0,0,0,0.218013719058,0.781986280942,0,107,0,53,230,386,0,0.81170970524,217.727175373,218.529498612,0,-0,0,0,-6.66133814775e-16,3.543937302,9.52969473771,23.6884914448,50.4805969288
MATCHED_FIXED_FOR_BAND_DRAWDOWN,SSO,LAG2,0,none,0.05,0,quarterly,1986-09-26,1986-09-29,2026-09-02,10059,0.142544233647,-0.619622266808,204.70015288,39.9342915811,0.26657590617,0.518831336945,2678,2007-07-13,2009-03-09,2012-09-13,True,1284,1889,2008,-0.368746649277,1995,0.708042765302,-0.510707946256,-0.109778813196,-0.0596460353651,0.0561878341585,240,0.0653058244679,0.119318699601,0.108681153486,120,0.111260360129,0.139634464778,0,0,0.0496600283155,0.0490440558832,0,,,0.950339971684,1.69441299279,1.69441299279,0.0496600283155,1.78198628094,0,0,0,0.218013719058,0.781986280942,0,107,0,53,230,386,0,0.81170970524,217.727175373,218.529498612,0,-0,0,0,-6.66133814775e-16,3.543937302,9.52969473771,23.6884914448,50.4805969288
FIXED_90_10,SSO,LAG2,0,none,0.1,0,monthly,1986-09-26,1986-09-29,2026-09-02,10059,0.138253710019,-0.598030384559,176.143896879,39.9342915811,0.252101270204,0.518118595158,2485,2007-07-13,2009-03-09,2012-09-13,True,1284,1889,2008,-0.351262368011,1995,0.665049083058,-0.482994596458,-0.101913900676,-0.054100072545,0.0552636585491,240,0.0639040234326,0.115795905314,0.106397576308,120,0.108830273302,0.134617733441,0,0,0.0998496811709,0.0995456686162,0,,,0.900150318829,1.60464783407,1.60464783407,0.0998496811709,1.78198628094,0,0,0,0.218013719058,0.781986280942,0,291,0,189,230,692,0,2.56425741107,206.198291873,208.65709922,0,-0,0,0,-6.66133814775e-16,3.4518270349,8.94738452791,22.1826615619,44.2296390348
FIXED_85_15,SSO,LAG2,0,none,0.15,0,monthly,1986-09-26,1986-09-29,2026-09-02,10059,0.133863783579,-0.574833413284,150.955952976,39.9342915811,0.237608963333,0.51792681832,2434,2007-07-19,2009-03-09,2012-09-07,True,1278,1877,2008,-0.33357727208,1995,0.62452093293,-0.459601606331,-0.0940329947914,-0.0484691655184,0.0544290516835,240,0.0625119549915,0.112158851959,0.103891464012,120,0.106184789307,0.129772384374,0,0,0.149762753104,0.149356201374,0,,,0.850237246896,1.51594267123,1.51594267123,0.149762753104,1.78198628094,0,0,0,0.218013719058,0.781986280942,0,291,0,189,230,692,0,3.62758722641,194.379945513,197.858940408,0,-0,0,0,8.881784197e-16,3.36261004052,8.3817850625,20.6485931818,38.8998436471
FIXED_90_10,SSO,LAG2,0,none,0.1,0,annual,1986-09-26,1986-09-29,2026-09-02,10059,0.138503332338,-0.59486571022,177.69311725,39.9342915811,0.253285526282,0.518125987508,2485,2007-07-13,2009-03-09,2012-09-13,True,1284,1889,2008,-0.346120371743,1995,0.679915725825,-0.500587212002,-0.100964430608,-0.0528561204673,0.0563683837744,240,0.0648483845476,0.116687035011,0.106061414892,120,0.108555110029,0.135701196843,0,0,0.096631977032,0.0958762212623,0,,,0.903368022968,1.6139604291,1.6139604291,0.096631977032,1.78198628094,0,0,0,0.218013719058,0.781986280942,0,27,0,13,230,268,0,0.85670230502,205.067432747,205.879265183,0,-0,0,0,-8.881784197e-16,3.51362596245,9.09137633209,22.0181038865,45.4907119383
FIXED_85_15,SSO,LAG2,0,none,0.15,0,annual,1986-09-26,1986-09-29,2026-09-02,10059,0.134269517187,-0.570212448098,153.128177768,39.9342915811,0.239361486226,0.517861968869,2371,2007-07-19,2009-03-09,2012-09-13,True,1284,1883,2008,-0.326282152512,1995,0.645440279246,-0.48082293945,-0.092730362889,-0.0467319499346,0.0559945625825,240,0.0638561270979,0.11331845446,0.103469430481,120,0.105850759316,0.131222292869,0,0,0.145021186895,0.14414456539,0,,,0.854978813105,1.52943730548,1.52943730548,0.145021186895,1.78198628094,0,0,0,0.218013719058,0.781986280942,0,27,0,13,230,268,0,1.21758190375,192.794507533,193.949464948,0,-0,0,0,4.4408920985e-16,3.44872037924,8.55831979662,20.4623463623,40.4183477186
HWM_GRID,SSO,LAG2,0,staged,0.1,0.05,rule,1986-09-26,1986-09-29,2026-09-02,10059,0.146093498189,-0.640655432469,231.691816897,39.9342915811,0.279597094128,0.519074376649,2698,2007-07-13,2009-03-09,2013-01-18,True,1411,2016,2008,-0.385642723731,1995,0.744348707981,-0.532785568917,-0.117649491182,-0.065452692841,0.0562179998502,240,0.0659622714172,0.121828262116,0.110569973182,120,0.113253432038,0.143415189636,0,0,0.00527546475,0.000941762894786,0.410875832588,0,0,0.99472453525,1.77228263558,1.77228263558,0.00527546475,1.78198628094,0.0983199125162,0.312655333532,0,0.218013719058,0.781986280942,0,722,89,0,230,988,0,0.527760095666,229.25214553,229.632304286,0,-0,0,0,-8.881784197e-16,3.58786977524,9.96776827828,24.9968373528,55.7545017793
HWM_GRID,SSO,LAG2,0,staged,0.1,0.1,rule,1986-09-26,1986-09-29,2026-09-02,10059,0.14581459119,-0.640099243153,229.450826125,39.9342915811,0.277861453613,0.519549479213,2686,2007-07-13,2009-03-09,2013-01-17,True,1410,2015,2008,-0.38555924994,1995,0.739850956148,-0.527970551323,-0.117478184632,-0.0652722693183,0.0560105401952,240,0.0657126950393,0.121479629083,0.110423596083,120,0.113080377137,0.142762100708,0,0,0.0105065384581,0.00190586242444,0.409881697982,0,0,0.989493461542,1.76265032828,1.76265032828,0.0105065384581,1.78198628094,0.0983199125162,0.311561785466,0,0.218013719058,0.781986280942,0,729,89,0,230,995,0,1.05319869985,228.516938786,229.277355134,0,-0,0,0,4.4408920985e-16,3.57110635583,9.90439296238,24.8805219155,54.8171941425
HWM_GRID,SSO,LAG2,0,staged,0.1,0.15,rule,1986-09-26,1986-09-29,2026-09-02,10059,0.145528524152,-0.63953704219,227.1742622,39.9342915811,0.27616388633,0.519992414258,2686,2007-07-13,2009-03-09,2012-09-14,True,1285,1890,2008,-0.385475096084,1995,0.735340819429,-0.523188339097,-0.117307897778,-0.0650932182,0.0558095369708,240,0.065468599675,0.120846369692,0.110273559558,120,0.112903835527,0.142065802916,0,0,0.015694620783,0.00288819383614,0.400835073069,0,0.0039765384233,0.984305379217,1.75308716892,1.75308716892,0.015694620783,1.78198628094,0.0980216721344,0.302813400934,0,0.218013719058,0.781986280942,0,734,91,0,230,1001,0,1.5762648785,227.793699863,228.934293062,0,-0,0,0,-6.66133814775e-16,3.55478307497,9.79317464231,24.7624021408,53.8238369781
HWM_GRID,SSO,LAG2,0,staged,0.15,0.05,rule,1986-09-26,1986-09-29,2026-09-02,10059,0.146093498189,-0.640655432469,231.691816897,39.9342915811,0.279597094128,0.519074376649,2698,2007-07-13,2009-03-09,2013-01-18,True,1411,2016,2008,-0.385642723731,1995,0.744348707981,-0.532785568917,-0.117649491182,-0.065452692841,0.0562179998502,240,0.0659622714172,0.121828262116,0.110569973182,120,0.113253432038,0.143415189636,0,0,0.00527546475,0.000941762894786,0.410875832588,0,0,0.99472453525,1.77228263558,1.77228263558,0.00527546475,1.78198628094,0.0983199125162,0.312655333532,0,0.218013719058,0.781986280942,0,722,89,0,230,988,0,0.527760095666,229.25214553,229.632304286,0,-0,0,0,-8.881784197e-16,3.58786977524,9.96776827828,24.9968373528,55.7545017793
HWM_GRID,SSO,LAG2,0,staged,0.15,0.1,rule,1986-09-26,1986-09-29,2026-09-02,10059,0.14581459119,-0.640099243153,229.450826125,39.9342915811,0.277861453613,0.519549479213,2686,2007-07-13,2009-03-09,2013-01-17,True,1410,2015,2008,-0.38555924994,1995,0.739850956148,-0.527970551323,-0.117478184632,-0.0652722693183,0.0560105401952,240,0.0657126950393,0.121479629083,0.110423596083,120,0.113080377137,0.142762100708,0,0,0.0105065384581,0.00190586242444,0.409881697982,0,0,0.989493461542,1.76265032828,1.76265032828,0.0105065384581,1.78198628094,0.0983199125162,0.311561785466,0,0.218013719058,0.781986280942,0,729,89,0,230,995,0,1.05319869985,228.516938786,229.277355134,0,-0,0,0,4.4408920985e-16,3.57110635583,9.90439296238,24.8805219155,54.8171941425
HWM_GRID,SSO,LAG2,0,staged,0.15,0.15,rule,1986-09-26,1986-09-29,2026-09-02,10059,0.145528524152,-0.63953704219,227.1742622,39.9342915811,0.27616388633,0.519992414258,2686,2007-07-13,2009-03-09,2012-09-14,True,1285,1890,2008,-0.385475096084,1995,0.735340819429,-0.523188339097,-0.117307897778,-0.0650932182,0.0558095369708,240,0.065468599675,0.120846369692,0.110273559558,120,0.112903835527,0.142065802916,0,0,0.015694620783,0.00288819383614,0.400835073069,0,0,0.984305379217,1.75308716892,1.75308716892,0.015694620783,1.78198628094,0.0980216721344,0.302813400934,0,0.218013719058,0.781986280942,0,734,91,0,230,1001,0,1.5762648785,227.793699863,228.934293062,0,-0,0,0,-6.66133814775e-16,3.55478307497,9.79317464231,24.7624021408,53.8238369781
HWM_GRID,SSO,LAG2,0,staged,0.2,0.05,rule,1986-09-26,1986-09-29,2026-09-02,10059,0.146093498189,-0.640655432469,231.691816897,39.9342915811,0.279597094128,0.519074376649,2698,2007-07-13,2009-03-09,2013-01-18,True,1411,2016,2008,-0.385642723731,1995,0.744348707981,-0.532785568917,-0.117649491182,-0.065452692841,0.0562179998502,240,0.0659622714172,0.121828262116,0.110569973182,120,0.113253432038,0.143415189636,0,0,0.00527546475,0.000941762894786,0.410875832588,0,0,0.99472453525,1.77228263558,1.77228263558,0.00527546475,1.78198628094,0.0983199125162,0.312655333532,0,0.218013719058,0.781986280942,0,722,89,0,230,988,0,0.527760095666,229.25214553,229.632304286,0,-0,0,0,-8.881784197e-16,3.58786977524,9.96776827828,24.9968373528,55.7545017793
HWM_GRID,SSO,LAG2,0,staged,0.2,0.1,rule,1986-09-26,1986-09-29,2026-09-02,10059,0.14581459119,-0.640099243153,229.450826125,39.9342915811,0.277861453613,0.519549479213,2686,2007-07-13,2009-03-09,2013-01-17,True,1410,2015,2008,-0.38555924994,1995,0.739850956148,-0.527970551323,-0.117478184632,-0.0652722693183,0.0560105401952,240,0.0657126950393,0.121479629083,0.110423596083,120,0.113080377137,0.142762100708,0,0,0.0105065384581,0.00190586242444,0.409881697982,0,0,0.989493461542,1.76265032828,1.76265032828,0.0105065384581,1.78198628094,0.0983199125162,0.311561785466,0,0.218013719058,0.781986280942,0,729,89,0,230,995,0,1.05319869985,228.516938786,229.277355134,0,-0,0,0,4.4408920985e-16,3.57110635583,9.90439296238,24.8805219155,54.8171941425
HWM_GRID,SSO,LAG2,0,staged,0.2,0.15,rule,1986-09-26,1986-09-29,2026-09-02,10059,0.145528524152,-0.63953704219,227.1742622,39.9342915811,0.27616388633,0.519992414258,2686,2007-07-13,2009-03-09,2012-09-14,True,1285,1890,2008,-0.385475096084,1995,0.735340819429,-0.523188339097,-0.117307897778,-0.0650932182,0.0558095369708,240,0.065468599675,0.120846369692,0.110273559558,120,0.112903835527,0.142065802916,0,0,0.015694620783,0.00288819383614,0.400835073069,0,0,0.984305379217,1.75308716892,1.75308716892,0.015694620783,1.78198628094,0.0980216721344,0.302813400934,0,0.218013719058,0.781986280942,0,734,91,0,230,1001,0,1.5762648785,227.793699863,228.934293062,0,-0,0,0,-6.66133814775e-16,3.55478307497,9.79317464231,24.7624021408,53.8238369781
HWM_RESERVE_HOLD_ONLY,SSO,LAG2,0,hold,0.15,0.1,rule,1986-09-26,1986-09-29,2026-09-02,10059,0.13421137561,-0.566395244255,152.815037916,39.9342915811,0.24483289918,0.512249204866,2485,1987-08-25,1987-10-19,1991-12-30,True,1533,1588,2008,-0.318942758273,1995,0.679669972037,-0.512670515866,-0.0849411836937,-0.0453746101913,0.0520928865571,240,0.0602664481131,0.113164398868,0.101927769021,120,0.104399143322,0.131039075047,0,0,0.126137561822,0.12615617634,0.00039765384233,0,0.247042449548,0.873862438178,1.56459055656,1.56459055656,0.126137561822,1.78198628094,9.94134605826e-05,0.000298240381748,0,0.218013719058,0.781986280942,0,742,0,0,230,972,0,0.50279167797,197.932002812,198.43479449,0,-0,0,0,6.66133814775e-16,3.22329733802,8.53717975808,19.6716536316,40.236809382
ASYMMETRIC_RESERVE_BAND_HOLD_ONLY,SSO,LAG2,0,hold,0.2,0.1,rule,1986-09-26,1986-09-29,2026-09-02,10059,0.137560034259,-0.589677641762,171.907585823,39.9342915811,0.253078091349,0.515046123902,2679,2007-07-13,2009-03-09,2012-09-14,True,1285,1890,2008,-0.34651855429,1995,0.689695801399,-0.49836629648,-0.0983568588937,-0.0534953722574,0.0547643903636,240,0.0633305931297,0.115470868244,0.104865668442,120,0.107376738449,0.135020224293,0,0,0.0965558453938,0.0938937389931,0,0,0,0.903444154606,1.61525373365,1.61525373365,0.0965558453938,1.78198628094,0,0,0,0.218013719058,0.781986280942,0,5,0,0,230,235,0,0.25113667508,205.210617502,205.461754177,0,-0,0,0,-1.11022302463e-15,3.41480715904,8.89541530821,21.3266445968,44.6872341533
MATCHED_FIXED_FOR_HWM_RESERVE,SSO,LAG2,10,none,0,0,quarterly,1986-09-26,1986-09-29,2026-09-02,10059,0.139777798662,-0.647256355743,185.812174112,39.9342915811,0.281386293803,0.49806193789,2832,2007-07-13,2009-03-09,2013-02-08,True,1432,2037,2008,-0.386953414461,1995,0.748832811145,-0.538553410671,-0.126779402668,-0.0737286304799,0.0492160379913,240,0.0589345068698,0.114920335183,0.1042117799,120,0.106906227671,0.137169942099,0,0,0,0,1,,,1,1.78198628094,1.78198628094,0,1.78198628094,0.218013719058,0.781986280942,0,0.218013719058,0.781986280942,0,0,0,0,230,230,230,0,230,230,4.95308726061,0.230115076724,0.20555782456,0.20555782456,0.00658674969663,3.14327235278,8.8080022072,21.0564576317,47.2974420505
MATCHED_FIXED_FOR_ASYMMETRIC_RESERVE_BAND,SSO,LAG2,10,none,0.05,0,quarterly,1986-09-26,1986-09-29,2026-09-02,10059,0.136306113814,-0.62569037179,164.500500526,39.9342915811,0.266589981725,0.498267790124,2758,2007-07-13,2009-03-09,2013-01-29,True,1422,2027,2008,-0.369961494533,1995,0.708004812063,-0.511632366554,-0.118343002305,-0.0673717752105,0.0493362333789,240,0.0583950743329,0.112392400359,0.102516804071,120,0.105081670133,0.133113258894,0,0,0.0496600283155,0.0490440558832,0,,,0.950339971684,1.69441299279,1.69441299279,0.0496600283155,1.78198628094,0,0,0,0.218013719058,0.781986280942,0,107,0,53,230,386,386,0.81170970524,217.727175373,218.529498612,4.38403040708,0.218632626603,0.196383108602,0.196383108602,0.00623811983258,3.11140252918,8.41706179183,20.0396745854,42.4887556086
MATCHED_FIXED_FOR_HWM_DRAWDOWN,SSO,LAG2,10,none,0.05,0,quarterly,1986-09-26,1986-09-29,2026-09-02,10059,0.136306113814,-0.62569037179,164.500500526,39.9342915811,0.266589981725,0.498267790124,2758,2007-07-13,2009-03-09,2013-01-29,True,1422,2027,2008,-0.369961494533,1995,0.708004812063,-0.511632366554,-0.118343002305,-0.0673717752105,0.0493362333789,240,0.0583950743329,0.112392400359,0.102516804071,120,0.105081670133,0.133113258894,0,0,0.0496600283155,0.0490440558832,0,,,0.950339971684,1.69441299279,1.69441299279,0.0496600283155,1.78198628094,0,0,0,0.218013719058,0.781986280942,0,107,0,53,230,386,386,0.81170970524,217.727175373,218.529498612,4.38403040708,0.218632626603,0.196383108602,0.196383108602,0.00623811983258,3.11140252918,8.41706179183,20.0396745854,42.4887556086
MATCHED_FIXED_FOR_BAND_DRAWDOWN,SSO,LAG2,10,none,0.05,0,quarterly,1986-09-26,1986-09-29,2026-09-02,10059,0.136306113814,-0.62569037179,164.500500526,39.9342915811,0.266589981725,0.498267790124,2758,2007-07-13,2009-03-09,2013-01-29,True,1422,2027,2008,-0.369961494533,1995,0.708004812063,-0.511632366554,-0.118343002305,-0.0673717752105,0.0493362333789,240,0.0583950743329,0.112392400359,0.102516804071,120,0.105081670133,0.133113258894,0,0,0.0496600283155,0.0490440558832,0,,,0.950339971684,1.69441299279,1.69441299279,0.0496600283155,1.78198628094,0,0,0,0.218013719058,0.781986280942,0,107,0,53,230,386,386,0.81170970524,217.727175373,218.529498612,4.38403040708,0.218632626603,0.196383108602,0.196383108602,0.00623811983258,3.11140252918,8.41706179183,20.0396745854,42.4887556086
FIXED_90_10,SSO,LAG2,10,none,0.1,0,monthly,1986-09-26,1986-09-29,2026-09-02,10059,0.132319209812,-0.604163819761,142.958110076,39.9342915811,0.252115228481,0.497355988519,2749,2007-07-13,2009-03-09,2013-01-23,True,1416,2021,2008,-0.35247767648,1995,0.664974607085,-0.486165995049,-0.110135979011,-0.0615005413894,0.0487381989651,240,0.0573251342138,0.109259920536,0.100525881815,120,0.102945668393,0.128555019707,0,0,0.0998496811709,0.0995456686162,0,,,0.900150318829,1.60464783407,1.60464783407,0.0998496811709,1.78198628094,0,0,0,0.218013719058,0.781986280942,0,291,0,189,230,692,692,2.56425741107,206.198291873,208.65709922,3.85033819005,0.20874960608,0.188401570485,0.188401570485,0.0059345002069,3.04909617597,7.95548740912,18.9095779639,37.6490649718
FIXED_85_15,SSO,LAG2,10,none,0.15,0,monthly,1986-09-26,1986-09-29,2026-09-02,10059,0.128257498963,-0.5809763439,123.846999089,39.9342915811,0.237622630564,0.497037105707,2699,2007-07-19,2009-03-09,2013-01-18,True,1411,2010,2008,-0.334779324169,1995,0.624417729256,-0.464613388861,-0.101873338863,-0.0555124004557,0.0482524655222,240,0.0562880211698,0.106100420692,0.0983372939076,120,0.10061908046,0.123929981177,0,0,0.149762753104,0.149356201374,0,,,0.850237246896,1.51594267123,1.51594267123,0.149762753104,1.78198628094,0,0,0,0.218013719058,0.781986280942,0,291,0,189,230,692,692,3.62758722641,194.379945513,197.858940408,3.35107379709,0.197941166677,0.179581880358,0.179581880358,0.00560628461599,2.98983412209,7.51435073267,17.7487643611,33.2848969228
FIXED_90_10,SSO,LAG2,10,none,0.1,0,annual,1986-09-26,1986-09-29,2026-09-02,10059,0.132646343578,-0.60100545274,144.616764391,39.9342915811,0.253298540544,0.497736299054,2709,2007-07-13,2009-03-09,2013-01-25,True,1418,2023,2008,-0.347301688007,1995,0.679888789934,-0.501475504562,-0.109145454591,-0.0601987685759,0.0498985080802,240,0.0583265719044,0.110180921005,0.100265013448,120,0.102745640181,0.129570921938,0,0,0.096631977032,0.0958762212623,0,,,0.903368022968,1.6139604291,1.6139604291,0.096631977032,1.78198628094,0,0,0,0.218013719058,0.781986280942,0,27,0,13,230,268,268,0.85670230502,205.067432747,205.879265183,3.80085677448,0.205970762679,0.18614312907,0.18614312907,0.00585698876032,3.10737742299,8.0886341968,18.80696119,38.6794334701
FIXED_85_15,SSO,LAG2,10,none,0.15,0,annual,1986-09-26,1986-09-29,2026-09-02,10059,0.128771762778,-0.576358628104,126.121404613,39.9342915811,0.23937391171,0.497535988161,2698,2007-07-19,2009-03-09,2013-01-18,True,1411,2010,2008,-0.327433991036,1995,0.645403233174,-0.481692569156,-0.100510788122,-0.0536919766168,0.0498968674611,240,0.0577130364553,0.107204554942,0.0980207101237,120,0.100390280414,0.125401616839,0,0,0.145021186895,0.14414456539,0,,,0.854978813105,1.52943730548,1.52943730548,0.145021186895,1.78198628094,0,0,0,0.218013719058,0.781986280942,0,27,0,13,230,268,268,1.21758190375,192.794507533,193.949464948,3.29195148601,0.194030362129,0.176367103359,0.176367103359,0.00549775440919,3.07154683957,7.66586323122,17.6384023324,34.6288777325
HWM_GRID,SSO,LAG2,10,staged,0.1,0.05,rule,1986-09-26,1986-09-29,2026-09-02,10059,0.139533247128,-0.646921239177,184.226706107,39.9342915811,0.279655933815,0.498484122716,2832,2007-07-13,2009-03-09,2013-02-08,True,1432,2037,2008,-0.386903251982,1995,0.744609195822,-0.533702720167,-0.126648062159,-0.0735679196215,0.049005126737,240,0.0586860735486,0.114627265869,0.104082330436,120,0.106750790195,0.136569317058,0,0,0.0051151777199,0.000536789934988,0.423898995924,0,0,0.99488482228,1.77258873568,1.77258873568,0.0051151777199,1.78198628094,0.0983199125162,0.326672631474,0,0.218013719058,0.781986280942,0,687,89,0,230,953,953,0.505438723564,229.277450277,229.640314893,4.91043607737,0.229754674544,0.205271454267,0.204863129935,0.00656025106092,3.12855651145,8.76311408035,20.9679282952,46.5536911371
HWM_GRID,SSO,LAG2,10,staged,0.1,0.1,rule,1986-09-26,1986-09-29,2026-09-02,10059,0.139281249488,-0.646577128397,182.606763544,39.9342915811,0.277964058608,0.498875890437,2831,2007-07-13,2009-03-09,2013-02-08,True,1432,2037,2008,-0.386851828353,1995,0.740369021377,-0.528885958199,-0.126514632861,-0.0734069452243,0.0488014139207,240,0.0584436525312,0.11420806972,0.103948871158,120,0.10659150566,0.135966723376,0,0,0.0101883484281,0.00110039921806,0.423700169003,0,0,0.989811651572,1.76325827303,1.76325827303,0.0101883484281,1.78198628094,0.0983199125162,0.325479669947,0,0.218013719058,0.781986280942,0,692,89,0,230,958,958,1.00879116084,228.566727761,229.292630372,4.86769067561,0.229406296626,0.204994540158,0.204157306262,0.00653334170133,3.11425991685,8.69616217467,20.8775811808,45.8189875635
HWM_GRID,SSO,LAG2,10,staged,0.1,0.15,rule,1986-09-26,1986-09-29,2026-09-02,10059,0.139021215739,-0.646224205035,180.949722695,39.9342915811,0.276309376128,0.499234510953,2831,2007-07-13,2009-03-09,2013-02-01,True,1425,2030,2008,-0.386799176893,1995,0.736110893501,-0.526992743177,-0.126379209009,-0.0732457529961,0.0486044536888,240,0.0582069018996,0.113643903259,0.103811232822,120,0.106428202854,0.135348776324,0,0,0.0152206781884,0.00168027892739,0.421910726712,0,0.0039765384233,0.984779321812,1.75399311369,1.75399311369,0.0152206781884,1.78198628094,0.0983199125162,0.323590814196,0,0.218013719058,0.781986280942,0,698,89,0,230,964,964,1.50999000283,227.867535395,228.956528747,4.82482368889,0.229069524184,0.20472675914,0.203476129108,0.00650730841303,3.10035764864,8.60849654819,20.7853455966,45.0925314873
HWM_GRID,SSO,LAG2,10,staged,0.15,0.05,rule,1986-09-26,1986-09-29,2026-09-02,10059,0.139533247128,-0.646921239177,184.226706107,39.9342915811,0.279655933815,0.498484122716,2832,2007-07-13,2009-03-09,2013-02-08,True,1432,2037,2008,-0.386903251982,1995,0.744609195822,-0.533702720167,-0.126648062159,-0.0735679196215,0.049005126737,240,0.0586860735486,0.114627265869,0.104082330436,120,0.106750790195,0.136569317058,0,0,0.0051151777199,0.000536789934988,0.423898995924,0,0,0.99488482228,1.77258873568,1.77258873568,0.0051151777199,1.78198628094,0.0983199125162,0.326672631474,0,0.218013719058,0.781986280942,0,687,89,0,230,953,953,0.505438723564,229.277450277,229.640314893,4.91043607737,0.229754674544,0.205271454267,0.204863129935,0.00656025106092,3.12855651145,8.76311408035,20.9679282952,46.5536911371
HWM_GRID,SSO,LAG2,10,staged,0.15,0.1,rule,1986-09-26,1986-09-29,2026-09-02,10059,0.139281249488,-0.646577128397,182.606763544,39.9342915811,0.277964058608,0.498875890437,2831,2007-07-13,2009-03-09,2013-02-08,True,1432,2037,2008,-0.386851828353,1995,0.740369021377,-0.528885958199,-0.126514632861,-0.0734069452243,0.0488014139207,240,0.0584436525312,0.11420806972,0.103948871158,120,0.10659150566,0.135966723376,0,0,0.0101883484281,0.00110039921806,0.423700169003,0,0,0.989811651572,1.76325827303,1.76325827303,0.0101883484281,1.78198628094,0.0983199125162,0.325479669947,0,0.218013719058,0.781986280942,0,692,89,0,230,958,958,1.00879116084,228.566727761,229.292630372,4.86769067561,0.229406296626,0.204994540158,0.204157306262,0.00653334170133,3.11425991685,8.69616217467,20.8775811808,45.8189875635
HWM_GRID,SSO,LAG2,10,staged,0.15,0.15,rule,1986-09-26,1986-09-29,2026-09-02,10059,0.139021215739,-0.646224205035,180.949722695,39.9342915811,0.276309376128,0.499234510953,2831,2007-07-13,2009-03-09,2013-02-01,True,1425,2030,2008,-0.386799176893,1995,0.736110893501,-0.526992743177,-0.126379209009,-0.0732457529961,0.0486044536888,240,0.0582069018996,0.113643903259,0.103811232822,120,0.106428202854,0.135348776324,0,0,0.0152206781884,0.00168027892739,0.421910726712,0,0,0.984779321812,1.75399311369,1.75399311369,0.0152206781884,1.78198628094,0.0983199125162,0.323590814196,0,0.218013719058,0.781986280942,0,698,89,0,230,964,964,1.50999000283,227.867535395,228.956528747,4.82482368889,0.229069524184,0.20472675914,0.203476129108,0.00650730841303,3.10035764864,8.60849654819,20.7853455966,45.0925314873
HWM_GRID,SSO,LAG2,10,staged,0.2,0.05,rule,1986-09-26,1986-09-29,2026-09-02,10059,0.139533247128,-0.646921239177,184.226706107,39.9342915811,0.279655933815,0.498484122716,2832,2007-07-13,2009-03-09,2013-02-08,True,1432,2037,2008,-0.386903251982,1995,0.744609195822,-0.533702720167,-0.126648062159,-0.0735679196215,0.049005126737,240,0.0586860735486,0.114627265869,0.104082330436,120,0.106750790195,0.136569317058,0,0,0.0051151777199,0.000536789934988,0.423898995924,0,0,0.99488482228,1.77258873568,1.77258873568,0.0051151777199,1.78198628094,0.0983199125162,0.326672631474,0,0.218013719058,0.781986280942,0,687,89,0,230,953,953,0.505438723564,229.277450277,229.640314893,4.91043607737,0.229754674544,0.205271454267,0.204863129935,0.00656025106092,3.12855651145,8.76311408035,20.9679282952,46.5536911371
HWM_GRID,SSO,LAG2,10,staged,0.2,0.1,rule,1986-09-26,1986-09-29,2026-09-02,10059,0.139281249488,-0.646577128397,182.606763544,39.9342915811,0.277964058608,0.498875890437,2831,2007-07-13,2009-03-09,2013-02-08,True,1432,2037,2008,-0.386851828353,1995,0.740369021377,-0.528885958199,-0.126514632861,-0.0734069452243,0.0488014139207,240,0.0584436525312,0.11420806972,0.103948871158,120,0.10659150566,0.135966723376,0,0,0.0101883484281,0.00110039921806,0.423700169003,0,0,0.989811651572,1.76325827303,1.76325827303,0.0101883484281,1.78198628094,0.0983199125162,0.325479669947,0,0.218013719058,0.781986280942,0,692,89,0,230,958,958,1.00879116084,228.566727761,229.292630372,4.86769067561,0.229406296626,0.204994540158,0.204157306262,0.00653334170133,3.11425991685,8.69616217467,20.8775811808,45.8189875635
HWM_GRID,SSO,LAG2,10,staged,0.2,0.15,rule,1986-09-26,1986-09-29,2026-09-02,10059,0.139021215739,-0.646224205035,180.949722695,39.9342915811,0.276309376128,0.499234510953,2831,2007-07-13,2009-03-09,2013-02-01,True,1425,2030,2008,-0.386799176893,1995,0.736110893501,-0.526992743177,-0.126379209009,-0.0732457529961,0.0486044536888,240,0.0582069018996,0.113643903259,0.103811232822,120,0.106428202854,0.135348776324,0,0,0.0152206781884,0.00168027892739,0.421910726712,0,0,0.984779321812,1.75399311369,1.75399311369,0.0152206781884,1.78198628094,0.0983199125162,0.323590814196,0,0.218013719058,0.781986280942,0,698,89,0,230,964,964,1.50999000283,227.867535395,228.956528747,4.82482368889,0.229069524184,0.20472675914,0.203476129108,0.00650730841303,3.10035764864,8.60849654819,20.7853455966,45.0925314873
HWM_RESERVE_HOLD_ONLY,SSO,LAG2,10,hold,0.15,0.1,rule,1986-09-26,1986-09-29,2026-09-02,10059,0.129073273713,-0.566555151529,127.47376294,39.9342915811,0.245977790898,0.49254680113,2749,1987-08-25,1987-10-19,1991-12-31,True,1534,1589,2008,-0.323350729507,1995,0.682101220778,-0.513714824555,-0.0944395032534,-0.0532438612297,0.046365102726,240,0.0545511490471,0.107158051066,0.0967470227581,120,0.0992149562702,0.125779268931,0,0,0.122120680476,0.120841243181,0.00039765384233,0,0.211054776817,0.877879319524,1.57165540106,1.57165540106,0.122120680476,1.78198628094,9.94134605826e-05,0.000298240381748,0,0.218013719058,0.781986280942,0,703,0,0,230,933,933,0.484740964298,198.837589434,199.322330398,3.41234371038,0.199408514617,0.180784836402,0.165829720176,0.00513810189727,2.89303031638,7.65938633647,17.0818579575,34.9678391282
ASYMMETRIC_RESERVE_BAND_HOLD_ONLY,SSO,LAG2,10,hold,0.2,0.1,rule,1986-09-26,1986-09-29,2026-09-02,10059,0.13171972621,-0.59595767433,139.966575224,39.9342915811,0.253091696767,0.494680628497,2758,2007-07-13,2009-03-09,2013-02-01,True,1425,2030,2008,-0.347690452714,1995,0.689695801399,-0.499227422823,-0.106596746924,-0.0608392653982,0.0483315844433,240,0.0568455435801,0.10894402898,0.0990690507591,120,0.101566946573,0.128815187055,0,0,0.0965558453938,0.0938937389931,0,0,0,0.903444154606,1.61525373365,1.61525373365,0.0965558453938,1.78198628094,0,0,0,0.218013719058,0.781986280942,0,5,0,0,230,235,235,0.25113667508,205.210617502,205.461754177,3.6801179498,0.205553394992,0.185803380615,0.185803380615,0.00584030804854,3.02155433905,7.91029239532,18.2131218093,37.9106792256
MATCHED_FIXED_FOR_HWM_RESERVE,SSO,LAG2,25,none,0,0,quarterly,1986-09-26,1986-09-29,2026-09-02,10059,0.129956336312,-0.658446682055,131.516388794,39.9342915811,0.281444978704,0.467247798788,5004,1999-07-16,2009-03-09,2013-03-28,True,1480,5004,2008,-0.38879301308,1995,0.748832811145,-0.539931502977,-0.140062863491,-0.085753952421,0.0384718318739,240,0.0480907814646,0.104192127822,0.0945208993244,120,0.0971916998461,0.126951694936,0,0,0,0,1,,,1,1.78198628094,1.78198628094,0,1.78198628094,0.218013719058,0.781986280942,0,0.218013719058,0.781986280942,0,0,0,0,230,230,230,0,230,230,9.45726147372,0.575719950167,0.43770010486,0.43770010486,0.016408212047,2.55845641474,7.25991757286,16.1633192197,36.0828770015
MATCHED_FIXED_FOR_ASYMMETRIC_RESERVE_BAND,SSO,LAG2,25,none,0.05,0,quarterly,1986-09-26,1986-09-29,2026-09-02,10059,0.12700180554,-0.634621895007,118.460234655,39.9342915811,0.266646592827,0.467364330822,2877,2007-07-13,2009-03-09,2013-03-08,True,1460,2065,2008,-0.37178151443,1995,0.707947883369,-0.514218374939,-0.131049954876,-0.0788550153802,0.0391300847947,240,0.0481008168339,0.102124373458,0.0933236803205,120,0.0958671597423,0.123468227203,0,0,0.0496600283155,0.0490440558832,0,,,0.950339971684,1.69441299279,1.69441299279,0.0496600283155,1.78198628094,0,0,0,0.218013719058,0.781986280942,0,107,0,53,230,386,386,0.81170970524,217.727175373,218.529498612,8.4996364205,0.546968907788,0.421298748493,0.421298748493,0.0155424281069,2.55894639883,6.99224442963,15.5880503352,32.8875470628
MATCHED_FIXED_FOR_HWM_DRAWDOWN,SSO,LAG2,25,none,0.05,0,quarterly,1986-09-26,1986-09-29,2026-09-02,10059,0.12700180554,-0.634621895007,118.460234655,39.9342915811,0.266646592827,0.467364330822,2877,2007-07-13,2009-03-09,2013-03-08,True,1460,2065,2008,-0.37178151443,1995,0.707947883369,-0.514218374939,-0.131049954876,-0.0788550153802,0.0391300847947,240,0.0481008168339,0.102124373458,0.0933236803205,120,0.0958671597423,0.123468227203,0,0,0.0496600283155,0.0490440558832,0,,,0.950339971684,1.69441299279,1.69441299279,0.0496600283155,1.78198628094,0,0,0,0.218013719058,0.781986280942,0,107,0,53,230,386,386,0.81170970524,217.727175373,218.529498612,8.4996364205,0.546968907788,0.421298748493,0.421298748493,0.0155424281069,2.55894639883,6.99224442963,15.5880503352,32.8875470628
MATCHED_FIXED_FOR_BAND_DRAWDOWN,SSO,LAG2,25,none,0.05,0,quarterly,1986-09-26,1986-09-29,2026-09-02,10059,0.12700180554,-0.634621895007,118.460234655,39.9342915811,0.266646592827,0.467364330822,2877,2007-07-13,2009-03-09,2013-03-08,True,1460,2065,2008,-0.37178151443,1995,0.707947883369,-0.514218374939,-0.131049954876,-0.0788550153802,0.0391300847947,240,0.0481008168339,0.102124373458,0.0933236803205,120,0.0958671597423,0.123468227203,0,0,0.0496600283155,0.0490440558832,0,,,0.950339971684,1.69441299279,1.69441299279,0.0496600283155,1.78198628094,0,0,0,0.218013719058,0.781986280942,0,107,0,53,230,386,386,0.81170970524,217.727175373,218.529498612,8.4996364205,0.546968907788,0.421298748493,0.421298748493,0.0155424281069,2.55894639883,6.99224442963,15.5880503352,32.8875470628
FIXED_90_10,SSO,LAG2,25,none,0.1,0,monthly,1986-09-26,1986-09-29,2026-09-02,10059,0.123465648789,-0.613198868156,104.488793006,39.9342915811,0.252169821176,0.466154183507,2863,2007-07-13,2009-03-09,2013-03-06,True,1458,2063,2008,-0.354298332936,1995,0.664862898726,-0.493720265633,-0.122341680415,-0.0725050054085,0.0390148337022,240,0.0475221552705,0.0996111109571,0.0917670391356,120,0.0941675671661,0.119259458829,0,0,0.0998496811709,0.0995456686162,0,,,0.900150318829,1.60464783407,1.60464783407,0.0998496811709,1.78198628094,0,0,0,0.218013719058,0.781986280942,0,291,0,189,230,692,692,2.56425741107,206.198291873,208.65709922,7.56688546439,0.522221435202,0.406798675077,0.406798675077,0.0147880612294,2.53083797707,6.68013101826,14.8788246942,29.3804682627
FIXED_85_15,SSO,LAG2,25,none,0.15,0,monthly,1986-09-26,1986-09-29,2026-09-02,10059,0.119891344364,-0.590034068203,92.0034790252,39.9342915811,0.237674860962,0.465644887218,2848,2007-07-19,2009-03-09,2013-02-19,True,1443,2042,2008,-0.336580134059,1995,0.624262934767,-0.47205179187,-0.113518932795,-0.0659905202164,0.0390457967016,240,0.0470107770802,0.0968224963374,0.0900498044799,120,0.0923143738424,0.115249650858,0,0,0.149762753104,0.149356201374,0,,,0.850237246896,1.51594267123,1.51594267123,0.149762753104,1.78198628094,0,0,0,0.218013719058,0.781986280942,0,291,0,189,230,692,692,3.62758722641,194.379945513,197.858940408,6.6817742009,0.495161700288,0.390527652526,0.390527652526,0.0139724392151,2.50624220693,6.34940900124,14.1410596156,26.3850232662
FIXED_90_10,SSO,LAG2,25,none,0.1,0,annual,1986-09-26,1986-09-29,2026-09-02,10059,0.123907636674,-0.610051005486,106.143024126,39.9342915811,0.25335121128,0.467094586174,2861,2007-07-13,2009-03-09,2013-03-07,True,1459,2064,2008,-0.349071627711,1995,0.679848386098,-0.502806424862,-0.121291081898,-0.0711182338449,0.0402572248628,240,0.0486078932533,0.100392674269,0.091617741146,120,0.09407887198,0.120375895495,0,0,0.096631977032,0.0958762212623,0,,,0.903368022968,1.6139604291,1.6139604291,0.096631977032,1.78198628094,0,0,0,0.218013719058,0.781986280942,0,27,0,13,230,268,268,0.85670230502,205.067432747,205.879265183,7.49068840407,0.515270533144,0.402661027233,0.402661027233,0.0145956956641,2.58382115476,6.77573010688,14.8426824177,30.2724693887
FIXED_85_15,SSO,LAG2,25,none,0.15,0,annual,1986-09-26,1986-09-29,2026-09-02,10059,0.120566530171,-0.585422876799,94.2447987799,39.9342915811,0.239423561036,0.466990494031,2840,2007-07-19,2009-03-09,2013-03-05,True,1457,2056,2008,-0.329159857374,1995,0.645347664067,-0.482995595876,-0.112068557628,-0.0640476230345,0.0408068047397,240,0.0485553009285,0.0979154992276,0.0898895784114,120,0.0922416014114,0.116883346592,0,0,0.145021186895,0.14414456539,0,,,0.854978813105,1.52943730548,1.52943730548,0.145021186895,1.78198628094,0,0,0,0.218013719058,0.781986280942,0,27,0,13,230,268,268,1.21758190375,192.794507533,193.949464948,6.58975990301,0.48537969441,0.384536535644,0.384536535644,0.0137029870168,2.58123058807,6.47767422389,14.1128223422,27.5656690058
HWM_GRID,SSO,LAG2,25,staged,0.1,0.05,rule,1986-09-26,1986-09-29,2026-09-02,10059,0.12976697641,-0.657883460515,130.639113106,39.9342915811,0.279791115253,0.467596339049,5004,1999-07-16,2009-03-09,2013-03-28,True,1480,5004,2008,-0.38879301308,1995,0.744976916378,-0.535076758288,-0.140062863491,-0.0856621422421,0.0382967481952,240,0.0478837447196,0.103767371585,0.0944334263651,120,0.0970795877201,0.126419363059,0,0,0.00482373244775,3.19959160623e-06,0.49995029327,0,0,0.995176267552,1.77314774912,1.77314774912,0.00482373244775,1.78198628094,0.135997614077,0.365046227259,0,0.218013719058,0.781986280942,0,633,75,0,230,894,894,0.472511239498,229.32145575,229.66012843,9.3912290659,0.574866056694,0.437219755595,0.436151371869,0.0163265217788,2.54836756272,7.20363583996,16.1138427912,35.5807884948
HWM_GRID,SSO,LAG2,25,staged,0.1,0.1,rule,1986-09-26,1986-09-29,2026-09-02,10059,0.129567565569,-0.657321412641,129.721440858,39.9342915811,0.278174606319,0.467909100488,5004,1999-07-16,2009-03-09,2013-03-28,True,1480,5004,2008,-0.38879301308,1995,0.741099818988,-0.535010466459,-0.140062863491,-0.0855712076301,0.0381250230414,240,0.0476786875997,0.103335218502,0.0943380135482,120,0.0969596713073,0.125855634332,0,0,0.0096127373405,0.000198063615548,0.496172581768,0,0,0.990387262659,1.7643625013,1.7643625013,0.0096127373405,1.78198628094,0.135997614077,0.360274381151,0,0.218013719058,0.781986280942,0,640,75,0,230,901,901,0.943226702434,228.652801061,229.330228131,9.32401112808,0.574037223918,0.436753111524,0.434643827401,0.016247025621,2.53841243934,7.14743395964,16.0610842853,35.0503752825
HWM_GRID,SSO,LAG2,25,staged,0.1,0.15,rule,1986-09-26,1986-09-29,2026-09-02,10059,0.129358493732,-0.656760325469,128.766058816,39.9342915811,0.276594026365,0.468186437847,5004,1999-07-16,2009-03-09,2013-03-28,True,1480,5004,2008,-0.38879301308,1995,0.737199120138,-0.535010466459,-0.140062863491,-0.0854811412822,0.03795640612,240,0.0474754609818,0.102900710323,0.0942352157633,120,0.0968325057637,0.125289834316,0,0,0.0143693565396,0.000296009900742,0.495973754846,0,0.0039765384233,0.98563064346,1.75562640383,1.75562640383,0.0143693565396,1.78198628094,0.135997614077,0.36007555423,0,0.218013719058,0.781986280942,0,644,75,0,230,905,905,1.41203407454,227.993807801,229.009918831,9.25576412667,0.573232494962,0.436299668018,0.433183770163,0.0161700304201,2.52858264247,7.09134665235,16.0053188815,34.5257345414
HWM_GRID,SSO,LAG2,25,staged,0.15,0.05,rule,1986-09-26,1986-09-29,2026-09-02,10059,0.12976697641,-0.657883460515,130.639113106,39.9342915811,0.279791115253,0.467596339049,5004,1999-07-16,2009-03-09,2013-03-28,True,1480,5004,2008,-0.38879301308,1995,0.744976916378,-0.535076758288,-0.140062863491,-0.0856621422421,0.0382967481952,240,0.0478837447196,0.103767371585,0.0944334263651,120,0.0970795877201,0.126419363059,0,0,0.00482373244775,3.19959160623e-06,0.49995029327,0,0,0.995176267552,1.77314774912,1.77314774912,0.00482373244775,1.78198628094,0.135997614077,0.365046227259,0,0.218013719058,0.781986280942,0,633,75,0,230,894,894,0.472511239498,229.32145575,229.66012843,9.3912290659,0.574866056694,0.437219755595,0.436151371869,0.0163265217788,2.54836756272,7.20363583996,16.1138427912,35.5807884948
HWM_GRID,SSO,LAG2,25,staged,0.15,0.1,rule,1986-09-26,1986-09-29,2026-09-02,10059,0.129567565569,-0.657321412641,129.721440858,39.9342915811,0.278174606319,0.467909100488,5004,1999-07-16,2009-03-09,2013-03-28,True,1480,5004,2008,-0.38879301308,1995,0.741099818988,-0.535010466459,-0.140062863491,-0.0855712076301,0.0381250230414,240,0.0476786875997,0.103335218502,0.0943380135482,120,0.0969596713073,0.125855634332,0,0,0.0096127373405,0.000198063615548,0.496172581768,0,0,0.990387262659,1.7643625013,1.7643625013,0.0096127373405,1.78198628094,0.135997614077,0.360274381151,0,0.218013719058,0.781986280942,0,640,75,0,230,901,901,0.943226702434,228.652801061,229.330228131,9.32401112808,0.574037223918,0.436753111524,0.434643827401,0.016247025621,2.53841243934,7.14743395964,16.0610842853,35.0503752825
HWM_GRID,SSO,LAG2,25,staged,0.15,0.15,rule,1986-09-26,1986-09-29,2026-09-02,10059,0.129358493732,-0.656760325469,128.766058816,39.9342915811,0.276594026365,0.468186437847,5004,1999-07-16,2009-03-09,2013-03-28,True,1480,5004,2008,-0.38879301308,1995,0.737199120138,-0.535010466459,-0.140062863491,-0.0854811412822,0.03795640612,240,0.0474754609818,0.102900710323,0.0942352157633,120,0.0968325057637,0.125289834316,0,0,0.0143693565396,0.000296009900742,0.495973754846,0,0,0.98563064346,1.75562640383,1.75562640383,0.0143693565396,1.78198628094,0.135997614077,0.36007555423,0,0.218013719058,0.781986280942,0,644,75,0,230,905,905,1.41203407454,227.993807801,229.009918831,9.25576412667,0.573232494962,0.436299668018,0.433183770163,0.0161700304201,2.52858264247,7.09134665235,16.0053188815,34.5257345414
HWM_GRID,SSO,LAG2,25,staged,0.2,0.05,rule,1986-09-26,1986-09-29,2026-09-02,10059,0.12976697641,-0.657883460515,130.639113106,39.9342915811,0.279791115253,0.467596339049,5004,1999-07-16,2009-03-09,2013-03-28,True,1480,5004,2008,-0.38879301308,1995,0.744976916378,-0.535076758288,-0.140062863491,-0.0856621422421,0.0382967481952,240,0.0478837447196,0.103767371585,0.0944334263651,120,0.0970795877201,0.126419363059,0,0,0.00482373244775,3.19959160623e-06,0.49995029327,0,0,0.995176267552,1.77314774912,1.77314774912,0.00482373244775,1.78198628094,0.135997614077,0.365046227259,0,0.218013719058,0.781986280942,0,633,75,0,230,894,894,0.472511239498,229.32145575,229.66012843,9.3912290659,0.574866056694,0.437219755595,0.436151371869,0.0163265217788,2.54836756272,7.20363583996,16.1138427912,35.5807884948
HWM_GRID,SSO,LAG2,25,staged,0.2,0.1,rule,1986-09-26,1986-09-29,2026-09-02,10059,0.129567565569,-0.657321412641,129.721440858,39.9342915811,0.278174606319,0.467909100488,5004,1999-07-16,2009-03-09,2013-03-28,True,1480,5004,2008,-0.38879301308,1995,0.741099818988,-0.535010466459,-0.140062863491,-0.0855712076301,0.0381250230414,240,0.0476786875997,0.103335218502,0.0943380135482,120,0.0969596713073,0.125855634332,0,0,0.0096127373405,0.000198063615548,0.496172581768,0,0,0.990387262659,1.7643625013,1.7643625013,0.0096127373405,1.78198628094,0.135997614077,0.360274381151,0,0.218013719058,0.781986280942,0,640,75,0,230,901,901,0.943226702434,228.652801061,229.330228131,9.32401112808,0.574037223918,0.436753111524,0.434643827401,0.016247025621,2.53841243934,7.14743395964,16.0610842853,35.0503752825
HWM_GRID,SSO,LAG2,25,staged,0.2,0.15,rule,1986-09-26,1986-09-29,2026-09-02,10059,0.129358493732,-0.656760325469,128.766058816,39.9342915811,0.276594026365,0.468186437847,5004,1999-07-16,2009-03-09,2013-03-28,True,1480,5004,2008,-0.38879301308,1995,0.737199120138,-0.535010466459,-0.140062863491,-0.0854811412822,0.03795640612,240,0.0474754609818,0.102900710323,0.0942352157633,120,0.0968325057637,0.125289834316,0,0,0.0143693565396,0.000296009900742,0.495973754846,0,0,0.98563064346,1.75562640383,1.75562640383,0.0143693565396,1.78198628094,0.135997614077,0.36007555423,0,0.218013719058,0.781986280942,0,644,75,0,230,905,905,1.41203407454,227.993807801,229.009918831,9.25576412667,0.573232494962,0.436299668018,0.433183770163,0.0161700304201,2.52858264247,7.09134665235,16.0053188815,34.5257345414
HWM_RESERVE_HOLD_ONLY,SSO,LAG2,25,hold,0.15,0.1,rule,1986-09-26,1986-09-29,2026-09-02,10059,0.121300102877,-0.579361364531,96.7402788699,39.9342915811,0.247790487706,0.462868197832,2863,2007-07-13,2009-03-09,2013-03-11,True,1463,2068,2008,-0.330259986386,1995,0.685776085081,-0.515281515449,-0.108916523781,-0.065174731578,0.0376621155383,240,0.0458680756877,0.098506272144,0.0889083473025,120,0.0913712802037,0.117685820479,0,0,0.115983155118,0.112590329653,0.000695894224078,9.94134605826e-05,0.169798190675,0.884016844882,1.58241098925,1.58241098925,0.115983155118,1.78198628094,9.94134605826e-05,0.000596480763495,0,0.218013719058,0.781986280942,0,654,0,0,230,884,884,0.457225986102,200.246695369,200.703921356,6.93129837131,0.502306461837,0.394866668046,0.366945294199,0.0129112727337,2.45209975505,6.54797344247,13.7793144609,28.1530944428
ASYMMETRIC_RESERVE_BAND_HOLD_ONLY,SSO,LAG2,25,hold,0.2,0.1,rule,1986-09-26,1986-09-29,2026-09-02,10059,0.123005758554,-0.605208336244,102.794246947,39.9342915811,0.253145335762,0.464075582803,2877,2007-07-13,2009-03-09,2013-03-14,True,1466,2071,2008,-0.349446328359,1995,0.689695801399,-0.500517732076,-0.118829270604,-0.0717605659384,0.0387452219957,240,0.0471813260918,0.0992783715496,0.0904214558332,120,0.0928996979309,0.119725789642,0,0,0.0965558453938,0.0938937389931,0,0,0,0.903444154606,1.61525373365,1.61525373365,0.0965558453938,1.78198628094,0,0,0,0.218013719058,0.781986280942,0,5,0,0,230,235,235,0.25113667508,205.210617502,205.461754177,7.25787330136,0.514227652791,0.402037749208,0.402037749208,0.0145542757048,2.51441975835,6.63987183787,14.3701728272,29.7499408533
MATCHED_FIXED_FOR_HWM_RESERVE,SSO,LAG2,50,none,0,0,quarterly,1986-09-26,1986-09-29,2026-09-02,10059,0.113742686194,-0.725435835021,73.844889405,39.9342915811,0.281642804072,0.415771784844,5243,1999-07-16,2009-03-09,2013-11-22,True,1719,5243,2008,-0.391852868035,1995,0.748832811145,-0.547610744658,-0.161797442442,-0.10548934451,0.0207735993941,240,0.0302286173298,0.0859046104906,0.0785262468402,120,0.0811580179325,0.109661474869,0,0,0,0,1,,,1,1.78198628094,1.78198628094,0,1.78198628094,0.218013719058,0.781986280942,0,0.218013719058,0.781986280942,0,0,0,0,230,230,230,0,230,230,12.2340732237,1.15288461942,0.684275291087,0.684275291087,0.0326218621646,1.81414580068,5.19808195834,10.3925373565,22.6903055055
MATCHED_FIXED_FOR_ASYMMETRIC_RESERVE_BAND,SSO,LAG2,50,none,0.05,0,quarterly,1986-09-26,1986-09-29,2026-09-02,10059,0.111634773967,-0.69827550792,68.4644076828,39.9342915811,0.266835525842,0.415740339685,5219,1999-07-16,2009-03-09,2013-10-29,True,1695,5219,2008,-0.37480888699,1995,0.707853005315,-0.526669319893,-0.151861447204,-0.0977157285699,0.022308385361,240,0.0311338969315,0.0851786706137,0.0781433346868,120,0.0806514989522,0.10712311831,0,0,0.0496600283155,0.0490440558832,0,,,0.950339971684,1.69441299279,1.69441299279,0.0496600283155,1.78198628094,0,0,0,0.218013719058,0.781986280942,0,107,0,53,230,386,386,0.81170970524,217.727175373,218.529498612,11.2668499929,1.09523222516,0.665538072544,0.665538072544,0.0309094596796,1.84629577988,5.12890895323,10.2474526258,21.1836103658
MATCHED_FIXED_FOR_HWM_DRAWDOWN,SSO,LAG2,50,none,0.05,0,quarterly,1986-09-26,1986-09-29,2026-09-02,10059,0.111634773967,-0.69827550792,68.4644076828,39.9342915811,0.266835525842,0.415740339685,5219,1999-07-16,2009-03-09,2013-10-29,True,1695,5219,2008,-0.37480888699,1995,0.707853005315,-0.526669319893,-0.151861447204,-0.0977157285699,0.022308385361,240,0.0311338969315,0.0851786706137,0.0781433346868,120,0.0806514989522,0.10712311831,0,0,0.0496600283155,0.0490440558832,0,,,0.950339971684,1.69441299279,1.69441299279,0.0496600283155,1.78198628094,0,0,0,0.218013719058,0.781986280942,0,107,0,53,230,386,386,0.81170970524,217.727175373,218.529498612,11.2668499929,1.09523222516,0.665538072544,0.665538072544,0.0309094596796,1.84629577988,5.12890895323,10.2474526258,21.1836103658
MATCHED_FIXED_FOR_BAND_DRAWDOWN,SSO,LAG2,50,none,0.05,0,quarterly,1986-09-26,1986-09-29,2026-09-02,10059,0.111634773967,-0.69827550792,68.4644076828,39.9342915811,0.266835525842,0.415740339685,5219,1999-07-16,2009-03-09,2013-10-29,True,1695,5219,2008,-0.37480888699,1995,0.707853005315,-0.526669319893,-0.151861447204,-0.0977157285699,0.022308385361,240,0.0311338969315,0.0851786706137,0.0781433346868,120,0.0806514989522,0.10712311831,0,0,0.0496600283155,0.0490440558832,0,,,0.950339971684,1.69441299279,1.69441299279,0.0496600283155,1.78198628094,0,0,0,0.218013719058,0.781986280942,0,107,0,53,230,386,386,0.81170970524,217.727175373,218.529498612,11.2668499929,1.09523222516,0.665538072544,0.665538072544,0.0309094596796,1.84629577988,5.12890895323,10.2474526258,21.1836103658
FIXED_90_10,SSO,LAG2,50,none,0.1,0,monthly,1986-09-26,1986-09-29,2026-09-02,10059,0.108837479208,-0.671300569596,61.9109796388,39.9342915811,0.252350479725,0.414034049203,5208,1999-07-16,2009-03-09,2013-10-18,True,1684,5208,2008,-0.357326612528,1995,0.664676733062,-0.506086543756,-0.142348915542,-0.0905917277982,0.0229808172437,240,0.0313568543205,0.0834971557247,0.0772980652135,120,0.0796667795179,0.103882016222,0,0,0.0998496811709,0.0995456686162,0,,,0.900150318829,1.60464783407,1.60464783407,0.0998496811709,1.78198628094,0,0,0,0.218013719058,0.781986280942,0,291,0,189,230,692,692,2.56425741107,206.198291873,208.65709922,10.2513369816,1.04560371589,0.648520438485,0.648520438485,0.0294162308109,1.85429652476,4.97290807353,9.97097739581,19.4000638738
FIXED_85_15,SSO,LAG2,50,none,0.15,0,monthly,1986-09-26,1986-09-29,2026-09-02,10059,0.106062512657,-0.64099778096,56.0157602981,39.9342915811,0.237846450541,0.41320828982,5131,1999-07-16,2009-03-09,2013-08-02,True,1607,5131,2008,-0.339575438107,1995,0.624004973343,-0.484240417542,-0.132625362234,-0.0832249766243,0.0238554902847,240,0.0317040268137,0.0813621282052,0.0763533734722,120,0.0785894886137,0.100623623237,0,0,0.149762753104,0.149356201374,0,,,0.850237246896,1.51594267123,1.51594267123,0.149762753104,1.78198628094,0,0,0,0.218013719058,0.781986280942,0,291,0,189,230,692,692,3.62758722641,194.379945513,197.858940408,9.2647246443,0.991355007078,0.628926457063,0.628926457063,0.0278012709223,1.86682029028,4.77994924727,9.67677146355,17.753387319
FIXED_90_10,SSO,LAG2,50,none,0.1,0,annual,1986-09-26,1986-09-29,2026-09-02,10059,0.109467160024,-0.66594999422,63.3306098749,39.9342915811,0.253527321317,0.415908455482,5207,1999-07-16,2009-03-09,2013-10-17,True,1683,5207,2008,-0.352016101756,1995,0.67978104637,-0.505020576384,-0.141202130976,-0.089067834422,0.0243566054226,240,0.0325796315368,0.08465270497,0.0773311036166,120,0.0797600241971,0.105191560972,0,0,0.096631977032,0.0958762212623,0,,,0.903368022968,1.6139604291,1.6139604291,0.096631977032,1.78198628094,0,0,0,0.218013719058,0.781986280942,0,27,0,13,230,268,268,0.85670230502,205.067432747,205.879265183,10.1919424791,1.0316892214,0.643595594162,0.643595594162,0.0290361723146,1.89876439667,5.07942053847,9.99684505358,20.1000728541
FIXED_85_15,SSO,LAG2,50,none,0.15,0,annual,1986-09-26,1986-09-29,2026-09-02,10059,0.107000953436,-0.632842729678,57.9453915911,39.9342915811,0.239588938349,0.415966006462,5120,1999-07-16,2009-03-09,2013-07-22,True,1596,5120,2008,-0.332031257909,1995,0.645255048887,-0.485163526776,-0.131033984236,-0.0810840967623,0.0258062825572,240,0.033443104333,0.0832214926173,0.0764489449909,120,0.0787719625948,0.10256808267,0,0,0.145021186895,0.14414456539,0,,,0.854978813105,1.52943730548,1.52943730548,0.145021186895,1.78198628094,0,0,0,0.218013719058,0.781986280942,0,27,0,13,230,268,268,1.21758190375,192.794507533,193.949464948,9.19256774121,0.971774291115,0.621588969218,0.621588969218,0.0272685637518,1.93077397069,4.94766744853,9.72600738918,18.7164932331
HWM_GRID,SSO,LAG2,50,staged,0.1,0.05,rule,1986-09-26,1986-09-29,2026-09-02,10059,0.113719873729,-0.724967280057,73.7845111403,39.9342915811,0.280119715939,0.416277961581,5243,1999-07-16,2009-03-09,2013-11-22,True,1719,5243,2008,-0.391852868035,1995,0.745540378528,-0.547610744658,-0.161797442442,-0.10539604329,0.0208041008309,240,0.0302378290305,0.0856523562831,0.0786142294972,120,0.0812238653779,0.109394060344,0,0,0.00420427461425,0,0.532060841038,0,0,0.995795725386,1.77435850721,1.77435850721,0.00420427461425,1.78198628094,0.13659409484,0.395566159658,0,0.218013719058,0.781986280942,0,558,72,0,230,817,817,0.420804496365,229.366406614,229.662237886,12.2044337725,1.15118002265,0.683736648818,0.681540279978,0.0323736244607,1.81447024882,5.17392729264,10.4115435884,22.5267917813
HWM_GRID,SSO,LAG2,50,staged,0.1,0.1,rule,1986-09-26,1986-09-29,2026-09-02,10059,0.113688797609,-0.724500090354,73.7023387133,39.9342915811,0.278631098132,0.416762082968,5243,1999-07-16,2009-03-09,2013-11-22,True,1719,5243,2008,-0.391852868035,1995,0.742216899113,-0.547610744658,-0.161797442442,-0.105303652753,0.0208382647208,240,0.0302490997998,0.0853989532015,0.0786946014286,120,0.0812822085974,0.109123390059,0,0,0.0083858895338,0,0.530271398747,0,0,0.991614110466,1.76676166564,1.76676166564,0.0083858895338,1.78198628094,0.13659409484,0.393776717368,0,0.218013719058,0.781986280942,0,565,73,0,230,825,825,0.840883711983,228.741955186,229.334632811,12.1728525865,1.14952669488,0.683213329345,0.678788087374,0.0321257935807,1.81486729502,5.14979100839,10.428411869,22.3624558667
HWM_GRID,SSO,LAG2,50,staged,0.1,0.15,rule,1986-09-26,1986-09-29,2026-09-02,10059,0.113648410705,-0.724034074186,73.5956797387,39.9342915811,0.277177311616,0.417219033278,5236,1999-07-16,2009-03-09,2013-11-15,True,1712,5236,2008,-0.391852868035,1995,0.738867577075,-0.547610744658,-0.161797442442,-0.105212160895,0.0208757183749,240,0.030262149809,0.0851750666934,0.0787659745021,120,0.0813316554962,0.108847555711,0,0,0.0125274981833,0,0.529873744905,0,0.0039765384233,0.987472501817,1.75922805569,1.75922805569,0.0125274981833,1.78198628094,0.13659409484,0.393279650065,0,0.218013719058,0.781986280942,0,567,73,0,230,827,827,1.26022335437,228.128499425,229.019396215,12.1389159812,1.1479357216,0.68270892908,0.676038654089,0.0318801134469,1.81532712333,5.12914204383,10.442728712,22.1961846774
HWM_GRID,SSO,LAG2,50,staged,0.15,0.05,rule,1986-09-26,1986-09-29,2026-09-02,10059,0.113719873729,-0.724967280057,73.7845111403,39.9342915811,0.280119715939,0.416277961581,5243,1999-07-16,2009-03-09,2013-11-22,True,1719,5243,2008,-0.391852868035,1995,0.745540378528,-0.547610744658,-0.161797442442,-0.10539604329,0.0208041008309,240,0.0302378290305,0.0856523562831,0.0786142294972,120,0.0812238653779,0.109394060344,0,0,0.00420427461425,0,0.532060841038,0,0,0.995795725386,1.77435850721,1.77435850721,0.00420427461425,1.78198628094,0.13659409484,0.395566159658,0,0.218013719058,0.781986280942,0,558,72,0,230,817,817,0.420804496365,229.366406614,229.662237886,12.2044337725,1.15118002265,0.683736648818,0.681540279978,0.0323736244607,1.81447024882,5.17392729264,10.4115435884,22.5267917813
HWM_GRID,SSO,LAG2,50,staged,0.15,0.1,rule,1986-09-26,1986-09-29,2026-09-02,10059,0.113688797609,-0.724500090354,73.7023387133,39.9342915811,0.278631098132,0.416762082968,5243,1999-07-16,2009-03-09,2013-11-22,True,1719,5243,2008,-0.391852868035,1995,0.742216899113,-0.547610744658,-0.161797442442,-0.105303652753,0.0208382647208,240,0.0302490997998,0.0853989532015,0.0786946014286,120,0.0812822085974,0.109123390059,0,0,0.0083858895338,0,0.530271398747,0,0,0.991614110466,1.76676166564,1.76676166564,0.0083858895338,1.78198628094,0.13659409484,0.393776717368,0,0.218013719058,0.781986280942,0,565,73,0,230,825,825,0.840883711983,228.741955186,229.334632811,12.1728525865,1.14952669488,0.683213329345,0.678788087374,0.0321257935807,1.81486729502,5.14979100839,10.428411869,22.3624558667
HWM_GRID,SSO,LAG2,50,staged,0.15,0.15,rule,1986-09-26,1986-09-29,2026-09-02,10059,0.113648410705,-0.724034074186,73.5956797387,39.9342915811,0.277177311616,0.417219033278,5236,1999-07-16,2009-03-09,2013-11-15,True,1712,5236,2008,-0.391852868035,1995,0.738867577075,-0.547610744658,-0.161797442442,-0.105212160895,0.0208757183749,240,0.030262149809,0.0851750666934,0.0787659745021,120,0.0813316554962,0.108847555711,0,0,0.0125274981833,0,0.529873744905,0,0,0.987472501817,1.75922805569,1.75922805569,0.0125274981833,1.78198628094,0.13659409484,0.393279650065,0,0.218013719058,0.781986280942,0,567,73,0,230,827,827,1.26022335437,228.128499425,229.019396215,12.1389159812,1.1479357216,0.68270892908,0.676038654089,0.0318801134469,1.81532712333,5.12914204383,10.442728712,22.1961846774
HWM_GRID,SSO,LAG2,50,staged,0.2,0.05,rule,1986-09-26,1986-09-29,2026-09-02,10059,0.113719873729,-0.724967280057,73.7845111403,39.9342915811,0.280119715939,0.416277961581,5243,1999-07-16,2009-03-09,2013-11-22,True,1719,5243,2008,-0.391852868035,1995,0.745540378528,-0.547610744658,-0.161797442442,-0.10539604329,0.0208041008309,240,0.0302378290305,0.0856523562831,0.0786142294972,120,0.0812238653779,0.109394060344,0,0,0.00420427461425,0,0.532060841038,0,0,0.995795725386,1.77435850721,1.77435850721,0.00420427461425,1.78198628094,0.13659409484,0.395566159658,0,0.218013719058,0.781986280942,0,558,72,0,230,817,817,0.420804496365,229.366406614,229.662237886,12.2044337725,1.15118002265,0.683736648818,0.681540279978,0.0323736244607,1.81447024882,5.17392729264,10.4115435884,22.5267917813
HWM_GRID,SSO,LAG2,50,staged,0.2,0.1,rule,1986-09-26,1986-09-29,2026-09-02,10059,0.113688797609,-0.724500090354,73.7023387133,39.9342915811,0.278631098132,0.416762082968,5243,1999-07-16,2009-03-09,2013-11-22,True,1719,5243,2008,-0.391852868035,1995,0.742216899113,-0.547610744658,-0.161797442442,-0.105303652753,0.0208382647208,240,0.0302490997998,0.0853989532015,0.0786946014286,120,0.0812822085974,0.109123390059,0,0,0.0083858895338,0,0.530271398747,0,0,0.991614110466,1.76676166564,1.76676166564,0.0083858895338,1.78198628094,0.13659409484,0.393776717368,0,0.218013719058,0.781986280942,0,565,73,0,230,825,825,0.840883711983,228.741955186,229.334632811,12.1728525865,1.14952669488,0.683213329345,0.678788087374,0.0321257935807,1.81486729502,5.14979100839,10.428411869,22.3624558667
HWM_GRID,SSO,LAG2,50,staged,0.2,0.15,rule,1986-09-26,1986-09-29,2026-09-02,10059,0.113648410705,-0.724034074186,73.5956797387,39.9342915811,0.277177311616,0.417219033278,5236,1999-07-16,2009-03-09,2013-11-15,True,1712,5236,2008,-0.391852868035,1995,0.738867577075,-0.547610744658,-0.161797442442,-0.105212160895,0.0208757183749,240,0.030262149809,0.0851750666934,0.0787659745021,120,0.0813316554962,0.108847555711,0,0,0.0125274981833,0,0.529873744905,0,0,0.987472501817,1.75922805569,1.75922805569,0.0125274981833,1.78198628094,0.13659409484,0.393279650065,0,0.218013719058,0.781986280942,0,567,73,0,230,827,827,1.26022335437,228.128499425,229.019396215,12.1389159812,1.1479357216,0.68270892908,0.676038654089,0.0318801134469,1.81532712333,5.12914204383,10.442728712,22.1961846774
HWM_RESERVE_HOLD_ONLY,SSO,LAG2,50,hold,0.15,0.1,rule,1986-09-26,1986-09-29,2026-09-02,10059,0.108218430386,-0.644306575032,60.5455845912,39.9342915811,0.250216713353,0.413892225065,5208,1999-07-16,2009-03-09,2013-10-18,True,1684,5208,2022,-0.348949369832,1995,0.691993207726,-0.517893286276,-0.130057448371,-0.0834875823683,0.0229193893046,240,0.0311693790808,0.0832484213433,0.075703750313,120,0.0781601526822,0.104009410995,0,0,0.107550570054,0.100018669881,0.000695894224078,0,0.135003479471,0.892449429946,1.59748703858,1.59748703858,0.107550570054,1.78198628094,9.94134605826e-05,0.000596480763495,0,0.218013719058,0.781986280942,0,576,0,0,230,806,806,0.410735462425,202.083733283,202.494468745,9.82703760965,1.01470230768,0.637489669689,0.603798255611,0.0259929452238,1.84756684589,4.95004225586,9.56187466647,19.4671400637
ASYMMETRIC_RESERVE_BAND_HOLD_ONLY,SSO,LAG2,50,hold,0.2,0.1,rule,1986-09-26,1986-09-29,2026-09-02,10059,0.10860577033,-0.668966236904,61.396435283,39.9342915811,0.253323275568,0.412951647523,5218,1999-07-16,2009-03-09,2013-10-28,True,1694,5218,2008,-0.352367529129,1995,0.689695801399,-0.50269410706,-0.138881473889,-0.089713138141,0.022934334456,240,0.0312420314218,0.083328692518,0.0761342866113,120,0.078580057719,0.104327548144,0,0,0.0965558453938,0.0938937389931,0,0,0,0.903444154606,1.61525373365,1.61525373365,0.0965558453938,1.78198628094,0,0,0,0.218013719058,0.781986280942,0,5,0,0,230,235,235,0.25113667508,205.210617502,205.461754177,9.88745062614,1.02960526451,0.642852088295,0.642852088295,0.028954263929,1.85017204232,4.95684034032,9.67423333739,19.6334294687
