series,fund,lag,cost_bps,deployment,cap,harvest,rebalance,start,end,sessions,reserve_cagr,no_reserve_total_return,no_reserve_cagr,cumulative_log_growth_foregone,transferred_to_reserve,fraction_positive_portfolio_gains_transferred,new_hwm_gains_recognized,next_named_stress,next_stress_3y_post_drawdown_relative_growth_benefit,next_stress_3y_carried_opportunity_cost,next_stress_3y_payback_ratio
NO_RESERVE,UPRO,LAG1,0,staged,0.15,0.1,rule,1986-11-20,1987-10-15,227,0.3039728723,0.2700724267,0.3039728723,0,0,0,0.8290263688,1987,0,0,
NO_RESERVE,UPRO,LAG1,0,staged,0.15,0.1,rule,1988-11-22,1990-01-22,293,0.4735378484,0.5716791533,0.4735378484,0,0,0,0.1618829761,2000_2002,0,0,
NO_RESERVE,UPRO,LAG1,0,staged,0.15,0.1,rule,1990-05-08,1990-08-03,61,-0.03614629448,-0.008730917715,-0.03614629448,0,0,0,0,2000_2002,0,0,
NO_RESERVE,UPRO,LAG1,0,staged,0.15,0.1,rule,1991-01-24,1991-11-19,208,0.4436002735,0.3505978373,0.4436002735,0,0,0,0.2169048972,2000_2002,0,0,
NO_RESERVE,UPRO,LAG1,0,staged,0.15,0.1,rule,1991-12-13,1992-04-08,80,0.1995984481,0.06002828327,0.1995984481,0,0,0,0.3225070721,2000_2002,0,0,
NO_RESERVE,UPRO,LAG1,0,staged,0.15,0.1,rule,1992-06-19,1992-10-02,73,0.1628047064,0.04431500502,0.1628047064,0,0,0,0,2000_2002,0,0,
NO_RESERVE,UPRO,LAG1,0,staged,0.15,0.1,rule,1992-10-19,1994-03-25,363,0.2234293441,0.3340253583,0.2234293441,0,0,0,0.9399060039,2000_2002,0,0,
NO_RESERVE,UPRO,LAG1,0,staged,0.15,0.1,rule,1994-12-21,1996-07-15,394,0.6739330006,1.240707419,0.6739330006,0,0,0,4.503172013,2000_2002,0,0,
NO_RESERVE,UPRO,LAG1,0,staged,0.15,0.1,rule,1996-07-30,1998-08-27,525,0.7532777822,2.20672117,0.7532777822,0,0,0,22.05785722,2000_2002,0,0,
NO_RESERVE,UPRO,LAG1,0,staged,0.15,0.1,rule,1998-10-29,1999-09-23,226,0.4486348429,0.39631763,0.4486348429,0,0,0,7.738093484,2000_2002,0,0,
NO_RESERVE,UPRO,LAG1,0,staged,0.15,0.1,rule,1999-10-28,2000-02-18,78,-0.1555164935,-0.05095023327,-0.1555164935,0,0,0,0,2000_2002,0,0,
NO_RESERVE,UPRO,LAG1,0,staged,0.15,0.1,rule,2003-04-17,2004-07-16,313,0.5915748268,0.7863765329,0.5915748268,0,0,0,0,2007_2009,0,0,
NO_RESERVE,UPRO,LAG1,0,staged,0.15,0.1,rule,2004-10-27,2005-04-15,117,0.05803470344,0.02660436836,0.05803470344,0,0,0,0,2007_2009,0,0,
NO_RESERVE,UPRO,LAG1,0,staged,0.15,0.1,rule,2005-05-16,2005-10-05,99,0.1554835107,0.05779367528,0.1554835107,0,0,0,0,2007_2009,0,0,
NO_RESERVE,UPRO,LAG1,0,staged,0.15,0.1,rule,2005-10-31,2006-05-23,140,0.1525194501,0.08250991847,0.1525194501,0,0,0,0,2007_2009,0,0,
NO_RESERVE,UPRO,LAG1,0,staged,0.15,0.1,rule,2006-08-15,2007-08-03,243,0.2583949849,0.2487320253,0.2583949849,0,0,0,0,2007_2009,0,0,
NO_RESERVE,UPRO,LAG1,0,staged,0.15,0.1,rule,2009-07-13,2010-05-20,216,0.7462323856,0.6074704894,0.7462323856,0,0,0,0,2020,0,0,
NO_RESERVE,UPRO,LAG1,0,staged,0.15,0.1,rule,2010-09-13,2011-08-02,224,0.4332250104,0.3747788373,0.4332250104,0,0,0,0,2020,0,0,
NO_RESERVE,UPRO,LAG1,0,staged,0.15,0.1,rule,2012-01-03,2012-06-01,104,0.007968847959,0.003264975284,0.007968847959,0,0,0,0,2020,0,0,
NO_RESERVE,UPRO,LAG1,0,staged,0.15,0.1,rule,2012-06-06,2012-11-08,107,0.3747925142,0.1446251145,0.3747925142,0,0,0,0,2020,0,0,
NO_RESERVE,UPRO,LAG1,0,staged,0.15,0.1,rule,2012-11-19,2014-10-13,477,0.6189038915,1.494373774,0.6189038915,0,0,0,33.00565549,2020,0,0,
NO_RESERVE,UPRO,LAG1,0,staged,0.15,0.1,rule,2014-10-21,2015-07-08,178,0.2478638068,0.1707273583,0.2478638068,0,0,0,7.294138258,2020,0,0,
NO_RESERVE,UPRO,LAG1,0,staged,0.15,0.1,rule,2016-03-16,2016-06-27,71,-0.1419022794,-0.04223832647,-0.1419022794,0,0,0,0,2020,0,0,
NO_RESERVE,UPRO,LAG1,0,staged,0.15,0.1,rule,2016-06-28,2018-04-02,442,0.4840674365,1.003703724,0.4840674365,0,0,0,78.78095897,2020,0,0,
NO_RESERVE,UPRO,LAG1,0,staged,0.15,0.1,rule,2018-04-03,2018-10-11,134,0.2334769929,0.1159766716,0.2334769929,0,0,0,0,2020,0,0,
NO_RESERVE,UPRO,LAG1,0,staged,0.15,0.1,rule,2019-06-04,2020-02-27,185,0.2078722065,0.1486359609,0.2078722065,0,0,0,23.45299628,2020,0,0,
NO_RESERVE,UPRO,LAG1,0,staged,0.15,0.1,rule,2020-06-29,2022-01-21,395,0.9343688794,1.80511422,0.9343688794,0,0,0,194.9221569,2022,0,0,
NO_RESERVE,UPRO,LAG1,0,staged,0.15,0.1,rule,2023-03-20,2023-10-20,149,0.2494396699,0.1393718766,0.2494396699,0,0,0,0,,,,
NO_RESERVE,UPRO,LAG1,0,staged,0.15,0.1,rule,2023-11-02,2025-03-10,336,0.5748663357,0.8482970325,0.5748663357,0,0,0,171.5135527,,,,
NO_RESERVE,UPRO,LAG1,0,staged,0.15,0.1,rule,2025-05-12,2026-03-19,214,0.393731104,0.3266743011,0.393731104,0,0,0,125.004748,,,,
NO_RESERVE,UPRO,LAG1,0,staged,0.15,0.1,rule,2026-04-08,2026-09-02,102,1.240184585,0.3834919741,1.240184585,0,0,0,168.6346968,,,,
FIXED_90_10,UPRO,LAG1,0,staged,0.15,0.1,quarterly,1986-11-20,1987-10-15,227,0.3002678441,0.2700724267,0.3039728723,0.002562986778,0.07725650302,0.02248988555,0.7506151691,1987,0.1091684528,0.06720664984,1.624369807
FIXED_90_10,UPRO,LAG1,0,staged,0.15,0.1,quarterly,1988-11-22,1990-01-22,293,0.4367107059,0.5716791533,0.4735378484,0.02951960175,0.07193988299,0.017518666,0.1971646954,2000_2002,0.9559756743,2.438414428,0.3920480717
FIXED_90_10,UPRO,LAG1,0,staged,0.15,0.1,quarterly,1990-05-08,1990-08-03,61,-0.02018771559,-0.008730917715,-0.03614629448,-0.003911482237,0.0127934238,0.01368837028,0,2000_2002,0.9559756743,2.438414428,0.3920480717
FIXED_90_10,UPRO,LAG1,0,staged,0.15,0.1,quarterly,1991-01-24,1991-11-19,208,0.408532634,0.3505978373,0.4436002735,0.02013119792,0.07236316757,0.01781273071,0.2485442317,2000_2002,0.9559756743,2.438414428,0.3920480717
FIXED_90_10,UPRO,LAG1,0,staged,0.15,0.1,quarterly,1991-12-13,1992-04-08,80,0.1893502276,0.06002828327,0.1995984481,0.002748336718,0.03578654269,0.02416501609,0.2904631218,2000_2002,0.9559756743,2.438414428,0.3920480717
FIXED_90_10,UPRO,LAG1,0,staged,0.15,0.1,quarterly,1992-06-19,1992-10-02,73,0.149685089,0.04431500502,0.1628047064,0.003261933292,0.01240155936,0.01146079595,0,2000_2002,0.9559756743,2.438414428,0.3920480717
FIXED_90_10,UPRO,LAG1,0,staged,0.15,0.1,quarterly,1992-10-19,1994-03-25,363,0.2035773868,0.3340253583,0.2234293441,0.02338042013,0.06906152069,0.01130698229,0.8448355984,2000_2002,0.9559756743,2.438414428,0.3920480717
FIXED_90_10,UPRO,LAG1,0,staged,0.15,0.1,quarterly,1994-12-21,1996-07-15,394,0.6076318409,1.240707419,0.6739330006,0.06328999176,0.3871575333,0.02710292287,3.849745522,2000_2002,0.9559756743,2.438414428,0.3920480717
FIXED_90_10,UPRO,LAG1,0,staged,0.15,0.1,quarterly,1996-07-30,1998-08-27,525,0.6788087891,2.20672117,0.7532777822,0.09007295142,1.366498222,0.01708846903,17.14623855,2000_2002,0.9559756743,2.438414428,0.3920480717
FIXED_90_10,UPRO,LAG1,0,staged,0.15,0.1,quarterly,1998-10-29,1999-09-23,226,0.4178732173,0.39631763,0.4486348429,0.01933340976,1.147820246,0.01590474944,6.116246854,2000_2002,0.9559756743,2.438414428,0.3920480717
FIXED_90_10,UPRO,LAG1,0,staged,0.15,0.1,quarterly,1999-10-28,2000-02-18,78,-0.1181058488,-0.05095023327,-0.1555164935,-0.01341051926,0.4919036822,0.02282233534,0,2000_2002,0.9559756743,2.438414428,0.3920480717
FIXED_90_10,UPRO,LAG1,0,staged,0.15,0.1,quarterly,2003-04-17,2004-07-16,313,0.5309683204,0.7863765329,0.5915748268,0.04846965864,0.855561386,0.01999435136,0,2007_2009,0.8470133851,0.1128745063,7.504027373
FIXED_90_10,UPRO,LAG1,0,staged,0.15,0.1,quarterly,2004-10-27,2005-04-15,117,0.0601730531,0.02660436836,0.05803470344,-0.0009397211621,0.303255884,0.0208698683,0,2007_2009,0.8470133851,0.1128745063,7.504027373
FIXED_90_10,UPRO,LAG1,0,staged,0.15,0.1,quarterly,2005-05-16,2005-10-05,99,0.1423614604,0.05779367528,0.1554835107,0.004440315312,0.1068217551,0.009827639709,0,2007_2009,0.8470133851,0.1128745063,7.504027373
FIXED_90_10,UPRO,LAG1,0,staged,0.15,0.1,quarterly,2005-10-31,2006-05-23,140,0.1424142111,0.08250991847,0.1525194501,0.004918687131,0.1437883255,0.008751167846,0,2007_2009,0.8470133851,0.1128745063,7.504027373
FIXED_90_10,UPRO,LAG1,0,staged,0.15,0.1,quarterly,2006-08-15,2007-08-03,243,0.2397912702,0.2487320253,0.2583949849,0.01439452572,0.6126762701,0.0165371228,0,2007_2009,0.8470133851,0.1128745063,7.504027373
FIXED_90_10,UPRO,LAG1,0,staged,0.15,0.1,quarterly,2009-07-13,2010-05-20,216,0.6715155091,0.6074704894,0.7462323856,0.03723471588,0.9109924839,0.02084699503,0,2020,4.891788877,25.52231053,0.191667164
FIXED_90_10,UPRO,LAG1,0,staged,0.15,0.1,quarterly,2010-09-13,2011-08-02,224,0.392019322,0.3747788373,0.4332250104,0.02579729983,0.8960873454,0.0207280408,0,2020,4.891788877,25.52231053,0.191667164
FIXED_90_10,UPRO,LAG1,0,staged,0.15,0.1,quarterly,2012-01-03,2012-06-01,104,0.02776796036,0.003264975284,0.007968847959,-0.007988565788,0.5955689319,0.03452491333,0,2020,4.891788877,25.52231053,0.191667164
FIXED_90_10,UPRO,LAG1,0,staged,0.15,0.1,quarterly,2012-06-06,2012-11-08,107,0.3317107426,0.1446251145,0.3747925142,0.01351117607,0.3432110265,0.01690833484,0,2020,4.891788877,25.52231053,0.191667164
FIXED_90_10,UPRO,LAG1,0,staged,0.15,0.1,quarterly,2012-11-19,2014-10-13,477,0.5504744373,1.494373774,0.6189038915,0.08194255378,3.356753698,0.02205120077,29.37074281,2020,4.891788877,25.52231053,0.191667164
FIXED_90_10,UPRO,LAG1,0,staged,0.15,0.1,quarterly,2014-10-21,2015-07-08,178,0.2196909009,0.1707273583,0.2478638068,0.01625536949,0.3440650138,0.003928214751,5.538789577,2020,4.891788877,25.52231053,0.191667164
FIXED_90_10,UPRO,LAG1,0,staged,0.15,0.1,quarterly,2016-03-16,2016-06-27,71,-0.1270713329,-0.04223832647,-0.1419022794,-0.004832287913,0.170325313,0.006635997147,0,2020,4.891788877,25.52231053,0.191667164
FIXED_90_10,UPRO,LAG1,0,staged,0.15,0.1,quarterly,2016-06-28,2018-04-02,442,0.4314093526,1.003703724,0.4840674365,0.06359946167,4.971990823,0.02205125003,58.13515395,2020,4.891788877,25.52231053,0.191667164
FIXED_90_10,UPRO,LAG1,0,staged,0.15,0.1,quarterly,2018-04-03,2018-10-11,134,0.2186630899,0.1159766716,0.2334769929,0.006318334916,2.424863331,0.02432626482,0,2020,4.891788877,25.52231053,0.191667164
FIXED_90_10,UPRO,LAG1,0,staged,0.15,0.1,quarterly,2019-06-04,2020-02-27,185,0.1964507529,0.1486359609,0.2078722065,0.006971181775,3.067303495,0.01791400781,19.293553,2020,4.891788877,25.52231053,0.191667164
FIXED_90_10,UPRO,LAG1,0,staged,0.15,0.1,quarterly,2020-06-29,2022-01-21,395,0.8304387471,1.80511422,0.9343688794,0.08633460931,20.01008753,0.02743201547,141.4223302,2022,-4.616815169,42.68024522,-0.10817218
FIXED_90_10,UPRO,LAG1,0,staged,0.15,0.1,quarterly,2023-03-20,2023-10-20,149,0.233935164,0.1393718766,0.2494396699,0.007316019274,3.980144552,0.01631180023,0,,,,
FIXED_90_10,UPRO,LAG1,0,staged,0.15,0.1,quarterly,2023-11-02,2025-03-10,336,0.5197093088,0.8482970325,0.5748663357,0.04821836294,16.01861159,0.01709333096,126.3081914,,,,
FIXED_90_10,UPRO,LAG1,0,staged,0.15,0.1,quarterly,2025-05-12,2026-03-19,214,0.3600841016,0.3266743011,0.393731104,0.02080814468,14.8643819,0.02044028377,87.75437945,,,,
FIXED_90_10,UPRO,LAG1,0,staged,0.15,0.1,quarterly,2026-04-08,2026-09-02,102,1.094451112,0.3834919741,1.240184585,0.02707244827,13.58248739,0.02528045228,115.7916363,,,,
FIXED_85_15,UPRO,LAG1,0,staged,0.15,0.1,quarterly,1986-11-20,1987-10-15,227,0.2967188326,0.2700724267,0.3039728723,0.005024904967,0.1098558586,0.03397320712,0.711104345,1987,0.1600630704,0.1010273556,1.584353756
FIXED_85_15,UPRO,LAG1,0,staged,0.15,0.1,quarterly,1988-11-22,1990-01-22,293,0.4180537926,0.5716791533,0.4735378484,0.04476451853,0.102208095,0.02633456566,0.2107875118,2000_2002,1.316164682,3.592240053,0.3663910715
FIXED_85_15,UPRO,LAG1,0,staged,0.15,0.1,quarterly,1990-05-08,1990-08-03,61,-0.01252333307,-0.008730917715,-0.03614629448,-0.005767449193,0.01816603165,0.02053460932,0,2000_2002,1.316164682,3.592240053,0.3663910715
FIXED_85_15,UPRO,LAG1,0,staged,0.15,0.1,quarterly,1991-01-24,1991-11-19,208,0.3906695744,0.3505978373,0.4436002735,0.03057932461,0.1031914786,0.026883675,0.260831022,2000_2002,1.316164682,3.592240053,0.3663910715
FIXED_85_15,UPRO,LAG1,0,staged,0.15,0.1,quarterly,1991-12-13,1992-04-08,80,0.1837220785,0.06002828327,0.1995984481,0.004267768017,0.05039062597,0.03638736763,0.2738295715,2000_2002,1.316164682,3.592240053,0.3663910715
FIXED_85_15,UPRO,LAG1,0,staged,0.15,0.1,quarterly,1992-06-19,1992-10-02,73,0.1431324886,0.04431500502,0.1628047064,0.004905072786,0.01746232778,0.0171829085,0,2000_2002,1.316164682,3.592240053,0.3663910715
FIXED_85_15,UPRO,LAG1,0,staged,0.15,0.1,quarterly,1992-10-19,1994-03-25,363,0.1937073227,0.3340253583,0.2234293441,0.03514870269,0.09652777689,0.01699846237,0.7959628699,2000_2002,1.316164682,3.592240053,0.3663910715
FIXED_85_15,UPRO,LAG1,0,staged,0.15,0.1,quarterly,1994-12-21,1996-07-15,394,0.5747723748,1.240707419,0.6739330006,0.09563121156,0.5314016632,0.04087154808,3.534261877,2000_2002,1.316164682,3.592240053,0.3663910715
FIXED_85_15,UPRO,LAG1,0,staged,0.15,0.1,quarterly,1996-07-30,1998-08-27,525,0.6418687221,2.20672117,0.7532777822,0.1362469909,1.793738641,0.02578409136,14.99481469,2000_2002,1.316164682,3.592240053,0.3663910715
FIXED_85_15,UPRO,LAG1,0,staged,0.15,0.1,quarterly,1998-10-29,1999-09-23,226,0.401531693,0.39631763,0.4486348429,0.02977521635,1.484714366,0.02404800693,5.377421086,2000_2002,1.316164682,3.592240053,0.3663910715
FIXED_85_15,UPRO,LAG1,0,staged,0.15,0.1,quarterly,1999-10-28,2000-02-18,78,-0.1005219273,-0.05095023327,-0.1555164935,-0.01951843984,0.6336130888,0.03436082062,0,2000_2002,1.316164682,3.592240053,0.3663910715
FIXED_85_15,UPRO,LAG1,0,staged,0.15,0.1,quarterly,2003-04-17,2004-07-16,313,0.5008218073,0.7863765329,0.5915748268,0.07329852437,1.162042508,0.03018134111,0,2007_2009,1.147527411,0.1633651908,7.024307968
FIXED_85_15,UPRO,LAG1,0,staged,0.15,0.1,quarterly,2004-10-27,2005-04-15,117,0.06080152053,0.02660436836,0.05803470344,-0.001215547684,0.4063192315,0.03143594541,0,2007_2009,1.147527411,0.1633651908,7.024307968
FIXED_85_15,UPRO,LAG1,0,staged,0.15,0.1,quarterly,2005-05-16,2005-10-05,99,0.1358960589,0.05779367528,0.1554835107,0.006646906927,0.1432389746,0.01475246591,0,2007_2009,1.147527411,0.1633651908,7.024307968
FIXED_85_15,UPRO,LAG1,0,staged,0.15,0.1,quarterly,2005-10-31,2006-05-23,140,0.1373003668,0.08250991847,0.1525194501,0.007424436875,0.1921027186,0.01312597738,0,2007_2009,1.147527411,0.1633651908,7.024307968
FIXED_85_15,UPRO,LAG1,0,staged,0.15,0.1,quarterly,2006-08-15,2007-08-03,243,0.2302760484,0.2487320253,0.2583949849,0.02184058948,0.8169636759,0.02484800073,0,2007_2009,1.147527411,0.1633651908,7.024307968
FIXED_85_15,UPRO,LAG1,0,staged,0.15,0.1,quarterly,2009-07-13,2010-05-20,216,0.6338122894,0.6074704894,0.7462323856,0.05666069419,1.248612224,0.03146138012,0,2020,5.994748262,35.41085162,0.1692912762
FIXED_85_15,UPRO,LAG1,0,staged,0.15,0.1,quarterly,2010-09-13,2011-08-02,224,0.3711597254,0.3747788373,0.4332250104,0.0391493336,1.220326862,0.03132852708,0,2020,5.994748262,35.41085162,0.1692912762
FIXED_85_15,UPRO,LAG1,0,staged,0.15,0.1,quarterly,2012-01-03,2012-06-01,104,0.03604608869,0.003264975284,0.007968847959,-0.01128310704,0.8123933305,0.0520561814,0,2020,5.994748262,35.41085162,0.1692912762
FIXED_85_15,UPRO,LAG1,0,staged,0.15,0.1,quarterly,2012-06-06,2012-11-08,107,0.3108129782,0.1446251145,0.3747925142,0.02022332303,0.4657646819,0.02545574995,0,2020,5.994748262,35.41085162,0.1692912762
FIXED_85_15,UPRO,LAG1,0,staged,0.15,0.1,quarterly,2012-11-19,2014-10-13,477,0.5168028422,1.494373774,0.6189038915,0.1236008118,4.435548288,0.0332352789,27.11903405,2020,5.994748262,35.41085162,0.1692912762
FIXED_85_15,UPRO,LAG1,0,staged,0.15,0.1,quarterly,2014-10-21,2015-07-08,178,0.2059229704,0.1707273583,0.2478638068,0.02433636342,0.4434660537,0.005902665831,4.743111468,2020,5.994748262,35.41085162,0.1692912762
FIXED_85_15,UPRO,LAG1,0,staged,0.15,0.1,quarterly,2016-03-16,2016-06-27,71,-0.1196800161,-0.04223832647,-0.1419022794,-0.007209992372,0.2214214682,0.009969435029,0,2020,5.994748262,35.41085162,0.1692912762
FIXED_85_15,UPRO,LAG1,0,staged,0.15,0.1,quarterly,2016-06-28,2018-04-02,442,0.4055151685,1.003703724,0.4840674365,0.09573734385,6.345785209,0.0332239423,49.07566367,2020,5.994748262,35.41085162,0.1692912762
FIXED_85_15,UPRO,LAG1,0,staged,0.15,0.1,quarterly,2018-04-03,2018-10-11,134,0.2106148951,0.1159766716,0.2334769929,0.009783277078,3.041746469,0.03645365262,0,2020,5.994748262,35.41085162,0.1692912762
FIXED_85_15,UPRO,LAG1,0,staged,0.15,0.1,quarterly,2019-06-04,2020-02-27,185,0.1899966865,0.1486359609,0.2078722065,0.01093996316,3.877732315,0.02693678732,17.06052828,2020,5.994748262,35.41085162,0.1692912762
FIXED_85_15,UPRO,LAG1,0,staged,0.15,0.1,quarterly,2020-06-29,2022-01-21,395,0.7791430015,1.80511422,0.9343688794,0.1307700592,25.02548098,0.04128599498,117.8371216,2022,-6.572741656,56.3573683,-0.1166261281
FIXED_85_15,UPRO,LAG1,0,staged,0.15,0.1,quarterly,2023-03-20,2023-10-20,149,0.2258133681,0.1393718766,0.2494396699,0.01118517745,4.974080587,0.02452857639,0,,,,
FIXED_85_15,UPRO,LAG1,0,staged,0.15,0.1,quarterly,2023-11-02,2025-03-10,336,0.4923112033,0.8482970325,0.5748663357,0.07282437924,19.74780514,0.02585579084,105.9840823,,,,
FIXED_85_15,UPRO,LAG1,0,staged,0.15,0.1,quarterly,2025-05-12,2026-03-19,214,0.3430664571,0.3266743011,0.393731104,0.03152914002,18.07671561,0.03085923519,71.86818772,,,,
FIXED_85_15,UPRO,LAG1,0,staged,0.15,0.1,quarterly,2026-04-08,2026-09-02,102,1.023809506,0.3834919741,1.240184585,0.04088094633,16.42379309,0.03809521254,93.72036891,,,,
HWM_RESERVE,UPRO,LAG1,0,staged,0.15,0.1,rule,1986-11-20,1987-10-15,227,0.3184686424,0.2700724267,0.3039728723,-0.009958079088,0.08166558514,0.0216908918,0.8166558514,1987,0.04302836189,0.009594186437,4.484836955
HWM_RESERVE,UPRO,LAG1,0,staged,0.15,0.1,rule,1988-11-22,1990-01-22,293,0.4776475759,0.5716791533,0.4735378484,-0.003248375166,0.02187108876,0.00474153081,0.2187108876,2000_2002,0,0.2436556475,0
HWM_RESERVE,UPRO,LAG1,0,staged,0.15,0.1,rule,1990-05-08,1990-08-03,61,-0.03665093999,-0.008730917715,-0.03614629448,0.0001247435308,0,0,0,2000_2002,0,0.2436556475,0
HWM_RESERVE,UPRO,LAG1,0,staged,0.15,0.1,rule,1991-01-24,1991-11-19,208,0.4449056015,0.3505978373,0.4436002735,-0.0007398733826,0.02316783263,0.005049790343,0.2316783263,2000_2002,0,0.2436556475,0
HWM_RESERVE,UPRO,LAG1,0,staged,0.15,0.1,rule,1991-12-13,1992-04-08,80,0.2028120917,0.06002828327,0.1995984481,-0.00085699124,0.03131803963,0.01845919891,0.3288012378,2000_2002,0,0.2436556475,0
HWM_RESERVE,UPRO,LAG1,0,staged,0.15,0.1,rule,1992-06-19,1992-10-02,73,0.1628047064,0.04431500502,0.1628047064,0,0,0,0,2000_2002,0,0.2436556475,0
HWM_RESERVE,UPRO,LAG1,0,staged,0.15,0.1,rule,1992-10-19,1994-03-25,363,0.2245499146,0.3340253583,0.2234293441,-0.001308403721,0.09608408358,0.01361525436,0.9608408358,2000_2002,0,0.2436556475,0
HWM_RESERVE,UPRO,LAG1,0,staged,0.15,0.1,rule,1994-12-21,1996-07-15,394,0.6665000448,1.240707419,0.6739330006,0.006969398486,0.4452013444,0.02685797785,4.452013444,2000_2002,0,0.2436556475,0
HWM_RESERVE,UPRO,LAG1,0,staged,0.15,0.1,rule,1996-07-30,1998-08-27,525,0.7399852099,2.20672117,0.7532777822,0.01579387959,2.10553213,0.02153282136,21.0553213,2000_2002,0,0.2436556475,0
HWM_RESERVE,UPRO,LAG1,0,staged,0.15,0.1,rule,1998-10-29,1999-09-23,226,0.4502464057,0.39631763,0.4486348429,-0.001001503657,0.8678683697,0.009082870923,8.678683697,2000_2002,0,0.2436556475,0
HWM_RESERVE,UPRO,LAG1,0,staged,0.15,0.1,rule,1999-10-28,2000-02-18,78,-0.1594928802,-0.05095023327,-0.1555164935,0.001460192594,0,0,0,2000_2002,0,0.2436556475,0
HWM_RESERVE,UPRO,LAG1,0,staged,0.15,0.1,rule,2003-04-17,2004-07-16,313,0.5915748268,0.7863765329,0.5915748268,0,0,0,0,2007_2009,0,0,
HWM_RESERVE,UPRO,LAG1,0,staged,0.15,0.1,rule,2004-10-27,2005-04-15,117,0.05803470344,0.02660436836,0.05803470344,0,0,0,0,2007_2009,0,0,
HWM_RESERVE,UPRO,LAG1,0,staged,0.15,0.1,rule,2005-05-16,2005-10-05,99,0.1554835107,0.05779367528,0.1554835107,0,0,0,0,2007_2009,0,0,
HWM_RESERVE,UPRO,LAG1,0,staged,0.15,0.1,rule,2005-10-31,2006-05-23,140,0.1525194501,0.08250991847,0.1525194501,0,0,0,0,2007_2009,0,0,
HWM_RESERVE,UPRO,LAG1,0,staged,0.15,0.1,rule,2006-08-15,2007-08-03,243,0.2583949849,0.2487320253,0.2583949849,0,0,0,0,2007_2009,0,0,
HWM_RESERVE,UPRO,LAG1,0,staged,0.15,0.1,rule,2009-07-13,2010-05-20,216,0.7462323856,0.6074704894,0.7462323856,0,0,0,0,2020,1.239968239,2.448837848,0.5063496713
HWM_RESERVE,UPRO,LAG1,0,staged,0.15,0.1,rule,2010-09-13,2011-08-02,224,0.4332250104,0.3747788373,0.4332250104,0,0,0,0,2020,1.239968239,2.448837848,0.5063496713
HWM_RESERVE,UPRO,LAG1,0,staged,0.15,0.1,rule,2012-01-03,2012-06-01,104,0.007968847959,0.003264975284,0.007968847959,0,0,0,0,2020,1.239968239,2.448837848,0.5063496713
HWM_RESERVE,UPRO,LAG1,0,staged,0.15,0.1,rule,2012-06-06,2012-11-08,107,0.3747925142,0.1446251145,0.3747925142,0,0,0,0,2020,1.239968239,2.448837848,0.5063496713
HWM_RESERVE,UPRO,LAG1,0,staged,0.15,0.1,rule,2012-11-19,2014-10-13,477,0.6148962076,1.494373774,0.6189038915,0.004702767579,3.238086523,0.01728962465,32.38086523,2020,1.239968239,2.448837848,0.5063496713
HWM_RESERVE,UPRO,LAG1,0,staged,0.15,0.1,rule,2014-10-21,2015-07-08,178,0.2411271584,0.1707273583,0.2478638068,0.003853317023,0.7577573525,0.006690703951,7.577573525,2020,1.239968239,2.448837848,0.5063496713
HWM_RESERVE,UPRO,LAG1,0,staged,0.15,0.1,rule,2016-03-16,2016-06-27,71,-0.1419286257,-0.04223832647,-0.1419022794,8.658380545e-06,0,0,0,2020,1.239968239,2.448837848,0.5063496713
HWM_RESERVE,UPRO,LAG1,0,staged,0.15,0.1,rule,2016-06-28,2018-04-02,442,0.4857333103,1.003703724,0.4840674365,-0.00197499309,7.566385623,0.02586054136,75.66385623,2020,1.239968239,2.448837848,0.5063496713
HWM_RESERVE,UPRO,LAG1,0,staged,0.15,0.1,rule,2018-04-03,2018-10-11,134,0.2279708657,0.1159766716,0.2334769929,0.002339534552,0.2060457007,0.001531822352,2.060457007,2020,1.239968239,2.448837848,0.5063496713
HWM_RESERVE,UPRO,LAG1,0,staged,0.15,0.1,rule,2019-06-04,2020-02-27,185,0.2171665072,0.1486359609,0.2078722065,-0.005624381062,2.380782033,0.01028784925,23.80782033,2020,1.239968239,2.448837848,0.5063496713
HWM_RESERVE,UPRO,LAG1,0,staged,0.15,0.1,rule,2020-06-29,2022-01-21,395,0.9272636133,1.80511422,0.9343688794,0.005752886135,18.87500876,0.01926015062,188.7500876,2022,12.54856514,12.1652798,1.031506496
HWM_RESERVE,UPRO,LAG1,0,staged,0.15,0.1,rule,2023-03-20,2023-10-20,149,0.2491114964,0.1393718766,0.2494396699,0.0001539106783,0,0,0,,,,
HWM_RESERVE,UPRO,LAG1,0,staged,0.15,0.1,rule,2023-11-02,2025-03-10,336,0.5807897917,0.8482970325,0.5748663357,-0.005077532592,17.57505953,0.01330338814,175.7505953,,,,
HWM_RESERVE,UPRO,LAG1,0,staged,0.15,0.1,rule,2025-05-12,2026-03-19,214,0.3931728634,0.3266743011,0.393731104,0.000341114053,12.81137845,0.01213691635,128.1137845,,,,
HWM_RESERVE,UPRO,LAG1,0,staged,0.15,0.1,rule,2026-04-08,2026-09-02,102,1.22049755,0.3834919741,1.240184585,0.003552539785,13.83719726,0.01757738787,168.325347,,,,
ASYMMETRIC_RESERVE_BAND,UPRO,LAG1,0,staged,0.2,0.1,rule,1986-11-20,1987-10-15,227,0.2982291342,0.2700724267,0.3039728723,0.003976399395,0.2161897259,0.06193802355,0.7662627126,1987,0.118907419,0.05286564972,2.249237825
ASYMMETRIC_RESERVE_BAND,UPRO,LAG1,0,staged,0.2,0.1,rule,1988-11-22,1990-01-22,293,0.5145486946,0.5716791533,0.4735378484,-0.03201711535,0.206779987,0.04690183325,0.2583431969,2000_2002,0,0.7187012855,0
ASYMMETRIC_RESERVE_BAND,UPRO,LAG1,0,staged,0.2,0.1,rule,1990-05-08,1990-08-03,61,-0.04082709183,-0.008730917715,-0.03614629448,0.001159563204,0,0,0,2000_2002,0,0.7187012855,0
ASYMMETRIC_RESERVE_BAND,UPRO,LAG1,0,staged,0.2,0.1,rule,1991-01-24,1991-11-19,208,0.4751570976,0.3505978373,0.4436002735,-0.01770203426,0.4786769797,0.1047781562,0.3087821264,2000_2002,0,0.7187012855,0
ASYMMETRIC_RESERVE_BAND,UPRO,LAG1,0,staged,0.2,0.1,rule,1991-12-13,1992-04-08,80,0.1871241127,0.06002828327,0.1995984481,0.003348459628,0.1988206814,0.1217027049,0.333775515,2000_2002,0,0.7187012855,0
ASYMMETRIC_RESERVE_BAND,UPRO,LAG1,0,staged,0.2,0.1,rule,1992-06-19,1992-10-02,73,0.1628047064,0.04431500502,0.1628047064,0,0,0,0,2000_2002,0,0.7187012855,0
ASYMMETRIC_RESERVE_BAND,UPRO,LAG1,0,staged,0.2,0.1,rule,1992-10-19,1994-03-25,363,0.2183056831,0.3340253583,0.2234293441,0.005997810814,0.5981118685,0.08873117863,0.9653846275,2000_2002,0,0.7187012855,0
ASYMMETRIC_RESERVE_BAND,UPRO,LAG1,0,staged,0.2,0.1,rule,1994-12-21,1996-07-15,394,0.63267614,1.240707419,0.6739330006,0.03908153864,0.3902441368,0.02396827515,4.361482704,2000_2002,0,0.7187012855,0
ASYMMETRIC_RESERVE_BAND,UPRO,LAG1,0,staged,0.2,0.1,rule,1996-07-30,1998-08-27,525,0.7041730871,2.20672117,0.7532777822,0.05895290112,2.549715496,0.02782430986,19.78503791,2000_2002,0,0.7187012855,0
ASYMMETRIC_RESERVE_BAND,UPRO,LAG1,0,staged,0.2,0.1,rule,1998-10-29,1999-09-23,226,0.4820518479,0.39631763,0.4486348429,-0.02054246821,5.663651402,0.06532241729,7.954047685,2000_2002,0,0.7187012855,0
ASYMMETRIC_RESERVE_BAND,UPRO,LAG1,0,staged,0.2,0.1,rule,1999-10-28,2000-02-18,78,-0.1714097214,-0.05095023327,-0.1555164935,0.005877982595,0,0,0,2000_2002,0,0.7187012855,0
ASYMMETRIC_RESERVE_BAND,UPRO,LAG1,0,staged,0.2,0.1,rule,2003-04-17,2004-07-16,313,0.5915748268,0.7863765329,0.5915748268,0,0,0,0,2007_2009,0,0,
ASYMMETRIC_RESERVE_BAND,UPRO,LAG1,0,staged,0.2,0.1,rule,2004-10-27,2005-04-15,117,0.05803470344,0.02660436836,0.05803470344,0,0,0,0,2007_2009,0,0,
ASYMMETRIC_RESERVE_BAND,UPRO,LAG1,0,staged,0.2,0.1,rule,2005-05-16,2005-10-05,99,0.1554835107,0.05779367528,0.1554835107,0,0,0,0,2007_2009,0,0,
ASYMMETRIC_RESERVE_BAND,UPRO,LAG1,0,staged,0.2,0.1,rule,2005-10-31,2006-05-23,140,0.1525194501,0.08250991847,0.1525194501,0,0,0,0,2007_2009,0,0,
ASYMMETRIC_RESERVE_BAND,UPRO,LAG1,0,staged,0.2,0.1,rule,2006-08-15,2007-08-03,243,0.2583949849,0.2487320253,0.2583949849,0,0,0,0,2007_2009,0,0,
ASYMMETRIC_RESERVE_BAND,UPRO,LAG1,0,staged,0.2,0.1,rule,2009-07-13,2010-05-20,216,0.7462323856,0.6074704894,0.7462323856,0,0,0,0,2020,2.473742293,12.87960838,0.1920665769
ASYMMETRIC_RESERVE_BAND,UPRO,LAG1,0,staged,0.2,0.1,rule,2010-09-13,2011-08-02,224,0.4332250104,0.3747788373,0.4332250104,0,0,0,0,2020,2.473742293,12.87960838,0.1920665769
ASYMMETRIC_RESERVE_BAND,UPRO,LAG1,0,staged,0.2,0.1,rule,2012-01-03,2012-06-01,104,0.007968847959,0.003264975284,0.007968847959,0,0,0,0,2020,2.473742293,12.87960838,0.1920665769
ASYMMETRIC_RESERVE_BAND,UPRO,LAG1,0,staged,0.2,0.1,rule,2012-06-06,2012-11-08,107,0.3747925142,0.1446251145,0.3747925142,0,0,0,0,2020,2.473742293,12.87960838,0.1920665769
ASYMMETRIC_RESERVE_BAND,UPRO,LAG1,0,staged,0.2,0.1,rule,2012-11-19,2014-10-13,477,0.5912351258,1.494373774,0.6189038915,0.03270767744,3.777178039,0.02202155683,30.09747881,2020,2.473742293,12.87960838,0.1920665769
ASYMMETRIC_RESERVE_BAND,UPRO,LAG1,0,staged,0.2,0.1,rule,2014-10-21,2015-07-08,178,0.2604655224,0.1707273583,0.2478638068,-0.007152566292,12.40422909,0.1242870492,7.23848953,2020,2.473742293,12.87960838,0.1920665769
ASYMMETRIC_RESERVE_BAND,UPRO,LAG1,0,staged,0.2,0.1,rule,2016-03-16,2016-06-27,71,-0.1423494207,-0.04223832647,-0.1419022794,0.0001469833774,0,0,0,2020,2.473742293,12.87960838,0.1920665769
ASYMMETRIC_RESERVE_BAND,UPRO,LAG1,0,staged,0.2,0.1,rule,2016-06-28,2018-04-02,442,0.4612029322,1.003703724,0.4840674365,0.02733355319,7.593849282,0.02852550869,68.53226502,2020,2.473742293,12.87960838,0.1920665769
ASYMMETRIC_RESERVE_BAND,UPRO,LAG1,0,staged,0.2,0.1,rule,2018-04-03,2018-10-11,134,0.2266219241,0.1159766716,0.2334769929,0.002914294995,0,0,2.129420349,2020,2.473742293,12.87960838,0.1920665769
ASYMMETRIC_RESERVE_BAND,UPRO,LAG1,0,staged,0.2,0.1,rule,2019-06-04,2020-02-27,185,0.2597983548,0.1486359609,0.2078722065,-0.03088428897,14.60633085,0.06992241705,20.13619401,2020,2.473742293,12.87960838,0.1920665769
ASYMMETRIC_RESERVE_BAND,UPRO,LAG1,0,staged,0.2,0.1,rule,2020-06-29,2022-01-21,395,0.8845412432,1.80511422,0.9343688794,0.04079729548,17.23263627,0.01933932371,175.1365161,2022,0.6963991793,28.92597496,0.0240752189
ASYMMETRIC_RESERVE_BAND,UPRO,LAG1,0,staged,0.2,0.1,rule,2023-03-20,2023-10-20,149,0.2491143042,0.1393718766,0.2494396699,0.0001525936534,0,0,0,,,,
ASYMMETRIC_RESERVE_BAND,UPRO,LAG1,0,staged,0.2,0.1,rule,2023-11-02,2025-03-10,336,0.5705968959,0.8482970325,0.5748663357,0.003671582332,34.93638664,0.03049386039,150.867951,,,,
ASYMMETRIC_RESERVE_BAND,UPRO,LAG1,0,staged,0.2,0.1,rule,2025-05-12,2026-03-19,214,0.3856462191,0.3266743011,0.393731104,0.004953677385,50.2630981,0.0559616977,111.9652076,,,,
ASYMMETRIC_RESERVE_BAND,UPRO,LAG1,0,staged,0.2,0.1,rule,2026-04-08,2026-09-02,102,1.164949892,0.3834919741,1.240184585,0.01374859495,122.5664209,0.1832855725,147.7442681,,,,
HWM_DRAWDOWN,UPRO,LAG1,0,drawdown,0.15,0.1,rule,1986-11-20,1987-10-15,227,0.314309302,0.2700724267,0.3039728723,-0.007112004628,0.07955070677,0.02161471345,0.7955070677,1987,0.0714921176,0.02438752494,2.931503618
HWM_DRAWDOWN,UPRO,LAG1,0,drawdown,0.15,0.1,rule,1988-11-22,1990-01-22,293,0.4564012786,0.5716791533,0.4735378484,0.01364330597,0.02117193537,0.004785133809,0.2117193537,2000_2002,2.129934887,2.538063834,0.8391967365
HWM_DRAWDOWN,UPRO,LAG1,0,drawdown,0.15,0.1,rule,1990-05-08,1990-08-03,61,-0.02974154559,-0.008730917715,-0.03614629448,-0.001577542481,0,0,0,2000_2002,2.129934887,2.538063834,0.8391967365
HWM_DRAWDOWN,UPRO,LAG1,0,drawdown,0.15,0.1,rule,1991-01-24,1991-11-19,208,0.4223238504,0.3505978373,0.4436002735,0.01215494136,0.02217676417,0.005139267242,0.2217676417,2000_2002,2.129934887,2.538063834,0.8391967365
HWM_DRAWDOWN,UPRO,LAG1,0,drawdown,0.15,0.1,rule,1991-12-13,1992-04-08,80,0.1981246102,0.06002828327,0.1995984481,0.0003938005981,0.03097773873,0.01954443612,0.3097773873,2000_2002,2.129934887,2.538063834,0.8391967365
HWM_DRAWDOWN,UPRO,LAG1,0,drawdown,0.15,0.1,rule,1992-06-19,1992-10-02,73,0.153575182,0.04431500502,0.1628047064,0.002290872421,0,0,0,2000_2002,2.129934887,2.538063834,0.8391967365
HWM_DRAWDOWN,UPRO,LAG1,0,drawdown,0.15,0.1,rule,1992-10-19,1994-03-25,363,0.2118853248,0.3340253583,0.2234293441,0.01354925714,0.08883954413,0.01370428744,0.8883954413,2000_2002,2.129934887,2.538063834,0.8391967365
HWM_DRAWDOWN,UPRO,LAG1,0,drawdown,0.15,0.1,rule,1994-12-21,1996-07-15,394,0.6163284292,1.240707419,0.6739330006,0.05484117126,0.3998135365,0.02696316163,3.998135365,2000_2002,2.129934887,2.538063834,0.8391967365
HWM_DRAWDOWN,UPRO,LAG1,0,drawdown,0.15,0.1,rule,1996-07-30,1998-08-27,525,0.6755840195,2.20672117,0.7532777822,0.09406314421,1.744478796,0.02150481761,17.44478796,2000_2002,2.129934887,2.538063834,0.8391967365
HWM_DRAWDOWN,UPRO,LAG1,0,drawdown,0.15,0.1,rule,1998-10-29,1999-09-23,226,0.3945579876,0.39631763,0.4486348429,0.0342683472,0.5813552669,0.008169570407,5.813552669,2000_2002,2.129934887,2.538063834,0.8391967365
HWM_DRAWDOWN,UPRO,LAG1,0,drawdown,0.15,0.1,rule,1999-10-28,2000-02-18,78,-0.1262273158,-0.05095023327,-0.1555164935,-0.01054822889,0,0,0,2000_2002,2.129934887,2.538063834,0.8391967365
HWM_DRAWDOWN,UPRO,LAG1,0,drawdown,0.15,0.1,rule,2003-04-17,2004-07-16,313,0.531364824,0.7863765329,0.5915748268,0.04814636334,0,0,0,2007_2009,1.292106587,0.1021297636,12.65161635
HWM_DRAWDOWN,UPRO,LAG1,0,drawdown,0.15,0.1,rule,2004-10-27,2005-04-15,117,0.05575817388,0.02660436836,0.05803470344,0.001002535416,0,0,0,2007_2009,1.292106587,0.1021297636,12.65161635
HWM_DRAWDOWN,UPRO,LAG1,0,drawdown,0.15,0.1,rule,2005-05-16,2005-10-05,99,0.1467470082,0.05779367528,0.1554835107,0.00295065884,0,0,0,2007_2009,1.292106587,0.1021297636,12.65161635
HWM_DRAWDOWN,UPRO,LAG1,0,drawdown,0.15,0.1,rule,2005-10-31,2006-05-23,140,0.1452257808,0.08250991847,0.1525194501,0.003545811084,0,0,0,2007_2009,1.292106587,0.1021297636,12.65161635
HWM_DRAWDOWN,UPRO,LAG1,0,drawdown,0.15,0.1,rule,2006-08-15,2007-08-03,243,0.2444963267,0.2487320253,0.2583949849,0.01073370918,0,0,0,2007_2009,1.292106587,0.1021297636,12.65161635
HWM_DRAWDOWN,UPRO,LAG1,0,drawdown,0.15,0.1,rule,2009-07-13,2010-05-20,216,0.7462323856,0.6074704894,0.7462323856,0,0,0,0,2020,12.13311074,17.43793778,0.6957881657
HWM_DRAWDOWN,UPRO,LAG1,0,drawdown,0.15,0.1,rule,2010-09-13,2011-08-02,224,0.4332250104,0.3747788373,0.4332250104,0,0,0,0,2020,12.13311074,17.43793778,0.6957881657
HWM_DRAWDOWN,UPRO,LAG1,0,drawdown,0.15,0.1,rule,2012-01-03,2012-06-01,104,0.007968847959,0.003264975284,0.007968847959,0,0,0,0,2020,12.13311074,17.43793778,0.6957881657
HWM_DRAWDOWN,UPRO,LAG1,0,drawdown,0.15,0.1,rule,2012-06-06,2012-11-08,107,0.3747925142,0.1446251145,0.3747925142,0,0,0,0,2020,12.13311074,17.43793778,0.6957881657
HWM_DRAWDOWN,UPRO,LAG1,0,drawdown,0.15,0.1,rule,2012-11-19,2014-10-13,477,0.6070796453,1.494373774,0.6189038915,0.01390869128,4.041827706,0.02145716657,40.41827706,2020,12.13311074,17.43793778,0.6957881657
HWM_DRAWDOWN,UPRO,LAG1,0,drawdown,0.15,0.1,rule,2014-10-21,2015-07-08,178,0.2319848049,0.1707273583,0.2478638068,0.009116268033,0.6881033297,0.006350058616,6.881033297,2020,12.13311074,17.43793778,0.6957881657
HWM_DRAWDOWN,UPRO,LAG1,0,drawdown,0.15,0.1,rule,2016-03-16,2016-06-27,71,-0.1307101103,-0.04223832647,-0.1419022794,-0.003654328086,0,0,0,2020,12.13311074,17.43793778,0.6957881657
HWM_DRAWDOWN,UPRO,LAG1,0,drawdown,0.15,0.1,rule,2016-06-28,2018-04-02,442,0.4505752531,1.003703724,0.4840674365,0.04018443158,7.129308411,0.02585988775,71.29308411,2020,12.13311074,17.43793778,0.6957881657
HWM_DRAWDOWN,UPRO,LAG1,0,drawdown,0.15,0.1,rule,2018-04-03,2018-10-11,134,0.2093724099,0.1159766716,0.2334769929,0.01032024867,0,0,0,2020,12.13311074,17.43793778,0.6957881657
HWM_DRAWDOWN,UPRO,LAG1,0,drawdown,0.15,0.1,rule,2019-06-04,2020-02-27,185,0.1932872147,0.1486359609,0.2078722065,0.008913845449,2.091290082,0.01026320374,20.91290082,2020,12.13311074,17.43793778,0.6957881657
HWM_DRAWDOWN,UPRO,LAG1,0,drawdown,0.15,0.1,rule,2020-06-29,2022-01-21,395,0.8650655521,1.80511422,0.9343688794,0.05703732951,18.28102458,0.01991083039,182.8102458,2022,-6.701616349,34.86574667,-0.1922120416
HWM_DRAWDOWN,UPRO,LAG1,0,drawdown,0.15,0.1,rule,2023-03-20,2023-10-20,149,0.2274653873,0.1393718766,0.2494396699,0.01039609606,0,0,0,,,,
HWM_DRAWDOWN,UPRO,LAG1,0,drawdown,0.15,0.1,rule,2023-11-02,2025-03-10,336,0.5305940066,0.8482970325,0.5748663357,0.03856581626,15.76456993,0.01332067436,157.6456993,,,,
HWM_DRAWDOWN,UPRO,LAG1,0,drawdown,0.15,0.1,rule,2025-05-12,2026-03-19,214,0.3609693319,0.3266743011,0.393731104,0.02025413239,10.81366595,0.01187896956,108.1366595,,,,
HWM_DRAWDOWN,UPRO,LAG1,0,drawdown,0.15,0.1,rule,2026-04-08,2026-09-02,102,1.093196897,0.3834919741,1.240184585,0.02731352695,14.19123104,0.02142801597,141.9123104,,,,
BAND_DRAWDOWN,UPRO,LAG1,0,drawdown,0.2,0.1,rule,1986-11-20,1987-10-15,227,0.2805873452,0.2700724267,0.3039728723,0.01630076666,0,0,0.7507994934,1987,0.1203594504,0.06712427571,1.793083786
BAND_DRAWDOWN,UPRO,LAG1,0,drawdown,0.2,0.1,rule,1988-11-22,1990-01-22,293,0.477438278,0.5716791533,0.4735378484,-0.003083162148,0.1328589167,0.03180800968,0.2034123466,2000_2002,1.748023545,2.098186762,0.8331115117
BAND_DRAWDOWN,UPRO,LAG1,0,drawdown,0.2,0.1,rule,1990-05-08,1990-08-03,61,-0.02084281171,-0.008730917715,-0.03614629448,-0.003752174672,0,0,0,2000_2002,1.748023545,2.098186762,0.8331115117
BAND_DRAWDOWN,UPRO,LAG1,0,drawdown,0.2,0.1,rule,1991-01-24,1991-11-19,208,0.387257692,0.3505978373,0.4436002735,0.03259019629,0,0,0.2203156087,2000_2002,1.748023545,2.098186762,0.8331115117
BAND_DRAWDOWN,UPRO,LAG1,0,drawdown,0.2,0.1,rule,1991-12-13,1992-04-08,80,0.1808696811,0.06002828327,0.1995984481,0.005040590419,0,0,0.288669043,2000_2002,1.748023545,2.098186762,0.8331115117
BAND_DRAWDOWN,UPRO,LAG1,0,drawdown,0.2,0.1,rule,1992-06-19,1992-10-02,73,0.1482812153,0.04431500502,0.1628047064,0.003613181002,0,0,0,2000_2002,1.748023545,2.098186762,0.8331115117
BAND_DRAWDOWN,UPRO,LAG1,0,drawdown,0.2,0.1,rule,1992-10-19,1994-03-25,363,0.2042522655,0.3340253583,0.2234293441,0.02257927677,0,0,0.8452000142,2000_2002,1.748023545,2.098186762,0.8331115117
BAND_DRAWDOWN,UPRO,LAG1,0,drawdown,0.2,0.1,rule,1994-12-21,1996-07-15,394,0.6197110656,1.240707419,0.6739330006,0.05156718046,0.2763385547,0.01903678994,3.907411689,2000_2002,1.748023545,2.098186762,0.8331115117
BAND_DRAWDOWN,UPRO,LAG1,0,drawdown,0.2,0.1,rule,1996-07-30,1998-08-27,525,0.6865404804,2.20672117,0.7532777822,0.08053721788,0.6190132459,0.00743391428,17.80077273,2000_2002,1.748023545,2.098186762,0.8331115117
BAND_DRAWDOWN,UPRO,LAG1,0,drawdown,0.2,0.1,rule,1998-10-29,1999-09-23,226,0.4338221883,0.39631763,0.4486348429,0.009257837334,1.343149625,0.01811988807,5.955648704,2000_2002,1.748023545,2.098186762,0.8331115117
BAND_DRAWDOWN,UPRO,LAG1,0,drawdown,0.2,0.1,rule,1999-10-28,2000-02-18,78,-0.131531902,-0.05095023327,-0.1555164935,-0.008664306987,0,0,0,2000_2002,1.748023545,2.098186762,0.8331115117
BAND_DRAWDOWN,UPRO,LAG1,0,drawdown,0.2,0.1,rule,2003-04-17,2004-07-16,313,0.5405537516,0.7863765329,0.5915748268,0.04067738782,0,0,0,2007_2009,1.060423373,0.08381722487,12.65161635
BAND_DRAWDOWN,UPRO,LAG1,0,drawdown,0.2,0.1,rule,2004-10-27,2005-04-15,117,0.05611737662,0.02660436836,0.05803470344,0.0008442065809,0,0,0,2007_2009,1.060423373,0.08381722487,12.65161635
BAND_DRAWDOWN,UPRO,LAG1,0,drawdown,0.2,0.1,rule,2005-05-16,2005-10-05,99,0.1481212535,0.05779367528,0.1554835107,0.002485035589,0,0,0,2007_2009,1.060423373,0.08381722487,12.65161635
BAND_DRAWDOWN,UPRO,LAG1,0,drawdown,0.2,0.1,rule,2005-10-31,2006-05-23,140,0.146376926,0.08250991847,0.1525194501,0.002984684623,0,0,0,2007_2009,1.060423373,0.08381722487,12.65161635
BAND_DRAWDOWN,UPRO,LAG1,0,drawdown,0.2,0.1,rule,2006-08-15,2007-08-03,243,0.2466914754,0.2487320253,0.2583949849,0.009030483962,0,0,0,2007_2009,1.060423373,0.08381722487,12.65161635
BAND_DRAWDOWN,UPRO,LAG1,0,drawdown,0.2,0.1,rule,2009-07-13,2010-05-20,216,0.7462323856,0.6074704894,0.7462323856,0,0,0,0,2020,3.278204727,20.06046,0.1634162291
BAND_DRAWDOWN,UPRO,LAG1,0,drawdown,0.2,0.1,rule,2010-09-13,2011-08-02,224,0.4332250104,0.3747788373,0.4332250104,0,0,0,0,2020,3.278204727,20.06046,0.1634162291
BAND_DRAWDOWN,UPRO,LAG1,0,drawdown,0.2,0.1,rule,2012-01-03,2012-06-01,104,0.007968847959,0.003264975284,0.007968847959,0,0,0,0,2020,3.278204727,20.06046,0.1634162291
BAND_DRAWDOWN,UPRO,LAG1,0,drawdown,0.2,0.1,rule,2012-06-06,2012-11-08,107,0.3747925142,0.1446251145,0.3747925142,0,0,0,0,2020,3.278204727,20.06046,0.1634162291
BAND_DRAWDOWN,UPRO,LAG1,0,drawdown,0.2,0.1,rule,2012-11-19,2014-10-13,477,0.5912351258,1.494373774,0.6189038915,0.03270767744,3.878379648,0.02202155683,36.6316698,2020,3.278204727,20.06046,0.1634162291
BAND_DRAWDOWN,UPRO,LAG1,0,drawdown,0.2,0.1,rule,2014-10-21,2015-07-08,178,0.2305745702,0.1707273583,0.2478638068,0.009931568793,0,0,6.568012921,2020,3.278204727,20.06046,0.1634162291
BAND_DRAWDOWN,UPRO,LAG1,0,drawdown,0.2,0.1,rule,2016-03-16,2016-06-27,71,-0.1322259975,-0.04223832647,-0.1419022794,-0.003162143275,0,0,0,2020,3.278204727,20.06046,0.1634162291
BAND_DRAWDOWN,UPRO,LAG1,0,drawdown,0.2,0.1,rule,2016-06-28,2018-04-02,442,0.4436066535,1.003703724,0.4840674365,0.04866199935,3.997009129,0.01522377081,67.49356528,2020,3.278204727,20.06046,0.1634162291
BAND_DRAWDOWN,UPRO,LAG1,0,drawdown,0.2,0.1,rule,2018-04-03,2018-10-11,134,0.2163566461,0.1159766716,0.2334769929,0.0073089699,0,0,0,2020,3.278204727,20.06046,0.1634162291
BAND_DRAWDOWN,UPRO,LAG1,0,drawdown,0.2,0.1,rule,2019-06-04,2020-02-27,185,0.1916811866,0.1486359609,0.2078722065,0.009902046109,0,0,20.33216332,2020,3.278204727,20.06046,0.1634162291
BAND_DRAWDOWN,UPRO,LAG1,0,drawdown,0.2,0.1,rule,2020-06-29,2022-01-21,395,0.8632409302,1.80511422,0.9343688794,0.05856749073,12.09198884,0.01411393614,165.9610385,2022,-11.10388751,33.42156555,-0.3322372046
BAND_DRAWDOWN,UPRO,LAG1,0,drawdown,0.2,0.1,rule,2023-03-20,2023-10-20,149,0.2341166118,0.1393718766,0.2494396699,0.00722987013,0,0,0,,,,
BAND_DRAWDOWN,UPRO,LAG1,0,drawdown,0.2,0.1,rule,2023-11-02,2025-03-10,336,0.5380292092,0.8482970325,0.5748663357,0.0320116597,18.98585103,0.01746320108,141.8018495,,,,
BAND_DRAWDOWN,UPRO,LAG1,0,drawdown,0.2,0.1,rule,2025-05-12,2026-03-19,214,0.3593888754,0.3266743011,0.393731104,0.02124349765,0,0,100.7128892,,,,
BAND_DRAWDOWN,UPRO,LAG1,0,drawdown,0.2,0.1,rule,2026-04-08,2026-09-02,102,1.131724302,0.3834919741,1.240184585,0.01997311749,0,0,134.8837198,,,,
NO_RESERVE,UPRO,LAG1,10,staged,0.15,0.1,rule,1986-11-20,1987-10-15,227,0.3025253044,0.2688023542,0.3025253044,0,0,0,0.8241771089,1987,0,0,
NO_RESERVE,UPRO,LAG1,10,staged,0.15,0.1,rule,1988-11-22,1990-01-22,293,0.4722743553,0.5701074742,0.4722743553,0,0,0,0.1398101361,2000_2002,0,0,
NO_RESERVE,UPRO,LAG1,10,staged,0.15,0.1,rule,1990-05-08,1990-08-03,61,-0.04018635202,-0.009722186797,-0.04018635202,0,0,0,0,2000_2002,0,0,
NO_RESERVE,UPRO,LAG1,10,staged,0.15,0.1,rule,1991-01-24,1991-11-19,208,0.4418370074,0.3492472395,0.4418370074,0,0,0,0.1812617861,2000_2002,0,0,
NO_RESERVE,UPRO,LAG1,10,staged,0.15,0.1,rule,1991-12-13,1992-04-08,80,0.1958575193,0.05896825498,0.1958575193,0,0,0,0.3086301141,2000_2002,0,0,
NO_RESERVE,UPRO,LAG1,10,staged,0.15,0.1,rule,1992-06-19,1992-10-02,73,0.1587648175,0.04327069001,0.1587648175,0,0,0,0,2000_2002,0,0,
NO_RESERVE,UPRO,LAG1,10,staged,0.15,0.1,rule,1992-10-19,1994-03-25,363,0.2225731665,0.332691333,0.2225731665,0,0,0,0.8917811095,2000_2002,0,0,
NO_RESERVE,UPRO,LAG1,10,staged,0.15,0.1,rule,1994-12-21,1996-07-15,394,0.6728639192,1.238466711,0.6728639192,0,0,0,4.223123217,2000_2002,0,0,
NO_RESERVE,UPRO,LAG1,10,staged,0.15,0.1,rule,1996-07-30,1998-08-27,525,0.7524327285,2.203514448,0.7524327285,0,0,0,20.78873278,2000_2002,0,0,
NO_RESERVE,UPRO,LAG1,10,staged,0.15,0.1,rule,1998-10-29,1999-09-23,226,0.4470266826,0.3949213123,0.4470266826,0,0,0,7.023353824,2000_2002,0,0,
NO_RESERVE,UPRO,LAG1,10,staged,0.15,0.1,rule,1999-10-28,2000-02-18,78,-0.1582430729,-0.05189928303,-0.1582430729,0,0,0,0,2000_2002,0,0,
NO_RESERVE,UPRO,LAG1,10,staged,0.15,0.1,rule,2003-04-17,2004-07-16,313,0.5902998694,0.7845901564,0.5902998694,0,0,0,0,2007_2009,0,0,
NO_RESERVE,UPRO,LAG1,10,staged,0.15,0.1,rule,2004-10-27,2005-04-15,117,0.05576279013,0.02557776399,0.05576279013,0,0,0,0,2007_2009,0,0,
NO_RESERVE,UPRO,LAG1,10,staged,0.15,0.1,rule,2005-05-16,2005-10-05,99,0.1525137314,0.05673588161,0.1525137314,0,0,0,0,2007_2009,0,0,
NO_RESERVE,UPRO,LAG1,10,staged,0.15,0.1,rule,2005-10-31,2006-05-23,140,0.1504567474,0.08142740855,0.1504567474,0,0,0,0,2007_2009,0,0,
NO_RESERVE,UPRO,LAG1,10,staged,0.15,0.1,rule,2006-08-15,2007-08-03,243,0.257092943,0.2474832933,0.257092943,0,0,0,0,2007_2009,0,0,
NO_RESERVE,UPRO,LAG1,10,staged,0.15,0.1,rule,2009-07-13,2010-05-20,216,0.7441817241,0.6058630189,0.7441817241,0,0,0,0,2020,0,0,
NO_RESERVE,UPRO,LAG1,10,staged,0.15,0.1,rule,2010-09-13,2011-08-02,224,0.4316044185,0.3734040585,0.4316044185,0,0,0,0,2020,0,0,
NO_RESERVE,UPRO,LAG1,10,staged,0.15,0.1,rule,2012-01-03,2012-06-01,104,0.005516204594,0.002261710308,0.005516204594,0,0,0,0,2020,0,0,
NO_RESERVE,UPRO,LAG1,10,staged,0.15,0.1,rule,2012-06-06,2012-11-08,107,0.3715550791,0.1434804894,0.3715550791,0,0,0,0,2020,0,0,
NO_RESERVE,UPRO,LAG1,10,staged,0.15,0.1,rule,2012-11-19,2014-10-13,477,0.6180504361,1.4918794,0.6180504361,0,0,0,23.52328563,2020,0,0,
NO_RESERVE,UPRO,LAG1,10,staged,0.15,0.1,rule,2014-10-21,2015-07-08,178,0.246111153,0.169556631,0.246111153,0,0,0,5.943513378,2020,0,0,
NO_RESERVE,UPRO,LAG1,10,staged,0.15,0.1,rule,2016-03-16,2016-06-27,71,-0.1449413221,-0.04319608815,-0.1449413221,0,0,0,0,2020,0,0,
NO_RESERVE,UPRO,LAG1,10,staged,0.15,0.1,rule,2016-06-28,2018-04-02,442,0.483224244,1.001700021,0.483224244,0,0,0,62.88378455,2020,0,0,
NO_RESERVE,UPRO,LAG1,10,staged,0.15,0.1,rule,2018-04-03,2018-10-11,134,0.2311192863,0.1148606949,0.2311192863,0,0,0,0,2020,0,0,
NO_RESERVE,UPRO,LAG1,10,staged,0.15,0.1,rule,2019-06-04,2020-02-27,185,0.2062263286,0.1474873249,0.2062263286,0,0,0,16.76922762,2020,0,0,
NO_RESERVE,UPRO,LAG1,10,staged,0.15,0.1,rule,2020-06-29,2022-01-21,395,0.933131304,1.802309106,0.933131304,0,0,0,153.2591853,2022,0,0,
NO_RESERVE,UPRO,LAG1,10,staged,0.15,0.1,rule,2023-03-20,2023-10-20,149,0.2473079103,0.1382325047,0.2473079103,0,0,0,0,,,,
NO_RESERVE,UPRO,LAG1,10,staged,0.15,0.1,rule,2023-11-02,2025-03-10,336,0.5737017711,0.8464487355,0.5737017711,0,0,0,125.8227309,,,,
NO_RESERVE,UPRO,LAG1,10,staged,0.15,0.1,rule,2025-05-12,2026-03-19,214,0.392094397,0.3253476268,0.392094397,0,0,0,94.7765194,,,,
NO_RESERVE,UPRO,LAG1,10,staged,0.15,0.1,rule,2026-04-08,2026-09-02,102,1.234622543,0.3821084821,1.234622543,0,0,0,128.8425621,,,,
FIXED_90_10,UPRO,LAG1,10,staged,0.15,0.1,quarterly,1986-11-20,1987-10-15,227,0.2988534631,0.2688023542,0.3025253044,0.002542823808,0.07704467247,0.02249695619,0.7463532825,1987,0.1098083397,0.06518544167,1.684553129
FIXED_90_10,UPRO,LAG1,10,staged,0.15,0.1,quarterly,1988-11-22,1990-01-22,293,0.4355565328,0.5701074742,0.4722743553,0.02945643777,0.07109959015,0.01752308421,0.1777251975,2000_2002,0.9080447631,2.05660986,0.4415250461
FIXED_90_10,UPRO,LAG1,10,staged,0.15,0.1,quarterly,1990-05-08,1990-08-03,61,-0.02390528825,-0.009722186797,-0.04018635202,-0.004006519356,0.01250941523,0.01370934459,0,2000_2002,0.9080447631,2.05660986,0.4415250461
FIXED_90_10,UPRO,LAG1,10,staged,0.15,0.1,quarterly,1991-01-24,1991-11-19,208,0.4069128846,0.3492472395,0.4418370074,0.02007261258,0.07062692622,0.01781929199,0.2165508543,2000_2002,0.9080447631,2.05660986,0.4415250461
FIXED_90_10,UPRO,LAG1,10,staged,0.15,0.1,quarterly,1991-12-13,1992-04-08,80,0.1859444086,0.05896825498,0.1958575193,0.002666443913,0.03486444576,0.02416625748,0.2788088951,2000_2002,0.9080447631,2.05660986,0.4415250461
FIXED_90_10,UPRO,LAG1,10,staged,0.15,0.1,quarterly,1992-06-19,1992-10-02,73,0.1460813372,0.04327069001,0.1587648175,0.00316395247,0.01203853023,0.01146085864,0,2000_2002,0.9080447631,2.05660986,0.4415250461
FIXED_90_10,UPRO,LAG1,10,staged,0.15,0.1,quarterly,1992-10-19,1994-03-25,363,0.2028013491,0.332691333,0.2225731665,0.02330170371,0.06691891044,0.01131100825,0.8046554939,2000_2002,0.9080447631,2.05660986,0.4415250461
FIXED_90_10,UPRO,LAG1,10,staged,0.15,0.1,quarterly,1994-12-21,1996-07-15,394,0.6066278662,1.238466711,0.6728639192,0.06326780402,0.3697652,0.02710390541,3.628004554,2000_2002,0.9080447631,2.05660986,0.4415250461
FIXED_90_10,UPRO,LAG1,10,staged,0.15,0.1,quarterly,1996-07-30,1998-08-27,525,0.6780234259,2.203514448,0.7524327285,0.09004351964,1.298137796,0.01709001393,16.25005496,2000_2002,0.9080447631,2.05660986,0.4415250461
FIXED_90_10,UPRO,LAG1,10,staged,0.15,0.1,quarterly,1998-10-29,1999-09-23,226,0.4163772757,0.3949213123,0.4470266826,0.01928375966,1.082545404,0.01590837943,5.601039041,2000_2002,0.9080447631,2.05660986,0.4415250461
FIXED_90_10,UPRO,LAG1,10,staged,0.15,0.1,quarterly,1999-10-28,2000-02-18,78,-0.1207128654,-0.05189928303,-0.1582430729,-0.01349509808,0.4622492738,0.02284366579,0,2000_2002,0.9080447631,2.05660986,0.4415250461
FIXED_90_10,UPRO,LAG1,10,staged,0.15,0.1,quarterly,2003-04-17,2004-07-16,313,0.5297892575,0.7845901564,0.5902998694,0.04843102008,0.7800388083,0.01999475701,0,2007_2009,0.7788449749,0.07458105366,10.44293338
FIXED_90_10,UPRO,LAG1,10,staged,0.15,0.1,quarterly,2004-10-27,2005-04-15,117,0.05807258438,0.02557776399,0.05576279013,-0.001017164046,0.2745054087,0.02089036081,0,2007_2009,0.7788449749,0.07458105366,10.44293338
FIXED_90_10,UPRO,LAG1,10,staged,0.15,0.1,quarterly,2005-05-16,2005-10-05,99,0.1397172416,0.05673588161,0.1525137314,0.004340753333,0.09583592347,0.009840244987,0,2007_2009,0.7788449749,0.07458105366,10.44293338
FIXED_90_10,UPRO,LAG1,10,staged,0.15,0.1,quarterly,2005-10-31,2006-05-23,140,0.1405739667,0.08142740855,0.1504567474,0.004818600077,0.128540085,0.008751256461,0,2007_2009,0.7788449749,0.07458105366,10.44293338
FIXED_90_10,UPRO,LAG1,10,staged,0.15,0.1,quarterly,2006-08-15,2007-08-03,243,0.2386036095,0.2474832933,0.257092943,0.0143202928,0.5418439237,0.01654415837,0,2007_2009,0.7788449749,0.07458105366,10.44293338
FIXED_90_10,UPRO,LAG1,10,staged,0.15,0.1,quarterly,2009-07-13,2010-05-20,216,0.669668632,0.6058630189,0.7441817241,0.03717553666,0.7886066153,0.02085185408,0,2020,4.293527217,19.69931639,0.2179531072
FIXED_90_10,UPRO,LAG1,10,staged,0.15,0.1,quarterly,2010-09-13,2011-08-02,224,0.3905314422,0.3734040585,0.4316044185,0.02574252934,0.7701176941,0.02072877238,0,2020,4.293527217,19.69931639,0.2179531072
FIXED_90_10,UPRO,LAG1,10,staged,0.15,0.1,quarterly,2012-01-03,2012-06-01,104,0.02545153078,0.002261710308,0.005516204594,-0.008062417811,0.5072319923,0.03455940205,0,2020,4.293527217,19.69931639,0.2179531072
FIXED_90_10,UPRO,LAG1,10,staged,0.15,0.1,quarterly,2012-06-06,2012-11-08,107,0.3288772812,0.1434804894,0.3715550791,0.01341455682,0.2917834104,0.01690887549,0,2020,4.293527217,19.69931639,0.2179531072
FIXED_90_10,UPRO,LAG1,10,staged,0.15,0.1,quarterly,2012-11-19,2014-10-13,477,0.5496792143,1.4918794,0.6180504361,0.08191542526,2.848547586,0.02205437863,22.02931209,2020,4.293527217,19.69931639,0.2179531072
FIXED_90_10,UPRO,LAG1,10,staged,0.15,0.1,quarterly,2014-10-21,2015-07-08,178,0.2181580891,0.169556631,0.246111153,0.01615001792,0.2914436471,0.003928228384,4.601037525,2020,4.293527217,19.69931639,0.2179531072
FIXED_90_10,UPRO,LAG1,10,staged,0.15,0.1,quarterly,2016-03-16,2016-06-27,71,-0.1298615623,-0.04319608815,-0.1449413221,-0.004929964077,0.141955535,0.006647520087,0,2020,4.293527217,19.69931639,0.2179531072
FIXED_90_10,UPRO,LAG1,10,staged,0.15,0.1,quarterly,2016-06-28,2018-04-02,442,0.4306261715,1.001700021,0.483224244,0.06356243071,4.136315545,0.02205597966,47.36906172,2020,4.293527217,19.69931639,0.2179531072
FIXED_90_10,UPRO,LAG1,10,staged,0.15,0.1,quarterly,2018-04-03,2018-10-11,134,0.2165308354,0.1148606949,0.2311192863,0.006233588408,2.013607228,0.02434682502,0,2020,4.293527217,19.69931639,0.2179531072
FIXED_90_10,UPRO,LAG1,10,staged,0.15,0.1,quarterly,2019-06-04,2020-02-27,185,0.19495427,0.1474873249,0.2062263286,0.006888999735,2.515509999,0.01792261434,14.36237595,2020,4.293527217,19.69931639,0.2179531072
FIXED_90_10,UPRO,LAG1,10,staged,0.15,0.1,quarterly,2020-06-29,2022-01-21,395,0.8292420911,1.802309106,0.933131304,0.08635646467,16.26260007,0.02743578072,113.8707775,2022,-2.609481024,33.76608346,-0.07728112819
FIXED_90_10,UPRO,LAG1,10,staged,0.15,0.1,quarterly,2023-03-20,2023-10-20,149,0.2319865926,0.1382325047,0.2473079103,0.007241475638,3.177461338,0.01632184275,0,,,,
FIXED_90_10,UPRO,LAG1,10,staged,0.15,0.1,quarterly,2023-11-02,2025-03-10,336,0.5186434067,0.8464487355,0.5737017711,0.04816681817,12.74176736,0.01709660457,95.55686643,,,,
FIXED_90_10,UPRO,LAG1,10,staged,0.15,0.1,quarterly,2025-05-12,2026-03-19,214,0.3585851756,0.3253476268,0.392094397,0.02074655446,11.78093826,0.02044907393,68.3716116,,,,
FIXED_90_10,UPRO,LAG1,10,staged,0.15,0.1,quarterly,2026-04-08,2026-09-02,102,1.089627077,0.3821084821,1.234622543,0.02699999049,10.74527966,0.02529915726,90.87988427,,,,
FIXED_85_15,UPRO,LAG1,10,staged,0.15,0.1,quarterly,1986-11-20,1987-10-15,227,0.2953310591,0.2688023542,0.3025253044,0.004988924028,0.109569088,0.03398451743,0.7071318571,1987,0.1611818922,0.0979943395,1.64480819
FIXED_85_15,UPRO,LAG1,10,staged,0.15,0.1,quarterly,1988-11-22,1990-01-22,293,0.4169559963,0.5701074742,0.4722743553,0.04466728612,0.1010780181,0.0263415836,0.192672729,2000_2002,1.258139216,3.041757138,0.4136225081
FIXED_85_15,UPRO,LAG1,10,staged,0.15,0.1,quarterly,1990-05-08,1990-08-03,61,-0.01607218039,-0.009722186797,-0.04018635202,-0.005910376591,0.01778537028,0.02056623725,0,2000_2002,1.258139216,3.041757138,0.4136225081
FIXED_85_15,UPRO,LAG1,10,staged,0.15,0.1,quarterly,1991-01-24,1991-11-19,208,0.3891250068,0.3492472395,0.4418370074,0.03048853901,0.1008524308,0.02689392908,0.2307774793,2000_2002,1.258139216,3.041757138,0.4136225081
FIXED_85_15,UPRO,LAG1,10,staged,0.15,0.1,quarterly,1991-12-13,1992-04-08,80,0.1804885113,0.05896825498,0.1958575193,0.004143504765,0.04916347813,0.03639014678,0.2632445192,2000_2002,1.258139216,3.041757138,0.4136225081
FIXED_85_15,UPRO,LAG1,10,staged,0.15,0.1,quarterly,1992-06-19,1992-10-02,73,0.1397440188,0.04327069001,0.1587648175,0.004757968421,0.01697912458,0.01718304956,0,2000_2002,1.258139216,3.041757138,0.4136225081
FIXED_85_15,UPRO,LAG1,10,staged,0.15,0.1,quarterly,1992-10-19,1994-03-25,363,0.1929718718,0.332691333,0.2225731665,0.03502898737,0.09369652191,0.01700461399,0.7595774326,2000_2002,1.258139216,3.041757138,0.4136225081
FIXED_85_15,UPRO,LAG1,10,staged,0.15,0.1,quarterly,1994-12-21,1996-07-15,394,0.5738056971,1.238466711,0.6728639192,0.09559233026,0.5088149432,0.04087376133,3.338874705,2000_2002,1.258139216,3.041757138,0.4136225081
FIXED_85_15,UPRO,LAG1,10,staged,0.15,0.1,quarterly,1996-07-30,1998-08-27,525,0.6411152634,2.203514448,0.7524327285,0.1361990666,1.708860785,0.02578679716,14.25064505,2000_2002,1.258139216,3.041757138,0.4136225081
FIXED_85_15,UPRO,LAG1,10,staged,0.15,0.1,quarterly,1998-10-29,1999-09-23,226,0.4000968374,0.3949213123,0.4470266826,0.02969735828,1.404814538,0.02405381491,4.945808545,2000_2002,1.258139216,3.041757138,0.4136225081
FIXED_85_15,UPRO,LAG1,10,staged,0.15,0.1,quarterly,1999-10-28,2000-02-18,78,-0.103055322,-0.05189928303,-0.1582430729,-0.01964634498,0.5974557974,0.03439316248,0,2000_2002,1.258139216,3.041757138,0.4136225081
FIXED_85_15,UPRO,LAG1,10,staged,0.15,0.1,quarterly,2003-04-17,2004-07-16,313,0.4996941502,0.7845901564,0.5902998694,0.07323641913,1.065060342,0.03018223924,0,2007_2009,1.067771996,0.1098885418,9.716863816
FIXED_85_15,UPRO,LAG1,10,staged,0.15,0.1,quarterly,2004-10-27,2005-04-15,117,0.05879185514,0.02557776399,0.05576279013,-0.001333455942,0.3698891645,0.03146706677,0,2007_2009,1.067771996,0.1098885418,9.716863816
FIXED_85_15,UPRO,LAG1,10,staged,0.15,0.1,quarterly,2005-05-16,2005-10-05,99,0.1334116764,0.05673588161,0.1525137314,0.006497649224,0.1293078089,0.01477139114,0,2007_2009,1.067771996,0.1098885418,9.716863816
FIXED_85_15,UPRO,LAG1,10,staged,0.15,0.1,quarterly,2005-10-31,2006-05-23,140,0.1355699308,0.08142740855,0.1504567474,0.007274390678,0.17283616,0.01312617526,0,2007_2009,1.067771996,0.1098885418,9.716863816
FIXED_85_15,UPRO,LAG1,10,staged,0.15,0.1,quarterly,2006-08-15,2007-08-03,243,0.2291471309,0.2474832933,0.257092943,0.02172733392,0.7276143635,0.02485879694,0,2007_2009,1.067771996,0.1098885418,9.716863816
FIXED_85_15,UPRO,LAG1,10,staged,0.15,0.1,quarterly,2009-07-13,2010-05-20,216,0.6320685126,0.6058630189,0.7441817241,0.0565694595,1.089895192,0.03146913575,0,2020,5.362337113,27.62261485,0.1941285118
FIXED_85_15,UPRO,LAG1,10,staged,0.15,0.1,quarterly,2010-09-13,2011-08-02,224,0.3697414824,0.3734040585,0.4316044185,0.03906399869,1.057945322,0.03133016072,0,2020,5.362337113,27.62261485,0.1941285118
FIXED_85_15,UPRO,LAG1,10,staged,0.15,0.1,quarterly,2012-01-03,2012-06-01,104,0.03380820115,0.002261710308,0.005516204594,-0.01139557318,0.6982796096,0.05210955938,0,2020,5.362337113,27.62261485,0.1941285118
FIXED_85_15,UPRO,LAG1,10,staged,0.15,0.1,quarterly,2012-06-06,2012-11-08,107,0.3081721848,0.1434804894,0.3715550791,0.02007862414,0.3996685501,0.02545697475,0,2020,5.362337113,27.62261485,0.1941285118
FIXED_85_15,UPRO,LAG1,10,staged,0.15,0.1,quarterly,2012-11-19,2014-10-13,477,0.5160396079,1.4918794,0.6180504361,0.1235552624,3.799470696,0.03324045316,20.78117301,2020,5.362337113,27.62261485,0.1941285118
FIXED_85_15,UPRO,LAG1,10,staged,0.15,0.1,quarterly,2014-10-21,2015-07-08,178,0.2044956346,0.169556631,0.246111153,0.02417890053,0.3792153209,0.005902695047,3.97787349,2020,5.362337113,27.62261485,0.1941285118
FIXED_85_15,UPRO,LAG1,10,staged,0.15,0.1,quarterly,2016-03-16,2016-06-27,71,-0.1223413002,-0.04319608815,-0.1449413221,-0.00735669505,0.1864638003,0.009986817503,0,2020,5.362337113,27.62261485,0.1941285118
FIXED_85_15,UPRO,LAG1,10,staged,0.15,0.1,quarterly,2016-06-28,2018-04-02,442,0.4047646739,1.001700021,0.483224244,0.09567710523,5.334707263,0.03323157194,40.39737243,2020,5.362337113,27.62261485,0.1941285118
FIXED_85_15,UPRO,LAG1,10,staged,0.15,0.1,quarterly,2018-04-03,2018-10-11,134,0.2085970128,0.1148606949,0.2311192863,0.009655135601,2.55264173,0.03648491344,0,2020,5.362337113,27.62261485,0.1941285118
FIXED_85_15,UPRO,LAG1,10,staged,0.15,0.1,quarterly,2019-06-04,2020-02-27,185,0.1885766554,0.1474873249,0.2062263286,0.01081556738,3.216271971,0.02695008351,12.93402568,2020,5.362337113,27.62261485,0.1941285118
FIXED_85_15,UPRO,LAG1,10,staged,0.15,0.1,quarterly,2020-06-29,2022-01-21,395,0.7779769011,1.802309106,0.933131304,0.1307945341,20.57966022,0.04129239256,96.00390981,2022,-3.920720078,45.11222914,-0.08691036006
FIXED_85_15,UPRO,LAG1,10,staged,0.15,0.1,quarterly,2023-03-20,2023-10-20,149,0.2239597094,0.1382325047,0.2473079103,0.01107133801,4.022225514,0.02454402233,0,,,,
FIXED_85_15,UPRO,LAG1,10,staged,0.15,0.1,quarterly,2023-11-02,2025-03-10,336,0.4912966292,0.8464487355,0.5737017711,0.07274371149,15.91392967,0.02586104537,81.40146347,,,,
FIXED_85_15,UPRO,LAG1,10,staged,0.15,0.1,quarterly,2025-05-12,2026-03-19,214,0.3416391789,0.3253476268,0.392094397,0.03143398067,14.51742826,0.03087301631,56.75610817,,,,
FIXED_85_15,UPRO,LAG1,10,staged,0.15,0.1,quarterly,2026-04-08,2026-09-02,102,1.019339073,0.3821084821,1.234622543,0.04077044017,13.16700835,0.03812367092,74.54480192,,,,
HWM_RESERVE,UPRO,LAG1,10,staged,0.15,0.1,rule,1986-11-20,1987-10-15,227,0.3169340652,0.2688023542,0.3025253044,-0.00990957467,0.08117684941,0.0216314952,0.8117684941,1987,0.04185841837,0.009401977897,4.452086447
HWM_RESERVE,UPRO,LAG1,10,staged,0.15,0.1,rule,1988-11-22,1990-01-22,293,0.476005972,0.5701074742,0.4722743553,-0.00295241809,0.01965685211,0.00431577741,0.1965685211,2000_2002,0,0.2019669302,0
HWM_RESERVE,UPRO,LAG1,10,staged,0.15,0.1,rule,1990-05-08,1990-08-03,61,-0.04064350842,-0.009722186797,-0.04018635202,0.0001134776574,0,0,0,2000_2002,0,0.2019669302,0
HWM_RESERVE,UPRO,LAG1,10,staged,0.15,0.1,rule,1991-01-24,1991-11-19,208,0.4430839747,0.3492472395,0.4418370074,-0.0007076722252,0.01943295886,0.004353330265,0.1943295886,2000_2002,0,0.2019669302,0
HWM_RESERVE,UPRO,LAG1,10,staged,0.15,0.1,rule,1991-12-13,1992-04-08,80,0.1989590144,0.05896825498,0.1958575193,-0.0008297069619,0.02994523241,0.01816990904,0.3146232711,2000_2002,0,0.2019669302,0
HWM_RESERVE,UPRO,LAG1,10,staged,0.15,0.1,rule,1992-06-19,1992-10-02,73,0.1587648175,0.04327069001,0.1587648175,0,0,0,0,2000_2002,0,0.2019669302,0
HWM_RESERVE,UPRO,LAG1,10,staged,0.15,0.1,rule,1992-10-19,1994-03-25,363,0.2236627633,0.332691333,0.2225731665,-0.001273144756,0.09112639286,0.01337935755,0.9112639286,2000_2002,0,0.2019669302,0
HWM_RESERVE,UPRO,LAG1,10,staged,0.15,0.1,rule,1994-12-21,1996-07-15,394,0.6659937279,1.238466711,0.6728639192,0.00644476872,0.4178992638,0.02649611851,4.178992638,2000_2002,0,0.2019669302,0
HWM_RESERVE,UPRO,LAG1,10,staged,0.15,0.1,rule,1996-07-30,1998-08-27,525,0.7390970527,2.203514448,0.7524327285,0.01585296012,1.985328462,0.02148225302,19.85328462,2000_2002,0,0.2019669302,0
HWM_RESERVE,UPRO,LAG1,10,staged,0.15,0.1,rule,1998-10-29,1999-09-23,226,0.448495678,0.3949213123,0.4470266826,-0.0009139642339,0.7928629937,0.008848254459,7.928629937,2000_2002,0,0.2019669302,0
HWM_RESERVE,UPRO,LAG1,10,staged,0.15,0.1,rule,1999-10-28,2000-02-18,78,-0.1622019397,-0.05189928303,-0.1582430729,0.001458463897,0,0,0,2000_2002,0,0.2019669302,0
HWM_RESERVE,UPRO,LAG1,10,staged,0.15,0.1,rule,2003-04-17,2004-07-16,313,0.5902998694,0.7845901564,0.5902998694,0,0,0,0,2007_2009,0,0,
HWM_RESERVE,UPRO,LAG1,10,staged,0.15,0.1,rule,2004-10-27,2005-04-15,117,0.05576279013,0.02557776399,0.05576279013,0,0,0,0,2007_2009,0,0,
HWM_RESERVE,UPRO,LAG1,10,staged,0.15,0.1,rule,2005-05-16,2005-10-05,99,0.1525137314,0.05673588161,0.1525137314,0,0,0,0,2007_2009,0,0,
HWM_RESERVE,UPRO,LAG1,10,staged,0.15,0.1,rule,2005-10-31,2006-05-23,140,0.1504567474,0.08142740855,0.1504567474,0,0,0,0,2007_2009,0,0,
HWM_RESERVE,UPRO,LAG1,10,staged,0.15,0.1,rule,2006-08-15,2007-08-03,243,0.257092943,0.2474832933,0.257092943,0,0,0,0,2007_2009,0,0,
HWM_RESERVE,UPRO,LAG1,10,staged,0.15,0.1,rule,2009-07-13,2010-05-20,216,0.7441817241,0.6058630189,0.7441817241,0,0,0,0,2020,0.9758265863,1.133827215,0.860648407
HWM_RESERVE,UPRO,LAG1,10,staged,0.15,0.1,rule,2010-09-13,2011-08-02,224,0.4316044185,0.3734040585,0.4316044185,0,0,0,0,2020,0.9758265863,1.133827215,0.860648407
HWM_RESERVE,UPRO,LAG1,10,staged,0.15,0.1,rule,2012-01-03,2012-06-01,104,0.005516204594,0.002261710308,0.005516204594,0,0,0,0,2020,0.9758265863,1.133827215,0.860648407
HWM_RESERVE,UPRO,LAG1,10,staged,0.15,0.1,rule,2012-06-06,2012-11-08,107,0.3715550791,0.1434804894,0.3715550791,0,0,0,0,2020,0.9758265863,1.133827215,0.860648407
HWM_RESERVE,UPRO,LAG1,10,staged,0.15,0.1,rule,2012-11-19,2014-10-13,477,0.6169173696,1.4918794,0.6180504361,0.001329102491,2.332004364,0.01480967851,23.32004364,2020,0.9758265863,1.133827215,0.860648407
HWM_RESERVE,UPRO,LAG1,10,staged,0.15,0.1,rule,2014-10-21,2015-07-08,178,0.2405089135,0.169556631,0.246111153,0.003207495783,0.6179675024,0.006523503943,6.179675024,2020,0.9758265863,1.133827215,0.860648407
HWM_RESERVE,UPRO,LAG1,10,staged,0.15,0.1,rule,2016-03-16,2016-06-27,71,-0.1449673948,-0.04319608815,-0.1449413221,8.598940748e-06,0,0,0,2020,0.9758265863,1.133827215,0.860648407
HWM_RESERVE,UPRO,LAG1,10,staged,0.15,0.1,rule,2016-06-28,2018-04-02,442,0.4852860264,1.001700021,0.483224244,-0.002445429167,6.078699197,0.02533752893,60.78699197,2020,0.9758265863,1.133827215,0.860648407
HWM_RESERVE,UPRO,LAG1,10,staged,0.15,0.1,rule,2018-04-03,2018-10-11,134,0.2256215624,0.1148606949,0.2311192863,0.002340439652,0.1399635537,0.001272990817,1.399635537,2020,0.9758265863,1.133827215,0.860648407
HWM_RESERVE,UPRO,LAG1,10,staged,0.15,0.1,rule,2019-06-04,2020-02-27,185,0.2147801315,0.1474873249,0.2062263286,-0.005184891373,1.744287458,0.009348141289,17.44287458,2020,0.9758265863,1.133827215,0.860648407
HWM_RESERVE,UPRO,LAG1,10,staged,0.15,0.1,rule,2020-06-29,2022-01-21,395,0.9264727664,1.802309106,0.933131304,0.005394018253,14.92398372,0.01907043904,149.2398372,2022,9.973375567,9.234919154,1.079963495
HWM_RESERVE,UPRO,LAG1,10,staged,0.15,0.1,rule,2023-03-20,2023-10-20,149,0.2469841547,0.1382325047,0.2473079103,0.0001520979821,0,0,0,,,,
HWM_RESERVE,UPRO,LAG1,10,staged,0.15,0.1,rule,2023-11-02,2025-03-10,336,0.5797000992,0.8464487355,0.5737017711,-0.005145388098,13.03346247,0.01263495945,130.3346247,,,,
HWM_RESERVE,UPRO,LAG1,10,staged,0.15,0.1,rule,2025-05-12,2026-03-19,214,0.391716542,0.3253476268,0.392094397,0.0002311455898,9.772305217,0.01191902623,97.72305217,,,,
HWM_RESERVE,UPRO,LAG1,10,staged,0.15,0.1,rule,2026-04-08,2026-09-02,102,1.215303215,0.3821084821,1.234622543,0.003494612889,10.62248417,0.01741585508,129.4543328,,,,
ASYMMETRIC_RESERVE_BAND,UPRO,LAG1,10,staged,0.2,0.1,rule,1986-11-20,1987-10-15,227,0.2964647165,0.2688023542,0.3025253044,0.004200941183,0.215580729,0.06197534665,0.7613770895,1987,0.117044109,0.05170607719,2.26364318
ASYMMETRIC_RESERVE_BAND,UPRO,LAG1,10,staged,0.2,0.1,rule,1988-11-22,1990-01-22,293,0.5131236195,0.5701074742,0.4722743553,-0.03191967644,0.2041510832,0.0469167388,0.2363050964,2000_2002,0,0.6297740447,0
ASYMMETRIC_RESERVE_BAND,UPRO,LAG1,10,staged,0.2,0.1,rule,1990-05-08,1990-08-03,61,-0.04484607828,-0.009722186797,-0.04018635202,0.001159201307,0,0,0,2000_2002,0,0.6297740447,0
ASYMMETRIC_RESERVE_BAND,UPRO,LAG1,10,staged,0.2,0.1,rule,1991-01-24,1991-11-19,208,0.4728150405,0.3492472395,0.4418370074,-0.01740181056,0.466192284,0.1048245432,0.271357408,2000_2002,0,0.6297740447,0
ASYMMETRIC_RESERVE_BAND,UPRO,LAG1,10,staged,0.2,0.1,rule,1991-12-13,1992-04-08,80,0.182918422,0.05896825498,0.1958575193,0.003484820049,0.1933179784,0.121762233,0.3196845157,2000_2002,0,0.6297740447,0
ASYMMETRIC_RESERVE_BAND,UPRO,LAG1,10,staged,0.2,0.1,rule,1992-06-19,1992-10-02,73,0.1587648175,0.04327069001,0.1587648175,0,0,0,0,2000_2002,0,0.6297740447,0
ASYMMETRIC_RESERVE_BAND,UPRO,LAG1,10,staged,0.2,0.1,rule,1992-10-19,1994-03-25,363,0.2171973668,0.332691333,0.2225731665,0.006298035057,0.5776843174,0.08878982259,0.9143935071,2000_2002,0,0.6297740447,0
ASYMMETRIC_RESERVE_BAND,UPRO,LAG1,10,staged,0.2,0.1,rule,1994-12-21,1996-07-15,394,0.6315296405,1.238466711,0.6728639192,0.03918113833,0.3710065422,0.02397102972,4.088827298,2000_2002,0,0.6297740447,0
ASYMMETRIC_RESERVE_BAND,UPRO,LAG1,10,staged,0.2,0.1,rule,1996-07-30,1998-08-27,525,0.7030818316,2.203514448,0.7524327285,0.05928172461,2.40946192,0.02783129488,18.64566678,2000_2002,0,0.6297740447,0
ASYMMETRIC_RESERVE_BAND,UPRO,LAG1,10,staged,0.2,0.1,rule,1998-10-29,1999-09-23,226,0.479933617,0.3949213123,0.4470266826,-0.0202546415,5.310160948,0.06534703494,7.248064246,2000_2002,0,0.6297740447,0
ASYMMETRIC_RESERVE_BAND,UPRO,LAG1,10,staged,0.2,0.1,rule,1999-10-28,2000-02-18,78,-0.174073268,-0.05189928303,-0.1582430729,0.005873593059,0,0,0,2000_2002,0,0.6297740447,0
ASYMMETRIC_RESERVE_BAND,UPRO,LAG1,10,staged,0.2,0.1,rule,2003-04-17,2004-07-16,313,0.5902998694,0.7845901564,0.5902998694,0,0,0,0,2007_2009,0,0,
ASYMMETRIC_RESERVE_BAND,UPRO,LAG1,10,staged,0.2,0.1,rule,2004-10-27,2005-04-15,117,0.05576279013,0.02557776399,0.05576279013,0,0,0,0,2007_2009,0,0,
ASYMMETRIC_RESERVE_BAND,UPRO,LAG1,10,staged,0.2,0.1,rule,2005-05-16,2005-10-05,99,0.1525137314,0.05673588161,0.1525137314,0,0,0,0,2007_2009,0,0,
ASYMMETRIC_RESERVE_BAND,UPRO,LAG1,10,staged,0.2,0.1,rule,2005-10-31,2006-05-23,140,0.1504567474,0.08142740855,0.1504567474,0,0,0,0,2007_2009,0,0,
ASYMMETRIC_RESERVE_BAND,UPRO,LAG1,10,staged,0.2,0.1,rule,2006-08-15,2007-08-03,243,0.257092943,0.2474832933,0.257092943,0,0,0,0,2007_2009,0,0,
ASYMMETRIC_RESERVE_BAND,UPRO,LAG1,10,staged,0.2,0.1,rule,2009-07-13,2010-05-20,216,0.7441817241,0.6058630189,0.7441817241,0,0,0,0,2020,2.038848473,10.03827495,0.2031074545
ASYMMETRIC_RESERVE_BAND,UPRO,LAG1,10,staged,0.2,0.1,rule,2010-09-13,2011-08-02,224,0.4316044185,0.3734040585,0.4316044185,0,0,0,0,2020,2.038848473,10.03827495,0.2031074545
ASYMMETRIC_RESERVE_BAND,UPRO,LAG1,10,staged,0.2,0.1,rule,2012-01-03,2012-06-01,104,0.005516204594,0.002261710308,0.005516204594,0,0,0,0,2020,2.038848473,10.03827495,0.2031074545
ASYMMETRIC_RESERVE_BAND,UPRO,LAG1,10,staged,0.2,0.1,rule,2012-06-06,2012-11-08,107,0.3715550791,0.1434804894,0.3715550791,0,0,0,0,2020,2.038848473,10.03827495,0.2031074545
ASYMMETRIC_RESERVE_BAND,UPRO,LAG1,10,staged,0.2,0.1,rule,2012-11-19,2014-10-13,477,0.5903124321,1.4918794,0.6180504361,0.03280768244,3.147217405,0.02202665168,21.33278502,2020,2.038848473,10.03827495,0.2031074545
ASYMMETRIC_RESERVE_BAND,UPRO,LAG1,10,staged,0.2,0.1,rule,2014-10-21,2015-07-08,178,0.2582333418,0.169556631,0.246111153,-0.006891336929,10.3146548,0.124332626,5.897032787,2020,2.038848473,10.03827495,0.2031074545
ASYMMETRIC_RESERVE_BAND,UPRO,LAG1,10,staged,0.2,0.1,rule,2016-03-16,2016-06-27,71,-0.1453859682,-0.04319608815,-0.1449413221,0.0001466825849,0,0,0,2020,2.038848473,10.03827495,0.2031074545
ASYMMETRIC_RESERVE_BAND,UPRO,LAG1,10,staged,0.2,0.1,rule,2016-06-28,2018-04-02,442,0.4602897736,1.001700021,0.483224244,0.02743355819,6.189782277,0.02853324804,54.6624158,2020,2.038848473,10.03827495,0.2031074545
ASYMMETRIC_RESERVE_BAND,UPRO,LAG1,10,staged,0.2,0.1,rule,2018-04-03,2018-10-11,134,0.2242863102,0.1148606949,0.2311192863,0.002910455232,0,0,1.51032125,2020,2.038848473,10.03827495,0.2031074545
ASYMMETRIC_RESERVE_BAND,UPRO,LAG1,10,staged,0.2,0.1,rule,2019-06-04,2020-02-27,185,0.2579102636,0.1474873249,0.2062263286,-0.03078428397,11.71637359,0.06995716078,14.51075264,2020,2.038848473,10.03827495,0.2031074545
ASYMMETRIC_RESERVE_BAND,UPRO,LAG1,10,staged,0.2,0.1,rule,2020-06-29,2022-01-21,395,0.8832185596,1.802309106,0.933131304,0.04089440663,13.69183032,0.01934283095,137.8881997,2022,0.6916774785,22.39342124,0.03088753037
ASYMMETRIC_RESERVE_BAND,UPRO,LAG1,10,staged,0.2,0.1,rule,2023-03-20,2023-10-20,149,0.2469838434,0.1382325047,0.2473079103,0.0001522442794,0,0,0,,,,
ASYMMETRIC_RESERVE_BAND,UPRO,LAG1,10,staged,0.2,0.1,rule,2023-11-02,2025-03-10,336,0.5693194472,0.8464487355,0.5737017711,0.003771587332,27.10577746,0.03050257921,110.7097179,,,,
ASYMMETRIC_RESERVE_BAND,UPRO,LAG1,10,staged,0.2,0.1,rule,2025-05-12,2026-03-19,214,0.3838691583,0.3253476268,0.392094397,0.005045871441,38.84656412,0.05599190967,85.05704764,,,,
ASYMMETRIC_RESERVE_BAND,UPRO,LAG1,10,staged,0.2,0.1,rule,2026-04-08,2026-09-02,102,1.158333047,0.3821084821,1.234622543,0.01398004933,94.54444446,0.1834553863,112.9411518,,,,
HWM_DRAWDOWN,UPRO,LAG1,10,drawdown,0.15,0.1,rule,1986-11-20,1987-10-15,227,0.312840117,0.2688023542,0.3025253044,-0.00710504586,0.07909319842,0.02155533416,0.7909319842,1987,0.07041700693,0.02364532329,2.978052196
HWM_DRAWDOWN,UPRO,LAG1,10,drawdown,0.15,0.1,rule,1988-11-22,1990-01-22,293,0.4549360204,0.5701074742,0.4722743553,0.0138168136,0.01904038628,0.004356165175,0.1904038628,2000_2002,1.949326285,2.086000052,0.9344804585
HWM_DRAWDOWN,UPRO,LAG1,10,drawdown,0.15,0.1,rule,1990-05-08,1990-08-03,61,-0.0337431287,-0.009722186797,-0.04018635202,-0.001593645218,0,0,0,2000_2002,1.949326285,2.086000052,0.9344804585
HWM_DRAWDOWN,UPRO,LAG1,10,drawdown,0.15,0.1,rule,1991-01-24,1991-11-19,208,0.4210333571,0.3492472395,0.4418370074,0.01189752062,0.01877638698,0.004457450761,0.1877638698,2000_2002,1.949326285,2.086000052,0.9344804585
HWM_DRAWDOWN,UPRO,LAG1,10,drawdown,0.15,0.1,rule,1991-12-13,1992-04-08,80,0.1949224127,0.05896825498,0.1958575193,0.000250580444,0.02975524779,0.0192497227,0.2975524779,2000_2002,1.949326285,2.086000052,0.9344804585
HWM_DRAWDOWN,UPRO,LAG1,10,drawdown,0.15,0.1,rule,1992-06-19,1992-10-02,73,0.1501815606,0.04327069001,0.1587648175,0.002137318941,0,0,0,2000_2002,1.949326285,2.086000052,0.9344804585
HWM_DRAWDOWN,UPRO,LAG1,10,drawdown,0.15,0.1,rule,1992-10-19,1994-03-25,363,0.2115825253,0.332691333,0.2225731665,0.01290588839,0.08467145194,0.01346520409,0.8467145194,2000_2002,1.949326285,2.086000052,0.9344804585
HWM_DRAWDOWN,UPRO,LAG1,10,drawdown,0.15,0.1,rule,1994-12-21,1996-07-15,394,0.6174421057,1.238466711,0.6728639192,0.05276200823,0.3776557122,0.026597209,3.776557122,2000_2002,1.949326285,2.086000052,0.9344804585
HWM_DRAWDOWN,UPRO,LAG1,10,drawdown,0.15,0.1,rule,1996-07-30,1998-08-27,525,0.6763641466,2.203514448,0.7524327285,0.09209664406,1.658566562,0.02145238766,16.58566562,2000_2002,1.949326285,2.086000052,0.9344804585
HWM_DRAWDOWN,UPRO,LAG1,10,drawdown,0.15,0.1,rule,1998-10-29,1999-09-23,226,0.3935370253,0.3949213123,0.4470266826,0.03392753378,0.5344489146,0.007930818054,5.344489146,2000_2002,1.949326285,2.086000052,0.9344804585
HWM_DRAWDOWN,UPRO,LAG1,10,drawdown,0.15,0.1,rule,1999-10-28,2000-02-18,78,-0.1289683056,-0.05189928303,-0.1582430729,-0.01057670015,0,0,0,2000_2002,1.949326285,2.086000052,0.9344804585
HWM_DRAWDOWN,UPRO,LAG1,10,drawdown,0.15,0.1,rule,2003-04-17,2004-07-16,313,0.5311802853,0.7845901564,0.5902998694,0.04729631906,0,0,0,2007_2009,1.08781497,0.07376714672,14.74660494
HWM_DRAWDOWN,UPRO,LAG1,10,drawdown,0.15,0.1,rule,2004-10-27,2005-04-15,117,0.05367773403,0.02557776399,0.05576279013,0.0009201090286,0,0,0,2007_2009,1.08781497,0.07376714672,14.74660494
HWM_DRAWDOWN,UPRO,LAG1,10,drawdown,0.15,0.1,rule,2005-05-16,2005-10-05,99,0.1441376107,0.05673588161,0.1525137314,0.002835815047,0,0,0,2007_2009,1.08781497,0.07376714672,14.74660494
HWM_DRAWDOWN,UPRO,LAG1,10,drawdown,0.15,0.1,rule,2005-10-31,2006-05-23,140,0.1434250111,0.08142740855,0.1504567474,0.003424229382,0,0,0,2007_2009,1.08781497,0.07376714672,14.74660494
HWM_DRAWDOWN,UPRO,LAG1,10,drawdown,0.15,0.1,rule,2006-08-15,2007-08-03,243,0.2435122913,0.2474832933,0.257092943,0.01049770156,0,0,0,2007_2009,1.08781497,0.07376714672,14.74660494
HWM_DRAWDOWN,UPRO,LAG1,10,drawdown,0.15,0.1,rule,2009-07-13,2010-05-20,216,0.7441817241,0.6058630189,0.7441817241,0,0,0,0,2020,9.881181341,11.83799482,0.834700597
HWM_DRAWDOWN,UPRO,LAG1,10,drawdown,0.15,0.1,rule,2010-09-13,2011-08-02,224,0.4316044185,0.3734040585,0.4316044185,0,0,0,0,2020,9.881181341,11.83799482,0.834700597
HWM_DRAWDOWN,UPRO,LAG1,10,drawdown,0.15,0.1,rule,2012-01-03,2012-06-01,104,0.005516204594,0.002261710308,0.005516204594,0,0,0,0,2020,9.881181341,11.83799482,0.834700597
HWM_DRAWDOWN,UPRO,LAG1,10,drawdown,0.15,0.1,rule,2012-06-06,2012-11-08,107,0.3715550791,0.1434804894,0.3715550791,0,0,0,0,2020,9.881181341,11.83799482,0.834700597
HWM_DRAWDOWN,UPRO,LAG1,10,drawdown,0.15,0.1,rule,2012-11-19,2014-10-13,477,0.6102835981,1.4918794,0.6180504361,0.009129345204,3.147314329,0.019554342,31.47314329,2020,9.881181341,11.83799482,0.834700597
HWM_DRAWDOWN,UPRO,LAG1,10,drawdown,0.15,0.1,rule,2014-10-21,2015-07-08,178,0.2317841499,0.169556631,0.246111153,0.008231715649,0.5762577769,0.006226621074,5.762577769,2020,9.881181341,11.83799482,0.834700597
HWM_DRAWDOWN,UPRO,LAG1,10,drawdown,0.15,0.1,rule,2016-03-16,2016-06-27,71,-0.1343828386,-0.04319608815,-0.1449413221,-0.003460867148,0,0,0,2020,9.881181341,11.83799482,0.834700597
HWM_DRAWDOWN,UPRO,LAG1,10,drawdown,0.15,0.1,rule,2016-06-28,2018-04-02,442,0.4527912949,1.001700021,0.483224244,0.03649656475,5.864431235,0.02534289353,58.64431235,2020,9.881181341,11.83799482,0.834700597
HWM_DRAWDOWN,UPRO,LAG1,10,drawdown,0.15,0.1,rule,2018-04-03,2018-10-11,134,0.2082717364,0.1148606949,0.2311192863,0.009795893422,0,0,0,2020,9.881181341,11.83799482,0.834700597
HWM_DRAWDOWN,UPRO,LAG1,10,drawdown,0.15,0.1,rule,2019-06-04,2020-02-27,185,0.192075053,0.1474873249,0.2062263286,0.008659073714,1.553669506,0.009209766985,15.53669506,2020,9.881181341,11.83799482,0.834700597
HWM_DRAWDOWN,UPRO,LAG1,10,drawdown,0.15,0.1,rule,2020-06-29,2022-01-21,395,0.8672874143,1.802309106,0.933131304,0.05417555504,14.81118695,0.01970573025,148.1118695,2022,-3.768811436,26.5991318,-0.1416892651
HWM_DRAWDOWN,UPRO,LAG1,10,drawdown,0.15,0.1,rule,2023-03-20,2023-10-20,149,0.2260369076,0.1382325047,0.2473079103,0.01007784202,0,0,0,,,,
HWM_DRAWDOWN,UPRO,LAG1,10,drawdown,0.15,0.1,rule,2023-11-02,2025-03-10,336,0.5306672039,0.8464487355,0.5737017711,0.03750063718,12.01813485,0.01265993162,120.1813485,,,,
HWM_DRAWDOWN,UPRO,LAG1,10,drawdown,0.15,0.1,rule,2025-05-12,2026-03-19,214,0.3606596083,0.3253476268,0.392094397,0.01944742839,8.499566847,0.01167541773,84.99566847,,,,
HWM_DRAWDOWN,UPRO,LAG1,10,drawdown,0.15,0.1,rule,2026-04-08,2026-09-02,102,1.092587905,0.3821084821,1.234622543,0.02643013595,11.2433208,0.02126848452,112.433208,,,,
BAND_DRAWDOWN,UPRO,LAG1,10,drawdown,0.2,0.1,rule,1986-11-20,1987-10-15,227,0.2793013402,0.2688023542,0.3025253044,0.01620528447,0,0,0.7466630714,1987,0.120417366,0.06501855354,1.852046215
BAND_DRAWDOWN,UPRO,LAG1,10,drawdown,0.2,0.1,rule,1988-11-22,1990-01-22,293,0.4761654543,0.5701074742,0.4722743553,-0.003078432538,0.131252215,0.03181718362,0.1828148482,2000_2002,1.612065021,1.749620737,0.9213796948
BAND_DRAWDOWN,UPRO,LAG1,10,drawdown,0.2,0.1,rule,1990-05-08,1990-08-03,61,-0.0243981842,-0.009722186797,-0.04018635202,-0.00388620928,0,0,0,2000_2002,1.612065021,1.749620737,0.9213796948
BAND_DRAWDOWN,UPRO,LAG1,10,drawdown,0.2,0.1,rule,1991-01-24,1991-11-19,208,0.3858050915,0.3492472395,0.4418370074,0.03244732111,0,0,0.1896864523,2000_2002,1.612065021,1.749620737,0.9213796948
BAND_DRAWDOWN,UPRO,LAG1,10,drawdown,0.2,0.1,rule,1991-12-13,1992-04-08,80,0.1776032172,0.05896825498,0.1958575193,0.004927395002,0,0,0.2771656579,2000_2002,1.612065021,1.749620737,0.9213796948
BAND_DRAWDOWN,UPRO,LAG1,10,drawdown,0.2,0.1,rule,1992-06-19,1992-10-02,73,0.1447200506,0.04327069001,0.1587648175,0.003505610187,0,0,0,2000_2002,1.612065021,1.749620737,0.9213796948
BAND_DRAWDOWN,UPRO,LAG1,10,drawdown,0.2,0.1,rule,1992-10-19,1994-03-25,363,0.2034965491,0.332691333,0.2225731665,0.02247591173,0,0,0.8052628515,2000_2002,1.612065021,1.749620737,0.9213796948
BAND_DRAWDOWN,UPRO,LAG1,10,drawdown,0.2,0.1,rule,1994-12-21,1996-07-15,394,0.618722177,1.238466711,0.6728639192,0.05152309919,0.2638781309,0.01903739278,3.682041883,2000_2002,1.612065021,1.749620737,0.9213796948
BAND_DRAWDOWN,UPRO,LAG1,10,drawdown,0.2,0.1,rule,1996-07-30,1998-08-27,525,0.6857671818,2.203514448,0.7524327285,0.08048848099,0.5878803267,0.007434716911,16.86621823,2000_2002,1.612065021,1.749620737,0.9213796948
BAND_DRAWDOWN,UPRO,LAG1,10,drawdown,0.2,0.1,rule,1998-10-29,1999-09-23,226,0.4322761889,0.3949213123,0.4470266826,0.009229085601,1.266154973,0.01812412173,5.436963937,2000_2002,1.612065021,1.749620737,0.9213796948
BAND_DRAWDOWN,UPRO,LAG1,10,drawdown,0.2,0.1,rule,1999-10-28,2000-02-18,78,-0.1339943897,-0.05189928303,-0.1582430729,-0.008786341531,0,0,0,2000_2002,1.612065021,1.749620737,0.9213796948
BAND_DRAWDOWN,UPRO,LAG1,10,drawdown,0.2,0.1,rule,2003-04-17,2004-07-16,313,0.539738163,0.7845901564,0.5902998694,0.04033801298,0,0,0,2007_2009,0.8988072671,0.06094837109,14.74702689
BAND_DRAWDOWN,UPRO,LAG1,10,drawdown,0.2,0.1,rule,2004-10-27,2005-04-15,117,0.05398972329,0.02557776399,0.05576279013,0.0007823163163,0,0,0,2007_2009,0.8988072671,0.06094837109,14.74702689
BAND_DRAWDOWN,UPRO,LAG1,10,drawdown,0.2,0.1,rule,2005-05-16,2005-10-05,99,0.1453871177,0.05673588161,0.1525137314,0.002411467683,0,0,0,2007_2009,0.8988072671,0.06094837109,14.74702689
BAND_DRAWDOWN,UPRO,LAG1,10,drawdown,0.2,0.1,rule,2005-10-31,2006-05-23,140,0.1444774459,0.08142740855,0.1504567474,0.002910389692,0,0,0,2007_2009,0.8988072671,0.06094837109,14.74702689
BAND_DRAWDOWN,UPRO,LAG1,10,drawdown,0.2,0.1,rule,2006-08-15,2007-08-03,243,0.2455462822,0.2474832933,0.257092943,0.00891816943,0,0,0,2007_2009,0.8988072671,0.06094837109,14.74702689
BAND_DRAWDOWN,UPRO,LAG1,10,drawdown,0.2,0.1,rule,2009-07-13,2010-05-20,216,0.7441817241,0.6058630189,0.7441817241,0,0,0,0,2020,2.860681297,15.46392745,0.1849906051
BAND_DRAWDOWN,UPRO,LAG1,10,drawdown,0.2,0.1,rule,2010-09-13,2011-08-02,224,0.4316044185,0.3734040585,0.4316044185,0,0,0,0,2020,2.860681297,15.46392745,0.1849906051
BAND_DRAWDOWN,UPRO,LAG1,10,drawdown,0.2,0.1,rule,2012-01-03,2012-06-01,104,0.005516204594,0.002261710308,0.005516204594,0,0,0,0,2020,2.860681297,15.46392745,0.1849906051
BAND_DRAWDOWN,UPRO,LAG1,10,drawdown,0.2,0.1,rule,2012-06-06,2012-11-08,107,0.3715550791,0.1434804894,0.3715550791,0,0,0,0,2020,2.860681297,15.46392745,0.1849906051
BAND_DRAWDOWN,UPRO,LAG1,10,drawdown,0.2,0.1,rule,2012-11-19,2014-10-13,477,0.5903124321,1.4918794,0.6180504361,0.03280768244,3.273335789,0.02202665168,27.83995972,2020,2.860681297,15.46392745,0.1849906051
BAND_DRAWDOWN,UPRO,LAG1,10,drawdown,0.2,0.1,rule,2014-10-21,2015-07-08,178,0.2289634072,0.169556631,0.246111153,0.009863676454,0,0,5.426056282,2020,2.860681297,15.46392745,0.1849906051
BAND_DRAWDOWN,UPRO,LAG1,10,drawdown,0.2,0.1,rule,2016-03-16,2016-06-27,71,-0.1350826797,-0.04319608815,-0.1449413221,-0.003232782443,0,0,0,2020,2.860681297,15.46392745,0.1849906051
BAND_DRAWDOWN,UPRO,LAG1,10,drawdown,0.2,0.1,rule,2016-06-28,2018-04-02,442,0.4428042664,1.001700021,0.483224244,0.04864025975,3.30448193,0.01522745791,54.63378017,2020,2.860681297,15.46392745,0.1849906051
BAND_DRAWDOWN,UPRO,LAG1,10,drawdown,0.2,0.1,rule,2018-04-03,2018-10-11,134,0.2142106521,0.1148606949,0.2311192863,0.007231878542,0,0,0,2020,2.860681297,15.46392745,0.1849906051
BAND_DRAWDOWN,UPRO,LAG1,10,drawdown,0.2,0.1,rule,2019-06-04,2020-02-27,185,0.1901931057,0.1474873249,0.2062263286,0.009818362054,0,0,14.84200301,2020,2.860681297,15.46392745,0.1849906051
BAND_DRAWDOWN,UPRO,LAG1,10,drawdown,0.2,0.1,rule,2020-06-29,2022-01-21,395,0.8620191321,1.802309106,0.933131304,0.05859245039,9.757315603,0.01411625579,132.6578909,2022,-7.909202236,26.25322739,-0.3012659022
BAND_DRAWDOWN,UPRO,LAG1,10,drawdown,0.2,0.1,rule,2023-03-20,2023-10-20,149,0.2321712668,0.1382325047,0.2473079103,0.007153656075,0,0,0,,,,
BAND_DRAWDOWN,UPRO,LAG1,10,drawdown,0.2,0.1,rule,2023-11-02,2025-03-10,336,0.5369071762,0.8464487355,0.5737017711,0.03199820276,14.98055405,0.01746729767,106.0172443,,,,
BAND_DRAWDOWN,UPRO,LAG1,10,drawdown,0.2,0.1,rule,2025-05-12,2026-03-19,214,0.3579448333,0.3253476268,0.392094397,0.02114797341,0,0,77.83578186,,,,
BAND_DRAWDOWN,UPRO,LAG1,10,drawdown,0.2,0.1,rule,2026-04-08,2026-09-02,102,1.126824479,0.3821084821,1.234622543,0.01989875577,0,0,105.0125341,,,,
NO_RESERVE,UPRO,LAG1,25,staged,0.15,0.1,rule,1986-11-20,1987-10-15,227,0.3003542519,0.2668972456,0.3003542519,0,0,0,0.8169258403,1987,0,0,
NO_RESERVE,UPRO,LAG1,25,staged,0.15,0.1,rule,1988-11-22,1990-01-22,293,0.4703787772,0.5677499554,0.4703787772,0,0,0,0.1073063398,2000_2002,0,0,
NO_RESERVE,UPRO,LAG1,25,staged,0.15,0.1,rule,1990-05-08,1990-08-03,61,-0.04622223445,-0.01120909042,-0.04622223445,0,0,0,0,2000_2002,0,0,
NO_RESERVE,UPRO,LAG1,25,staged,0.15,0.1,rule,1991-01-24,1991-11-19,208,0.4391928415,0.3472213427,0.4391928415,0,0,0,0.1302270927,2000_2002,0,0,
NO_RESERVE,UPRO,LAG1,25,staged,0.15,0.1,rule,1991-12-13,1992-04-08,80,0.1902610051,0.05737821256,0.1902610051,0,0,0,0.2887614854,2000_2002,0,0,
NO_RESERVE,UPRO,LAG1,25,staged,0.15,0.1,rule,1992-06-19,1992-10-02,73,0.1527237496,0.04170421751,0.1527237496,0,0,0,0,2000_2002,0,0,
NO_RESERVE,UPRO,LAG1,25,staged,0.15,0.1,rule,1992-10-19,1994-03-25,363,0.2212884174,0.3306902949,0.2212884174,0,0,0,0.8234356052,2000_2002,0,0,
NO_RESERVE,UPRO,LAG1,25,staged,0.15,0.1,rule,1994-12-21,1996-07-15,394,0.6712595715,1.23510565,0.6712595715,0,0,0,3.832049477,2000_2002,0,0,
NO_RESERVE,UPRO,LAG1,25,staged,0.15,0.1,rule,1996-07-30,1998-08-27,525,0.7511643257,2.198704367,0.7511643257,0,0,0,19.01785969,2000_2002,0,0,
NO_RESERVE,UPRO,LAG1,25,staged,0.15,0.1,rule,1998-10-29,1999-09-23,226,0.4446147749,0.3928268359,0.4446147749,0,0,0,6.05677328,2000_2002,0,0,
NO_RESERVE,UPRO,LAG1,25,staged,0.15,0.1,rule,1999-10-28,2000-02-18,78,-0.1623215333,-0.05332285768,-0.1623215333,0,0,0,0,2000_2002,0,0,
NO_RESERVE,UPRO,LAG1,25,staged,0.15,0.1,rule,2003-04-17,2004-07-16,313,0.5883869569,0.7819105916,0.5883869569,0,0,0,0,2007_2009,0,0,
NO_RESERVE,UPRO,LAG1,25,staged,0.15,0.1,rule,2004-10-27,2005-04-15,117,0.05235981466,0.02403785744,0.05235981466,0,0,0,0,2007_2009,0,0,
NO_RESERVE,UPRO,LAG1,25,staged,0.15,0.1,rule,2005-05-16,2005-10-05,99,0.1480678181,0.05514919109,0.1480678181,0,0,0,0,2007_2009,0,0,
NO_RESERVE,UPRO,LAG1,25,staged,0.15,0.1,rule,2005-10-31,2006-05-23,140,0.1473657525,0.07980364367,0.1473657525,0,0,0,0,2007_2009,0,0,
NO_RESERVE,UPRO,LAG1,25,staged,0.15,0.1,rule,2006-08-15,2007-08-03,243,0.2551399649,0.2456101952,0.2551399649,0,0,0,0,2007_2009,0,0,
NO_RESERVE,UPRO,LAG1,25,staged,0.15,0.1,rule,2009-07-13,2010-05-20,216,0.7411064032,0.6034518132,0.7411064032,0,0,0,0,2020,0,0,
NO_RESERVE,UPRO,LAG1,25,staged,0.15,0.1,rule,2010-09-13,2011-08-02,224,0.4291739285,0.3713418902,0.4291739285,0,0,0,0,2020,0,0,
NO_RESERVE,UPRO,LAG1,25,staged,0.15,0.1,rule,2012-01-03,2012-06-01,104,0.001843840075,0.0007568128454,0.001843840075,0,0,0,0,2020,0,0,
NO_RESERVE,UPRO,LAG1,25,staged,0.15,0.1,rule,2012-06-06,2012-11-08,107,0.3667071625,0.1417635517,0.3667071625,0,0,0,0,2020,0,0,
NO_RESERVE,UPRO,LAG1,25,staged,0.15,0.1,rule,2012-11-19,2014-10-13,477,0.6167694952,1.488137839,0.6167694952,0,0,0,12.62725237,2020,0,0,
NO_RESERVE,UPRO,LAG1,25,staged,0.15,0.1,rule,2014-10-21,2015-07-08,178,0.2434835038,0.1678005399,0.2434835038,0,0,0,4.366385611,2020,0,0,
NO_RESERVE,UPRO,LAG1,25,staged,0.15,0.1,rule,2016-03-16,2016-06-27,71,-0.1494853855,-0.04463273066,-0.1494853855,0,0,0,0,2020,0,0,
NO_RESERVE,UPRO,LAG1,25,staged,0.15,0.1,rule,2016-06-28,2018-04-02,442,0.4819587714,0.9986944651,0.4819587714,0,0,0,44.75443257,2020,0,0,
NO_RESERVE,UPRO,LAG1,25,staged,0.15,0.1,rule,2018-04-03,2018-10-11,134,0.2275867617,0.1131867299,0.2275867617,0,0,0,0,2020,0,0,
NO_RESERVE,UPRO,LAG1,25,staged,0.15,0.1,rule,2019-06-04,2020-02-27,185,0.2037586328,0.145764371,0.2037586328,0,0,0,9.797665724,2020,0,0,
NO_RESERVE,UPRO,LAG1,25,staged,0.15,0.1,rule,2020-06-29,2022-01-21,395,0.9312741035,1.798101435,0.9312741035,0,0,0,106.764691,2022,0,0,
NO_RESERVE,UPRO,LAG1,25,staged,0.15,0.1,rule,2023-03-20,2023-10-20,149,0.2441130979,0.1365234469,0.2441130979,0,0,0,0,,,,
NO_RESERVE,UPRO,LAG1,25,staged,0.15,0.1,rule,2023-11-02,2025-03-10,336,0.5719543543,0.84367629,0.5719543543,0,0,0,78.31459152,,,,
NO_RESERVE,UPRO,LAG1,25,staged,0.15,0.1,rule,2025-05-12,2026-03-19,214,0.3896398724,0.3233576153,0.3896398724,0,0,0,62.49055274,,,,
NO_RESERVE,UPRO,LAG1,25,staged,0.15,0.1,rule,2026-04-08,2026-09-02,102,1.226294967,0.3800332442,1.226294967,0,0,0,85.98884974,,,,
FIXED_90_10,UPRO,LAG1,25,staged,0.15,0.1,quarterly,1986-11-20,1987-10-15,227,0.2967325553,0.2668972456,0.3003542519,0.002512242457,0.07672766246,0.0225075927,0.7399792916,1987,0.110598069,0.0622601599,1.77638588
FIXED_90_10,UPRO,LAG1,25,staged,0.15,0.1,quarterly,1988-11-22,1990-01-22,293,0.4338251799,0.5677499554,0.4703787772,0.02936130242,0.06985616245,0.01752972927,0.1490495724,2000_2002,0.835417442,1.58324791,0.5276605369
FIXED_90_10,UPRO,LAG1,25,staged,0.15,0.1,quarterly,1990-05-08,1990-08-03,61,-0.02946138796,-0.01120909042,-0.04622223445,-0.0041494399,0.01209472996,0.01374099731,0,2000_2002,0.835417442,1.58324791,0.5276605369
FIXED_90_10,UPRO,LAG1,25,staged,0.15,0.1,quarterly,1991-01-24,1991-11-19,208,0.404484133,0.3472213427,0.4391928415,0.01998438185,0.06809762103,0.01782916408,0.1705139794,2000_2002,0.835417442,1.58324791,0.5276605369
FIXED_90_10,UPRO,LAG1,25,staged,0.15,0.1,quarterly,1991-12-13,1992-04-08,80,0.1808484295,0.05737821256,0.1902610051,0.002543225068,0.03352420806,0.02416811979,0.2620565179,2000_2002,0.835417442,1.58324791,0.5276605369
FIXED_90_10,UPRO,LAG1,25,staged,0.15,0.1,quarterly,1992-06-19,1992-10-02,73,0.1406909141,0.04170421751,0.1527237496,0.003016605029,0.0115132476,0.01146095268,0,2000_2002,0.835417442,1.58324791,0.5276605369
FIXED_90_10,UPRO,LAG1,25,staged,0.15,0.1,quarterly,1992-10-19,1994-03-25,363,0.2016369622,0.3306902949,0.2212884174,0.02318325836,0.06382565176,0.01131706599,0.7473184051,2000_2002,0.835417442,1.58324791,0.5276605369
FIXED_90_10,UPRO,LAG1,25,staged,0.15,0.1,quarterly,1994-12-21,1996-07-15,394,0.6051215483,1.23510565,0.6712595715,0.06323413697,0.3451042422,0.0271052423,3.316407661,2000_2002,0.835417442,1.58324791,0.5276605369
FIXED_90_10,UPRO,LAG1,25,staged,0.15,0.1,quarterly,1996-07-30,1998-08-27,525,0.6768448997,2.198704367,0.7511643257,0.08999894089,1.201853084,0.01709233554,14.99099902,2000_2002,0.835417442,1.58324791,0.5276605369
FIXED_90_10,UPRO,LAG1,25,staged,0.15,0.1,quarterly,1998-10-29,1999-09-23,226,0.4141339133,0.3928268359,0.4446147749,0.01920893944,0.9914305594,0.01591383884,4.897350527,2000_2002,0.835417442,1.58324791,0.5276605369
FIXED_90_10,UPRO,LAG1,25,staged,0.15,0.1,quarterly,1999-10-28,2000-02-18,78,-0.1246132345,-0.05332285768,-0.1623215333,-0.01362233048,0.4210422766,0.02287580799,0,2000_2002,0.835417442,1.58324791,0.5276605369
FIXED_90_10,UPRO,LAG1,25,staged,0.15,0.1,quarterly,2003-04-17,2004-07-16,313,0.5280204854,0.7819105916,0.5883869569,0.04837271901,0.6789649238,0.01999536552,0,2007_2009,0.6796288103,0.03337585296,20.36288964
FIXED_90_10,UPRO,LAG1,25,staged,0.15,0.1,quarterly,2004-10-27,2005-04-15,117,0.05492624734,0.02403785744,0.05235981466,-0.001133692538,0.2363696908,0.02092124389,0,2007_2009,0.6796288103,0.03337585296,20.36288964
FIXED_90_10,UPRO,LAG1,25,staged,0.15,0.1,quarterly,2005-05-16,2005-10-05,99,0.1357580747,0.05514919109,0.1480678181,0.004191006428,0.08142414496,0.009859255912,0,2007_2009,0.6796288103,0.03337585296,20.36288964
FIXED_90_10,UPRO,LAG1,25,staged,0.15,0.1,quarterly,2005-10-31,2006-05-23,140,0.1378161069,0.07980364367,0.1473657525,0.004668087119,0.1086251425,0.008751389386,0,2007_2009,0.6796288103,0.03337585296,20.36288964
FIXED_90_10,UPRO,LAG1,25,staged,0.15,0.1,quarterly,2006-08-15,2007-08-03,243,0.2368223244,0.2456101952,0.2551399649,0.0142085698,0.450557735,0.01655474614,0,2007_2009,0.6796288103,0.03337585296,20.36288964
FIXED_90_10,UPRO,LAG1,25,staged,0.15,0.1,quarterly,2009-07-13,2010-05-20,216,0.6668992309,0.6034518132,0.7411064032,0.03708637535,0.6350018544,0.02085916192,0,2020,3.476137554,13.33042206,0.2607672539
FIXED_90_10,UPRO,LAG1,25,staged,0.15,0.1,quarterly,2010-09-13,2011-08-02,224,0.388300203,0.3713418902,0.4291739285,0.02566002352,0.6134203507,0.02072986985,0,2020,3.476137554,13.33042206,0.2607672539
FIXED_90_10,UPRO,LAG1,25,staged,0.15,0.1,quarterly,2012-01-03,2012-06-01,104,0.02198286997,0.0007568128454,0.001843840075,-0.008173547464,0.398568417,0.03456654063,0,2020,3.476137554,13.33042206,0.2607672539
FIXED_90_10,UPRO,LAG1,25,staged,0.15,0.1,quarterly,2012-06-06,2012-11-08,107,0.3246339127,0.1417635517,0.3667071625,0.01326918262,0.228661338,0.01690968653,0,2020,3.476137554,13.33042206,0.2607672539
FIXED_90_10,UPRO,LAG1,25,staged,0.15,0.1,quarterly,2012-11-19,2014-10-13,477,0.5484859332,1.488137839,0.6167694952,0.08187433703,2.226185225,0.02205827648,13.33753022,2020,3.476137554,13.33042206,0.2607672539
FIXED_90_10,UPRO,LAG1,25,staged,0.15,0.1,quarterly,2014-10-21,2015-07-08,178,0.2158599484,0.1678005399,0.2434835038,0.01599159475,0.2271465997,0.003928248834,3.479648774,2020,3.476137554,13.33042206,0.2607672539
FIXED_90_10,UPRO,LAG1,25,staged,0.15,0.1,quarterly,2016-03-16,2016-06-27,71,-0.1340348572,-0.04463273066,-0.1494853855,-0.005076838785,0.107976857,0.006664918723,0,2020,3.476137554,13.33042206,0.2607672539
FIXED_90_10,UPRO,LAG1,25,staged,0.15,0.1,quarterly,2016-06-28,2018-04-02,442,0.429450985,0.9986944651,0.4819587714,0.06350650524,3.137661051,0.0220630925,34.77335479,2020,3.476137554,13.33042206,0.2607672539
FIXED_90_10,UPRO,LAG1,25,staged,0.15,0.1,quarterly,2018-04-03,2018-10-11,134,0.2133359556,0.1131867299,0.2275867617,0.006106093843,1.523253021,0.02437779829,0,2020,3.476137554,13.33042206,0.2607672539
FIXED_90_10,UPRO,LAG1,25,staged,0.15,0.1,quarterly,2019-06-04,2020-02-27,185,0.1927106213,0.145764371,0.2037586328,0.006765344158,1.86761389,0.01793556741,9.00576378,2020,3.476137554,13.33042206,0.2607672539
FIXED_90_10,UPRO,LAG1,25,staged,0.15,0.1,quarterly,2020-06-29,2022-01-21,395,0.8274467532,1.798101435,0.9312741035,0.08638892569,11.91110618,0.0274414414,82.21603895,2022,-0.7313593331,23.75134214,-0.03079233708
FIXED_90_10,UPRO,LAG1,25,staged,0.15,0.1,quarterly,2023-03-20,2023-10-20,149,0.2290663648,0.1365234469,0.2441130979,0.007129276979,2.265636304,0.0163369622,0,,,,
FIXED_90_10,UPRO,LAG1,25,staged,0.15,0.1,quarterly,2023-11-02,2025-03-10,336,0.5170442694,0.84367629,0.5719543543,0.04808912453,9.035912974,0.01710152753,62.39074615,,,,
FIXED_90_10,UPRO,LAG1,25,staged,0.15,0.1,quarterly,2025-05-12,2026-03-19,214,0.3563374398,0.3233576153,0.3896398724,0.02065382376,8.309253453,0.02046230186,46.96898201,,,,
FIXED_90_10,UPRO,LAG1,25,staged,0.15,0.1,quarterly,2026-04-08,2026-09-02,102,1.082403912,0.3800332442,1.226294967,0.02689095879,7.557995369,0.02532732961,63.15614043,,,,
FIXED_85_15,UPRO,LAG1,25,staged,0.15,0.1,quarterly,1986-11-20,1987-10-15,227,0.2932501907,0.2668972456,0.3003542519,0.004934460864,0.109139886,0.03400152953,0.7011901336,1987,0.1626077991,0.09360445477,1.737180132
FIXED_85_15,UPRO,LAG1,25,staged,0.15,0.1,quarterly,1988-11-22,1990-01-22,293,0.4153092984,0.5677499554,0.4703787772,0.04452087402,0.0994045819,0.02635213705,0.1659279803,2000_2002,1.168374307,2.356441004,0.4958215824
FIXED_85_15,UPRO,LAG1,25,staged,0.15,0.1,quarterly,1990-05-08,1990-08-03,61,-0.02137708825,-0.01120909042,-0.04622223445,-0.00612529954,0.01722871591,0.02061396194,0,2000_2002,1.168374307,2.356441004,0.4958215824
FIXED_85_15,UPRO,LAG1,25,staged,0.15,0.1,quarterly,1991-01-24,1991-11-19,208,0.3868090593,0.3472213427,0.4391928415,0.03035184598,0.09743943291,0.02690935536,0.1874269296,2000_2002,1.168374307,2.356441004,0.4958215824
FIXED_85_15,UPRO,LAG1,25,staged,0.15,0.1,quarterly,1991-12-13,1992-04-08,80,0.1756498403,0.05737821256,0.1902610051,0.003956558757,0.04737675302,0.03639431623,0.2479985238,2000_2002,1.168374307,2.356441004,0.4958215824
FIXED_85_15,UPRO,LAG1,25,staged,0.15,0.1,quarterly,1992-06-19,1992-10-02,73,0.1346748783,0.04170421751,0.1527237496,0.004536764921,0.01627856597,0.01718326115,0,2000_2002,1.168374307,2.356441004,0.4958215824
FIXED_85_15,UPRO,LAG1,25,staged,0.15,0.1,quarterly,1992-10-19,1994-03-25,363,0.1918684276,0.3306902949,0.2212884174,0.03484887488,0.0896004452,0.01701386899,0.7075293546,2000_2002,1.168374307,2.356441004,0.4958215824
FIXED_85_15,UPRO,LAG1,25,staged,0.15,0.1,quarterly,1994-12-21,1996-07-15,394,0.5723554659,1.23510565,0.6712595715,0.09553345076,0.4766897964,0.04087674983,3.063442183,2000_2002,1.168374307,2.356441004,0.4958215824
FIXED_85_15,UPRO,LAG1,25,staged,0.15,0.1,quarterly,1996-07-30,1998-08-27,525,0.639984725,2.198704367,0.7511643257,0.1361265645,1.588895179,0.02579086247,13.20158445,2000_2002,1.168374307,2.356441004,0.4958215824
FIXED_85_15,UPRO,LAG1,25,staged,0.15,0.1,quarterly,1998-10-29,1999-09-23,226,0.3979451734,0.3928268359,0.4446147749,0.02958006715,1.292843103,0.02406254872,4.353405305,2000_2002,1.168374307,2.356441004,0.4958215824
FIXED_85_15,UPRO,LAG1,25,staged,0.15,0.1,quarterly,1999-10-28,2000-02-18,78,-0.1068459355,-0.05332285768,-0.1623215333,-0.01983873326,0.5470016598,0.03444189174,0,2000_2002,1.168374307,2.356441004,0.4958215824
FIXED_85_15,UPRO,LAG1,25,staged,0.15,0.1,quarterly,2003-04-17,2004-07-16,313,0.4980025996,0.7819105916,0.5883869569,0.07314275998,0.934423926,0.03018358658,0,2007_2009,0.9476687378,0.05148229729,18.4076622
FIXED_85_15,UPRO,LAG1,25,staged,0.15,0.1,quarterly,2004-10-27,2005-04-15,117,0.05578143376,0.02403785744,0.05235981466,-0.001510848888,0.3212290352,0.03151396259,0,2007_2009,0.9476687378,0.05148229729,18.4076622
FIXED_85_15,UPRO,LAG1,25,staged,0.15,0.1,quarterly,2005-05-16,2005-10-05,99,0.1296915211,0.05514919109,0.1480678181,0.006273179311,0.1108922638,0.01479992971,0,2007_2009,0.9476687378,0.05148229729,18.4076622
FIXED_85_15,UPRO,LAG1,25,staged,0.15,0.1,quarterly,2005-10-31,2006-05-23,140,0.132976526,0.07980364367,0.1473657525,0.007048766283,0.147473888,0.01312647209,0,2007_2009,0.9476687378,0.05148229729,18.4076622
FIXED_85_15,UPRO,LAG1,25,staged,0.15,0.1,quarterly,2006-08-15,2007-08-03,243,0.2274539996,0.2456101952,0.2551399649,0.02155690744,0.6114641305,0.02487504204,0,2007_2009,0.9476687378,0.05148229729,18.4076622
FIXED_85_15,UPRO,LAG1,25,staged,0.15,0.1,quarterly,2009-07-13,2010-05-20,216,0.6294538248,0.6034518132,0.7411064032,0.05643204046,0.8886462401,0.03148079818,0,2020,4.457383164,18.99297528,0.2346858825
FIXED_85_15,UPRO,LAG1,25,staged,0.15,0.1,quarterly,2010-09-13,2011-08-02,224,0.3676147519,0.3713418902,0.4291739285,0.03893548518,0.8537832542,0.0313326115,0,2020,4.457383164,18.99297528,0.2346858825
FIXED_85_15,UPRO,LAG1,25,staged,0.15,0.1,quarterly,2012-01-03,2012-06-01,104,0.03045700257,0.0007568128454,0.001843840075,-0.01156478578,0.5563163481,0.05212204729,0,2020,4.457383164,18.99297528,0.2346858825
FIXED_85_15,UPRO,LAG1,25,staged,0.15,0.1,quarterly,2012-06-06,2012-11-08,107,0.3042171467,0.1417635517,0.3667071625,0.01986093936,0.3176120558,0.02545881222,0,2020,4.457383164,18.99297528,0.2346858825
FIXED_85_15,UPRO,LAG1,25,staged,0.15,0.1,quarterly,2012-11-19,2014-10-13,477,0.5148944313,1.488137839,0.6167694952,0.1234863678,3.0114976,0.03324687563,13.1696531,2020,4.457383164,18.99297528,0.2346858825
FIXED_85_15,UPRO,LAG1,25,staged,0.15,0.1,quarterly,2014-10-21,2015-07-08,178,0.2023555909,0.1678005399,0.2434835038,0.02394213338,0.2997910935,0.005902738873,3.051901004,2020,4.457383164,18.99297528,0.2346858825
FIXED_85_15,UPRO,LAG1,25,staged,0.15,0.1,quarterly,2016-03-16,2016-06-27,71,-0.1263223419,-0.04463273066,-0.1494853855,-0.007577275097,0.1440591212,0.01001306055,0,2020,4.457383164,18.99297528,0.2346858825
FIXED_85_15,UPRO,LAG1,25,staged,0.15,0.1,quarterly,2016-06-28,2018-04-02,442,0.4036386232,0.9986944651,0.4819587714,0.09558619755,4.110846905,0.0332430444,30.11432764,2020,4.457383164,18.99297528,0.2346858825
FIXED_85_15,UPRO,LAG1,25,staged,0.15,0.1,quarterly,2018-04-03,2018-10-11,134,0.205573417,0.1131867299,0.2275867617,0.009462378641,1.961877374,0.03653200114,0,2020,4.457383164,18.99297528,0.2346858825
FIXED_85_15,UPRO,LAG1,25,staged,0.15,0.1,quarterly,2019-06-04,2020-02-27,185,0.1864476435,0.145764371,0.2037586328,0.01062841892,2.42878483,0.02697009198,8.364698587,2020,4.457383164,18.99297528,0.2346858825
FIXED_85_15,UPRO,LAG1,25,staged,0.15,0.1,quarterly,2020-06-29,2022-01-21,395,0.7762275834,1.798101435,0.9312741035,0.1308307751,15.34228302,0.04130200919,70.55438179,2022,-1.359984843,32.29639679,-0.04210949141
FIXED_85_15,UPRO,LAG1,25,staged,0.15,0.1,quarterly,2023-03-20,2023-10-20,149,0.2211817166,0.1365234469,0.2441130979,0.01090002323,2.9238403,0.02456727386,0,,,,
FIXED_85_15,UPRO,LAG1,25,staged,0.15,0.1,quarterly,2023-11-02,2025-03-10,336,0.4897745927,0.84367629,0.5719543543,0.07262216364,11.5085301,0.02586894615,54.40567867,,,,
FIXED_85_15,UPRO,LAG1,25,staged,0.15,0.1,quarterly,2025-05-12,2026-03-19,214,0.3394989429,0.3233576153,0.3896398724,0.03129073655,10.44472913,0.03089375256,39.79099097,,,,
FIXED_85_15,UPRO,LAG1,25,staged,0.15,0.1,quarterly,2026-04-08,2026-09-02,102,1.012645057,0.3800332442,1.226294967,0.04060417637,9.448408589,0.03816652842,52.85376528,,,,
HWM_RESERVE,UPRO,LAG1,25,staged,0.15,0.1,rule,1986-11-20,1987-10-15,227,0.3146349706,0.2668972456,0.3003542519,-0.009838301923,0.08044633832,0.02154204232,0.8044633832,1987,0.04008199621,0.009117821541,4.396005781
HWM_RESERVE,UPRO,LAG1,25,staged,0.15,0.1,rule,1988-11-22,1990-01-22,293,0.4734966101,0.5677499554,0.4703787772,-0.002470489077,0.01638872296,0.003667421015,0.1638872296,2000_2002,0,0.1530171201,0
HWM_RESERVE,UPRO,LAG1,25,staged,0.15,0.1,rule,1990-05-08,1990-08-03,61,-0.04660790115,-0.01120909042,-0.04622223445,9.633449075e-05,0,0,0,2000_2002,0,0.1530171201,0
HWM_RESERVE,UPRO,LAG1,25,staged,0.15,0.1,rule,1991-01-24,1991-11-19,208,0.4402017691,0.3472213427,0.4391928415,-0.0005736800935,0.0140580458,0.003282120647,0.140580458,2000_2002,0,0.1530171201,0
HWM_RESERVE,UPRO,LAG1,25,staged,0.15,0.1,rule,1991-12-13,1992-04-08,80,0.1932009235,0.05737821256,0.1902610051,-0.0007902288796,0.02797693829,0.01773454362,0.2942868233,2000_2002,0,0.1530171201,0
HWM_RESERVE,UPRO,LAG1,25,staged,0.15,0.1,rule,1992-06-19,1992-10-02,73,0.1527237496,0.04170421751,0.1527237496,0,0,0,0,2000_2002,0,0.1530171201,0
HWM_RESERVE,UPRO,LAG1,25,staged,0.15,0.1,rule,1992-10-19,1994-03-25,363,0.2223354708,0.3306902949,0.2212884174,-0.001224742394,0.08407788383,0.01302224639,0.8407788383,2000_2002,0,0.1530171201,0
HWM_RESERVE,UPRO,LAG1,25,staged,0.15,0.1,rule,1994-12-21,1996-07-15,394,0.6652178426,1.23510565,0.6712595715,0.005671648674,0.3796831848,0.02594336523,3.796831848,2000_2002,0,0.1530171201,0
HWM_RESERVE,UPRO,LAG1,25,staged,0.15,0.1,rule,1996-07-30,1998-08-27,525,0.737768958,2.198704367,0.7511643257,0.01593577125,1.81720432,0.02140562881,18.1720432,2000_2002,0,0.1530171201,0
HWM_RESERVE,UPRO,LAG1,25,staged,0.15,0.1,rule,1998-10-29,1999-09-23,226,0.4458784905,0.3928268359,0.4446147749,-0.0007876133823,0.6909150254,0.00849253797,6.909150254,2000_2002,0,0.1530171201,0
HWM_RESERVE,UPRO,LAG1,25,staged,0.15,0.1,rule,1999-10-28,2000-02-18,78,-0.1662541347,-0.05332285768,-0.1623215333,0.001455835229,0,0,0,2000_2002,0,0.1530171201,0
HWM_RESERVE,UPRO,LAG1,25,staged,0.15,0.1,rule,2003-04-17,2004-07-16,313,0.5883869569,0.7819105916,0.5883869569,0,0,0,0,2007_2009,0,0,
HWM_RESERVE,UPRO,LAG1,25,staged,0.15,0.1,rule,2004-10-27,2005-04-15,117,0.05235981466,0.02403785744,0.05235981466,0,0,0,0,2007_2009,0,0,
HWM_RESERVE,UPRO,LAG1,25,staged,0.15,0.1,rule,2005-05-16,2005-10-05,99,0.1480678181,0.05514919109,0.1480678181,0,0,0,0,2007_2009,0,0,
HWM_RESERVE,UPRO,LAG1,25,staged,0.15,0.1,rule,2005-10-31,2006-05-23,140,0.1473657525,0.07980364367,0.1473657525,0,0,0,0,2007_2009,0,0,
HWM_RESERVE,UPRO,LAG1,25,staged,0.15,0.1,rule,2006-08-15,2007-08-03,243,0.2551399649,0.2456101952,0.2551399649,0,0,0,0,2007_2009,0,0,
HWM_RESERVE,UPRO,LAG1,25,staged,0.15,0.1,rule,2009-07-13,2010-05-20,216,0.7411064032,0.6034518132,0.7411064032,0,0,0,0,2020,0.6716620163,0.1625470176,4.132109136
HWM_RESERVE,UPRO,LAG1,25,staged,0.15,0.1,rule,2010-09-13,2011-08-02,224,0.4291739285,0.3713418902,0.4291739285,0,0,0,0,2020,0.6716620163,0.1625470176,4.132109136
HWM_RESERVE,UPRO,LAG1,25,staged,0.15,0.1,rule,2012-01-03,2012-06-01,104,0.001843840075,0.0007568128454,0.001843840075,0,0,0,0,2020,0.6716620163,0.1625470176,4.132109136
HWM_RESERVE,UPRO,LAG1,25,staged,0.15,0.1,rule,2012-06-06,2012-11-08,107,0.3667071625,0.1417635517,0.3667071625,0,0,0,0,2020,0.6716620163,0.1625470176,4.132109136
HWM_RESERVE,UPRO,LAG1,25,staged,0.15,0.1,rule,2012-11-19,2014-10-13,477,0.6183369199,1.488137839,0.6167694952,-0.001838531852,1.275535891,0.01054282804,12.75535891,2020,0.6716620163,0.1625470176,4.132109136
HWM_RESERVE,UPRO,LAG1,25,staged,0.15,0.1,rule,2014-10-21,2015-07-08,178,0.239872343,0.1678005399,0.2434835038,0.002070242853,0.4527062885,0.006259300403,4.527062885,2020,0.6716620163,0.1625470176,4.132109136
HWM_RESERVE,UPRO,LAG1,25,staged,0.15,0.1,rule,2016-03-16,2016-06-27,71,-0.1495110298,-0.04463273066,-0.1494853855,8.502823457e-06,0,0,0,2020,0.6716620163,0.1625470176,4.132109136
HWM_RESERVE,UPRO,LAG1,25,staged,0.15,0.1,rule,2016-06-28,2018-04-02,442,0.4845927515,0.9986944651,0.4819587714,-0.003126161905,4.360475068,0.02453386494,43.60475068,2020,0.6716620163,0.1625470176,4.132109136
HWM_RESERVE,UPRO,LAG1,25,staged,0.15,0.1,rule,2018-04-03,2018-10-11,134,0.2221064239,0.1131867299,0.2275867617,0.002339750255,0.07139284214,0.0008806235602,0.7139284214,2020,0.6716620163,0.1625470176,4.132109136
HWM_RESERVE,UPRO,LAG1,25,staged,0.15,0.1,rule,2019-06-04,2020-02-27,185,0.2111287498,0.145764371,0.2037586328,-0.004478714914,1.065955121,0.007908921396,10.65955121,2020,0.6716620163,0.1625470176,4.132109136
HWM_RESERVE,UPRO,LAG1,25,staged,0.15,0.1,rule,2020-06-29,2022-01-21,395,0.9252721787,1.798101435,0.9312741035,0.004865956564,10.46281806,0.01878100755,104.6281806,2022,7.019688409,6.089632707,1.152727717
HWM_RESERVE,UPRO,LAG1,25,staged,0.15,0.1,rule,2023-03-20,2023-10-20,149,0.2437960075,0.1365234469,0.2441130979,0.0001493489028,0,0,0,,,,
HWM_RESERVE,UPRO,LAG1,25,staged,0.15,0.1,rule,2023-11-02,2025-03-10,336,0.5780118601,0.84367629,0.5719543543,-0.005201818518,8.238006687,0.01160463067,82.38006687,,,,
HWM_RESERVE,UPRO,LAG1,25,staged,0.15,0.1,rule,2025-05-12,2026-03-19,214,0.3895425281,0.3233576153,0.3896398724,5.964769604e-05,6.487658227,0.01158825725,64.87658227,,,,
HWM_RESERVE,UPRO,LAG1,25,staged,0.15,0.1,rule,2026-04-08,2026-09-02,102,1.20753749,0.3800332442,1.226294967,0.003405295863,7.125166288,0.01717227821,87.07643469,,,,
ASYMMETRIC_RESERVE_BAND,UPRO,LAG1,25,staged,0.2,0.1,rule,1986-11-20,1987-10-15,227,0.2938198741,0.2668972456,0.3003542519,0.004537761913,0.214669467,0.06203150401,0.7540743534,1987,0.1142816128,0.05000985876,2.285181675
ASYMMETRIC_RESERVE_BAND,UPRO,LAG1,25,staged,0.2,0.1,rule,1988-11-22,1990-01-22,293,0.5109860774,0.5677499554,0.4703787772,-0.03177351164,0.2002656463,0.04693610684,0.2038474556,2000_2002,0,0.5162667547,0
ASYMMETRIC_RESERVE_BAND,UPRO,LAG1,25,staged,0.2,0.1,rule,1990-05-08,1990-08-03,61,-0.05085031857,-0.01120909042,-0.04622223445,0.001158614325,0,0,0,2000_2002,0,0.5162667547,0
ASYMMETRIC_RESERVE_BAND,UPRO,LAG1,25,staged,0.2,0.1,rule,1991-01-24,1991-11-19,208,0.4693054505,0.3472213427,0.4391928415,-0.01695141867,0.4480519519,0.1048943532,0.217687528,2000_2002,0,0.5162667547,0
ASYMMETRIC_RESERVE_BAND,UPRO,LAG1,25,staged,0.2,0.1,rule,1991-12-13,1992-04-08,80,0.176631024,0.05737821256,0.1902610051,0.00368932777,0.1853390032,0.1218517361,0.2994930947,2000_2002,0,0.5162667547,0
ASYMMETRIC_RESERVE_BAND,UPRO,LAG1,25,staged,0.2,0.1,rule,1992-06-19,1992-10-02,73,0.1527237496,0.04170421751,0.1527237496,0,0,0,0,2000_2002,0,0.5162667547,0
ASYMMETRIC_RESERVE_BAND,UPRO,LAG1,25,staged,0.2,0.1,rule,1992-10-19,1994-03-25,363,0.2155351362,0.3306902949,0.2212884174,0.006748427762,0.5483097091,0.08887807136,0.8420176782,2000_2002,0,0.5162667547,0
ASYMMETRIC_RESERVE_BAND,UPRO,LAG1,25,staged,0.2,0.1,rule,1994-12-21,1996-07-15,394,0.6298094282,1.23510565,0.6712595715,0.03933055368,0.3438824092,0.02397515825,3.708082715,2000_2002,0,0.5162667547,0
ASYMMETRIC_RESERVE_BAND,UPRO,LAG1,25,staged,0.2,0.1,rule,1996-07-30,1998-08-27,525,0.7014446849,2.198704367,0.7511643257,0.05977499983,2.213189939,0.02784178988,17.05593534,2000_2002,0,0.5162667547,0
ASYMMETRIC_RESERVE_BAND,UPRO,LAG1,25,staged,0.2,0.1,rule,1998-10-29,1999-09-23,226,0.4767588158,0.3928268359,0.4446147749,-0.01982287167,4.820306284,0.06538405769,6.291146783,2000_2002,0,0.5162667547,0
ASYMMETRIC_RESERVE_BAND,UPRO,LAG1,25,staged,0.2,0.1,rule,1999-10-28,2000-02-18,78,-0.1780570305,-0.05332285768,-0.1623215333,0.005866818631,0,0,0,2000_2002,0,0.5162667547,0
ASYMMETRIC_RESERVE_BAND,UPRO,LAG1,25,staged,0.2,0.1,rule,2003-04-17,2004-07-16,313,0.5883869569,0.7819105916,0.5883869569,0,0,0,0,2007_2009,0,0,
ASYMMETRIC_RESERVE_BAND,UPRO,LAG1,25,staged,0.2,0.1,rule,2004-10-27,2005-04-15,117,0.05235981466,0.02403785744,0.05235981466,0,0,0,0,2007_2009,0,0,
ASYMMETRIC_RESERVE_BAND,UPRO,LAG1,25,staged,0.2,0.1,rule,2005-05-16,2005-10-05,99,0.1480678181,0.05514919109,0.1480678181,0,0,0,0,2007_2009,0,0,
ASYMMETRIC_RESERVE_BAND,UPRO,LAG1,25,staged,0.2,0.1,rule,2005-10-31,2006-05-23,140,0.1473657525,0.07980364367,0.1473657525,0,0,0,0,2007_2009,0,0,
ASYMMETRIC_RESERVE_BAND,UPRO,LAG1,25,staged,0.2,0.1,rule,2006-08-15,2007-08-03,243,0.2551399649,0.2456101952,0.2551399649,0,0,0,0,2007_2009,0,0,
ASYMMETRIC_RESERVE_BAND,UPRO,LAG1,25,staged,0.2,0.1,rule,2009-07-13,2010-05-20,216,0.7411064032,0.6034518132,0.7411064032,0,0,0,0,2020,1.516617373,6.903735017,0.2196807046
ASYMMETRIC_RESERVE_BAND,UPRO,LAG1,25,staged,0.2,0.1,rule,2010-09-13,2011-08-02,224,0.4291739285,0.3713418902,0.4291739285,0,0,0,0,2020,1.516617373,6.903735017,0.2196807046
ASYMMETRIC_RESERVE_BAND,UPRO,LAG1,25,staged,0.2,0.1,rule,2012-01-03,2012-06-01,104,0.001843840075,0.0007568128454,0.001843840075,0,0,0,0,2020,1.516617373,6.903735017,0.2196807046
ASYMMETRIC_RESERVE_BAND,UPRO,LAG1,25,staged,0.2,0.1,rule,2012-06-06,2012-11-08,107,0.3667071625,0.1417635517,0.3667071625,0,0,0,0,2020,1.516617373,6.903735017,0.2196807046
ASYMMETRIC_RESERVE_BAND,UPRO,LAG1,25,staged,0.2,0.1,rule,2012-11-19,2014-10-13,477,0.588927805,1.488137839,0.6167694952,0.03295770869,2.39287481,0.02203339346,11.26175922,2020,1.516617373,6.903735017,0.2196807046
ASYMMETRIC_RESERVE_BAND,UPRO,LAG1,25,staged,0.2,0.1,rule,2014-10-21,2015-07-08,178,0.2548891274,0.1678005399,0.2434835038,-0.006499470205,7.818708703,0.1244010926,4.330821913,2020,1.516617373,6.903735017,0.2196807046
ASYMMETRIC_RESERVE_BAND,UPRO,LAG1,25,staged,0.2,0.1,rule,2016-03-16,2016-06-27,71,-0.1499262897,-0.04463273066,-0.1494853855,0.0001462251514,0,0,0,2020,1.516617373,6.903735017,0.2196807046
ASYMMETRIC_RESERVE_BAND,UPRO,LAG1,25,staged,0.2,0.1,rule,2016-06-28,2018-04-02,442,0.4589195326,0.9986944651,0.4819587714,0.02758358445,4.553361669,0.02854488618,38.85416471,2020,1.516617373,6.903735017,0.2196807046
ASYMMETRIC_RESERVE_BAND,UPRO,LAG1,25,staged,0.2,0.1,rule,2018-04-03,2018-10-11,134,0.2207872567,0.1131867299,0.2275867617,0.002904516123,0,0,0.8627130482,2020,1.516617373,6.903735017,0.2196807046
ASYMMETRIC_RESERVE_BAND,UPRO,LAG1,25,staged,0.2,0.1,rule,2019-06-04,2020-02-27,185,0.2550801844,0.145764371,0.2037586328,-0.03063425772,8.41385706,0.07000863314,8.61925797,2020,1.516617373,6.903735017,0.2196807046
ASYMMETRIC_RESERVE_BAND,UPRO,LAG1,25,staged,0.2,0.1,rule,2020-06-29,2022-01-21,395,0.8812340784,1.798101435,0.9312741035,0.04104001913,9.69265464,0.01934810204,96.25500615,2022,0.6265567889,15.24611452,0.04109616178
ASYMMETRIC_RESERVE_BAND,UPRO,LAG1,25,staged,0.2,0.1,rule,2023-03-20,2023-10-20,149,0.2437909799,0.1365234469,0.2441130979,0.0001517172104,0,0,0,,,,
ASYMMETRIC_RESERVE_BAND,UPRO,LAG1,25,staged,0.2,0.1,rule,2023-11-02,2025-03-10,336,0.5674030222,0.84367629,0.5719543543,0.003921613587,18.51548864,0.03051568742,68.92227149,,,,
ASYMMETRIC_RESERVE_BAND,UPRO,LAG1,25,staged,0.2,0.1,rule,2025-05-12,2026-03-19,214,0.3812050118,0.3233576153,0.3896398724,0.005184026337,26.38166989,0.05603737334,56.25129151,,,,
ASYMMETRIC_RESERVE_BAND,UPRO,LAG1,25,staged,0.2,0.1,rule,2026-04-08,2026-09-02,102,1.148435691,0.3800332442,1.226294967,0.01432722264,64.02154833,0.183711264,75.43506554,,,,
HWM_DRAWDOWN,UPRO,LAG1,25,drawdown,0.15,0.1,rule,1986-11-20,1987-10-15,227,0.3106374324,0.2668972456,0.3003542519,-0.007095122228,0.07840911572,0.02146592571,0.7840911572,1987,0.06866682014,0.02257072686,3.042295473
HWM_DRAWDOWN,UPRO,LAG1,25,drawdown,0.15,0.1,rule,1988-11-22,1990-01-22,293,0.4526940206,0.5677499554,0.4703787772,0.01411283053,0.01589151075,0.003703081933,0.1589151075,2000_2002,1.701399581,1.539860185,1.104905236
HWM_DRAWDOWN,UPRO,LAG1,25,drawdown,0.15,0.1,rule,1990-05-08,1990-08-03,61,-0.0397458153,-0.01120909042,-0.04622223445,-0.001611930996,0,0,0,2000_2002,1.701399581,1.539860185,1.104905236
HWM_DRAWDOWN,UPRO,LAG1,25,drawdown,0.15,0.1,rule,1991-01-24,1991-11-19,208,0.4189255546,0.3472213427,0.4391928415,0.01161003791,0.01385841508,0.003412003241,0.1385841508,2000_2002,1.701399581,1.539860185,1.104905236
HWM_DRAWDOWN,UPRO,LAG1,25,drawdown,0.15,0.1,rule,1991-12-13,1992-04-08,80,0.1901060823,0.05737821256,0.1902610051,4.169625942e-05,0.02799028841,0.01880579543,0.2799028841,2000_2002,1.701399581,1.539860185,1.104905236
HWM_DRAWDOWN,UPRO,LAG1,25,drawdown,0.15,0.1,rule,1992-06-19,1992-10-02,73,0.1450729949,0.04170421751,0.1527237496,0.001914358835,0,0,0,2000_2002,1.701399581,1.539860185,1.104905236
HWM_DRAWDOWN,UPRO,LAG1,25,drawdown,0.15,0.1,rule,1992-10-19,1994-03-25,363,0.211133693,0.3306902949,0.2212884174,0.01193279002,0.07869535944,0.01310335625,0.7869535944,2000_2002,1.701399581,1.539860185,1.104905236
HWM_DRAWDOWN,UPRO,LAG1,25,drawdown,0.15,0.1,rule,1994-12-21,1996-07-15,394,0.6191253226,1.23510565,0.6712595715,0.04963049018,0.3462847732,0.02603832837,3.462847732,2000_2002,1.701399581,1.539860185,1.104905236
HWM_DRAWDOWN,UPRO,LAG1,25,drawdown,0.15,0.1,rule,1996-07-30,1998-08-27,525,0.6775579628,2.198704367,0.7511643257,0.08911662976,1.536732647,0.02137310653,15.36732647,2000_2002,1.701399581,1.539860185,1.104905236
HWM_DRAWDOWN,UPRO,LAG1,25,drawdown,0.15,0.1,rule,1998-10-29,1999-09-23,226,0.3919976228,0.3928268359,0.4446147749,0.03342049116,0.4697928282,0.007569863078,4.697928282,2000_2002,1.701399581,1.539860185,1.104905236
HWM_DRAWDOWN,UPRO,LAG1,25,drawdown,0.15,0.1,rule,1999-10-28,2000-02-18,78,-0.1330904467,-0.05332285768,-0.1623215333,-0.01061173311,0,0,0,2000_2002,1.701399581,1.539860185,1.104905236
HWM_DRAWDOWN,UPRO,LAG1,25,drawdown,0.15,0.1,rule,2003-04-17,2004-07-16,313,0.5309002178,0.7819105916,0.5883869569,0.04602206532,0,0,0,2007_2009,0.8387652048,0.04295587678,19.52620381
HWM_DRAWDOWN,UPRO,LAG1,25,drawdown,0.15,0.1,rule,2004-10-27,2005-04-15,117,0.0505521877,0.02403785744,0.05235981466,0.000800159397,0,0,0,2007_2009,0.8387652048,0.04295587678,19.52620381
HWM_DRAWDOWN,UPRO,LAG1,25,drawdown,0.15,0.1,rule,2005-05-16,2005-10-05,99,0.1402185378,0.05514919109,0.1480678181,0.002667161303,0,0,0,2007_2009,0.8387652048,0.04295587678,19.52620381
HWM_DRAWDOWN,UPRO,LAG1,25,drawdown,0.15,0.1,rule,2005-10-31,2006-05-23,140,0.1407183363,0.07980364367,0.1473657525,0.00324527907,0,0,0,2007_2009,0.8387652048,0.04295587678,19.52620381
HWM_DRAWDOWN,UPRO,LAG1,25,drawdown,0.15,0.1,rule,2006-08-15,2007-08-03,243,0.2420315995,0.2456101952,0.2551399649,0.01014655529,0,0,0,2007_2009,0.8387652048,0.04295587678,19.52620381
HWM_DRAWDOWN,UPRO,LAG1,25,drawdown,0.15,0.1,rule,2009-07-13,2010-05-20,216,0.7411064032,0.6034518132,0.7411064032,0,0,0,0,2020,7.172365695,6.364953361,1.126852828
HWM_DRAWDOWN,UPRO,LAG1,25,drawdown,0.15,0.1,rule,2010-09-13,2011-08-02,224,0.4291739285,0.3713418902,0.4291739285,0,0,0,0,2020,7.172365695,6.364953361,1.126852828
HWM_DRAWDOWN,UPRO,LAG1,25,drawdown,0.15,0.1,rule,2012-01-03,2012-06-01,104,0.001843840075,0.0007568128454,0.001843840075,0,0,0,0,2020,7.172365695,6.364953361,1.126852828
HWM_DRAWDOWN,UPRO,LAG1,25,drawdown,0.15,0.1,rule,2012-06-06,2012-11-08,107,0.3667071625,0.1417635517,0.3667071625,0,0,0,0,2020,7.172365695,6.364953361,1.126852828
HWM_DRAWDOWN,UPRO,LAG1,25,drawdown,0.15,0.1,rule,2012-11-19,2014-10-13,477,0.6139206527,1.488137839,0.6167694952,0.003346156563,2.067790752,0.01630573196,20.67790752,2020,7.172365695,6.364953361,1.126852828
HWM_DRAWDOWN,UPRO,LAG1,25,drawdown,0.15,0.1,rule,2014-10-21,2015-07-08,178,0.2317798059,0.1678005399,0.2434835038,0.006731596158,0.440665019,0.006040355321,4.40665019,2020,7.172365695,6.364953361,1.126852828
HWM_DRAWDOWN,UPRO,LAG1,25,drawdown,0.15,0.1,rule,2016-03-16,2016-06-27,71,-0.1401378089,-0.04463273066,-0.1494853855,-0.003082396847,0,0,0,2020,7.172365695,6.364953361,1.126852828
HWM_DRAWDOWN,UPRO,LAG1,25,drawdown,0.15,0.1,rule,2016-06-28,2018-04-02,442,0.4566738644,0.9986944651,0.4819587714,0.03029545809,4.360143405,0.02454650524,43.60143405,2020,7.172365695,6.364953361,1.126852828
HWM_DRAWDOWN,UPRO,LAG1,25,drawdown,0.15,0.1,rule,2018-04-03,2018-10-11,134,0.206739401,0.1131867299,0.2275867617,0.008956865856,0,0,0,2020,7.172365695,6.364953361,1.126852828
HWM_DRAWDOWN,UPRO,LAG1,25,drawdown,0.15,0.1,rule,2019-06-04,2020-02-27,185,0.1902815931,0.145764371,0.2037586328,0.008261182516,0.9623114615,0.007588768362,9.623114615,2020,7.172365695,6.364953361,1.126852828
HWM_DRAWDOWN,UPRO,LAG1,25,drawdown,0.15,0.1,rule,2020-06-29,2022-01-21,395,0.8710286822,1.798101435,0.9312741035,0.0495438297,10.76327519,0.01938710786,107.6327519,2022,-1.079574302,17.52428156,-0.06160448284
HWM_DRAWDOWN,UPRO,LAG1,25,drawdown,0.15,0.1,rule,2023-03-20,2023-10-20,149,0.2239243561,0.1365234469,0.2441130979,0.009585631703,0,0,0,,,,
HWM_DRAWDOWN,UPRO,LAG1,25,drawdown,0.15,0.1,rule,2023-11-02,2025-03-10,336,0.5308351286,0.84367629,0.5719543543,0.03584963709,7.913892393,0.01164092945,79.13892393,,,,
HWM_DRAWDOWN,UPRO,LAG1,25,drawdown,0.15,0.1,rule,2025-05-12,2026-03-19,214,0.3602543868,0.3233576153,0.3896398724,0.0181984152,5.900083659,0.01136738568,59.00083659,,,,
HWM_DRAWDOWN,UPRO,LAG1,25,drawdown,0.15,0.1,rule,2026-04-08,2026-09-02,102,1.091856146,0.3800332442,1.226294967,0.02506826887,7.903019629,0.02102749411,79.03019629,,,,
BAND_DRAWDOWN,UPRO,LAG1,25,drawdown,0.2,0.1,rule,1986-11-20,1987-10-15,227,0.2773725732,0.2668972456,0.3003542519,0.01606171939,0,0,0.740475992,1987,0.120372229,0.06197461085,1.942282934
BAND_DRAWDOWN,UPRO,LAG1,25,drawdown,0.2,0.1,rule,1988-11-22,1990-01-22,293,0.474256173,0.5677499554,0.4703787772,-0.003071554984,0.1288757852,0.03183014669,0.1524440163,2000_2002,1.424699123,1.320385414,1.07900247
BAND_DRAWDOWN,UPRO,LAG1,25,drawdown,0.2,0.1,rule,1990-05-08,1990-08-03,61,-0.0297127927,-0.01120909042,-0.04622223445,-0.004087731268,0,0,0,2000_2002,1.424699123,1.320385414,1.07900247
BAND_DRAWDOWN,UPRO,LAG1,25,drawdown,0.2,0.1,rule,1991-01-24,1991-11-19,208,0.3836267084,0.3472213427,0.4391928415,0.03223250963,0,0,0.1456481202,2000_2002,1.424699123,1.320385414,1.07900247
BAND_DRAWDOWN,UPRO,LAG1,25,drawdown,0.2,0.1,rule,1991-12-13,1992-04-08,80,0.1727150443,0.05737821256,0.1902610051,0.004757200446,0,0,0.2606286489,2000_2002,1.424699123,1.320385414,1.07900247
BAND_DRAWDOWN,UPRO,LAG1,25,drawdown,0.2,0.1,rule,1992-06-19,1992-10-02,73,0.1393930685,0.04170421751,0.1527237496,0.003343871345,0,0,0,2000_2002,1.424699123,1.320385414,1.07900247
BAND_DRAWDOWN,UPRO,LAG1,25,drawdown,0.2,0.1,rule,1992-10-19,1994-03-25,363,0.2023625925,0.3306902949,0.2212884174,0.0223204957,0,0,0.7482647508,2000_2002,1.424699123,1.320385414,1.07900247
BAND_DRAWDOWN,UPRO,LAG1,25,drawdown,0.2,0.1,rule,1994-12-21,1996-07-15,394,0.6172383785,1.23510565,0.6712595715,0.05145664485,0.2462137919,0.01903821597,3.365388875,2000_2002,1.424699123,1.320385414,1.07900247
BAND_DRAWDOWN,UPRO,LAG1,25,drawdown,0.2,0.1,rule,1996-07-30,1998-08-27,525,0.6846066579,2.198704367,0.7511643257,0.08041502482,0.5440446207,0.00743592275,15.55363847,2000_2002,1.424699123,1.320385414,1.07900247
BAND_DRAWDOWN,UPRO,LAG1,25,drawdown,0.2,0.1,rule,1998-10-29,1999-09-23,226,0.4299577767,0.3928268359,0.4446147749,0.009185677481,1.158743034,0.01813048886,4.729843578,2000_2002,1.424699123,1.320385414,1.07900247
BAND_DRAWDOWN,UPRO,LAG1,25,drawdown,0.2,0.1,rule,1999-10-28,2000-02-18,78,-0.1376790735,-0.05332285768,-0.1623215333,-0.008969824093,0,0,0,2000_2002,1.424699123,1.320385414,1.07900247
BAND_DRAWDOWN,UPRO,LAG1,25,drawdown,0.2,0.1,rule,2003-04-17,2004-07-16,313,0.5385156036,0.7819105916,0.5883869569,0.03982705994,0,0,0,2007_2009,0.7009711453,0.03589357489,19.52915382
BAND_DRAWDOWN,UPRO,LAG1,25,drawdown,0.2,0.1,rule,2004-10-27,2005-04-15,117,0.05079964599,0.02403785744,0.05235981466,0.0006905388588,0,0,0,2007_2009,0.7009711453,0.03589357489,19.52915382
BAND_DRAWDOWN,UPRO,LAG1,25,drawdown,0.2,0.1,rule,2005-05-16,2005-10-05,99,0.1412898392,0.05514919109,0.1480678181,0.002302056334,0,0,0,2007_2009,0.7009711453,0.03589357489,19.52915382
BAND_DRAWDOWN,UPRO,LAG1,25,drawdown,0.2,0.1,rule,2005-10-31,2006-05-23,140,0.1416285434,0.07980364367,0.1473657525,0.002799798722,0,0,0,2007_2009,0.7009711453,0.03589357489,19.52915382
BAND_DRAWDOWN,UPRO,LAG1,25,drawdown,0.2,0.1,rule,2006-08-15,2007-08-03,243,0.2438276301,0.2456101952,0.2551399649,0.008750020487,0,0,0,2007_2009,0.7009711453,0.03589357489,19.52915382
BAND_DRAWDOWN,UPRO,LAG1,25,drawdown,0.2,0.1,rule,2009-07-13,2010-05-20,216,0.7411064032,0.6034518132,0.7411064032,0,0,0,0,2020,2.294726007,10.4485176,0.2196221603
BAND_DRAWDOWN,UPRO,LAG1,25,drawdown,0.2,0.1,rule,2010-09-13,2011-08-02,224,0.4291739285,0.3713418902,0.4291739285,0,0,0,0,2020,2.294726007,10.4485176,0.2196221603
BAND_DRAWDOWN,UPRO,LAG1,25,drawdown,0.2,0.1,rule,2012-01-03,2012-06-01,104,0.001843840075,0.0007568128454,0.001843840075,0,0,0,0,2020,2.294726007,10.4485176,0.2196221603
BAND_DRAWDOWN,UPRO,LAG1,25,drawdown,0.2,0.1,rule,2012-06-06,2012-11-08,107,0.3667071625,0.1417635517,0.3667071625,0,0,0,0,2020,2.294726007,10.4485176,0.2196221603
BAND_DRAWDOWN,UPRO,LAG1,25,drawdown,0.2,0.1,rule,2012-11-19,2014-10-13,477,0.588927805,1.488137839,0.6167694952,0.03295770869,2.537115402,0.02203339346,17.4620422,2020,2.294726007,10.4485176,0.2196221603
BAND_DRAWDOWN,UPRO,LAG1,25,drawdown,0.2,0.1,rule,2014-10-21,2015-07-08,178,0.2265478036,0.1678005399,0.2434835038,0.009761591388,0,0,4.069452252,2020,2.294726007,10.4485176,0.2196221603
BAND_DRAWDOWN,UPRO,LAG1,25,drawdown,0.2,0.1,rule,2016-03-16,2016-06-27,71,-0.1393550339,-0.04463273066,-0.1494853855,-0.003338997362,0,0,0,2020,2.294726007,10.4485176,0.2196221603
BAND_DRAWDOWN,UPRO,LAG1,25,drawdown,0.2,0.1,rule,2016-06-28,2018-04-02,442,0.4416001937,0.9986944651,0.4819587714,0.04860739295,2.483015176,0.01523300203,39.70581299,2020,2.294726007,10.4485176,0.2196221603
BAND_DRAWDOWN,UPRO,LAG1,25,drawdown,0.2,0.1,rule,2018-04-03,2018-10-11,134,0.2109950511,0.1131867299,0.2275867617,0.007115962874,0,0,0,2020,2.294726007,10.4485176,0.2196221603
BAND_DRAWDOWN,UPRO,LAG1,25,drawdown,0.2,0.1,rule,2019-06-04,2020-02-27,185,0.1879619131,0.145764371,0.2037586328,0.009692534551,0,0,8.973276227,2020,2.294726007,10.4485176,0.2196221603
BAND_DRAWDOWN,UPRO,LAG1,25,drawdown,0.2,0.1,rule,2020-06-29,2022-01-21,395,0.860185893,1.798101435,0.9312741035,0.05862972841,7.06943299,0.01411974212,94.72714596,2022,-4.653279061,18.26829373,-0.2547188659
BAND_DRAWDOWN,UPRO,LAG1,25,drawdown,0.2,0.1,rule,2023-03-20,2023-10-20,149,0.2292556324,0.1365234469,0.2441130979,0.007039059409,0,0,0,,,,
BAND_DRAWDOWN,UPRO,LAG1,25,drawdown,0.2,0.1,rule,2023-11-02,2025-03-10,336,0.5352238099,0.84367629,0.5719543543,0.03197776897,10.49452923,0.01747345678,67.91996133,,,,
BAND_DRAWDOWN,UPRO,LAG1,25,drawdown,0.2,0.1,rule,2025-05-12,2026-03-19,214,0.3557791976,0.3233576153,0.3896398724,0.02100434512,0,0,52.82003013,,,,
BAND_DRAWDOWN,UPRO,LAG1,25,drawdown,0.2,0.1,rule,2026-04-08,2026-09-02,102,1.119487375,0.3800332442,1.226294967,0.01978694405,0,0,72.09062815,,,,
NO_RESERVE,UPRO,LAG1,50,staged,0.15,0.1,rule,1986-11-20,1987-10-15,227,0.2967366307,0.2637220645,0.2967366307,0,0,0,0.8049006156,1987,0,0,
NO_RESERVE,UPRO,LAG1,50,staged,0.15,0.1,rule,1988-11-22,1990-01-22,293,0.4672185768,0.5638207575,0.4672185768,0,0,0,0.05471756722,2000_2002,0,0,
NO_RESERVE,UPRO,LAG1,50,staged,0.15,0.1,rule,1990-05-08,1990-08-03,61,-0.05621773129,-0.01368726313,-0.05621773129,0,0,0,0,2000_2002,0,0,
NO_RESERVE,UPRO,LAG1,50,staged,0.15,0.1,rule,1991-01-24,1991-11-19,208,0.4347878563,0.3438448481,0.4347878563,0,0,0,0.05134717574,2000_2002,0,0,
NO_RESERVE,UPRO,LAG1,50,staged,0.15,0.1,rule,1991-12-13,1992-04-08,80,0.1809730849,0.05472814185,0.1809730849,0,0,0,0.2580350479,2000_2002,0,0,
NO_RESERVE,UPRO,LAG1,50,staged,0.15,0.1,rule,1992-06-19,1992-10-02,73,0.1427052212,0.03909342999,0.1427052212,0,0,0,0,2000_2002,0,0,
NO_RESERVE,UPRO,LAG1,50,staged,0.15,0.1,rule,1992-10-19,1994-03-25,363,0.2191458789,0.3273552315,0.2191458789,0,0,0,0.7191231032,2000_2002,0,0,
NO_RESERVE,UPRO,LAG1,50,staged,0.15,0.1,rule,1994-12-21,1996-07-15,394,0.6685837194,1.229503882,0.6685837194,0,0,0,3.251033722,2000_2002,0,0,
NO_RESERVE,UPRO,LAG1,50,staged,0.15,0.1,rule,1996-07-30,1998-08-27,525,0.749048123,2.190687564,0.749048123,0,0,0,16.38880181,2000_2002,0,0,
NO_RESERVE,UPRO,LAG1,50,staged,0.15,0.1,rule,1998-10-29,1999-09-23,226,0.4405958168,0.3893360418,0.4405958168,0,0,0,4.693918636,2000_2002,0,0,
NO_RESERVE,UPRO,LAG1,50,staged,0.15,0.1,rule,1999-10-28,2000-02-18,78,-0.169088607,-0.0556954821,-0.169088607,0,0,0,0,2000_2002,0,0,
NO_RESERVE,UPRO,LAG1,50,staged,0.15,0.1,rule,2003-04-17,2004-07-16,313,0.5851974966,0.7774446502,0.5851974966,0,0,0,0,2007_2009,0,0,
NO_RESERVE,UPRO,LAG1,50,staged,0.15,0.1,rule,2004-10-27,2005-04-15,117,0.04670123769,0.02147134652,0.04670123769,0,0,0,0,2007_2009,0,0,
NO_RESERVE,UPRO,LAG1,50,staged,0.15,0.1,rule,2005-05-16,2005-10-05,99,0.140681288,0.05250470691,0.140681288,0,0,0,0,2007_2009,0,0,
NO_RESERVE,UPRO,LAG1,50,staged,0.15,0.1,rule,2005-10-31,2006-05-23,140,0.1422222545,0.07709736888,0.1422222545,0,0,0,0,2007_2009,0,0,
NO_RESERVE,UPRO,LAG1,50,staged,0.15,0.1,rule,2006-08-15,2007-08-03,243,0.2518852281,0.2424883652,0.2518852281,0,0,0,0,2007_2009,0,0,
NO_RESERVE,UPRO,LAG1,50,staged,0.15,0.1,rule,2009-07-13,2010-05-20,216,0.7359826613,0.599433137,0.7359826613,0,0,0,0,2020,0,0,
NO_RESERVE,UPRO,LAG1,50,staged,0.15,0.1,rule,2010-09-13,2011-08-02,224,0.4251241745,0.3679049431,0.4251241745,0,0,0,0,2020,0,0,
NO_RESERVE,UPRO,LAG1,50,staged,0.15,0.1,rule,2012-01-03,2012-06-01,104,-0.004259178832,-0.001751349593,-0.004259178832,0,0,0,0,2020,0,0,
NO_RESERVE,UPRO,LAG1,50,staged,0.15,0.1,rule,2012-06-06,2012-11-08,107,0.3586492514,0.1389019889,0.3586492514,0,0,0,0,2020,0,0,
NO_RESERVE,UPRO,LAG1,50,staged,0.15,0.1,rule,2012-11-19,2014-10-13,477,0.6146325675,1.481901905,0.6146325675,0,0,0,0.955084765,2020,0,0,
NO_RESERVE,UPRO,LAG1,50,staged,0.15,0.1,rule,2014-10-21,2015-07-08,178,0.2391076426,0.1648737215,0.2391076426,0,0,0,2.602809192,2020,0,0,
NO_RESERVE,UPRO,LAG1,50,staged,0.15,0.1,rule,2016-03-16,2016-06-27,71,-0.157020256,-0.04702713484,-0.157020256,0,0,0,0,2020,0,0,
NO_RESERVE,UPRO,LAG1,50,staged,0.15,0.1,rule,2016-06-28,2018-04-02,442,0.4798478222,0.9936852057,0.4798478222,0,0,0,25.24068319,2020,0,0,
NO_RESERVE,UPRO,LAG1,50,staged,0.15,0.1,rule,2018-04-03,2018-10-11,134,0.2217099831,0.1103967882,0.2217099831,0,0,0,0,2020,0,0,
NO_RESERVE,UPRO,LAG1,50,staged,0.15,0.1,rule,2019-06-04,2020-02-27,185,0.1996487984,0.1428927811,0.1996487984,0,0,0,3.415220532,2020,0,0,
NO_RESERVE,UPRO,LAG1,50,staged,0.15,0.1,rule,2020-06-29,2022-01-21,395,0.9281765314,1.791088649,0.9281765314,0,0,0,58.31951851,2022,0,0,
NO_RESERVE,UPRO,LAG1,50,staged,0.15,0.1,rule,2023-03-20,2023-10-20,149,0.2387959529,0.1336750172,0.2387959529,0,0,0,0,,,,
NO_RESERVE,UPRO,LAG1,50,staged,0.15,0.1,rule,2023-11-02,2025-03-10,336,0.5690404702,0.8390555474,0.5690404702,0,0,0,34.40583215,,,,
NO_RESERVE,UPRO,LAG1,50,staged,0.15,0.1,rule,2025-05-12,2026-03-19,214,0.3855504291,0.3200409296,0.3855504291,0,0,0,31.10348633,,,,
NO_RESERVE,UPRO,LAG1,50,staged,0.15,0.1,rule,2026-04-08,2026-09-02,102,1.212456937,0.3765745142,1.212456937,0,0,0,43.74981165,,,,
FIXED_90_10,UPRO,LAG1,50,staged,0.15,0.1,quarterly,1986-11-20,1987-10-15,227,0.293199479,0.2637220645,0.2967366307,0.002460370803,0.07620127142,0.02252540215,0.7294061246,1987,0.1114914109,0.05765630643,1.933724476
FIXED_90_10,UPRO,LAG1,50,staged,0.15,0.1,quarterly,1988-11-22,1990-01-22,293,0.4309393412,0.5638207575,0.4672185768,0.02920170022,0.06782839778,0.01754085198,0.102524407,2000_2002,0.7169874049,1.003565707,0.7144399217
FIXED_90_10,UPRO,LAG1,50,staged,0.15,0.1,quarterly,1990-05-08,1990-08-03,61,-0.03866771157,-0.01368726313,-0.05621773129,-0.004388618428,0.01143277229,0.01379426811,0,2000_2002,0.7169874049,1.003565707,0.7144399217
FIXED_90_10,UPRO,LAG1,50,staged,0.15,0.1,quarterly,1991-01-24,1991-11-19,208,0.4004385417,0.3438448481,0.4347878563,0.01983638556,0.06407490024,0.01784569854,0.09877537854,2000_2002,0.7169874049,1.003565707,0.7144399217
FIXED_90_10,UPRO,LAG1,50,staged,0.15,0.1,quarterly,1991-12-13,1992-04-08,80,0.172389064,0.05472814185,0.1809730849,0.002336843131,0.03140035741,0.0241712242,0.2359836906,2000_2002,0.7169874049,1.003565707,0.7144399217
FIXED_90_10,UPRO,LAG1,50,staged,0.15,0.1,quarterly,1992-06-19,1992-10-02,73,0.1317473287,0.03909342999,0.1427052212,0.002770017965,0.01068680671,0.01146110943,0,2000_2002,0.7169874049,1.003565707,0.7144399217
FIXED_90_10,UPRO,LAG1,50,staged,0.15,0.1,quarterly,1992-10-19,1994-03-25,363,0.1996954344,0.3273552315,0.2191458789,0.02298485611,0.05897644197,0.0113213405,0.6591275453,2000_2002,0.7169874049,1.003565707,0.7144399217
FIXED_90_10,UPRO,LAG1,50,staged,0.15,0.1,quarterly,1994-12-21,1996-07-15,394,0.6026100672,1.229503882,0.6685837194,0.06317699249,0.3075401935,0.02710747076,2.848785255,2000_2002,0.7169874049,1.003565707,0.7144399217
FIXED_90_10,UPRO,LAG1,50,staged,0.15,0.1,quarterly,1996-07-30,1998-08-27,525,0.6748794024,2.190687564,0.749048123,0.08992348792,1.056744676,0.01709621629,13.10128103,2000_2002,0.7169874049,1.003565707,0.7144399217
FIXED_90_10,UPRO,LAG1,50,staged,0.15,0.1,quarterly,1998-10-29,1999-09-23,226,0.4103964433,0.3893360418,0.4405958168,0.01908331452,0.8560710116,0.01592297657,3.889042854,2000_2002,0.7169874049,1.003565707,0.7144399217
FIXED_90_10,UPRO,LAG1,50,staged,0.15,0.1,quarterly,1999-10-28,2000-02-18,78,-0.1310868227,-0.0556954821,-0.169088607,-0.01383536022,0.3602647077,0.02292977267,0,2000_2002,0.7169874049,1.003565707,0.7144399217
FIXED_90_10,UPRO,LAG1,50,staged,0.15,0.1,quarterly,2003-04-17,2004-07-16,313,0.5250720563,0.7774446502,0.5851974966,0.04827463091,0.53854446,0.01999637981,0,2007_2009,0.5296185397,-0.005487371477,
FIXED_90_10,UPRO,LAG1,50,staged,0.15,0.1,quarterly,2004-10-27,2005-04-15,117,0.04969398976,0.02147134652,0.04670123769,-0.001328882449,0.1841344397,0.02097310418,0,2007_2009,0.5296185397,-0.005487371477,
FIXED_90_10,UPRO,LAG1,50,staged,0.15,0.1,quarterly,2005-05-16,2005-10-05,99,0.1291785412,0.05250470691,0.140681288,0.003940345975,0.06202772979,0.009891218481,0,2007_2009,0.5296185397,-0.005487371477,
FIXED_90_10,UPRO,LAG1,50,staged,0.15,0.1,quarterly,2005-10-31,2006-05-23,140,0.1332263607,0.07709736888,0.1422222545,0.00441620766,0.08201014701,0.008751610938,0,2007_2009,0.5296185397,-0.005487371477,
FIXED_90_10,UPRO,LAG1,50,staged,0.15,0.1,quarterly,2006-08-15,2007-08-03,243,0.2338540651,0.2424883652,0.2518852281,0.01402136375,0.3311114559,0.01657248479,0,2007_2009,0.5296185397,-0.005487371477,
FIXED_90_10,UPRO,LAG1,50,staged,0.15,0.1,quarterly,2009-07-13,2010-05-20,216,0.6622860025,0.599433137,0.7359826613,0.03693672153,0.4422707169,0.02087139331,0,2020,2.368354617,6.910957117,0.3426956032
FIXED_90_10,UPRO,LAG1,50,staged,0.15,0.1,quarterly,2010-09-13,2011-08-02,224,0.3845830197,0.3679049431,0.4251241745,0.02552157583,0.4195672906,0.02073169921,0,2020,2.368354617,6.910957117,0.3426956032
FIXED_90_10,UPRO,LAG1,50,staged,0.15,0.1,quarterly,2012-01-03,2012-06-01,104,0.01621771072,-0.001751349593,-0.004259178832,-0.0083597057,0.2664939018,0.03457033417,0,2020,2.368354617,6.910957117,0.3426956032
FIXED_90_10,UPRO,LAG1,50,staged,0.15,0.1,quarterly,2012-06-06,2012-11-08,107,0.3175798133,0.1389019889,0.3586492514,0.01302569914,0.1522066576,0.01691103848,0,2020,2.368354617,6.910957117,0.3426956032
FIXED_90_10,UPRO,LAG1,50,staged,0.15,0.1,quarterly,2012-11-19,2014-10-13,477,0.5464959381,1.481901905,0.6146325675,0.08180479708,1.47505502,0.02205929686,3.525786802,2020,2.368354617,6.910957117,0.3426956032
FIXED_90_10,UPRO,LAG1,50,staged,0.15,0.1,quarterly,2014-10-21,2015-07-08,178,0.2120325884,0.1648737215,0.2391076426,0.01572649566,0.1498210299,0.003928282918,2.17759242,2020,2.368354617,6.910957117,0.3426956032
FIXED_90_10,UPRO,LAG1,50,staged,0.15,0.1,quarterly,2016-03-16,2016-06-27,71,-0.1409582928,-0.04702713484,-0.157020256,-0.005322595783,0.06838223416,0.006694225102,0,2020,2.368354617,6.910957117,0.3426956032
FIXED_90_10,UPRO,LAG1,50,staged,0.15,0.1,quarterly,2016-06-28,2018-04-02,442,0.4274912318,0.9936852057,0.4798478222,0.06341228059,1.978055671,0.02207499652,20.65705839,2020,2.368354617,6.910957117,0.3426956032
FIXED_90_10,UPRO,LAG1,50,staged,0.15,0.1,quarterly,2018-04-03,2018-10-11,134,0.2080204943,0.1103967882,0.2217099831,0.005892598653,0.9558929187,0.02442977809,0,2020,2.368354617,6.910957117,0.3426956032
FIXED_90_10,UPRO,LAG1,50,staged,0.15,0.1,quarterly,2019-06-04,2020-02-27,185,0.188974077,0.1428927811,0.1996487984,0.006558226624,1.135899663,0.01795727201,3.745483648,2020,2.368354617,6.910957117,0.3426956032
FIXED_90_10,UPRO,LAG1,50,staged,0.15,0.1,quarterly,2020-06-29,2022-01-21,395,0.8244535768,1.791088649,0.9281765314,0.08644216449,7.082002846,0.02745091018,47.68517122,2022,0.6217247866,13.19990059,0.04710071734
FIXED_90_10,UPRO,LAG1,50,staged,0.15,0.1,quarterly,2023-03-20,2023-10-20,149,0.2242063311,0.1336750172,0.2387959529,0.006941252465,1.288070129,0.01636231081,0,,,,
FIXED_90_10,UPRO,LAG1,50,staged,0.15,0.1,quarterly,2023-11-02,2025-03-10,336,0.5143782808,0.8390555474,0.5690404702,0.04795862637,5.09059397,0.0171097661,29.87241028,,,,
FIXED_90_10,UPRO,LAG1,50,staged,0.15,0.1,quarterly,2025-05-12,2026-03-19,214,0.3525929566,0.3200409296,0.3855504291,0.02049834725,4.638929683,0.02048446302,25.04443187,,,,
FIXED_90_10,UPRO,LAG1,50,staged,0.15,0.1,quarterly,2026-04-08,2026-09-02,102,1.070399633,0.3765745142,1.212456937,0.02670831481,4.200202137,0.02537459241,34.38374474,,,,
FIXED_85_15,UPRO,LAG1,50,staged,0.15,0.1,quarterly,1986-11-20,1987-10-15,227,0.289784189,0.2637220645,0.2967366307,0.004842371359,0.1084270892,0.03403000811,0.6913325388,1987,0.1643551841,0.08669502624,1.89578562
FIXED_85_15,UPRO,LAG1,50,staged,0.15,0.1,quarterly,1988-11-22,1990-01-22,293,0.4125647916,0.5638207575,0.4672185768,0.04427534419,0.09667242681,0.02636979731,0.1224746153,2000_2002,1.018108322,1.511440619,0.6736012708
FIXED_85_15,UPRO,LAG1,50,staged,0.15,0.1,quarterly,1990-05-08,1990-08-03,61,-0.03016979066,-0.01368726313,-0.05621773129,-0.00648492933,0.01633796969,0.02069426629,0,2000_2002,1.018108322,1.511440619,0.6736012708
FIXED_85_15,UPRO,LAG1,50,staged,0.15,0.1,quarterly,1991-01-24,1991-11-19,208,0.3829515583,0.3438448481,0.4347878563,0.03012264549,0.09199709782,0.026935187,0.1196052935,2000_2002,1.018108322,1.511440619,0.6736012708
FIXED_85_15,UPRO,LAG1,50,staged,0.15,0.1,quarterly,1991-12-13,1992-04-08,80,0.1676164748,0.05472814185,0.1809730849,0.003643505569,0.04453746067,0.03640126724,0.2241935671,2000_2002,1.018108322,1.511440619,0.6736012708
FIXED_85_15,UPRO,LAG1,50,staged,0.15,0.1,quarterly,1992-06-19,1992-10-02,73,0.1262624028,0.03909342999,0.1427052212,0.004166627112,0.01517284588,0.01718361383,0,2000_2002,1.018108322,1.511440619,0.6736012708
FIXED_85_15,UPRO,LAG1,50,staged,0.15,0.1,quarterly,1992-10-19,1994-03-25,363,0.1900286379,0.3273552315,0.2191458789,0.03454724202,0.08315742739,0.01702052058,0.627160123,2000_2002,1.018108322,1.511440619,0.6736012708
FIXED_85_15,UPRO,LAG1,50,staged,0.15,0.1,quarterly,1994-12-21,1996-07-15,394,0.5699378395,1.229503882,0.6685837194,0.0954338245,0.4275141589,0.04088173166,2.647989328,2000_2002,1.018108322,1.511440619,0.6736012708
FIXED_85_15,UPRO,LAG1,50,staged,0.15,0.1,quarterly,1996-07-30,1998-08-27,525,0.6380995576,2.190687564,0.749048123,0.1360040782,1.407090505,0.02579765562,11.61844448,2000_2002,1.018108322,1.511440619,0.6736012708
FIXED_85_15,UPRO,LAG1,50,staged,0.15,0.1,quarterly,1998-10-29,1999-09-23,226,0.3943607186,0.3893360418,0.4405958168,0.02938323157,1.125444657,0.02407716366,3.497791111,2000_2002,1.018108322,1.511440619,0.6736012708
FIXED_85_15,UPRO,LAG1,50,staged,0.15,0.1,quarterly,1999-10-28,2000-02-18,78,-0.113138399,-0.0556954821,-0.169088607,-0.02016080182,0.4720857264,0.03452368957,0,2000_2002,1.018108322,1.511440619,0.6736012708
FIXED_85_15,UPRO,LAG1,50,staged,0.15,0.1,quarterly,2003-04-17,2004-07-16,313,0.4951831736,0.7774446502,0.5851974966,0.07298531828,0.751052406,0.03018583248,0,2007_2009,0.7584240001,-0.00514406557,
FIXED_85_15,UPRO,LAG1,50,staged,0.15,0.1,quarterly,2004-10-27,2005-04-15,117,0.05077493033,0.02147134652,0.04670123769,-0.001807925215,0.2538348201,0.03159269764,0,2007_2009,0.7584240001,-0.00514406557,
FIXED_85_15,UPRO,LAG1,50,staged,0.15,0.1,quarterly,2005-05-16,2005-10-05,99,0.1235083617,0.05250470691,0.140681288,0.005897499988,0.08580475533,0.01484790018,0,2007_2009,0.7584240001,-0.00514406557,
FIXED_85_15,UPRO,LAG1,50,staged,0.15,0.1,quarterly,2005-10-31,2006-05-23,140,0.1286601834,0.07709736888,0.1422222545,0.006671238498,0.1131511919,0.01312696684,0,2007_2009,0.7584240001,-0.00514406557,
FIXED_85_15,UPRO,LAG1,50,staged,0.15,0.1,quarterly,2006-08-15,2007-08-03,243,0.2246327674,0.2424883652,0.2518852281,0.02127140817,0.4573813657,0.02490225349,0,2007_2009,0.7584240001,-0.00514406557,
FIXED_85_15,UPRO,LAG1,50,staged,0.15,0.1,quarterly,2009-07-13,2010-05-20,216,0.6250986193,0.599433137,0.7359826613,0.05620148968,0.6320105827,0.03150031324,0,2020,3.161683651,10.11492232,0.3125761673
FIXED_85_15,UPRO,LAG1,50,staged,0.15,0.1,quarterly,2010-09-13,2011-08-02,224,0.3640718925,0.3679049431,0.4251241745,0.03871992658,0.5968948312,0.03133669695,0,2020,3.161683651,10.11492232,0.3125761673
FIXED_85_15,UPRO,LAG1,50,staged,0.15,0.1,quarterly,2012-01-03,2012-06-01,104,0.02488667816,-0.001751349593,-0.004259178832,-0.01184818216,0.3806592193,0.05213057129,0,2020,3.161683651,10.11492232,0.3125761673
FIXED_85_15,UPRO,LAG1,50,staged,0.15,0.1,quarterly,2012-06-06,2012-11-08,107,0.2976418078,0.1389019889,0.3586492514,0.01949642644,0.2164127652,0.02546187537,0,2020,3.161683651,10.11492232,0.3125761673
FIXED_85_15,UPRO,LAG1,50,staged,0.15,0.1,quarterly,2012-11-19,2014-10-13,477,0.5129849344,1.481901905,0.6146325675,0.1233700155,2.043004965,0.03324912809,4.363735659,2020,3.161683651,10.11492232,0.3125761673
FIXED_85_15,UPRO,LAG1,50,staged,0.15,0.1,quarterly,2014-10-21,2015-07-08,178,0.1987914136,0.1648737215,0.2391076426,0.02354598693,0.2024999807,0.005902811917,1.956437428,2020,3.161683651,10.11492232,0.3125761673
FIXED_85_15,UPRO,LAG1,50,staged,0.15,0.1,quarterly,2016-03-16,2016-06-27,71,-0.1329284513,-0.04702713484,-0.157020256,-0.007946317788,0.09364278863,0.01005725641,0,2020,3.161683651,10.11492232,0.3125761673
FIXED_85_15,UPRO,LAG1,50,staged,0.15,0.1,quarterly,2016-06-28,2018-04-02,442,0.4017610463,0.9936852057,0.4798478222,0.09543321196,2.660638929,0.0332622402,18.35570503,2020,3.161683651,10.11492232,0.3125761673
FIXED_85_15,UPRO,LAG1,50,staged,0.15,0.1,quarterly,2018-04-03,2018-10-11,134,0.200542697,0.1103967882,0.2217099831,0.009139657633,1.264228397,0.03661100906,0,2020,3.161683651,10.11492232,0.3125761673
FIXED_85_15,UPRO,LAG1,50,staged,0.15,0.1,quarterly,2019-06-04,2020-02-27,185,0.182902051,0.1428927811,0.1996487984,0.01031501849,1.5197735,0.02700361173,3.729122938,2020,3.161683651,10.11492232,0.3125761673
FIXED_85_15,UPRO,LAG1,50,staged,0.15,0.1,quarterly,2020-06-29,2022-01-21,395,0.7733116062,1.791088649,0.9281765314,0.1308899141,9.396303344,0.0413180912,42.15303666,2022,0.6132378046,18.48577353,0.03317349982
FIXED_85_15,UPRO,LAG1,50,staged,0.15,0.1,quarterly,2023-03-20,2023-10-20,149,0.2165583827,0.1336750172,0.2387959529,0.01061301007,1.716786086,0.02460624831,0,,,,
FIXED_85_15,UPRO,LAG1,50,staged,0.15,0.1,quarterly,2023-11-02,2025-03-10,336,0.4872373962,0.8390555474,0.5690404702,0.07241812047,6.699383987,0.02588216505,27.15623115,,,,
FIXED_85_15,UPRO,LAG1,50,staged,0.15,0.1,quarterly,2025-05-12,2026-03-19,214,0.3359337011,0.3200409296,0.3855504291,0.03105064312,6.028110843,0.03092848629,21.95362356,,,,
FIXED_85_15,UPRO,LAG1,50,staged,0.15,0.1,quarterly,2026-04-08,2026-09-02,102,1.001519354,0.3765745142,1.212456937,0.04032571825,5.429331717,0.03823841436,29.75701525,,,,
HWM_RESERVE,UPRO,LAG1,50,staged,0.15,0.1,rule,1986-11-20,1987-10-15,227,0.3108105388,0.2637220645,0.2967366307,-0.009723495703,0.07923566133,0.0213919927,0.7923566133,1987,0.03718453063,0.008656432576,4.295595247
HWM_RESERVE,UPRO,LAG1,50,staged,0.15,0.1,rule,1988-11-22,1990-01-22,293,0.4692921647,0.5638207575,0.4672185768,-0.001647177121,0.01109834742,0.00256391978,0.1109834742,2000_2002,0,0.09576356289,0
HWM_RESERVE,UPRO,LAG1,50,staged,0.15,0.1,rule,1990-05-08,1990-08-03,61,-0.05648387909,-0.01368726313,-0.05621773129,6.71802072e-05,0,0,0,2000_2002,0,0.09576356289,0
HWM_RESERVE,UPRO,LAG1,50,staged,0.15,0.1,rule,1991-01-24,1991-11-19,208,0.4354040435,0.3438448481,0.4347878563,-0.0003514897742,0.005734689311,0.001434638132,0.05734689311,2000_2002,0,0.09576356289,0
HWM_RESERVE,UPRO,LAG1,50,staged,0.15,0.1,rule,1991-12-13,1992-04-08,80,0.1836609601,0.05472814185,0.1809730849,-0.0007282340463,0.02493501088,0.01700510687,0.2628374311,2000_2002,0,0.09576356289,0
HWM_RESERVE,UPRO,LAG1,50,staged,0.15,0.1,rule,1992-06-19,1992-10-02,73,0.1427052212,0.03909342999,0.1427052212,0,0,0,0,2000_2002,0,0.09576356289,0
HWM_RESERVE,UPRO,LAG1,50,staged,0.15,0.1,rule,1992-10-19,1994-03-25,363,0.2201178391,0.3273552315,0.2191458789,-0.001138937737,0.07332212457,0.01241119513,0.7332212457,2000_2002,0,0.09576356289,0
HWM_RESERVE,UPRO,LAG1,50,staged,0.15,0.1,rule,1994-12-21,1996-07-15,394,0.6638412549,1.229503882,0.6685837194,0.004457381513,0.3227792963,0.02499412734,3.227792963,2000_2002,0,0.09576356289,0
HWM_RESERVE,UPRO,LAG1,50,staged,0.15,0.1,rule,1996-07-30,1998-08-27,525,0.7355625057,2.190687564,0.749048123,0.01606303916,1.567120546,0.02127578536,15.67120546,2000_2002,0,0.09576356289,0
HWM_RESERVE,UPRO,LAG1,50,staged,0.15,0.1,rule,1998-10-29,1999-09-23,226,0.4414875998,0.3893360418,0.4405958168,-0.0005574274176,0.5463826015,0.007891329455,5.463826015,2000_2002,0,0.09576356289,0
HWM_RESERVE,UPRO,LAG1,50,staged,0.15,0.1,rule,1999-10-28,2000-02-18,78,-0.1729221411,-0.0556954821,-0.169088607,0.001430660568,0,0,0,2000_2002,0,0.09576356289,0
HWM_RESERVE,UPRO,LAG1,50,staged,0.15,0.1,rule,2003-04-17,2004-07-16,313,0.5851974966,0.7774446502,0.5851974966,0,0,0,0,2007_2009,0,0,
HWM_RESERVE,UPRO,LAG1,50,staged,0.15,0.1,rule,2004-10-27,2005-04-15,117,0.04670123769,0.02147134652,0.04670123769,0,0,0,0,2007_2009,0,0,
HWM_RESERVE,UPRO,LAG1,50,staged,0.15,0.1,rule,2005-05-16,2005-10-05,99,0.140681288,0.05250470691,0.140681288,0,0,0,0,2007_2009,0,0,
HWM_RESERVE,UPRO,LAG1,50,staged,0.15,0.1,rule,2005-10-31,2006-05-23,140,0.1422222545,0.07709736888,0.1422222545,0,0,0,0,2007_2009,0,0,
HWM_RESERVE,UPRO,LAG1,50,staged,0.15,0.1,rule,2006-08-15,2007-08-03,243,0.2518852281,0.2424883652,0.2518852281,0,0,0,0,2007_2009,0,0,
HWM_RESERVE,UPRO,LAG1,50,staged,0.15,0.1,rule,2009-07-13,2010-05-20,216,0.7359826613,0.599433137,0.7359826613,0,0,0,0,2020,0.3449725814,-0.136862249,
HWM_RESERVE,UPRO,LAG1,50,staged,0.15,0.1,rule,2010-09-13,2011-08-02,224,0.4251241745,0.3679049431,0.4251241745,0,0,0,0,2020,0.3449725814,-0.136862249,
HWM_RESERVE,UPRO,LAG1,50,staged,0.15,0.1,rule,2012-01-03,2012-06-01,104,-0.004259178832,-0.001751349593,-0.004259178832,0,0,0,0,2020,0.3449725814,-0.136862249,
HWM_RESERVE,UPRO,LAG1,50,staged,0.15,0.1,rule,2012-06-06,2012-11-08,107,0.3586492514,0.1389019889,0.3586492514,0,0,0,0,2020,0.3449725814,-0.136862249,
HWM_RESERVE,UPRO,LAG1,50,staged,0.15,0.1,rule,2012-11-19,2014-10-13,477,0.6153880596,1.481901905,0.6146325675,-0.0008875599,0.1168331842,0.00151119337,1.168331842,2020,0.3449725814,-0.136862249,
HWM_RESERVE,UPRO,LAG1,50,staged,0.15,0.1,rule,2014-10-21,2015-07-08,178,0.2397929328,0.1648737215,0.2391076426,-0.0003935759421,0.2647835195,0.005773262347,2.647835195,2020,0.3449725814,-0.136862249,
HWM_RESERVE,UPRO,LAG1,50,staged,0.15,0.1,rule,2016-03-16,2016-06-27,71,-0.1570451254,-0.04702713484,-0.157020256,8.319562609e-06,0,0,0,2020,0.3449725814,-0.136862249,
HWM_RESERVE,UPRO,LAG1,50,staged,0.15,0.1,rule,2016-06-28,2018-04-02,442,0.4833225407,0.9936852057,0.4798478222,-0.004128705946,2.477523812,0.02313830429,24.77523812,2020,0.3449725814,-0.136862249,
HWM_RESERVE,UPRO,LAG1,50,staged,0.15,0.1,rule,2018-04-03,2018-10-11,134,0.2162719215,0.1103967882,0.2217099831,0.002332853699,0.01042575595,0.0002151669597,0.1042575595,2020,0.3449725814,-0.136862249,
HWM_RESERVE,UPRO,LAG1,50,staged,0.15,0.1,rule,2019-06-04,2020-02-27,185,0.2048479547,0.1428927811,0.1996487984,-0.003173101182,0.4223978061,0.005428121317,4.223978061,2020,0.3449725814,-0.136862249,
HWM_RESERVE,UPRO,LAG1,50,staged,0.15,0.1,rule,2020-06-29,2022-01-21,395,0.9232111817,1.791088649,0.9281765314,0.004030962158,5.739352517,0.01828467068,57.39352517,2022,3.820509845,3.01771653,1.266026748
HWM_RESERVE,UPRO,LAG1,50,staged,0.15,0.1,rule,2023-03-20,2023-10-20,149,0.2384900826,0.1336750172,0.2387959529,0.0001446820289,0,0,0,,,,
HWM_RESERVE,UPRO,LAG1,50,staged,0.15,0.1,rule,2023-11-02,2025-03-10,336,0.5749253731,0.8390555474,0.5690404702,-0.005063242244,3.704565338,0.009806061954,37.04565338,,,,
HWM_RESERVE,UPRO,LAG1,50,staged,0.15,0.1,rule,2025-05-12,2026-03-19,214,0.3859397082,0.3200409296,0.3855504291,-0.0002391927354,3.243257723,0.01102581134,32.43257723,,,,
HWM_RESERVE,UPRO,LAG1,50,staged,0.15,0.1,rule,2026-04-08,2026-09-02,102,1.194641682,0.3765745142,1.212456937,0.003253859214,3.631421715,0.01676262708,44.59619988,,,,
ASYMMETRIC_RESERVE_BAND,UPRO,LAG1,50,staged,0.2,0.1,rule,1986-11-20,1987-10-15,227,0.2894165599,0.2637220645,0.2967366307,0.005099150846,0.2131566408,0.06212556324,0.7419714912,1987,0.1097660892,0.04729458969,2.320901606
ASYMMETRIC_RESERVE_BAND,UPRO,LAG1,50,staged,0.2,0.1,rule,1988-11-22,1990-01-22,293,0.5074236937,0.5638207575,0.4672185768,-0.03152988615,0.1939415917,0.04696810646,0.151319957,2000_2002,0,0.3700787214,0
ASYMMETRIC_RESERVE_BAND,UPRO,LAG1,50,staged,0.2,0.1,rule,1990-05-08,1990-08-03,61,-0.06079298966,-0.01368726313,-0.05621773129,0.001157517738,0,0,0,2000_2002,0,0.3700787214,0
ASYMMETRIC_RESERVE_BAND,UPRO,LAG1,50,staged,0.2,0.1,rule,1991-01-24,1991-11-19,208,0.4634654504,0.3438448481,0.4347878563,-0.01620061521,0.4193200606,0.1050113197,0.1345160826,2000_2002,0,0.3700787214,0
ASYMMETRIC_RESERVE_BAND,UPRO,LAG1,50,staged,0.2,0.1,rule,1991-12-13,1992-04-08,80,0.1662082184,0.05472814185,0.1809730849,0.004030085402,0.1727429752,0.1220014726,0.2682264,2000_2002,0,0.3700787214,0
ASYMMETRIC_RESERVE_BAND,UPRO,LAG1,50,staged,0.2,0.1,rule,1992-06-19,1992-10-02,73,0.1427052212,0.03909342999,0.1427052212,0,0,0,0,2000_2002,0,0.3700787214,0
ASYMMETRIC_RESERVE_BAND,UPRO,LAG1,50,staged,0.2,0.1,rule,1992-10-19,1994-03-25,363,0.2127654,0.3273552315,0.2191458789,0.007499232567,0.5025504028,0.08897559346,0.731657233,2000_2002,0,0.3700787214,0
ASYMMETRIC_RESERVE_BAND,UPRO,LAG1,50,staged,0.2,0.1,rule,1994-12-21,1996-07-15,394,0.6269411693,1.229503882,0.6685837194,0.03957962157,0.3029367262,0.02398204231,3.142434731,2000_2002,0,0.3700787214,0
ASYMMETRIC_RESERVE_BAND,UPRO,LAG1,50,staged,0.2,0.1,rule,1996-07-30,1998-08-27,525,0.6987154004,2.190687564,0.749048123,0.06059723166,1.920432079,0.02785932841,14.69601442,2000_2002,0,0.3700787214,0
ASYMMETRIC_RESERVE_BAND,UPRO,LAG1,50,staged,0.2,0.1,rule,1998-10-29,1999-09-23,226,0.4714742644,0.3893360418,0.4405958168,-0.01910317623,4.100967288,0.06544602058,4.936661957,2000_2002,0,0.3700787214,0
ASYMMETRIC_RESERVE_BAND,UPRO,LAG1,50,staged,0.2,0.1,rule,1999-10-28,2000-02-18,78,-0.1846658893,-0.0556954821,-0.169088607,0.005855018403,0,0,0,2000_2002,0,0.3700787214,0
ASYMMETRIC_RESERVE_BAND,UPRO,LAG1,50,staged,0.2,0.1,rule,2003-04-17,2004-07-16,313,0.5851974966,0.7774446502,0.5851974966,0,0,0,0,2007_2009,0,0,
ASYMMETRIC_RESERVE_BAND,UPRO,LAG1,50,staged,0.2,0.1,rule,2004-10-27,2005-04-15,117,0.04670123769,0.02147134652,0.04670123769,0,0,0,0,2007_2009,0,0,
ASYMMETRIC_RESERVE_BAND,UPRO,LAG1,50,staged,0.2,0.1,rule,2005-05-16,2005-10-05,99,0.140681288,0.05250470691,0.140681288,0,0,0,0,2007_2009,0,0,
ASYMMETRIC_RESERVE_BAND,UPRO,LAG1,50,staged,0.2,0.1,rule,2005-10-31,2006-05-23,140,0.1422222545,0.07709736888,0.1422222545,0,0,0,0,2007_2009,0,0,
ASYMMETRIC_RESERVE_BAND,UPRO,LAG1,50,staged,0.2,0.1,rule,2006-08-15,2007-08-03,243,0.2518852281,0.2424883652,0.2518852281,0,0,0,0,2007_2009,0,0,
ASYMMETRIC_RESERVE_BAND,UPRO,LAG1,50,staged,0.2,0.1,rule,2009-07-13,2010-05-20,216,0.7359826613,0.599433137,0.7359826613,0,0,0,0,2020,0.9138106558,3.694580677,0.2473381246
ASYMMETRIC_RESERVE_BAND,UPRO,LAG1,50,staged,0.2,0.1,rule,2010-09-13,2011-08-02,224,0.4251241745,0.3679049431,0.4251241745,0,0,0,0,2020,0.9138106558,3.694580677,0.2473381246
ASYMMETRIC_RESERVE_BAND,UPRO,LAG1,50,staged,0.2,0.1,rule,2012-01-03,2012-06-01,104,-0.004259178832,-0.001751349593,-0.004259178832,0,0,0,0,2020,0.9138106558,3.694580677,0.2473381246
ASYMMETRIC_RESERVE_BAND,UPRO,LAG1,50,staged,0.2,0.1,rule,2012-06-06,2012-11-08,107,0.3586492514,0.1389019889,0.3586492514,0,0,0,0,2020,0.9138106558,3.694580677,0.2473381246
ASYMMETRIC_RESERVE_BAND,UPRO,LAG1,50,staged,0.2,0.1,rule,2012-11-19,2014-10-13,477,0.5866185249,1.481901905,0.6146325675,0.03320780248,1.514208049,0.02203895722,0.4777892671,2020,0.9138106558,3.694580677,0.2473381246
ASYMMETRIC_RESERVE_BAND,UPRO,LAG1,50,staged,0.2,0.1,rule,2014-10-21,2015-07-08,178,0.2493262463,0.1648737215,0.2391076426,-0.005846298823,4.922762049,0.1245154753,2.579902268,2020,0.9138106558,3.694580677,0.2473381246
ASYMMETRIC_RESERVE_BAND,UPRO,LAG1,50,staged,0.2,0.1,rule,2016-03-16,2016-06-27,71,-0.1574549266,-0.04702713484,-0.157020256,0.000145446105,0,0,0,2020,0.9138106558,3.694580677,0.2473381246
ASYMMETRIC_RESERVE_BAND,UPRO,LAG1,50,staged,0.2,0.1,rule,2016-06-28,2018-04-02,442,0.4566344521,0.9936852057,0.4798478222,0.02783367823,2.726819909,0.02856436115,21.85691391,2020,0.9138106558,3.694580677,0.2473381246
ASYMMETRIC_RESERVE_BAND,UPRO,LAG1,50,staged,0.2,0.1,rule,2018-04-03,2018-10-11,134,0.2149671443,0.1103967882,0.2217099831,0.002894136668,0,0,0.2693952337,2020,0.9138106558,3.694580677,0.2473381246
ASYMMETRIC_RESERVE_BAND,UPRO,LAG1,50,staged,0.2,0.1,rule,2019-06-04,2020-02-27,185,0.2503688737,0.1428927811,0.1996487984,-0.03038416393,4.840165834,0.0700949182,3.178874505,2020,0.9138106558,3.694580677,0.2473381246
ASYMMETRIC_RESERVE_BAND,UPRO,LAG1,50,staged,0.2,0.1,rule,2020-06-29,2022-01-21,395,0.8779253901,1.791088649,0.9281765314,0.04128256106,5.444031553,0.01935691462,52.76557484,2022,0.4660098048,8.022852317,0.05808530263
ASYMMETRIC_RESERVE_BAND,UPRO,LAG1,50,staged,0.2,0.1,rule,2023-03-20,2023-10-20,149,0.2384770854,0.1336750172,0.2387959529,0.0001508307429,0,0,0,,,,
ASYMMETRIC_RESERVE_BAND,UPRO,LAG1,50,staged,0.2,0.1,rule,2023-11-02,2025-03-10,336,0.5642083064,0.8390555474,0.5690404702,0.004171707374,9.797505838,0.03053761489,30.26161053,,,,
ASYMMETRIC_RESERVE_BAND,UPRO,LAG1,50,staged,0.2,0.1,rule,2025-05-12,2026-03-19,214,0.3767686199,0.3200409296,0.3855504291,0.005413919306,13.82512082,0.05611353745,28.14444671,,,,
ASYMMETRIC_RESERVE_BAND,UPRO,LAG1,50,staged,0.2,0.1,rule,2026-04-08,2026-09-02,102,1.132014334,0.3765745142,1.212456937,0.01490582212,33.38799447,0.1841408401,38.42864188,,,,
HWM_DRAWDOWN,UPRO,LAG1,50,drawdown,0.15,0.1,rule,1986-11-20,1987-10-15,227,0.3069692121,0.2637220645,0.2967366307,-0.007079966391,0.07727472887,0.021316,0.7727472887,1987,0.06552290808,0.02087933353,3.138170478
HWM_DRAWDOWN,UPRO,LAG1,50,drawdown,0.15,0.1,rule,1988-11-22,1990-01-22,293,0.4489313444,0.5638207575,0.4672185768,0.01462827781,0.01078591313,0.002591734517,0.1078591313,2000_2002,1.345671835,0.8983166453,1.497992765
HWM_DRAWDOWN,UPRO,LAG1,50,drawdown,0.15,0.1,rule,1990-05-08,1990-08-03,61,-0.04975136214,-0.01368726313,-0.05621773129,-0.001626425382,0,0,0,2000_2002,1.345671835,0.8983166453,1.497992765
HWM_DRAWDOWN,UPRO,LAG1,50,drawdown,0.15,0.1,rule,1991-01-24,1991-11-19,208,0.4153800157,0.3438448481,0.4347878563,0.01114870564,0.006187902985,0.001619251021,0.06187902985,2000_2002,1.345671835,0.8983166453,1.497992765
HWM_DRAWDOWN,UPRO,LAG1,50,drawdown,0.15,0.1,rule,1991-12-13,1992-04-08,80,0.1820398585,0.05472814185,0.1809730849,-0.0002892223385,0.02523288762,0.01806086748,0.2523288762,2000_2002,1.345671835,0.8983166453,1.497992765
HWM_DRAWDOWN,UPRO,LAG1,50,drawdown,0.15,0.1,rule,1992-06-19,1992-10-02,73,0.1365066118,0.03909342999,0.1427052212,0.001563650615,0,0,0,2000_2002,1.345671835,0.8983166453,1.497992765
HWM_DRAWDOWN,UPRO,LAG1,50,drawdown,0.15,0.1,rule,1992-10-19,1994-03-25,363,0.2103852384,0.3273552315,0.2191458789,0.01030684045,0.06945447279,0.01248443283,0.6945447279,2000_2002,1.345671835,0.8983166453,1.497992765
HWM_DRAWDOWN,UPRO,LAG1,50,drawdown,0.15,0.1,rule,1994-12-21,1996-07-15,394,0.6219250476,1.229503882,0.6685837194,0.04441546672,0.2987353644,0.0250788324,2.987353644,2000_2002,1.345671835,0.8983166453,1.497992765
HWM_DRAWDOWN,UPRO,LAG1,50,drawdown,0.15,0.1,rule,1996-07-30,1998-08-27,525,0.6796024794,2.190687564,0.749048123,0.08407950631,1.351568141,0.02123923364,13.51568141,2000_2002,1.345671835,0.8983166453,1.497992765
HWM_DRAWDOWN,UPRO,LAG1,50,drawdown,0.15,0.1,rule,1998-10-29,1999-09-23,226,0.3893938472,0.3893360418,0.4405958168,0.03259754412,0.3759457132,0.006957695333,3.759457132,2000_2002,1.345671835,0.8983166453,1.497992765
HWM_DRAWDOWN,UPRO,LAG1,50,drawdown,0.15,0.1,rule,1999-10-28,2000-02-18,78,-0.1399919299,-0.0556954821,-0.169088607,-0.01064833135,0,0,0,2000_2002,1.345671835,0.8983166453,1.497992765
HWM_DRAWDOWN,UPRO,LAG1,50,drawdown,0.15,0.1,rule,2003-04-17,2004-07-16,313,0.5304275285,0.7774446502,0.5851974966,0.04389819468,0,0,0,2007_2009,0.5411588479,0.01308458629,41.35849893
HWM_DRAWDOWN,UPRO,LAG1,50,drawdown,0.15,0.1,rule,2004-10-27,2005-04-15,117,0.0453299362,0.02147134652,0.04670123769,0.000610173792,0,0,0,2007_2009,0.5411588479,0.01308458629,41.35849893
HWM_DRAWDOWN,UPRO,LAG1,50,drawdown,0.15,0.1,rule,2005-05-16,2005-10-05,99,0.1336738312,0.05250470691,0.140681288,0.002395695663,0,0,0,2007_2009,0.5411588479,0.01308458629,41.35849893
HWM_DRAWDOWN,UPRO,LAG1,50,drawdown,0.15,0.1,rule,2005-10-31,2006-05-23,140,0.136192745,0.07709736888,0.1422222545,0.002956106675,0,0,0,2007_2009,0.5411588479,0.01308458629,41.35849893
HWM_DRAWDOWN,UPRO,LAG1,50,drawdown,0.15,0.1,rule,2006-08-15,2007-08-03,243,0.2395519992,0.2424883652,0.2518852281,0.009568522117,0,0,0,2007_2009,0.5411588479,0.01308458629,41.35849893
HWM_DRAWDOWN,UPRO,LAG1,50,drawdown,0.15,0.1,rule,2009-07-13,2010-05-20,216,0.7359826613,0.599433137,0.7359826613,0,0,0,0,2020,4.046280353,1.932510817,2.093794414
HWM_DRAWDOWN,UPRO,LAG1,50,drawdown,0.15,0.1,rule,2010-09-13,2011-08-02,224,0.4251241745,0.3679049431,0.4251241745,0,0,0,0,2020,4.046280353,1.932510817,2.093794414
HWM_DRAWDOWN,UPRO,LAG1,50,drawdown,0.15,0.1,rule,2012-01-03,2012-06-01,104,-0.004259178832,-0.001751349593,-0.004259178832,0,0,0,0,2020,4.046280353,1.932510817,2.093794414
HWM_DRAWDOWN,UPRO,LAG1,50,drawdown,0.15,0.1,rule,2012-06-06,2012-11-08,107,0.3586492514,0.1389019889,0.3586492514,0,0,0,0,2020,4.046280353,1.932510817,2.093794414
HWM_DRAWDOWN,UPRO,LAG1,50,drawdown,0.15,0.1,rule,2012-11-19,2014-10-13,477,0.6164255707,1.481901905,0.6146325675,-0.002105762258,0.8116429126,0.009604346815,8.116429126,2020,4.046280353,1.932510817,2.093794414
HWM_DRAWDOWN,UPRO,LAG1,50,drawdown,0.15,0.1,rule,2014-10-21,2015-07-08,178,0.2327427513,0.1648737215,0.2391076426,0.003665919215,0.2801800345,0.005726113115,2.801800345,2020,4.046280353,1.932510817,2.093794414
HWM_DRAWDOWN,UPRO,LAG1,50,drawdown,0.15,0.1,rule,2016-03-16,2016-06-27,71,-0.1505691232,-0.04702713484,-0.157020256,-0.002149855838,0,0,0,2020,4.046280353,1.932510817,2.093794414
HWM_DRAWDOWN,UPRO,LAG1,50,drawdown,0.15,0.1,rule,2016-06-28,2018-04-02,442,0.4649633196,0.9936852057,0.4798478222,0.01779636559,2.634013696,0.02315319774,26.34013696,2020,4.046280353,1.932510817,2.093794414
HWM_DRAWDOWN,UPRO,LAG1,50,drawdown,0.15,0.1,rule,2018-04-03,2018-10-11,134,0.2045682898,0.1103967882,0.2217099831,0.007389132829,0,0,0,2020,4.046280353,1.932510817,2.093794414
HWM_DRAWDOWN,UPRO,LAG1,50,drawdown,0.15,0.1,rule,2019-06-04,2020-02-27,185,0.1874032214,0.1428927811,0.1996487984,0.007528279705,0.3733767615,0.004766243518,3.733767615,2020,4.046280353,1.932510817,2.093794414
HWM_DRAWDOWN,UPRO,LAG1,50,drawdown,0.15,0.1,rule,2020-06-29,2022-01-21,395,0.8785505907,1.791088649,0.9281765314,0.04076218821,6.25675939,0.01882156283,62.5675939,2022,0.7261522957,8.411406265,0.08632947605
HWM_DRAWDOWN,UPRO,LAG1,50,drawdown,0.15,0.1,rule,2023-03-20,2023-10-20,149,0.2205029106,0.1336750172,0.2387959529,0.008716380563,0,0,0,,,,
HWM_DRAWDOWN,UPRO,LAG1,50,drawdown,0.15,0.1,rule,2023-11-02,2025-03-10,336,0.5312010151,0.8390555474,0.5690404702,0.03301700211,3.805868505,0.009857177728,38.05868505,,,,
HWM_DRAWDOWN,UPRO,LAG1,50,drawdown,0.15,0.1,rule,2025-05-12,2026-03-19,214,0.3597530545,0.3200409296,0.3855504291,0.01600287787,3.174649259,0.01084588557,31.74649259,,,,
HWM_DRAWDOWN,UPRO,LAG1,50,drawdown,0.15,0.1,rule,2026-04-08,2026-09-02,102,1.091189058,0.3765745142,1.212456937,0.02268722257,4.349796018,0.02062085973,43.49796018,,,,
BAND_DRAWDOWN,UPRO,LAG1,50,drawdown,0.2,0.1,rule,1986-11-20,1987-10-15,227,0.274158604,0.2637220645,0.2967366307,0.01582152844,0,0,0.730210932,1987,0.1199707511,0.05719330538,2.097636258
BAND_DRAWDOWN,UPRO,LAG1,50,drawdown,0.2,0.1,rule,1988-11-22,1990-01-22,293,0.4710739145,0.5638207575,0.4672185768,-0.00306067361,0.125003202,0.03185069871,0.1032022901,2000_2002,1.153615463,0.8011157009,1.440011052
BAND_DRAWDOWN,UPRO,LAG1,50,drawdown,0.2,0.1,rule,1990-05-08,1990-08-03,61,-0.038521429,-0.01368726313,-0.05621773129,-0.004424860668,0,0,0,2000_2002,1.153615463,0.8011157009,1.440011052
BAND_DRAWDOWN,UPRO,LAG1,50,drawdown,0.2,0.1,rule,1991-01-24,1991-11-19,208,0.3799974523,0.3438448481,0.4347878563,0.03187315441,0,0,0.07711578883,2000_2002,1.153615463,0.8011157009,1.440011052
BAND_DRAWDOWN,UPRO,LAG1,50,drawdown,0.2,0.1,rule,1991-12-13,1992-04-08,80,0.1645987666,0.05472814185,0.1809730849,0.004472467296,0,0,0.2348872142,2000_2002,1.153615463,0.8011157009,1.440011052
BAND_DRAWDOWN,UPRO,LAG1,50,drawdown,0.2,0.1,rule,1992-06-19,1992-10-02,73,0.1305540512,0.03909342999,0.1427052212,0.003073281428,0,0,0,2000_2002,1.153615463,0.8011157009,1.440011052
BAND_DRAWDOWN,UPRO,LAG1,50,drawdown,0.2,0.1,rule,1992-10-19,1994-03-25,363,0.2004716442,0.3273552315,0.2191458789,0.02206048167,0,0,0.660575723,2000_2002,1.153615463,0.8011157009,1.440011052
BAND_DRAWDOWN,UPRO,LAG1,50,drawdown,0.2,0.1,rule,1994-12-21,1996-07-15,394,0.6147641366,1.229503882,0.6685837194,0.05134499683,0.219315842,0.0190395881,2.890282342,2000_2002,1.153615463,0.8011157009,1.440011052
BAND_DRAWDOWN,UPRO,LAG1,50,drawdown,0.2,0.1,rule,1996-07-30,1998-08-27,525,0.6826709116,2.190687564,0.749048123,0.08029165778,0.4780160909,0.007437937557,13.58451003,2000_2002,1.153615463,0.8011157009,1.440011052
BAND_DRAWDOWN,UPRO,LAG1,50,drawdown,0.2,0.1,rule,1998-10-29,1999-09-23,226,0.4260953217,0.3893360418,0.4405958168,0.009112578883,0.9993203876,0.01814114539,3.719789155,2000_2002,1.153615463,0.8011157009,1.440011052
BAND_DRAWDOWN,UPRO,LAG1,50,drawdown,0.2,0.1,rule,1999-10-28,2000-02-18,78,-0.1437961295,-0.0556954821,-0.169088607,-0.009276782445,0,0,0,2000_2002,1.153615463,0.8011157009,1.440011052
BAND_DRAWDOWN,UPRO,LAG1,50,drawdown,0.2,0.1,rule,2003-04-17,2004-07-16,313,0.5364801851,0.7774446502,0.5851974966,0.03897042382,0,0,0,2007_2009,0.4624745329,0.01117229159,41.39477824
BAND_DRAWDOWN,UPRO,LAG1,50,drawdown,0.2,0.1,rule,2004-10-27,2005-04-15,117,0.04548647979,0.02147134652,0.04670123769,0.0005404777543,0,0,0,2007_2009,0.4624745329,0.01117229159,41.39477824
BAND_DRAWDOWN,UPRO,LAG1,50,drawdown,0.2,0.1,rule,2005-05-16,2005-10-05,99,0.1344713695,0.05250470691,0.140681288,0.002122289165,0,0,0,2007_2009,0.4624745329,0.01117229159,41.39477824
BAND_DRAWDOWN,UPRO,LAG1,50,drawdown,0.2,0.1,rule,2005-10-31,2006-05-23,140,0.1368811196,0.07709736888,0.1422222545,0.002617822853,0,0,0,2007_2009,0.4624745329,0.01117229159,41.39477824
BAND_DRAWDOWN,UPRO,LAG1,50,drawdown,0.2,0.1,rule,2006-08-15,2007-08-03,243,0.2409608478,0.2424883652,0.2518852281,0.008470686423,0,0,0,2007_2009,0.4624745329,0.01117229159,41.39477824
BAND_DRAWDOWN,UPRO,LAG1,50,drawdown,0.2,0.1,rule,2009-07-13,2010-05-20,216,0.7359826613,0.599433137,0.7359826613,0,0,0,0,2020,1.537760722,5.409955016,0.2842464895
BAND_DRAWDOWN,UPRO,LAG1,50,drawdown,0.2,0.1,rule,2010-09-13,2011-08-02,224,0.4251241745,0.3679049431,0.4251241745,0,0,0,0,2020,1.537760722,5.409955016,0.2842464895
BAND_DRAWDOWN,UPRO,LAG1,50,drawdown,0.2,0.1,rule,2012-01-03,2012-06-01,104,-0.004259178832,-0.001751349593,-0.004259178832,0,0,0,0,2020,1.537760722,5.409955016,0.2842464895
BAND_DRAWDOWN,UPRO,LAG1,50,drawdown,0.2,0.1,rule,2012-06-06,2012-11-08,107,0.3586492514,0.1389019889,0.3586492514,0,0,0,0,2020,1.537760722,5.409955016,0.2842464895
BAND_DRAWDOWN,UPRO,LAG1,50,drawdown,0.2,0.1,rule,2012-11-19,2014-10-13,477,0.5866185249,1.481901905,0.6146325675,0.03320780248,1.657644121,0.02203895722,5.78926715,2020,1.537760722,5.409955016,0.2842464895
BAND_DRAWDOWN,UPRO,LAG1,50,drawdown,0.2,0.1,rule,2014-10-21,2015-07-08,178,0.2225248428,0.1648737215,0.2391076426,0.009590788931,0,0,2.510824179,2020,1.537760722,5.409955016,0.2842464895
BAND_DRAWDOWN,UPRO,LAG1,50,drawdown,0.2,0.1,rule,2016-03-16,2016-06-27,71,-0.1464419211,-0.04702713484,-0.157020256,-0.003516708654,0,0,0,2020,1.537760722,5.409955016,0.2842464895
BAND_DRAWDOWN,UPRO,LAG1,50,drawdown,0.2,0.1,rule,2016-06-28,2018-04-02,442,0.4395920904,0.9936852057,0.4798478222,0.04855192516,1.540396096,0.01524227831,23.18455371,2020,1.537760722,5.409955016,0.2842464895
BAND_DRAWDOWN,UPRO,LAG1,50,drawdown,0.2,0.1,rule,2018-04-03,2018-10-11,134,0.2056447571,0.1103967882,0.2217099831,0.00692202349,0,0,0,2020,1.537760722,5.409955016,0.2842464895
BAND_DRAWDOWN,UPRO,LAG1,50,drawdown,0.2,0.1,rule,2019-06-04,2020-02-27,185,0.1842457373,0.1428927811,0.1996487984,0.009482014388,0,0,3.375716437,2020,1.537760722,5.409955016,0.2842464895
BAND_DRAWDOWN,UPRO,LAG1,50,drawdown,0.2,0.1,rule,2020-06-29,2022-01-21,395,0.8571290451,1.791088649,0.9281765314,0.05869142559,4.12685298,0.01412557105,53.92055878,2022,-1.763419246,9.968663466,-0.1768962561
BAND_DRAWDOWN,UPRO,LAG1,50,drawdown,0.2,0.1,rule,2023-03-20,2023-10-20,149,0.2244026,0.1336750172,0.2387959529,0.006847326516,0,0,0,,,,
BAND_DRAWDOWN,UPRO,LAG1,50,drawdown,0.2,0.1,rule,2023-11-02,2025-03-10,336,0.5324173524,0.8390555474,0.5690404702,0.03194304708,5.791443761,0.0174837601,31.36326302,,,,
BAND_DRAWDOWN,UPRO,LAG1,50,drawdown,0.2,0.1,rule,2025-05-12,2026-03-19,214,0.3521709466,0.3200409296,0.3855504291,0.02076404843,0,0,27.58745355,,,,
BAND_DRAWDOWN,UPRO,LAG1,50,drawdown,0.2,0.1,rule,2026-04-08,2026-09-02,102,1.107292519,0.3765745142,1.212456937,0.01959986998,0,0,38.44495789,,,,
NO_RESERVE,UPRO,LAG2,0,staged,0.15,0.1,rule,1986-11-21,1987-10-16,227,0.02661409964,0.02394137173,0.02661409964,0,0,0,0.7794681865,1987,0,0,
NO_RESERVE,UPRO,LAG2,0,staged,0.15,0.1,rule,1988-11-23,1990-01-23,293,0.4620668073,0.5574183843,0.4620668073,0,0,0,0.1578688822,2000_2002,0,0,
NO_RESERVE,UPRO,LAG2,0,staged,0.15,0.1,rule,1990-05-09,1990-08-06,61,-0.3653038339,-0.1048589383,-0.3653038339,0,0,0,0,2000_2002,0,0,
NO_RESERVE,UPRO,LAG2,0,staged,0.15,0.1,rule,1991-01-25,1991-11-20,208,0.4115886527,0.3260310739,0.4115886527,0,0,0,0,2000_2002,0,0,
NO_RESERVE,UPRO,LAG2,0,staged,0.15,0.1,rule,1991-12-16,1992-04-09,80,0.3948611671,0.1104678533,0.3948611671,0,0,0,0.2488312023,2000_2002,0,0,
NO_RESERVE,UPRO,LAG2,0,staged,0.15,0.1,rule,1992-06-22,1992-10-05,73,0.09282542987,0.02584645811,0.09282542987,0,0,0,0,2000_2002,0,0,
NO_RESERVE,UPRO,LAG2,0,staged,0.15,0.1,rule,1992-10-20,1994-03-28,363,0.2156522375,0.3233367293,0.2156522375,0,0,0,0.8556704077,2000_2002,0,0,
NO_RESERVE,UPRO,LAG2,0,staged,0.15,0.1,rule,1994-12-22,1996-07-16,394,0.6662684735,1.224661126,0.6662684735,0,0,0,3.828474432,2000_2002,0,0,
NO_RESERVE,UPRO,LAG2,0,staged,0.15,0.1,rule,1996-07-31,1998-08-28,525,0.6968930085,1.996400155,0.6968930085,0,0,0,18.56167489,2000_2002,0,0,
NO_RESERVE,UPRO,LAG2,0,staged,0.15,0.1,rule,1998-10-30,1999-09-24,226,0.3829651862,0.3391713234,0.3829651862,0,0,0,7.617354185,2000_2002,0,0,
NO_RESERVE,UPRO,LAG2,0,staged,0.15,0.1,rule,1999-10-29,2000-02-22,78,-0.2340943989,-0.08121237702,-0.2340943989,0,0,0,0,2000_2002,0,0,
NO_RESERVE,UPRO,LAG2,0,staged,0.15,0.1,rule,2003-04-21,2004-07-19,313,0.5984457076,0.7937047764,0.5984457076,0,0,0,0,2007_2009,0,0,
NO_RESERVE,UPRO,LAG2,0,staged,0.15,0.1,rule,2004-10-28,2005-04-18,117,0.06171818846,0.02860357193,0.06171818846,0,0,0,0,2007_2009,0,0,
NO_RESERVE,UPRO,LAG2,0,staged,0.15,0.1,rule,2005-05-17,2005-10-06,99,0.06027034368,0.02301344003,0.06027034368,0,0,0,0,2007_2009,0,0,
NO_RESERVE,UPRO,LAG2,0,staged,0.15,0.1,rule,2005-11-01,2006-05-24,140,0.1847338431,0.09930651329,0.1847338431,0,0,0,0,2007_2009,0,0,
NO_RESERVE,UPRO,LAG2,0,staged,0.15,0.1,rule,2006-08-16,2007-08-06,243,0.3176007673,0.3074417491,0.3176007673,0,0,0,1.45146687,2007_2009,0,0,
NO_RESERVE,UPRO,LAG2,0,staged,0.15,0.1,rule,2009-07-14,2010-05-21,216,0.8052549996,0.6536183912,0.8052549996,0,0,0,0,2020,0,0,
NO_RESERVE,UPRO,LAG2,0,staged,0.15,0.1,rule,2010-09-14,2011-08-03,224,0.4629477614,0.3999615502,0.4629477614,0,0,0,0,2020,0,0,
NO_RESERVE,UPRO,LAG2,0,staged,0.15,0.1,rule,2012-01-04,2012-06-04,104,0.0055947711,0.002324491104,0.0055947711,0,0,0,0,2020,0,0,
NO_RESERVE,UPRO,LAG2,0,staged,0.15,0.1,rule,2012-06-07,2012-11-09,107,0.3923969986,0.1508223506,0.3923969986,0,0,0,1.116993026,2020,0,0,
NO_RESERVE,UPRO,LAG2,0,staged,0.15,0.1,rule,2012-11-20,2014-10-14,477,0.6210429806,1.500630825,0.6210429806,0,0,0,56.99955411,2020,0,0,
NO_RESERVE,UPRO,LAG2,0,staged,0.15,0.1,rule,2014-10-22,2015-07-09,178,0.2989720517,0.2046614795,0.2989720517,0,0,0,11.37126865,2020,0,0,
NO_RESERVE,UPRO,LAG2,0,staged,0.15,0.1,rule,2016-03-17,2016-06-28,71,-0.03555662258,-0.0101575819,-0.03555662258,0,0,0,0,2020,0,0,
NO_RESERVE,UPRO,LAG2,0,staged,0.15,0.1,rule,2016-06-29,2018-04-03,442,0.4731462949,0.9778185511,0.4731462949,0,0,0,87.66854372,2020,0,0,
NO_RESERVE,UPRO,LAG2,0,staged,0.15,0.1,rule,2018-04-04,2018-10-12,134,0.2517758401,0.1246037259,0.2517758401,0,0,0,0,2020,0,0,
NO_RESERVE,UPRO,LAG2,0,staged,0.15,0.1,rule,2019-06-05,2020-02-28,185,0.129786192,0.09366846623,0.129786192,0,0,0,54.26592174,2020,0,0,
NO_RESERVE,UPRO,LAG2,0,staged,0.15,0.1,rule,2020-06-30,2022-01-24,395,0.8846251808,1.702525489,0.8846251808,0,0,0,360.9032649,2022,0,0,
NO_RESERVE,UPRO,LAG2,0,staged,0.15,0.1,rule,2023-03-21,2023-10-23,149,0.1569885227,0.09006216553,0.1569885227,0,0,0,0,,,,
NO_RESERVE,UPRO,LAG2,0,staged,0.15,0.1,rule,2023-11-03,2025-03-11,336,0.5167845228,0.7567066673,0.5167845228,0,0,0,189.9187549,,,,
NO_RESERVE,UPRO,LAG2,0,staged,0.15,0.1,rule,2025-05-13,2026-03-20,214,0.2868026565,0.2394993795,0.2868026565,0,0,0,144.1572523,,,,
NO_RESERVE,UPRO,LAG2,0,staged,0.15,0.1,rule,2026-04-09,2026-09-02,101,1.151909676,0.3584338441,1.151909676,0,0,0,186.0713704,,,,
FIXED_90_10,UPRO,LAG2,0,staged,0.15,0.1,quarterly,1986-11-21,1987-10-16,227,0.05655115863,0.02394137173,0.02661409964,-0.02589112839,0.0788665829,0.02389544554,0.7051194537,1987,0.1239695993,0.05818577278,2.130582672
FIXED_90_10,UPRO,LAG2,0,staged,0.15,0.1,quarterly,1988-11-23,1990-01-23,293,0.4286505416,0.5574183843,0.4620668073,0.02696627777,0.07690827324,0.01908579695,0.2088839857,2000_2002,0.4873637391,2.562384531,0.190199298
FIXED_90_10,UPRO,LAG2,0,staged,0.15,0.1,quarterly,1990-05-09,1990-08-06,61,-0.3219843391,-0.1048589383,-0.3653038339,-0.01608797885,0.01241746136,0.01409451563,0,2000_2002,0.4873637391,2.562384531,0.190199298
FIXED_90_10,UPRO,LAG2,0,staged,0.15,0.1,quarterly,1991-01-25,1991-11-20,208,0.3785744478,0.3260310739,0.4115886527,0.01937324987,0.05525616976,0.01525766116,0.03587516803,2000_2002,0.4873637391,2.562384531,0.190199298
FIXED_90_10,UPRO,LAG2,0,staged,0.15,0.1,quarterly,1991-12-16,1992-04-09,80,0.3600970869,0.1104678533,0.3948611671,0.007946509103,0.02943906978,0.02100550902,0.251515538,2000_2002,0.4873637391,2.562384531,0.190199298
FIXED_90_10,UPRO,LAG2,0,staged,0.15,0.1,quarterly,1992-06-22,1992-10-05,73,0.08721477375,0.02584645811,0.09282542987,0.001479718754,0.007954588277,0.008067849593,0,2000_2002,0.4873637391,2.562384531,0.190199298
FIXED_90_10,UPRO,LAG2,0,staged,0.15,0.1,quarterly,1992-10-20,1994-03-28,363,0.1966467812,0.3233367293,0.2156522375,0.02260618114,0.05957257809,0.01084620969,0.7842238525,2000_2002,0.4873637391,2.562384531,0.190199298
FIXED_90_10,UPRO,LAG2,0,staged,0.15,0.1,quarterly,1994-12-22,1996-07-16,394,0.6020796323,1.224661126,0.6662684735,0.0615209277,0.3558072229,0.02817784314,3.351076002,2000_2002,0.4873637391,2.562384531,0.190199298
FIXED_90_10,UPRO,LAG2,0,staged,0.15,0.1,quarterly,1996-07-31,1998-08-28,525,0.6323939352,1.996400155,0.6968930085,0.08042027731,1.263803091,0.01822465196,14.79837215,2000_2002,0.4873637391,2.562384531,0.190199298
FIXED_90_10,UPRO,LAG2,0,staged,0.15,0.1,quarterly,1998-10-30,1999-09-24,226,0.3622302088,0.3391713234,0.3829651862,0.01360737122,1.129594182,0.01754710869,6.204333891,2000_2002,0.4873637391,2.562384531,0.190199298
FIXED_90_10,UPRO,LAG2,0,staged,0.15,0.1,quarterly,1999-10-29,2000-02-22,78,-0.1977643655,-0.08121237702,-0.2340943989,-0.01471824749,0.3265165684,0.01781063798,0,2000_2002,0.4873637391,2.562384531,0.190199298
FIXED_90_10,UPRO,LAG2,0,staged,0.15,0.1,quarterly,2003-04-21,2004-07-19,313,0.5358912142,0.7937047764,0.5984457076,0.04973036793,0.8896762714,0.01964450367,0,2007_2009,1.016725848,0.292291086,3.478470253
FIXED_90_10,UPRO,LAG2,0,staged,0.15,0.1,quarterly,2004-10-28,2005-04-18,117,0.0604126748,0.02860357193,0.06171818846,0.0005793987213,0.2042896234,0.01325298866,0,2007_2009,1.016725848,0.292291086,3.478470253
FIXED_90_10,UPRO,LAG2,0,staged,0.15,0.1,quarterly,2005-05-17,2005-10-06,99,0.05912813862,0.02301344003,0.06027034368,0.000419043992,0.1717662449,0.01391609721,0,2007_2009,1.016725848,0.292291086,3.478470253
FIXED_90_10,UPRO,LAG2,0,staged,0.15,0.1,quarterly,2005-11-01,2006-05-24,140,0.1708106536,0.09930651329,0.1847338431,0.006602712929,0.1788831356,0.009381797067,0,2007_2009,1.016725848,0.292291086,3.478470253
FIXED_90_10,UPRO,LAG2,0,staged,0.15,0.1,quarterly,2006-08-16,2007-08-06,243,0.2918055886,0.3074417491,0.3176007673,0.01921671263,0.7243964988,0.01656872363,2.696719971,2007_2009,1.016725848,0.292291086,3.478470253
FIXED_90_10,UPRO,LAG2,0,staged,0.15,0.1,quarterly,2009-07-14,2010-05-21,216,0.7232219303,0.6536183912,0.8052549996,0.03959862482,1.132499604,0.02223314275,0,2020,4.388359662,38.63240006,0.1135927267
FIXED_90_10,UPRO,LAG2,0,staged,0.15,0.1,quarterly,2010-09-14,2011-08-03,224,0.419176378,0.3999615502,0.4629477614,0.02686292359,1.104865821,0.02182293699,0.04507044606,2020,4.388359662,38.63240006,0.1135927267
FIXED_90_10,UPRO,LAG2,0,staged,0.15,0.1,quarterly,2012-01-04,2012-06-04,104,0.02741903855,0.002324491104,0.0055947711,-0.008935099413,0.7937056095,0.0359041524,1.13497378,2020,4.388359662,38.63240006,0.1135927267
FIXED_90_10,UPRO,LAG2,0,staged,0.15,0.1,quarterly,2012-06-07,2012-11-09,107,0.3459904428,0.1508223506,0.3923969986,0.01438459015,0.4453567105,0.01701555083,1.094250577,2020,4.388359662,38.63240006,0.1135927267
FIXED_90_10,UPRO,LAG2,0,staged,0.15,0.1,quarterly,2012-11-20,2014-10-14,477,0.5499632218,1.500630825,0.6210429806,0.08507356127,4.163747163,0.02128634967,44.53564793,2020,4.388359662,38.63240006,0.1135927267
FIXED_90_10,UPRO,LAG2,0,staged,0.15,0.1,quarterly,2014-10-22,2015-07-09,178,0.2660625529,0.2046614795,0.2989720517,0.01826690583,0.9634999237,0.008377736743,8.524867531,2020,4.388359662,38.63240006,0.1135927267
FIXED_90_10,UPRO,LAG2,0,staged,0.15,0.1,quarterly,2016-03-17,2016-06-28,71,-0.03059349324,-0.0101575819,-0.03555662258,-0.001447474042,0.3983549205,0.01218704552,0,2020,4.388359662,38.63240006,0.1135927267
FIXED_90_10,UPRO,LAG2,0,staged,0.15,0.1,quarterly,2016-06-29,2018-04-03,442,0.4228904419,0.9778185511,0.4731462949,0.06110502501,6.195887421,0.02262547664,64.16175074,2020,4.388359662,38.63240006,0.1135927267
FIXED_90_10,UPRO,LAG2,0,staged,0.15,0.1,quarterly,2018-04-04,2018-10-12,134,0.2351682357,0.1246037259,0.2517758401,0.0069842627,3.828047208,0.0312044139,0.2948281334,2020,4.388359662,38.63240006,0.1135927267
FIXED_90_10,UPRO,LAG2,0,staged,0.15,0.1,quarterly,2019-06-05,2020-02-28,185,0.1304134437,0.09366846623,0.129786192,-0.00040725803,4.413208634,0.01956567857,40.64889818,2020,4.388359662,38.63240006,0.1135927267
FIXED_90_10,UPRO,LAG2,0,staged,0.15,0.1,quarterly,2020-06-30,2022-01-24,395,0.7871252059,1.702525489,0.8846251808,0.0833350797,32.34469825,0.02873573145,249.6540674,2022,2.508286116,57.56790376,0.04357091281
FIXED_90_10,UPRO,LAG2,0,staged,0.15,0.1,quarterly,2023-03-21,2023-10-23,149,0.1511803794,0.09006216553,0.1569885227,0.002976214172,4.941786363,0.01448281484,0,,,,
FIXED_90_10,UPRO,LAG2,0,staged,0.15,0.1,quarterly,2023-11-03,2025-03-11,336,0.4690570611,0.7567066673,0.5167845228,0.04324195179,21.8561427,0.01661033777,138.6479518,,,,
FIXED_90_10,UPRO,LAG2,0,staged,0.15,0.1,quarterly,2025-05-13,2026-03-20,214,0.2668090804,0.2394993795,0.2868026565,0.01333351481,19.85182227,0.02025252828,99.16941771,,,,
FIXED_90_10,UPRO,LAG2,0,staged,0.15,0.1,quarterly,2026-04-09,2026-09-02,101,1.017253856,0.3584338441,1.151909676,0.02582973238,16.33155004,0.02356799189,125.4093685,,,,
FIXED_85_15,UPRO,LAG2,0,staged,0.15,0.1,quarterly,1986-11-21,1987-10-16,227,0.06942635565,0.02394137173,0.02661409964,-0.03680141589,0.1118861506,0.0360161266,0.6677669588,1987,0.181737579,0.0873869967,2.079686748
FIXED_85_15,UPRO,LAG2,0,staged,0.15,0.1,quarterly,1988-11-23,1990-01-23,293,0.4114603277,0.5574183843,0.4620668073,0.04108517115,0.1096762265,0.02870281081,0.2281925061,2000_2002,0.6617482609,3.820538861,0.1732080957
FIXED_85_15,UPRO,LAG2,0,staged,0.15,0.1,quarterly,1990-05-09,1990-08-06,61,-0.3000605511,-0.1048589383,-0.3653038339,-0.02384235655,0.0177322345,0.0211427546,0,2000_2002,0.6617482609,3.820538861,0.1732080957
FIXED_85_15,UPRO,LAG2,0,staged,0.15,0.1,quarterly,1991-01-25,1991-11-20,208,0.3618442899,0.3260310739,0.4115886527,0.02936863349,0.07960129566,0.02303740814,0.06262302217,2000_2002,0.6617482609,3.820538861,0.1732080957
FIXED_85_15,UPRO,LAG2,0,staged,0.15,0.1,quarterly,1991-12-16,1992-04-09,80,0.3426079903,0.1104678533,0.3948611671,0.01202136629,0.04183545114,0.03161414955,0.2397026965,2000_2002,0.6617482609,3.820538861,0.1732080957
FIXED_85_15,UPRO,LAG2,0,staged,0.15,0.1,quarterly,1992-06-22,1992-10-05,73,0.08436906005,0.02584645811,0.09282542987,0.002233150513,0.01128733516,0.01210335478,0.003015278793,2000_2002,0.6617482609,3.820538861,0.1732080957
FIXED_85_15,UPRO,LAG2,0,staged,0.15,0.1,quarterly,1992-10-20,1994-03-28,363,0.1871944849,0.3233367293,0.2156522375,0.0339833271,0.08403956392,0.01630568767,0.7422163804,2000_2002,0.6617482609,3.820538861,0.1732080957
FIXED_85_15,UPRO,LAG2,0,staged,0.15,0.1,quarterly,1994-12-22,1996-07-16,394,0.5701263623,1.224661126,0.6662684735,0.09307129477,0.4932452657,0.04248678097,3.109437956,2000_2002,0.6617482609,3.820538861,0.1732080957
FIXED_85_15,UPRO,LAG2,0,staged,0.15,0.1,quarterly,1996-07-31,1998-08-28,525,0.5999604743,1.996400155,0.6968930085,0.1220686342,1.675829735,0.0274775089,13.09112067,2000_2002,0.6617482609,3.820538861,0.1732080957
FIXED_85_15,UPRO,LAG2,0,staged,0.15,0.1,quarterly,1998-10-30,1999-09-24,226,0.3506420255,0.3391713234,0.3829651862,0.02130264946,1.479028889,0.02655359193,5.526647963,2000_2002,0.6617482609,3.820538861,0.1732080957
FIXED_85_15,UPRO,LAG2,0,staged,0.15,0.1,quarterly,1999-10-29,2000-02-22,78,-0.1800312166,-0.08121237702,-0.2340943989,-0.0216620177,0.4256474588,0.02679393527,0,2000_2002,0.6617482609,3.820538861,0.1732080957
FIXED_85_15,UPRO,LAG2,0,staged,0.15,0.1,quarterly,2003-04-21,2004-07-19,313,0.5048904751,0.7937047764,0.5984457076,0.07513149702,1.209166765,0.02967296739,0,2007_2009,1.349470186,0.4129897879,3.267563087
FIXED_85_15,UPRO,LAG2,0,staged,0.15,0.1,quarterly,2004-10-28,2005-04-18,117,0.05955916862,0.02860357193,0.06171818846,0.0009585781942,0.2731141395,0.01992847322,0,2007_2009,1.349470186,0.4129897879,3.267563087
FIXED_85_15,UPRO,LAG2,0,staged,0.15,0.1,quarterly,2005-05-17,2005-10-06,99,0.05842470141,0.02301344003,0.06027034368,0.0006773409029,0.2291152004,0.02086600679,0,2007_2009,1.349470186,0.4129897879,3.267563087
FIXED_85_15,UPRO,LAG2,0,staged,0.15,0.1,quarterly,2005-11-01,2006-05-24,140,0.16383894,0.09930651329,0.1847338431,0.009938428913,0.2374866208,0.01407577585,0,2007_2009,1.349470186,0.4129897879,3.267563087
FIXED_85_15,UPRO,LAG2,0,staged,0.15,0.1,quarterly,2006-08-16,2007-08-06,243,0.2788107008,0.3074417491,0.3176007673,0.0290433992,0.9603805184,0.0248929911,3.067390224,2007_2009,1.349470186,0.4129897879,3.267563087
FIXED_85_15,UPRO,LAG2,0,staged,0.15,0.1,quarterly,2009-07-14,2010-05-21,216,0.6819640258,0.6536183912,0.8052549996,0.0602328301,1.545187308,0.03353319366,0,2020,5.133520813,52.94237865,0.0969643024
FIXED_85_15,UPRO,LAG2,0,staged,0.15,0.1,quarterly,2010-09-14,2011-08-03,224,0.3969710815,0.3999615502,0.4629477614,0.04080901412,1.495835869,0.03298274912,0.4594449697,2020,5.133520813,52.94237865,0.0969643024
FIXED_85_15,UPRO,LAG2,0,staged,0.15,0.1,quarterly,2012-01-04,2012-06-04,104,0.0365530651,0.002324491104,0.0055947711,-0.01261846342,1.071638196,0.05411915137,1.134197096,2020,5.133520813,52.94237865,0.0969643024
FIXED_85_15,UPRO,LAG2,0,staged,0.15,0.1,quarterly,2012-06-07,2012-11-09,107,0.3236236253,0.1508223506,0.3923969986,0.02149569927,0.5985831738,0.02562279754,1.020908754,2020,5.133520813,52.94237865,0.0969643024
FIXED_85_15,UPRO,LAG2,0,staged,0.15,0.1,quarterly,2012-11-20,2014-10-14,477,0.5152144596,1.500630825,0.6210429806,0.1280940457,5.436855806,0.03204211363,38.6571005,2020,5.133520813,52.94237865,0.0969643024
FIXED_85_15,UPRO,LAG2,0,staged,0.15,0.1,quarterly,2014-10-22,2015-07-09,178,0.2498797593,0.2046614795,0.2989720517,0.02742430032,1.230642174,0.0126021461,7.244619602,2020,5.133520813,52.94237865,0.0969643024
FIXED_85_15,UPRO,LAG2,0,staged,0.15,0.1,quarterly,2016-03-17,2016-06-28,71,-0.02820241613,-0.0101575819,-0.03555662258,-0.002142177721,0.5152315524,0.01833577581,0,2020,5.133520813,52.94237865,0.0969643024
FIXED_85_15,UPRO,LAG2,0,staged,0.15,0.1,quarterly,2016-06-29,2018-04-03,442,0.3980557039,0.9778185511,0.4731462949,0.09210253091,7.853987596,0.03408145507,53.85978368,2020,5.133520813,52.94237865,0.0969643024
FIXED_85_15,UPRO,LAG2,0,staged,0.15,0.1,quarterly,2018-04-04,2018-10-12,134,0.2262375493,0.1246037259,0.2517758401,0.0107789559,4.783030082,0.04677056152,0.4712240835,2020,5.133520813,52.94237865,0.0969643024
FIXED_85_15,UPRO,LAG2,0,staged,0.15,0.1,quarterly,2019-06-05,2020-02-28,185,0.1296527199,0.09366846623,0.129786192,8.668910398e-05,5.515702217,0.02945532001,34.36160662,2020,5.133520813,52.94237865,0.0969643024
FIXED_85_15,UPRO,LAG2,0,staged,0.15,0.1,quarterly,2020-06-30,2022-01-24,395,0.7389158376,1.702525489,0.8846251808,0.1262358939,39.56375928,0.04327077427,203.1006929,2022,2.246705111,74.33800327,0.0302228337
FIXED_85_15,UPRO,LAG2,0,staged,0.15,0.1,quarterly,2023-03-21,2023-10-23,149,0.1478922407,0.09006216553,0.1569885227,0.004667789156,6.063482118,0.02177640871,0,,,,
FIXED_85_15,UPRO,LAG2,0,staged,0.15,0.1,quarterly,2023-11-03,2025-03-11,336,0.4452285656,0.7567066673,0.5167845228,0.06535969979,26.48084104,0.02511020125,115.6503675,,,,
FIXED_85_15,UPRO,LAG2,0,staged,0.15,0.1,quarterly,2025-05-13,2026-03-20,214,0.2563611899,0.2394993795,0.2868026565,0.02038506655,23.76785031,0.03057054205,80.34983548,,,,
FIXED_85_15,UPRO,LAG2,0,staged,0.15,0.1,quarterly,2026-04-09,2026-09-02,101,0.9519688573,0.3584338441,1.151909676,0.03898015554,19.48015616,0.03550361602,100.5004366,,,,
HWM_RESERVE,UPRO,LAG2,0,staged,0.15,0.1,rule,1986-11-21,1987-10-16,227,0.05035098584,0.02394137173,0.02661409964,-0.02058965787,0.07689964052,0.02122724866,0.7689964052,1987,0.04386882402,0.007418972924,5.913058919
HWM_RESERVE,UPRO,LAG2,0,staged,0.15,0.1,rule,1988-11-23,1990-01-23,293,0.4661225465,0.5574183843,0.4620668073,-0.003230877645,0.02228700327,0.004939788023,0.2228700327,2000_2002,0,0.2363225989,0
HWM_RESERVE,UPRO,LAG2,0,staged,0.15,0.1,rule,1990-05-09,1990-08-06,61,-0.3655001633,-0.1048589383,-0.3653038339,7.53852428e-05,0,0,0,2000_2002,0,0.2363225989,0
HWM_RESERVE,UPRO,LAG2,0,staged,0.15,0.1,rule,1991-01-25,1991-11-20,208,0.4115886527,0.3260310739,0.4115886527,0,0,0,0,2000_2002,0,0.2363225989,0
HWM_RESERVE,UPRO,LAG2,0,staged,0.15,0.1,rule,1991-12-16,1992-04-09,80,0.4006043358,0.1104678533,0.3948611671,-0.001293706212,0.02643805103,0.01671057184,0.2643805103,2000_2002,0,0.2363225989,0
HWM_RESERVE,UPRO,LAG2,0,staged,0.15,0.1,rule,1992-06-22,1992-10-05,73,0.09282542987,0.02584645811,0.09282542987,0,0,0,0,2000_2002,0,0.2363225989,0
HWM_RESERVE,UPRO,LAG2,0,staged,0.15,0.1,rule,1992-10-20,1994-03-28,363,0.2168418811,0.3233367293,0.2156522375,-0.001403253679,0.08789498999,0.01406776978,0.8789498999,2000_2002,0,0.2363225989,0
HWM_RESERVE,UPRO,LAG2,0,staged,0.15,0.1,rule,1994-12-22,1996-07-16,394,0.6604500045,1.224661126,0.6662684735,0.005478086935,0.3809928703,0.02640341621,3.809928703,2000_2002,0,0.2363225989,0
HWM_RESERVE,UPRO,LAG2,0,staged,0.15,0.1,rule,1996-07-31,1998-08-28,525,0.6888659051,1.996400155,0.6968930085,0.009840396928,1.784759081,0.02140279984,17.84759081,2000_2002,0,0.2363225989,0
HWM_RESERVE,UPRO,LAG2,0,staged,0.15,0.1,rule,1998-10-30,1999-09-24,226,0.3862117688,0.3391713234,0.3829651862,-0.002112086125,0.8473912553,0.01012757535,8.473912553,2000_2002,0,0.2363225989,0
HWM_RESERVE,UPRO,LAG2,0,staged,0.15,0.1,rule,1999-10-29,2000-02-22,78,-0.2358248362,-0.08121237702,-0.2340943989,0.0007183555743,0,0,0,2000_2002,0,0.2363225989,0
HWM_RESERVE,UPRO,LAG2,0,staged,0.15,0.1,rule,2003-04-21,2004-07-19,313,0.5984457076,0.7937047764,0.5984457076,0,0,0,0,2007_2009,0.0062731362,-0.03570016665,
HWM_RESERVE,UPRO,LAG2,0,staged,0.15,0.1,rule,2004-10-28,2005-04-18,117,0.06171818846,0.02860357193,0.06171818846,0,0,0,0,2007_2009,0.0062731362,-0.03570016665,
HWM_RESERVE,UPRO,LAG2,0,staged,0.15,0.1,rule,2005-05-17,2005-10-06,99,0.06027034368,0.02301344003,0.06027034368,0,0,0,0,2007_2009,0.0062731362,-0.03570016665,
HWM_RESERVE,UPRO,LAG2,0,staged,0.15,0.1,rule,2005-11-01,2006-05-24,140,0.1847338431,0.09930651329,0.1847338431,0,0,0,0,2007_2009,0.0062731362,-0.03570016665,
HWM_RESERVE,UPRO,LAG2,0,staged,0.15,0.1,rule,2006-08-16,2007-08-06,243,0.3188634978,0.3074417491,0.3176007673,-0.0009310156073,0.1726136996,0.00312394962,1.726136996,2007_2009,0.0062731362,-0.03570016665,
HWM_RESERVE,UPRO,LAG2,0,staged,0.15,0.1,rule,2009-07-14,2010-05-21,216,0.8052197975,0.6536183912,0.8052549996,1.660371435e-05,0,0,0,2020,2.481363907,6.8860581,0.3603460602
HWM_RESERVE,UPRO,LAG2,0,staged,0.15,0.1,rule,2010-09-14,2011-08-03,224,0.4629477614,0.3999615502,0.4629477614,0,0,0,0,2020,2.481363907,6.8860581,0.3603460602
HWM_RESERVE,UPRO,LAG2,0,staged,0.15,0.1,rule,2012-01-04,2012-06-04,104,0.0055947711,0.002324491104,0.0055947711,0,0,0,0,2020,2.481363907,6.8860581,0.3603460602
HWM_RESERVE,UPRO,LAG2,0,staged,0.15,0.1,rule,2012-06-07,2012-11-09,107,0.3944927291,0.1508223506,0.3923969986,-0.0006382446627,0.1183748472,0.003680775053,1.183748472,2020,2.481363907,6.8860581,0.3603460602
HWM_RESERVE,UPRO,LAG2,0,staged,0.15,0.1,rule,2012-11-20,2014-10-14,477,0.6086461595,1.500630825,0.6210429806,0.01456547822,5.537385123,0.02281095277,55.37385123,2020,2.481363907,6.8860581,0.3603460602
HWM_RESERVE,UPRO,LAG2,0,staged,0.15,0.1,rule,2014-10-22,2015-07-09,178,0.2884872339,0.2046614795,0.2989720517,0.005769030817,1.089895939,0.007226362168,11.74242212,2020,2.481363907,6.8860581,0.3603460602
HWM_RESERVE,UPRO,LAG2,0,staged,0.15,0.1,rule,2016-03-17,2016-06-28,71,-0.03557724738,-0.0101575819,-0.03555662258,6.030654598e-06,0,0,0,2020,2.481363907,6.8860581,0.3603460602
HWM_RESERVE,UPRO,LAG2,0,staged,0.15,0.1,rule,2016-06-29,2018-04-03,442,0.4746448579,0.9778185511,0.4731462949,-0.00178990127,8.450300918,0.02344925212,84.50300918,2020,2.481363907,6.8860581,0.3603460602
HWM_RESERVE,UPRO,LAG2,0,staged,0.15,0.1,rule,2018-04-04,2018-10-12,134,0.2501034063,0.1246037259,0.2517758401,0.0006991265653,0.2459321328,0.001474920468,2.459321328,2020,2.481363907,6.8860581,0.3603460602
HWM_RESERVE,UPRO,LAG2,0,staged,0.15,0.1,rule,2019-06-05,2020-02-28,185,0.1434896994,0.09366846623,0.129786192,-0.008846254259,5.369314975,0.0172706218,53.69314975,2020,2.481363907,6.8860581,0.3603460602
HWM_RESERVE,UPRO,LAG2,0,staged,0.15,0.1,rule,2020-06-30,2022-01-24,395,0.875952011,1.702525489,0.8846251808,0.007236332327,34.98714876,0.02224116088,349.8714876,2022,20.94311815,18.60155105,1.125880207
HWM_RESERVE,UPRO,LAG2,0,staged,0.15,0.1,rule,2023-03-21,2023-10-23,149,0.1566839652,0.09006216553,0.1569885227,0.0001556900755,0,0,0,,,,
HWM_RESERVE,UPRO,LAG2,0,staged,0.15,0.1,rule,2023-11-03,2025-03-11,336,0.5234868882,0.7567066673,0.5167845228,-0.005963252111,20.05666609,0.01039410463,200.5666609,,,,
HWM_RESERVE,UPRO,LAG2,0,staged,0.15,0.1,rule,2025-05-13,2026-03-20,214,0.2887768832,0.2394993795,0.2868026565,-0.001305336015,14.88506774,0.01010372334,148.8506774,,,,
HWM_RESERVE,UPRO,LAG2,0,staged,0.15,0.1,rule,2026-04-09,2026-09-02,101,1.139763292,0.3584338441,1.151909676,0.00226263327,14.91463231,0.01423764897,187.4155091,,,,
ASYMMETRIC_RESERVE_BAND,UPRO,LAG2,0,staged,0.2,0.1,rule,1986-11-21,1987-10-16,227,0.05553582721,0.02394137173,0.02661409964,-0.0250251008,0.2178848518,0.06450202541,0.7308035345,1987,0.1214572715,0.03836820813,3.165570596
ASYMMETRIC_RESERVE_BAND,UPRO,LAG2,0,staged,0.2,0.1,rule,1988-11-23,1990-01-23,293,0.5011553303,0.5574183843,0.4620668073,-0.03077227561,0.2050845712,0.0469589516,0.2779009351,2000_2002,0,0.9267538195,0
ASYMMETRIC_RESERVE_BAND,UPRO,LAG2,0,staged,0.2,0.1,rule,1990-05-09,1990-08-06,61,-0.3670542761,-0.1048589383,-0.3653038339,0.0006729475986,0,0,0,2000_2002,0,0.9267538195,0
ASYMMETRIC_RESERVE_BAND,UPRO,LAG2,0,staged,0.2,0.1,rule,1991-01-25,1991-11-20,208,0.4115886527,0.3260310739,0.4115886527,0,0,0,0.05680218942,2000_2002,0,0.9267538195,0
ASYMMETRIC_RESERVE_BAND,UPRO,LAG2,0,staged,0.2,0.1,rule,1991-12-16,1992-04-09,80,0.4119219464,0.1104678533,0.3948611671,-0.003827656627,0.2288777753,0.1470001659,0.2677279046,2000_2002,0,0.9267538195,0
ASYMMETRIC_RESERVE_BAND,UPRO,LAG2,0,staged,0.2,0.1,rule,1992-06-22,1992-10-05,73,0.09282542987,0.02584645811,0.09282542987,0,0,0,0.02195665943,2000_2002,0,0.9267538195,0
ASYMMETRIC_RESERVE_BAND,UPRO,LAG2,0,staged,0.2,0.1,rule,1992-10-20,1994-03-28,363,0.2103266136,0.3233367293,0.2156522375,0.006298762518,0.5326815682,0.08894091063,0.8609487107,2000_2002,0,0.9267538195,0
ASYMMETRIC_RESERVE_BAND,UPRO,LAG2,0,staged,0.2,0.1,rule,1994-12-22,1996-07-16,394,0.6264439493,1.224661126,0.6662684735,0.03788382064,0.3444653425,0.02425438695,3.735974779,2000_2002,0,0.9267538195,0
ASYMMETRIC_RESERVE_BAND,UPRO,LAG2,0,staged,0.2,0.1,rule,1996-07-31,1998-08-28,525,0.6614436901,1.996400155,0.6968930085,0.04381358203,2.306569843,0.02879030493,17.00845426,2000_2002,0,0.9267538195,0
ASYMMETRIC_RESERVE_BAND,UPRO,LAG2,0,staged,0.2,0.1,rule,1998-10-30,1999-09-24,226,0.4064218078,0.3391713234,0.3829651862,-0.0151496499,4.989764882,0.06535490744,7.710559659,2000_2002,0,0.9267538195,0
ASYMMETRIC_RESERVE_BAND,UPRO,LAG2,0,staged,0.2,0.1,rule,1999-10-29,2000-02-22,78,-0.2410041263,-0.08121237702,-0.2340943989,0.002878192657,0,0,0,2000_2002,0,0.9267538195,0
ASYMMETRIC_RESERVE_BAND,UPRO,LAG2,0,staged,0.2,0.1,rule,2003-04-21,2004-07-19,313,0.5984457076,0.7937047764,0.5984457076,0,0,0,0,2007_2009,0.1205496476,-0.6501010651,
ASYMMETRIC_RESERVE_BAND,UPRO,LAG2,0,staged,0.2,0.1,rule,2004-10-28,2005-04-18,117,0.06171818846,0.02860357193,0.06171818846,0,0,0,0,2007_2009,0.1205496476,-0.6501010651,
ASYMMETRIC_RESERVE_BAND,UPRO,LAG2,0,staged,0.2,0.1,rule,2005-05-17,2005-10-06,99,0.06027034368,0.02301344003,0.06027034368,0,0,0,0,2007_2009,0.1205496476,-0.6501010651,
ASYMMETRIC_RESERVE_BAND,UPRO,LAG2,0,staged,0.2,0.1,rule,2005-11-01,2006-05-24,140,0.1847338431,0.09930651329,0.1847338431,0,0,0,0,2007_2009,0.1205496476,-0.6501010651,
ASYMMETRIC_RESERVE_BAND,UPRO,LAG2,0,staged,0.2,0.1,rule,2006-08-16,2007-08-06,243,0.3409226736,0.3074417491,0.3176007673,-0.01705307952,3.308825559,0.06329327305,2.348212674,2007_2009,0.1205496476,-0.6501010651,
ASYMMETRIC_RESERVE_BAND,UPRO,LAG2,0,staged,0.2,0.1,rule,2009-07-14,2010-05-21,216,0.8045771993,0.6536183912,0.8052549996,0.000319753222,0,0,0,2020,9.764521299,24.64877506,0.3961463105
ASYMMETRIC_RESERVE_BAND,UPRO,LAG2,0,staged,0.2,0.1,rule,2010-09-14,2011-08-03,224,0.4629477614,0.3999615502,0.4629477614,0,0,0,0,2020,9.764521299,24.64877506,0.3961463105
ASYMMETRIC_RESERVE_BAND,UPRO,LAG2,0,staged,0.2,0.1,rule,2012-01-04,2012-06-04,104,0.0055947711,0.002324491104,0.0055947711,0,0,0,0.8655022552,2020,9.764521299,24.64877506,0.3961463105
ASYMMETRIC_RESERVE_BAND,UPRO,LAG2,0,staged,0.2,0.1,rule,2012-06-07,2012-11-09,107,0.4587451587,0.1508223506,0.3923969986,-0.01975422035,3.627298477,0.1156797352,1.219190839,2020,9.764521299,24.64877506,0.3961463105
ASYMMETRIC_RESERVE_BAND,UPRO,LAG2,0,staged,0.2,0.1,rule,2012-11-20,2014-10-14,477,0.5709719341,1.500630825,0.6210429806,0.05952924673,10.83180029,0.04766032888,52.04988274,2020,9.764521299,24.64877506,0.3961463105
ASYMMETRIC_RESERVE_BAND,UPRO,LAG2,0,staged,0.2,0.1,rule,2014-10-22,2015-07-09,178,0.2997846585,0.2046614795,0.2989720517,-0.0004451721215,15.89647672,0.1166662672,11.61478644,2020,9.764521299,24.64877506,0.3961463105
ASYMMETRIC_RESERVE_BAND,UPRO,LAG2,0,staged,0.2,0.1,rule,2016-03-17,2016-06-28,71,-0.03590579754,-0.0101575819,-0.03555662258,0.0001021155726,0,0,0,2020,9.764521299,24.64877506,0.3961463105
ASYMMETRIC_RESERVE_BAND,UPRO,LAG2,0,staged,0.2,0.1,rule,2016-06-29,2018-04-03,442,0.4522562579,0.9778185511,0.4731462949,0.02514268758,10.18280771,0.03028776443,78.64834383,2020,9.764521299,24.64877506,0.3961463105
ASYMMETRIC_RESERVE_BAND,UPRO,LAG2,0,staged,0.2,0.1,rule,2018-04-04,2018-10-12,134,0.2488800402,0.1246037259,0.2517758401,0.00121112217,0,0,3.083071354,2020,9.764521299,24.64877506,0.3961463105
ASYMMETRIC_RESERVE_BAND,UPRO,LAG2,0,staged,0.2,0.1,rule,2019-06-05,2020-02-28,185,0.1618431186,0.09366846623,0.129786192,-0.02052959633,18.38984442,0.06416330309,46.90409799,2020,9.764521299,24.64877506,0.3961463105
ASYMMETRIC_RESERVE_BAND,UPRO,LAG2,0,staged,0.2,0.1,rule,2020-06-30,2022-01-24,395,0.8729398125,1.702525489,0.8846251808,0.009757345835,75.84525841,0.05207076458,333.9486773,2022,28.82704041,27.10380409,1.063579131
ASYMMETRIC_RESERVE_BAND,UPRO,LAG2,0,staged,0.2,0.1,rule,2023-03-21,2023-10-23,149,0.1564750392,0.09006216553,0.1569885227,0.0002625169635,0,0,0,,,,
ASYMMETRIC_RESERVE_BAND,UPRO,LAG2,0,staged,0.2,0.1,rule,2023-11-03,2025-03-11,336,0.5273753204,0.7567066673,0.5167845228,-0.009410868117,59.78531288,0.03393228216,189.12584,,,,
ASYMMETRIC_RESERVE_BAND,UPRO,LAG2,0,staged,0.2,0.1,rule,2025-05-13,2026-03-20,214,0.2955571003,0.2394993795,0.2868026565,-0.005773160601,78.90651936,0.05937289417,143.7473123,,,,
ASYMMETRIC_RESERVE_BAND,UPRO,LAG2,0,staged,0.2,0.1,rule,2026-04-09,2026-09-02,101,1.086597624,0.3584338441,1.151909676,0.01231990606,172.9492147,0.1835075113,177.5055781,,,,
HWM_DRAWDOWN,UPRO,LAG2,0,drawdown,0.15,0.1,rule,1986-11-21,1987-10-16,227,0.05161196452,0.02394137173,0.02661409964,-0.02167039086,0.07499529455,0.02114587055,0.7499529455,1987,0.0737883546,0.01948366051,3.787191558
HWM_DRAWDOWN,UPRO,LAG2,0,drawdown,0.15,0.1,rule,1988-11-23,1990-01-23,293,0.446321338,0.5574183843,0.4620668073,0.012628648,0.02113187311,0.004885361705,0.2113187311,2000_2002,1.971306651,2.702520295,0.729432691
HWM_DRAWDOWN,UPRO,LAG2,0,drawdown,0.15,0.1,rule,1990-05-09,1990-08-06,61,-0.3445039098,-0.1048589383,-0.3653038339,-0.007857325193,0,0,0,2000_2002,1.971306651,2.702520295,0.729432691
HWM_DRAWDOWN,UPRO,LAG2,0,drawdown,0.15,0.1,rule,1991-01-25,1991-11-20,208,0.3880914705,0.3260310739,0.4115886527,0.01374132235,0,0,0,2000_2002,1.971306651,2.702520295,0.729432691
HWM_DRAWDOWN,UPRO,LAG2,0,drawdown,0.15,0.1,rule,1991-12-16,1992-04-09,80,0.3821830654,0.1104678533,0.3948611671,0.002874829288,0.02547058955,0.01709035225,0.2547058955,2000_2002,1.971306651,2.702520295,0.729432691
HWM_DRAWDOWN,UPRO,LAG2,0,drawdown,0.15,0.1,rule,1992-06-22,1992-10-05,73,0.08913353729,0.02584645811,0.09282542987,0.0009728188146,0,0,0,2000_2002,1.971306651,2.702520295,0.729432691
HWM_DRAWDOWN,UPRO,LAG2,0,drawdown,0.15,0.1,rule,1992-10-20,1994-03-28,363,0.2059839875,0.3233367293,0.2156522375,0.0114554547,0.08196967665,0.01414803777,0.8196967665,2000_2002,1.971306651,2.702520295,0.729432691
HWM_DRAWDOWN,UPRO,LAG2,0,drawdown,0.15,0.1,rule,1994-12-22,1996-07-16,394,0.6128236838,1.224661126,0.6662684735,0.05105355764,0.3453683905,0.02650305179,3.453683905,2000_2002,1.971306651,2.702520295,0.729432691
HWM_DRAWDOWN,UPRO,LAG2,0,drawdown,0.15,0.1,rule,1996-07-31,1998-08-28,525,0.6306634767,1.996400155,0.6968930085,0.08262140626,1.495021317,0.02136372878,14.95021317,2000_2002,1.971306651,2.702520295,0.729432691
HWM_DRAWDOWN,UPRO,LAG2,0,drawdown,0.15,0.1,rule,1998-10-30,1999-09-24,226,0.3430402201,0.3391713234,0.3829651862,0.0263866689,0.5802396648,0.009227115017,5.802396648,2000_2002,1.971306651,2.702520295,0.729432691
HWM_DRAWDOWN,UPRO,LAG2,0,drawdown,0.15,0.1,rule,1999-10-29,2000-02-22,78,-0.195955728,-0.08121237702,-0.2340943989,-0.01543344869,0,0,0,2000_2002,1.971306651,2.702520295,0.729432691
HWM_DRAWDOWN,UPRO,LAG2,0,drawdown,0.15,0.1,rule,2003-04-21,2004-07-19,313,0.5468335465,0.7937047764,0.5984457076,0.04088678727,0,0,0,2007_2009,2.066499757,0.136109354,15.1826432
HWM_DRAWDOWN,UPRO,LAG2,0,drawdown,0.15,0.1,rule,2004-10-28,2005-04-18,117,0.05962072704,0.02860357193,0.06171818846,0.0009312199737,0,0,0,2007_2009,2.066499757,0.136109354,15.1826432
HWM_DRAWDOWN,UPRO,LAG2,0,drawdown,0.15,0.1,rule,2005-05-17,2005-10-06,99,0.05888290271,0.02301344003,0.06027034368,0.0005090733108,0,0,0,2007_2009,2.066499757,0.136109354,15.1826432
HWM_DRAWDOWN,UPRO,LAG2,0,drawdown,0.15,0.1,rule,2005-11-01,2006-05-24,140,0.1774069138,0.09930651329,0.1847338431,0.003464874889,0,0,0,2007_2009,2.066499757,0.136109354,15.1826432
HWM_DRAWDOWN,UPRO,LAG2,0,drawdown,0.15,0.1,rule,2006-08-16,2007-08-06,243,0.3069844649,0.3074417491,0.3176007673,0.007862906107,0.6082142726,0.01202981702,6.082142726,2007_2009,2.066499757,0.136109354,15.1826432
HWM_DRAWDOWN,UPRO,LAG2,0,drawdown,0.15,0.1,rule,2009-07-14,2010-05-21,216,0.8052549996,0.6536183912,0.8052549996,0,0,0,0,2020,14.54080544,31.34598689,0.4638809266
HWM_DRAWDOWN,UPRO,LAG2,0,drawdown,0.15,0.1,rule,2010-09-14,2011-08-03,224,0.4646766111,0.3999615502,0.4629477614,-0.001044441772,0.1348170525,0.002130474163,1.348170525,2020,14.54080544,31.34598689,0.4638809266
HWM_DRAWDOWN,UPRO,LAG2,0,drawdown,0.15,0.1,rule,2012-01-04,2012-06-04,104,0.008119306572,0.002324491104,0.0055947711,-0.001043439463,0.107159925,0.003899590257,1.07159925,2020,14.54080544,31.34598689,0.4638809266
HWM_DRAWDOWN,UPRO,LAG2,0,drawdown,0.15,0.1,rule,2012-06-07,2012-11-09,107,0.3906965856,0.1508223506,0.3923969986,0.0005185589505,0.1240873482,0.003799329637,1.240873482,2020,14.54080544,31.34598689,0.4638809266
HWM_DRAWDOWN,UPRO,LAG2,0,drawdown,0.15,0.1,rule,2012-11-20,2014-10-14,477,0.599427836,1.500630825,0.6210429806,0.02546937599,5.553660559,0.02280678766,55.53660559,2020,14.54080544,31.34598689,0.4638809266
HWM_DRAWDOWN,UPRO,LAG2,0,drawdown,0.15,0.1,rule,2014-10-22,2015-07-09,178,0.2767347739,0.2046614795,0.2989720517,0.01229161934,1.05766297,0.007411351945,10.5766297,2020,14.54080544,31.34598689,0.4638809266
HWM_DRAWDOWN,UPRO,LAG2,0,drawdown,0.15,0.1,rule,2016-03-17,2016-06-28,71,-0.03191270673,-0.0101575819,-0.03555662258,-0.001063455827,0,0,0,2020,14.54080544,31.34598689,0.4638809266
HWM_DRAWDOWN,UPRO,LAG2,0,drawdown,0.15,0.1,rule,2016-06-29,2018-04-03,442,0.4350097325,0.9778185511,0.4731462949,0.04617421072,7.858003043,0.02344789022,78.58003043,2020,14.54080544,31.34598689,0.4638809266
HWM_DRAWDOWN,UPRO,LAG2,0,drawdown,0.15,0.1,rule,2018-04-04,2018-10-12,134,0.2256536209,0.1246037259,0.2517758401,0.01102803172,0,0,0,2020,14.54080544,31.34598689,0.4638809266
HWM_DRAWDOWN,UPRO,LAG2,0,drawdown,0.15,0.1,rule,2019-06-05,2020-02-28,185,0.1299228292,0.09366846623,0.129786192,-8.873416646e-05,4.725314569,0.01737197777,47.25314569,2020,14.54080544,31.34598689,0.4638809266
HWM_DRAWDOWN,UPRO,LAG2,0,drawdown,0.15,0.1,rule,2020-06-30,2022-01-24,395,0.8180944497,1.702525489,0.8846251808,0.05638227618,31.99014365,0.02253072754,319.9014365,2022,-0.5747996658,50.84217485,-0.01130556801
HWM_DRAWDOWN,UPRO,LAG2,0,drawdown,0.15,0.1,rule,2023-03-21,2023-10-23,149,0.1444810481,0.09006216553,0.1569885227,0.006427797575,0,0,0,,,,
HWM_DRAWDOWN,UPRO,LAG2,0,drawdown,0.15,0.1,rule,2023-11-03,2025-03-11,336,0.4727229614,0.7567066673,0.5167845228,0.03987111748,17.23565838,0.01039655061,172.3565838,,,,
HWM_DRAWDOWN,UPRO,LAG2,0,drawdown,0.15,0.1,rule,2025-05-13,2026-03-20,214,0.265476247,0.2394993795,0.2868026565,0.01422983554,12.15414954,0.009897599888,121.5414954,,,,
HWM_DRAWDOWN,UPRO,LAG2,0,drawdown,0.15,0.1,rule,2026-04-09,2026-09-02,101,1.015954996,0.3584338441,1.151909676,0.02608718911,15.28699307,0.01787816942,152.8699307,,,,
BAND_DRAWDOWN,UPRO,LAG2,0,drawdown,0.2,0.1,rule,1986-11-21,1987-10-16,227,0.02983935606,0.02394137173,0.02661409964,-0.00282540942,0,0,0.7061971293,1987,0.1317401349,0.05744887209,2.293171826
BAND_DRAWDOWN,UPRO,LAG2,0,drawdown,0.2,0.1,rule,1988-11-23,1990-01-23,293,0.4649962984,0.5574183843,0.4620668073,-0.002334584563,0.1287125098,0.03151363414,0.2068463947,2000_2002,1.877882529,2.014704083,0.9320885114
BAND_DRAWDOWN,UPRO,LAG2,0,drawdown,0.2,0.1,rule,1990-05-09,1990-08-06,61,-0.3142044986,-0.1048589383,-0.3653038339,-0.01886801819,0,0,0,2000_2002,1.877882529,2.014704083,0.9320885114
BAND_DRAWDOWN,UPRO,LAG2,0,drawdown,0.2,0.1,rule,1991-01-25,1991-11-20,208,0.355653189,0.3260310739,0.4115886527,0.03309864731,0,0,0.007281443556,2000_2002,1.877882529,2.014704083,0.9320885114
BAND_DRAWDOWN,UPRO,LAG2,0,drawdown,0.2,0.1,rule,1991-12-16,1992-04-09,80,0.3467544177,0.1104678533,0.3948611671,0.01105049267,0,0,0.2459560521,2000_2002,1.877882529,2.014704083,0.9320885114
BAND_DRAWDOWN,UPRO,LAG2,0,drawdown,0.2,0.1,rule,1992-06-22,1992-10-05,73,0.0856788954,0.02584645811,0.09282542987,0.001886112939,0,0,0,2000_2002,1.877882529,2.014704083,0.9320885114
BAND_DRAWDOWN,UPRO,LAG2,0,drawdown,0.2,0.1,rule,1992-10-20,1994-03-28,363,0.1955952537,0.3233367293,0.2156522375,0.02386738885,0,0,0.7747145346,2000_2002,1.877882529,2.014704083,0.9320885114
BAND_DRAWDOWN,UPRO,LAG2,0,drawdown,0.2,0.1,rule,1994-12-22,1996-07-16,394,0.6147525076,1.224661126,0.6662684735,0.04918179012,0.2852079034,0.02239594651,3.379300601,2000_2002,1.877882529,2.014704083,0.9320885114
BAND_DRAWDOWN,UPRO,LAG2,0,drawdown,0.2,0.1,rule,1996-07-31,1998-08-28,525,0.6351335191,1.996400155,0.6968930085,0.07694031572,0.6471854921,0.00912319337,15.15398187,2000_2002,1.877882529,2.014704083,0.9320885114
BAND_DRAWDOWN,UPRO,LAG2,0,drawdown,0.2,0.1,rule,1998-10-30,1999-09-24,226,0.3851780554,0.3391713234,0.3829651862,-0.001440134172,1.395807721,0.02112676506,6.104983653,2000_2002,1.877882529,2.014704083,0.9320885114
BAND_DRAWDOWN,UPRO,LAG2,0,drawdown,0.2,0.1,rule,1999-10-29,2000-02-22,78,-0.1981272979,-0.08121237702,-0.2340943989,-0.01457453653,0,0,0,2000_2002,1.877882529,2.014704083,0.9320885114
BAND_DRAWDOWN,UPRO,LAG2,0,drawdown,0.2,0.1,rule,2003-04-21,2004-07-19,313,0.5492896902,0.7937047764,0.5984457076,0.03891033293,0,0,0,2007_2009,3.839168133,-0.05076748677,
BAND_DRAWDOWN,UPRO,LAG2,0,drawdown,0.2,0.1,rule,2004-10-28,2005-04-18,117,0.05972382997,0.02860357193,0.06171818846,0.0008854018116,0,0,0,2007_2009,3.839168133,-0.05076748677,
BAND_DRAWDOWN,UPRO,LAG2,0,drawdown,0.2,0.1,rule,2005-05-17,2005-10-06,99,0.05895143208,0.02301344003,0.06027034368,0.0004839131833,0,0,0,2007_2009,3.839168133,-0.05076748677,
BAND_DRAWDOWN,UPRO,LAG2,0,drawdown,0.2,0.1,rule,2005-11-01,2006-05-24,140,0.1777686231,0.09930651329,0.1847338431,0.003293318708,0,0,0,2007_2009,3.839168133,-0.05076748677,
BAND_DRAWDOWN,UPRO,LAG2,0,drawdown,0.2,0.1,rule,2006-08-16,2007-08-06,243,0.3202258653,0.3074417491,0.3176007673,-0.001934494709,2.174222239,0.04332175827,5.856512641,2007_2009,3.839168133,-0.05076748677,
BAND_DRAWDOWN,UPRO,LAG2,0,drawdown,0.2,0.1,rule,2009-07-14,2010-05-21,216,0.8052549996,0.6536183912,0.8052549996,0,0,0,0,2020,14.30051008,42.00833414,0.3404207849
BAND_DRAWDOWN,UPRO,LAG2,0,drawdown,0.2,0.1,rule,2010-09-14,2011-08-03,224,0.4629477614,0.3999615502,0.4629477614,0,0,0,3.453702295,2020,14.30051008,42.00833414,0.3404207849
BAND_DRAWDOWN,UPRO,LAG2,0,drawdown,0.2,0.1,rule,2012-01-04,2012-06-04,104,0.0055947711,0.002324491104,0.0055947711,0,0,0,1.145701515,2020,14.30051008,42.00833414,0.3404207849
BAND_DRAWDOWN,UPRO,LAG2,0,drawdown,0.2,0.1,rule,2012-06-07,2012-11-09,107,0.4587451587,0.1508223506,0.3923969986,-0.01975422035,3.952718667,0.1156797352,1.328569573,2020,14.30051008,42.00833414,0.3404207849
BAND_DRAWDOWN,UPRO,LAG2,0,drawdown,0.2,0.1,rule,2012-11-20,2014-10-14,477,0.5605096741,1.500630825,0.6210429806,0.07220723261,3.977916003,0.01624901003,55.75961221,2020,14.30051008,42.00833414,0.3404207849
BAND_DRAWDOWN,UPRO,LAG2,0,drawdown,0.2,0.1,rule,2014-10-22,2015-07-09,178,0.2685572974,0.2046614795,0.2989720517,0.01686562073,0,0,10.70495607,2020,14.30051008,42.00833414,0.3404207849
BAND_DRAWDOWN,UPRO,LAG2,0,drawdown,0.2,0.1,rule,2016-03-17,2016-06-28,71,-0.03153275778,-0.0101575819,-0.03555662258,-0.001174111201,0,0,0,2020,14.30051008,42.00833414,0.3404207849
BAND_DRAWDOWN,UPRO,LAG2,0,drawdown,0.2,0.1,rule,2016-06-29,2018-04-03,442,0.4363156176,0.9778185511,0.4731462949,0.0445729084,8.193227436,0.02378654516,81.24768376,2020,14.30051008,42.00833414,0.3404207849
BAND_DRAWDOWN,UPRO,LAG2,0,drawdown,0.2,0.1,rule,2018-04-04,2018-10-12,134,0.2242731338,0.1246037259,0.2517758401,0.0116173534,0,0,0,2020,14.30051008,42.00833414,0.3404207849
BAND_DRAWDOWN,UPRO,LAG2,0,drawdown,0.2,0.1,rule,2019-06-05,2020-02-28,185,0.1170197218,0.09366846623,0.129786192,0.008338434413,0,0,49.06220819,2020,14.30051008,42.00833414,0.3404207849
BAND_DRAWDOWN,UPRO,LAG2,0,drawdown,0.2,0.1,rule,2020-06-30,2022-01-24,395,0.8174329906,1.702525489,0.8846251808,0.05695313659,40.76056434,0.02836273503,322.5408899,2022,2.392362242,56.95627176,0.0420034909
BAND_DRAWDOWN,UPRO,LAG2,0,drawdown,0.2,0.1,rule,2023-03-21,2023-10-23,149,0.1428848904,0.09006216553,0.1569885227,0.007253139199,0,0,0,,,,
BAND_DRAWDOWN,UPRO,LAG2,0,drawdown,0.2,0.1,rule,2023-11-03,2025-03-11,336,0.460168693,0.7567066673,0.5167845228,0.05144994972,0,0,178.07486,,,,
BAND_DRAWDOWN,UPRO,LAG2,0,drawdown,0.2,0.1,rule,2025-05-13,2026-03-20,214,0.2666040762,0.2394993795,0.2868026565,0.01347131724,0,0,126.7635874,,,,
BAND_DRAWDOWN,UPRO,LAG2,0,drawdown,0.2,0.1,rule,2026-04-09,2026-09-02,101,1.063590975,0.3584338441,1.151909676,0.01675173111,48.30613794,0.0546482904,159.5257273,,,,
NO_RESERVE,UPRO,LAG2,10,staged,0.15,0.1,rule,1986-11-21,1987-10-16,227,0.02547443357,0.02291743036,0.02547443357,0,0,0,0.7747739652,1987,0,0,
NO_RESERVE,UPRO,LAG2,10,staged,0.15,0.1,rule,1988-11-23,1990-01-23,293,0.4608131501,0.5558609659,0.4608131501,0,0,0,0.1363721613,2000_2002,0,0,
NO_RESERVE,UPRO,LAG2,10,staged,0.15,0.1,rule,1990-05-09,1990-08-06,61,-0.3679045446,-0.1057540793,-0.3679045446,0,0,0,0,2000_2002,0,0,
NO_RESERVE,UPRO,LAG2,10,staged,0.15,0.1,rule,1991-01-25,1991-11-20,208,0.4098644868,0.3247050428,0.4098644868,0,0,0,0,2000_2002,0,0,
NO_RESERVE,UPRO,LAG2,10,staged,0.15,0.1,rule,1991-12-16,1992-04-09,80,0.3904357851,0.1093573854,0.3904357851,0,0,0,0.2085119397,2000_2002,0,0,
NO_RESERVE,UPRO,LAG2,10,staged,0.15,0.1,rule,1992-06-22,1992-10-05,73,0.08902866734,0.02482061165,0.08902866734,0,0,0,0,2000_2002,0,0,
NO_RESERVE,UPRO,LAG2,10,staged,0.15,0.1,rule,1992-10-20,1994-03-28,363,0.2148047484,0.3220133925,0.2148047484,0,0,0,0.8124640049,2000_2002,0,0,
NO_RESERVE,UPRO,LAG2,10,staged,0.15,0.1,rule,1994-12-22,1996-07-16,394,0.6652042872,1.222436465,0.6652042872,0,0,0,3.588607813,2000_2002,0,0,
NO_RESERVE,UPRO,LAG2,10,staged,0.15,0.1,rule,1996-07-31,1998-08-28,525,0.6960751314,1.993403755,0.6960751314,0,0,0,17.49264598,2000_2002,0,0,
NO_RESERVE,UPRO,LAG2,10,staged,0.15,0.1,rule,1998-10-30,1999-09-24,226,0.3814299272,0.3378321521,0.3814299272,0,0,0,6.944874338,2000_2002,0,0,
NO_RESERVE,UPRO,LAG2,10,staged,0.15,0.1,rule,1999-10-29,2000-02-22,78,-0.2365034212,-0.08213116465,-0.2365034212,0,0,0,0,2000_2002,0,0,
NO_RESERVE,UPRO,LAG2,10,staged,0.15,0.1,rule,2003-04-21,2004-07-19,313,0.5971624331,0.7919110717,0.5971624331,0,0,0,0,2007_2009,0,0,
NO_RESERVE,UPRO,LAG2,10,staged,0.15,0.1,rule,2004-10-28,2005-04-18,117,0.05946484703,0.02757496836,0.05946484703,0,0,0,0,2007_2009,0,0,
NO_RESERVE,UPRO,LAG2,10,staged,0.15,0.1,rule,2005-05-17,2005-10-06,99,0.05754527765,0.02199042659,0.05754527765,0,0,0,0,2007_2009,0,0,
NO_RESERVE,UPRO,LAG2,10,staged,0.15,0.1,rule,2005-11-01,2006-05-24,140,0.1826134852,0.09820720678,0.1826134852,0,0,0,0,2007_2009,0,0,
NO_RESERVE,UPRO,LAG2,10,staged,0.15,0.1,rule,2006-08-16,2007-08-06,243,0.3162451427,0.3061343074,0.3162451427,0,0,0,0,2007_2009,0,0,
NO_RESERVE,UPRO,LAG2,10,staged,0.15,0.1,rule,2009-07-14,2010-05-21,216,0.8031350258,0.6519647728,0.8031350258,0,0,0,0,2020,0,0,
NO_RESERVE,UPRO,LAG2,10,staged,0.15,0.1,rule,2010-09-14,2011-08-03,224,0.4612935611,0.3985615887,0.4612935611,0,0,0,0,2020,0,0,
NO_RESERVE,UPRO,LAG2,10,staged,0.15,0.1,rule,2012-01-04,2012-06-04,104,0.003180061392,0.001322166612,0.003180061392,0,0,0,0,2020,0,0,
NO_RESERVE,UPRO,LAG2,10,staged,0.15,0.1,rule,2012-06-07,2012-11-09,107,0.3891181075,0.1496715283,0.3891181075,0,0,0,0,2020,0,0,
NO_RESERVE,UPRO,LAG2,10,staged,0.15,0.1,rule,2012-11-20,2014-10-14,477,0.6201883976,1.498130195,0.6201883976,0,0,0,46.13439657,2020,0,0,
NO_RESERVE,UPRO,LAG2,10,staged,0.15,0.1,rule,2014-10-22,2015-07-09,178,0.2971476151,0.203456818,0.2971476151,0,0,0,9.295367999,2020,0,0,
NO_RESERVE,UPRO,LAG2,10,staged,0.15,0.1,rule,2016-03-17,2016-06-28,71,-0.03897229951,-0.01114742432,-0.03897229951,0,0,0,0,2020,0,0,
NO_RESERVE,UPRO,LAG2,10,staged,0.15,0.1,rule,2016-06-29,2018-04-03,442,0.4723093074,0.9758407326,0.4723093074,0,0,0,69.69661488,2020,0,0,
NO_RESERVE,UPRO,LAG2,10,staged,0.15,0.1,rule,2018-04-04,2018-10-12,134,0.2493831566,0.1234791221,0.2493831566,0,0,0,0,2020,0,0,
NO_RESERVE,UPRO,LAG2,10,staged,0.15,0.1,rule,2019-06-05,2020-02-28,185,0.1282467162,0.09257479776,0.1282467162,0,0,0,41.01952003,2020,0,0,
NO_RESERVE,UPRO,LAG2,10,staged,0.15,0.1,rule,2020-06-30,2022-01-24,395,0.8834236377,1.699822964,0.8834236377,0,0,0,284.466074,2022,0,0,
NO_RESERVE,UPRO,LAG2,10,staged,0.15,0.1,rule,2023-03-21,2023-10-23,149,0.1550327633,0.08897210336,0.1550327633,0,0,0,0,,,,
NO_RESERVE,UPRO,LAG2,10,staged,0.15,0.1,rule,2023-11-03,2025-03-11,336,0.5156629079,0.7549499606,0.5156629079,0,0,0,135.7223964,,,,
NO_RESERVE,UPRO,LAG2,10,staged,0.15,0.1,rule,2025-05-13,2026-03-20,214,0.2852915193,0.2382598801,0.2852915193,0,0,0,108.7832821,,,,
NO_RESERVE,UPRO,LAG2,10,staged,0.15,0.1,rule,2026-04-09,2026-09-02,101,1.146530259,0.3570754103,1.146530259,0,0,0,141.856726,,,,
FIXED_90_10,UPRO,LAG2,10,staged,0.15,0.1,quarterly,1986-11-21,1987-10-16,227,0.05540191944,0.02291743036,0.02547443357,-0.02591132223,0.07865032432,0.02390337037,0.7009994793,1987,0.123894779,0.05642419052,2.19577415
FIXED_90_10,UPRO,LAG2,10,staged,0.15,0.1,quarterly,1988-11-23,1990-01-23,293,0.4274960271,0.5558609659,0.4608131501,0.02690868321,0.07600759558,0.01908621063,0.1896644587,2000_2002,0.4964976401,2.146592658,0.2312956947
FIXED_90_10,UPRO,LAG2,10,staged,0.15,0.1,quarterly,1990-05-09,1990-08-06,61,-0.3244986037,-0.1057540793,-0.3679045446,-0.01618321044,0.01214177214,0.01411652564,0,2000_2002,0.4964976401,2.146592658,0.2312956947
FIXED_90_10,UPRO,LAG2,10,staged,0.15,0.1,quarterly,1991-01-25,1991-11-20,208,0.3770049242,0.3247050428,0.4098644868,0.01930528625,0.05393084135,0.0152580399,0.009535949548,2000_2002,0.4964976401,2.146592658,0.2312956947
FIXED_90_10,UPRO,LAG2,10,staged,0.15,0.1,quarterly,1991-12-16,1992-04-09,80,0.3561469315,0.1093573854,0.3904357851,0.007861772229,0.02868108597,0.02100614963,0.2413262911,2000_2002,0.4964976401,2.146592658,0.2312956947
FIXED_90_10,UPRO,LAG2,10,staged,0.15,0.1,quarterly,1992-06-22,1992-10-05,73,0.08381487698,0.02482061165,0.08902866734,0.001379605803,0.007721819501,0.008082964049,0,2000_2002,0.4964976401,2.146592658,0.2312956947
FIXED_90_10,UPRO,LAG2,10,staged,0.15,0.1,quarterly,1992-10-20,1994-03-28,363,0.1958790141,0.3220133925,0.2148047484,0.02252643553,0.05772520592,0.01085010632,0.747441172,2000_2002,0.4964976401,2.146592658,0.2312956947
FIXED_90_10,UPRO,LAG2,10,staged,0.15,0.1,quarterly,1994-12-22,1996-07-16,394,0.601076836,1.222436465,0.6652042872,0.06150097885,0.3398288364,0.02818388408,3.156653562,2000_2002,0.4964976401,2.146592658,0.2312956947
FIXED_90_10,UPRO,LAG2,10,staged,0.15,0.1,quarterly,1996-07-31,1998-08-28,525,0.6316257804,1.993403755,0.6960751314,0.08039657539,1.200618102,0.01822631859,14.02461094,2000_2002,0.4964976401,2.146592658,0.2312956947
FIXED_90_10,UPRO,LAG2,10,staged,0.15,0.1,quarterly,1998-10-30,1999-09-24,226,0.3607763131,0.3378321521,0.3814299272,0.01356874953,1.065379436,0.01755149214,5.705823504,2000_2002,0.4964976401,2.146592658,0.2312956947
FIXED_90_10,UPRO,LAG2,10,staged,0.15,0.1,quarterly,1999-10-29,2000-02-22,78,-0.2000701104,-0.08213116465,-0.2365034212,-0.01480463047,0.3068378604,0.01781074912,0,2000_2002,0.4964976401,2.146592658,0.2312956947
FIXED_90_10,UPRO,LAG2,10,staged,0.15,0.1,quarterly,2003-04-21,2004-07-19,313,0.534703319,0.7919110717,0.5971624331,0.04969371178,0.8110879277,0.01964911714,0,2007_2009,0.9398666706,0.2208904138,4.254900221
FIXED_90_10,UPRO,LAG2,10,staged,0.15,0.1,quarterly,2004-10-28,2005-04-18,117,0.05835774434,0.02757496836,0.05946484703,0.0004923416635,0.1849081738,0.0132661057,0,2007_2009,0.9398666706,0.2208904138,4.254900221
FIXED_90_10,UPRO,LAG2,10,staged,0.15,0.1,quarterly,2005-05-17,2005-10-06,99,0.05665459493,0.02199042659,0.05754527765,0.0003275707586,0.1540789188,0.01393494574,0,2007_2009,0.9398666706,0.2208904138,4.254900221
FIXED_90_10,UPRO,LAG2,10,staged,0.15,0.1,quarterly,2005-11-01,2006-05-24,140,0.1689252273,0.09820720678,0.1826134852,0.006502358217,0.1598901231,0.009390204176,0,2007_2009,0.9398666706,0.2208904138,4.254900221
FIXED_90_10,UPRO,LAG2,10,staged,0.15,0.1,quarterly,2006-08-16,2007-08-06,243,0.290575957,0.3061343074,0.3162451427,0.01914181105,0.6405697119,0.01657587921,0.7658986468,2007_2009,0.9398666706,0.2208904138,4.254900221
FIXED_90_10,UPRO,LAG2,10,staged,0.15,0.1,quarterly,2009-07-14,2010-05-21,216,0.721300634,0.6519647728,0.8031350258,0.03954799743,0.980261611,0.02223840401,0,2020,4.065094056,29.8710298,0.1360881792
FIXED_90_10,UPRO,LAG2,10,staged,0.15,0.1,quarterly,2010-09-14,2011-08-03,224,0.4176604206,0.3985615887,0.4612935611,0.02680756077,0.9494543966,0.02183031578,0,2020,4.065094056,29.8710298,0.1360881792
FIXED_90_10,UPRO,LAG2,10,staged,0.15,0.1,quarterly,2012-01-04,2012-06-04,104,0.02513607927,0.001322166612,0.003180061392,-0.009009864336,0.6758946669,0.03593880613,0.01754797978,2020,4.065094056,29.8710298,0.1360881792
FIXED_90_10,UPRO,LAG2,10,staged,0.15,0.1,quarterly,2012-06-07,2012-11-09,107,0.3431295536,0.1496715283,0.3891181075,0.01428703729,0.3785765094,0.01702990456,0.8825946904,2020,4.065094056,29.8710298,0.1360881792
FIXED_90_10,UPRO,LAG2,10,staged,0.15,0.1,quarterly,2012-11-20,2014-10-14,477,0.5491708624,1.498130195,0.6201883976,0.0850432467,3.532941852,0.02128941643,37.73545278,2020,4.065094056,29.8710298,0.1360881792
FIXED_90_10,UPRO,LAG2,10,staged,0.15,0.1,quarterly,2014-10-22,2015-07-09,178,0.2644539598,0.203456818,0.2971476151,0.01817140889,0.8160362435,0.008382025858,7.10283259,2020,4.065094056,29.8710298,0.1360881792
FIXED_90_10,UPRO,LAG2,10,staged,0.15,0.1,quarterly,2016-03-17,2016-06-28,71,-0.03371325922,-0.01114742432,-0.03897229951,-0.001538976529,0.3319574891,0.0122075185,0,2020,4.065094056,29.8710298,0.1360881792
FIXED_90_10,UPRO,LAG2,10,staged,0.15,0.1,quarterly,2016-06-29,2018-04-03,442,0.4221015161,0.9758407326,0.4723093074,0.06108087535,5.153732832,0.02263079025,52.07006604,2020,4.065094056,29.8710298,0.1360881792
FIXED_90_10,UPRO,LAG2,10,staged,0.15,0.1,quarterly,2018-04-04,2018-10-12,134,0.2329682052,0.1234791221,0.2493831566,0.006916013228,3.178232219,0.03123076999,0.01652843699,2020,4.065094056,29.8710298,0.1360881792
FIXED_90_10,UPRO,LAG2,10,staged,0.15,0.1,quarterly,2019-06-05,2020-02-28,185,0.1289967425,0.09257479776,0.1282467162,-0.0004876101013,3.618490274,0.01957502118,31.77680089,2020,4.065094056,29.8710298,0.1360881792
FIXED_90_10,UPRO,LAG2,10,staged,0.15,0.1,quarterly,2020-06-30,2022-01-24,395,0.7859441749,1.699822964,0.8834236377,0.08337166414,26.27997888,0.02873970928,201.419103,2022,3.411522139,45.52124441,0.07494351665
FIXED_90_10,UPRO,LAG2,10,staged,0.15,0.1,quarterly,2023-03-21,2023-10-23,149,0.1493839285,0.08897210336,0.1550327633,0.002899293975,3.944274673,0.01448294018,0,,,,
FIXED_90_10,UPRO,LAG2,10,staged,0.15,0.1,quarterly,2023-11-03,2025-03-11,336,0.4680274182,0.7549499606,0.5156629079,0.04318973216,17.38126797,0.01661365941,102.6684052,,,,
FIXED_90_10,UPRO,LAG2,10,staged,0.15,0.1,quarterly,2025-05-13,2026-03-20,214,0.2654139728,0.2382598801,0.2852915193,0.01327123724,15.73035183,0.02026164311,76.92103299,,,,
FIXED_90_10,UPRO,LAG2,10,staged,0.15,0.1,quarterly,2026-04-09,2026-09-02,101,1.012585481,0.3570754103,1.146530259,0.02575535965,12.91731041,0.02356819006,98.20933515,,,,
FIXED_85_15,UPRO,LAG2,10,staged,0.15,0.1,quarterly,1986-11-21,1987-10-16,227,0.06828190627,0.02291743036,0.02547443357,-0.03683745702,0.1115940432,0.03602874938,0.6639289232,1987,0.1818414769,0.08474614189,2.145719827
FIXED_85_15,UPRO,LAG2,10,staged,0.15,0.1,quarterly,1988-11-23,1990-01-23,293,0.410358051,0.5558609659,0.4608131501,0.04099586508,0.1084588663,0.02870372795,0.2101686584,2000_2002,0.6807028361,3.214746946,0.2117438316
FIXED_85_15,UPRO,LAG2,10,staged,0.15,0.1,quarterly,1990-05-09,1990-08-06,61,-0.302518819,-0.1057540793,-0.3679045446,-0.02398555796,0.0173605958,0.02117594098,0,2000_2002,0.6807028361,3.214746946,0.2117438316
FIXED_85_15,UPRO,LAG2,10,staged,0.15,0.1,quarterly,1991-01-25,1991-11-20,208,0.3603539447,0.3247050428,0.4098644868,0.02926448421,0.0777978405,0.02303824991,0.03753258521,2000_2002,0.6807028361,3.214746946,0.2117438316
FIXED_85_15,UPRO,LAG2,10,staged,0.15,0.1,quarterly,1991-12-16,1992-04-09,80,0.338893833,0.1093573854,0.3904357851,0.01189307398,0.0408177433,0.03161557585,0.2303581975,2000_2002,0.6807028361,3.214746946,0.2117438316
FIXED_85_15,UPRO,LAG2,10,staged,0.15,0.1,quarterly,1992-06-22,1992-10-05,73,0.08116622173,0.02482061165,0.08902866734,0.002083002966,0.01097516456,0.0121260479,0,2000_2002,0.6807028361,3.214746946,0.2117438316
FIXED_85_15,UPRO,LAG2,10,staged,0.15,0.1,quarterly,1992-10-20,1994-03-28,363,0.1864670467,0.3220133925,0.2148047484,0.03386214964,0.08157624098,0.01631165348,0.711633698,2000_2002,0.6807028361,3.214746946,0.2117438316
FIXED_85_15,UPRO,LAG2,10,staged,0.15,0.1,quarterly,1994-12-22,1996-07-16,394,0.5691593182,1.222436465,0.6652042872,0.09303562545,0.472290938,0.04249684074,2.936297608,2000_2002,0.6807028361,3.214746946,0.2117438316
FIXED_85_15,UPRO,LAG2,10,staged,0.15,0.1,quarterly,1996-07-31,1998-08-28,525,0.5992199199,1.993403755,0.6960751314,0.1220289212,1.59660006,0.02748042132,12.44136008,2000_2002,0.6807028361,3.214746946,0.2117438316
FIXED_85_15,UPRO,LAG2,10,staged,0.15,0.1,quarterly,1998-10-30,1999-09-24,226,0.3492355461,0.3378321521,0.3814299272,0.0212406291,1.399475099,0.02656075893,5.103915898,2000_2002,0.6807028361,3.214746946,0.2117438316
FIXED_85_15,UPRO,LAG2,10,staged,0.15,0.1,quarterly,1999-10-29,2000-02-22,78,-0.1822741816,-0.08213116465,-0.2365034212,-0.02179258143,0.4013665134,0.02679417299,0,2000_2002,0.6807028361,3.214746946,0.2117438316
FIXED_85_15,UPRO,LAG2,10,staged,0.15,0.1,quarterly,2003-04-21,2004-07-19,313,0.5037539622,0.7919110717,0.5971624331,0.07507213769,1.108147796,0.02968051157,0,2007_2009,1.263804585,0.3151422422,4.01026716
FIXED_85_15,UPRO,LAG2,10,staged,0.15,0.1,quarterly,2004-10-28,2005-04-18,117,0.05760595694,0.02757496836,0.05946484703,0.0008269641079,0.2486015786,0.01994839894,0,2007_2009,1.263804585,0.3151422422,4.01026716
FIXED_85_15,UPRO,LAG2,10,staged,0.15,0.1,quarterly,2005-05-17,2005-10-06,99,0.05607889367,0.02199042659,0.05754527765,0.0005394461872,0.2067897301,0.02089435631,0,2007_2009,1.263804585,0.3151422422,4.01026716
FIXED_85_15,UPRO,LAG2,10,staged,0.15,0.1,quarterly,2005-11-01,2006-05-24,140,0.1620689118,0.09820720678,0.1826134852,0.009788004477,0.2136251871,0.01408848283,0,2007_2009,1.263804585,0.3151422422,4.01026716
FIXED_85_15,UPRO,LAG2,10,staged,0.15,0.1,quarterly,2006-08-16,2007-08-06,243,0.277645052,0.3061343074,0.3162451427,0.02892923323,0.8551998577,0.02490406601,1.34836956,2007_2009,1.263804585,0.3151422422,4.01026716
FIXED_85_15,UPRO,LAG2,10,staged,0.15,0.1,quarterly,2009-07-14,2010-05-21,216,0.680144892,0.6519647728,0.8031350258,0.06015374005,1.348589911,0.03354162497,0,2020,4.886228435,41.36364162,0.1181285845
FIXED_85_15,UPRO,LAG2,10,staged,0.15,0.1,quarterly,2010-09-14,2011-08-03,224,0.395527417,0.3985615887,0.4612935611,0.04072287052,1.29661772,0.03299436235,0,2020,4.886228435,41.36364162,0.1181285845
FIXED_85_15,UPRO,LAG2,10,staged,0.15,0.1,quarterly,2012-01-04,2012-06-04,104,0.03434668636,0.001322166612,0.003180061392,-0.01273220699,0.9209456915,0.05417183743,0.5028343855,2020,4.886228435,41.36364162,0.1181285845
FIXED_85_15,UPRO,LAG2,10,staged,0.15,0.1,quarterly,2012-06-07,2012-11-09,107,0.3209609266,0.1496715283,0.3891181075,0.0213497464,0.5135497801,0.0256447228,0.8334513333,2020,4.886228435,41.36364162,0.1181285845
FIXED_85_15,UPRO,LAG2,10,staged,0.15,0.1,quarterly,2012-11-20,2014-10-14,477,0.5144558238,1.498130195,0.6201883976,0.1280437365,4.656406075,0.03204709824,33.0589988,2020,4.886228435,41.36364162,0.1181285845
FIXED_85_15,UPRO,LAG2,10,staged,0.15,0.1,quarterly,2014-10-22,2015-07-09,178,0.2483758997,0.203456818,0.2971476151,0.02728080546,1.052151725,0.01260865102,6.093537812,2020,4.886228435,41.36364162,0.1181285845
FIXED_85_15,UPRO,LAG2,10,staged,0.15,0.1,quarterly,2016-03-17,2016-06-28,71,-0.03117038259,-0.01114742432,-0.03897229951,-0.002280108334,0.4338023415,0.01836671198,0,2020,4.886228435,41.36364162,0.1181285845
FIXED_85_15,UPRO,LAG2,10,staged,0.15,0.1,quarterly,2016-06-29,2018-04-03,442,0.3972948379,0.9758407326,0.4723093074,0.09206037722,6.601220842,0.03409017458,44.15860555,2020,4.886228435,41.36364162,0.1181285845
FIXED_85_15,UPRO,LAG2,10,staged,0.15,0.1,quarterly,2018-04-04,2018-10-12,134,0.2241387399,0.1234791221,0.2493831566,0.01067426053,4.012903785,0.04681017195,0.2040434434,2020,4.886228435,41.36364162,0.1181285845
FIXED_85_15,UPRO,LAG2,10,staged,0.15,0.1,quarterly,2019-06-05,2020-02-28,185,0.1283004543,0.09257479776,0.1282467162,-3.494719625e-05,4.573414583,0.02946948833,27.2026574,2020,4.886228435,41.36364162,0.1181285845
FIXED_85_15,UPRO,LAG2,10,staged,0.15,0.1,quarterly,2020-06-30,2022-01-24,395,0.7377567074,1.699822964,0.8834236377,0.1262814686,32.52262342,0.0432774624,165.7670606,2022,3.603402944,59.46924793,0.06059271084
FIXED_85_15,UPRO,LAG2,10,staged,0.15,0.1,quarterly,2023-03-21,2023-10-23,149,0.1461790384,0.08897210336,0.1550327633,0.00455056263,4.901588974,0.02177667662,0,,,,
FIXED_85_15,UPRO,LAG2,10,staged,0.15,0.1,quarterly,2023-11-03,2025-03-11,336,0.4442470932,0.7549499606,0.5156629079,0.06527800968,21.33307851,0.02511555551,87.11793589,,,,
FIXED_85_15,UPRO,LAG2,10,staged,0.15,0.1,quarterly,2025-05-13,2026-03-20,214,0.255027509,0.2382598801,0.2852915193,0.02028891964,19.08208789,0.03058493405,63.17990909,,,,
FIXED_85_15,UPRO,LAG2,10,staged,0.15,0.1,quarterly,2026-04-09,2026-09-02,101,0.9476411702,0.3570754103,1.146530259,0.03886686736,15.6125431,0.03550404094,79.75863878,,,,
HWM_RESERVE,UPRO,LAG2,10,staged,0.15,0.1,rule,1986-11-21,1987-10-16,227,0.04912911878,0.02291743036,0.02547443357,-0.02054170775,0.07642664883,0.0211657379,0.7642664883,1987,0.04272532162,0.007272457293,5.874949814
HWM_RESERVE,UPRO,LAG2,10,staged,0.15,0.1,rule,1988-11-23,1990-01-23,293,0.4645367755,0.5558609659,0.4608131501,-0.002969188507,0.02012454252,0.004516171185,0.2012454252,2000_2002,0,0.194316043,0
HWM_RESERVE,UPRO,LAG2,10,staged,0.15,0.1,rule,1990-05-09,1990-08-06,61,-0.3680834189,-0.1057540793,-0.3679045446,6.896465777e-05,0,0,0,2000_2002,0,0.194316043,0
HWM_RESERVE,UPRO,LAG2,10,staged,0.15,0.1,rule,1991-01-25,1991-11-20,208,0.4098644868,0.3247050428,0.4098644868,0,0,0,0,2000_2002,0,0.194316043,0
HWM_RESERVE,UPRO,LAG2,10,staged,0.15,0.1,rule,1991-12-16,1992-04-09,80,0.3954887667,0.1093573854,0.3904357851,-0.001142132412,0.02223041709,0.01445527171,0.2223041709,2000_2002,0,0.194316043,0
HWM_RESERVE,UPRO,LAG2,10,staged,0.15,0.1,rule,1992-06-22,1992-10-05,73,0.08902866734,0.02482061165,0.08902866734,0,0,0,0,2000_2002,0,0.194316043,0
HWM_RESERVE,UPRO,LAG2,10,staged,0.15,0.1,rule,1992-10-20,1994-03-28,363,0.2159687145,0.3220133925,0.2148047484,-0.001373937298,0.08337617653,0.01382742015,0.8337617653,2000_2002,0,0.194316043,0
HWM_RESERVE,UPRO,LAG2,10,staged,0.15,0.1,rule,1994-12-22,1996-07-16,394,0.659928824,1.222436465,0.6652042872,0.004969214277,0.3574390687,0.02603997649,3.574390687,2000_2002,0,0.194316043,0
HWM_RESERVE,UPRO,LAG2,10,staged,0.15,0.1,rule,1996-07-31,1998-08-28,525,0.6879887984,1.993403755,0.6960751314,0.009917971743,1.682603965,0.02135106267,16.82603965,2000_2002,0,0.194316043,0
HWM_RESERVE,UPRO,LAG2,10,staged,0.15,0.1,rule,1998-10-30,1999-09-24,226,0.3846000217,0.3378321521,0.3814299272,-0.002064672544,0.7768030665,0.009900328342,7.768030665,2000_2002,0,0.194316043,0
HWM_RESERVE,UPRO,LAG2,10,staged,0.15,0.1,rule,1999-10-29,2000-02-22,78,-0.2382269535,-0.08213116465,-0.2365034212,0.0007177459404,0,0,0,2000_2002,0,0.194316043,0
HWM_RESERVE,UPRO,LAG2,10,staged,0.15,0.1,rule,2003-04-21,2004-07-19,313,0.5971624331,0.7919110717,0.5971624331,0,0,0,0,2007_2009,0,0,
HWM_RESERVE,UPRO,LAG2,10,staged,0.15,0.1,rule,2004-10-28,2005-04-18,117,0.05946484703,0.02757496836,0.05946484703,0,0,0,0,2007_2009,0,0,
HWM_RESERVE,UPRO,LAG2,10,staged,0.15,0.1,rule,2005-05-17,2005-10-06,99,0.05754527765,0.02199042659,0.05754527765,0,0,0,0,2007_2009,0,0,
HWM_RESERVE,UPRO,LAG2,10,staged,0.15,0.1,rule,2005-11-01,2006-05-24,140,0.1826134852,0.09820720678,0.1826134852,0,0,0,0,2007_2009,0,0,
HWM_RESERVE,UPRO,LAG2,10,staged,0.15,0.1,rule,2006-08-16,2007-08-06,243,0.3162451427,0.3061343074,0.3162451427,0,0,0,0,2007_2009,0,0,
HWM_RESERVE,UPRO,LAG2,10,staged,0.15,0.1,rule,2009-07-14,2010-05-21,216,0.8031350258,0.6519647728,0.8031350258,0,0,0,0,2020,1.86263717,5.158586123,0.3610751329
HWM_RESERVE,UPRO,LAG2,10,staged,0.15,0.1,rule,2010-09-14,2011-08-03,224,0.4612935611,0.3985615887,0.4612935611,0,0,0,0,2020,1.86263717,5.158586123,0.3610751329
HWM_RESERVE,UPRO,LAG2,10,staged,0.15,0.1,rule,2012-01-04,2012-06-04,104,0.003180061392,0.001322166612,0.003180061392,0,0,0,0,2020,1.86263717,5.158586123,0.3610751329
HWM_RESERVE,UPRO,LAG2,10,staged,0.15,0.1,rule,2012-06-07,2012-11-09,107,0.3891181075,0.1496715283,0.3891181075,0,0,0,0,2020,1.86263717,5.158586123,0.3610751329
HWM_RESERVE,UPRO,LAG2,10,staged,0.15,0.1,rule,2012-11-20,2014-10-14,477,0.6083619108,1.498130195,0.6201883976,0.01390026697,4.499059038,0.02226273618,44.99059038,2020,1.86263717,5.158586123,0.3610751329
HWM_RESERVE,UPRO,LAG2,10,staged,0.15,0.1,rule,2014-10-22,2015-07-09,178,0.2866571819,0.203456818,0.2971476151,0.005780284684,0.9050775243,0.007226549252,9.607477418,2020,1.86263717,5.158586123,0.3610751329
HWM_RESERVE,UPRO,LAG2,10,staged,0.15,0.1,rule,2016-03-17,2016-06-28,71,-0.03899279815,-0.01114742432,-0.03897229951,6.01507144e-06,0,0,0,2020,1.86263717,5.158586123,0.3610751329
HWM_RESERVE,UPRO,LAG2,10,staged,0.15,0.1,rule,2016-06-29,2018-04-03,442,0.4741566975,0.9758407326,0.4723093074,-0.002207536882,6.723947336,0.02288403015,67.23947336,2020,1.86263717,5.158586123,0.3610751329
HWM_RESERVE,UPRO,LAG2,10,staged,0.15,0.1,rule,2018-04-04,2018-10-12,134,0.2476648407,0.1234791221,0.2493831566,0.0007196963691,0.1648927233,0.001216736009,1.648927233,2020,1.86263717,5.158586123,0.3610751329
HWM_RESERVE,UPRO,LAG2,10,staged,0.15,0.1,rule,2019-06-05,2020-02-28,185,0.1414627639,0.09257479776,0.1282467162,-0.008544975079,4.094395802,0.01642406965,40.94395802,2020,1.86263717,5.158586123,0.3610751329
HWM_RESERVE,UPRO,LAG2,10,staged,0.15,0.1,rule,2020-06-30,2022-01-24,395,0.8743723981,1.699822964,0.8834236377,0.007557359661,27.55551968,0.02207466229,275.5551968,2022,16.44461367,14.58027903,1.12786687
HWM_RESERVE,UPRO,LAG2,10,staged,0.15,0.1,rule,2023-03-21,2023-10-23,149,0.1547295726,0.08897210336,0.1550327633,0.0001552537503,0,0,0,,,,
HWM_RESERVE,UPRO,LAG2,10,staged,0.15,0.1,rule,2023-11-03,2025-03-11,336,0.5221535119,0.7549499606,0.5156629079,-0.005779509343,14.46995953,0.009663947785,144.6995953,,,,
HWM_RESERVE,UPRO,LAG2,10,staged,0.15,0.1,rule,2025-05-13,2026-03-20,214,0.2873694556,0.2382598801,0.2852915193,-0.001375466224,11.22383411,0.009869279556,112.2383411,,,,
HWM_RESERVE,UPRO,LAG2,10,staged,0.15,0.1,rule,2026-04-09,2026-09-02,101,1.134626756,0.3570754103,1.146530259,0.00222283566,11.48825388,0.01423326842,142.919266,,,,
ASYMMETRIC_RESERVE_BAND,UPRO,LAG2,10,staged,0.2,0.1,rule,1986-11-21,1987-10-16,227,0.05409969714,0.02291743036,0.02547443357,-0.02479922954,0.217271269,0.06454047746,0.7260346039,1987,0.1194644048,0.03755868756,3.180739599
ASYMMETRIC_RESERVE_BAND,UPRO,LAG2,10,staged,0.2,0.1,rule,1988-11-23,1990-01-23,293,0.4997424701,0.5558609659,0.4608131501,-0.03067453553,0.2024865927,0.04696084149,0.2560770703,2000_2002,0,0.8103915187,0
ASYMMETRIC_RESERVE_BAND,UPRO,LAG2,10,staged,0.2,0.1,rule,1990-05-09,1990-08-06,61,-0.3696489046,-0.1057540793,-0.3679045446,0.0006733690951,0,0,0,2000_2002,0,0.8103915187,0
ASYMMETRIC_RESERVE_BAND,UPRO,LAG2,10,staged,0.2,0.1,rule,1991-01-25,1991-11-20,208,0.4098644868,0.3247050428,0.4098644868,0,0,0,0.02665158186,2000_2002,0,0.8103915187,0
ASYMMETRIC_RESERVE_BAND,UPRO,LAG2,10,staged,0.2,0.1,rule,1991-12-16,1992-04-09,80,0.4065332826,0.1093573854,0.3904357851,-0.00362420797,0.2224960515,0.1470578865,0.2556688598,2000_2002,0,0.8103915187,0
ASYMMETRIC_RESERVE_BAND,UPRO,LAG2,10,staged,0.2,0.1,rule,1992-06-22,1992-10-05,73,0.08902866734,0.02482061165,0.08902866734,0,0,0,0.01129018638,2000_2002,0,0.8103915187,0
ASYMMETRIC_RESERVE_BAND,UPRO,LAG2,10,staged,0.2,0.1,rule,1992-10-20,1994-03-28,363,0.2092303864,0.3220133925,0.2148047484,0.006598239665,0.5145726135,0.08899600549,0.8259010686,2000_2002,0,0.8103915187,0
ASYMMETRIC_RESERVE_BAND,UPRO,LAG2,10,staged,0.2,0.1,rule,1994-12-22,1996-07-16,394,0.6253018286,1.222436465,0.6652042872,0.03798341793,0.3275372393,0.02426166543,3.501071239,2000_2002,0,0.8103915187,0
ASYMMETRIC_RESERVE_BAND,UPRO,LAG2,10,staged,0.2,0.1,rule,1996-07-31,1998-08-28,525,0.6603757838,1.993403755,0.6960751314,0.04414742054,2.180040358,0.02879711539,16.03097132,2000_2002,0,0.8103915187,0
ASYMMETRIC_RESERVE_BAND,UPRO,LAG2,10,staged,0.2,0.1,rule,1998-10-30,1999-09-24,226,0.4044202723,0.3378321521,0.3814299272,-0.01486733946,4.679181412,0.06538460962,7.050033826,2000_2002,0,0.8103915187,0
ASYMMETRIC_RESERVE_BAND,UPRO,LAG2,10,staged,0.2,0.1,rule,1999-10-29,2000-02-22,78,-0.2433874859,-0.08213116465,-0.2365034212,0.00287654329,0,0,0,2000_2002,0,0.8103915187,0
ASYMMETRIC_RESERVE_BAND,UPRO,LAG2,10,staged,0.2,0.1,rule,2003-04-21,2004-07-19,313,0.5971624331,0.7919110717,0.5971624331,0,0,0,0,2007_2009,0.1019137066,-0.5551665339,
ASYMMETRIC_RESERVE_BAND,UPRO,LAG2,10,staged,0.2,0.1,rule,2004-10-28,2005-04-18,117,0.05946484703,0.02757496836,0.05946484703,0,0,0,0,2007_2009,0.1019137066,-0.5551665339,
ASYMMETRIC_RESERVE_BAND,UPRO,LAG2,10,staged,0.2,0.1,rule,2005-05-17,2005-10-06,99,0.05754527765,0.02199042659,0.05754527765,0,0,0,0,2007_2009,0.1019137066,-0.5551665339,
ASYMMETRIC_RESERVE_BAND,UPRO,LAG2,10,staged,0.2,0.1,rule,2005-11-01,2006-05-24,140,0.1826134852,0.09820720678,0.1826134852,0,0,0,0,2007_2009,0.1019137066,-0.5551665339,
ASYMMETRIC_RESERVE_BAND,UPRO,LAG2,10,staged,0.2,0.1,rule,2006-08-16,2007-08-06,243,0.3394052322,0.3061343074,0.3162451427,-0.01695307452,2.887346443,0.0633215406,0,2007_2009,0.1019137066,-0.5551665339,
ASYMMETRIC_RESERVE_BAND,UPRO,LAG2,10,staged,0.2,0.1,rule,2009-07-14,2010-05-21,216,0.8024595017,0.6519647728,0.8031350258,0.0003190539498,0,0,0,2020,7.764992319,19.23001098,0.4037955219
ASYMMETRIC_RESERVE_BAND,UPRO,LAG2,10,staged,0.2,0.1,rule,2010-09-14,2011-08-03,224,0.4612935611,0.3985615887,0.4612935611,0,0,0,0,2020,7.764992319,19.23001098,0.4037955219
ASYMMETRIC_RESERVE_BAND,UPRO,LAG2,10,staged,0.2,0.1,rule,2012-01-04,2012-06-04,104,0.003180061392,0.001322166612,0.003180061392,0,0,0,0,2020,7.764992319,19.23001098,0.4037955219
ASYMMETRIC_RESERVE_BAND,UPRO,LAG2,10,staged,0.2,0.1,rule,2012-06-07,2012-11-09,107,0.4549671139,0.1496715283,0.3891181075,-0.01965421535,3.030338332,0.1157793822,0.451941593,2020,7.764992319,19.23001098,0.4037955219
ASYMMETRIC_RESERVE_BAND,UPRO,LAG2,10,staged,0.2,0.1,rule,2012-11-20,2014-10-14,477,0.5699269873,1.498130195,0.6201883976,0.0597911936,9.031129697,0.04767716717,43.31832527,2020,7.764992319,19.23001098,0.4037955219
ASYMMETRIC_RESERVE_BAND,UPRO,LAG2,10,staged,0.2,0.1,rule,2014-10-22,2015-07-09,178,0.2975371632,0.203456818,0.2971476151,-0.0002137418308,13.22690288,0.1167680639,9.50529779,2020,7.764992319,19.23001098,0.4037955219
ASYMMETRIC_RESERVE_BAND,UPRO,LAG2,10,staged,0.2,0.1,rule,2016-03-17,2016-06-28,71,-0.03931956309,-0.01114742432,-0.03897229951,0.0001019175111,0,0,0,2020,7.764992319,19.23001098,0.4037955219
ASYMMETRIC_RESERVE_BAND,UPRO,LAG2,10,staged,0.2,0.1,rule,2016-06-29,2018-04-03,442,0.4513486904,0.9758407326,0.4723093074,0.02524269258,8.304930512,0.03029711552,62.51023133,2020,7.764992319,19.23001098,0.4037955219
ASYMMETRIC_RESERVE_BAND,UPRO,LAG2,10,staged,0.2,0.1,rule,2018-04-04,2018-10-12,134,0.2465006774,0.1234791221,0.2493831566,0.001207855934,0,0,2.229987782,2020,7.764992319,19.23001098,0.4037955219
ASYMMETRIC_RESERVE_BAND,UPRO,LAG2,10,staged,0.2,0.1,rule,2019-06-05,2020-02-28,185,0.1601018353,0.09257479776,0.1282467162,-0.02042959133,14.75998185,0.06419699005,35.57089107,2020,7.764992319,19.23001098,0.4037955219
ASYMMETRIC_RESERVE_BAND,UPRO,LAG2,10,staged,0.2,0.1,rule,2020-06-30,2022-01-24,395,0.8713161815,1.699822964,0.8834236377,0.0101174008,60.28132121,0.05208429176,263.562474,2022,22.69601149,21.17141646,1.072011952
ASYMMETRIC_RESERVE_BAND,UPRO,LAG2,10,staged,0.2,0.1,rule,2023-03-21,2023-10-23,149,0.1545213876,0.08897210336,0.1550327633,0.0002618818493,0,0,0,,,,
ASYMMETRIC_RESERVE_BAND,UPRO,LAG2,10,staged,0.2,0.1,rule,2023-11-03,2025-03-11,336,0.526133026,0.7549499606,0.5156629079,-0.009310863117,46.40912667,0.03394054007,136.4173525,,,,
ASYMMETRIC_RESERVE_BAND,UPRO,LAG2,10,staged,0.2,0.1,rule,2025-05-13,2026-03-20,214,0.2938970329,0.2382598801,0.2852915193,-0.005681924741,61.01736483,0.05940152714,108.909892,,,,
ASYMMETRIC_RESERVE_BAND,UPRO,LAG2,10,staged,0.2,0.1,rule,2026-04-09,2026-09-02,101,1.080193665,0.3570754103,1.146530259,0.01254808859,133.4846463,0.1835372851,135.4932411,,,,
HWM_DRAWDOWN,UPRO,LAG2,10,drawdown,0.15,0.1,rule,1986-11-21,1987-10-16,227,0.05038049096,0.02291743036,0.02547443357,-0.02161546065,0.07455210782,0.02108457283,0.7455210782,1987,0.07238620086,0.01887815897,3.834388776
HWM_DRAWDOWN,UPRO,LAG2,10,drawdown,0.15,0.1,rule,1988-11-23,1990-01-23,293,0.444901385,0.5558609659,0.4608131501,0.0127737709,0.01904981277,0.004457012814,0.1904981277,2000_2002,1.812415703,2.205806349,0.8216567621
HWM_DRAWDOWN,UPRO,LAG2,10,drawdown,0.15,0.1,rule,1990-05-09,1990-08-06,61,-0.3475648162,-0.1057540793,-0.3679045446,-0.007717324451,0,0,0,2000_2002,1.812415703,2.205806349,0.8216567621
HWM_DRAWDOWN,UPRO,LAG2,10,drawdown,0.15,0.1,rule,1991-01-25,1991-11-20,208,0.387083472,0.3247050428,0.4098644868,0.01333549816,0,0,0,2000_2002,1.812415703,2.205806349,0.8216567621
HWM_DRAWDOWN,UPRO,LAG2,10,drawdown,0.15,0.1,rule,1991-12-16,1992-04-09,80,0.3777776609,0.1093573854,0.3904357851,0.002879455804,0.0216077046,0.01487290093,0.216077046,2000_2002,1.812415703,2.205806349,0.8216567621
HWM_DRAWDOWN,UPRO,LAG2,10,drawdown,0.15,0.1,rule,1992-06-22,1992-10-05,73,0.0857365583,0.02482061165,0.08902866734,0.0008703445883,0,0,0,2000_2002,1.812415703,2.205806349,0.8216567621
HWM_DRAWDOWN,UPRO,LAG2,10,drawdown,0.15,0.1,rule,1992-10-20,1994-03-28,363,0.2056962923,0.3220133925,0.2148047484,0.01079723632,0.07816574909,0.01391002757,0.7816574909,2000_2002,1.812415703,2.205806349,0.8216567621
HWM_DRAWDOWN,UPRO,LAG2,10,drawdown,0.15,0.1,rule,1994-12-22,1996-07-16,394,0.6140232005,1.222436465,0.6652042872,0.04888876034,0.3260013174,0.02613465679,3.260013174,2000_2002,1.812415703,2.205806349,0.8216567621
HWM_DRAWDOWN,UPRO,LAG2,10,drawdown,0.15,0.1,rule,1996-07-31,1998-08-28,525,0.6314149425,1.993403755,0.6960751314,0.08066476072,1.421025803,0.02131033031,14.21025803,2000_2002,1.812415703,2.205806349,0.8216567621
HWM_DRAWDOWN,UPRO,LAG2,10,drawdown,0.15,0.1,rule,1998-10-30,1999-09-24,226,0.3419935809,0.3378321521,0.3814299272,0.0260884043,0.5354227688,0.008992446048,5.354227688,2000_2002,1.812415703,2.205806349,0.8216567621
HWM_DRAWDOWN,UPRO,LAG2,10,drawdown,0.15,0.1,rule,1999-10-29,2000-02-22,78,-0.1985659425,-0.08213116465,-0.2365034212,-0.01540125922,0,0,0,2000_2002,1.812415703,2.205806349,0.8216567621
HWM_DRAWDOWN,UPRO,LAG2,10,drawdown,0.15,0.1,rule,2003-04-21,2004-07-19,313,0.5465095038,0.7919110717,0.5971624331,0.0401472778,0,0,0,2007_2009,1.551468489,0.09343255425,16.60522396
HWM_DRAWDOWN,UPRO,LAG2,10,drawdown,0.15,0.1,rule,2004-10-28,2005-04-18,117,0.0575299486,0.02757496836,0.05946484703,0.0008608088465,0,0,0,2007_2009,1.551468489,0.09343255425,16.60522396
HWM_DRAWDOWN,UPRO,LAG2,10,drawdown,0.15,0.1,rule,2005-05-17,2005-10-06,99,0.05632178243,0.02199042659,0.05754527765,0.0004500417162,0,0,0,2007_2009,1.551468489,0.09343255425,16.60522396
HWM_DRAWDOWN,UPRO,LAG2,10,drawdown,0.15,0.1,rule,2005-11-01,2006-05-24,140,0.1755242936,0.09820720678,0.1826134852,0.003358139887,0,0,0,2007_2009,1.551468489,0.09343255425,16.60522396
HWM_DRAWDOWN,UPRO,LAG2,10,drawdown,0.15,0.1,rule,2006-08-16,2007-08-06,243,0.3056099844,0.3061343074,0.3162451427,0.007885073962,0.3757762931,0.008354502646,3.757762931,2007_2009,1.551468489,0.09343255425,16.60522396
HWM_DRAWDOWN,UPRO,LAG2,10,drawdown,0.15,0.1,rule,2009-07-14,2010-05-21,216,0.8031350258,0.6519647728,0.8031350258,0,0,0,0,2020,12.06208404,22.66920879,0.5320910913
HWM_DRAWDOWN,UPRO,LAG2,10,drawdown,0.15,0.1,rule,2010-09-14,2011-08-03,224,0.4612960746,0.3985615887,0.4612935611,-1.521109385e-06,0.0001678158478,3.109641626e-06,0.001678158478,2020,12.06208404,22.66920879,0.5320910913
HWM_DRAWDOWN,UPRO,LAG2,10,drawdown,0.15,0.1,rule,2012-01-04,2012-06-04,104,0.004924158334,0.001322166612,0.003180061392,-0.0007228827143,0.06127437354,0.002634314196,0.6127437354,2020,12.06208404,22.66920879,0.5320910913
HWM_DRAWDOWN,UPRO,LAG2,10,drawdown,0.15,0.1,rule,2012-06-07,2012-11-09,107,0.3899870669,0.1496715283,0.3891181075,-0.0002653786411,0.09892991161,0.003583153959,0.9892991161,2020,12.06208404,22.66920879,0.5320910913
HWM_DRAWDOWN,UPRO,LAG2,10,drawdown,0.15,0.1,rule,2012-11-20,2014-10-14,477,0.6014243508,1.498130195,0.6201883976,0.02210197531,4.684060947,0.02277763019,46.84060947,2020,12.06208404,22.66920879,0.5320910913
HWM_DRAWDOWN,UPRO,LAG2,10,drawdown,0.15,0.1,rule,2014-10-22,2015-07-09,178,0.2757335999,0.203456818,0.2971476151,0.01184954073,0.8772693623,0.007294326992,8.772693623,2020,12.06208404,22.66920879,0.5320910913
HWM_DRAWDOWN,UPRO,LAG2,10,drawdown,0.15,0.1,rule,2016-03-17,2016-06-28,71,-0.03511518506,-0.01114742432,-0.03897229951,-0.001129545025,0,0,0,2020,12.06208404,22.66920879,0.5320910913
HWM_DRAWDOWN,UPRO,LAG2,10,drawdown,0.15,0.1,rule,2016-06-29,2018-04-03,442,0.4356427221,0.9758407326,0.4723093074,0.04439734409,6.359988725,0.02289485148,63.59988725,2020,12.06208404,22.66920879,0.5320910913
HWM_DRAWDOWN,UPRO,LAG2,10,drawdown,0.15,0.1,rule,2018-04-04,2018-10-12,134,0.2241979002,0.1234791221,0.2493831566,0.01064898896,0,0,0,2020,12.06208404,22.66920879,0.5320910913
HWM_DRAWDOWN,UPRO,LAG2,10,drawdown,0.15,0.1,rule,2019-06-05,2020-02-28,185,0.1284105527,0.09257479776,0.1282467162,-0.0001065416895,3.652215932,0.01641962904,36.52215932,2020,12.06208404,22.66920879,0.5320910913
HWM_DRAWDOWN,UPRO,LAG2,10,drawdown,0.15,0.1,rule,2020-06-30,2022-01-24,395,0.8189928327,1.699822964,0.8834236377,0.05460677497,25.72528394,0.02236765398,257.2528394,2022,1.590024423,39.00957488,0.04075985005
HWM_DRAWDOWN,UPRO,LAG2,10,drawdown,0.15,0.1,rule,2023-03-21,2023-10-23,149,0.1429286406,0.08897210336,0.1550327633,0.006230001136,0,0,0,,,,
HWM_DRAWDOWN,UPRO,LAG2,10,drawdown,0.15,0.1,rule,2023-11-03,2025-03-11,336,0.4721976098,0.7549499606,0.5156629079,0.03935316816,12.73285666,0.009677433077,127.3285666,,,,
HWM_DRAWDOWN,UPRO,LAG2,10,drawdown,0.15,0.1,rule,2025-05-13,2026-03-20,214,0.2648305093,0.2382598801,0.2852915193,0.01366392859,9.412341439,0.009684411809,94.12341439,,,,
HWM_DRAWDOWN,UPRO,LAG2,10,drawdown,0.15,0.1,rule,2026-04-09,2026-09-02,101,1.015132784,0.3570754103,1.146530259,0.02524975146,11.96125922,0.01769411023,119.6125922,,,,
BAND_DRAWDOWN,UPRO,LAG2,10,drawdown,0.2,0.1,rule,1986-11-21,1987-10-16,227,0.0288032678,0.02291743036,0.02547443357,-0.002919235054,0,0,0.7021823381,1987,0.1312804927,0.0556389797,2.359505753
BAND_DRAWDOWN,UPRO,LAG2,10,drawdown,0.2,0.1,rule,1988-11-23,1990-01-23,293,0.4637352557,0.5558609659,0.4608131501,-0.002330701282,0.1271599698,0.03151450175,0.1867273099,2000_2002,1.742058012,1.639638627,1.062464609
BAND_DRAWDOWN,UPRO,LAG2,10,drawdown,0.2,0.1,rule,1990-05-09,1990-08-06,61,-0.3166298465,-0.1057540793,-0.3679045446,-0.01900524526,0,0,0,2000_2002,1.742058012,1.639638627,1.062464609
BAND_DRAWDOWN,UPRO,LAG2,10,drawdown,0.2,0.1,rule,1991-01-25,1991-11-20,208,0.3542536579,0.3247050428,0.4098644868,0.03294369678,0,0,0,2000_2002,1.742058012,1.639638627,1.062464609
BAND_DRAWDOWN,UPRO,LAG2,10,drawdown,0.2,0.1,rule,1991-12-16,1992-04-09,80,0.3430142483,0.1093573854,0.3904357851,0.01092560945,0,0,0.2184659718,2000_2002,1.742058012,1.639638627,1.062464609
BAND_DRAWDOWN,UPRO,LAG2,10,drawdown,0.2,0.1,rule,1992-06-22,1992-10-05,73,0.082343982,0.02482061165,0.08902866734,0.001770015413,0,0,0,2000_2002,1.742058012,1.639638627,1.062464609
BAND_DRAWDOWN,UPRO,LAG2,10,drawdown,0.2,0.1,rule,1992-10-20,1994-03-28,363,0.1948555024,0.3220133925,0.2148047484,0.02375481501,0,0,0.7387465743,2000_2002,1.742058012,1.639638627,1.062464609
BAND_DRAWDOWN,UPRO,LAG2,10,drawdown,0.2,0.1,rule,1994-12-22,1996-07-16,394,0.6137765669,1.222436465,0.6652042872,0.04912808165,0.2724217644,0.02240076609,3.184233534,2000_2002,1.742058012,1.639638627,1.062464609
BAND_DRAWDOWN,UPRO,LAG2,10,drawdown,0.2,0.1,rule,1996-07-31,1998-08-28,525,0.6343933404,1.993403755,0.6960751314,0.07687945356,0.6148558143,0.009124107088,14.36300784,2000_2002,1.742058012,1.639638627,1.062464609
BAND_DRAWDOWN,UPRO,LAG2,10,drawdown,0.2,0.1,rule,1998-10-30,1999-09-24,226,0.3836980759,0.3378321521,0.3814299272,-0.001477719625,1.316400607,0.02113136907,5.608671387,2000_2002,1.742058012,1.639638627,1.062464609
BAND_DRAWDOWN,UPRO,LAG2,10,drawdown,0.2,0.1,rule,1999-10-29,2000-02-22,78,-0.2003043674,-0.08213116465,-0.2365034212,-0.01471161142,0,0,0,2000_2002,1.742058012,1.639638627,1.062464609
BAND_DRAWDOWN,UPRO,LAG2,10,drawdown,0.2,0.1,rule,2003-04-21,2004-07-19,313,0.5484504136,0.7919110717,0.5971624331,0.03858484431,0,0,0,2007_2009,3.279931598,-0.07443179809,
BAND_DRAWDOWN,UPRO,LAG2,10,drawdown,0.2,0.1,rule,2004-10-28,2005-04-18,117,0.0576065174,0.02757496836,0.05946484703,0.0008267145554,0,0,0,2007_2009,3.279931598,-0.07443179809,
BAND_DRAWDOWN,UPRO,LAG2,10,drawdown,0.2,0.1,rule,2005-05-17,2005-10-06,99,0.05637043107,0.02199042659,0.05754527765,0.0004321371986,0,0,0,2007_2009,3.279931598,-0.07443179809,
BAND_DRAWDOWN,UPRO,LAG2,10,drawdown,0.2,0.1,rule,2005-11-01,2006-05-24,140,0.1758060226,0.09820720678,0.1826134852,0.003224299298,0,0,0,2007_2009,3.279931598,-0.07443179809,
BAND_DRAWDOWN,UPRO,LAG2,10,drawdown,0.2,0.1,rule,2006-08-16,2007-08-06,243,0.3189704063,0.3061343074,0.3162451427,-0.002010299007,1.928397277,0.043470665,3.540264009,2007_2009,3.279931598,-0.07443179809,
BAND_DRAWDOWN,UPRO,LAG2,10,drawdown,0.2,0.1,rule,2009-07-14,2010-05-21,216,0.8031350258,0.6519647728,0.8031350258,0,0,0,0,2020,12.06467991,32.32132547,0.3732730552
BAND_DRAWDOWN,UPRO,LAG2,10,drawdown,0.2,0.1,rule,2010-09-14,2011-08-03,224,0.4612935611,0.3985615887,0.4612935611,0,0,0,2.083358347,2020,12.06467991,32.32132547,0.3732730552
BAND_DRAWDOWN,UPRO,LAG2,10,drawdown,0.2,0.1,rule,2012-01-04,2012-06-04,104,0.003180061392,0.001322166612,0.003180061392,0,0,0,0.65666942,2020,12.06467991,32.32132547,0.3732730552
BAND_DRAWDOWN,UPRO,LAG2,10,drawdown,0.2,0.1,rule,2012-06-07,2012-11-09,107,0.4549671139,0.1496715283,0.3891181075,-0.01965421535,3.350605081,0.1157793822,1.061332939,2020,12.06467991,32.32132547,0.3732730552
BAND_DRAWDOWN,UPRO,LAG2,10,drawdown,0.2,0.1,rule,2012-11-20,2014-10-14,477,0.5597419838,1.498130195,0.6201883976,0.07214035076,3.365676996,0.01625151624,47.11116393,2020,12.06467991,32.32132547,0.3732730552
BAND_DRAWDOWN,UPRO,LAG2,10,drawdown,0.2,0.1,rule,2014-10-22,2015-07-09,178,0.2669510703,0.203456818,0.2971476151,0.01676701354,0,0,8.895511604,2020,12.06467991,32.32132547,0.3732730552
BAND_DRAWDOWN,UPRO,LAG2,10,drawdown,0.2,0.1,rule,2016-03-17,2016-06-28,71,-0.03459722698,-0.01114742432,-0.03897229951,-0.001280883584,0,0,0,2020,12.06467991,32.32132547,0.3732730552
BAND_DRAWDOWN,UPRO,LAG2,10,drawdown,0.2,0.1,rule,2016-06-29,2018-04-03,442,0.4355450004,0.9758407326,0.4723093074,0.04451717812,6.795847425,0.02379212229,65.78461568,2020,12.06467991,32.32132547,0.3732730552
BAND_DRAWDOWN,UPRO,LAG2,10,drawdown,0.2,0.1,rule,2018-04-04,2018-10-12,134,0.2221992362,0.1234791221,0.2493831566,0.01150343779,0,0,0,2020,12.06467991,32.32132547,0.3732730552
BAND_DRAWDOWN,UPRO,LAG2,10,drawdown,0.2,0.1,rule,2019-06-05,2020-02-28,185,0.1156694749,0.09257479776,0.1282467162,0.008225416019,0,0,37.91510405,2020,12.06467991,32.32132547,0.3732730552
BAND_DRAWDOWN,UPRO,LAG2,10,drawdown,0.2,0.1,rule,2020-06-30,2022-01-24,395,0.8162059647,1.699822964,0.8834236377,0.05701214947,33.01858982,0.02836735786,259.4501011,2022,3.903068065,44.93361995,0.08686297854
BAND_DRAWDOWN,UPRO,LAG2,10,drawdown,0.2,0.1,rule,2023-03-21,2023-10-23,149,0.1412145707,0.08897210336,0.1550327633,0.007117563344,0,0,0,,,,
BAND_DRAWDOWN,UPRO,LAG2,10,drawdown,0.2,0.1,rule,2023-11-03,2025-03-11,336,0.4592275584,0.7549499606,0.5156629079,0.05132146742,0,0,131.8211882,,,,
BAND_DRAWDOWN,UPRO,LAG2,10,drawdown,0.2,0.1,rule,2025-05-13,2026-03-20,214,0.2652369614,0.2382598801,0.2852915193,0.01339035293,0,0,98.02885903,,,,
BAND_DRAWDOWN,UPRO,LAG2,10,drawdown,0.2,0.1,rule,2026-04-09,2026-09-02,101,1.058511855,0.3570754103,1.146530259,0.01673629049,38.10209346,0.05465291133,124.5145046,,,,
NO_RESERVE,UPRO,LAG2,25,staged,0.15,0.1,rule,1986-11-21,1987-10-16,227,0.02376517017,0.0213815183,0.02376517017,0,0,0,0.7677546611,1987,0,0,
NO_RESERVE,UPRO,LAG2,25,staged,0.15,0.1,rule,1988-11-23,1990-01-23,293,0.4589323285,0.5535248383,0.4589323285,0,0,0,0.1047167253,2000_2002,0,0,
NO_RESERVE,UPRO,LAG2,25,staged,0.15,0.1,rule,1990-05-09,1990-08-06,61,-0.3717904884,-0.1070967909,-0.3717904884,0,0,0,0,2000_2002,0,0,
NO_RESERVE,UPRO,LAG2,25,staged,0.15,0.1,rule,1991-01-25,1991-11-20,208,0.4072789549,0.3227159962,0.4072789549,0,0,0,0,2000_2002,0,0,
NO_RESERVE,UPRO,LAG2,25,staged,0.15,0.1,rule,1991-12-16,1992-04-09,80,0.3838157632,0.1076916836,0.3838157632,0,0,0,0.1509136648,2000_2002,0,0,
NO_RESERVE,UPRO,LAG2,25,staged,0.15,0.1,rule,1992-06-22,1992-10-05,73,0.08335115974,0.02328184196,0.08335115974,0,0,0,0,2000_2002,0,0,
NO_RESERVE,UPRO,LAG2,25,staged,0.15,0.1,rule,1992-10-20,1994-03-28,363,0.2135330328,0.3200283874,0.2135330328,0,0,0,0.7510819605,2000_2002,0,0,
NO_RESERVE,UPRO,LAG2,25,staged,0.15,0.1,rule,1994-12-22,1996-07-16,394,0.6636072854,1.219099473,0.6636072854,0,0,0,3.253736996,2000_2002,0,0,
NO_RESERVE,UPRO,LAG2,25,staged,0.15,0.1,rule,1996-07-31,1998-08-28,525,0.69484752,1.988909154,0.69484752,0,0,0,16.00107013,2000_2002,0,0,
NO_RESERVE,UPRO,LAG2,25,staged,0.15,0.1,rule,1998-10-30,1999-09-24,226,0.3791273563,0.3358233951,0.3791273563,0,0,0,6.033279838,2000_2002,0,0,
NO_RESERVE,UPRO,LAG2,25,staged,0.15,0.1,rule,1999-10-29,2000-02-22,78,-0.2401072517,-0.08350934608,-0.2401072517,0,0,0,0,2000_2002,0,0,
NO_RESERVE,UPRO,LAG2,25,staged,0.15,0.1,rule,2003-04-21,2004-07-19,313,0.5952370461,0.7892205145,0.5952370461,0,0,0,0,2007_2009,0,0,
NO_RESERVE,UPRO,LAG2,25,staged,0.15,0.1,rule,2004-10-28,2005-04-18,117,0.05608958387,0.026032063,0.05608958387,0,0,0,0,2007_2009,0,0,
NO_RESERVE,UPRO,LAG2,25,staged,0.15,0.1,rule,2005-05-17,2005-10-06,99,0.05346571262,0.02045590643,0.05346571262,0,0,0,0,2007_2009,0,0,
NO_RESERVE,UPRO,LAG2,25,staged,0.15,0.1,rule,2005-11-01,2006-05-24,140,0.179436093,0.09655824701,0.179436093,0,0,0,0,2007_2009,0,0,
NO_RESERVE,UPRO,LAG2,25,staged,0.15,0.1,rule,2006-08-16,2007-08-06,243,0.3142117793,0.3041731448,0.3142117793,0,0,0,0,2007_2009,0,0,
NO_RESERVE,UPRO,LAG2,25,staged,0.15,0.1,rule,2009-07-14,2010-05-21,216,0.7999557591,0.6494843452,0.7999557591,0,0,0,0,2020,0,0,
NO_RESERVE,UPRO,LAG2,25,staged,0.15,0.1,rule,2010-09-14,2011-08-03,224,0.4588126667,0.3964616464,0.4588126667,0,0,0,0,2020,0,0,
NO_RESERVE,UPRO,LAG2,25,staged,0.15,0.1,rule,2012-01-04,2012-06-04,104,-0.0004356496841,-0.0001813201242,-0.0004356496841,0,0,0,0,2020,0,0,
NO_RESERVE,UPRO,LAG2,25,staged,0.15,0.1,rule,2012-06-07,2012-11-09,107,0.3842081124,0.1479452947,0.3842081124,0,0,0,0,2020,0,0,
NO_RESERVE,UPRO,LAG2,25,staged,0.15,0.1,rule,2012-11-20,2014-10-14,477,0.6189057641,1.494379248,0.6189057641,0,0,0,30.45454515,2020,0,0,
NO_RESERVE,UPRO,LAG2,25,staged,0.15,0.1,rule,2014-10-22,2015-07-09,178,0.2944123464,0.2016498258,0.2944123464,0,0,0,6.863318553,2020,0,0,
NO_RESERVE,UPRO,LAG2,25,staged,0.15,0.1,rule,2016-03-17,2016-06-28,71,-0.04407951723,-0.01263218794,-0.04407951723,0,0,0,0,2020,0,0,
NO_RESERVE,UPRO,LAG2,25,staged,0.15,0.1,rule,2016-06-29,2018-04-03,442,0.4710531473,0.9728740047,0.4710531473,0,0,0,49.27821864,2020,0,0,
NO_RESERVE,UPRO,LAG2,25,staged,0.15,0.1,rule,2018-04-04,2018-10-12,134,0.2457982263,0.1217922165,0.2457982263,0,0,0,0,2020,0,0,
NO_RESERVE,UPRO,LAG2,25,staged,0.15,0.1,rule,2019-06-05,2020-02-28,185,0.1259385509,0.09093429506,0.1259385509,0,0,0,26.70061151,2020,0,0,
NO_RESERVE,UPRO,LAG2,25,staged,0.15,0.1,rule,2020-06-30,2022-01-24,395,0.8816205051,1.695769175,0.8816205051,0,0,0,198.9296428,2022,0,0,
NO_RESERVE,UPRO,LAG2,25,staged,0.15,0.1,rule,2023-03-21,2023-10-23,149,0.1521016597,0.08733701011,0.1521016597,0,0,0,0,,,,
NO_RESERVE,UPRO,LAG2,25,staged,0.15,0.1,rule,2023-11-03,2025-03-11,336,0.5139799366,0.7523149006,0.5139799366,0,0,0,80.46195872,,,,
NO_RESERVE,UPRO,LAG2,25,staged,0.15,0.1,rule,2025-05-13,2026-03-20,214,0.2830253082,0.236400631,0.2830253082,0,0,0,71.19039241,,,,
NO_RESERVE,UPRO,LAG2,25,staged,0.15,0.1,rule,2026-04-09,2026-09-02,101,1.138476282,0.3550377595,1.138476282,0,0,0,94.35858223,,,,
FIXED_90_10,UPRO,LAG2,25,staged,0.15,0.1,quarterly,1986-11-21,1987-10-16,227,0.05367859675,0.0213815183,0.02376517017,-0.02594194737,0.07832668777,0.02391529253,0.6948377689,1987,0.1236592221,0.05387513571,2.295293004
FIXED_90_10,UPRO,LAG2,25,staged,0.15,0.1,quarterly,1988-11-23,1990-01-23,293,0.4257641754,0.5535248383,0.4589323285,0.0268219082,0.07467486451,0.01908683118,0.1613134152,2000_2002,0.4969963261,1.633143798,0.3043187787
FIXED_90_10,UPRO,LAG2,25,staged,0.15,0.1,quarterly,1990-05-09,1990-08-06,61,-0.3282567027,-0.1070967909,-0.3717904884,-0.0163264235,0.01173923568,0.01414974378,0,2000_2002,0.4969963261,1.633143798,0.3043187787
FIXED_90_10,UPRO,LAG2,25,staged,0.15,0.1,quarterly,1991-01-25,1991-11-20,208,0.3746514177,0.3227159962,0.4072789549,0.01920299242,0.05200012445,0.01525860806,0,2000_2002,0.4969963261,1.633143798,0.3043187787
FIXED_90_10,UPRO,LAG2,25,staged,0.15,0.1,quarterly,1991-12-16,1992-04-09,80,0.3502367887,0.1076916836,0.3838157632,0.007734282312,0.02757935578,0.02100711061,0.1984070156,2000_2002,0.4969963261,1.633143798,0.3043187787
FIXED_90_10,UPRO,LAG2,25,staged,0.15,0.1,quarterly,1992-06-22,1992-10-05,73,0.07872929149,0.02328184196,0.08335115974,0.001229066675,0.007385011783,0.008105793525,0,2000_2002,0.4969963261,1.633143798,0.3043187787
FIXED_90_10,UPRO,LAG2,25,staged,0.15,0.1,quarterly,1992-10-20,1994-03-28,363,0.194727031,0.3200283874,0.2135330328,0.02240644587,0.05505813092,0.01085103052,0.6949351463,2000_2002,0.4969963261,1.633143798,0.3043187787
FIXED_90_10,UPRO,LAG2,25,staged,0.15,0.1,quarterly,1994-12-22,1996-07-16,394,0.5995723032,1.219099473,0.6636072854,0.06147065948,0.3171722924,0.02819296785,2.883505269,2000_2002,0.4969963261,1.633143798,0.3043187787
FIXED_90_10,UPRO,LAG2,25,staged,0.15,0.1,quarterly,1996-07-31,1998-08-28,525,0.6304730935,1.988909154,0.69484752,0.08036058455,1.111619509,0.0182288232,12.93756563,2000_2002,0.4969963261,1.633143798,0.3043187787
FIXED_90_10,UPRO,LAG2,25,staged,0.15,0.1,quarterly,1998-10-30,1999-09-24,226,0.3585960297,0.3358233951,0.3791273563,0.01351049486,0.9757419689,0.01755808462,5.023423216,2000_2002,0.4969963261,1.633143798,0.3043187787
FIXED_90_10,UPRO,LAG2,25,staged,0.15,0.1,quarterly,1999-10-29,2000-02-22,78,-0.2035201257,-0.08350934608,-0.2401072517,-0.01493456211,0.2794922762,0.01781091584,0,2000_2002,0.4969963261,1.633143798,0.3043187787
FIXED_90_10,UPRO,LAG2,25,staged,0.15,0.1,quarterly,2003-04-21,2004-07-19,313,0.5329213073,0.7892205145,0.5952370461,0.04963838526,0.7059197281,0.01965605525,0,2007_2009,0.8255260086,0.1407457537,5.865370619
FIXED_90_10,UPRO,LAG2,25,staged,0.15,0.1,quarterly,2004-10-28,2005-04-18,117,0.05527944485,0.026032063,0.05608958387,0.0003613796097,0.1592022058,0.01328587352,0,2007_2009,0.8255260086,0.1407457537,5.865370619
FIXED_90_10,UPRO,LAG2,25,staged,0.15,0.1,quarterly,2005-05-17,2005-10-06,99,0.05295098465,0.02045590643,0.05346571262,0.0001900035035,0.1308799239,0.01396337844,0,2007_2009,0.8255260086,0.1407457537,5.865370619
FIXED_90_10,UPRO,LAG2,25,staged,0.15,0.1,quarterly,2005-11-01,2006-05-24,140,0.1660996602,0.09655824701,0.179436093,0.006351440587,0.135088727,0.00940287111,0,2007_2009,0.8255260086,0.1407457537,5.865370619
FIXED_90_10,UPRO,LAG2,25,staged,0.15,0.1,quarterly,2006-08-16,2007-08-06,243,0.2887317048,0.3041731448,0.3142117793,0.01902908698,0.5325529681,0.0165866473,0,2007_2009,0.8255260086,0.1407457537,5.865370619
FIXED_90_10,UPRO,LAG2,25,staged,0.15,0.1,quarterly,2009-07-14,2010-05-21,216,0.7184196742,0.6494843452,0.7999557591,0.03947167888,0.7892123742,0.02224631679,0,2020,3.498190518,20.27159576,0.1725661147
FIXED_90_10,UPRO,LAG2,25,staged,0.15,0.1,quarterly,2010-09-14,2011-08-03,224,0.4153870772,0.3964616464,0.4588126667,0.02672416344,0.7561566087,0.02184141722,0,2020,3.498190518,20.27159576,0.1725661147
FIXED_90_10,UPRO,LAG2,25,staged,0.15,0.1,quarterly,2012-01-04,2012-06-04,104,0.02171740848,-0.0001813201242,-0.0004356496841,-0.009122367838,0.5309975575,0.03599102895,0,2020,3.498190518,20.27159576,0.1725661147
FIXED_90_10,UPRO,LAG2,25,staged,0.15,0.1,quarterly,2012-06-07,2012-11-09,107,0.3388451183,0.1479452947,0.3842081124,0.01414025462,0.296623169,0.01705152683,0,2020,3.498190518,20.27159576,0.1725661147
FIXED_90_10,UPRO,LAG2,25,staged,0.15,0.1,quarterly,2012-11-20,2014-10-14,477,0.5479818734,1.494379248,0.6189057641,0.08499737755,2.760554523,0.02129402754,27.2971069,2020,3.498190518,20.27159576,0.1725661147
FIXED_90_10,UPRO,LAG2,25,staged,0.15,0.1,quarterly,2014-10-22,2015-07-09,178,0.2620422498,0.2016498258,0.2944123464,0.01802777967,0.6358818469,0.008388482067,5.397189018,2020,3.498190518,20.27159576,0.1725661147
FIXED_90_10,UPRO,LAG2,25,staged,0.15,0.1,quarterly,2016-03-17,2016-06-28,71,-0.03837930957,-0.01263218794,-0.04407951723,-0.001676579899,0.2524465034,0.01223842695,0,2020,3.498190518,20.27159576,0.1725661147
FIXED_90_10,UPRO,LAG2,25,staged,0.15,0.1,quarterly,2016-06-29,2018-04-03,442,0.4209177279,0.9728740047,0.4710531473,0.06104428269,3.908558605,0.02263878104,37.97583262,2020,3.498190518,20.27159576,0.1725661147
FIXED_90_10,UPRO,LAG2,25,staged,0.15,0.1,quarterly,2018-04-04,2018-10-12,134,0.2296718898,0.1217922165,0.2457982263,0.006813296884,2.403609745,0.03127047839,0,2020,3.498190518,20.27159576,0.1725661147
FIXED_90_10,UPRO,LAG2,25,staged,0.15,0.1,quarterly,2019-06-05,2020-02-28,185,0.1268727353,0.09093429506,0.1259385509,-0.0006085305755,2.685614295,0.01958908299,21.58003499,2020,3.498190518,20.27159576,0.1725661147
FIXED_90_10,UPRO,LAG2,25,staged,0.15,0.1,quarterly,2020-06-30,2022-01-24,395,0.7841722885,1.695769175,0.8816205051,0.08342624692,19.24013536,0.0287456903,145.8798272,2022,3.90958461,31.99569075,0.1221909738
FIXED_90_10,UPRO,LAG2,25,staged,0.15,0.1,quarterly,2023-03-21,2023-10-23,149,0.1466916098,0.08733701011,0.1521016597,0.002783528542,2.811443765,0.0144831282,0,,,,
FIXED_90_10,UPRO,LAG2,25,staged,0.15,0.1,quarterly,2023-11-03,2025-03-11,336,0.4664826735,0.7523149006,0.5139799366,0.04311102972,12.32191563,0.01661865457,64.48188572,,,,
FIXED_90_10,UPRO,LAG2,25,staged,0.15,0.1,quarterly,2025-05-13,2026-03-20,214,0.263321914,0.236400631,0.2830253082,0.01317747653,11.09118167,0.02027535983,52.47056366,,,,
FIXED_90_10,UPRO,LAG2,25,staged,0.15,0.1,quarterly,2026-04-09,2026-09-02,101,1.005595471,0.3550377595,1.138476282,0.02564345509,9.082807838,0.02356848733,68.01649838,,,,
FIXED_85_15,UPRO,LAG2,25,staged,0.15,0.1,quarterly,1986-11-21,1987-10-16,227,0.06656588131,0.0213815183,0.02376517017,-0.03689200726,0.1111568539,0.03604773672,0.6581883091,1987,0.1818095757,0.08092455412,2.246655267
FIXED_85_15,UPRO,LAG2,25,staged,0.15,0.1,quarterly,1988-11-23,1990-01-23,293,0.4087046503,0.5535248383,0.4589323285,0.04086135078,0.1066562765,0.02870510374,0.1835583745,2000_2002,0.6901742137,2.463389951,0.2801725376
FIXED_85_15,UPRO,LAG2,25,staged,0.15,0.1,quarterly,1990-05-09,1990-08-06,61,-0.3061938758,-0.1070967909,-0.3717904884,-0.02420089302,0.01681713903,0.02122602094,0,2000_2002,0.6901742137,2.463389951,0.2801725376
FIXED_85_15,UPRO,LAG2,25,staged,0.15,0.1,quarterly,1991-01-25,1991-11-20,208,0.358119211,0.3227159962,0.4072789549,0.02910775122,0.07516631499,0.0230395127,0.001415300414,2000_2002,0.6901742137,2.463389951,0.2801725376
FIXED_85_15,UPRO,LAG2,25,staged,0.15,0.1,quarterly,1991-12-16,1992-04-09,80,0.3333362565,0.1076916836,0.3838157632,0.01170007778,0.03933591477,0.03161771553,0.2169008017,2000_2002,0.6901742137,2.463389951,0.2801725376
FIXED_85_15,UPRO,LAG2,25,staged,0.15,0.1,quarterly,1992-06-22,1992-10-05,73,0.07637467191,0.02328184196,0.08335115974,0.001857243294,0.01052256456,0.01216032021,0,2000_2002,0.6901742137,2.463389951,0.2801725376
FIXED_85_15,UPRO,LAG2,25,staged,0.15,0.1,quarterly,1992-10-20,1994-03-28,363,0.1853756186,0.3200283874,0.2135330328,0.03367984325,0.0780123764,0.01631319033,0.6635581173,2000_2002,0.6901742137,2.463389951,0.2801725376
FIXED_85_15,UPRO,LAG2,25,staged,0.15,0.1,quarterly,1994-12-22,1996-07-16,394,0.5677085594,1.219099473,0.6636072854,0.09298155008,0.4424867332,0.04251196532,2.69227371,2000_2002,0.6901742137,2.463389951,0.2801725376
FIXED_85_15,UPRO,LAG2,25,staged,0.15,0.1,quarterly,1996-07-31,1998-08-28,525,0.5981087644,1.988909154,0.69484752,0.1219687273,1.484611682,0.02748479718,11.52538766,2000_2002,0.6901742137,2.463389951,0.2801725376
FIXED_85_15,UPRO,LAG2,25,staged,0.15,0.1,quarterly,1998-10-30,1999-09-24,226,0.347126469,0.3358233951,0.3791273563,0.02114712579,1.287984772,0.02657153615,4.522461978,2000_2002,0.6901742137,2.463389951,0.2801725376
FIXED_85_15,UPRO,LAG2,25,staged,0.15,0.1,quarterly,1999-10-29,2000-02-22,78,-0.1856306125,-0.08350934608,-0.2401072517,-0.02198894841,0.3674838408,0.02679452958,0,2000_2002,0.6901742137,2.463389951,0.2801725376
FIXED_85_15,UPRO,LAG2,25,staged,0.15,0.1,quarterly,2003-04-21,2004-07-19,313,0.502049139,0.7892205145,0.5952370461,0.07498259852,0.9720894559,0.02969185545,0,2007_2009,1.130533322,0.2040243162,5.541169517
FIXED_85_15,UPRO,LAG2,25,staged,0.15,0.1,quarterly,2004-10-28,2005-04-18,117,0.05467990459,0.026032063,0.05608958387,0.0006289958675,0.2158639506,0.01997842407,0,2007_2009,1.130533322,0.2040243162,5.541169517
FIXED_85_15,UPRO,LAG2,25,staged,0.15,0.1,quarterly,2005-05-17,2005-10-06,99,0.05256625146,0.02045590643,0.05346571262,0.0003320822021,0.1772851778,0.02093711608,0,2007_2009,1.130533322,0.2040243162,5.541169517
FIXED_85_15,UPRO,LAG2,25,staged,0.15,0.1,quarterly,2005-11-01,2006-05-24,140,0.1594161753,0.09655824701,0.179436093,0.0095618085,0.1822220765,0.01410762593,0,2007_2009,1.130533322,0.2040243162,5.541169517
FIXED_85_15,UPRO,LAG2,25,staged,0.15,0.1,quarterly,2006-08-16,2007-08-06,243,0.2758968132,0.3041731448,0.3142117793,0.02875744369,0.7184982614,0.02492072993,0,2007_2009,1.130533322,0.2040243162,5.541169517
FIXED_85_15,UPRO,LAG2,25,staged,0.15,0.1,quarterly,2009-07-14,2010-05-21,216,0.677417255,0.6494843452,0.7999557591,0.06003455793,1.099350793,0.03355430353,0,2020,4.350051891,28.51438707,0.1525563878
FIXED_85_15,UPRO,LAG2,25,staged,0.15,0.1,quarterly,2010-09-14,2011-08-03,224,0.3933625675,0.3964616464,0.4588126667,0.04059313997,1.046182834,0.03301183244,0,2020,4.350051891,28.51438707,0.1525563878
FIXED_85_15,UPRO,LAG2,25,staged,0.15,0.1,quarterly,2012-01-04,2012-06-04,104,0.03104255142,-0.0001813201242,-0.0004356496841,-0.01290334171,0.7335174731,0.05425122594,0,2020,4.350051891,28.51438707,0.1525563878
FIXED_85_15,UPRO,LAG2,25,staged,0.15,0.1,quarterly,2012-06-07,2012-11-09,107,0.3169730929,0.1479452947,0.3842081124,0.02113017043,0.4080057058,0.0256777461,0,2020,4.350051891,28.51438707,0.1525563878
FIXED_85_15,UPRO,LAG2,25,staged,0.15,0.1,quarterly,2012-11-20,2014-10-14,477,0.5133175406,1.494379248,0.6189057641,0.1279676993,3.689783546,0.03205459181,25.31637051,2020,4.350051891,28.51438707,0.1525563878
FIXED_85_15,UPRO,LAG2,25,staged,0.15,0.1,quarterly,2014-10-22,2015-07-09,178,0.2461211872,0.2016498258,0.2944123464,0.02706500626,0.8315580783,0.01261844132,4.69665104,2020,4.350051891,28.51438707,0.1525563878
FIXED_85_15,UPRO,LAG2,25,staged,0.15,0.1,quarterly,2016-03-17,2016-06-28,71,-0.03561002302,-0.01263218794,-0.04407951723,-0.002487515753,0.3350501551,0.01841341187,0,2020,4.350051891,28.51438707,0.1525563878
FIXED_85_15,UPRO,LAG2,25,staged,0.15,0.1,quarterly,2016-06-29,2018-04-03,442,0.3961532492,0.9728740047,0.4710531473,0.09199661164,5.085198938,0.03410328527,32.70550593,2020,4.350051891,28.51438707,0.1525563878
FIXED_85_15,UPRO,LAG2,25,staged,0.15,0.1,quarterly,2018-04-04,2018-10-12,134,0.2209940408,0.1217922165,0.2457982263,0.01051671653,3.08300062,0.04686984309,0,2020,4.350051891,28.51438707,0.1525563878
FIXED_85_15,UPRO,LAG2,25,staged,0.15,0.1,quarterly,2019-06-05,2020-02-28,185,0.1262730767,0.09093429506,0.1259385509,-0.0002179691486,3.452023054,0.02949081066,18.98602787,2020,4.350051891,28.51438707,0.1525563878
FIXED_85_15,UPRO,LAG2,25,staged,0.15,0.1,quarterly,2020-06-30,2022-01-24,395,0.7360178599,1.695769175,0.8816205051,0.1263493979,24.2317758,0.04328751734,122.1655845,2022,4.526406755,42.53623386,0.1064129648
FIXED_85_15,UPRO,LAG2,25,staged,0.15,0.1,quarterly,2023-03-21,2023-10-23,149,0.1436114729,0.08733701011,0.1521016597,0.004374164656,3.561356941,0.02177707849,0,,,,
FIXED_85_15,UPRO,LAG2,25,staged,0.15,0.1,quarterly,2023-11-03,2025-03-11,336,0.4427747071,0.7523149006,0.5139799366,0.0651549328,15.42021009,0.02512360616,56.23743354,,,,
FIXED_85_15,UPRO,LAG2,25,staged,0.15,0.1,quarterly,2025-05-13,2026-03-20,214,0.2530276174,0.236400631,0.2830253082,0.02014419549,13.72245234,0.03060658977,43.9931546,,,,
FIXED_85_15,UPRO,LAG2,25,staged,0.15,0.1,quarterly,2026-04-09,2026-09-02,101,0.9411609503,0.3550377595,1.138476282,0.0386964298,11.1981474,0.03550467835,56.35637009,,,,
HWM_RESERVE,UPRO,LAG2,25,staged,0.15,0.1,rule,1986-11-21,1987-10-16,227,0.04729858594,0.0213815183,0.02376517017,-0.02047132064,0.07571968866,0.02107310632,0.7571968866,1987,0.04098736141,0.007055422064,5.809342238
HWM_RESERVE,UPRO,LAG2,25,staged,0.15,0.1,rule,1988-11-23,1990-01-23,293,0.4621047713,0.5535248383,0.4589323285,-0.002533414524,0.01693149678,0.003871175141,0.1693149678,2000_2002,0,0.1455580888,0
HWM_RESERVE,UPRO,LAG2,25,staged,0.15,0.1,rule,1990-05-09,1990-08-06,61,-0.3719429922,-0.1070967909,-0.3717904884,5.916010136e-05,0,0,0,2000_2002,0,0.1455580888,0
HWM_RESERVE,UPRO,LAG2,25,staged,0.15,0.1,rule,1991-01-25,1991-11-20,208,0.4072789549,0.3227159962,0.4072789549,0,0,0,0,2000_2002,0,0.1455580888,0
HWM_RESERVE,UPRO,LAG2,25,staged,0.15,0.1,rule,1991-12-16,1992-04-09,80,0.3875655623,0.1076916836,0.3838157632,-0.0008520196096,0.01619668727,0.01099194478,0.1619668727,2000_2002,0,0.1455580888,0
HWM_RESERVE,UPRO,LAG2,25,staged,0.15,0.1,rule,1992-06-22,1992-10-05,73,0.08335115974,0.02328184196,0.08335115974,0,0,0,0,2000_2002,0,0.1455580888,0
HWM_RESERVE,UPRO,LAG2,25,staged,0.15,0.1,rule,1992-10-20,1994-03-28,363,0.2146502813,0.3200283874,0.2135330328,-0.00132019905,0.07694729954,0.01345676987,0.7694729954,2000_2002,0,0.1455580888,0
HWM_RESERVE,UPRO,LAG2,25,staged,0.15,0.1,rule,1994-12-22,1996-07-16,394,0.6591358535,1.219099473,0.6636072854,0.00421488673,0.3244849765,0.02548473099,3.244849765,2000_2002,0,0.1455580888,0
HWM_RESERVE,UPRO,LAG2,25,staged,0.15,0.1,rule,1996-07-31,1998-08-28,525,0.6866709324,1.988909154,0.69484752,0.01003621958,1.539743019,0.02127264,15.39743019,2000_2002,0,0.1455580888,0
HWM_RESERVE,UPRO,LAG2,25,staged,0.15,0.1,rule,1998-10-30,1999-09-24,226,0.3821912433,0.3358233951,0.3791273563,-0.001998904652,0.6806656008,0.009555784907,6.806656008,2000_2002,0,0.1455580888,0
HWM_RESERVE,UPRO,LAG2,25,staged,0.15,0.1,rule,1999-10-29,2000-02-22,78,-0.2418203687,-0.08350934608,-0.2401072517,0.0007167909178,0,0,0,2000_2002,0,0.1455580888,0
HWM_RESERVE,UPRO,LAG2,25,staged,0.15,0.1,rule,2003-04-21,2004-07-19,313,0.5952370461,0.7892205145,0.5952370461,0,0,0,0,2007_2009,0,0,
HWM_RESERVE,UPRO,LAG2,25,staged,0.15,0.1,rule,2004-10-28,2005-04-18,117,0.05608958387,0.026032063,0.05608958387,0,0,0,0,2007_2009,0,0,
HWM_RESERVE,UPRO,LAG2,25,staged,0.15,0.1,rule,2005-05-17,2005-10-06,99,0.05346571262,0.02045590643,0.05346571262,0,0,0,0,2007_2009,0,0,
HWM_RESERVE,UPRO,LAG2,25,staged,0.15,0.1,rule,2005-11-01,2006-05-24,140,0.179436093,0.09655824701,0.179436093,0,0,0,0,2007_2009,0,0,
HWM_RESERVE,UPRO,LAG2,25,staged,0.15,0.1,rule,2006-08-16,2007-08-06,243,0.3142117793,0.3041731448,0.3142117793,0,0,0,0,2007_2009,0,0,
HWM_RESERVE,UPRO,LAG2,25,staged,0.15,0.1,rule,2009-07-14,2010-05-21,216,0.7999557591,0.6494843452,0.7999557591,0,0,0,0,2020,1.210484421,2.479615589,0.4881742261
HWM_RESERVE,UPRO,LAG2,25,staged,0.15,0.1,rule,2010-09-14,2011-08-03,224,0.4588126667,0.3964616464,0.4588126667,0,0,0,0,2020,1.210484421,2.479615589,0.4881742261
HWM_RESERVE,UPRO,LAG2,25,staged,0.15,0.1,rule,2012-01-04,2012-06-04,104,-0.0004356496841,-0.0001813201242,-0.0004356496841,0,0,0,0,2020,1.210484421,2.479615589,0.4881742261
HWM_RESERVE,UPRO,LAG2,25,staged,0.15,0.1,rule,2012-06-07,2012-11-09,107,0.3842081124,0.1479452947,0.3842081124,0,0,0,0,2020,1.210484421,2.479615589,0.4881742261
HWM_RESERVE,UPRO,LAG2,25,staged,0.15,0.1,rule,2012-11-20,2014-10-14,477,0.6113188845,1.494379248,0.6189057641,0.008912597017,2.994780536,0.01929311615,29.94780536,2020,1.210484421,2.479615589,0.4881742261
HWM_RESERVE,UPRO,LAG2,25,staged,0.15,0.1,rule,2014-10-22,2015-07-09,178,0.2849412922,0.2016498258,0.2944123464,0.005227601856,0.689365938,0.007216759848,7.133674665,2020,1.210484421,2.479615589,0.4881742261
HWM_RESERVE,UPRO,LAG2,25,staged,0.15,0.1,rule,2016-03-17,2016-06-28,71,-0.04409977347,-0.01263218794,-0.04407951723,5.975696809e-06,0,0,0,2020,1.210484421,2.479615589,0.4881742261
HWM_RESERVE,UPRO,LAG2,25,staged,0.15,0.1,rule,2016-06-29,2018-04-03,442,0.4733926921,0.9728740047,0.4710531473,-0.002797554938,4.796138408,0.02201482384,47.96138408,2020,1.210484421,2.479615589,0.4881742261
HWM_RESERVE,UPRO,LAG2,25,staged,0.15,0.1,rule,2018-04-04,2018-10-12,134,0.2440138987,0.1217922165,0.2457982263,0.0007495165897,0.08252044322,0.0008252153997,0.8252044322,2020,1.210484421,2.479615589,0.4881742261
HWM_RESERVE,UPRO,LAG2,25,staged,0.15,0.1,rule,2019-06-05,2020-02-28,185,0.1383559673,0.09093429506,0.1259385509,-0.008047801364,2.726785797,0.01512793965,27.26785797,2020,1.210484421,2.479615589,0.4881742261
HWM_RESERVE,UPRO,LAG2,25,staged,0.15,0.1,rule,2020-06-30,2022-01-24,395,0.87200168,1.695769175,0.8816205051,0.008040199269,19.38763287,0.02182062605,193.8763287,2022,11.46300852,10.18377922,1.125614398
HWM_RESERVE,UPRO,LAG2,25,staged,0.15,0.1,rule,2023-03-21,2023-10-23,149,0.1518005195,0.08733701011,0.1521016597,0.0001545959711,0,0,0,,,,
HWM_RESERVE,UPRO,LAG2,25,staged,0.15,0.1,rule,2023-11-03,2025-03-11,336,0.5200386157,0.7523149006,0.5139799366,-0.005401657102,8.795126253,0.008535071764,87.95126253,,,,
HWM_RESERVE,UPRO,LAG2,25,staged,0.15,0.1,rule,2025-05-13,2026-03-20,214,0.2852631865,0.236400631,0.2830253082,-0.001483859987,7.387032749,0.009512753739,73.87032749,,,,
HWM_RESERVE,UPRO,LAG2,25,staged,0.15,0.1,rule,2026-04-09,2026-09-02,101,1.1269406,0.3550377595,1.138476282,0.0021620984,7.818823184,0.01422676009,95.79087918,,,,
ASYMMETRIC_RESERVE_BAND,UPRO,LAG2,25,staged,0.2,0.1,rule,1986-11-21,1987-10-16,227,0.05194695319,0.0213815183,0.02376517017,-0.02446040823,0.2163531458,0.06459833416,0.7189064009,1987,0.1165165153,0.03637255227,3.203418731
ASYMMETRIC_RESERVE_BAND,UPRO,LAG2,25,staged,0.2,0.1,rule,1988-11-23,1990-01-23,293,0.4976232517,0.5535248383,0.4589323285,-0.03052791953,0.1986466532,0.04696367664,0.2239316389,2000_2002,0,0.6622056515,0
ASYMMETRIC_RESERVE_BAND,UPRO,LAG2,25,staged,0.2,0.1,rule,1990-05-09,1990-08-06,61,-0.3735256336,-0.1070967909,-0.3717904884,0.0006739560229,0,0,0,2000_2002,0,0.6622056515,0
ASYMMETRIC_RESERVE_BAND,UPRO,LAG2,25,staged,0.2,0.1,rule,1991-01-25,1991-11-20,208,0.4072789549,0.3227159962,0.4072789549,0,0,0,0,2000_2002,0,0.6622056515,0
ASYMMETRIC_RESERVE_BAND,UPRO,LAG2,25,staged,0.2,0.1,rule,1991-12-16,1992-04-09,80,0.3984803037,0.1076916836,0.3838157632,-0.003318996164,0.2132447031,0.147144543,0.221927407,2000_2002,0,0.6622056515,0
ASYMMETRIC_RESERVE_BAND,UPRO,LAG2,25,staged,0.2,0.1,rule,1992-06-22,1992-10-05,73,0.08335115974,0.02328184196,0.08335115974,0,0,0,0,2000_2002,0,0.6622056515,0
ASYMMETRIC_RESERVE_BAND,UPRO,LAG2,25,staged,0.2,0.1,rule,1992-10-20,1994-03-28,363,0.2075862777,0.3200283874,0.2135330328,0.007047511447,0.4885265481,0.08903470621,0.772265352,2000_2002,0,0.6622056515,0
ASYMMETRIC_RESERVE_BAND,UPRO,LAG2,25,staged,0.2,0.1,rule,1994-12-22,1996-07-16,394,0.6235881865,1.219099473,0.6636072854,0.03813282958,0.3036644203,0.02427260828,3.173065787,2000_2002,0,0.6622056515,0
ASYMMETRIC_RESERVE_BAND,UPRO,LAG2,25,staged,0.2,0.1,rule,1996-07-31,1998-08-28,525,0.658773676,1.988909154,0.69484752,0.04464821946,2.002937549,0.02880734828,14.66688601,2000_2002,0,0.6622056515,0
ASYMMETRIC_RESERVE_BAND,UPRO,LAG2,25,staged,0.2,0.1,rule,1998-10-30,1999-09-24,226,0.4014203374,0.3358233951,0.3791273563,-0.01444384351,4.248686523,0.0654292783,6.152894782,2000_2002,0,0.6622056515,0
ASYMMETRIC_RESERVE_BAND,UPRO,LAG2,25,staged,0.2,0.1,rule,1999-10-29,2000-02-22,78,-0.2469525163,-0.08350934608,-0.2401072517,0.00287388372,0,0,0,2000_2002,0,0.6622056515,0
ASYMMETRIC_RESERVE_BAND,UPRO,LAG2,25,staged,0.2,0.1,rule,2003-04-21,2004-07-19,313,0.5952370461,0.7892205145,0.5952370461,0,0,0,0,2007_2009,0.0791786782,-0.4376818287,
ASYMMETRIC_RESERVE_BAND,UPRO,LAG2,25,staged,0.2,0.1,rule,2004-10-28,2005-04-18,117,0.05608958387,0.026032063,0.05608958387,0,0,0,0,2007_2009,0.0791786782,-0.4376818287,
ASYMMETRIC_RESERVE_BAND,UPRO,LAG2,25,staged,0.2,0.1,rule,2005-05-17,2005-10-06,99,0.05346571262,0.02045590643,0.05346571262,0,0,0,0,2007_2009,0.0791786782,-0.4376818287,
ASYMMETRIC_RESERVE_BAND,UPRO,LAG2,25,staged,0.2,0.1,rule,2005-11-01,2006-05-24,140,0.179436093,0.09655824701,0.179436093,0,0,0,0,2007_2009,0.0791786782,-0.4376818287,
ASYMMETRIC_RESERVE_BAND,UPRO,LAG2,25,staged,0.2,0.1,rule,2006-08-16,2007-08-06,243,0.337129678,0.3041731448,0.3142117793,-0.01680304827,2.353033915,0.06336408892,0,2007_2009,0.0791786782,-0.4376818287,
ASYMMETRIC_RESERVE_BAND,UPRO,LAG2,25,staged,0.2,0.1,rule,2009-07-14,2010-05-21,216,0.7992836504,0.6494843452,0.7999557591,0.0003180013364,0,0,0,2020,5.500340888,13.24477655,0.4152837812
ASYMMETRIC_RESERVE_BAND,UPRO,LAG2,25,staged,0.2,0.1,rule,2010-09-14,2011-08-03,224,0.4588126667,0.3964616464,0.4588126667,0,0,0,0,2020,5.500340888,13.24477655,0.4152837812
ASYMMETRIC_RESERVE_BAND,UPRO,LAG2,25,staged,0.2,0.1,rule,2012-01-04,2012-06-04,104,-0.0004356496841,-0.0001813201242,-0.0004356496841,0,0,0,0,2020,5.500340888,13.24477655,0.4152837812
ASYMMETRIC_RESERVE_BAND,UPRO,LAG2,25,staged,0.2,0.1,rule,2012-06-07,2012-11-09,107,0.4493119028,0.1479452947,0.3842081124,-0.0195041891,2.313180397,0.1159295414,0,2020,5.500340888,13.24477655,0.4152837812
ASYMMETRIC_RESERVE_BAND,UPRO,LAG2,25,staged,0.2,0.1,rule,2012-11-20,2014-10-14,477,0.5683593193,1.494379248,0.6189057641,0.06018411078,6.873210109,0.04770248739,28.91349711,2020,5.500340888,13.24477655,0.4152837812
ASYMMETRIC_RESERVE_BAND,UPRO,LAG2,25,staged,0.2,0.1,rule,2014-10-22,2015-07-09,178,0.2941697979,0.2016498258,0.2944123464,0.0001333981109,10.03571033,0.1169213638,7.030573318,2020,5.500340888,13.24477655,0.4152837812
ASYMMETRIC_RESERVE_BAND,UPRO,LAG2,25,staged,0.2,0.1,rule,2016-03-17,2016-06-28,71,-0.04442390567,-0.01263218794,-0.04407951723,0.000101613646,0,0,0,2020,5.500340888,13.24477655,0.4152837812
ASYMMETRIC_RESERVE_BAND,UPRO,LAG2,25,staged,0.2,0.1,rule,2016-06-29,2018-04-03,442,0.4499868392,0.9728740047,0.4710531473,0.02539271884,6.114716629,0.03031117655,44.17316252,2020,5.500340888,13.24477655,0.4152837812
ASYMMETRIC_RESERVE_BAND,UPRO,LAG2,25,staged,0.2,0.1,rule,2018-04-04,2018-10-12,134,0.2429361008,0.1217922165,0.2457982263,0.001202772453,0,0,1.3281371,2020,5.500340888,13.24477655,0.4152837812
ASYMMETRIC_RESERVE_BAND,UPRO,LAG2,25,staged,0.2,0.1,rule,2019-06-05,2020-02-28,185,0.1574918081,0.09093429506,0.1259385509,-0.02027956507,10.60894632,0.06424770502,23.28779199,2020,5.500340888,13.24477655,0.4152837812
ASYMMETRIC_RESERVE_BAND,UPRO,LAG2,25,staged,0.2,0.1,rule,2020-06-30,2022-01-24,395,0.8688810723,1.695769175,0.8816205051,0.01065753582,42.69545464,0.0521046254,184.674507,2022,15.83931594,14.6060725,1.084433611
ASYMMETRIC_RESERVE_BAND,UPRO,LAG2,25,staged,0.2,0.1,rule,2023-03-21,2023-10-23,149,0.1515934479,0.08733701011,0.1521016597,0.0002609235315,0,0,0,,,,
ASYMMETRIC_RESERVE_BAND,UPRO,LAG2,25,staged,0.2,0.1,rule,2023-11-03,2025-03-11,336,0.5242693395,0.7523149006,0.5139799366,-0.009160836862,31.72600844,0.03395295782,82.27036879,,,,
ASYMMETRIC_RESERVE_BAND,UPRO,LAG2,25,staged,0.2,0.1,rule,2025-05-13,2026-03-20,214,0.2914083019,0.236400631,0.2830253082,-0.005545224563,41.47249749,0.05944462373,71.7193856,,,,
ASYMMETRIC_RESERVE_BAND,UPRO,LAG2,25,staged,0.2,0.1,rule,2026-04-09,2026-09-02,101,1.070614874,0.3550377595,1.138476282,0.01289035247,90.46802157,0.1835820682,90.29180449,,,,
HWM_DRAWDOWN,UPRO,LAG2,25,drawdown,0.15,0.1,rule,1986-11-21,1987-10-16,227,0.04853415306,0.0213815183,0.02376517017,-0.02153337182,0.07388945416,0.02099227438,0.7388945416,1987,0.07016463638,0.01800188391,3.897627422
HWM_DRAWDOWN,UPRO,LAG2,25,drawdown,0.15,0.1,rule,1988-11-23,1990-01-23,293,0.4427090702,0.5535248383,0.4589323285,0.01304212151,0.01597080691,0.00380451528,0.1597080691,2000_2002,1.591800026,1.608368405,0.9896986422
HWM_DRAWDOWN,UPRO,LAG2,25,drawdown,0.15,0.1,rule,1990-05-09,1990-08-06,61,-0.3521597752,-0.1070967909,-0.3717904884,-0.007497776945,0,0,0,2000_2002,1.591800026,1.608368405,0.9896986422
HWM_DRAWDOWN,UPRO,LAG2,25,drawdown,0.15,0.1,rule,1991-01-25,1991-11-20,208,0.3855724426,0.3227159962,0.4072789549,0.01272512112,0,0,0,2000_2002,1.591800026,1.608368405,0.9896986422
HWM_DRAWDOWN,UPRO,LAG2,25,drawdown,0.15,0.1,rule,1991-12-16,1992-04-09,80,0.3708084651,0.1076916836,0.3838157632,0.002973483763,0.01603918195,0.01147395823,0.1603918195,2000_2002,1.591800026,1.608368405,0.9896986422
HWM_DRAWDOWN,UPRO,LAG2,25,drawdown,0.15,0.1,rule,1992-06-22,1992-10-05,73,0.08061990943,0.02328184196,0.08335115974,0.0007256703091,0,0,0,2000_2002,1.591800026,1.608368405,0.9896986422
HWM_DRAWDOWN,UPRO,LAG2,25,drawdown,0.15,0.1,rule,1992-10-20,1994-03-28,363,0.2052608961,0.3200283874,0.2135330328,0.009812769102,0.0727078505,0.01354307939,0.727078505,2000_2002,1.591800026,1.608368405,0.9896986422
HWM_DRAWDOWN,UPRO,LAG2,25,drawdown,0.15,0.1,rule,1994-12-22,1996-07-16,394,0.615850978,1.219099473,0.6636072854,0.04561368219,0.2985973135,0.02557202559,2.985973135,2000_2002,1.591800026,1.608368405,0.9896986422
HWM_DRAWDOWN,UPRO,LAG2,25,drawdown,0.15,0.1,rule,1996-07-31,1998-08-28,525,0.6325674866,1.988909154,0.69484752,0.07769651983,1.316118367,0.02122956464,13.16118367,2000_2002,1.591800026,1.608368405,0.9896986422
HWM_DRAWDOWN,UPRO,LAG2,25,drawdown,0.15,0.1,rule,1998-10-30,1999-09-24,226,0.3404242661,0.3358233951,0.3791273563,0.02563972289,0.4735485275,0.008637037317,4.735485275,2000_2002,1.591800026,1.608368405,0.9896986422
HWM_DRAWDOWN,UPRO,LAG2,25,drawdown,0.15,0.1,rule,1999-10-29,2000-02-22,78,-0.2024931009,-0.08350934608,-0.2401072517,-0.01534381716,0,0,0,2000_2002,1.591800026,1.608368405,0.9896986422
HWM_DRAWDOWN,UPRO,LAG2,25,drawdown,0.15,0.1,rule,2003-04-21,2004-07-19,313,0.5460212664,0.7892205145,0.5952370461,0.039037988,0,0,0,2007_2009,0.9592194387,0.06844483892,14.01448895
HWM_DRAWDOWN,UPRO,LAG2,25,drawdown,0.15,0.1,rule,2004-10-28,2005-04-18,117,0.05439030821,0.026032063,0.05608958387,0.000758317242,0,0,0,2007_2009,0.9592194387,0.06844483892,14.01448895
HWM_DRAWDOWN,UPRO,LAG2,25,drawdown,0.15,0.1,rule,2005-05-17,2005-10-06,99,0.05247871934,0.02045590643,0.05346571262,0.0003644143226,0,0,0,2007_2009,0.9592194387,0.06844483892,14.01448895
HWM_DRAWDOWN,UPRO,LAG2,25,drawdown,0.15,0.1,rule,2005-11-01,2006-05-24,140,0.172696615,0.09655824701,0.179436093,0.003200630687,0,0,0,2007_2009,0.9592194387,0.06844483892,14.01448895
HWM_DRAWDOWN,UPRO,LAG2,25,drawdown,0.15,0.1,rule,2006-08-16,2007-08-06,243,0.3024743882,0.3041731448,0.3142117793,0.008719487782,0.08888378295,0.00236450467,0.8888378295,2007_2009,0.9592194387,0.06844483892,14.01448895
HWM_DRAWDOWN,UPRO,LAG2,25,drawdown,0.15,0.1,rule,2009-07-14,2010-05-21,216,0.7999557591,0.6494843452,0.7999557591,0,0,0,0,2020,9.008359875,13.69087151,0.6579829391
HWM_DRAWDOWN,UPRO,LAG2,25,drawdown,0.15,0.1,rule,2010-09-14,2011-08-03,224,0.4588126667,0.3964616464,0.4588126667,0,0,0,0,2020,9.008359875,13.69087151,0.6579829391
HWM_DRAWDOWN,UPRO,LAG2,25,drawdown,0.15,0.1,rule,2012-01-04,2012-06-04,104,-0.0004356496841,-0.0001813201242,-0.0004356496841,0,0,0,0,2020,9.008359875,13.69087151,0.6579829391
HWM_DRAWDOWN,UPRO,LAG2,25,drawdown,0.15,0.1,rule,2012-06-07,2012-11-09,107,0.3842081124,0.1479452947,0.3842081124,0,0,0,0,2020,9.008359875,13.69087151,0.6579829391
HWM_DRAWDOWN,UPRO,LAG2,25,drawdown,0.15,0.1,rule,2012-11-20,2014-10-14,477,0.6043007797,1.494379248,0.6189057641,0.01719447574,3.552600179,0.02233586695,35.52600179,2020,9.008359875,13.69087151,0.6579829391
HWM_DRAWDOWN,UPRO,LAG2,25,drawdown,0.15,0.1,rule,2014-10-22,2015-07-09,178,0.2743016259,0.2016498258,0.2944123464,0.01114638078,0.6601330006,0.00711786445,6.601330006,2020,9.008359875,13.69087151,0.6579829391
HWM_DRAWDOWN,UPRO,LAG2,25,drawdown,0.15,0.1,rule,2016-03-17,2016-06-28,71,-0.03995087221,-0.01263218794,-0.04407951723,-0.001215336652,0,0,0,2020,9.008359875,13.69087151,0.6579829391
HWM_DRAWDOWN,UPRO,LAG2,25,drawdown,0.15,0.1,rule,2016-06-29,2018-04-03,442,0.4366810423,0.9728740047,0.4710531473,0.04162194778,4.605442961,0.02204468185,46.05442961,2020,9.008359875,13.69087151,0.6579829391
HWM_DRAWDOWN,UPRO,LAG2,25,drawdown,0.15,0.1,rule,2018-04-04,2018-10-12,134,0.2220387746,0.1217922165,0.2457982263,0.0100694674,0,0,0,2020,9.008359875,13.69087151,0.6579829391
HWM_DRAWDOWN,UPRO,LAG2,25,drawdown,0.15,0.1,rule,2019-06-05,2020-02-28,185,0.1260781152,0.09093429506,0.1259385509,-9.094471011e-05,2.451377763,0.01495906244,24.51377763,2020,9.008359875,13.69087151,0.6579829391
HWM_DRAWDOWN,UPRO,LAG2,25,drawdown,0.15,0.1,rule,2020-06-30,2022-01-24,395,0.8204470686,1.695769175,0.8816205051,0.05185044187,18.47431451,0.02211847194,184.7431451,2022,3.150464479,26.04554913,0.1209598025
HWM_DRAWDOWN,UPRO,LAG2,25,drawdown,0.15,0.1,rule,2023-03-21,2023-10-23,149,0.1405977006,0.08733701011,0.1521016597,0.005934681072,0,0,0,,,,
HWM_DRAWDOWN,UPRO,LAG2,25,drawdown,0.15,0.1,rule,2023-11-03,2025-03-11,336,0.4713341601,0.7523149006,0.5139799366,0.03864401654,7.936638709,0.008566458406,79.36638709,,,,
HWM_DRAWDOWN,UPRO,LAG2,25,drawdown,0.15,0.1,rule,2025-05-13,2026-03-20,214,0.2638810702,0.236400631,0.2830253082,0.01280069191,6.38063363,0.009361945555,63.8063363,,,,
HWM_DRAWDOWN,UPRO,LAG2,25,drawdown,0.15,0.1,rule,2026-04-09,2026-09-02,101,1.013995979,0.3550377595,1.138476282,0.02397268419,8.242473808,0.01741669288,82.42473808,,,,
BAND_DRAWDOWN,UPRO,LAG2,25,drawdown,0.2,0.1,rule,1986-11-21,1987-10-16,227,0.02724932959,0.0213815183,0.02376517017,-0.003060309662,0,0,0.6961772999,1987,0.1304924302,0.05302296451,2.461054968
BAND_DRAWDOWN,UPRO,LAG2,25,drawdown,0.2,0.1,rule,1988-11-23,1990-01-23,293,0.4618436437,0.5535248383,0.4589323285,-0.002325093863,0.1248635672,0.03151580326,0.1570604482,2000_2002,1.552396601,1.182892434,1.31237343
BAND_DRAWDOWN,UPRO,LAG2,25,drawdown,0.2,0.1,rule,1990-05-09,1990-08-06,61,-0.3202556979,-0.1070967909,-0.3717904884,-0.01921156633,0,0,0,2000_2002,1.552396601,1.182892434,1.31237343
BAND_DRAWDOWN,UPRO,LAG2,25,drawdown,0.2,0.1,rule,1991-01-25,1991-11-20,208,0.3521548531,0.3227159962,0.4072789549,0.03271073366,0,0,0,2000_2002,1.552396601,1.182892434,1.31237343
BAND_DRAWDOWN,UPRO,LAG2,25,drawdown,0.2,0.1,rule,1991-12-16,1992-04-09,80,0.3374173474,0.1076916836,0.3838157632,0.01073784447,0,0,0.1685648112,2000_2002,1.552396601,1.182892434,1.31237343
BAND_DRAWDOWN,UPRO,LAG2,25,drawdown,0.2,0.1,rule,1992-06-22,1992-10-05,73,0.0773553068,0.02328184196,0.08335115974,0.001595458037,0,0,0,2000_2002,1.552396601,1.182892434,1.31237343
BAND_DRAWDOWN,UPRO,LAG2,25,drawdown,0.2,0.1,rule,1992-10-20,1994-03-28,363,0.193745502,0.3200283874,0.2135330328,0.02358555488,0,0,0.6873872304,2000_2002,1.552396601,1.182892434,1.31237343
BAND_DRAWDOWN,UPRO,LAG2,25,drawdown,0.2,0.1,rule,1994-12-22,1996-07-16,394,0.6123122061,1.219099473,0.6636072854,0.04904715058,0.2542896445,0.02240801236,2.910111777,2000_2002,1.552396601,1.182892434,1.31237343
BAND_DRAWDOWN,UPRO,LAG2,25,drawdown,0.2,0.1,rule,1996-07-31,1998-08-28,525,0.6332825322,1.988909154,0.69484752,0.07678776552,0.5693150935,0.009125479946,13.25164363,2000_2002,1.552396601,1.182892434,1.31237343
BAND_DRAWDOWN,UPRO,LAG2,25,drawdown,0.2,0.1,rule,1998-10-30,1999-09-24,226,0.3814786657,0.3358233951,0.3791273563,-0.001534408964,1.205560586,0.02113829408,4.929634927,2000_2002,1.552396601,1.182892434,1.31237343
BAND_DRAWDOWN,UPRO,LAG2,25,drawdown,0.2,0.1,rule,1999-10-29,2000-02-22,78,-0.2035624035,-0.08350934608,-0.2401072517,-0.0149177037,0,0,0,2000_2002,1.552396601,1.182892434,1.31237343
BAND_DRAWDOWN,UPRO,LAG2,25,drawdown,0.2,0.1,rule,2003-04-21,2004-07-19,313,0.5471921533,0.7892205145,0.5952370461,0.0380948913,0,0,0,2007_2009,2.589074923,-0.09496071332,
BAND_DRAWDOWN,UPRO,LAG2,25,drawdown,0.2,0.1,rule,2004-10-28,2005-04-18,117,0.05443204783,0.026032063,0.05608958387,0.000739675919,0,0,0,2007_2009,2.589074923,-0.09496071332,
BAND_DRAWDOWN,UPRO,LAG2,25,drawdown,0.2,0.1,rule,2005-05-17,2005-10-06,99,0.05250307855,0.02045590643,0.05346571262,0.0003554163834,0,0,0,2007_2009,2.589074923,-0.09496071332,
BAND_DRAWDOWN,UPRO,LAG2,25,drawdown,0.2,0.1,rule,2005-11-01,2006-05-24,140,0.1728628481,0.09655824701,0.179436093,0.003121464267,0,0,0,2007_2009,2.589074923,-0.09496071332,
BAND_DRAWDOWN,UPRO,LAG2,25,drawdown,0.2,0.1,rule,2006-08-16,2007-08-06,243,0.3170862709,0.3041731448,0.3142117793,-0.002123534431,1.610404027,0.0436960133,0.7250078855,2007_2009,2.589074923,-0.09496071332,
BAND_DRAWDOWN,UPRO,LAG2,25,drawdown,0.2,0.1,rule,2009-07-14,2010-05-21,216,0.7999557591,0.6494843452,0.7999557591,0,0,0,0,2020,9.288850678,21.76567577,0.4267660134
BAND_DRAWDOWN,UPRO,LAG2,25,drawdown,0.2,0.1,rule,2010-09-14,2011-08-03,224,0.4588126667,0.3964616464,0.4588126667,0,0,0,0.5653880409,2020,9.288850678,21.76567577,0.4267660134
BAND_DRAWDOWN,UPRO,LAG2,25,drawdown,0.2,0.1,rule,2012-01-04,2012-06-04,104,-0.0004356496841,-0.0001813201242,-0.0004356496841,0,0,0,0.1372609156,2020,9.288850678,21.76567577,0.4267660134
BAND_DRAWDOWN,UPRO,LAG2,25,drawdown,0.2,0.1,rule,2012-06-07,2012-11-09,107,0.4493119028,0.1479452947,0.3842081124,-0.0195041891,2.614090583,0.1159295414,0.7518494731,2020,9.288850678,21.76567577,0.4267660134
BAND_DRAWDOWN,UPRO,LAG2,25,drawdown,0.2,0.1,rule,2012-11-20,2014-10-14,477,0.5585899489,1.494379248,0.6189057641,0.07203961855,2.618501194,0.01625528361,36.57467791,2020,9.288850678,21.76567577,0.4267660134
BAND_DRAWDOWN,UPRO,LAG2,25,drawdown,0.2,0.1,rule,2014-10-22,2015-07-09,178,0.2645428295,0.2016498258,0.2944123464,0.01661875036,0,0,6.732076068,2020,9.288850678,21.76567577,0.4267660134
BAND_DRAWDOWN,UPRO,LAG2,25,drawdown,0.2,0.1,rule,2016-03-17,2016-06-28,71,-0.03918086788,-0.01263218794,-0.04407951723,-0.0014414221,0,0,0,2020,9.288850678,21.76567577,0.4267660134
BAND_DRAWDOWN,UPRO,LAG2,25,drawdown,0.2,0.1,rule,2016-06-29,2018-04-03,442,0.4343886225,0.9728740047,0.4710531473,0.04443320946,5.13176878,0.02380050847,47.81361339,2020,9.288850678,21.76567577,0.4267660134
BAND_DRAWDOWN,UPRO,LAG2,25,drawdown,0.2,0.1,rule,2018-04-04,2018-10-12,134,0.2190915351,0.1217922165,0.2457982263,0.01133216054,0,0,0,2020,9.288850678,21.76567577,0.4267660134
BAND_DRAWDOWN,UPRO,LAG2,25,drawdown,0.2,0.1,rule,2019-06-05,2020-02-28,185,0.1136449202,0.09093429506,0.1259385509,0.00805548759,0,0,25.53530117,2020,9.288850678,21.76567577,0.4267660134
BAND_DRAWDOWN,UPRO,LAG2,25,drawdown,0.2,0.1,rule,2020-06-30,2022-01-24,395,0.8143650145,1.695769175,0.8816205051,0.05710048789,24.06352351,0.02837430697,187.0602082,2022,4.85656278,31.471293,0.1543172306
BAND_DRAWDOWN,UPRO,LAG2,25,drawdown,0.2,0.1,rule,2023-03-21,2023-10-23,149,0.1387109632,0.08733701011,0.1521016597,0.006913724475,0,0,0,,,,
BAND_DRAWDOWN,UPRO,LAG2,25,drawdown,0.2,0.1,rule,2023-11-03,2025-03-11,336,0.457815455,0.7523149006,0.5139799366,0.05112829201,0,0,82.82099166,,,,
BAND_DRAWDOWN,UPRO,LAG2,25,drawdown,0.2,0.1,rule,2025-05-13,2026-03-20,214,0.2631867006,0.236400631,0.2830253082,0.01326861442,0,0,66.56116871,,,,
BAND_DRAWDOWN,UPRO,LAG2,25,drawdown,0.2,0.1,rule,2026-04-09,2026-09-02,101,1.050908161,0.3550377595,1.138476282,0.01671289576,26.67919134,0.05465984418,85.80115142,,,,
NO_RESERVE,UPRO,LAG2,50,staged,0.15,0.1,rule,1986-11-21,1987-10-16,227,0.02091702732,0.01882166487,0.02091702732,0,0,0,0.7561144637,1987,0,0,
NO_RESERVE,UPRO,LAG2,50,staged,0.15,0.1,rule,1988-11-23,1990-01-23,293,0.4557967293,0.5496312923,0.4557967293,0,0,0,0.05350049712,2000_2002,0,0,
NO_RESERVE,UPRO,LAG2,50,staged,0.15,0.1,rule,1990-05-09,1990-08-06,61,-0.3782268771,-0.1093346436,-0.3782268771,0,0,0,0,2000_2002,0,0,
NO_RESERVE,UPRO,LAG2,50,staged,0.15,0.1,rule,1991-01-25,1991-11-20,208,0.4029716496,0.3194009185,0.4029716496,0,0,0,0,2000_2002,0,0,
NO_RESERVE,UPRO,LAG2,50,staged,0.15,0.1,rule,1991-12-16,1992-04-09,80,0.3728304354,0.104915514,0.3728304354,0,0,0,0.06221856442,2000_2002,0,0,
NO_RESERVE,UPRO,LAG2,50,staged,0.15,0.1,rule,1992-06-22,1992-10-05,73,0.07393556095,0.02071722582,0.07393556095,0,0,0,0,2000_2002,0,0,
NO_RESERVE,UPRO,LAG2,50,staged,0.15,0.1,rule,1992-10-20,1994-03-28,363,0.2114122183,0.3167200456,0.2114122183,0,0,0,0.6573424224,2000_2002,0,0,
NO_RESERVE,UPRO,LAG2,50,staged,0.15,0.1,rule,1994-12-22,1996-07-16,394,0.6609436854,1.213537821,0.6609436854,0,0,0,2.75644752,2000_2002,0,0,
NO_RESERVE,UPRO,LAG2,50,staged,0.15,0.1,rule,1996-07-31,1998-08-28,525,0.6927993735,1.981418154,0.6927993735,0,0,0,13.78688596,2000_2002,0,0,
NO_RESERVE,UPRO,LAG2,50,staged,0.15,0.1,rule,1998-10-30,1999-09-24,226,0.3752905861,0.3324754668,0.3752905861,0,0,0,4.742703035,2000_2002,0,0,
NO_RESERVE,UPRO,LAG2,50,staged,0.15,0.1,rule,1999-10-29,2000-02-22,78,-0.246087811,-0.08580631514,-0.246087811,0,0,0,0,2000_2002,0,0,
NO_RESERVE,UPRO,LAG2,50,staged,0.15,0.1,rule,2003-04-21,2004-07-19,313,0.592026798,0.7847362526,0.592026798,0,0,0,0,2007_2009,0,0,
NO_RESERVE,UPRO,LAG2,50,staged,0.15,0.1,rule,2004-10-28,2005-04-18,117,0.05047680662,0.02346055407,0.05047680662,0,0,0,0,2007_2009,0,0,
NO_RESERVE,UPRO,LAG2,50,staged,0.15,0.1,rule,2005-05-17,2005-10-06,99,0.04668784116,0.01789837283,0.04668784116,0,0,0,0,2007_2009,0,0,
NO_RESERVE,UPRO,LAG2,50,staged,0.15,0.1,rule,2005-11-01,2006-05-24,140,0.1741488276,0.09380998073,0.1741488276,0,0,0,0,2007_2009,0,0,
NO_RESERVE,UPRO,LAG2,50,staged,0.15,0.1,rule,2006-08-16,2007-08-06,243,0.3108230365,0.3009045404,0.3108230365,0,0,0,0,2007_2009,0,0,
NO_RESERVE,UPRO,LAG2,50,staged,0.15,0.1,rule,2009-07-14,2010-05-21,216,0.7946588349,0.6453502992,0.7946588349,0,0,0,0,2020,0,0,
NO_RESERVE,UPRO,LAG2,50,staged,0.15,0.1,rule,2010-09-14,2011-08-03,224,0.4546789274,0.3929617425,0.4546789274,0,0,0,0,2020,0,0,
NO_RESERVE,UPRO,LAG2,50,staged,0.15,0.1,rule,2012-01-04,2012-06-04,104,-0.006444903581,-0.002687131352,-0.006444903581,0,0,0,0,2020,0,0,
NO_RESERVE,UPRO,LAG2,50,staged,0.15,0.1,rule,2012-06-07,2012-11-09,107,0.3760470182,0.1450682389,0.3760470182,0,0,0,0,2020,0,0,
NO_RESERVE,UPRO,LAG2,50,staged,0.15,0.1,rule,2012-11-20,2014-10-14,477,0.6167660129,1.488127671,0.6167660129,0,0,0,13.09186084,2020,0,0,
NO_RESERVE,UPRO,LAG2,50,staged,0.15,0.1,rule,2014-10-22,2015-07-09,178,0.2898572649,0.1986381721,0.2898572649,0,0,0,4.128722202,2020,0,0,
NO_RESERVE,UPRO,LAG2,50,staged,0.15,0.1,rule,2016-03-17,2016-06-28,71,-0.05254819838,-0.01510679399,-0.05254819838,0,0,0,0,2020,0,0,
NO_RESERVE,UPRO,LAG2,50,staged,0.15,0.1,rule,2016-06-29,2018-04-03,442,0.4689577324,0.9679294584,0.4689577324,0,0,0,27.44332133,2020,0,0,
NO_RESERVE,UPRO,LAG2,50,staged,0.15,0.1,rule,2018-04-04,2018-10-12,134,0.2398342646,0.1189807072,0.2398342646,0,0,0,0,2020,0,0,
NO_RESERVE,UPRO,LAG2,50,staged,0.15,0.1,rule,2019-06-05,2020-02-28,185,0.1220944074,0.08820012389,0.1220944074,0,0,0,12.6326237,2020,0,0,
NO_RESERVE,UPRO,LAG2,50,staged,0.15,0.1,rule,2020-06-30,2022-01-24,395,0.8786130978,1.689012862,0.8786130978,0,0,0,109.4022525,2022,0,0,
NO_RESERVE,UPRO,LAG2,50,staged,0.15,0.1,rule,2023-03-21,2023-10-23,149,0.1472232522,0.0846118547,0.1472232522,0,0,0,0,,,,
NO_RESERVE,UPRO,LAG2,50,staged,0.15,0.1,rule,2023-11-03,2025-03-11,336,0.5111735179,0.747923134,0.5111735179,0,0,0,31.28580712,,,,
NO_RESERVE,UPRO,LAG2,50,staged,0.15,0.1,rule,2025-05-13,2026-03-20,214,0.2792496111,0.2333018826,0.2792496111,0,0,0,34.95000378,,,,
NO_RESERVE,UPRO,LAG2,50,staged,0.15,0.1,rule,2026-04-09,2026-09-02,101,1.125093352,0.3516416749,1.125093352,0,0,0,47.7297227,,,,
FIXED_90_10,UPRO,LAG2,50,staged,0.15,0.1,quarterly,1986-11-21,1987-10-16,227,0.05080782229,0.01882166487,0.02091702732,-0.02599388524,0.0777892938,0.02393525641,0.6846168391,1987,0.1229623161,0.04986459659,2.465924213
FIXED_90_10,UPRO,LAG2,50,staged,0.15,0.1,quarterly,1988-11-23,1990-01-23,293,0.4228775417,0.5496312923,0.4557967293,0.02667625651,0.07250159932,0.01908786549,0.1153150768,2000_2002,0.4733120954,1.008881428,0.4691454144
FIXED_90_10,UPRO,LAG2,50,staged,0.15,0.1,quarterly,1990-05-09,1990-08-06,61,-0.3344848544,-0.1093346436,-0.3782268771,-0.01656609176,0.01109667509,0.01420565571,0,2000_2002,0.4733120954,1.008881428,0.4691454144
FIXED_90_10,UPRO,LAG2,50,staged,0.15,0.1,quarterly,1991-01-25,1991-11-20,208,0.3707309855,0.3194009185,0.4029716496,0.01903156924,0.0489293805,0.01525955511,0,2000_2002,0.4733120954,1.008881428,0.4691454144
FIXED_90_10,UPRO,LAG2,50,staged,0.15,0.1,quarterly,1991-12-16,1992-04-09,80,0.3404267115,0.104915514,0.3728304354,0.007520768617,0.02583339882,0.02100871245,0.1169369867,2000_2002,0.4733120954,1.008881428,0.4691454144
FIXED_90_10,UPRO,LAG2,50,staged,0.15,0.1,quarterly,1992-06-22,1992-10-05,73,0.07029125595,0.02071722582,0.07393556095,0.0009771775534,0.006855092191,0.008136692652,0,2000_2002,0.4733120954,1.008881428,0.4691454144
FIXED_90_10,UPRO,LAG2,50,staged,0.15,0.1,quarterly,1992-10-20,1994-03-28,363,0.1928061708,0.3167200456,0.2114122183,0.02220546841,0.05087691692,0.0108512919,0.6141314622,2000_2002,0.4733120954,1.008881428,0.4691454144
FIXED_90_10,UPRO,LAG2,50,staged,0.15,0.1,quarterly,1994-12-22,1996-07-16,394,0.5970638441,1.213537821,0.6609436854,0.06141906588,0.2826603053,0.02819779438,2.473734602,2000_2002,0.4733120954,1.008881428,0.4691454144
FIXED_90_10,UPRO,LAG2,50,staged,0.15,0.1,quarterly,1996-07-31,1998-08-28,525,0.6285507327,1.981418154,0.6927993735,0.08029942638,0.9774836201,0.01823301005,11.30606422,2000_2002,0.4733120954,1.008881428,0.4691454144
FIXED_90_10,UPRO,LAG2,50,staged,0.15,0.1,quarterly,1998-10-30,1999-09-24,226,0.3549637186,0.3324754668,0.3752905861,0.01341254054,0.8425715528,0.01756911849,4.041903903,2000_2002,0.4733120954,1.008881428,0.4691454144
FIXED_90_10,UPRO,LAG2,50,staged,0.15,0.1,quarterly,1999-10-29,2000-02-22,78,-0.2092472546,-0.08580631514,-0.246087811,-0.01515207183,0.2391580372,0.01781119371,0,2000_2002,0.4733120954,1.008881428,0.4691454144
FIXED_90_10,UPRO,LAG2,50,staged,0.15,0.1,quarterly,2003-04-21,2004-07-19,313,0.5299508352,0.7847362526,0.592026798,0.04954525724,0.5598302912,0.0196676668,0,2007_2009,0.6486572571,0.05794550374,11.19426384
FIXED_90_10,UPRO,LAG2,50,staged,0.15,0.1,quarterly,2004-10-28,2005-04-18,117,0.05015986497,0.02346055407,0.05047680662,0.0001421008217,0.123997286,0.01331906826,0,2007_2009,0.6486572571,0.05794550374,11.19426384
FIXED_90_10,UPRO,LAG2,50,staged,0.15,0.1,quarterly,2005-05-17,2005-10-06,99,0.04679616468,0.01789837283,0.04668784116,-4.023288847e-05,0.09966591467,0.01401119747,0,2007_2009,0.6486572571,0.05794550374,11.19426384
FIXED_90_10,UPRO,LAG2,50,staged,0.15,0.1,quarterly,2005-11-01,2006-05-24,140,0.1613972435,0.09380998073,0.1741488276,0.006098878148,0.10195266,0.00942413407,0,2007_2009,0.6486572571,0.05794550374,11.19426384
FIXED_90_10,UPRO,LAG2,50,staged,0.15,0.1,quarterly,2006-08-16,2007-08-06,243,0.2856584717,0.3009045404,0.3108230365,0.01884021755,0.3912487678,0.01660156516,0,2007_2009,0.6486572571,0.05794550374,11.19426384
FIXED_90_10,UPRO,LAG2,50,staged,0.15,0.1,quarterly,2009-07-14,2010-05-21,216,0.7136207013,0.6453502992,0.7946588349,0.03934346991,0.5495436261,0.02225956079,0,2020,2.555212464,10.56693341,0.2418121099
FIXED_90_10,UPRO,LAG2,50,staged,0.15,0.1,quarterly,2010-09-14,2011-08-03,224,0.4115997534,0.3929617425,0.4546789274,0.02658422177,0.5170696542,0.02186000885,0,2020,2.555212464,10.56693341,0.2418121099
FIXED_90_10,UPRO,LAG2,50,staged,0.15,0.1,quarterly,2012-01-04,2012-06-04,104,0.01603499271,-0.002687131352,-0.006444903581,-0.009310827871,0.3549265647,0.03607871895,0,2020,2.555212464,10.56693341,0.2418121099
FIXED_90_10,UPRO,LAG2,50,staged,0.15,0.1,quarterly,2012-06-07,2012-11-09,107,0.331722774,0.1450682389,0.3760470182,0.01389440213,0.1973835367,0.01708781048,0,2020,2.555212464,10.56693341,0.2418121099
FIXED_90_10,UPRO,LAG2,50,staged,0.15,0.1,quarterly,2012-11-20,2014-10-14,477,0.5459990227,1.488127671,0.6167660129,0.0849198645,1.828575101,0.02130174213,13.30214773,2020,2.555212464,10.56693341,0.2418121099
FIXED_90_10,UPRO,LAG2,50,staged,0.15,0.1,quarterly,2014-10-22,2015-07-09,178,0.2580258816,0.1986381721,0.2898572649,0.01778736926,0.4192772828,0.008399302938,3.406721249,2020,2.555212464,10.56693341,0.2418121099
FIXED_90_10,UPRO,LAG2,50,staged,0.15,0.1,quarterly,2016-03-17,2016-06-28,71,-0.04611988392,-0.01510679399,-0.05254819838,-0.001906855681,0.1598192268,0.01229047853,0,2020,2.555212464,10.56693341,0.2418121099
FIXED_90_10,UPRO,LAG2,50,staged,0.15,0.1,quarterly,2016-06-29,2018-04-03,442,0.4189436789,0.9679294584,0.4689577324,0.06098230848,2.463121624,0.02265215367,22.28051371,2020,2.555212464,10.56693341,0.2418121099
FIXED_90_10,UPRO,LAG2,50,staged,0.15,0.1,quarterly,2018-04-04,2018-10-12,134,0.2241879771,0.1189807072,0.2398342646,0.006641186233,1.507656099,0.03133712783,0,2020,2.555212464,10.56693341,0.2418121099
FIXED_90_10,UPRO,LAG2,50,staged,0.15,0.1,quarterly,2019-06-05,2020-02-28,185,0.1233355105,0.08820012389,0.1220944074,-0.0008111159967,1.632504415,0.01961264793,11.0114068,2020,2.555212464,10.56693341,0.2418121099
FIXED_90_10,UPRO,LAG2,50,staged,0.15,0.1,quarterly,2020-06-30,2022-01-24,395,0.7812182349,1.689012862,0.8786130978,0.0835164307,11.43175168,0.02875569695,85.07683452,2022,3.577520011,17.75921804,0.201445807
FIXED_90_10,UPRO,LAG2,50,staged,0.15,0.1,quarterly,2023-03-21,2023-10-23,149,0.1422107,0.0846118547,0.1472232522,0.002589554226,1.597466611,0.01448344157,0,,,,
FIXED_90_10,UPRO,LAG2,50,staged,0.15,0.1,quarterly,2023-11-03,2025-03-11,336,0.4639073495,0.747923134,0.5111735179,0.04297885955,6.937950469,0.0166250432,28.16046583,,,,
FIXED_90_10,UPRO,LAG2,50,staged,0.15,0.1,quarterly,2025-05-13,2026-03-20,214,0.2598367577,0.2333018826,0.2792496111,0.01302028595,6.188635611,0.02028061434,27.62135338,,,,
FIXED_90_10,UPRO,LAG2,50,staged,0.15,0.1,quarterly,2026-04-09,2026-09-02,101,0.9939788966,0.3516416749,1.125093352,0.0254560218,5.044848777,0.0235689828,36.81097704,,,,
FIXED_85_15,UPRO,LAG2,50,staged,0.15,0.1,quarterly,1986-11-21,1987-10-16,227,0.06370757076,0.01882166487,0.02091702732,-0.03698423333,0.1104307931,0.03607952488,0.648664383,1987,0.1812911921,0.07491136633,2.420075898
FIXED_85_15,UPRO,LAG2,50,staged,0.15,0.1,quarterly,1988-11-23,1990-01-23,293,0.4059490203,0.5496312923,0.4557967293,0.04063567286,0.1037135104,0.02870739696,0.1403239649,2000_2002,0.6697064342,1.543173013,0.4339801361
FIXED_85_15,UPRO,LAG2,50,staged,0.15,0.1,quarterly,1990-05-09,1990-08-06,61,-0.3122861521,-0.1093346436,-0.3782268771,-0.02456121258,0.01594751995,0.02131029828,0,2000_2002,0.6697064342,1.543173013,0.4339801361
FIXED_85_15,UPRO,LAG2,50,staged,0.15,0.1,quarterly,1991-01-25,1991-11-20,208,0.3543967469,0.3194009185,0.4029716496,0.02884516564,0.07097002626,0.0230416177,0,2000_2002,0.6697064342,1.543173013,0.4339801361
FIXED_85_15,UPRO,LAG2,50,staged,0.15,0.1,quarterly,1991-12-16,1992-04-09,80,0.3241099824,0.104915514,0.3728304354,0.01137692324,0.03698101351,0.0316212823,0.1409985669,2000_2002,0.6697064342,1.543173013,0.4339801361
FIXED_85_15,UPRO,LAG2,50,staged,0.15,0.1,quarterly,1992-06-22,1992-10-05,73,0.06842257028,0.02071722582,0.07393556095,0.001479534902,0.009808186884,0.01220688604,0,2000_2002,0.6697064342,1.543173013,0.4339801361
FIXED_85_15,UPRO,LAG2,50,staged,0.15,0.1,quarterly,1992-10-20,1994-03-28,363,0.1835558479,0.3167200456,0.2114122183,0.03337455204,0.072406292,0.01631376074,0.5892849175,2000_2002,0.6697064342,1.543173013,0.4339801361
FIXED_85_15,UPRO,LAG2,50,staged,0.15,0.1,quarterly,1994-12-22,1996-07-16,394,0.565290112,1.213537821,0.6609436854,0.09288989362,0.3968618905,0.04252141406,2.324317777,2000_2002,0.6697064342,1.543173013,0.4339801361
FIXED_85_15,UPRO,LAG2,50,staged,0.15,0.1,quarterly,1996-07-31,1998-08-28,525,0.5962559728,1.981418154,0.6927993735,0.1218667314,1.314882081,0.02749210963,10.14309047,2000_2002,0.6697064342,1.543173013,0.4339801361
FIXED_85_15,UPRO,LAG2,50,staged,0.15,0.1,quarterly,1998-10-30,1999-09-24,226,0.3436130531,0.3324754668,0.3752905861,0.0209900202,1.121296429,0.02658956988,3.67961381,2000_2002,0.6697064342,1.543173013,0.4339801361
FIXED_85_15,UPRO,LAG2,50,staged,0.15,0.1,quarterly,1999-10-29,2000-02-22,78,-0.1912033254,-0.08580631514,-0.246087811,-0.02231762355,0.3171716792,0.02679512392,0,2000_2002,0.6697064342,1.543173013,0.4339801361
FIXED_85_15,UPRO,LAG2,50,staged,0.15,0.1,quarterly,2003-04-21,2004-07-19,313,0.4992076219,0.7847362526,0.592026798,0.07483202654,0.7811424089,0.02971083596,0,2007_2009,0.9137098567,0.08696069961,10.50715853
FIXED_85_15,UPRO,LAG2,50,staged,0.15,0.1,quarterly,2004-10-28,2005-04-18,117,0.04981318696,0.02346055407,0.05047680662,0.0002975830633,0.1705314799,0.02002883347,0,2007_2009,0.9137098567,0.08696069961,10.50715853
FIXED_85_15,UPRO,LAG2,50,staged,0.15,0.1,quarterly,2005-05-17,2005-10-06,99,0.04672801788,0.01789837283,0.04668784116,-1.492268681e-05,0.1371071132,0.02100901728,0,2007_2009,0.9137098567,0.08696069961,10.50715853
FIXED_85_15,UPRO,LAG2,50,staged,0.15,0.1,quarterly,2005-11-01,2006-05-24,140,0.155001098,0.09380998073,0.1741488276,0.009183316776,0.1397411173,0.01413975336,0,2007_2009,0.9137098567,0.08696069961,10.50715853
FIXED_85_15,UPRO,LAG2,50,staged,0.15,0.1,quarterly,2006-08-16,2007-08-06,243,0.272983707,0.3009045404,0.3108230365,0.02846967956,0.5372129388,0.02494403585,0,2007_2009,0.9137098567,0.08696069961,10.50715853
FIXED_85_15,UPRO,LAG2,50,staged,0.15,0.1,quarterly,2009-07-14,2010-05-21,216,0.6728740304,0.6453502992,0.7946588349,0.05983445544,0.7816005587,0.03357551918,0,2020,3.330032981,15.26033134,0.2182149854
FIXED_85_15,UPRO,LAG2,50,staged,0.15,0.1,quarterly,2010-09-14,2011-08-03,224,0.3897562119,0.3929617425,0.4546789274,0.04037554224,0.731154672,0.03304108406,0,2020,3.330032981,15.26033134,0.2182149854
FIXED_85_15,UPRO,LAG2,50,staged,0.15,0.1,quarterly,2012-01-04,2012-06-04,104,0.02555013535,-0.002687131352,-0.006444903581,-0.01318995769,0.5016847998,0.05438450734,0,2020,3.330032981,15.26033134,0.2182149854
FIXED_85_15,UPRO,LAG2,50,staged,0.15,0.1,quarterly,2012-06-07,2012-11-09,107,0.3103432607,0.1450682389,0.3760470182,0.02076247816,0.277883405,0.02573314899,0,2020,3.330032981,15.26033134,0.2182149854
FIXED_85_15,UPRO,LAG2,50,staged,0.15,0.1,quarterly,2012-11-20,2014-10-14,477,0.5114195205,1.488127671,0.6167660129,0.1278394349,2.502100982,0.03206712569,13.0048379,2020,3.330032981,15.26033134,0.2182149854
FIXED_85_15,UPRO,LAG2,50,staged,0.15,0.1,quarterly,2014-10-22,2015-07-09,178,0.2423662068,0.1986381721,0.2898572649,0.02670384891,0.5614362141,0.01263484688,3.03605982,2020,3.330032981,15.26033134,0.2182149854
FIXED_85_15,UPRO,LAG2,50,staged,0.15,0.1,quarterly,2016-03-17,2016-06-28,71,-0.04297667431,-0.01510679399,-0.05254819838,-0.00283456515,0.2176851955,0.01849204349,0,2020,3.330032981,15.26033134,0.2182149854
FIXED_85_15,UPRO,LAG2,50,staged,0.15,0.1,quarterly,2016-06-29,2018-04-03,442,0.3942498264,0.9679294584,0.4689577324,0.09188890216,3.289527358,0.03412522071,19.69091242,2020,3.330032981,15.26033134,0.2182149854
FIXED_85_15,UPRO,LAG2,50,staged,0.15,0.1,quarterly,2018-04-04,2018-10-12,134,0.2157622472,0.1189807072,0.2398342646,0.0102528011,1.985399626,0.04696998219,0,2020,3.330032981,15.26033134,0.2182149854
FIXED_85_15,UPRO,LAG2,50,staged,0.15,0.1,quarterly,2019-06-05,2020-02-28,185,0.1228968374,0.08820012389,0.1220944074,-0.0005245260954,2.158359902,0.02952653545,10.04715258,2020,3.330032981,15.26033134,0.2182149854
FIXED_85_15,UPRO,LAG2,50,staged,0.15,0.1,quarterly,2020-06-30,2022-01-24,395,0.733119372,1.689012862,0.8786130978,0.1264614539,14.82623063,0.0433043365,73.35152435,2022,4.460850194,24.31010559,0.1834977712
FIXED_85_15,UPRO,LAG2,50,staged,0.15,0.1,quarterly,2023-03-21,2023-10-23,149,0.1393381654,0.0846118547,0.1472232522,0.004078672628,2.089436917,0.0217777483,0,,,,
FIXED_85_15,UPRO,LAG2,50,staged,0.15,0.1,quarterly,2023-11-03,2025-03-11,336,0.4403202559,0.747923134,0.5111735179,0.06494835334,8.969360105,0.02513418275,25.90319062,,,,
FIXED_85_15,UPRO,LAG2,50,staged,0.15,0.1,quarterly,2025-05-13,2026-03-20,214,0.249696145,0.2333018826,0.2792496111,0.01990163882,7.913682871,0.03061588847,23.97382892,,,,
FIXED_85_15,UPRO,LAG2,50,staged,0.15,0.1,quarterly,2026-04-09,2026-09-02,101,0.9303907153,0.3516416749,1.125093352,0.0384110135,6.429854745,0.03550574076,31.54098817,,,,
HWM_RESERVE,UPRO,LAG2,50,staged,0.15,0.1,rule,1986-11-21,1987-10-16,227,0.04425251005,0.01882166487,0.02091702732,-0.02035706825,0.0745479374,0.02091787936,0.745479374,1987,0.03811954517,0.006702519984,5.687345246
HWM_RESERVE,UPRO,LAG2,50,staged,0.15,0.1,rule,1988-11-23,1990-01-23,293,0.4579895154,0.5496312923,0.4557967293,-0.001755448308,0.01175575764,0.002773005644,0.1175575764,2000_2002,0,0.08992301749,0
HWM_RESERVE,UPRO,LAG2,50,staged,0.15,0.1,rule,1990-05-09,1990-08-06,61,-0.3783350419,-0.1093346436,-0.3782268771,4.239275354e-05,0,0,0,2000_2002,0,0.08992301749,0
HWM_RESERVE,UPRO,LAG2,50,staged,0.15,0.1,rule,1991-01-25,1991-11-20,208,0.4029716496,0.3194009185,0.4029716496,0,0,0,0,2000_2002,0,0.08992301749,0
HWM_RESERVE,UPRO,LAG2,50,staged,0.15,0.1,rule,1991-12-16,1992-04-09,80,0.3745070606,0.104915514,0.3728304354,-0.0003842922612,0.006889650941,0.005021723182,0.06889650941,2000_2002,0,0.08992301749,0
HWM_RESERVE,UPRO,LAG2,50,staged,0.15,0.1,rule,1992-06-22,1992-10-05,73,0.07393556095,0.02071722582,0.07393556095,0,0,0,0,2000_2002,0,0.08992301749,0
HWM_RESERVE,UPRO,LAG2,50,staged,0.15,0.1,rule,1992-10-20,1994-03-28,363,0.2124629583,0.3167200456,0.2114122183,-0.00124381585,0.06713843158,0.01282903377,0.6713843158,2000_2002,0,0.08992301749,0
HWM_RESERVE,UPRO,LAG2,50,staged,0.15,0.1,rule,1994-12-22,1996-07-16,394,0.6576809261,1.213537821,0.6609436854,0.003079376863,0.2754175834,0.0245192816,2.754175834,2000_2002,0,0.08992301749,0
HWM_RESERVE,UPRO,LAG2,50,staged,0.15,0.1,rule,1996-07-31,1998-08-28,525,0.68445743,1.981418154,0.6927993735,0.01025210444,1.327175037,0.02113953178,13.27175037,2000_2002,0,0.08992301749,0
HWM_RESERVE,UPRO,LAG2,50,staged,0.15,0.1,rule,1998-10-30,1999-09-24,226,0.378200497,0.3324754668,0.3752905861,-0.001903846123,0.5436340377,0.008971616114,5.436340377,2000_2002,0,0.08992301749,0
HWM_RESERVE,UPRO,LAG2,50,staged,0.15,0.1,rule,1999-10-29,2000-02-22,78,-0.2477834187,-0.08580631514,-0.246087811,0.000715090853,0,0,0,2000_2002,0,0.08992301749,0
HWM_RESERVE,UPRO,LAG2,50,staged,0.15,0.1,rule,2003-04-21,2004-07-19,313,0.592026798,0.7847362526,0.592026798,0,0,0,0,2007_2009,0,0,
HWM_RESERVE,UPRO,LAG2,50,staged,0.15,0.1,rule,2004-10-28,2005-04-18,117,0.05047680662,0.02346055407,0.05047680662,0,0,0,0,2007_2009,0,0,
HWM_RESERVE,UPRO,LAG2,50,staged,0.15,0.1,rule,2005-05-17,2005-10-06,99,0.04668784116,0.01789837283,0.04668784116,0,0,0,0,2007_2009,0,0,
HWM_RESERVE,UPRO,LAG2,50,staged,0.15,0.1,rule,2005-11-01,2006-05-24,140,0.1741488276,0.09380998073,0.1741488276,0,0,0,0,2007_2009,0,0,
HWM_RESERVE,UPRO,LAG2,50,staged,0.15,0.1,rule,2006-08-16,2007-08-06,243,0.3108230365,0.3009045404,0.3108230365,0,0,0,0,2007_2009,0,0,
HWM_RESERVE,UPRO,LAG2,50,staged,0.15,0.1,rule,2009-07-14,2010-05-21,216,0.7946588349,0.6453502992,0.7946588349,0,0,0,0,2020,0.5692887988,0.2506387149,2.271352209
HWM_RESERVE,UPRO,LAG2,50,staged,0.15,0.1,rule,2010-09-14,2011-08-03,224,0.4546789274,0.3929617425,0.4546789274,0,0,0,0,2020,0.5692887988,0.2506387149,2.271352209
HWM_RESERVE,UPRO,LAG2,50,staged,0.15,0.1,rule,2012-01-04,2012-06-04,104,-0.006444903581,-0.002687131352,-0.006444903581,0,0,0,0,2020,0.5692887988,0.2506387149,2.271352209
HWM_RESERVE,UPRO,LAG2,50,staged,0.15,0.1,rule,2012-06-07,2012-11-09,107,0.3760470182,0.1450682389,0.3760470182,0,0,0,0,2020,0.5692887988,0.2506387149,2.271352209
HWM_RESERVE,UPRO,LAG2,50,staged,0.15,0.1,rule,2012-11-20,2014-10-14,477,0.6166872905,1.488127671,0.6167660129,9.238565357e-05,1.321374597,0.0131613267,13.21374597,2020,0.5692887988,0.2506387149,2.271352209
HWM_RESERVE,UPRO,LAG2,50,staged,0.15,0.1,rule,2014-10-22,2015-07-09,178,0.2837815851,0.1986381721,0.2898572649,0.003360943397,0.4308595552,0.007071824331,4.308595552,2020,0.5692887988,0.2506387149,2.271352209
HWM_RESERVE,UPRO,LAG2,50,staged,0.15,0.1,rule,2016-03-17,2016-06-28,71,-0.05256796483,-0.01510679399,-0.05254819838,5.883328284e-06,0,0,0,2020,0.5692887988,0.2506387149,2.271352209
HWM_RESERVE,UPRO,LAG2,50,staged,0.15,0.1,rule,2016-06-29,2018-04-03,442,0.4720088097,0.9679294584,0.4689577324,-0.003652700159,2.71432023,0.02051081223,27.1432023,2020,0.5692887988,0.2506387149,2.271352209
HWM_RESERVE,UPRO,LAG2,50,staged,0.15,0.1,rule,2018-04-04,2018-10-12,134,0.237947288,0.1189807072,0.2398342646,0.0007964834138,0.009705435687,0.0001610431082,0.09705435687,2020,0.5692887988,0.2506387149,2.271352209
HWM_RESERVE,UPRO,LAG2,50,staged,0.15,0.1,rule,2019-06-05,2020-02-28,185,0.1330329589,0.08820012389,0.1220944074,-0.007118143068,1.354007712,0.01289727244,13.54007712,2020,0.5692887988,0.2506387149,2.271352209
HWM_RESERVE,UPRO,LAG2,50,staged,0.15,0.1,rule,2020-06-30,2022-01-24,395,0.8679592369,1.689012862,0.8786130978,0.008922128299,10.77914783,0.02138456237,107.7914783,2022,6.2199565,5.610045608,1.108717635
HWM_RESERVE,UPRO,LAG2,50,staged,0.15,0.1,rule,2023-03-21,2023-10-23,149,0.1469255132,0.0846118547,0.1472232522,0.0001534997738,0,0,0,,,,
HWM_RESERVE,UPRO,LAG2,50,staged,0.15,0.1,rule,2023-11-03,2025-03-11,336,0.5162876988,0.747923134,0.5111735179,-0.004569457318,3.626651668,0.006561856821,36.26651668,,,,
HWM_RESERVE,UPRO,LAG2,50,staged,0.15,0.1,rule,2025-05-13,2026-03-20,214,0.281780911,0.2333018826,0.2792496111,-0.001683174539,3.65974994,0.008897946911,36.5974994,,,,
HWM_RESERVE,UPRO,LAG2,50,staged,0.15,0.1,rule,2026-04-09,2026-09-02,101,1.114179658,0.3516416749,1.125093352,0.002058135524,4.11517659,0.01421608552,49.10756853,,,,
ASYMMETRIC_RESERVE_BAND,UPRO,LAG2,50,staged,0.2,0.1,rule,1986-11-21,1987-10-16,227,0.04836291519,0.01882166487,0.02091702732,-0.02389566794,0.2148289314,0.06469524153,0.7070930813,1987,0.111714604,0.03446886511,3.241029364
ASYMMETRIC_RESERVE_BAND,UPRO,LAG2,50,staged,0.2,0.1,rule,1988-11-23,1990-01-23,293,0.4940914116,0.5496312923,0.4557967293,-0.03028354353,0.1923961058,0.04696840276,0.1719006783,2000_2002,0,0.4720621932,0
ASYMMETRIC_RESERVE_BAND,UPRO,LAG2,50,staged,0.2,0.1,rule,1990-05-09,1990-08-06,61,-0.3799464248,-0.1093346436,-0.3782268771,0.0006748127844,0,0,0,2000_2002,0,0.4720621932,0
ASYMMETRIC_RESERVE_BAND,UPRO,LAG2,50,staged,0.2,0.1,rule,1991-01-25,1991-11-20,208,0.4029716496,0.3194009185,0.4029716496,0,0,0,0,2000_2002,0,0.4720621932,0
ASYMMETRIC_RESERVE_BAND,UPRO,LAG2,50,staged,0.2,0.1,rule,1991-12-16,1992-04-09,80,0.3851384233,0.104915514,0.3728304354,-0.002810206264,0.1986456589,0.1472891726,0.128686188,2000_2002,0,0.4720621932,0
ASYMMETRIC_RESERVE_BAND,UPRO,LAG2,50,staged,0.2,0.1,rule,1992-06-22,1992-10-05,73,0.07393556095,0.02071722582,0.07393556095,0,0,0,0,2000_2002,0,0.4720621932,0
ASYMMETRIC_RESERVE_BAND,UPRO,LAG2,50,staged,0.2,0.1,rule,1992-10-20,1994-03-28,363,0.204846714,0.3167200456,0.2114122183,0.007796447299,0.4479385527,0.08908846625,0.6731638086,2000_2002,0,0.4720621932,0
ASYMMETRIC_RESERVE_BAND,UPRO,LAG2,50,staged,0.2,0.1,rule,1994-12-22,1996-07-16,394,0.6207308829,1.213537821,0.6609436854,0.03838189101,0.2676148867,0.02428137447,2.685831258,2000_2002,0,0.4720621932,0
ASYMMETRIC_RESERVE_BAND,UPRO,LAG2,50,staged,0.2,0.1,rule,1996-07-31,1998-08-28,525,0.6561028309,1.981418154,0.6927993735,0.04548299391,1.738685849,0.02882444923,12.64138708,2000_2002,0,0.4720621932,0
ASYMMETRIC_RESERVE_BAND,UPRO,LAG2,50,staged,0.2,0.1,rule,1998-10-30,1999-09-24,226,0.396426759,0.3324754668,0.3752905861,-0.01373793636,3.616284113,0.06550403578,4.8786075,2000_2002,0,0.4720621932,0
ASYMMETRIC_RESERVE_BAND,UPRO,LAG2,50,staged,0.2,0.1,rule,1999-10-29,2000-02-22,78,-0.2528676043,-0.08580631514,-0.246087811,0.002868953931,0,0,0,2000_2002,0,0.4720621932,0
ASYMMETRIC_RESERVE_BAND,UPRO,LAG2,50,staged,0.2,0.1,rule,2003-04-21,2004-07-19,313,0.592026798,0.7847362526,0.592026798,0,0,0,0,2007_2009,0.05191685943,-0.2937328204,
ASYMMETRIC_RESERVE_BAND,UPRO,LAG2,50,staged,0.2,0.1,rule,2004-10-28,2005-04-18,117,0.05047680662,0.02346055407,0.05047680662,0,0,0,0,2007_2009,0.05191685943,-0.2937328204,
ASYMMETRIC_RESERVE_BAND,UPRO,LAG2,50,staged,0.2,0.1,rule,2005-05-17,2005-10-06,99,0.04668784116,0.01789837283,0.04668784116,0,0,0,0,2007_2009,0.05191685943,-0.2937328204,
ASYMMETRIC_RESERVE_BAND,UPRO,LAG2,50,staged,0.2,0.1,rule,2005-11-01,2006-05-24,140,0.1741488276,0.09380998073,0.1741488276,0,0,0,0,2007_2009,0.05191685943,-0.2937328204,
ASYMMETRIC_RESERVE_BAND,UPRO,LAG2,50,staged,0.2,0.1,rule,2006-08-16,2007-08-06,243,0.3333387087,0.3009045404,0.3108230365,-0.01655295448,1.671940146,0.06342273075,0,2007_2009,0.05191685943,-0.2937328204,
ASYMMETRIC_RESERVE_BAND,UPRO,LAG2,50,staged,0.2,0.1,rule,2009-07-14,2010-05-21,216,0.7939924212,0.6453502992,0.7946588349,0.000316237103,0,0,0,2020,3.087098412,7.105397304,0.4344723145
ASYMMETRIC_RESERVE_BAND,UPRO,LAG2,50,staged,0.2,0.1,rule,2010-09-14,2011-08-03,224,0.4546789274,0.3929617425,0.4546789274,0,0,0,0,2020,3.087098412,7.105397304,0.4344723145
ASYMMETRIC_RESERVE_BAND,UPRO,LAG2,50,staged,0.2,0.1,rule,2012-01-04,2012-06-04,104,-0.006444903581,-0.002687131352,-0.006444903581,0,0,0,0,2020,3.087098412,7.105397304,0.4344723145
ASYMMETRIC_RESERVE_BAND,UPRO,LAG2,50,staged,0.2,0.1,rule,2012-06-07,2012-11-09,107,0.4399181232,0.1450682389,0.3760470182,-0.01925409531,1.473521913,0.1161816606,0,2020,3.087098412,7.105397304,0.4344723145
ASYMMETRIC_RESERVE_BAND,UPRO,LAG2,50,staged,0.2,0.1,rule,2012-11-20,2014-10-14,477,0.565745875,1.488127671,0.6167660129,0.0608389638,4.356475574,0.04774485615,12.42875399,2020,3.087098412,7.105397304,0.4344723145
ASYMMETRIC_RESERVE_BAND,UPRO,LAG2,50,staged,0.2,0.1,rule,2014-10-22,2015-07-09,178,0.2885678565,0.1986381721,0.2898572649,0.0007119493819,6.328597579,0.1171784899,4.24198578,2020,3.087098412,7.105397304,0.4344723145
ASYMMETRIC_RESERVE_BAND,UPRO,LAG2,50,staged,0.2,0.1,rule,2016-03-17,2016-06-28,71,-0.05288777422,-0.01510679399,-0.05254819838,0.0001010891373,0,0,0,2020,3.087098412,7.105397304,0.4344723145
ASYMMETRIC_RESERVE_BAND,UPRO,LAG2,50,staged,0.2,0.1,rule,2016-06-29,2018-04-03,442,0.4477157498,0.9679294584,0.4689577324,0.02564281262,3.667266755,0.03033470384,24.56401717,2020,3.087098412,7.105397304,0.4344723145
ASYMMETRIC_RESERVE_BAND,UPRO,LAG2,50,staged,0.2,0.1,rule,2018-04-04,2018-10-12,134,0.2370070498,0.1189807072,0.2398342646,0.00119380655,0,0,0.4836848287,2020,3.087098412,7.105397304,0.4344723145
ASYMMETRIC_RESERVE_BAND,UPRO,LAG2,50,staged,0.2,0.1,rule,2019-06-05,2020-02-28,185,0.1531468239,0.08820012389,0.1220944074,-0.02002947129,6.111964455,0.06433272575,11.16152637,2020,3.087098412,7.105397304,0.4344723145
ASYMMETRIC_RESERVE_BAND,UPRO,LAG2,50,staged,0.2,0.1,rule,2020-06-30,2022-01-24,395,0.8648234528,1.689012862,0.8786130978,0.01155790092,24.00073477,0.05213862974,101.9012864,2022,8.674543263,7.853378509,1.104561973
ASYMMETRIC_RESERVE_BAND,UPRO,LAG2,50,staged,0.2,0.1,rule,2023-03-21,2023-10-23,149,0.1467203186,0.0846118547,0.1472232522,0.0002593112838,0,0,0,,,,
ASYMMETRIC_RESERVE_BAND,UPRO,LAG2,50,staged,0.2,0.1,rule,2023-11-03,2025-03-11,336,0.5211625397,0.747923134,0.5111735179,-0.008910743076,16.80984107,0.03396926808,33.40433397,,,,
ASYMMETRIC_RESERVE_BAND,UPRO,LAG2,50,staged,0.2,0.1,rule,2025-05-13,2026-03-20,214,0.2872640706,0.2333018826,0.2792496111,-0.005317802813,21.76333075,0.05946436166,35.60164951,,,,
ASYMMETRIC_RESERVE_BAND,UPRO,LAG2,50,staged,0.2,0.1,rule,2026-04-09,2026-09-02,101,1.054722432,0.3516416749,1.125093352,0.01346076522,47.24821893,0.1836570343,45.81169804,,,,
HWM_DRAWDOWN,UPRO,LAG2,50,drawdown,0.15,0.1,rule,1986-11-21,1987-10-16,227,0.04545704873,0.01882166487,0.02091702732,-0.02139548225,0.07279025844,0.02083776798,0.7279025844,1987,0.06630586949,0.01662546625,3.988211128
HWM_DRAWDOWN,UPRO,LAG2,50,drawdown,0.15,0.1,rule,1988-11-23,1990-01-23,293,0.4390108555,0.5496312923,0.4557967293,0.01352628362,0.0109751799,0.002694454426,0.109751799,2000_2002,1.270433147,0.91197932,1.393050389
HWM_DRAWDOWN,UPRO,LAG2,50,drawdown,0.15,0.1,rule,1990-05-09,1990-08-06,61,-0.3598250707,-0.1093346436,-0.3782268771,-0.007106889148,0,0,0,2000_2002,1.270433147,0.91197932,1.393050389
HWM_DRAWDOWN,UPRO,LAG2,50,drawdown,0.15,0.1,rule,1991-01-25,1991-11-20,208,0.3830529609,0.3194009185,0.4029716496,0.01170561279,0,0,0,2000_2002,1.270433147,0.91197932,1.393050389
HWM_DRAWDOWN,UPRO,LAG2,50,drawdown,0.15,0.1,rule,1991-12-16,1992-04-09,80,0.3591590705,0.104915514,0.3728304354,0.003151186328,0.007386048694,0.005635882402,0.07386048694,2000_2002,1.270433147,0.91197932,1.393050389
HWM_DRAWDOWN,UPRO,LAG2,50,drawdown,0.15,0.1,rule,1992-06-22,1992-10-05,73,0.07203165652,0.02071722582,0.07393556095,0.0005100952094,0,0,0,2000_2002,1.270433147,0.91197932,1.393050389
HWM_DRAWDOWN,UPRO,LAG2,50,drawdown,0.15,0.1,rule,1992-10-20,1994-03-28,363,0.2045519413,0.3167200456,0.2114122183,0.008147481604,0.06427157368,0.01292185637,0.6427157368,2000_2002,1.270433147,0.91197932,1.393050389
HWM_DRAWDOWN,UPRO,LAG2,50,drawdown,0.15,0.1,rule,1994-12-22,1996-07-16,394,0.618863983,1.213537821,0.6609436854,0.04018684512,0.2570731566,0.02459380382,2.570731566,2000_2002,1.270433147,0.91197932,1.393050389
HWM_DRAWDOWN,UPRO,LAG2,50,drawdown,0.15,0.1,rule,1996-07-31,1998-08-28,525,0.6345631573,1.981418154,0.6927993735,0.07265179619,1.156741684,0.02109319664,11.56741684,2000_2002,1.270433147,0.91197932,1.393050389
HWM_DRAWDOWN,UPRO,LAG2,50,drawdown,0.15,0.1,rule,1998-10-30,1999-09-24,226,0.3378198165,0.3324754668,0.3752905861,0.02488218021,0.3835168882,0.008035980858,3.835168882,2000_2002,1.270433147,0.91197932,1.393050389
HWM_DRAWDOWN,UPRO,LAG2,50,drawdown,0.15,0.1,rule,1999-10-29,2000-02-22,78,-0.2090702745,-0.08580631514,-0.246087811,-0.01522314457,0,0,0,2000_2002,1.270433147,0.91197932,1.393050389
HWM_DRAWDOWN,UPRO,LAG2,50,drawdown,0.15,0.1,rule,2003-04-21,2004-07-19,313,0.5452006283,0.7847362526,0.592026798,0.03718998931,0,0,0,2007_2009,0.5547441232,0.03666299901,15.13089868
HWM_DRAWDOWN,UPRO,LAG2,50,drawdown,0.15,0.1,rule,2004-10-28,2005-04-18,117,0.04914820418,0.02346055407,0.05047680662,0.0005959661395,0,0,0,2007_2009,0.5547441232,0.03666299901,15.13089868
HWM_DRAWDOWN,UPRO,LAG2,50,drawdown,0.15,0.1,rule,2005-05-17,2005-10-06,99,0.04606986805,0.01789837283,0.04668784116,0.000229603633,0,0,0,2007_2009,0.5547441232,0.03666299901,15.13089868
HWM_DRAWDOWN,UPRO,LAG2,50,drawdown,0.15,0.1,rule,2005-11-01,2006-05-24,140,0.1679735996,0.09380998073,0.1741488276,0.002945197017,0,0,0,2007_2009,0.5547441232,0.03666299901,15.13089868
HWM_DRAWDOWN,UPRO,LAG2,50,drawdown,0.15,0.1,rule,2006-08-16,2007-08-06,243,0.2988994548,0.3009045404,0.3108230365,0.00888144335,0,0,0,2007_2009,0.5547441232,0.03666299901,15.13089868
HWM_DRAWDOWN,UPRO,LAG2,50,drawdown,0.15,0.1,rule,2009-07-14,2010-05-21,216,0.7946588349,0.6453502992,0.7946588349,0,0,0,0,2020,5.467928228,5.0464199,1.08352621
HWM_DRAWDOWN,UPRO,LAG2,50,drawdown,0.15,0.1,rule,2010-09-14,2011-08-03,224,0.4546789274,0.3929617425,0.4546789274,0,0,0,0,2020,5.467928228,5.0464199,1.08352621
HWM_DRAWDOWN,UPRO,LAG2,50,drawdown,0.15,0.1,rule,2012-01-04,2012-06-04,104,-0.006444903581,-0.002687131352,-0.006444903581,0,0,0,0,2020,5.467928228,5.0464199,1.08352621
HWM_DRAWDOWN,UPRO,LAG2,50,drawdown,0.15,0.1,rule,2012-06-07,2012-11-09,107,0.3760470182,0.1450682389,0.3760470182,0,0,0,0,2020,5.467928228,5.0464199,1.08352621
HWM_DRAWDOWN,UPRO,LAG2,50,drawdown,0.15,0.1,rule,2012-11-20,2014-10-14,477,0.6112495256,1.488127671,0.6167660129,0.0064848574,1.904620972,0.01799967794,19.04620972,2020,5.467928228,5.0464199,1.08352621
HWM_DRAWDOWN,UPRO,LAG2,50,drawdown,0.15,0.1,rule,2014-10-22,2015-07-09,178,0.2739545333,0.1986381721,0.2898572649,0.008830885932,0.4196966594,0.006819708602,4.196966594,2020,5.467928228,5.0464199,1.08352621
HWM_DRAWDOWN,UPRO,LAG2,50,drawdown,0.15,0.1,rule,2016-03-17,2016-06-28,71,-0.04846943611,-0.01510679399,-0.05254819838,-0.001211393182,0,0,0,2020,5.467928228,5.0464199,1.08352621
HWM_DRAWDOWN,UPRO,LAG2,50,drawdown,0.15,0.1,rule,2016-06-29,2018-04-03,442,0.4413630108,0.9679294584,0.4689577324,0.033384811,2.73002361,0.02056524342,27.3002361,2020,5.467928228,5.0464199,1.08352621
HWM_DRAWDOWN,UPRO,LAG2,50,drawdown,0.15,0.1,rule,2018-04-04,2018-10-12,134,0.2192868946,0.1189807072,0.2398342646,0.008738956168,0,0,0,2020,5.467928228,5.0464199,1.08352621
HWM_DRAWDOWN,UPRO,LAG2,50,drawdown,0.15,0.1,rule,2019-06-05,2020-02-28,185,0.1223943484,0.08820012389,0.1220944074,-0.0001961069653,1.249103092,0.01242299165,12.49103092,2020,5.467928228,5.0464199,1.08352621
HWM_DRAWDOWN,UPRO,LAG2,50,drawdown,0.15,0.1,rule,2020-06-30,2022-01-24,395,0.8243510892,1.689012862,0.8786130978,0.04598030375,10.81988085,0.02167570254,108.1988085,2022,3.49621082,13.20971897,0.2646695838
HWM_DRAWDOWN,UPRO,LAG2,50,drawdown,0.15,0.1,rule,2023-03-21,2023-10-23,149,0.1367744691,0.0846118547,0.1472232522,0.005410863751,0,0,0,,,,
HWM_DRAWDOWN,UPRO,LAG2,50,drawdown,0.15,0.1,rule,2023-11-03,2025-03-11,336,0.4700690523,0.747923134,0.5111735179,0.03729803346,3.478873439,0.006619379587,34.78873439,,,,
HWM_DRAWDOWN,UPRO,LAG2,50,drawdown,0.15,0.1,rule,2025-05-13,2026-03-20,214,0.2624633692,0.2333018826,0.2792496111,0.01124691584,3.384649497,0.00880842857,33.84649497,,,,
HWM_DRAWDOWN,UPRO,LAG2,50,drawdown,0.15,0.1,rule,2026-04-09,2026-09-02,101,1.012855088,0.3516416749,1.125093352,0.02168977422,4.505695249,0.01694988503,45.05695249,,,,
BAND_DRAWDOWN,UPRO,LAG2,50,drawdown,0.2,0.1,rule,1986-11-21,1987-10-16,227,0.02465995107,0.01882166487,0.02091702732,-0.003296334726,0,0,0.6862145638,1987,0.1289374423,0.04891456776,2.635972231
BAND_DRAWDOWN,UPRO,LAG2,50,drawdown,0.2,0.1,rule,1988-11-23,1990-01-23,293,0.4586908279,0.5496312923,0.4557967293,-0.002316331097,0.1211211801,0.03151797267,0.1089563075,2000_2002,1.272916632,0.6417787834,1.983419622
BAND_DRAWDOWN,UPRO,LAG2,50,drawdown,0.2,0.1,rule,1990-05-09,1990-08-06,61,-0.326266427,-0.1093346436,-0.3782268771,-0.01955672196,0,0,0,2000_2002,1.272916632,0.6417787834,1.983419622
BAND_DRAWDOWN,UPRO,LAG2,50,drawdown,0.2,0.1,rule,1991-01-25,1991-11-20,208,0.3486581581,0.3194009185,0.4029716496,0.03232102226,0,0,0,2000_2002,1.272916632,0.6417787834,1.983419622
BAND_DRAWDOWN,UPRO,LAG2,50,drawdown,0.2,0.1,rule,1991-12-16,1992-04-09,80,0.3281247264,0.104915514,0.3728304354,0.01042372363,0,0,0.09114254037,2000_2002,1.272916632,0.6417787834,1.983419622
BAND_DRAWDOWN,UPRO,LAG2,50,drawdown,0.2,0.1,rule,1992-06-22,1992-10-05,73,0.06907728823,0.02071722582,0.07393556095,0.001303427651,0,0,0,2000_2002,1.272916632,0.6417787834,1.983419622
BAND_DRAWDOWN,UPRO,LAG2,50,drawdown,0.2,0.1,rule,1992-10-20,1994-03-28,363,0.1918945038,0.3167200456,0.2114122183,0.02330238466,0,0,0.6083072304,2000_2002,1.272916632,0.6417787834,1.983419622
BAND_DRAWDOWN,UPRO,LAG2,50,drawdown,0.2,0.1,rule,1994-12-22,1996-07-16,394,0.6098704026,1.213537821,0.6609436854,0.04891127841,0.2266646926,0.02241202949,2.498714659,2000_2002,1.272916632,0.6417787834,1.983419622
BAND_DRAWDOWN,UPRO,LAG2,50,drawdown,0.2,0.1,rule,1996-07-31,1998-08-28,525,0.6314297412,1.981418154,0.6927993735,0.07663389429,0.5006702817,0.009127774158,11.58331635,2000_2002,1.272916632,0.6417787834,1.983419622
BAND_DRAWDOWN,UPRO,LAG2,50,drawdown,0.2,0.1,rule,1998-10-30,1999-09-24,226,0.3777811407,0.3324754668,0.3752905861,-0.001629724999,1.040901528,0.0211498867,3.953828707,2000_2002,1.272916632,0.6417787834,1.983419622
BAND_DRAWDOWN,UPRO,LAG2,50,drawdown,0.2,0.1,rule,1999-10-29,2000-02-22,78,-0.2089723154,-0.08580631514,-0.246087811,-0.01526247672,0,0,0,2000_2002,1.272916632,0.6417787834,1.983419622
BAND_DRAWDOWN,UPRO,LAG2,50,drawdown,0.2,0.1,rule,2003-04-21,2004-07-19,313,0.5450967757,0.7847362526,0.592026798,0.03727371684,0,0,0,2007_2009,1.743860644,-0.1036067649,
BAND_DRAWDOWN,UPRO,LAG2,50,drawdown,0.2,0.1,rule,2004-10-28,2005-04-18,117,0.04914516315,0.02346055407,0.05047680662,0.000597331106,0,0,0,2007_2009,1.743860644,-0.1036067649,
BAND_DRAWDOWN,UPRO,LAG2,50,drawdown,0.2,0.1,rule,2005-05-17,2005-10-06,99,0.04606844677,0.01789837283,0.04668784116,0.0002301318568,0,0,0,2007_2009,1.743860644,-0.1036067649,
BAND_DRAWDOWN,UPRO,LAG2,50,drawdown,0.2,0.1,rule,2005-11-01,2006-05-24,140,0.1679594088,0.09380998073,0.1741488276,0.002951983041,0,0,0,2007_2009,1.743860644,-0.1036067649,
BAND_DRAWDOWN,UPRO,LAG2,50,drawdown,0.2,0.1,rule,2006-08-16,2007-08-06,243,0.3139434426,0.3009045404,0.3108230365,-0.002310940558,1.191869396,0.04406839248,0,2007_2009,1.743860644,-0.1036067649,
BAND_DRAWDOWN,UPRO,LAG2,50,drawdown,0.2,0.1,rule,2009-07-14,2010-05-21,216,0.7946588349,0.6453502992,0.7946588349,0,0,0,0,2020,5.920602184,11.18986846,0.5291038232
BAND_DRAWDOWN,UPRO,LAG2,50,drawdown,0.2,0.1,rule,2010-09-14,2011-08-03,224,0.4546789274,0.3929617425,0.4546789274,0,0,0,0,2020,5.920602184,11.18986846,0.5291038232
BAND_DRAWDOWN,UPRO,LAG2,50,drawdown,0.2,0.1,rule,2012-01-04,2012-06-04,104,-0.006444903581,-0.002687131352,-0.006444903581,0,0,0,0,2020,5.920602184,11.18986846,0.5291038232
BAND_DRAWDOWN,UPRO,LAG2,50,drawdown,0.2,0.1,rule,2012-06-07,2012-11-09,107,0.4399181232,0.1450682389,0.3760470182,-0.01925409531,1.72688845,0.1161816606,0,2020,5.920602184,11.18986846,0.5291038232
BAND_DRAWDOWN,UPRO,LAG2,50,drawdown,0.2,0.1,rule,2012-11-20,2014-10-14,477,0.5566685558,1.488127671,0.6167660129,0.0718706345,1.721728199,0.01626158409,20.54317182,2020,5.920602184,11.18986846,0.5291038232
BAND_DRAWDOWN,UPRO,LAG2,50,drawdown,0.2,0.1,rule,2014-10-22,2015-07-09,178,0.2605320307,0.1986381721,0.2898572649,0.01637070082,0,0,4.220186952,2020,5.920602184,11.18986846,0.5291038232
BAND_DRAWDOWN,UPRO,LAG2,50,drawdown,0.2,0.1,rule,2016-03-17,2016-06-28,71,-0.04678551517,-0.01510679399,-0.05254819838,-0.001710004294,0,0,0,2020,5.920602184,11.18986846,0.5291038232
BAND_DRAWDOWN,UPRO,LAG2,50,drawdown,0.2,0.1,rule,2016-06-29,2018-04-03,442,0.4324601177,0.9679294584,0.4689577324,0.0442922616,3.21029661,0.02381454035,27.89420585,2020,5.920602184,11.18986846,0.5291038232
BAND_DRAWDOWN,UPRO,LAG2,50,drawdown,0.2,0.1,rule,2018-04-04,2018-10-12,134,0.213920422,0.1189807072,0.2398342646,0.01104561648,0,0,0,2020,5.920602184,11.18986846,0.5291038232
BAND_DRAWDOWN,UPRO,LAG2,50,drawdown,0.2,0.1,rule,2019-06-05,2020-02-28,185,0.1102728395,0.08820012389,0.1220944074,0.007771199564,0,0,12.83249751,2020,5.920602184,11.18986846,0.5291038232
BAND_DRAWDOWN,UPRO,LAG2,50,drawdown,0.2,0.1,rule,2020-06-30,2022-01-24,395,0.8112956642,1.689012862,0.8786130978,0.05724723365,14.18686038,0.0283859287,108.2540042,2022,4.639099142,17.36252221,0.2671903935
BAND_DRAWDOWN,UPRO,LAG2,50,drawdown,0.2,0.1,rule,2023-03-21,2023-10-23,149,0.1345432784,0.0846118547,0.1472232522,0.006572720182,0,0,0,,,,
BAND_DRAWDOWN,UPRO,LAG2,50,drawdown,0.2,0.1,rule,2023-11-03,2025-03-11,336,0.4554608772,0.747923134,0.5111735179,0.05080512214,0,0,36.32768321,,,,
BAND_DRAWDOWN,UPRO,LAG2,50,drawdown,0.2,0.1,rule,2025-05-13,2026-03-20,214,0.2597706977,0.2333018826,0.2792496111,0.01306493439,0,0,34.76103365,,,,
BAND_DRAWDOWN,UPRO,LAG2,50,drawdown,0.2,0.1,rule,2026-04-09,2026-09-02,101,1.038275254,0.3516416749,1.125093352,0.01667327803,14.71251931,0.05467140285,46.03673527,,,,
NO_RESERVE,SSO,LAG1,0,staged,0.15,0.1,rule,1986-11-20,1987-10-15,227,0.2590094062,0.2305560219,0.2590094062,0,0,0,0.5548779466,1987,0,0,
NO_RESERVE,SSO,LAG1,0,staged,0.15,0.1,rule,1988-11-22,1990-01-22,293,0.3585602255,0.4295954847,0.3585602255,0,0,0,0.2030925764,2000_2002,0,0,
NO_RESERVE,SSO,LAG1,0,staged,0.15,0.1,rule,1990-05-08,1990-08-03,61,0.02034930143,0.004809934147,0.02034930143,0,0,0,0,2000_2002,0,0,
NO_RESERVE,SSO,LAG1,0,staged,0.15,0.1,rule,1991-01-24,1991-11-19,208,0.3260289275,0.2598650117,0.3260289275,0,0,0,0.281340589,2000_2002,0,0,
NO_RESERVE,SSO,LAG1,0,staged,0.15,0.1,rule,1991-12-13,1992-04-08,80,0.1589594474,0.04839003891,0.1589594474,0,0,0,0.2236016827,2000_2002,0,0,
NO_RESERVE,SSO,LAG1,0,staged,0.15,0.1,rule,1992-06-19,1992-10-02,73,0.1270534784,0.03498181056,0.1270534784,0,0,0,0.0003839133676,2000_2002,0,0,
NO_RESERVE,SSO,LAG1,0,staged,0.15,0.1,rule,1992-10-19,1994-03-25,363,0.1628884787,0.2406927978,0.1628884787,0,0,0,0.6641791039,2000_2002,0,0,
NO_RESERVE,SSO,LAG1,0,staged,0.15,0.1,rule,1994-12-21,1996-07-15,394,0.4492755212,0.788012542,0.4492755212,0,0,0,2.530328878,2000_2002,0,0,
NO_RESERVE,SSO,LAG1,0,staged,0.15,0.1,rule,1996-07-30,1998-08-27,525,0.5191482482,1.381623753,0.5191482482,0,0,0,9.151281981,2000_2002,0,0,
NO_RESERVE,SSO,LAG1,0,staged,0.15,0.1,rule,1998-10-29,1999-09-23,226,0.3443509729,0.3054437327,0.3443509729,0,0,0,3.665068684,2000_2002,0,0,
NO_RESERVE,SSO,LAG1,0,staged,0.15,0.1,rule,1999-10-28,2000-02-18,78,-0.05901214698,-0.01864192846,-0.05901214698,0,0,0,0,2000_2002,0,0,
NO_RESERVE,SSO,LAG1,0,staged,0.15,0.1,rule,2003-04-17,2004-07-16,313,0.3888887751,0.5070047501,0.3888887751,0,0,0,0,2007_2009,0,0,
NO_RESERVE,SSO,LAG1,0,staged,0.15,0.1,rule,2004-10-27,2005-04-15,117,0.05638401777,0.02585859395,0.05638401777,0,0,0,0,2007_2009,0,0,
NO_RESERVE,SSO,LAG1,0,staged,0.15,0.1,rule,2005-05-16,2005-10-05,99,0.1214695606,0.04557724279,0.1214695606,0,0,0,0,2007_2009,0,0,
NO_RESERVE,SSO,LAG1,0,staged,0.15,0.1,rule,2005-10-31,2006-05-23,140,0.1239797214,0.06745531297,0.1239797214,0,0,0,0,2007_2009,0,0,
NO_RESERVE,SSO,LAG1,0,staged,0.15,0.1,rule,2006-08-15,2007-08-03,243,0.1997733148,0.1924668539,0.1997733148,0,0,0,0.2563971748,2007_2009,0,0,
NO_RESERVE,SSO,LAG1,0,staged,0.15,0.1,rule,2009-07-13,2010-05-20,216,0.4947090229,0.4080887685,0.4947090229,0,0,0,0,2020,0,0,
NO_RESERVE,SSO,LAG1,0,staged,0.15,0.1,rule,2010-09-13,2011-08-02,224,0.2925512791,0.2547469516,0.2925512791,0,0,0,0,2020,0,0,
NO_RESERVE,SSO,LAG1,0,staged,0.15,0.1,rule,2012-01-03,2012-06-01,104,0.01933654887,0.007896299434,0.01933654887,0,0,0,0,2020,0,0,
NO_RESERVE,SSO,LAG1,0,staged,0.15,0.1,rule,2012-06-06,2012-11-08,107,0.2575201289,0.1021249805,0.2575201289,0,0,0,0.1673916487,2020,0,0,
NO_RESERVE,SSO,LAG1,0,staged,0.15,0.1,rule,2012-11-19,2014-10-13,477,0.3949022267,0.880387314,0.3949022267,0,0,0,17.53501948,2020,0,0,
NO_RESERVE,SSO,LAG1,0,staged,0.15,0.1,rule,2014-10-21,2015-07-08,178,0.1751835526,0.1217707954,0.1751835526,0,0,0,3.317220429,2020,0,0,
NO_RESERVE,SSO,LAG1,0,staged,0.15,0.1,rule,2016-03-16,2016-06-27,71,-0.08305828157,-0.0241559463,-0.08305828157,0,0,0,0,2020,0,0,
NO_RESERVE,SSO,LAG1,0,staged,0.15,0.1,rule,2016-06-28,2018-04-02,442,0.3182721897,0.6265279401,0.3182721897,0,0,0,27.42913735,2020,0,0,
NO_RESERVE,SSO,LAG1,0,staged,0.15,0.1,rule,2018-04-03,2018-10-11,134,0.1704004508,0.08576069434,0.1704004508,0,0,0,1.303583881,2020,0,0,
NO_RESERVE,SSO,LAG1,0,staged,0.15,0.1,rule,2019-06-04,2020-02-27,185,0.1637863127,0.1177227719,0.1637863127,0,0,0,12.02396085,2020,0,0,
NO_RESERVE,SSO,LAG1,0,staged,0.15,0.1,rule,2020-06-29,2022-01-21,395,0.5849872827,1.054484481,0.5849872827,0,0,0,62.02733672,2022,0,0,
NO_RESERVE,SSO,LAG1,0,staged,0.15,0.1,rule,2023-03-20,2023-10-20,149,0.195952087,0.1105356627,0.195952087,0,0,0,0,,,,
NO_RESERVE,SSO,LAG1,0,staged,0.15,0.1,rule,2023-11-02,2025-03-10,336,0.3985041834,0.5740191052,0.3985041834,0,0,0,58.80800596,,,,
NO_RESERVE,SSO,LAG1,0,staged,0.15,0.1,rule,2025-05-12,2026-03-19,214,0.2796819346,0.2336567632,0.2796819346,0,0,0,38.37424781,,,,
NO_RESERVE,SSO,LAG1,0,staged,0.15,0.1,rule,2026-04-08,2026-09-02,102,0.7584784093,0.2550437056,0.7584784093,0,0,0,45.29334111,,,,
FIXED_90_10,SSO,LAG1,0,staged,0.15,0.1,quarterly,1986-11-20,1987-10-15,227,0.2475122319,0.2305560219,0.2590094062,0.008263392324,0.05180901874,0.02404468484,0.5017207385,1987,0.07062127201,0.05586128645,1.264225665
FIXED_90_10,SSO,LAG1,0,staged,0.15,0.1,quarterly,1988-11-22,1990-01-22,293,0.3317710118,0.4295954847,0.3585602255,0.02322832738,0.0470784911,0.01804864242,0.2167223031,2000_2002,0.5047842225,1.647545582,0.3063855883
FIXED_90_10,SSO,LAG1,0,staged,0.15,0.1,quarterly,1990-05-08,1990-08-03,61,0.02871057872,0.004809934147,0.02034930143,-0.001943924577,0.009373022774,0.01539449072,0,2000_2002,0.5047842225,1.647545582,0.3063855883
FIXED_90_10,SSO,LAG1,0,staged,0.15,0.1,quarterly,1991-01-24,1991-11-19,208,0.3004396399,0.2598650117,0.3260289275,0.01595183652,0.04755055336,0.01880646374,0.2872956933,2000_2002,0.5047842225,1.647545582,0.3063855883
FIXED_90_10,SSO,LAG1,0,staged,0.15,0.1,quarterly,1991-12-13,1992-04-08,80,0.1497927915,0.04839003891,0.1589594474,0.002543674352,0.02305525335,0.0256351903,0.1989749081,2000_2002,0.5047842225,1.647545582,0.3063855883
FIXED_90_10,SSO,LAG1,0,staged,0.15,0.1,quarterly,1992-06-19,1992-10-02,73,0.1175929568,0.03498181056,0.1270534784,0.002423253125,0.008011929103,0.01203053685,0.007227795457,2000_2002,0.5047842225,1.647545582,0.3063855883
FIXED_90_10,SSO,LAG1,0,staged,0.15,0.1,quarterly,1992-10-19,1994-03-25,363,0.1494411319,0.2406927978,0.1628884787,0.01662271797,0.04253921112,0.01184123049,0.5882473497,2000_2002,0.5047842225,1.647545582,0.3063855883
FIXED_90_10,SSO,LAG1,0,staged,0.15,0.1,quarterly,1994-12-21,1996-07-15,394,0.4077638194,0.788012542,0.4492755212,0.04551145093,0.2081410936,0.02842138401,2.180322972,2000_2002,0.5047842225,1.647545582,0.3063855883
FIXED_90_10,SSO,LAG1,0,staged,0.15,0.1,quarterly,1996-07-30,1998-08-27,525,0.4698121182,1.381623753,0.5191482482,0.06851621229,0.573945574,0.01805189914,7.32911723,2000_2002,0.5047842225,1.647545582,0.3063855883
FIXED_90_10,SSO,LAG1,0,staged,0.15,0.1,quarterly,1998-10-29,1999-09-23,226,0.3185270375,0.3054437327,0.3443509729,0.01747110762,0.47062195,0.01805321401,2.917508184,2000_2002,0.5047842225,1.647545582,0.3063855883
FIXED_90_10,SSO,LAG1,0,staged,0.15,0.1,quarterly,1999-10-28,2000-02-18,78,-0.03862859019,-0.01864192846,-0.05901214698,-0.006630133388,0.2148127279,0.02645059015,0,2000_2002,0.5047842225,1.647545582,0.3063855883
FIXED_90_10,SSO,LAG1,0,staged,0.15,0.1,quarterly,2003-04-17,2004-07-16,313,0.3498894655,0.5070047501,0.3888887751,0.03555772932,0.4207848521,0.02195296572,0,2007_2009,0.3449748235,0.1243893121,2.773347788
FIXED_90_10,SSO,LAG1,0,staged,0.15,0.1,quarterly,2004-10-27,2005-04-15,117,0.05586831372,0.02585859395,0.05638401777,0.0002272706964,0.1404856033,0.0223412748,0,2007_2009,0.3449748235,0.1243893121,2.773347788
FIXED_90_10,SSO,LAG1,0,staged,0.15,0.1,quarterly,2005-05-16,2005-10-05,99,0.1124142313,0.04557724279,0.1214695606,0.00315191261,0.0496814637,0.01016134597,0,2007_2009,0.3449748235,0.1243893121,2.773347788
FIXED_90_10,SSO,LAG1,0,staged,0.15,0.1,quarterly,2005-10-31,2006-05-23,140,0.1163505093,0.06745531297,0.1239797214,0.003803989105,0.06998990769,0.009620963871,0,2007_2009,0.3449748235,0.1243893121,2.773347788
FIXED_90_10,SSO,LAG1,0,staged,0.15,0.1,quarterly,2006-08-15,2007-08-03,243,0.1857373769,0.1924668539,0.1997733148,0.01137311838,0.2891858154,0.01781582176,0.9043046713,2007_2009,0.3449748235,0.1243893121,2.773347788
FIXED_90_10,SSO,LAG1,0,staged,0.15,0.1,quarterly,2009-07-13,2010-05-20,216,0.4442503393,0.4080887685,0.4947090229,0.02924052544,0.4467829044,0.02241897279,0,2020,0.3571382443,10.17505777,0.03509938246
FIXED_90_10,SSO,LAG1,0,staged,0.15,0.1,quarterly,2010-09-13,2011-08-02,224,0.2640255652,0.2547469516,0.2925512791,0.01973503893,0.4579302915,0.02398258885,0,2020,0.3571382443,10.17505777,0.03509938246
FIXED_90_10,SSO,LAG1,0,staged,0.15,0.1,quarterly,2012-01-03,2012-06-01,104,0.02675340666,0.007896299434,0.01933654887,-0.002977338141,0.2836558478,0.0357476744,0,2020,0.3571382443,10.17505777,0.03509938246
FIXED_90_10,SSO,LAG1,0,staged,0.15,0.1,quarterly,2012-06-06,2012-11-08,107,0.2294310603,0.1021249805,0.2575201289,0.009586498642,0.161744371,0.01704217593,0.5203616237,2020,0.3571382443,10.17505777,0.03509938246
FIXED_90_10,SSO,LAG1,0,staged,0.15,0.1,quarterly,2012-11-19,2014-10-13,477,0.3524367279,0.880387314,0.3949022267,0.05865858489,1.343003015,0.02295064713,13.67805599,2020,0.3571382443,10.17505777,0.03509938246
FIXED_90_10,SSO,LAG1,0,staged,0.15,0.1,quarterly,2014-10-21,2015-07-08,178,0.1562853484,0.1217707954,0.1751835526,0.01154020547,0.1742167421,0.005740994848,2.495152931,2020,0.3571382443,10.17505777,0.03509938246
FIXED_90_10,SSO,LAG1,0,staged,0.15,0.1,quarterly,2016-03-16,2016-06-27,71,-0.07425766268,-0.0241559463,-0.08305828157,-0.002693659113,0.06437740112,0.00666889436,0,2020,0.3571382443,10.17505777,0.03509938246
FIXED_90_10,SSO,LAG1,0,staged,0.15,0.1,quarterly,2016-06-28,2018-04-02,442,0.284940122,0.6265279401,0.3182721897,0.04508448841,1.724332414,0.02310607071,20.15815877,2020,0.3571382443,10.17505777,0.03509938246
FIXED_90_10,SSO,LAG1,0,staged,0.15,0.1,quarterly,2018-04-03,2018-10-11,134,0.158032175,0.08576069434,0.1704004508,0.005555494337,0.7724289299,0.025086155,1.002597394,2020,0.3571382443,10.17505777,0.03509938246
FIXED_90_10,SSO,LAG1,0,staged,0.15,0.1,quarterly,2019-06-04,2020-02-27,185,0.1521926491,0.1177227719,0.1637863127,0.007346225872,1.051640341,0.01901354463,9.106590283,2020,0.3571382443,10.17505777,0.03509938246
FIXED_90_10,SSO,LAG1,0,staged,0.15,0.1,quarterly,2020-06-29,2022-01-21,395,0.5215866709,1.054484481,0.5849872827,0.06381869775,6.414123266,0.03014788247,44.07363177,2022,-2.947511553,11.11998314,-0.2650643904
FIXED_90_10,SSO,LAG1,0,staged,0.15,0.1,quarterly,2023-03-20,2023-10-20,149,0.1837398747,0.1105356627,0.195952087,0.006013550463,1.379904065,0.01908738527,0,,,,
FIXED_90_10,SSO,LAG1,0,staged,0.15,0.1,quarterly,2023-11-02,2025-03-10,336,0.3623665059,0.5740191052,0.3985041834,0.03540835058,4.623372188,0.01870566018,42.20733065,,,,
FIXED_90_10,SSO,LAG1,0,staged,0.15,0.1,quarterly,2025-05-12,2026-03-19,214,0.2563813916,0.2336567632,0.2796819346,0.01564654052,3.995182305,0.02215467212,26.45529784,,,,
FIXED_90_10,SSO,LAG1,0,staged,0.15,0.1,quarterly,2026-04-08,2026-09-02,102,0.6766450807,0.2550437056,0.7584784093,0.01917905234,3.503971578,0.02785426916,30.65861127,,,,
FIXED_85_15,SSO,LAG1,0,staged,0.15,0.1,quarterly,1986-11-20,1987-10-15,227,0.2410638123,0.2305560219,0.2590094062,0.01293148012,0.07345439756,0.03622276178,0.4752669712,1987,0.1035888289,0.08368777847,1.237801155
FIXED_85_15,SSO,LAG1,0,staged,0.15,0.1,quarterly,1988-11-22,1990-01-22,293,0.3183209959,0.4295954847,0.3585602255,0.03506732528,0.06660528378,0.02708835438,0.2216535649,2000_2002,0.6959173832,2.396290492,0.2904144491
FIXED_85_15,SSO,LAG1,0,staged,0.15,0.1,quarterly,1990-05-08,1990-08-03,61,0.03272008498,0.004809934147,0.02034930143,-0.002870502044,0.01322470032,0.02307238364,0,2000_2002,0.6959173832,2.396290492,0.2904144491
FIXED_85_15,SSO,LAG1,0,staged,0.15,0.1,quarterly,1991-01-24,1991-11-19,208,0.2875315984,0.2598650117,0.3260289275,0.0241179511,0.06730065882,0.02832101504,0.2886938973,2000_2002,0.6959173832,2.396290492,0.2904144491
FIXED_85_15,SSO,LAG1,0,staged,0.15,0.1,quarterly,1991-12-13,1992-04-08,80,0.144976175,0.04839003891,0.1589594474,0.003888386651,0.03232623972,0.03854318319,0.1866517869,2000_2002,0.6959173832,2.396290492,0.2904144491
FIXED_85_15,SSO,LAG1,0,staged,0.15,0.1,quarterly,1992-06-19,1992-10-02,73,0.1128629972,0.03498181056,0.1270534784,0.003642505201,0.01122036775,0.01802962402,0.0103856092,2000_2002,0.6959173832,2.396290492,0.2904144491
FIXED_85_15,SSO,LAG1,0,staged,0.15,0.1,quarterly,1992-10-19,1994-03-25,363,0.1427446199,0.2406927978,0.1628884787,0.02497317707,0.05926430547,0.0177811466,0.5509229331,2000_2002,0.6959173832,2.396290492,0.2904144491
FIXED_85_15,SSO,LAG1,0,staged,0.15,0.1,quarterly,1994-12-21,1996-07-15,394,0.3871697201,0.788012542,0.4492755212,0.06859034414,0.2860982357,0.04275108604,2.014049887,2000_2002,0.6959173832,2.396290492,0.2904144491
FIXED_85_15,SSO,LAG1,0,staged,0.15,0.1,quarterly,1996-07-30,1998-08-27,525,0.4453534734,1.381623753,0.5191482482,0.103340988,0.7635707676,0.02716799167,6.521483861,2000_2002,0.6959173832,2.396290492,0.2904144491
FIXED_85_15,SSO,LAG1,0,staged,0.15,0.1,quarterly,1998-10-29,1999-09-23,226,0.3052368445,0.3054437327,0.3443509729,0.02659638177,0.6174729759,0.02724239381,2.585954329,2000_2002,0.6959173832,2.396290492,0.2904144491
FIXED_85_15,SSO,LAG1,0,staged,0.15,0.1,quarterly,1999-10-28,2000-02-18,78,-0.02910495175,-0.01864192846,-0.05901214698,-0.009679836871,0.2802703217,0.03978391581,0,2000_2002,0.6959173832,2.396290492,0.2904144491
FIXED_85_15,SSO,LAG1,0,staged,0.15,0.1,quarterly,2003-04-17,2004-07-16,313,0.3304676997,0.5070047501,0.3888887751,0.05365063245,0.5691695336,0.03307961501,0,2007_2009,0.4640282029,0.1754833792,2.644285771
FIXED_85_15,SSO,LAG1,0,staged,0.15,0.1,quarterly,2004-10-27,2005-04-15,117,0.05539376186,0.02585859395,0.05638401777,0.0004365037211,0.1878532043,0.03360474033,0,2007_2009,0.4640282029,0.1754833792,2.644285771
FIXED_85_15,SSO,LAG1,0,staged,0.15,0.1,quarterly,2005-05-16,2005-10-05,99,0.1079107792,0.04557724279,0.1214695606,0.004729007077,0.0663521607,0.01523686356,0,2007_2009,0.4640282029,0.1754833792,2.644285771
FIXED_85_15,SSO,LAG1,0,staged,0.15,0.1,quarterly,2005-10-31,2006-05-23,140,0.1125117061,0.06745531297,0.1239797214,0.005727891348,0.09322101644,0.01442102173,0,2007_2009,0.4640282029,0.1754833792,2.644285771
FIXED_85_15,SSO,LAG1,0,staged,0.15,0.1,quarterly,2006-08-15,2007-08-03,243,0.1786397963,0.1924668539,0.1997733148,0.01717554095,0.3842513177,0.02673848869,1.12455109,2007_2009,0.4640282029,0.1754833792,2.644285771
FIXED_85_15,SSO,LAG1,0,staged,0.15,0.1,quarterly,2009-07-13,2010-05-20,216,0.4190190391,0.4080887685,0.4947090229,0.04424735067,0.6069188535,0.03377879223,0,2020,0.3656540047,13.9797751,0.02615592898
FIXED_85_15,SSO,LAG1,0,staged,0.15,0.1,quarterly,2010-09-13,2011-08-02,224,0.2496833986,0.2547469516,0.2925512791,0.02982633103,0.6172968786,0.03618992027,0.03787167795,2020,0.3656540047,13.9797751,0.02615592898
FIXED_85_15,SSO,LAG1,0,staged,0.15,0.1,quarterly,2012-01-03,2012-06-01,104,0.02970679363,0.007896299434,0.01933654887,-0.004156928933,0.3814123173,0.05382021235,0.02713855096,2020,0.3656540047,13.9797751,0.02615592898
FIXED_85_15,SSO,LAG1,0,staged,0.15,0.1,quarterly,2012-06-06,2012-11-08,107,0.2156286193,0.1021249805,0.2575201289,0.014377679,0.216391121,0.02562140849,0.5686026536,2020,0.3656540047,13.9797751,0.02615592898
FIXED_85_15,SSO,LAG1,0,staged,0.15,0.1,quarterly,2012-11-19,2014-10-13,477,0.3314556363,0.880387314,0.3949022267,0.08832361805,1.76382627,0.03453435801,11.94937001,2020,0.3656540047,13.9797751,0.02615592898
FIXED_85_15,SSO,LAG1,0,staged,0.15,0.1,quarterly,2014-10-21,2015-07-08,178,0.1469607546,0.1217707954,0.1751835526,0.01730395456,0.2246562153,0.008625377213,2.13990873,2020,0.3656540047,13.9797751,0.02615592898
FIXED_85_15,SSO,LAG1,0,staged,0.15,0.1,quarterly,2016-03-16,2016-06-27,71,-0.06987476859,-0.0241559463,-0.08305828157,-0.004025620996,0.08324882267,0.01001332697,0,2020,0.3656540047,13.9797751,0.02615592898
FIXED_85_15,SSO,LAG1,0,staged,0.15,0.1,quarterly,2016-06-28,2018-04-02,442,0.2684753691,0.6265279401,0.3182721897,0.0677878669,2.202049021,0.03475918353,17.09135021,2020,0.3656540047,13.9797751,0.02615592898
FIXED_85_15,SSO,LAG1,0,staged,0.15,0.1,quarterly,2018-04-03,2018-10-11,134,0.1515961603,0.08576069434,0.1704004508,0.008469894562,0.9734064625,0.03759113008,0.8721962349,2020,0.3656540047,13.9797751,0.02615592898
FIXED_85_15,SSO,LAG1,0,staged,0.15,0.1,quarterly,2019-06-04,2020-02-27,185,0.1461134136,0.1177227719,0.1637863127,0.01122787865,1.32719242,0.02856084954,7.829786548,2020,0.3656540047,13.9797751,0.02615592898
FIXED_85_15,SSO,LAG1,0,staged,0.15,0.1,quarterly,2020-06-29,2022-01-21,395,0.4902471685,1.054484481,0.5849872827,0.09635383495,8.014899955,0.04539395977,36.66580042,2022,-3.901184282,14.64681347,-0.2663503766
FIXED_85_15,SSO,LAG1,0,staged,0.15,0.1,quarterly,2023-03-20,2023-10-20,149,0.1774580524,0.1105356627,0.195952087,0.009131060218,1.715344627,0.02866907915,0,,,,
FIXED_85_15,SSO,LAG1,0,staged,0.15,0.1,quarterly,2023-11-02,2025-03-10,336,0.3444026989,0.5740191052,0.3985041834,0.05336065685,5.686789866,0.02820998309,35.33296034,,,,
FIXED_85_15,SSO,LAG1,0,staged,0.15,0.1,quarterly,2025-05-12,2026-03-19,214,0.2446643882,0.2336567632,0.2796819346,0.02362461806,4.859046164,0.03336942121,21.68994177,,,,
FIXED_85_15,SSO,LAG1,0,staged,0.15,0.1,quarterly,2026-04-08,2026-09-02,102,0.6365616539,0.2550437056,0.7584784093,0.02891760916,4.24153521,0.04190935043,24.88854091,,,,
HWM_RESERVE,SSO,LAG1,0,staged,0.15,0.1,rule,1986-11-20,1987-10-15,227,0.2645136239,0.2305560219,0.2590094062,-0.003929385898,0.0548893232,0.02309461861,0.548893232,1987,0.02230020982,0.005685528145,3.922275865
HWM_RESERVE,SSO,LAG1,0,staged,0.15,0.1,rule,1988-11-22,1990-01-22,293,0.3610972935,0.4295954847,0.3585602255,-0.0021760425,0.02264521259,0.007761957589,0.2264521259,2000_2002,0,0.1649159277,0
HWM_RESERVE,SSO,LAG1,0,staged,0.15,0.1,rule,1990-05-08,1990-08-03,61,0.01995579312,0.004809934147,0.02034930143,9.187933236e-05,0,0,0,2000_2002,0,0.1649159277,0
HWM_RESERVE,SSO,LAG1,0,staged,0.15,0.1,rule,1991-01-24,1991-11-19,208,0.326617906,0.2598650117,0.3260289275,-0.0003635222016,0.02897082742,0.01014241671,0.2897082742,2000_2002,0,0.1649159277,0
HWM_RESERVE,SSO,LAG1,0,staged,0.15,0.1,rule,1991-12-13,1992-04-08,80,0.1598751662,0.04839003891,0.1589594474,-0.000252998532,0.02146038626,0.02088676298,0.2252270339,2000_2002,0,0.1649159277,0
HWM_RESERVE,SSO,LAG1,0,staged,0.15,0.1,rule,1992-06-19,1992-10-02,73,0.1270642683,0.03498181056,0.1270534784,-2.752125329e-06,0.0002509442099,0.0003291517141,0.002509442099,2000_2002,0,0.1649159277,0
HWM_RESERVE,SSO,LAG1,0,staged,0.15,0.1,rule,1992-10-19,1994-03-25,363,0.1632895759,0.2406927978,0.1628884787,-0.0004928524485,0.06686834865,0.01615376479,0.6686834865,2000_2002,0,0.1649159277,0
HWM_RESERVE,SSO,LAG1,0,staged,0.15,0.1,rule,1994-12-21,1996-07-15,394,0.4451573388,0.788012542,0.4492755212,0.00445633871,0.2492251689,0.02942004285,2.49836386,2000_2002,0,0.1649159277,0
HWM_RESERVE,SSO,LAG1,0,staged,0.15,0.1,rule,1996-07-30,1998-08-27,525,0.5111241973,1.381623753,0.5191482482,0.01099061495,0.883183048,0.02304670733,8.83183048,2000_2002,0,0.1649159277,0
HWM_RESERVE,SSO,LAG1,0,staged,0.15,0.1,rule,1998-10-29,1999-09-23,226,0.3446992103,0.3054437327,0.3443509729,-0.0002332986066,0.3855326581,0.0115227349,3.855326581,2000_2002,0,0.1649159277,0
HWM_RESERVE,SSO,LAG1,0,staged,0.15,0.1,rule,1999-10-28,2000-02-18,78,-0.06118352925,-0.01864192846,-0.05901214698,0.0007147300648,0,0,0,2000_2002,0,0.1649159277,0
HWM_RESERVE,SSO,LAG1,0,staged,0.15,0.1,rule,2003-04-17,2004-07-16,313,0.3888887751,0.5070047501,0.3888887751,0,0,0,0,2007_2009,0.0007034334721,-0.004540033944,
HWM_RESERVE,SSO,LAG1,0,staged,0.15,0.1,rule,2004-10-27,2005-04-15,117,0.05638401777,0.02585859395,0.05638401777,0,0,0,0,2007_2009,0.0007034334721,-0.004540033944,
HWM_RESERVE,SSO,LAG1,0,staged,0.15,0.1,rule,2005-05-16,2005-10-05,99,0.1214695606,0.04557724279,0.1214695606,0,0,0,0,2007_2009,0.0007034334721,-0.004540033944,
HWM_RESERVE,SSO,LAG1,0,staged,0.15,0.1,rule,2005-10-31,2006-05-23,140,0.1239797214,0.06745531297,0.1239797214,0,0,0,0,2007_2009,0.0007034334721,-0.004540033944,
HWM_RESERVE,SSO,LAG1,0,staged,0.15,0.1,rule,2006-08-15,2007-08-03,243,0.2001456668,0.1924668539,0.1997733148,-0.0002998966522,0.03116480313,0.00153836147,0.3116480313,2007_2009,0.0007034334721,-0.004540033944,
HWM_RESERVE,SSO,LAG1,0,staged,0.15,0.1,rule,2009-07-13,2010-05-20,216,0.4947031312,0.4080887685,0.4947090229,3.356213107e-06,0,0,0,2020,0.06153532465,1.427860892,0.04309616225
HWM_RESERVE,SSO,LAG1,0,staged,0.15,0.1,rule,2010-09-13,2011-08-02,224,0.2925512791,0.2547469516,0.2925512791,0,0,0,0,2020,0.06153532465,1.427860892,0.04309616225
HWM_RESERVE,SSO,LAG1,0,staged,0.15,0.1,rule,2012-01-03,2012-06-01,104,0.01933654887,0.007896299434,0.01933654887,0,0,0,0,2020,0.06153532465,1.427860892,0.04309616225
HWM_RESERVE,SSO,LAG1,0,staged,0.15,0.1,rule,2012-06-06,2012-11-08,107,0.2578729339,0.1021249805,0.2575201289,-0.0001190420334,0.01727119649,0.001478184727,0.1727119649,2020,0.06153532465,1.427860892,0.04309616225
HWM_RESERVE,SSO,LAG1,0,staged,0.15,0.1,rule,2012-11-19,2014-10-13,477,0.3894945932,0.880387314,0.3949022267,0.007369697769,1.697440451,0.02338292554,16.97440451,2020,0.06153532465,1.427860892,0.04309616225
HWM_RESERVE,SSO,LAG1,0,staged,0.15,0.1,rule,2014-10-21,2015-07-08,178,0.1710811591,0.1217707954,0.1751835526,0.002489280661,0.3059056786,0.007782869585,3.339133557,2020,0.06153532465,1.427860892,0.04309616225
HWM_RESERVE,SSO,LAG1,0,staged,0.15,0.1,rule,2016-03-16,2016-06-27,71,-0.08307128102,-0.0241559463,-0.08305828157,3.997915044e-06,0,0,0,2020,0.06153532465,1.427860892,0.04309616225
HWM_RESERVE,SSO,LAG1,0,staged,0.15,0.1,rule,2016-06-28,2018-04-02,442,0.3175135221,0.6265279401,0.3182721897,0.001013426326,2.630364135,0.02703051178,26.30364135,2020,0.06153532465,1.427860892,0.04309616225
HWM_RESERVE,SSO,LAG1,0,staged,0.15,0.1,rule,2018-04-03,2018-10-11,134,0.1682169324,0.08576069434,0.1704004508,0.0009764971121,0.1808856821,0.00437736964,1.808856821,2020,0.06153532465,1.427860892,0.04309616225
HWM_RESERVE,SSO,LAG1,0,staged,0.15,0.1,rule,2019-06-04,2020-02-27,185,0.1690215802,0.1177227719,0.1637863127,-0.003293329577,1.175266581,0.01568377962,11.75266581,2020,0.06153532465,1.427860892,0.04309616225
HWM_RESERVE,SSO,LAG1,0,staged,0.15,0.1,rule,2020-06-29,2022-01-21,395,0.5795817611,1.054484481,0.5849872827,0.005340714111,5.963124037,0.02062847175,59.63124037,2022,1.867062274,2.833923121,0.6588260142
HWM_RESERVE,SSO,LAG1,0,staged,0.15,0.1,rule,2023-03-20,2023-10-20,149,0.1958049093,0.1105356627,0.195952087,7.210717506e-05,0,0,0,,,,
HWM_RESERVE,SSO,LAG1,0,staged,0.15,0.1,rule,2023-11-02,2025-03-10,336,0.400229455,0.5740191052,0.3985041834,-0.001667487873,5.817474135,0.01669241162,58.17474135,,,,
HWM_RESERVE,SSO,LAG1,0,staged,0.15,0.1,rule,2025-05-12,2026-03-19,214,0.278947234,0.2336567632,0.2796819346,0.0004889936932,3.81936978,0.01463114818,38.1936978,,,,
HWM_RESERVE,SSO,LAG1,0,staged,0.15,0.1,rule,2026-04-08,2026-09-02,102,0.7501312477,0.2550437056,0.7584784093,0.001914968745,3.72266271,0.02027390193,44.24868474,,,,
ASYMMETRIC_RESERVE_BAND,SSO,LAG1,0,staged,0.2,0.1,rule,1986-11-20,1987-10-15,227,0.2515164583,0.2305560219,0.2590094062,0.005376813546,0.2045331308,0.09324914141,0.5139431177,1987,0.07337785164,0.04252622252,1.725473068
ASYMMETRIC_RESERVE_BAND,SSO,LAG1,0,staged,0.2,0.1,rule,1988-11-22,1990-01-22,293,0.3752876867,0.4295954847,0.3585602255,-0.01427284236,0.1731160423,0.06183042903,0.255055634,2000_2002,0,0.6957397588,0
ASYMMETRIC_RESERVE_BAND,SSO,LAG1,0,staged,0.2,0.1,rule,1990-05-08,1990-08-03,61,0.0173587504,0.004809934147,0.02034930143,0.00069914715,0,0,0,2000_2002,0,0.6957397588,0
ASYMMETRIC_RESERVE_BAND,SSO,LAG1,0,staged,0.2,0.1,rule,1991-01-24,1991-11-19,208,0.3344050124,0.2598650117,0.3260289275,-0.005154671394,0.4104591816,0.1493431628,0.3145363917,2000_2002,0,0.6957397588,0
ASYMMETRIC_RESERVE_BAND,SSO,LAG1,0,staged,0.2,0.1,rule,1991-12-13,1992-04-08,80,0.1502198594,0.04839003891,0.1589594474,0.002424716716,0.168345059,0.1736512587,0.2203177363,2000_2002,0,0.6957397588,0
ASYMMETRIC_RESERVE_BAND,SSO,LAG1,0,staged,0.2,0.1,rule,1992-06-19,1992-10-02,73,0.1374812341,0.03498181056,0.1270534784,-0.002647548989,0.2442789378,0.3169651414,0.02232750334,2000_2002,0,0.6957397588,0
ASYMMETRIC_RESERVE_BAND,SSO,LAG1,0,staged,0.2,0.1,rule,1992-10-19,1994-03-25,363,0.1562099014,0.2406927978,0.1628884787,0.008231448489,0.5075399205,0.131979871,0.635246392,2000_2002,0,0.6957397588,0
ASYMMETRIC_RESERVE_BAND,SSO,LAG1,0,staged,0.2,0.1,rule,1994-12-21,1996-07-15,394,0.4211514784,0.788012542,0.4492755212,0.03068887312,0.6317858347,0.07878937918,2.372401478,2000_2002,0,0.6957397588,0
ASYMMETRIC_RESERVE_BAND,SSO,LAG1,0,staged,0.2,0.1,rule,1996-07-30,1998-08-27,525,0.4917833386,1.381623753,0.5191482482,0.03772368111,1.715951068,0.04862310582,8.155928258,2000_2002,0,0.6957397588,0
ASYMMETRIC_RESERVE_BAND,SSO,LAG1,0,staged,0.2,0.1,rule,1998-10-29,1999-09-23,226,0.3566531411,0.3054437327,0.3443509729,-0.008205311796,2.791759458,0.09385095931,3.635672376,2000_2002,0,0.6957397588,0
ASYMMETRIC_RESERVE_BAND,SSO,LAG1,0,staged,0.2,0.1,rule,1999-10-28,2000-02-18,78,-0.07038010473,-0.01864192846,-0.05901214698,0.003760306825,0,0,0,2000_2002,0,0.6957397588,0
ASYMMETRIC_RESERVE_BAND,SSO,LAG1,0,staged,0.2,0.1,rule,2003-04-17,2004-07-16,313,0.3888887751,0.5070047501,0.3888887751,0,0,0,0,2007_2009,0.03978446674,-0.25337125,
ASYMMETRIC_RESERVE_BAND,SSO,LAG1,0,staged,0.2,0.1,rule,2004-10-27,2005-04-15,117,0.05638401777,0.02585859395,0.05638401777,0,0,0,0,2007_2009,0.03978446674,-0.25337125,
ASYMMETRIC_RESERVE_BAND,SSO,LAG1,0,staged,0.2,0.1,rule,2005-05-16,2005-10-05,99,0.1214695606,0.04557724279,0.1214695606,0,0,0,0,2007_2009,0.03978446674,-0.25337125,
ASYMMETRIC_RESERVE_BAND,SSO,LAG1,0,staged,0.2,0.1,rule,2005-10-31,2006-05-23,140,0.1239797214,0.06745531297,0.1239797214,0,0,0,0,2007_2009,0.03978446674,-0.25337125,
ASYMMETRIC_RESERVE_BAND,SSO,LAG1,0,staged,0.2,0.1,rule,2006-08-15,2007-08-03,243,0.2215394566,0.1924668539,0.1997733148,-0.01737627722,1.75661877,0.09281330205,0.5168990316,2007_2009,0.03978446674,-0.25337125,
ASYMMETRIC_RESERVE_BAND,SSO,LAG1,0,staged,0.2,0.1,rule,2009-07-13,2010-05-20,216,0.4943667761,0.4080887685,0.4947090229,0.0001949856179,0,0,0,2020,-0.456706313,5.731897347,-0.07967803422
ASYMMETRIC_RESERVE_BAND,SSO,LAG1,0,staged,0.2,0.1,rule,2010-09-13,2011-08-02,224,0.2925512791,0.2547469516,0.2925512791,0,0,0,0,2020,-0.456706313,5.731897347,-0.07967803422
ASYMMETRIC_RESERVE_BAND,SSO,LAG1,0,staged,0.2,0.1,rule,2012-01-03,2012-06-01,104,0.01933654887,0.007896299434,0.01933654887,0,0,0,0,2020,-0.456706313,5.731897347,-0.07967803422
ASYMMETRIC_RESERVE_BAND,SSO,LAG1,0,staged,0.2,0.1,rule,2012-06-06,2012-11-08,107,0.2938561051,0.1021249805,0.2575201289,-0.01208824241,1.811419506,0.1630816517,0.4839232916,2020,-0.456706313,5.731897347,-0.07967803422
ASYMMETRIC_RESERVE_BAND,SSO,LAG1,0,staged,0.2,0.1,rule,2012-11-19,2014-10-13,477,0.3592413486,0.880387314,0.3949022267,0.0491363321,3.230910811,0.04914814372,15.4078426,2020,-0.456706313,5.731897347,-0.07967803422
ASYMMETRIC_RESERVE_BAND,SSO,LAG1,0,staged,0.2,0.1,rule,2014-10-21,2015-07-08,178,0.1801581394,0.1217707954,0.1751835526,-0.003006885257,6.294173158,0.1818213209,3.133145887,2020,-0.456706313,5.731897347,-0.07967803422
ASYMMETRIC_RESERVE_BAND,SSO,LAG1,0,staged,0.2,0.1,rule,2016-03-16,2016-06-27,71,-0.08334955394,-0.0241559463,-0.08305828157,8.959289073e-05,0,0,0,2020,-0.456706313,5.731897347,-0.07967803422
ASYMMETRIC_RESERVE_BAND,SSO,LAG1,0,staged,0.2,0.1,rule,2016-06-28,2018-04-02,442,0.3002613345,0.6265279401,0.3182721897,0.02421774982,3.772586287,0.04324612465,23.45316783,2020,-0.456706313,5.731897347,-0.07967803422
ASYMMETRIC_RESERVE_BAND,SSO,LAG1,0,staged,0.2,0.1,rule,2018-04-03,2018-10-11,134,0.198209701,0.08576069434,0.1704004508,-0.01227972911,6.145230785,0.1633703574,1.884431411,2020,-0.456706313,5.731897347,-0.07967803422
ASYMMETRIC_RESERVE_BAND,SSO,LAG1,0,staged,0.2,0.1,rule,2019-06-04,2020-02-27,185,0.1817839293,0.1177227719,0.1637863127,-0.01126029174,6.35564279,0.0933278798,11.03379718,2020,-0.456706313,5.731897347,-0.07967803422
ASYMMETRIC_RESERVE_BAND,SSO,LAG1,0,staged,0.2,0.1,rule,2020-06-29,2022-01-21,395,0.5510638378,1.054484481,0.5849872827,0.03382280599,7.614418373,0.02935781511,54.02493202,2022,-1.068181371,8.653002035,-0.1234463331
ASYMMETRIC_RESERVE_BAND,SSO,LAG1,0,staged,0.2,0.1,rule,2023-03-20,2023-10-20,149,0.1957478465,0.1105356627,0.195952087,0.0001000664811,0,0,0,,,,
ASYMMETRIC_RESERVE_BAND,SSO,LAG1,0,staged,0.2,0.1,rule,2023-11-02,2025-03-10,336,0.3897398439,0.5740191052,0.3985041834,0.0085026943,13.16626288,0.04373849877,50.51548015,,,,
ASYMMETRIC_RESERVE_BAND,SSO,LAG1,0,staged,0.2,0.1,rule,2025-05-12,2026-03-19,214,0.2749182114,0.2336567632,0.2796819346,0.003175588751,33.52657925,0.1517820447,33.60924301,,,,
ASYMMETRIC_RESERVE_BAND,SSO,LAG1,0,staged,0.2,0.1,rule,2026-04-08,2026-09-02,102,0.7161035791,0.2550437056,0.7584784093,0.009817118777,41.18742962,0.2639133041,38.82961329,,,,
HWM_DRAWDOWN,SSO,LAG1,0,drawdown,0.15,0.1,rule,1986-11-20,1987-10-15,227,0.2621699336,0.2305560219,0.2590094062,-0.002258352376,0.05389064219,0.02305978126,0.5389064219,1987,0.04089813162,0.01427508124,2.865001672
HWM_DRAWDOWN,SSO,LAG1,0,drawdown,0.15,0.1,rule,1988-11-22,1990-01-22,293,0.3514920862,0.4295954847,0.3585602255,0.006083840028,0.02268764139,0.007994223201,0.2268764139,2000_2002,0.9085987207,1.543666929,0.5885976461
HWM_DRAWDOWN,SSO,LAG1,0,drawdown,0.15,0.1,rule,1990-05-08,1990-08-03,61,0.02301554014,0.004809934147,0.02034930143,-0.0006216019706,0,0,0,2000_2002,0.9085987207,1.543666929,0.5885976461
HWM_DRAWDOWN,SSO,LAG1,0,drawdown,0.15,0.1,rule,1991-01-24,1991-11-19,208,0.3148641964,0.2598650117,0.3260289275,0.006921671607,0.02819759336,0.01037778505,0.2819759336,2000_2002,0.9085987207,1.543666929,0.5885976461
HWM_DRAWDOWN,SSO,LAG1,0,drawdown,0.15,0.1,rule,1991-12-13,1992-04-08,80,0.1561720925,0.04839003891,0.1589594474,0.0007713339345,0.02134807603,0.02201595815,0.2134807603,2000_2002,0.9085987207,1.543666929,0.5885976461
HWM_DRAWDOWN,SSO,LAG1,0,drawdown,0.15,0.1,rule,1992-06-19,1992-10-02,73,0.1212339472,0.03498181056,0.1270534784,0.001488216826,0.0003530248723,0.0004953002572,0.003530248723,2000_2002,0.9085987207,1.543666929,0.5885976461
HWM_DRAWDOWN,SSO,LAG1,0,drawdown,0.15,0.1,rule,1992-10-19,1994-03-25,363,0.1553959759,0.2406927978,0.1628884787,0.009237872852,0.0627185711,0.01629969637,0.627185711,2000_2002,0.9085987207,1.543666929,0.5885976461
HWM_DRAWDOWN,SSO,LAG1,0,drawdown,0.15,0.1,rule,1994-12-21,1996-07-15,394,0.4164401237,0.788012542,0.4492755212,0.03588921757,0.2290550132,0.02971002302,2.290550132,2000_2002,0.9085987207,1.543666929,0.5885976461
HWM_DRAWDOWN,SSO,LAG1,0,drawdown,0.15,0.1,rule,1996-07-30,1998-08-27,525,0.4710722173,1.381623753,0.5191482482,0.06673778646,0.7600285302,0.02309538877,7.600285302,2000_2002,0.9085987207,1.543666929,0.5885976461
HWM_DRAWDOWN,SSO,LAG1,0,drawdown,0.15,0.1,rule,1998-10-29,1999-09-23,226,0.3096549848,0.3054437327,0.3443509729,0.02355254155,0.2918127481,0.01101793074,2.918127481,2000_2002,0.9085987207,1.543666929,0.5885976461
HWM_DRAWDOWN,SSO,LAG1,0,drawdown,0.15,0.1,rule,1999-10-28,2000-02-18,78,-0.04491774536,-0.01864192846,-0.05901214698,-0.004599583052,0,0,0,2000_2002,0.9085987207,1.543666929,0.5885976461
HWM_DRAWDOWN,SSO,LAG1,0,drawdown,0.15,0.1,rule,2003-04-17,2004-07-16,313,0.3616894212,0.5070047501,0.3888887751,0.02469183477,0,0,0,2007_2009,0.6980836641,0.05597067214,12.47231161
HWM_DRAWDOWN,SSO,LAG1,0,drawdown,0.15,0.1,rule,2004-10-27,2005-04-15,117,0.05472455495,0.02585859395,0.05638401777,0.0007317213722,0,0,0,2007_2009,0.6980836641,0.05597067214,12.47231161
HWM_DRAWDOWN,SSO,LAG1,0,drawdown,0.15,0.1,rule,2005-05-16,2005-10-05,99,0.1168095742,0.04557724279,0.1214695606,0.001618822184,0,0,0,2007_2009,0.6980836641,0.05597067214,12.47231161
HWM_DRAWDOWN,SSO,LAG1,0,drawdown,0.15,0.1,rule,2005-10-31,2006-05-23,140,0.1199746127,0.06745531297,0.1239797214,0.001993749957,0,0,0,2007_2009,0.6980836641,0.05597067214,12.47231161
HWM_DRAWDOWN,SSO,LAG1,0,drawdown,0.15,0.1,rule,2006-08-15,2007-08-03,243,0.1942098301,0.1924668539,0.1997733148,0.004492013625,0.1788078279,0.009686686269,1.788078279,2007_2009,0.6980836641,0.05597067214,12.47231161
HWM_DRAWDOWN,SSO,LAG1,0,drawdown,0.15,0.1,rule,2009-07-13,2010-05-20,216,0.4947090229,0.4080887685,0.4947090229,0,0,0,0,2020,2.601696688,6.136061756,0.4240010598
HWM_DRAWDOWN,SSO,LAG1,0,drawdown,0.15,0.1,rule,2010-09-13,2011-08-02,224,0.2930345406,0.2547469516,0.2925512791,-0.0003305716105,0.03374539394,0.001456335251,0.3374539394,2020,2.601696688,6.136061756,0.4240010598
HWM_DRAWDOWN,SSO,LAG1,0,drawdown,0.15,0.1,rule,2012-01-03,2012-06-01,104,0.01929285775,0.007896299434,0.01933654887,1.760297166e-05,0,0,0,2020,2.601696688,6.136061756,0.4240010598
HWM_DRAWDOWN,SSO,LAG1,0,drawdown,0.15,0.1,rule,2012-06-06,2012-11-08,107,0.2582219042,0.1021249805,0.2575201289,-0.0002367573336,0.06670773704,0.005765545515,0.6670773704,2020,2.601696688,6.136061756,0.4240010598
HWM_DRAWDOWN,SSO,LAG1,0,drawdown,0.15,0.1,rule,2012-11-19,2014-10-13,477,0.3856374741,0.880387314,0.3949022267,0.01264385014,1.664692193,0.0233799536,16.64692193,2020,2.601696688,6.136061756,0.4240010598
HWM_DRAWDOWN,SSO,LAG1,0,drawdown,0.15,0.1,rule,2014-10-21,2015-07-08,178,0.1658116513,0.1217707954,0.1751835526,0.005699576951,0.3044085754,0.008244348366,3.044085754,2020,2.601696688,6.136061756,0.4240010598
HWM_DRAWDOWN,SSO,LAG1,0,drawdown,0.15,0.1,rule,2016-03-16,2016-06-27,71,-0.0777548644,-0.0241559463,-0.08305828157,-0.001626327987,0,0,0,2020,2.601696688,6.136061756,0.4240010598
HWM_DRAWDOWN,SSO,LAG1,0,drawdown,0.15,0.1,rule,2016-06-28,2018-04-02,442,0.2993890382,0.6265279401,0.3182721897,0.0253991577,2.440602437,0.02704403716,24.40602437,2020,2.601696688,6.136061756,0.4240010598
HWM_DRAWDOWN,SSO,LAG1,0,drawdown,0.15,0.1,rule,2018-04-03,2018-10-11,134,0.1573798171,0.08576069434,0.1704004508,0.005850160861,0.118500013,0.003210395799,1.18500013,2020,2.601696688,6.136061756,0.4240010598
HWM_DRAWDOWN,SSO,LAG1,0,drawdown,0.15,0.1,rule,2019-06-04,2020-02-27,185,0.1550961263,0.1177227719,0.1637863127,0.005499547501,1.046235424,0.01585013271,10.46235424,2020,2.601696688,6.136061756,0.4240010598
HWM_DRAWDOWN,SSO,LAG1,0,drawdown,0.15,0.1,rule,2020-06-29,2022-01-21,395,0.5490439638,1.054484481,0.5849872827,0.03585995792,5.646627921,0.02123572674,56.46627921,2022,-2.618056327,7.962990048,-0.3287780483
HWM_DRAWDOWN,SSO,LAG1,0,drawdown,0.15,0.1,rule,2023-03-20,2023-10-20,149,0.1841882542,0.1105356627,0.195952087,0.005791664012,0,0,0,,,,
HWM_DRAWDOWN,SSO,LAG1,0,drawdown,0.15,0.1,rule,2023-11-02,2025-03-10,336,0.3750440604,0.5740191052,0.3985041834,0.02288082279,5.247406656,0.01689613243,52.47406656,,,,
HWM_DRAWDOWN,SSO,LAG1,0,drawdown,0.15,0.1,rule,2025-05-12,2026-03-19,214,0.2602606218,0.2336567632,0.2796819346,0.01302156888,3.264139458,0.0145114039,32.64139458,,,,
HWM_DRAWDOWN,SSO,LAG1,0,drawdown,0.15,0.1,rule,2026-04-08,2026-09-02,102,0.6839126158,0.2550437056,0.7584784093,0.01743831371,3.764133233,0.02425966284,37.64133233,,,,
BAND_DRAWDOWN,SSO,LAG1,0,drawdown,0.2,0.1,rule,1986-11-20,1987-10-15,227,0.2398728943,0.2305560219,0.2590094062,0.01379625263,0,0,0.5040659133,1987,0.08027280818,0.05388286071,1.489765152
BAND_DRAWDOWN,SSO,LAG1,0,drawdown,0.2,0.1,rule,1988-11-22,1990-01-22,293,0.3535383697,0.4295954847,0.3585602255,0.00431925288,0.1028396723,0.03833147548,0.2289421927,2000_2002,0.6219983527,1.440532942,0.431783498
BAND_DRAWDOWN,SSO,LAG1,0,drawdown,0.2,0.1,rule,1990-05-08,1990-08-03,61,0.02732346971,0.004809934147,0.02034930143,-0.00162252938,0,0,0,2000_2002,0.6219983527,1.440532942,0.431783498
BAND_DRAWDOWN,SSO,LAG1,0,drawdown,0.2,0.1,rule,1991-01-24,1991-11-19,208,0.293162606,0.2598650117,0.3260289275,0.02054554177,0,0,0.276970505,2000_2002,0.6219983527,1.440532942,0.431783498
BAND_DRAWDOWN,SSO,LAG1,0,drawdown,0.2,0.1,rule,1991-12-13,1992-04-08,80,0.1466237852,0.04839003891,0.1589594474,0.003427768153,0,0,0.2002294307,2000_2002,0.6219983527,1.440532942,0.431783498
BAND_DRAWDOWN,SSO,LAG1,0,drawdown,0.2,0.1,rule,1992-06-19,1992-10-02,73,0.117681816,0.03498181056,0.1270534784,0.002400397096,0,0,0.00529833679,2000_2002,0.6219983527,1.440532942,0.431783498
BAND_DRAWDOWN,SSO,LAG1,0,drawdown,0.2,0.1,rule,1992-10-19,1994-03-25,363,0.1509071132,0.2406927978,0.1628884787,0.01480115086,0,0,0.5993576754,2000_2002,0.6219983527,1.440532942,0.431783498
BAND_DRAWDOWN,SSO,LAG1,0,drawdown,0.2,0.1,rule,1994-12-21,1996-07-15,394,0.4223342612,0.788012542,0.4492755212,0.02938603706,0.2409297164,0.0318316255,2.257565601,2000_2002,0.6219983527,1.440532942,0.431783498
BAND_DRAWDOWN,SSO,LAG1,0,drawdown,0.2,0.1,rule,1996-07-30,1998-08-27,525,0.4792470369,1.381623753,0.5191482482,0.05523721945,0.5380557404,0.01613563774,7.653639456,2000_2002,0.6219983527,1.440532942,0.431783498
BAND_DRAWDOWN,SSO,LAG1,0,drawdown,0.2,0.1,rule,1998-10-29,1999-09-23,226,0.3115618525,0.3054437327,0.3443509729,0.02224199226,0,0,2.973346978,2000_2002,0.6219983527,1.440532942,0.431783498
BAND_DRAWDOWN,SSO,LAG1,0,drawdown,0.2,0.1,rule,1999-10-28,2000-02-18,78,-0.04929485515,-0.01864192846,-0.05901214698,-0.003178459072,0,0,0,2000_2002,0.6219983527,1.440532942,0.431783498
BAND_DRAWDOWN,SSO,LAG1,0,drawdown,0.2,0.1,rule,2003-04-17,2004-07-16,313,0.3695062147,0.5070047501,0.3888887751,0.01754552836,0,0,0,2007_2009,1.421037385,-0.04590138458,
BAND_DRAWDOWN,SSO,LAG1,0,drawdown,0.2,0.1,rule,2004-10-27,2005-04-15,117,0.05520866325,0.02585859395,0.05638401777,0.0005181404162,0,0,0,2007_2009,1.421037385,-0.04590138458,
BAND_DRAWDOWN,SSO,LAG1,0,drawdown,0.2,0.1,rule,2005-05-16,2005-10-05,99,0.1181683206,0.04557724279,0.1214695606,0.00114611376,0,0,0,2007_2009,1.421037385,-0.04590138458,
BAND_DRAWDOWN,SSO,LAG1,0,drawdown,0.2,0.1,rule,2005-10-31,2006-05-23,140,0.1211443277,0.06745531297,0.1239797214,0.001410727702,0,0,0,2007_2009,1.421037385,-0.04590138458,
BAND_DRAWDOWN,SSO,LAG1,0,drawdown,0.2,0.1,rule,2006-08-15,2007-08-03,243,0.2105045338,0.1924668539,0.1997733148,-0.008605959441,1.247465608,0.06983037138,1.290695692,2007_2009,1.421037385,-0.04590138458,
BAND_DRAWDOWN,SSO,LAG1,0,drawdown,0.2,0.1,rule,2009-07-13,2010-05-20,216,0.4947090229,0.4080887685,0.4947090229,0,0,0,0,2020,0.4799167681,9.399258139,0.05105900498
BAND_DRAWDOWN,SSO,LAG1,0,drawdown,0.2,0.1,rule,2010-09-13,2011-08-02,224,0.2925512791,0.2547469516,0.2925512791,0,0,0,1.203889094,2020,0.4799167681,9.399258139,0.05105900498
BAND_DRAWDOWN,SSO,LAG1,0,drawdown,0.2,0.1,rule,2012-01-03,2012-06-01,104,0.01933654887,0.007896299434,0.01933654887,0,0,0,0,2020,0.4799167681,9.399258139,0.05105900498
BAND_DRAWDOWN,SSO,LAG1,0,drawdown,0.2,0.1,rule,2012-06-06,2012-11-08,107,0.2938561051,0.1021249805,0.2575201289,-0.01208824241,1.884058963,0.1630816517,0.6671312906,2020,0.4799167681,9.399258139,0.05105900498
BAND_DRAWDOWN,SSO,LAG1,0,drawdown,0.2,0.1,rule,2012-11-19,2014-10-13,477,0.3565876938,0.880387314,0.3949022267,0.05284412216,0,0,15.92298153,2020,0.4799167681,9.399258139,0.05105900498
BAND_DRAWDOWN,SSO,LAG1,0,drawdown,0.2,0.1,rule,2014-10-21,2015-07-08,178,0.1710144469,0.1217707954,0.1751835526,0.002529832828,1.89628349,0.05222119193,3.007797743,2020,0.4799167681,9.399258139,0.05105900498
BAND_DRAWDOWN,SSO,LAG1,0,drawdown,0.2,0.1,rule,2016-03-16,2016-06-27,71,-0.07333421248,-0.0241559463,-0.08305828157,-0.002974819305,0,0,0,2020,0.4799167681,9.399258139,0.05105900498
BAND_DRAWDOWN,SSO,LAG1,0,drawdown,0.2,0.1,rule,2016-06-28,2018-04-02,442,0.2848855747,0.6265279401,0.3182721897,0.04515922267,0,0,23.64385027,2020,0.4799167681,9.399258139,0.05105900498
BAND_DRAWDOWN,SSO,LAG1,0,drawdown,0.2,0.1,rule,2018-04-03,2018-10-11,134,0.1586516998,0.08576069434,0.1704004508,0.005275811982,0,0,1.168015344,2020,0.4799167681,9.399258139,0.05105900498
BAND_DRAWDOWN,SSO,LAG1,0,drawdown,0.2,0.1,rule,2019-06-04,2020-02-27,185,0.1524652825,0.1177227719,0.1637863127,0.007172626859,0,0,10.45801539,2020,0.4799167681,9.399258139,0.05105900498
BAND_DRAWDOWN,SSO,LAG1,0,drawdown,0.2,0.1,rule,2020-06-29,2022-01-21,395,0.5411399388,1.054484481,0.5849872827,0.04385721037,5.35618615,0.02094002764,53.0878579,2022,-3.840043504,9.63157573,-0.3986931745
BAND_DRAWDOWN,SSO,LAG1,0,drawdown,0.2,0.1,rule,2023-03-20,2023-10-20,149,0.1855569415,0.1105356627,0.195952087,0.005114870519,0,0,0,,,,
BAND_DRAWDOWN,SSO,LAG1,0,drawdown,0.2,0.1,rule,2023-11-02,2025-03-10,336,0.3728689424,0.5740191052,0.3985041834,0.02502197066,6.684741534,0.02270448686,49.45401279,,,,
BAND_DRAWDOWN,SSO,LAG1,0,drawdown,0.2,0.1,rule,2025-05-12,2026-03-19,214,0.2574502401,0.2336567632,0.2796819346,0.01492247123,0,0,31.37500637,,,,
BAND_DRAWDOWN,SSO,LAG1,0,drawdown,0.2,0.1,rule,2026-04-08,2026-09-02,102,0.6954503362,0.2550437056,0.7584784093,0.01469014138,0,0,36.73142616,,,,
NO_RESERVE,SSO,LAG1,10,staged,0.15,0.1,rule,1986-11-20,1987-10-15,227,0.2576117532,0.2293254659,0.2576117532,0,0,0,0.5509681148,1987,0,0,
NO_RESERVE,SSO,LAG1,10,staged,0.15,0.1,rule,1988-11-22,1990-01-22,293,0.3573953206,0.4281658892,0.3573953206,0,0,0,0.1837937178,2000_2002,0,0,
NO_RESERVE,SSO,LAG1,10,staged,0.15,0.1,rule,1990-05-08,1990-08-03,61,0.01607243881,0.003805124213,0.01607243881,0,0,0,0,2000_2002,0,0,
NO_RESERVE,SSO,LAG1,10,staged,0.15,0.1,rule,1991-01-24,1991-11-19,208,0.3244092674,0.2586051467,0.3244092674,0,0,0,0.2479882302,2000_2002,0,0,
NO_RESERVE,SSO,LAG1,10,staged,0.15,0.1,rule,1991-12-13,1992-04-08,80,0.1553452506,0.04734164887,0.1553452506,0,0,0,0.212995825,2000_2002,0,0,
NO_RESERVE,SSO,LAG1,10,staged,0.15,0.1,rule,1992-06-19,1992-10-02,73,0.1231377987,0.03394682875,0.1231377987,0,0,0,0,2000_2002,0,0,
NO_RESERVE,SSO,LAG1,10,staged,0.15,0.1,rule,1992-10-19,1994-03-25,363,0.1620746688,0.239452105,0.1620746688,0,0,0,0.6278107282,2000_2002,0,0,
NO_RESERVE,SSO,LAG1,10,staged,0.15,0.1,rule,1994-12-21,1996-07-15,394,0.4483499205,0.7862245294,0.4483499205,0,0,0,2.357647474,2000_2002,0,0,
NO_RESERVE,SSO,LAG1,10,staged,0.15,0.1,rule,1996-07-30,1998-08-27,525,0.5184160415,1.379242129,0.5184160415,0,0,0,8.612248454,2000_2002,0,0,
NO_RESERVE,SSO,LAG1,10,staged,0.15,0.1,rule,1998-10-29,1999-09-23,226,0.3428585804,0.3041382889,0.3428585804,0,0,0,3.32335427,2000_2002,0,0,
NO_RESERVE,SSO,LAG1,10,staged,0.15,0.1,rule,1999-10-28,2000-02-18,78,-0.06205030941,-0.01962328653,-0.06205030941,0,0,0,0,2000_2002,0,0,
NO_RESERVE,SSO,LAG1,10,staged,0.15,0.1,rule,2003-04-17,2004-07-16,313,0.3877761827,0.5054977453,0.3877761827,0,0,0,0,2007_2009,0,0,
NO_RESERVE,SSO,LAG1,10,staged,0.15,0.1,rule,2004-10-27,2005-04-15,117,0.05411564897,0.02483273535,0.05411564897,0,0,0,0,2007_2009,0,0,
NO_RESERVE,SSO,LAG1,10,staged,0.15,0.1,rule,2005-05-16,2005-10-05,99,0.1185872027,0.04453166555,0.1185872027,0,0,0,0,2007_2009,0,0,
NO_RESERVE,SSO,LAG1,10,staged,0.15,0.1,rule,2005-10-31,2006-05-23,140,0.1219680972,0.06638785766,0.1219680972,0,0,0,0,2007_2009,0,0,
NO_RESERVE,SSO,LAG1,10,staged,0.15,0.1,rule,2006-08-15,2007-08-03,243,0.1985319278,0.191274387,0.1985319278,0,0,0,0,2007_2009,0,0,
NO_RESERVE,SSO,LAG1,10,staged,0.15,0.1,rule,2009-07-13,2010-05-20,216,0.492953734,0.4066806798,0.492953734,0,0,0,0,2020,0,0,
NO_RESERVE,SSO,LAG1,10,staged,0.15,0.1,rule,2010-09-13,2011-08-02,224,0.2910897513,0.2534922047,0.2910897513,0,0,0,0,2020,0,0,
NO_RESERVE,SSO,LAG1,10,staged,0.15,0.1,rule,2012-01-03,2012-06-01,104,0.01685624501,0.006888403135,0.01685624501,0,0,0,0,2020,0,0,
NO_RESERVE,SSO,LAG1,10,staged,0.15,0.1,rule,2012-06-06,2012-11-08,107,0.2545588531,0.1010228555,0.2545588531,0,0,0,0,2020,0,0,
NO_RESERVE,SSO,LAG1,10,staged,0.15,0.1,rule,2012-11-19,2014-10-13,477,0.3941668608,0.8785069267,0.3941668608,0,0,0,13.03428075,2020,0,0,
NO_RESERVE,SSO,LAG1,10,staged,0.15,0.1,rule,2014-10-21,2015-07-08,178,0.1735329799,0.1206490246,0.1735329799,0,0,0,2.696181046,2020,0,0,
NO_RESERVE,SSO,LAG1,10,staged,0.15,0.1,rule,2016-03-16,2016-06-27,71,-0.08630572641,-0.02513179035,-0.08630572641,0,0,0,0,2020,0,0,
NO_RESERVE,SSO,LAG1,10,staged,0.15,0.1,rule,2016-06-28,2018-04-02,442,0.317523196,0.6249014121,0.317523196,0,0,0,21.68958323,2020,0,0,
NO_RESERVE,SSO,LAG1,10,staged,0.15,0.1,rule,2018-04-03,2018-10-11,134,0.1681633107,0.08467493365,0.1681633107,0,0,0,0.9504625213,2020,0,0,
NO_RESERVE,SSO,LAG1,10,staged,0.15,0.1,rule,2019-06-04,2020-02-27,185,0.1622005074,0.1166050491,0.1622005074,0,0,0,8.865226262,2020,0,0,
NO_RESERVE,SSO,LAG1,10,staged,0.15,0.1,rule,2020-06-29,2022-01-21,395,0.5839732355,1.052429997,0.5839732355,0,0,0,48.58598357,2022,0,0,
NO_RESERVE,SSO,LAG1,10,staged,0.15,0.1,rule,2023-03-20,2023-10-20,149,0.1939115865,0.109425127,0.1939115865,0,0,0,0,,,,
NO_RESERVE,SSO,LAG1,10,staged,0.15,0.1,rule,2023-11-02,2025-03-10,336,0.3974700331,0.5724450861,0.3974700331,0,0,0,42.88295739,,,,
NO_RESERVE,SSO,LAG1,10,staged,0.15,0.1,rule,2025-05-12,2026-03-19,214,0.2781791596,0.2324231064,0.2781791596,0,0,0,28.99144324,,,,
NO_RESERVE,SSO,LAG1,10,staged,0.15,0.1,rule,2026-04-08,2026-09-02,102,0.7541123718,0.2537886619,0.7541123718,0,0,0,34.51435184,,,,
FIXED_90_10,SSO,LAG1,10,staged,0.15,0.1,quarterly,1986-11-20,1987-10-15,227,0.2461893028,0.2293254659,0.2576117532,0.008218605683,0.05166771347,0.02405610942,0.4982840104,1987,0.07216486328,0.05409052675,1.33414976
FIXED_90_10,SSO,LAG1,10,staged,0.15,0.1,quarterly,1988-11-22,1990-01-22,293,0.3307139816,0.4281658892,0.3573953206,0.02315390941,0.04652837242,0.01805591248,0.1997222292,2000_2002,0.4870494603,1.390358828,0.3503048642
FIXED_90_10,SSO,LAG1,10,staged,0.15,0.1,quarterly,1990-05-08,1990-08-03,61,0.0248099877,0.003805124213,0.01607243881,-0.002039545082,0.009164475939,0.01543050289,0,2000_2002,0.4870494603,1.390358828,0.3503048642
FIXED_90_10,SSO,LAG1,10,staged,0.15,0.1,quarterly,1991-01-24,1991-11-19,208,0.2989637171,0.2586051467,0.3244092674,0.01588094659,0.0464074963,0.01881733331,0.2577494381,2000_2002,0.4870494603,1.390358828,0.3503048642
FIXED_90_10,SSO,LAG1,10,staged,0.15,0.1,quarterly,1991-12-13,1992-04-08,80,0.1465172663,0.04734164887,0.1553452506,0.002457027039,0.02246023914,0.02563645938,0.1901141193,2000_2002,0.4870494603,1.390358828,0.3503048642
FIXED_90_10,SSO,LAG1,10,staged,0.15,0.1,quarterly,1992-06-19,1992-10-02,73,0.1140916583,0.03394682875,0.1231377987,0.002324792694,0.00777705921,0.01203056936,0,2000_2002,0.4870494603,1.390358828,0.3503048642
FIXED_90_10,SSO,LAG1,10,staged,0.15,0.1,quarterly,1992-10-19,1994-03-25,363,0.1487048623,0.239452105,0.1620746688,0.01653795202,0.04121769874,0.01184783444,0.5647802498,2000_2002,0.4870494603,1.390358828,0.3503048642
FIXED_90_10,SSO,LAG1,10,staged,0.15,0.1,quarterly,1994-12-21,1996-07-15,394,0.4069059324,0.7862245294,0.4483499205,0.04546558806,0.1987815934,0.0284229356,2.041691606,2000_2002,0.4870494603,1.390358828,0.3503048642
FIXED_90_10,SSO,LAG1,10,staged,0.15,0.1,quarterly,1996-07-30,1998-08-27,525,0.4691369242,1.379242129,0.5184160415,0.06846926642,0.545195135,0.01805453626,6.93554959,2000_2002,0.4870494603,1.390358828,0.3503048642
FIXED_90_10,SSO,LAG1,10,staged,0.15,0.1,quarterly,1998-10-29,1999-09-23,226,0.3171499329,0.3041382889,0.3428585804,0.01741186917,0.4438227348,0.01805973185,2.666326053,2000_2002,0.4870494603,1.390358828,0.3503048642
FIXED_90_10,SSO,LAG1,10,staged,0.15,0.1,quarterly,1999-10-28,2000-02-18,78,-0.04146967495,-0.01962328653,-0.06205030941,-0.006714995906,0.2018467419,0.02648841401,0,2000_2002,0.4870494603,1.390358828,0.3503048642
FIXED_90_10,SSO,LAG1,10,staged,0.15,0.1,quarterly,2003-04-17,2004-07-16,313,0.3488653258,0.5054977453,0.3877761827,0.03550477523,0.3835292505,0.02195338531,0,2007_2009,0.3321270957,0.09175498832,3.619717051
FIXED_90_10,SSO,LAG1,10,staged,0.15,0.1,quarterly,2004-10-27,2005-04-15,117,0.05378988773,0.02483273535,0.05411564897,0.000143858974,0.1271282932,0.02237524269,0,2007_2009,0.3321270957,0.09175498832,3.619717051
FIXED_90_10,SSO,LAG1,10,staged,0.15,0.1,quarterly,2005-05-16,2005-10-05,99,0.1098390199,0.04453166555,0.1185872027,0.003052459687,0.04455691876,0.01018140615,0,2007_2009,0.3321270957,0.09175498832,3.619717051
FIXED_90_10,SSO,LAG1,10,staged,0.15,0.1,quarterly,2005-10-31,2006-05-23,140,0.114550315,0.06638785766,0.1219680972,0.003704871351,0.06254585034,0.009621065262,0,2007_2009,0.3321270957,0.09175498832,3.619717051
FIXED_90_10,SSO,LAG1,10,staged,0.15,0.1,quarterly,2006-08-15,2007-08-03,243,0.1846087203,0.191274387,0.1985319278,0.01129299248,0.2556575518,0.01782777864,0,2007_2009,0.3321270957,0.09175498832,3.619717051
FIXED_90_10,SSO,LAG1,10,staged,0.15,0.1,quarterly,2009-07-13,2010-05-20,216,0.4426701425,0.4066806798,0.492953734,0.02917215527,0.386564185,0.02242770126,0,2020,0.4621990854,7.813303905,0.05915539585
FIXED_90_10,SSO,LAG1,10,staged,0.15,0.1,quarterly,2010-09-13,2011-08-02,224,0.2626841489,0.2534922047,0.2910897513,0.0196735061,0.3933493149,0.02398343491,0,2020,0.4621990854,7.813303905,0.05915539585
FIXED_90_10,SSO,LAG1,10,staged,0.15,0.1,quarterly,2012-01-03,2012-06-01,104,0.02445684683,0.006888403135,0.01685624501,-0.003058238822,0.2414502115,0.03579035288,0,2020,0.4621990854,7.813303905,0.05915539585
FIXED_90_10,SSO,LAG1,10,staged,0.15,0.1,quarterly,2012-06-06,2012-11-08,107,0.2268165307,0.1010228555,0.2545588531,0.009489425301,0.1374315247,0.01704269222,0,2020,0.4621990854,7.813303905,0.05915539585
FIXED_90_10,SSO,LAG1,10,staged,0.15,0.1,quarterly,2012-11-19,2014-10-13,477,0.3517581454,0.8785069267,0.3941668608,0.05861030541,1.13904988,0.02295630995,11.35264894,2020,0.4621990854,7.813303905,0.05915539585
FIXED_90_10,SSO,LAG1,10,staged,0.15,0.1,quarterly,2014-10-21,2015-07-08,178,0.1548245172,0.1206490246,0.1735329799,0.01143960176,0.1474912305,0.005741011956,2.066147433,2020,0.4621990854,7.813303905,0.05915539585
FIXED_90_10,SSO,LAG1,10,staged,0.15,0.1,quarterly,2016-03-16,2016-06-27,71,-0.07721404461,-0.02513179035,-0.08630572641,-0.002792148511,0.05362307356,0.006686503773,0,2020,0.4621990854,7.813303905,0.05915539585
FIXED_90_10,SSO,LAG1,10,staged,0.15,0.1,quarterly,2016-06-28,2018-04-02,442,0.2842507138,0.6249014121,0.317523196,0.04502876838,1.433676668,0.02311434732,16.26006918,2020,0.4621990854,7.813303905,0.05915539585
FIXED_90_10,SSO,LAG1,10,staged,0.15,0.1,quarterly,2018-04-03,2018-10-11,134,0.1560139394,0.08467493365,0.1681633107,0.005467158364,0.6410570416,0.02511899219,0.752680563,2020,0.4621990854,7.813303905,0.05915539585
FIXED_90_10,SSO,LAG1,10,staged,0.15,0.1,quarterly,2019-06-04,2020-02-27,185,0.1507566624,0.1166050491,0.1622005074,0.007260766776,0.8618963639,0.01902785854,6.902849124,2020,0.4621990854,7.813303905,0.05915539585
FIXED_90_10,SSO,LAG1,10,staged,0.15,0.1,quarterly,2020-06-29,2022-01-21,395,0.5206152824,1.052429997,0.5839732355,0.06381654281,5.209340148,0.0301549826,35.32397286,2022,-1.963334071,8.791376216,-0.2233249975
FIXED_90_10,SSO,LAG1,10,staged,0.15,0.1,quarterly,2023-03-20,2023-10-20,149,0.1818775573,0.109425127,0.1939115865,0.005935542589,1.100753752,0.01910568548,0,,,,
FIXED_90_10,SSO,LAG1,10,staged,0.15,0.1,quarterly,2023-11-02,2025-03-10,336,0.3614226246,0.5724450861,0.3974700331,0.03534521931,3.674734944,0.0187115893,31.68677928,,,,
FIXED_90_10,SSO,LAG1,10,staged,0.15,0.1,quarterly,2025-05-12,2026-03-19,214,0.2550108546,0.2324231064,0.2781791596,0.01557538406,3.163964578,0.02216965827,20.52217469,,,,
FIXED_90_10,SSO,LAG1,10,staged,0.15,0.1,quarterly,2026-04-08,2026-09-02,102,0.6728090748,0.2537886619,0.7541123718,0.01910040682,2.769898109,0.0278870229,23.98142502,,,,
FIXED_85_15,SSO,LAG1,10,staged,0.15,0.1,quarterly,1986-11-20,1987-10-15,227,0.2397841092,0.2293254659,0.2576117532,0.01286025591,0.07326414395,0.03624062706,0.4720611659,1987,0.1059919926,0.08103937545,1.307907322
FIXED_85_15,SSO,LAG1,10,staged,0.15,0.1,quarterly,1988-11-22,1990-01-22,293,0.3173187603,0.4281658892,0.3573953206,0.03495384441,0.06586847383,0.02709963364,0.205792092,2000_2002,0.6757752206,2.028427892,0.3331522029
FIXED_85_15,SSO,LAG1,10,staged,0.15,0.1,quarterly,1990-05-08,1990-08-03,61,0.02901230032,0.003805124213,0.01607243881,-0.00301427686,0.01294667483,0.02312650465,0,2000_2002,0.6757752206,2.028427892,0.3331522029
FIXED_85_15,SSO,LAG1,10,staged,0.15,0.1,quarterly,1991-01-24,1991-11-19,208,0.2861293789,0.2586051467,0.3244092674,0.02400947293,0.06577098246,0.0283377078,0.2610657231,2000_2002,0.6757752206,2.028427892,0.3331522029
FIXED_85_15,SSO,LAG1,10,staged,0.15,0.1,quarterly,1991-12-13,1992-04-08,80,0.1418725909,0.04734164887,0.1553452506,0.003757351055,0.03153718687,0.03854602522,0.1786133383,2000_2002,0.6757752206,2.028427892,0.3331522029
FIXED_85_15,SSO,LAG1,10,staged,0.15,0.1,quarterly,1992-06-19,1992-10-02,73,0.1095669657,0.03394682875,0.1231377987,0.003494697775,0.01090924638,0.01802969713,0.002562821613,2000_2002,0.6757752206,2.028427892,0.3331522029
FIXED_85_15,SSO,LAG1,10,staged,0.15,0.1,quarterly,1992-10-19,1994-03-25,363,0.1420474719,0.239452105,0.1620746688,0.02484482151,0.05752273346,0.0177911544,0.5308918447,2000_2002,0.6757752206,2.028427892,0.3331522029
FIXED_85_15,SSO,LAG1,10,staged,0.15,0.1,quarterly,1994-12-21,1996-07-15,394,0.3863483011,0.7862245294,0.4483499205,0.06851746265,0.2739208841,0.0427542102,1.890770668,2000_2002,0.6757752206,2.028427892,0.3331522029
FIXED_85_15,SSO,LAG1,10,staged,0.15,0.1,quarterly,1996-07-30,1998-08-27,525,0.4447082304,1.379242129,0.5184160415,0.1032671578,0.727370737,0.02717233099,6.188360948,2000_2002,0.6757752206,2.028427892,0.3331522029
FIXED_85_15,SSO,LAG1,10,staged,0.15,0.1,quarterly,1998-10-29,1999-09-23,226,0.3039206981,0.3041382889,0.3428585804,0.02650462138,0.5841809976,0.02725258208,2.372591923,2000_2002,0.6757752206,2.028427892,0.3331522029
FIXED_85_15,SSO,LAG1,10,staged,0.15,0.1,quarterly,1999-10-28,2000-02-18,78,-0.03183795993,-0.01962328653,-0.06205030941,-0.009808232079,0.2642487285,0.03984106215,0,2000_2002,0.6757752206,2.028427892,0.3331522029
FIXED_85_15,SSO,LAG1,10,staged,0.15,0.1,quarterly,2003-04-17,2004-07-16,313,0.3294901008,0.5054977453,0.3877761827,0.05356781073,0.5214603879,0.03308054717,0,2007_2009,0.4529469089,0.1306008402,3.468177602
FIXED_85_15,SSO,LAG1,10,staged,0.15,0.1,quarterly,2004-10-27,2005-04-15,117,0.05341361009,0.02483273535,0.05411564897,0.000310081786,0.1709401277,0.03365607057,0,2007_2009,0.4529469089,0.1306008402,3.468177602
FIXED_85_15,SSO,LAG1,10,staged,0.15,0.1,quarterly,2005-05-16,2005-10-05,99,0.1054873926,0.04453166555,0.1185872027,0.004579823995,0.05987101994,0.01526692716,0,2007_2009,0.4529469089,0.1306008402,3.468177602
FIXED_85_15,SSO,LAG1,10,staged,0.15,0.1,quarterly,2005-10-31,2006-05-23,140,0.1108163471,0.06638785766,0.1219680972,0.005579172405,0.08383151724,0.01442124845,0,2007_2009,0.4529469089,0.1306008402,3.468177602
FIXED_85_15,SSO,LAG1,10,staged,0.15,0.1,quarterly,2006-08-15,2007-08-03,243,0.1775685866,0.191274387,0.1985319278,0.01705381078,0.3420524847,0.02675666294,0.2206955944,2007_2009,0.4529469089,0.1306008402,3.468177602
FIXED_85_15,SSO,LAG1,10,staged,0.15,0.1,quarterly,2009-07-13,2010-05-20,216,0.4175269445,0.4066806798,0.492953734,0.04414264139,0.5294005093,0.0337923879,0,2020,0.5320192317,10.8446808,0.04905808122
FIXED_85_15,SSO,LAG1,10,staged,0.15,0.1,quarterly,2010-09-13,2011-08-02,224,0.2484046808,0.2534922047,0.2910897513,0.02973116564,0.5347710922,0.03619181306,0,2020,0.5320192317,10.8446808,0.04905808122
FIXED_85_15,SSO,LAG1,10,staged,0.15,0.1,quarterly,2012-01-03,2012-06-01,104,0.02750818609,0.006888403135,0.01685624501,-0.004279621883,0.3275887213,0.05388582714,0,2020,0.5320192317,10.8446808,0.04905808122
FIXED_85_15,SSO,LAG1,10,staged,0.15,0.1,quarterly,2012-06-06,2012-11-08,107,0.2131822933,0.1010228555,0.2545588531,0.01423203324,0.1855408791,0.02562257448,0.04951672841,2020,0.5320192317,10.8446808,0.04905808122
FIXED_85_15,SSO,LAG1,10,staged,0.15,0.1,quarterly,2012-11-19,2014-10-13,477,0.3308071263,0.8785069267,0.3941668608,0.08824747271,1.509746498,0.03454326643,10.20370469,2020,0.5320192317,10.8446808,0.04905808122
FIXED_85_15,SSO,LAG1,10,staged,0.15,0.1,quarterly,2014-10-21,2015-07-08,178,0.1455925008,0.1206490246,0.1735329799,0.01715314408,0.1919629193,0.008625413747,1.788528458,2020,0.5320192317,10.8446808,0.04905808122
FIXED_85_15,SSO,LAG1,10,staged,0.15,0.1,quarterly,2016-03-16,2016-06-27,71,-0.07268281286,-0.02513179035,-0.08630572641,-0.004173480908,0.07004902206,0.01003983424,0,2020,0.5320192317,10.8446808,0.04905808122
FIXED_85_15,SSO,LAG1,10,staged,0.15,0.1,quarterly,2016-06-28,2018-04-02,442,0.2678173278,0.6249014121,0.317523196,0.0677008582,1.849711072,0.03477215831,13.92385144,2020,0.5320192317,10.8446808,0.04905808122
FIXED_85_15,SSO,LAG1,10,staged,0.15,0.1,quarterly,2018-04-03,2018-10-11,134,0.149688125,0.08467493365,0.1681633107,0.008336534532,0.816240672,0.03764081408,0.6644614811,2020,0.5320192317,10.8446808,0.04905808122
FIXED_85_15,SSO,LAG1,10,staged,0.15,0.1,quarterly,2019-06-04,2020-02-27,185,0.1447532915,0.1166050491,0.1622005074,0.01109864814,1.099819451,0.02858272622,6.016468369,2020,0.5320192317,10.8446808,0.04905808122
FIXED_85_15,SSO,LAG1,10,staged,0.15,0.1,quarterly,2020-06-29,2022-01-21,395,0.4893035222,1.052429997,0.5839732355,0.09634356073,6.584865494,0.04540559689,29.72502236,2022,-2.645762229,11.7131338,-0.225879963
FIXED_85_15,SSO,LAG1,10,staged,0.15,0.1,quarterly,2023-03-20,2023-10-20,149,0.1756874562,0.109425127,0.1939115865,0.00901226706,1.385595896,0.0286969986,0,,,,
FIXED_85_15,SSO,LAG1,10,staged,0.15,0.1,quarterly,2023-11-02,2025-03-10,336,0.3435053253,0.5724450861,0.3974700331,0.05326323523,4.577844115,0.02821921745,26.91418325,,,,
FIXED_85_15,SSO,LAG1,10,staged,0.15,0.1,quarterly,2025-05-12,2026-03-19,214,0.2433617647,0.2324231064,0.2781791596,0.0235157056,3.898128044,0.03339251402,17.04953109,,,,
FIXED_85_15,SSO,LAG1,10,staged,0.15,0.1,quarterly,2026-04-08,2026-09-02,102,0.6329830412,0.2537886619,0.7541123718,0.02879812666,3.396844768,0.04195889637,19.7241507,,,,
HWM_RESERVE,SSO,LAG1,10,staged,0.15,0.1,rule,1986-11-20,1987-10-15,227,0.2630586461,0.2293254659,0.2576117532,-0.003892862982,0.05449530917,0.0230073476,0.5449530917,1987,0.021830791,0.005581809089,3.911060133
HWM_RESERVE,SSO,LAG1,10,staged,0.15,0.1,rule,1988-11-22,1990-01-22,293,0.3597792887,0.4281658892,0.3573953206,-0.002046597195,0.02072870018,0.007196983226,0.2072870018,2000_2002,0,0.1415821743,0
HWM_RESERVE,SSO,LAG1,10,staged,0.15,0.1,rule,1990-05-08,1990-08-03,61,0.0157093297,0.003805124213,0.01607243881,8.513715203e-05,0,0,0,2000_2002,0,0.1415821743,0
HWM_RESERVE,SSO,LAG1,10,staged,0.15,0.1,rule,1991-01-24,1991-11-19,208,0.3250590028,0.2586051467,0.3244092674,-0.0004015030114,0.02557573804,0.009200393574,0.2557573804,2000_2002,0,0.1415821743,0
HWM_RESERVE,SSO,LAG1,10,staged,0.15,0.1,rule,1991-12-13,1992-04-08,80,0.156184776,0.04734164887,0.1553452506,-0.000232680476,0.02042447711,0.02046009352,0.2145642596,2000_2002,0,0.1415821743,0
HWM_RESERVE,SSO,LAG1,10,staged,0.15,0.1,rule,1992-06-19,1992-10-02,73,0.1231377987,0.03394682875,0.1231377987,0,0,0,0,2000_2002,0,0.1415821743,0
HWM_RESERVE,SSO,LAG1,10,staged,0.15,0.1,rule,1992-10-19,1994-03-25,363,0.1624635388,0.239452105,0.1620746688,-0.000478165352,0.06339829781,0.01586867544,0.6339829781,2000_2002,0,0.1415821743,0
HWM_RESERVE,SSO,LAG1,10,staged,0.15,0.1,rule,1994-12-21,1996-07-15,394,0.4441893981,0.7862245294,0.4483499205,0.004505102695,0.2321213697,0.0288335117,2.327029468,2000_2002,0,0.1415821743,0
HWM_RESERVE,SSO,LAG1,10,staged,0.15,0.1,rule,1996-07-30,1998-08-27,525,0.5103407816,1.379242129,0.5184160415,0.01106629153,0.831243762,0.02296238148,8.31243762,2000_2002,0,0.1415821743,0
HWM_RESERVE,SSO,LAG1,10,staged,0.15,0.1,rule,1998-10-29,1999-09-23,226,0.3431603417,0.3041382889,0.3428585804,-0.0002023905322,0.3509320479,0.01119124816,3.509320479,2000_2002,0,0.1415821743,0
HWM_RESERVE,SSO,LAG1,10,staged,0.15,0.1,rule,1999-10-28,2000-02-18,78,-0.06421208296,-0.01962328653,-0.06205030941,0.0007138711513,0,0,0,2000_2002,0,0.1415821743,0
HWM_RESERVE,SSO,LAG1,10,staged,0.15,0.1,rule,2003-04-17,2004-07-16,313,0.3877761827,0.5054977453,0.3877761827,0,0,0,0,2007_2009,0,0,
HWM_RESERVE,SSO,LAG1,10,staged,0.15,0.1,rule,2004-10-27,2005-04-15,117,0.05411564897,0.02483273535,0.05411564897,0,0,0,0,2007_2009,0,0,
HWM_RESERVE,SSO,LAG1,10,staged,0.15,0.1,rule,2005-05-16,2005-10-05,99,0.1185872027,0.04453166555,0.1185872027,0,0,0,0,2007_2009,0,0,
HWM_RESERVE,SSO,LAG1,10,staged,0.15,0.1,rule,2005-10-31,2006-05-23,140,0.1219680972,0.06638785766,0.1219680972,0,0,0,0,2007_2009,0,0,
HWM_RESERVE,SSO,LAG1,10,staged,0.15,0.1,rule,2006-08-15,2007-08-03,243,0.1985319278,0.191274387,0.1985319278,0,0,0,0,2007_2009,0,0,
HWM_RESERVE,SSO,LAG1,10,staged,0.15,0.1,rule,2009-07-13,2010-05-20,216,0.492953734,0.4066806798,0.492953734,0,0,0,0,2020,0.0618614648,0.99699506,0.06204791506
HWM_RESERVE,SSO,LAG1,10,staged,0.15,0.1,rule,2010-09-13,2011-08-02,224,0.2910897513,0.2534922047,0.2910897513,0,0,0,0,2020,0.0618614648,0.99699506,0.06204791506
HWM_RESERVE,SSO,LAG1,10,staged,0.15,0.1,rule,2012-01-03,2012-06-01,104,0.01685624501,0.006888403135,0.01685624501,0,0,0,0,2020,0.0618614648,0.99699506,0.06204791506
HWM_RESERVE,SSO,LAG1,10,staged,0.15,0.1,rule,2012-06-06,2012-11-08,107,0.2545588531,0.1010228555,0.2545588531,0,0,0,0,2020,0.0618614648,0.99699506,0.06204791506
HWM_RESERVE,SSO,LAG1,10,staged,0.15,0.1,rule,2012-11-19,2014-10-13,477,0.3893771383,0.8785069267,0.3941668608,0.006529586768,1.265483442,0.02089793301,12.65483442,2020,0.0618614648,0.99699506,0.06204791506
HWM_RESERVE,SSO,LAG1,10,staged,0.15,0.1,rule,2014-10-21,2015-07-08,178,0.1695240308,0.1206490246,0.1735329799,0.002435909952,0.2543311738,0.007777099564,2.718232891,2020,0.0618614648,0.99699506,0.06204791506
HWM_RESERVE,SSO,LAG1,10,staged,0.15,0.1,rule,2016-03-16,2016-06-27,71,-0.08631863922,-0.02513179035,-0.08630572641,3.98538179e-06,0,0,0,2020,0.0618614648,0.99699506,0.06204791506
HWM_RESERVE,SSO,LAG1,10,staged,0.15,0.1,rule,2016-06-28,2018-04-02,442,0.3170820494,0.6249014121,0.317523196,0.0005895465598,2.084355601,0.02623714792,20.84355601,2020,0.0618614648,0.99699506,0.06204791506
HWM_RESERVE,SSO,LAG1,10,staged,0.15,0.1,rule,2018-04-03,2018-10-11,134,0.1660072199,0.08467493365,0.1681633107,0.000966068066,0.1356481201,0.004035245215,1.356481201,2020,0.0618614648,0.99699506,0.06204791506
HWM_RESERVE,SSO,LAG1,10,staged,0.15,0.1,rule,2019-06-04,2020-02-27,185,0.1671473969,0.1166050491,0.1622005074,-0.003116542581,0.8685264759,0.0144395862,8.685264759,2020,0.0618614648,0.99699506,0.06204791506
HWM_RESERVE,SSO,LAG1,10,staged,0.15,0.1,rule,2020-06-29,2022-01-21,395,0.5788228855,1.052429997,0.5839732355,0.005091453798,4.678465663,0.02035247656,46.78465663,2022,1.530738614,2.137445028,0.7161534419
HWM_RESERVE,SSO,LAG1,10,staged,0.15,0.1,rule,2023-03-20,2023-10-20,149,0.1937667913,0.109425127,0.1939115865,7.106104963e-05,0,0,0,,,,
HWM_RESERVE,SSO,LAG1,10,staged,0.15,0.1,rule,2023-11-02,2025-03-10,336,0.3993888267,0.5724450861,0.3974700331,-0.001855771489,4.26461172,0.01573743301,42.6461172,,,,
HWM_RESERVE,SSO,LAG1,10,staged,0.15,0.1,rule,2025-05-12,2026-03-19,214,0.2775425036,0.2324231064,0.2781791596,0.0004242202774,2.890891384,0.01432374342,28.90891384,,,,
HWM_RESERVE,SSO,LAG1,10,staged,0.15,0.1,rule,2026-04-08,2026-09-02,102,0.7457675258,0.2537886619,0.7541123718,0.001919212708,2.837643851,0.02003975283,33.79836272,,,,
ASYMMETRIC_RESERVE_BAND,SSO,LAG1,10,staged,0.2,0.1,rule,1986-11-20,1987-10-15,227,0.2498108494,0.2293254659,0.2576117532,0.005604726901,0.2039565379,0.09332350894,0.5099566842,1987,0.07256342943,0.04164762734,1.742318448
ASYMMETRIC_RESERVE_BAND,SSO,LAG1,10,staged,0.2,0.1,rule,1988-11-22,1990-01-22,293,0.3739924921,0.4281658892,0.3573953206,-0.01417442434,0.1709118288,0.06186096784,0.2360014528,2000_2002,0,0.6155885321,0
ASYMMETRIC_RESERVE_BAND,SSO,LAG1,10,staged,0.2,0.1,rule,1990-05-08,1990-08-03,61,0.01309547975,0.003805124213,0.01607243881,0.0006988986637,0,0,0,2000_2002,0,0.6155885321,0
ASYMMETRIC_RESERVE_BAND,SSO,LAG1,10,staged,0.2,0.1,rule,1991-01-24,1991-11-19,208,0.332293368,0.2586051467,0.3244092674,-0.004858715234,0.399716204,0.1494499691,0.2807344962,2000_2002,0,0.6155885321,0
ASYMMETRIC_RESERVE_BAND,SSO,LAG1,10,staged,0.2,0.1,rule,1991-12-13,1992-04-08,80,0.146144591,0.04734164887,0.1553452506,0.00256116672,0.1636708569,0.1737420989,0.2101518591,2000_2002,0,0.6155885321,0
ASYMMETRIC_RESERVE_BAND,SSO,LAG1,10,staged,0.2,0.1,rule,1992-06-19,1992-10-02,73,0.1327315704,0.03394682875,0.1231377987,-0.002445159105,0.2364096209,0.3170731828,0.01179691468,2000_2002,0,0.6155885321,0
ASYMMETRIC_RESERVE_BAND,SSO,LAG1,10,staged,0.2,0.1,rule,1992-10-19,1994-03-25,363,0.1551606567,0.239452105,0.1620746688,0.008528478384,0.4900588823,0.1321051722,0.6073431208,2000_2002,0,0.6155885321,0
ASYMMETRIC_RESERVE_BAND,SSO,LAG1,10,staged,0.2,0.1,rule,1994-12-21,1996-07-15,394,0.4199737244,0.7862245294,0.4483499205,0.03098674744,0.6004081837,0.07880791324,2.207244604,2000_2002,0,0.6155885321,0
ASYMMETRIC_RESERVE_BAND,SSO,LAG1,10,staged,0.2,0.1,rule,1996-07-30,1998-08-27,525,0.4908304987,1.379242129,0.5184160415,0.03804914529,1.620814597,0.0486370957,7.670771099,2000_2002,0,0.6155885321,0
ASYMMETRIC_RESERVE_BAND,SSO,LAG1,10,staged,0.2,0.1,rule,1998-10-29,1999-09-23,226,0.3547240414,0.3041382889,0.3428585804,-0.00792407054,2.616527966,0.09390315029,3.306498007,2000_2002,0,0.6155885321,0
ASYMMETRIC_RESERVE_BAND,SSO,LAG1,10,staged,0.2,0.1,rule,1999-10-28,2000-02-18,78,-0.07337266207,-0.01962328653,-0.06205030941,0.003757334852,0,0,0,2000_2002,0,0.6155885321,0
ASYMMETRIC_RESERVE_BAND,SSO,LAG1,10,staged,0.2,0.1,rule,2003-04-17,2004-07-16,313,0.3877761827,0.5054977453,0.3877761827,0,0,0,0,2007_2009,0.03373023641,-0.2173988691,
ASYMMETRIC_RESERVE_BAND,SSO,LAG1,10,staged,0.2,0.1,rule,2004-10-27,2005-04-15,117,0.05411564897,0.02483273535,0.05411564897,0,0,0,0,2007_2009,0.03373023641,-0.2173988691,
ASYMMETRIC_RESERVE_BAND,SSO,LAG1,10,staged,0.2,0.1,rule,2005-05-16,2005-10-05,99,0.1185872027,0.04453166555,0.1185872027,0,0,0,0,2007_2009,0.03373023641,-0.2173988691,
ASYMMETRIC_RESERVE_BAND,SSO,LAG1,10,staged,0.2,0.1,rule,2005-10-31,2006-05-23,140,0.1219680972,0.06638785766,0.1219680972,0,0,0,0,2007_2009,0.03373023641,-0.2173988691,
ASYMMETRIC_RESERVE_BAND,SSO,LAG1,10,staged,0.2,0.1,rule,2006-08-15,2007-08-03,243,0.2201492866,0.191274387,0.1985319278,-0.01727627222,1.531956367,0.09287738698,0,2007_2009,0.03373023641,-0.2173988691,
ASYMMETRIC_RESERVE_BAND,SSO,LAG1,10,staged,0.2,0.1,rule,2009-07-13,2010-05-20,216,0.4926126193,0.4066806798,0.492953734,0.0001945691139,0,0,0,2020,-0.3070770797,4.447895702,-0.06903873208
ASYMMETRIC_RESERVE_BAND,SSO,LAG1,10,staged,0.2,0.1,rule,2010-09-13,2011-08-02,224,0.2910897513,0.2534922047,0.2910897513,0,0,0,0,2020,-0.3070770797,4.447895702,-0.06903873208
ASYMMETRIC_RESERVE_BAND,SSO,LAG1,10,staged,0.2,0.1,rule,2012-01-03,2012-06-01,104,0.01685624501,0.006888403135,0.01685624501,0,0,0,0,2020,-0.3070770797,4.447895702,-0.06903873208
ASYMMETRIC_RESERVE_BAND,SSO,LAG1,10,staged,0.2,0.1,rule,2012-06-06,2012-11-08,107,0.2905051111,0.1010228555,0.2545588531,-0.01198823741,1.512375158,0.1631118005,0,2020,-0.3070770797,4.447895702,-0.06903873208
ASYMMETRIC_RESERVE_BAND,SSO,LAG1,10,staged,0.2,0.1,rule,2012-11-19,2014-10-13,477,0.3583666326,0.8785069267,0.3941668608,0.04935721875,2.692471046,0.04917713621,11.87735959,2020,-0.3070770797,4.447895702,-0.06903873208
ASYMMETRIC_RESERVE_BAND,SSO,LAG1,10,staged,0.2,0.1,rule,2014-10-21,2015-07-08,178,0.1780711958,0.1206490246,0.1735329799,-0.002747480289,5.233455125,0.181904613,2.543001006,2020,-0.3070770797,4.447895702,-0.06903873208
ASYMMETRIC_RESERVE_BAND,SSO,LAG1,10,staged,0.2,0.1,rule,2016-03-16,2016-06-27,71,-0.08659536833,-0.02513179035,-0.08630572641,8.940799738e-05,0,0,0,2020,-0.3070770797,4.447895702,-0.06903873208
ASYMMETRIC_RESERVE_BAND,SSO,LAG1,10,staged,0.2,0.1,rule,2016-06-28,2018-04-02,442,0.2994487542,0.6249014121,0.317523196,0.02431775482,3.074755163,0.04326664752,18.51349958,2020,-0.3070770797,4.447895702,-0.06903873208
ASYMMETRIC_RESERVE_BAND,SSO,LAG1,10,staged,0.2,0.1,rule,2018-04-03,2018-10-11,134,0.1956972114,0.08467493365,0.1681633107,-0.01218256321,4.998413877,0.1635786222,1.43353854,2020,-0.3070770797,4.447895702,-0.06903873208
ASYMMETRIC_RESERVE_BAND,SSO,LAG1,10,staged,0.2,0.1,rule,2019-06-04,2020-02-27,185,0.180013492,0.1166050491,0.1622005074,-0.01116074176,5.099806172,0.09340967309,8.170988866,2020,-0.3070770797,4.447895702,-0.06903873208
ASYMMETRIC_RESERVE_BAND,SSO,LAG1,10,staged,0.2,0.1,rule,2020-06-29,2022-01-21,395,0.5499739858,1.052429997,0.5839732355,0.03392115045,6.051293342,0.02936606524,42.36756076,2022,-0.7945262959,6.703068555,-0.1185317276
ASYMMETRIC_RESERVE_BAND,SSO,LAG1,10,staged,0.2,0.1,rule,2023-03-20,2023-10-20,149,0.1937081642,0.109425127,0.1939115865,9.98359171e-05,0,0,0,,,,
ASYMMETRIC_RESERVE_BAND,SSO,LAG1,10,staged,0.2,0.1,rule,2023-11-02,2025-03-10,336,0.3886094956,0.5724450861,0.3974700331,0.0086026993,10.21773757,0.04375786794,36.82582318,,,,
ASYMMETRIC_RESERVE_BAND,SSO,LAG1,10,staged,0.2,0.1,rule,2025-05-12,2026-03-19,214,0.2730309915,0.2324231064,0.2781791596,0.003436427856,25.91777193,0.1519487279,25.41744054,,,,
ASYMMETRIC_RESERVE_BAND,SSO,LAG1,10,staged,0.2,0.1,rule,2026-04-08,2026-09-02,102,0.7108529653,0.2537886619,0.7541123718,0.01004989059,31.77343469,0.2642849621,29.59706525,,,,
HWM_DRAWDOWN,SSO,LAG1,10,drawdown,0.15,0.1,rule,1986-11-20,1987-10-15,227,0.2607670773,0.2293254659,0.2576117532,-0.002257141596,0.05351541334,0.02297223053,0.5351541334,1987,0.04056051894,0.01381806655,2.935325198
HWM_DRAWDOWN,SSO,LAG1,10,drawdown,0.15,0.1,rule,1988-11-22,1990-01-22,293,0.3502788405,0.4281658892,0.3573953206,0.00613082908,0.02081007068,0.007424814251,0.2081007068,2000_2002,0.8299843875,1.266515096,0.6553292498
HWM_DRAWDOWN,SSO,LAG1,10,drawdown,0.15,0.1,rule,1990-05-08,1990-08-03,61,0.01883597694,0.003805124213,0.01607243881,-0.0006469636548,0,0,0,2000_2002,0.8299843875,1.266515096,0.6553292498
HWM_DRAWDOWN,SSO,LAG1,10,drawdown,0.15,0.1,rule,1991-01-24,1991-11-19,208,0.313650979,0.2586051467,0.3244092674,0.006676853339,0.02500692032,0.009430617037,0.2500692032,2000_2002,0.8299843875,1.266515096,0.6553292498
HWM_DRAWDOWN,SSO,LAG1,10,drawdown,0.15,0.1,rule,1991-12-13,1992-04-08,80,0.1529690748,0.04734164887,0.1553452506,0.0006594918347,0.02040650485,0.02158631758,0.2040650485,2000_2002,0.8299843875,1.266515096,0.6553292498
HWM_DRAWDOWN,SSO,LAG1,10,drawdown,0.15,0.1,rule,1992-06-19,1992-10-02,73,0.1177566694,0.03394682875,0.1231377987,0.001380644678,0,0,0,2000_2002,0.8299843875,1.266515096,0.6553292498
HWM_DRAWDOWN,SSO,LAG1,10,drawdown,0.15,0.1,rule,1992-10-19,1994-03-25,363,0.1549734071,0.239452105,0.1620746688,0.008760161274,0.05982714766,0.01603782515,0.5982714766,2000_2002,0.8299843875,1.266515096,0.6553292498
HWM_DRAWDOWN,SSO,LAG1,10,drawdown,0.15,0.1,rule,1994-12-21,1996-07-15,394,0.4169397481,0.7862245294,0.4483499205,0.03433641773,0.2148301636,0.02911511556,2.148301636,2000_2002,0.8299843875,1.266515096,0.6553292498
HWM_DRAWDOWN,SSO,LAG1,10,drawdown,0.15,0.1,rule,1996-07-30,1998-08-27,525,0.4716258918,1.379242129,0.5184160415,0.06495634595,0.7210703236,0.02300449751,7.210703236,2000_2002,0.8299843875,1.266515096,0.6553292498
HWM_DRAWDOWN,SSO,LAG1,10,drawdown,0.15,0.1,rule,1998-10-29,1999-09-23,226,0.3087908016,0.3041382889,0.3428585804,0.02314660425,0.2675681385,0.01067651577,2.675681385,2000_2002,0.8299843875,1.266515096,0.6553292498
HWM_DRAWDOWN,SSO,LAG1,10,drawdown,0.15,0.1,rule,1999-10-28,2000-02-18,78,-0.04783908664,-0.01962328653,-0.06205030941,-0.004652331228,0,0,0,2000_2002,0.8299843875,1.266515096,0.6553292498
HWM_DRAWDOWN,SSO,LAG1,10,drawdown,0.15,0.1,rule,2003-04-17,2004-07-16,313,0.3612319012,0.5054977453,0.3877761827,0.02411088045,0,0,0,2007_2009,0.5055459604,0.04174553186,12.11018133
HWM_DRAWDOWN,SSO,LAG1,10,drawdown,0.15,0.1,rule,2004-10-27,2005-04-15,117,0.05260917818,0.02483273535,0.05411564897,0.0006656434584,0,0,0,2007_2009,0.5055459604,0.04174553186,12.11018133
HWM_DRAWDOWN,SSO,LAG1,10,drawdown,0.15,0.1,rule,2005-05-16,2005-10-05,99,0.1141811654,0.04453166555,0.1185872027,0.001534380877,0,0,0,2007_2009,0.5055459604,0.04174553186,12.11018133
HWM_DRAWDOWN,SSO,LAG1,10,drawdown,0.15,0.1,rule,2005-10-31,2006-05-23,140,0.1181515796,0.06638785766,0.1219680972,0.001903121062,0,0,0,2007_2009,0.5055459604,0.04174553186,12.11018133
HWM_DRAWDOWN,SSO,LAG1,10,drawdown,0.15,0.1,rule,2006-08-15,2007-08-03,243,0.1922588413,0.191274387,0.1985319278,0.005071718989,0.0614317886,0.00375672016,0.614317886,2007_2009,0.5055459604,0.04174553186,12.11018133
HWM_DRAWDOWN,SSO,LAG1,10,drawdown,0.15,0.1,rule,2009-07-13,2010-05-20,216,0.492953734,0.4066806798,0.492953734,0,0,0,0,2020,2.158006106,4.290675922,0.5029524824
HWM_DRAWDOWN,SSO,LAG1,10,drawdown,0.15,0.1,rule,2010-09-13,2011-08-02,224,0.2910897513,0.2534922047,0.2910897513,0,0,0,0,2020,2.158006106,4.290675922,0.5029524824
HWM_DRAWDOWN,SSO,LAG1,10,drawdown,0.15,0.1,rule,2012-01-03,2012-06-01,104,0.01685624501,0.006888403135,0.01685624501,0,0,0,0,2020,2.158006106,4.290675922,0.5029524824
HWM_DRAWDOWN,SSO,LAG1,10,drawdown,0.15,0.1,rule,2012-06-06,2012-11-08,107,0.2547669239,0.1010228555,0.2545588531,-7.037615585e-05,0.00850924819,0.0008725617981,0.0850924819,2020,2.158006106,4.290675922,0.5029524824
HWM_DRAWDOWN,SSO,LAG1,10,drawdown,0.15,0.1,rule,2012-11-19,2014-10-13,477,0.3867592183,0.8785069267,0.3941668608,0.0101079853,1.400569383,0.02333144974,14.00569383,2020,2.158006106,4.290675922,0.5029524824
HWM_DRAWDOWN,SSO,LAG1,10,drawdown,0.15,0.1,rule,2014-10-21,2015-07-08,178,0.1647496699,0.1206490246,0.1735329799,0.005347814893,0.2506251653,0.008063055588,2.506251653,2020,2.158006106,4.290675922,0.5029524824
HWM_DRAWDOWN,SSO,LAG1,10,drawdown,0.15,0.1,rule,2016-03-16,2016-06-27,71,-0.08106628863,-0.02513179035,-0.08630572641,-0.001612458523,0,0,0,2020,2.158006106,4.290675922,0.5029524824
HWM_DRAWDOWN,SSO,LAG1,10,drawdown,0.15,0.1,rule,2016-06-28,2018-04-02,442,0.2998320747,0.6249014121,0.317523196,0.02379852511,1.959702841,0.02625497918,19.59702841,2020,2.158006106,4.290675922,0.5029524824
HWM_DRAWDOWN,SSO,LAG1,10,drawdown,0.15,0.1,rule,2018-04-03,2018-10-11,134,0.1557885636,0.08467493365,0.1681633107,0.005569118357,0.08825743664,0.002897699925,0.8825743664,2020,2.158006106,4.290675922,0.5029524824
HWM_DRAWDOWN,SSO,LAG1,10,drawdown,0.15,0.1,rule,2019-06-04,2020-02-27,185,0.153935838,0.1166050491,0.1622005074,0.005236459807,0.7870289252,0.01461851456,7.870289252,2020,2.158006106,4.290675922,0.5029524824
HWM_DRAWDOWN,SSO,LAG1,10,drawdown,0.15,0.1,rule,2020-06-29,2022-01-21,395,0.5497108682,1.052429997,0.5839732355,0.03418655487,4.497180144,0.02094487879,44.97180144,2022,-1.586184631,5.998428544,-0.2644333627
HWM_DRAWDOWN,SSO,LAG1,10,drawdown,0.15,0.1,rule,2023-03-20,2023-10-20,149,0.1826048797,0.109425127,0.1939115865,0.00557509309,0,0,0,,,,
HWM_DRAWDOWN,SSO,LAG1,10,drawdown,0.15,0.1,rule,2023-11-02,2025-03-10,336,0.3748860548,0.5724450861,0.3974700331,0.02203574632,3.915873877,0.01594381281,39.15873877,,,,
HWM_DRAWDOWN,SSO,LAG1,10,drawdown,0.15,0.1,rule,2025-05-12,2026-03-19,214,0.2596577323,0.2324231064,0.2781791596,0.01242849707,2.519947702,0.01421284312,25.19947702,,,,
HWM_DRAWDOWN,SSO,LAG1,10,drawdown,0.15,0.1,rule,2026-04-08,2026-09-02,102,0.6825039841,0.2537886619,0.7541123718,0.01677462475,2.932017305,0.02402355671,29.32017305,,,,
BAND_DRAWDOWN,SSO,LAG1,10,drawdown,0.2,0.1,rule,1986-11-20,1987-10-15,227,0.2386285174,0.2293254659,0.2576117532,0.01370023126,0,0,0.5006945888,1987,0.08102130476,0.05210141721,1.555069115
BAND_DRAWDOWN,SSO,LAG1,10,drawdown,0.2,0.1,rule,1988-11-22,1990-01-22,293,0.3523741193,0.4281658892,0.3573953206,0.004322401987,0.1015946776,0.03834871513,0.2108538707,2000_2002,0.575642221,1.209181539,0.4760593859
BAND_DRAWDOWN,SSO,LAG1,10,drawdown,0.2,0.1,rule,1990-05-08,1990-08-03,61,0.02350846181,0.003805124213,0.01607243881,-0.001736843691,0,0,0,2000_2002,0.575642221,1.209181539,0.4760593859
BAND_DRAWDOWN,SSO,LAG1,10,drawdown,0.2,0.1,rule,1991-01-24,1991-11-19,208,0.2917733678,0.2586051467,0.3244092674,0.02042495074,0,0,0.2477176743,2000_2002,0.575642221,1.209181539,0.4760593859
BAND_DRAWDOWN,SSO,LAG1,10,drawdown,0.2,0.1,rule,1991-12-13,1992-04-08,80,0.1434091575,0.04734164887,0.1553452506,0.003326589092,0,0,0.191281463,2000_2002,0.575642221,1.209181539,0.4760593859
BAND_DRAWDOWN,SSO,LAG1,10,drawdown,0.2,0.1,rule,1992-06-19,1992-10-02,73,0.114172995,0.03394682875,0.1231377987,0.002303805767,0,0,0,2000_2002,0.575642221,1.209181539,0.4760593859
BAND_DRAWDOWN,SSO,LAG1,10,drawdown,0.2,0.1,rule,1992-10-19,1994-03-25,363,0.1501769567,0.239452105,0.1620746688,0.01470762226,0,0,0.5734365902,2000_2002,0.575642221,1.209181539,0.4760593859
BAND_DRAWDOWN,SSO,LAG1,10,drawdown,0.2,0.1,rule,1994-12-21,1996-07-15,394,0.4214581191,0.7862245294,0.4483499205,0.02935050377,0.2299667937,0.03183391528,2.11323555,2000_2002,0.575642221,1.209181539,0.4760593859
BAND_DRAWDOWN,SSO,LAG1,10,drawdown,0.2,0.1,rule,1996-07-30,1998-08-27,525,0.4785765819,1.379242129,0.5184160415,0.05517753873,0.5108084224,0.01613804176,7.239050752,2000_2002,0.575642221,1.209181539,0.4760593859
BAND_DRAWDOWN,SSO,LAG1,10,drawdown,0.2,0.1,rule,1998-10-29,1999-09-23,226,0.3102646997,0.3041382889,0.3428585804,0.02213278979,0,0,2.716016976,2000_2002,0.575642221,1.209181539,0.4760593859
BAND_DRAWDOWN,SSO,LAG1,10,drawdown,0.2,0.1,rule,1999-10-28,2000-02-18,78,-0.05209399563,-0.01962328653,-0.06205030941,-0.003266723429,0,0,0,2000_2002,0.575642221,1.209181539,0.4760593859
BAND_DRAWDOWN,SSO,LAG1,10,drawdown,0.2,0.1,rule,2003-04-17,2004-07-16,313,0.3685886506,0.5054977453,0.3877761827,0.01738177193,0,0,0,2007_2009,1.211233962,-0.05361474361,
BAND_DRAWDOWN,SSO,LAG1,10,drawdown,0.2,0.1,rule,2004-10-27,2005-04-15,117,0.05303296275,0.02483273535,0.05411564897,0.0004782953633,0,0,0,2007_2009,1.211233962,-0.05361474361,
BAND_DRAWDOWN,SSO,LAG1,10,drawdown,0.2,0.1,rule,2005-05-16,2005-10-05,99,0.1154200059,0.04453166555,0.1185872027,0.001102348439,0,0,0,2007_2009,1.211233962,-0.05361474361,
BAND_DRAWDOWN,SSO,LAG1,10,drawdown,0.2,0.1,rule,2005-10-31,2006-05-23,140,0.1192263974,0.06638785766,0.1219680972,0.001366502764,0,0,0,2007_2009,1.211233962,-0.05361474361,
BAND_DRAWDOWN,SSO,LAG1,10,drawdown,0.2,0.1,rule,2006-08-15,2007-08-03,243,0.2092732964,0.191274387,0.1985319278,-0.008622945118,1.101552236,0.07002923672,0.1625529538,2007_2009,1.211233962,-0.05361474361,
BAND_DRAWDOWN,SSO,LAG1,10,drawdown,0.2,0.1,rule,2009-07-13,2010-05-20,216,0.492953734,0.4066806798,0.492953734,0,0,0,0,2020,0.5057297585,7.154096486,0.07069093344
BAND_DRAWDOWN,SSO,LAG1,10,drawdown,0.2,0.1,rule,2010-09-13,2011-08-02,224,0.2910897513,0.2534922047,0.2910897513,0,0,0,0.5809906097,2020,0.5057297585,7.154096486,0.07069093344
BAND_DRAWDOWN,SSO,LAG1,10,drawdown,0.2,0.1,rule,2012-01-03,2012-06-01,104,0.01685624501,0.006888403135,0.01685624501,0,0,0,0,2020,0.5057297585,7.154096486,0.07069093344
BAND_DRAWDOWN,SSO,LAG1,10,drawdown,0.2,0.1,rule,2012-06-06,2012-11-08,107,0.2905051111,0.1010228555,0.2545588531,-0.01198823741,1.591176522,0.1631118005,0.3750733262,2020,0.5057297585,7.154096486,0.07069093344
BAND_DRAWDOWN,SSO,LAG1,10,drawdown,0.2,0.1,rule,2012-11-19,2014-10-13,477,0.3559512509,0.8785069267,0.3941668608,0.05273396303,0,0,13.39395614,2020,0.5057297585,7.154096486,0.07069093344
BAND_DRAWDOWN,SSO,LAG1,10,drawdown,0.2,0.1,rule,2014-10-21,2015-07-08,178,0.169385646,0.1206490246,0.1735329799,0.002520144117,1.595491513,0.05222152847,2.473863107,2020,0.5057297585,7.154096486,0.07069093344
BAND_DRAWDOWN,SSO,LAG1,10,drawdown,0.2,0.1,rule,2016-03-16,2016-06-27,71,-0.07623335358,-0.02513179035,-0.08630572641,-0.003091683494,0,0,0,2020,0.5057297585,7.154096486,0.07069093344
BAND_DRAWDOWN,SSO,LAG1,10,drawdown,0.2,0.1,rule,2016-06-28,2018-04-02,442,0.2842413564,0.6249014121,0.317523196,0.04504159543,0,0,18.98087851,2020,0.5057297585,7.154096486,0.07069093344
BAND_DRAWDOWN,SSO,LAG1,10,drawdown,0.2,0.1,rule,2018-04-03,2018-10-11,134,0.1566049686,0.08467493365,0.1681633107,0.005199871255,0,0,0.8696759837,2020,0.5057297585,7.154096486,0.07069093344
BAND_DRAWDOWN,SSO,LAG1,10,drawdown,0.2,0.1,rule,2019-06-04,2020-02-27,185,0.1510149744,0.1166050491,0.1622005074,0.007096080636,0,0,7.849674322,2020,0.5057297585,7.154096486,0.07069093344
BAND_DRAWDOWN,SSO,LAG1,10,drawdown,0.2,0.1,rule,2020-06-29,2022-01-21,395,0.5401240503,1.052429997,0.5839732355,0.04388755427,4.320691663,0.0209454761,42.25412938,2022,-2.712824994,7.56571441,-0.3585682523
BAND_DRAWDOWN,SSO,LAG1,10,drawdown,0.2,0.1,rule,2023-03-20,2023-10-20,149,0.183679269,0.109425127,0.1939115865,0.005043048102,0,0,0,,,,
BAND_DRAWDOWN,SSO,LAG1,10,drawdown,0.2,0.1,rule,2023-11-02,2025-03-10,336,0.3718702458,0.5724450861,0.3974700331,0.0250057063,5.272870483,0.02271235933,36.7517619,,,,
BAND_DRAWDOWN,SSO,LAG1,10,drawdown,0.2,0.1,rule,2025-05-12,2026-03-19,214,0.2561090252,0.2324231064,0.2781791596,0.01483064767,0,0,24.15505034,,,,
BAND_DRAWDOWN,SSO,LAG1,10,drawdown,0.2,0.1,rule,2026-04-08,2026-09-02,102,0.6915618249,0.2537886619,0.7541123718,0.01461375155,0,0,28.51349139,,,,
NO_RESERVE,SSO,LAG1,25,staged,0.15,0.1,rule,1986-11-20,1987-10-15,227,0.2555155628,0.2274796318,0.2555155628,0,0,0,0.5451222451,1987,0,0,
NO_RESERVE,SSO,LAG1,25,staged,0.15,0.1,rule,1988-11-22,1990-01-22,293,0.3556476512,0.426021496,0.3556476512,0,0,0,0.1553703358,2000_2002,0,0,
NO_RESERVE,SSO,LAG1,25,staged,0.15,0.1,rule,1990-05-08,1990-08-03,61,0.009682767453,0.002297909311,0.009682767453,0,0,0,0,2000_2002,0,0,
NO_RESERVE,SSO,LAG1,25,staged,0.15,0.1,rule,1991-01-24,1991-11-19,208,0.3219804507,0.2567153492,0.3219804507,0,0,0,0.2001831167,2000_2002,0,0,
NO_RESERVE,SSO,LAG1,25,staged,0.15,0.1,rule,1991-12-13,1992-04-08,80,0.1499383306,0.04576906381,0.1499383306,0,0,0,0.1978431272,2000_2002,0,0,
NO_RESERVE,SSO,LAG1,25,staged,0.15,0.1,rule,1992-06-19,1992-10-02,73,0.1172824676,0.03239435603,0.1172824676,0,0,0,0,2000_2002,0,0,
NO_RESERVE,SSO,LAG1,25,staged,0.15,0.1,rule,1992-10-19,1994-03-25,363,0.1608534949,0.2375910658,0.1608534949,0,0,0,0.575713621,2000_2002,0,0,
NO_RESERVE,SSO,LAG1,25,staged,0.15,0.1,rule,1994-12-21,1996-07-15,394,0.4469608913,0.7835425106,0.4469608913,0,0,0,2.117287911,2000_2002,0,0,
NO_RESERVE,SSO,LAG1,25,staged,0.15,0.1,rule,1996-07-30,1998-08-27,525,0.5173170189,1.375669693,0.5173170189,0,0,0,7.861213781,2000_2002,0,0,
NO_RESERVE,SSO,LAG1,25,staged,0.15,0.1,rule,1998-10-29,1999-09-23,226,0.3406203003,0.3021801233,0.3406203003,0,0,0,2.861457252,2000_2002,0,0,
NO_RESERVE,SSO,LAG1,25,staged,0.15,0.1,rule,1999-10-28,2000-02-18,78,-0.06659484073,-0.02109532364,-0.06659484073,0,0,0,0,2000_2002,0,0,
NO_RESERVE,SSO,LAG1,25,staged,0.15,0.1,rule,2003-04-17,2004-07-16,313,0.3861068784,0.5032372382,0.3861068784,0,0,0,0,2007_2009,0,0,
NO_RESERVE,SSO,LAG1,25,staged,0.15,0.1,rule,2004-10-27,2005-04-15,117,0.05071798263,0.02329394746,0.05071798263,0,0,0,0,2007_2009,0,0,
NO_RESERVE,SSO,LAG1,25,staged,0.15,0.1,rule,2005-05-16,2005-10-05,99,0.1142721636,0.04296329969,0.1142721636,0,0,0,0,2007_2009,0,0,
NO_RESERVE,SSO,LAG1,25,staged,0.15,0.1,rule,2005-10-31,2006-05-23,140,0.1189536443,0.06478667469,0.1189536443,0,0,0,0,2007_2009,0,0,
NO_RESERVE,SSO,LAG1,25,staged,0.15,0.1,rule,2006-08-15,2007-08-03,243,0.1966699283,0.1894856867,0.1966699283,0,0,0,0,2007_2009,0,0,
NO_RESERVE,SSO,LAG1,25,staged,0.15,0.1,rule,2009-07-13,2010-05-20,216,0.4903213754,0.4045685466,0.4903213754,0,0,0,0,2020,0,0,
NO_RESERVE,SSO,LAG1,25,staged,0.15,0.1,rule,2010-09-13,2011-08-02,224,0.2888978185,0.2516100842,0.2888978185,0,0,0,0,2020,0,0,
NO_RESERVE,SSO,LAG1,25,staged,0.15,0.1,rule,2012-01-03,2012-06-01,104,0.01314246419,0.005376558686,0.01314246419,0,0,0,0,2020,0,0,
NO_RESERVE,SSO,LAG1,25,staged,0.15,0.1,rule,2012-06-06,2012-11-08,107,0.250124473,0.09936966807,0.250124473,0,0,0,0,2020,0,0,
NO_RESERVE,SSO,LAG1,25,staged,0.15,0.1,rule,2012-11-19,2014-10-13,477,0.3930631589,0.8756863457,0.3930631589,0,0,0,7.360041267,2020,0,0,
NO_RESERVE,SSO,LAG1,25,staged,0.15,0.1,rule,2014-10-21,2015-07-08,178,0.1710583748,0.1189663684,0.1710583748,0,0,0,1.972830016,2020,0,0,
NO_RESERVE,SSO,LAG1,25,staged,0.15,0.1,rule,2016-03-16,2016-06-27,71,-0.09116139871,-0.02659555643,-0.09116139871,0,0,0,0,2020,0,0,
NO_RESERVE,SSO,LAG1,25,staged,0.15,0.1,rule,2016-06-28,2018-04-02,442,0.3163990979,0.6224616202,0.3163990979,0,0,0,15.20015247,2020,0,0,
NO_RESERVE,SSO,LAG1,25,staged,0.15,0.1,rule,2018-04-03,2018-10-11,134,0.1648114295,0.08304629261,0.1648114295,0,0,0,0.5758475392,2020,0,0,
NO_RESERVE,SSO,LAG1,25,staged,0.15,0.1,rule,2019-06-04,2020-02-27,185,0.1598228795,0.1149284649,0.1598228795,0,0,0,5.51197105,2020,0,0,
NO_RESERVE,SSO,LAG1,25,staged,0.15,0.1,rule,2020-06-29,2022-01-21,395,0.5824514786,1.04934827,0.5824514786,0,0,0,33.64726007,2022,0,0,
NO_RESERVE,SSO,LAG1,25,staged,0.15,0.1,rule,2023-03-20,2023-10-20,149,0.1908535416,0.1077593235,0.1908535416,0,0,0,0,,,,
NO_RESERVE,SSO,LAG1,25,staged,0.15,0.1,rule,2023-11-02,2025-03-10,336,0.3959183016,0.5700840574,0.3959183016,0,0,0,26.40289726,,,,
NO_RESERVE,SSO,LAG1,25,staged,0.15,0.1,rule,2025-05-12,2026-03-19,214,0.275925489,0.2305726213,0.275925489,0,0,0,19.00788894,,,,
NO_RESERVE,SSO,LAG1,25,staged,0.15,0.1,rule,2026-04-08,2026-09-02,102,0.7475754718,0.2519060963,0.7475754718,0,0,0,22.94110286,,,,
FIXED_90_10,SSO,LAG1,25,staged,0.15,0.1,quarterly,1986-11-20,1987-10-15,227,0.2442054137,0.2274796318,0.2555155628,0.008151085058,0.05145624153,0.0240733037,0.4931444253,1987,0.07427166961,0.05153130232,1.441292307
FIXED_90_10,SSO,LAG1,25,staged,0.15,0.1,quarterly,1988-11-22,1990-01-22,293,0.3291282965,0.426021496,0.3556476512,0.02304190592,0.04571432905,0.01806685191,0.174641407,2000_2002,0.457135369,1.071423028,0.4266618851
FIXED_90_10,SSO,LAG1,25,staged,0.15,0.1,quarterly,1990-05-08,1990-08-03,61,0.01898031897,0.002297909311,0.009682767453,-0.00218333678,0.008859990631,0.01548496008,0,2000_2002,0.457135369,1.071423028,0.4266618851
FIXED_90_10,SSO,LAG1,25,staged,0.15,0.1,quarterly,1991-01-24,1991-11-19,208,0.2967505558,0.2567153492,0.3219804507,0.01577425827,0.04474240809,0.01883369723,0.2152052717,2000_2002,0.457135369,1.071423028,0.4266618851
FIXED_90_10,SSO,LAG1,25,staged,0.15,0.1,quarterly,1991-12-13,1992-04-08,80,0.1416160868,0.04576906381,0.1499383306,0.002326686121,0.02159544477,0.02563836323,0.1774028632,2000_2002,0.457135369,1.071423028,0.4266618851
FIXED_90_10,SSO,LAG1,25,staged,0.15,0.1,quarterly,1992-06-19,1992-10-02,73,0.1088544326,0.03239435603,0.1172824676,0.002176735237,0.007437231575,0.01203061813,0,2000_2002,0.457135369,1.071423028,0.4266618851
FIXED_90_10,SSO,LAG1,25,staged,0.15,0.1,quarterly,1992-10-19,1994-03-25,363,0.1476001263,0.2375910658,0.1608534949,0.01641043794,0.03930993516,0.01185698246,0.5210544758,2000_2002,0.457135369,1.071423028,0.4266618851
FIXED_90_10,SSO,LAG1,25,staged,0.15,0.1,quarterly,1994-12-21,1996-07-15,394,0.4056187301,0.7835425106,0.4469608913,0.04539642054,0.1855112391,0.02842423469,1.847475,2000_2002,0.457135369,1.071423028,0.4266618851
FIXED_90_10,SSO,LAG1,25,staged,0.15,0.1,quarterly,1996-07-30,1998-08-27,525,0.4681236696,1.375669693,0.5173170189,0.06839844562,0.5047037929,0.018058501,6.383462716,2000_2002,0.457135369,1.071423028,0.4266618851
FIXED_90_10,SSO,LAG1,25,staged,0.15,0.1,quarterly,1998-10-29,1999-09-23,226,0.3150847271,0.3021801233,0.3406203003,0.0173226699,0.4064181208,0.01806953867,2.323610148,2000_2002,0.457135369,1.071423028,0.4266618851
FIXED_90_10,SSO,LAG1,25,staged,0.15,0.1,quarterly,1999-10-28,2000-02-18,78,-0.04572027196,-0.02109532364,-0.06659484073,-0.006842643781,0.1838311865,0.02654548132,0,2000_2002,0.457135369,1.071423028,0.4266618851
FIXED_90_10,SSO,LAG1,25,staged,0.15,0.1,quarterly,2003-04-17,2004-07-16,313,0.3473289142,0.5032372382,0.3861068784,0.03542500175,0.3336867192,0.02195401472,0,2007_2009,0.3060201352,0.05551042428,5.512840861
FIXED_90_10,SSO,LAG1,25,staged,0.15,0.1,quarterly,2004-10-27,2005-04-15,117,0.05067648605,0.02329394746,0.05071798263,1.838203072e-05,0.1094171533,0.02242650363,0,2007_2009,0.3060201352,0.05551042428,5.512840861
FIXED_90_10,SSO,LAG1,25,staged,0.15,0.1,quarterly,2005-05-16,2005-10-05,99,0.1059831174,0.04296329969,0.1142721636,0.002902898035,0.03783706108,0.01021171322,0,2007_2009,0.3060201352,0.05551042428,5.512840861
FIXED_90_10,SSO,LAG1,25,staged,0.15,0.1,quarterly,2005-10-31,2006-05-23,140,0.111852466,0.06478667469,0.1189536443,0.003555821871,0.05282768758,0.009621217353,0,2007_2009,0.3060201352,0.05551042428,5.512840861
FIXED_90_10,SSO,LAG1,25,staged,0.15,0.1,quarterly,2006-08-15,2007-08-03,243,0.1829158951,0.1894856867,0.1966699283,0.01117243941,0.212467103,0.0178457841,0,2007_2009,0.3060201352,0.05551042428,5.512840861
FIXED_90_10,SSO,LAG1,25,staged,0.15,0.1,quarterly,2009-07-13,2010-05-20,216,0.4403005478,0.4045685466,0.4903213754,0.02906922263,0.3110313892,0.022440835,0,2020,0.5183602932,5.243550543,0.09885673627
FIXED_90_10,SSO,LAG1,25,staged,0.15,0.1,quarterly,2010-09-13,2011-08-02,224,0.2606724991,0.2516100842,0.2888978185,0.01958086656,0.3130665592,0.02398470413,0,2020,0.5183602932,5.243550543,0.09885673627
FIXED_90_10,SSO,LAG1,25,staged,0.15,0.1,quarterly,2012-01-03,2012-06-01,104,0.021017838,0.005376558686,0.01314246419,-0.003179942027,0.1895677467,0.03579263336,0,2020,0.5183602932,5.243550543,0.09885673627
FIXED_90_10,SSO,LAG1,25,staged,0.15,0.1,quarterly,2012-06-06,2012-11-08,107,0.2229009233,0.09936966807,0.250124473,0.009343405304,0.1076103295,0.01704346671,0,2020,0.5183602932,5.243550543,0.09885673627
FIXED_90_10,SSO,LAG1,25,staged,0.15,0.1,quarterly,2012-11-19,2014-10-13,477,0.3507398436,0.8756863457,0.3930631589,0.05853750474,0.8894507152,0.02295927263,6.913712051,2020,0.5183602932,5.243550543,0.09885673627
FIXED_90_10,SSO,LAG1,25,staged,0.15,0.1,quarterly,2014-10-21,2015-07-08,178,0.1526342996,0.1189663684,0.1710583748,0.01128831783,0.1148576376,0.005741037619,1.554802321,2020,0.5183602932,5.243550543,0.09885673627
FIXED_90_10,SSO,LAG1,25,staged,0.15,0.1,quarterly,2016-03-16,2016-06-27,71,-0.08163587418,-0.02659555643,-0.09116139871,-0.002940242121,0.04075175987,0.006713152917,0,2020,0.5183602932,5.243550543,0.09885673627
FIXED_90_10,SSO,LAG1,25,staged,0.15,0.1,quarterly,2016-06-28,2018-04-02,442,0.2832161939,0.6224616202,0.3163990979,0.04494481946,1.086582027,0.02312680017,11.74120441,2020,0.5183602932,5.243550543,0.09885673627
FIXED_90_10,SSO,LAG1,25,staged,0.15,0.1,quarterly,2018-04-03,2018-10-11,134,0.1529898459,0.08304629261,0.1648114295,0.005334286843,0.4845276233,0.02516851902,0.4785744904,2020,0.5183602932,5.243550543,0.09885673627
FIXED_90_10,SSO,LAG1,25,staged,0.15,0.1,quarterly,2019-06-04,2020-02-27,185,0.1486036768,0.1149284649,0.1598228795,0.007132206602,0.6392817831,0.01904941707,4.485599746,2020,0.5183602932,5.243550543,0.09885673627
FIXED_90_10,SSO,LAG1,25,staged,0.15,0.1,quarterly,2020-06-29,2022-01-21,395,0.519157841,1.04934827,0.5824514786,0.06381299653,3.811534195,0.03016566118,25.32204601,2022,-0.9915942879,6.177476925,-0.1605176838
FIXED_90_10,SSO,LAG1,25,staged,0.15,0.1,quarterly,2023-03-20,2023-10-20,149,0.1790865282,0.1077593235,0.1908535416,0.005818164518,0.7839494274,0.01913326219,0,,,,
FIXED_90_10,SSO,LAG1,25,staged,0.15,0.1,quarterly,2023-11-02,2025-03-10,336,0.3600065072,0.5700840574,0.3959183016,0.03525015617,2.602915643,0.01872050951,20.41180361,,,,
FIXED_90_10,SSO,LAG1,25,staged,0.15,0.1,quarterly,2025-05-12,2026-03-19,214,0.252955595,0.2305726213,0.275925489,0.01546830353,2.228973226,0.02219222537,14.00177647,,,,
FIXED_90_10,SSO,LAG1,25,staged,0.15,0.1,quarterly,2026-04-08,2026-09-02,102,0.6670651619,0.2519060963,0.7475754718,0.01898209302,1.94602327,0.02793640929,16.57955268,,,,
FIXED_85_15,SSO,LAG1,25,staged,0.15,0.1,quarterly,1986-11-20,1987-10-15,227,0.2378651303,0.2274796318,0.2555155628,0.01275292136,0.07297938725,0.03626751175,0.4672663769,1987,0.1092910853,0.0772115124,1.415476551
FIXED_85_15,SSO,LAG1,25,staged,0.15,0.1,quarterly,1988-11-22,1990-01-22,293,0.3158153323,0.426021496,0.3556476512,0.03478307611,0.06477738843,0.02711660355,0.1823708143,2000_2002,0.6402087802,1.570613172,0.4076170961
FIXED_85_15,SSO,LAG1,25,staged,0.15,0.1,quarterly,1990-05-08,1990-08-03,61,0.02346975608,0.002297909311,0.009682767453,-0.003230465727,0.01254013974,0.02320833619,0,2000_2002,0.6402087802,1.570613172,0.4076170961
FIXED_85_15,SSO,LAG1,25,staged,0.15,0.1,quarterly,1991-01-24,1991-11-19,208,0.2840267743,0.2567153492,0.3219804507,0.02384623956,0.06353912335,0.02836283551,0.2211927825,2000_2002,0.6402087802,1.570613172,0.4076170961
FIXED_85_15,SSO,LAG1,25,staged,0.15,0.1,quarterly,1991-12-13,1992-04-08,80,0.1372282208,0.04576906381,0.1499383306,0.00356025917,0.0303883977,0.03855028901,0.1670578541,2000_2002,0.6402087802,1.570613172,0.4076170961
FIXED_85_15,SSO,LAG1,25,staged,0.15,0.1,quarterly,1992-06-19,1992-10-02,73,0.1046360456,0.03239435603,0.1172824676,0.003272452139,0.01045820409,0.01802980678,0,2000_2002,0.6402087802,1.570613172,0.4076170961
FIXED_85_15,SSO,LAG1,25,staged,0.15,0.1,quarterly,1992-10-19,1994-03-25,363,0.1410014717,0.2375910658,0.1608534949,0.02465175597,0.05500329364,0.01780507966,0.4936765887,2000_2002,0.6402087802,1.570613172,0.4076170961
FIXED_85_15,SSO,LAG1,25,staged,0.15,0.1,quarterly,1994-12-21,1996-07-15,394,0.3851159019,0.7835425106,0.4469608913,0.06840759814,0.2566022007,0.04275711166,1.717494673,2000_2002,0.6402087802,1.570613172,0.4076170961
FIXED_85_15,SSO,LAG1,25,staged,0.15,0.1,quarterly,1996-07-30,1998-08-27,525,0.4437400016,1.375669693,0.5173170189,0.1031558332,0.6762114529,0.02717885368,5.719472025,2000_2002,0.6402087802,1.570613172,0.4076170961
FIXED_85_15,SSO,LAG1,25,staged,0.15,0.1,quarterly,1998-10-29,1999-09-23,226,0.3019469725,0.3021801233,0.3406203003,0.02636648087,0.5375314537,0.02726790966,2.080107025,2000_2002,0.6402087802,1.570613172,0.4076170961
FIXED_85_15,SSO,LAG1,25,staged,0.15,0.1,quarterly,1999-10-28,2000-02-18,78,-0.03592729876,-0.02109532364,-0.06659484073,-0.01000134215,0.2418947916,0.03992727286,0,2000_2002,0.6402087802,1.570613172,0.4076170961
FIXED_85_15,SSO,LAG1,25,staged,0.15,0.1,quarterly,2003-04-17,2004-07-16,313,0.3280235827,0.5032372382,0.3861068784,0.05344307727,0.4572264312,0.03308194553,0,2007_2009,0.4251726012,0.08017705702,5.302921022
FIXED_85_15,SSO,LAG1,25,staged,0.15,0.1,quarterly,2004-10-27,2005-04-15,117,0.05044728807,0.02329394746,0.05071798263,0.000119924527,0.1483603977,0.03373352435,0,2007_2009,0.4251726012,0.08017705702,5.302921022
FIXED_85_15,SSO,LAG1,25,staged,0.15,0.1,quarterly,2005-05-16,2005-10-05,99,0.1018584946,0.04296329969,0.1142721636,0.004355494397,0.05130847607,0.01531234134,0,2007_2009,0.4251726012,0.08017705702,5.302921022
FIXED_85_15,SSO,LAG1,25,staged,0.15,0.1,quarterly,2005-10-31,2006-05-23,140,0.1082754988,0.06478667469,0.1189536443,0.00535555148,0.07147848263,0.01442158855,0,2007_2009,0.4251726012,0.08017705702,5.302921022
FIXED_85_15,SSO,LAG1,25,staged,0.15,0.1,quarterly,2006-08-15,2007-08-03,243,0.1759619564,0.1894856867,0.1966699283,0.01687068464,0.2872298673,0.02678402779,0,2007_2009,0.4251726012,0.08017705702,5.302921022
FIXED_85_15,SSO,LAG1,25,staged,0.15,0.1,quarterly,2009-07-13,2010-05-20,216,0.4152895306,0.4045685466,0.4903213754,0.04398502969,0.4311932026,0.0338128428,0,2020,0.6429219738,7.390378709,0.08699445579
FIXED_85_15,SSO,LAG1,25,staged,0.15,0.1,quarterly,2010-09-13,2011-08-02,224,0.2464871106,0.2516100842,0.2888978185,0.0295879191,0.4311029209,0.0361946526,0,2020,0.6429219738,7.390378709,0.08699445579
FIXED_85_15,SSO,LAG1,25,staged,0.15,0.1,quarterly,2012-01-03,2012-06-01,104,0.02421566983,0.005376558686,0.01314246419,-0.004464175853,0.2606913365,0.05389095155,0,2020,0.6429219738,7.390378709,0.08699445579
FIXED_85_15,SSO,LAG1,25,staged,0.15,0.1,quarterly,2012-06-06,2012-11-08,107,0.2095183601,0.09936966807,0.250124473,0.01401297344,0.1472770492,0.0256243237,0,2020,0.6429219738,7.390378709,0.08699445579
FIXED_85_15,SSO,LAG1,25,staged,0.15,0.1,quarterly,2012-11-19,2014-10-13,477,0.3298340238,0.8756863457,0.3930631589,0.08813270173,1.19528212,0.03454817334,6.595229714,2020,0.6429219738,7.390378709,0.08699445579
FIXED_85_15,SSO,LAG1,25,staged,0.15,0.1,quarterly,2014-10-21,2015-07-08,178,0.1435410439,0.1189663684,0.1710583748,0.01692637853,0.1515858325,0.008625468549,1.364842297,2020,0.6429219738,7.390378709,0.08699445579
FIXED_85_15,SSO,LAG1,25,staged,0.15,0.1,quarterly,2016-03-16,2016-06-27,71,-0.0768834263,-0.02659555643,-0.09116139871,-0.004395795549,0.05405305879,0.01007994442,0,2020,0.6429219738,7.390378709,0.08699445579
FIXED_85_15,SSO,LAG1,25,staged,0.15,0.1,quarterly,2016-06-28,2018-04-02,442,0.2668299396,0.6224616202,0.3163990979,0.06756980833,1.423640513,0.03479167763,10.20559907,2020,0.6429219738,7.390378709,0.08699445579
FIXED_85_15,SSO,LAG1,25,staged,0.15,0.1,quarterly,2018-04-03,2018-10-11,134,0.1468290503,0.08304629261,0.1648114295,0.008135959162,0.6265909922,0.03771574189,0.432785936,2020,0.6429219738,7.390378709,0.08699445579
FIXED_85_15,SSO,LAG1,25,staged,0.15,0.1,quarterly,2019-06-04,2020-02-27,185,0.1427140492,0.1149284649,0.1598228795,0.01090426186,0.8294200395,0.02861567136,3.994912408,2020,0.6429219738,7.390378709,0.08699445579
FIXED_85_15,SSO,LAG1,25,staged,0.15,0.1,quarterly,2020-06-29,2022-01-21,395,0.4878878234,1.04934827,0.5824514786,0.09632768791,4.902144675,0.04542309698,21.678436,2022,-1.380579593,8.373563684,-0.1648736005
FIXED_85_15,SSO,LAG1,25,staged,0.15,0.1,quarterly,2023-03-20,2023-10-20,149,0.1730338582,0.1077593235,0.1908535416,0.008833543846,1.00558517,0.02873906597,0,,,,
FIXED_85_15,SSO,LAG1,25,staged,0.15,0.1,quarterly,2023-11-02,2025-03-10,336,0.342159052,0.5700840574,0.3959183016,0.05311656962,3.305246608,0.02823310866,17.73232934,,,,
FIXED_85_15,SSO,LAG1,25,staged,0.15,0.1,quarterly,2025-05-12,2026-03-19,214,0.241408383,0.2305726213,0.275925489,0.02335183083,2.800035534,0.03342728513,11.8665064,,,,
FIXED_85_15,SSO,LAG1,25,staged,0.15,0.1,quarterly,2026-04-08,2026-09-02,102,0.6276242333,0.2519060963,0.7475754718,0.02861839733,2.433622967,0.04203359395,13.9069727,,,,
HWM_RESERVE,SSO,LAG1,25,staged,0.15,0.1,rule,1986-11-20,1987-10-15,227,0.2608787614,0.2274796318,0.2555155628,-0.003839560499,0.0539064327,0.02287585493,0.539064327,1987,0.02107934462,0.00542685936,3.88426219
HWM_RESERVE,SSO,LAG1,25,staged,0.15,0.1,rule,1988-11-22,1990-01-22,293,0.3577683835,0.426021496,0.3556476512,-0.001823135343,0.01790090898,0.006336462676,0.1790090898,2000_2002,0,0.1074281229,0
HWM_RESERVE,SSO,LAG1,25,staged,0.15,0.1,rule,1990-05-08,1990-08-03,61,0.009365438953,0.002297909311,0.009682767453,7.487234207e-05,0,0,0,2000_2002,0,0.1074281229,0
HWM_RESERVE,SSO,LAG1,25,staged,0.15,0.1,rule,1991-01-24,1991-11-19,208,0.3226324693,0.2567153492,0.3219804507,-0.0004036536017,0.020691676,0.007755290714,0.20691676,2000_2002,0,0.1074281229,0
HWM_RESERVE,SSO,LAG1,25,staged,0.15,0.1,rule,1991-12-13,1992-04-08,80,0.1506696192,0.04576906381,0.1499383306,-0.0002036441174,0.01894313357,0.01981796209,0.1993099849,2000_2002,0,0.1074281229,0
HWM_RESERVE,SSO,LAG1,25,staged,0.15,0.1,rule,1992-06-19,1992-10-02,73,0.1172824676,0.03239435603,0.1172824676,0,0,0,0,2000_2002,0,0.1074281229,0
HWM_RESERVE,SSO,LAG1,25,staged,0.15,0.1,rule,1992-10-19,1994-03-25,363,0.1612271968,0.2375910658,0.1608534949,-0.0004600004279,0.05812033766,0.01534400388,0.5812033766,2000_2002,0,0.1074281229,0
HWM_RESERVE,SSO,LAG1,25,staged,0.15,0.1,rule,1994-12-21,1996-07-15,394,0.4433073831,0.7835425106,0.4469608913,0.003959204762,0.2092527236,0.02800807645,2.092527236,2000_2002,0,0.1074281229,0
HWM_RESERVE,SSO,LAG1,25,staged,0.15,0.1,rule,1996-07-30,1998-08-27,525,0.5092071353,1.375669693,0.5173170189,0.01112193856,0.7592057846,0.02283171184,7.592057846,2000_2002,0,0.1074281229,0
HWM_RESERVE,SSO,LAG1,25,staged,0.15,0.1,rule,1998-10-29,1999-09-23,226,0.3408209143,0.3021801233,0.3406203003,-0.0001347810167,0.3041964293,0.01068744115,3.041964293,2000_2002,0,0.1074281229,0
HWM_RESERVE,SSO,LAG1,25,staged,0.15,0.1,rule,1999-10-28,2000-02-18,78,-0.06874218781,-0.02109532364,-0.06659484073,0.0007125581398,0,0,0,2000_2002,0,0.1074281229,0
HWM_RESERVE,SSO,LAG1,25,staged,0.15,0.1,rule,2003-04-17,2004-07-16,313,0.3861068784,0.5032372382,0.3861068784,0,0,0,0,2007_2009,0,0,
HWM_RESERVE,SSO,LAG1,25,staged,0.15,0.1,rule,2004-10-27,2005-04-15,117,0.05071798263,0.02329394746,0.05071798263,0,0,0,0,2007_2009,0,0,
HWM_RESERVE,SSO,LAG1,25,staged,0.15,0.1,rule,2005-05-16,2005-10-05,99,0.1142721636,0.04296329969,0.1142721636,0,0,0,0,2007_2009,0,0,
HWM_RESERVE,SSO,LAG1,25,staged,0.15,0.1,rule,2005-10-31,2006-05-23,140,0.1189536443,0.06478667469,0.1189536443,0,0,0,0,2007_2009,0,0,
HWM_RESERVE,SSO,LAG1,25,staged,0.15,0.1,rule,2006-08-15,2007-08-03,243,0.1966699283,0.1894856867,0.1966699283,0,0,0,0,2007_2009,0,0,
HWM_RESERVE,SSO,LAG1,25,staged,0.15,0.1,rule,2009-07-13,2010-05-20,216,0.4903213754,0.4045685466,0.4903213754,0,0,0,0,2020,0.05791049674,0.3349425824,0.1728967882
HWM_RESERVE,SSO,LAG1,25,staged,0.15,0.1,rule,2010-09-13,2011-08-02,224,0.2888978185,0.2516100842,0.2888978185,0,0,0,0,2020,0.05791049674,0.3349425824,0.1728967882
HWM_RESERVE,SSO,LAG1,25,staged,0.15,0.1,rule,2012-01-03,2012-06-01,104,0.01314246419,0.005376558686,0.01314246419,0,0,0,0,2020,0.05791049674,0.3349425824,0.1728967882
HWM_RESERVE,SSO,LAG1,25,staged,0.15,0.1,rule,2012-06-06,2012-11-08,107,0.250124473,0.09936966807,0.250124473,0,0,0,0,2020,0.05791049674,0.3349425824,0.1728967882
HWM_RESERVE,SSO,LAG1,25,staged,0.15,0.1,rule,2012-11-19,2014-10-13,477,0.3918191024,0.8756863457,0.3930631589,0.001695142784,0.7245238877,0.01551002893,7.245238877,2020,0.05791049674,0.3349425824,0.1728967882
HWM_RESERVE,SSO,LAG1,25,staged,0.15,0.1,rule,2014-10-21,2015-07-08,178,0.1682291813,0.1189663684,0.1710583748,0.001721838344,0.1936643181,0.007749510887,1.995175475,2020,0.05791049674,0.3349425824,0.1728967882
HWM_RESERVE,SSO,LAG1,25,staged,0.15,0.1,rule,2016-03-16,2016-06-27,71,-0.09117412357,-0.02659555643,-0.09116139871,3.948355996e-06,0,0,0,2020,0.05791049674,0.3349425824,0.1728967882
HWM_RESERVE,SSO,LAG1,25,staged,0.15,0.1,rule,2016-06-28,2018-04-02,442,0.3164053553,0.6224616202,0.3163990979,-8.368034035e-06,1.473807054,0.02501700108,14.73807054,2020,0.05791049674,0.3349425824,0.1728967882
HWM_RESERVE,SSO,LAG1,25,staged,0.15,0.1,rule,2018-04-03,2018-10-11,134,0.162696827,0.08304629261,0.1648114295,0.0009501906968,0.08718950195,0.003516335626,0.8718950195,2020,0.05791049674,0.3349425824,0.1728967882
HWM_RESERVE,SSO,LAG1,25,staged,0.15,0.1,rule,2019-06-04,2020-02-27,185,0.1642754166,0.1149284649,0.1598228795,-0.002811435685,0.5449604914,0.01253367362,5.449604914,2020,0.05791049674,0.3349425824,0.1728967882
HWM_RESERVE,SSO,LAG1,25,staged,0.15,0.1,rule,2020-06-29,2022-01-21,395,0.5777479851,1.04934827,0.5824514786,0.004653527159,3.266525345,0.01993363486,32.66525345,2022,1.124036396,1.396963006,0.804628606
HWM_RESERVE,SSO,LAG1,25,staged,0.15,0.1,rule,2023-03-20,2023-10-20,149,0.1907125274,0.1077593235,0.1908535416,6.938310878e-05,0,0,0,,,,
HWM_RESERVE,SSO,LAG1,25,staged,0.15,0.1,rule,2023-11-02,2025-03-10,336,0.3980604115,0.5700840574,0.3959183016,-0.002073888703,2.663501938,0.01426221435,26.63501938,,,,
HWM_RESERVE,SSO,LAG1,25,staged,0.15,0.1,rule,2025-05-12,2026-03-19,214,0.2754455868,0.2305726213,0.275925489,0.0003203164844,1.910977627,0.01385699291,19.10977627,,,,
HWM_RESERVE,SSO,LAG1,25,staged,0.15,0.1,rule,2026-04-08,2026-09-02,102,0.7392407785,0.2519060963,0.7475754718,0.001924059486,1.897447268,0.01968645297,22.6719274,,,,
ASYMMETRIC_RESERVE_BAND,SSO,LAG1,25,staged,0.2,0.1,rule,1986-11-20,1987-10-15,227,0.2472541684,0.2274796318,0.2555155628,0.005946613394,0.2030937637,0.09343546928,0.5039987289,1987,0.07133108829,0.04035914695,1.767408225
ASYMMETRIC_RESERVE_BAND,SSO,LAG1,25,staged,0.2,0.1,rule,1988-11-22,1990-01-22,293,0.3720497682,0.426021496,0.3556476512,-0.01402679069,0.1676541488,0.06190692443,0.2079369959,2000_2002,0,0.5121602745,0
ASYMMETRIC_RESERVE_BAND,SSO,LAG1,25,staged,0.2,0.1,rule,1990-05-08,1990-08-03,61,0.006726263403,0.002297909311,0.009682767453,0.0006984883699,0,0,0,2000_2002,0,0.5121602745,0
ASYMMETRIC_RESERVE_BAND,SSO,LAG1,25,staged,0.2,0.1,rule,1991-01-24,1991-11-19,208,0.3291290248,0.2567153492,0.3219804507,-0.004414726223,0.3841083722,0.1496108279,0.2322489162,2000_2002,0,0.5121602745,0
ASYMMETRIC_RESERVE_BAND,SSO,LAG1,25,staged,0.2,0.1,rule,1991-12-13,1992-04-08,80,0.1400521076,0.04576906381,0.1499383306,0.002765827328,0.1568939648,0.1738786931,0.1956147347,2000_2002,0,0.5121602745,0
ASYMMETRIC_RESERVE_BAND,SSO,LAG1,25,staged,0.2,0.1,rule,1992-06-19,1992-10-02,73,0.1256367259,0.03239435603,0.1172824676,-0.002141535867,0.2250652449,0.3172353438,0,2000_2002,0,0.5121602745,0
ASYMMETRIC_RESERVE_BAND,SSO,LAG1,25,staged,0.2,0.1,rule,1992-10-19,1994-03-25,363,0.1535870133,0.2375910658,0.1608534949,0.008974078386,0.4649307875,0.1322834313,0.5647275323,2000_2002,0,0.5121602745,0
ASYMMETRIC_RESERVE_BAND,SSO,LAG1,25,staged,0.2,0.1,rule,1994-12-21,1996-07-15,394,0.4182071647,0.7835425106,0.4469608913,0.03143362144,0.5561886712,0.07883338946,1.977558993,2000_2002,0,0.5121602745,0
ASYMMETRIC_RESERVE_BAND,SSO,LAG1,25,staged,0.2,0.1,rule,1996-07-30,1998-08-27,525,0.4894009995,1.375669693,0.5173170189,0.03853738551,1.487756897,0.04865812858,6.995294272,2000_2002,0,0.5121602745,0
ASYMMETRIC_RESERVE_BAND,SSO,LAG1,25,staged,0.2,0.1,rule,1998-10-29,1999-09-23,226,0.3518326652,0.3021801233,0.3406203003,-0.007502176486,2.37381372,0.09398168886,2.86095427,2000_2002,0,0.5121602745,0
ASYMMETRIC_RESERVE_BAND,SSO,LAG1,25,staged,0.2,0.1,rule,1999-10-28,2000-02-18,78,-0.07784853659,-0.02109532364,-0.06659484073,0.003752705655,0,0,0,2000_2002,0,0.5121602745,0
ASYMMETRIC_RESERVE_BAND,SSO,LAG1,25,staged,0.2,0.1,rule,2003-04-17,2004-07-16,313,0.3861068784,0.5032372382,0.3861068784,0,0,0,0,2007_2009,0.02631408366,-0.1725435057,
ASYMMETRIC_RESERVE_BAND,SSO,LAG1,25,staged,0.2,0.1,rule,2004-10-27,2005-04-15,117,0.05071798263,0.02329394746,0.05071798263,0,0,0,0,2007_2009,0.02631408366,-0.1725435057,
ASYMMETRIC_RESERVE_BAND,SSO,LAG1,25,staged,0.2,0.1,rule,2005-05-16,2005-10-05,99,0.1142721636,0.04296329969,0.1142721636,0,0,0,0,2007_2009,0.02631408366,-0.1725435057,
ASYMMETRIC_RESERVE_BAND,SSO,LAG1,25,staged,0.2,0.1,rule,2005-10-31,2006-05-23,140,0.1189536443,0.06478667469,0.1189536443,0,0,0,0,2007_2009,0.02631408366,-0.1725435057,
ASYMMETRIC_RESERVE_BAND,SSO,LAG1,25,staged,0.2,0.1,rule,2006-08-15,2007-08-03,243,0.218064605,0.1894856867,0.1966699283,-0.01712624597,1.247359038,0.09297391443,0,2007_2009,0.02631408366,-0.1725435057,
ASYMMETRIC_RESERVE_BAND,SSO,LAG1,25,staged,0.2,0.1,rule,2009-07-13,2010-05-20,216,0.4899819606,0.4045685466,0.4903213754,0.0001939413474,0,0,0,2020,-0.1607144234,3.038835345,-0.05288684815
ASYMMETRIC_RESERVE_BAND,SSO,LAG1,25,staged,0.2,0.1,rule,2010-09-13,2011-08-02,224,0.2888978185,0.2516100842,0.2888978185,0,0,0,0,2020,-0.1607144234,3.038835345,-0.05288684815
ASYMMETRIC_RESERVE_BAND,SSO,LAG1,25,staged,0.2,0.1,rule,2012-01-03,2012-06-01,104,0.01314246419,0.005376558686,0.01314246419,0,0,0,0,2020,-0.1607144234,3.038835345,-0.05288684815
ASYMMETRIC_RESERVE_BAND,SSO,LAG1,25,staged,0.2,0.1,rule,2012-06-06,2012-11-08,107,0.285489136,0.09936966807,0.250124473,-0.01183821115,1.153391925,0.1631570446,0,2020,-0.1607144234,3.038835345,-0.05288684815
ASYMMETRIC_RESERVE_BAND,SSO,LAG1,25,staged,0.2,0.1,rule,2012-11-19,2014-10-13,477,0.3570542636,0.8756863457,0.3930631589,0.04968855727,2.047602297,0.0492075491,6.656300538,2020,-0.1607144234,3.038835345,-0.05288684815
ASYMMETRIC_RESERVE_BAND,SSO,LAG1,25,staged,0.2,0.1,rule,2014-10-21,2015-07-08,178,0.1749445436,0.1189663684,0.1710583748,-0.002358341121,3.966587587,0.1820297516,1.856554493,2020,-0.1607144234,3.038835345,-0.05288684815
ASYMMETRIC_RESERVE_BAND,SSO,LAG1,25,staged,0.2,0.1,rule,2016-03-16,2016-06-27,71,-0.09144859004,-0.02659555643,-0.09116139871,8.912513244e-05,0,0,0,2020,-0.1607144234,3.038835345,-0.05288684815
ASYMMETRIC_RESERVE_BAND,SSO,LAG1,25,staged,0.2,0.1,rule,2016-06-28,2018-04-02,442,0.298229436,0.6224616202,0.3163990979,0.02446778107,2.261544306,0.04329752619,12.93621594,2020,-0.1607144234,3.038835345,-0.05288684815
ASYMMETRIC_RESERVE_BAND,SSO,LAG1,25,staged,0.2,0.1,rule,2018-04-03,2018-10-11,134,0.1919344493,0.08304629261,0.1648114295,-0.01203698162,3.665298294,0.1638927696,0.9416967602,2020,-0.1607144234,3.038835345,-0.05288684815
ASYMMETRIC_RESERVE_BAND,SSO,LAG1,25,staged,0.2,0.1,rule,2019-06-04,2020-02-27,185,0.1773597843,0.1149284649,0.1598228795,-0.01101141182,3.664126249,0.09353289632,5.121759258,2020,-0.1607144234,3.038835345,-0.05288684815
ASYMMETRIC_RESERVE_BAND,SSO,LAG1,25,staged,0.2,0.1,rule,2020-06-29,2022-01-21,395,0.5483388205,1.04934827,0.5824514786,0.03406862834,4.28532226,0.02937847194,29.39331536,2022,-0.5077745416,4.567978724,-0.111159568
ASYMMETRIC_RESERVE_BAND,SSO,LAG1,25,staged,0.2,0.1,rule,2023-03-20,2023-10-20,149,0.190651349,0.1077593235,0.1908535416,9.948721633e-05,0,0,0,,,,
ASYMMETRIC_RESERVE_BAND,SSO,LAG1,25,staged,0.2,0.1,rule,2023-11-02,2025-03-10,336,0.3869137504,0.5700840574,0.3959183016,0.008752725555,6.982197213,0.04378700661,22.6522758,,,,
ASYMMETRIC_RESERVE_BAND,SSO,LAG1,25,staged,0.2,0.1,rule,2025-05-12,2026-03-19,214,0.2702025521,0.2305726213,0.275925489,0.003827715122,17.60785932,0.152199861,16.6898206,,,,
ASYMMETRIC_RESERVE_BAND,SSO,LAG1,25,staged,0.2,0.1,rule,2026-04-08,2026-09-02,102,0.7029991697,0.2519060963,0.7475754718,0.01039905508,21.51831413,0.2648456481,19.6801933,,,,
HWM_DRAWDOWN,SSO,LAG1,25,drawdown,0.15,0.1,rule,1986-11-20,1987-10-15,227,0.2586637898,0.2274796318,0.2555155628,-0.002255826463,0.05295441288,0.02284034363,0.5295441288,1987,0.03990839659,0.01315698526,3.033247799
HWM_DRAWDOWN,SSO,LAG1,25,drawdown,0.15,0.1,rule,1988-11-22,1990-01-22,293,0.3484285269,0.426021496,0.3556476512,0.006227532507,0.01803802472,0.006557851834,0.1803802472,2000_2002,0.721621594,0.9329928545,0.7734481465
HWM_DRAWDOWN,SSO,LAG1,25,drawdown,0.15,0.1,rule,1990-05-08,1990-08-03,61,0.01257021772,0.002297909311,0.009682767453,-0.000680202693,0,0,0,2000_2002,0.721621594,0.9329928545,0.7734481465
HWM_DRAWDOWN,SSO,LAG1,25,drawdown,0.15,0.1,rule,1991-01-24,1991-11-19,208,0.3117404974,0.2567153492,0.3219804507,0.006365629564,0.02040122194,0.007982753024,0.2040122194,2000_2002,0.721621594,0.9329928545,0.7734481465
HWM_DRAWDOWN,SSO,LAG1,25,drawdown,0.15,0.1,rule,1991-12-13,1992-04-08,80,0.1481515584,0.04576906381,0.1499383306,0.0004981130103,0.0190518902,0.0209394605,0.190518902,2000_2002,0.721621594,0.9329928545,0.7734481465
HWM_DRAWDOWN,SSO,LAG1,25,drawdown,0.15,0.1,rule,1992-06-19,1992-10-02,73,0.1125886084,0.03239435603,0.1172824676,0.001210263726,0,0,0,2000_2002,0.721621594,0.9329928545,0.7734481465
HWM_DRAWDOWN,SSO,LAG1,25,drawdown,0.15,0.1,rule,1992-10-19,1994-03-25,363,0.1543246404,0.2375910658,0.1608534949,0.008060537557,0.0551889955,0.01550148152,0.551889955,2000_2002,0.721621594,0.9329928545,0.7734481465
HWM_DRAWDOWN,SSO,LAG1,25,drawdown,0.15,0.1,rule,1994-12-21,1996-07-15,394,0.4176738283,0.7835425106,0.4469608913,0.0320226672,0.1947794601,0.02820524485,1.947794601,2000_2002,0.721621594,0.9329928545,0.7734481465
HWM_DRAWDOWN,SSO,LAG1,25,drawdown,0.15,0.1,rule,1996-07-30,1998-08-27,525,0.4724648388,1.375669693,0.5173170189,0.06227096771,0.6659625514,0.022866896,6.659625514,2000_2002,0.721621594,0.9329928545,0.7734481465
HWM_DRAWDOWN,SSO,LAG1,25,drawdown,0.15,0.1,rule,1998-10-29,1999-09-23,226,0.3074921932,0.3021801233,0.3406203003,0.02253816309,0.2342212512,0.0101591033,2.342212512,2000_2002,0.721621594,0.9329928545,0.7734481465
HWM_DRAWDOWN,SSO,LAG1,25,drawdown,0.15,0.1,rule,1999-10-28,2000-02-18,78,-0.05223648508,-0.02109532364,-0.06659484073,-0.004722844173,0,0,0,2000_2002,0.721621594,0.9329928545,0.7734481465
HWM_DRAWDOWN,SSO,LAG1,25,drawdown,0.15,0.1,rule,2003-04-17,2004-07-16,313,0.3605411399,0.5032372382,0.3861068784,0.02324194621,0,0,0,2007_2009,0.3474098516,0.02817434148,12.33071772
HWM_DRAWDOWN,SSO,LAG1,25,drawdown,0.15,0.1,rule,2004-10-27,2005-04-15,117,0.04943123512,0.02329394746,0.05071798263,0.0005703375062,0,0,0,2007_2009,0.3474098516,0.02817434148,12.33071772
HWM_DRAWDOWN,SSO,LAG1,25,drawdown,0.15,0.1,rule,2005-05-16,2005-10-05,99,0.1102341744,0.04296329969,0.1142721636,0.001411432467,0,0,0,2007_2009,0.3474098516,0.02817434148,12.33071772
HWM_DRAWDOWN,SSO,LAG1,25,drawdown,0.15,0.1,rule,2005-10-31,2006-05-23,140,0.1154117322,0.06478667469,0.1189536443,0.001770736257,0,0,0,2007_2009,0.3474098516,0.02817434148,12.33071772
HWM_DRAWDOWN,SSO,LAG1,25,drawdown,0.15,0.1,rule,2006-08-15,2007-08-03,243,0.1899007536,0.1894856867,0.1966699283,0.005482480048,0,0,0,2007_2009,0.3474098516,0.02817434148,12.33071772
HWM_DRAWDOWN,SSO,LAG1,25,drawdown,0.15,0.1,rule,2009-07-13,2010-05-20,216,0.4903213754,0.4045685466,0.4903213754,0,0,0,0,2020,1.595916693,2.285337929,0.6983285372
HWM_DRAWDOWN,SSO,LAG1,25,drawdown,0.15,0.1,rule,2010-09-13,2011-08-02,224,0.2888978185,0.2516100842,0.2888978185,0,0,0,0,2020,1.595916693,2.285337929,0.6983285372
HWM_DRAWDOWN,SSO,LAG1,25,drawdown,0.15,0.1,rule,2012-01-03,2012-06-01,104,0.01314246419,0.005376558686,0.01314246419,0,0,0,0,2020,1.595916693,2.285337929,0.6983285372
HWM_DRAWDOWN,SSO,LAG1,25,drawdown,0.15,0.1,rule,2012-06-06,2012-11-08,107,0.250124473,0.09936966807,0.250124473,0,0,0,0,2020,1.595916693,2.285337929,0.6983285372
HWM_DRAWDOWN,SSO,LAG1,25,drawdown,0.15,0.1,rule,2012-11-19,2014-10-13,477,0.3891434029,0.8756863457,0.3930631589,0.005346172351,0.9272209698,0.01979449353,9.272209698,2020,1.595916693,2.285337929,0.6983285372
HWM_DRAWDOWN,SSO,LAG1,25,drawdown,0.15,0.1,rule,2014-10-21,2015-07-08,178,0.1637890608,0.1189663684,0.1710583748,0.004432507139,0.1886917066,0.007789846944,1.886917066,2020,1.595916693,2.285337929,0.6983285372
HWM_DRAWDOWN,SSO,LAG1,25,drawdown,0.15,0.1,rule,2016-03-16,2016-06-27,71,-0.08638149813,-0.02659555643,-0.09116139871,-0.001479243061,0,0,0,2020,1.595916693,2.285337929,0.6983285372
HWM_DRAWDOWN,SSO,LAG1,25,drawdown,0.15,0.1,rule,2016-06-28,2018-04-02,442,0.3014908824,0.6224616202,0.3163990979,0.02005070794,1.417745804,0.02503940569,14.17745804,2020,1.595916693,2.285337929,0.6983285372
HWM_DRAWDOWN,SSO,LAG1,25,drawdown,0.15,0.1,rule,2018-04-03,2018-10-11,134,0.153717537,0.08304629261,0.1648114295,0.005004352347,0.05572601608,0.002420423952,0.5572601608,2020,1.595916693,2.285337929,0.6983285372
HWM_DRAWDOWN,SSO,LAG1,25,drawdown,0.15,0.1,rule,2019-06-04,2020-02-27,185,0.1524553383,0.1149284649,0.1598228795,0.004675827892,0.5087539715,0.01272547052,5.087539715,2020,1.595916693,2.285337929,0.6983285372
HWM_DRAWDOWN,SSO,LAG1,25,drawdown,0.15,0.1,rule,2020-06-29,2022-01-21,395,0.5513611579,1.04934827,0.5824514786,0.03102003643,3.212902315,0.02048624356,32.12902315,2022,-0.643197085,3.869350411,-0.166228699
HWM_DRAWDOWN,SSO,LAG1,25,drawdown,0.15,0.1,rule,2023-03-20,2023-10-20,149,0.1803072023,0.1077593235,0.1908535416,0.005211912916,0,0,0,,,,
HWM_DRAWDOWN,SSO,LAG1,25,drawdown,0.15,0.1,rule,2023-11-02,2025-03-10,336,0.3747828345,0.5700840574,0.3959183016,0.02063465979,2.51462214,0.01446900871,25.1462214,,,,
HWM_DRAWDOWN,SSO,LAG1,25,drawdown,0.15,0.1,rule,2025-05-12,2026-03-19,214,0.2588587175,0.2305726213,0.275925489,0.01146613641,1.717942815,0.01376019967,17.17942815,,,,
HWM_DRAWDOWN,SSO,LAG1,25,drawdown,0.15,0.1,rule,2026-04-08,2026-09-02,102,0.6806838702,0.2519060963,0.7475754718,0.01570761162,2.027502785,0.02366592398,20.27502785,,,,
BAND_DRAWDOWN,SSO,LAG1,25,drawdown,0.2,0.1,rule,1986-11-20,1987-10-15,227,0.2367621847,0.2274796318,0.2555155628,0.01355585558,0,0,0.4956523984,1987,0.08199302053,0.04952964294,1.655433305
BAND_DRAWDOWN,SSO,LAG1,25,drawdown,0.2,0.1,rule,1988-11-22,1990-01-22,293,0.35062768,0.426021496,0.3556476512,0.004326922527,0.09975326715,0.03837465606,0.1841798527,2000_2002,0.5110940997,0.9233411149,0.553526851
BAND_DRAWDOWN,SSO,LAG1,25,drawdown,0.2,0.1,rule,1990-05-08,1990-08-03,61,0.01780619754,0.002297909311,0.009682767453,-0.001908720314,0,0,0,2000_2002,0.5110940997,0.9233411149,0.553526851
BAND_DRAWDOWN,SSO,LAG1,25,drawdown,0.2,0.1,rule,1991-01-24,1991-11-19,208,0.2896900187,0.2567153492,0.3219804507,0.02024363822,0,0,0.2056335438,2000_2002,0.5110940997,0.9233411149,0.553526851
BAND_DRAWDOWN,SSO,LAG1,25,drawdown,0.2,0.1,rule,1991-12-13,1992-04-08,80,0.1385987097,0.04576906381,0.1499383306,0.003174459397,0,0,0.1784500148,2000_2002,0.5110940997,0.9233411149,0.553526851
BAND_DRAWDOWN,SSO,LAG1,25,drawdown,0.2,0.1,rule,1992-06-19,1992-10-02,73,0.1089244899,0.03239435603,0.1172824676,0.002158573211,0,0,0,2000_2002,0.5110940997,0.9233411149,0.553526851
BAND_DRAWDOWN,SSO,LAG1,25,drawdown,0.2,0.1,rule,1992-10-19,1994-03-25,363,0.1490813488,0.2375910658,0.1608534949,0.01456699422,0,0,0.5289796288,2000_2002,0.5110940997,0.9233411149,0.553526851
BAND_DRAWDOWN,SSO,LAG1,25,drawdown,0.2,0.1,rule,1994-12-21,1996-07-15,394,0.4201434893,0.7835425106,0.4469608913,0.02929689963,0.2144335528,0.03183626401,1.911162724,2000_2002,0.5110940997,0.9233411149,0.553526851
BAND_DRAWDOWN,SSO,LAG1,25,drawdown,0.2,0.1,rule,1996-07-30,1998-08-27,525,0.4775704056,1.375669693,0.5173170189,0.05508763193,0.4724608242,0.01614165557,6.657843405,2000_2002,0.5110940997,0.9233411149,0.553526851
BAND_DRAWDOWN,SSO,LAG1,25,drawdown,0.2,0.1,rule,1998-10-29,1999-09-23,226,0.3083192096,0.3021801233,0.3406203003,0.021968598,0,0,2.365170559,2000_2002,0.5110940997,0.9233411149,0.553526851
BAND_DRAWDOWN,SSO,LAG1,25,drawdown,0.2,0.1,rule,1999-10-28,2000-02-18,78,-0.0562820266,-0.02109532364,-0.06659484073,-0.003399437121,0,0,0,2000_2002,0.5110940997,0.9233411149,0.553526851
BAND_DRAWDOWN,SSO,LAG1,25,drawdown,0.2,0.1,rule,2003-04-17,2004-07-16,313,0.3672121282,0.5032372382,0.3861068784,0.01713547127,0,0,0,2007_2009,0.952770301,-0.05895371582,
BAND_DRAWDOWN,SSO,LAG1,25,drawdown,0.2,0.1,rule,2004-10-27,2005-04-15,117,0.04977199293,0.02329394746,0.05071798263,0.0004192320919,0,0,0,2007_2009,0.952770301,-0.05895371582,
BAND_DRAWDOWN,SSO,LAG1,25,drawdown,0.2,0.1,rule,2005-05-16,2005-10-05,99,0.1113029906,0.04296329969,0.1142721636,0.001037341157,0,0,0,2007_2009,0.952770301,-0.05895371582,
BAND_DRAWDOWN,SSO,LAG1,25,drawdown,0.2,0.1,rule,2005-10-31,2006-05-23,140,0.1163507161,0.06478667469,0.1189536443,0.001300755445,0,0,0,2007_2009,0.952770301,-0.05895371582,
BAND_DRAWDOWN,SSO,LAG1,25,drawdown,0.2,0.1,rule,2006-08-15,2007-08-03,243,0.2074258055,0.1894856867,0.1966699283,-0.008647915802,0.9138403056,0.07033045237,0,2007_2009,0.952770301,-0.05895371582,
BAND_DRAWDOWN,SSO,LAG1,25,drawdown,0.2,0.1,rule,2009-07-13,2010-05-20,216,0.4903213754,0.4045685466,0.4903213754,0,0,0,0,2020,0.4889974981,4.735821109,0.1032550611
BAND_DRAWDOWN,SSO,LAG1,25,drawdown,0.2,0.1,rule,2010-09-13,2011-08-02,224,0.2888978185,0.2516100842,0.2888978185,0,0,0,0,2020,0.4889974981,4.735821109,0.1032550611
BAND_DRAWDOWN,SSO,LAG1,25,drawdown,0.2,0.1,rule,2012-01-03,2012-06-01,104,0.01314246419,0.005376558686,0.01314246419,0,0,0,0,2020,0.4889974981,4.735821109,0.1032550611
BAND_DRAWDOWN,SSO,LAG1,25,drawdown,0.2,0.1,rule,2012-06-06,2012-11-08,107,0.285489136,0.09936966807,0.250124473,-0.01183821115,1.234555805,0.1631570446,0,2020,0.4889974981,4.735821109,0.1032550611
BAND_DRAWDOWN,SSO,LAG1,25,drawdown,0.2,0.1,rule,2012-11-19,2014-10-13,477,0.3549960837,0.8756863457,0.3930631589,0.05256833304,0,0,9.121868618,2020,0.4889974981,4.735821109,0.1032550611
BAND_DRAWDOWN,SSO,LAG1,25,drawdown,0.2,0.1,rule,2014-10-21,2015-07-08,178,0.1669439604,0.1189663684,0.1710583748,0.002505397612,1.230935131,0.05222203329,1.842610597,2020,0.4889974981,4.735821109,0.1032550611
BAND_DRAWDOWN,SSO,LAG1,25,drawdown,0.2,0.1,rule,2016-03-16,2016-06-27,71,-0.08056984649,-0.02659555643,-0.09116139871,-0.003267393411,0,0,0,2020,0.4889974981,4.735821109,0.1032550611
BAND_DRAWDOWN,SSO,LAG1,25,drawdown,0.2,0.1,rule,2016-06-28,2018-04-02,442,0.2832745678,0.6224616202,0.3163990979,0.0448647384,0,0,13.61000083,2020,0.4889974981,4.735821109,0.1032550611
BAND_DRAWDOWN,SSO,LAG1,25,drawdown,0.2,0.1,rule,2018-04-03,2018-10-11,134,0.153538109,0.08304629261,0.1648114295,0.00508568553,0,0,0.5455314742,2020,0.4889974981,4.735821109,0.1032550611
BAND_DRAWDOWN,SSO,LAG1,25,drawdown,0.2,0.1,rule,2019-06-04,2020-02-27,185,0.1488404244,0.1149284649,0.1598228795,0.006980984563,0,0,5.018628025,2020,0.4889974981,4.735821109,0.1032550611
BAND_DRAWDOWN,SSO,LAG1,25,drawdown,0.2,0.1,rule,2020-06-29,2022-01-21,395,0.5385997584,1.04934827,0.5824514786,0.04393293278,3.129119611,0.02095366954,29.97347308,2022,-1.570529534,5.2647384,-0.2983110298
BAND_DRAWDOWN,SSO,LAG1,25,drawdown,0.2,0.1,rule,2023-03-20,2023-10-20,149,0.1808650715,0.1077593235,0.1908535416,0.004935054179,0,0,0,,,,
BAND_DRAWDOWN,SSO,LAG1,25,drawdown,0.2,0.1,rule,2023-11-02,2025-03-10,336,0.3703718995,0.5700840574,0.3959183016,0.02498107209,3.692294767,0.02272420279,23.29446782,,,,
BAND_DRAWDOWN,SSO,LAG1,25,drawdown,0.2,0.1,rule,2025-05-12,2026-03-19,214,0.2540976017,0.2305726213,0.275925489,0.014692583,0,0,16.29343148,,,,
BAND_DRAWDOWN,SSO,LAG1,25,drawdown,0.2,0.1,rule,2026-04-08,2026-09-02,102,0.6857390582,0.2519060963,0.7475754718,0.01449889061,0,0,19.48749271,,,,
NO_RESERVE,SSO,LAG1,50,staged,0.15,0.1,rule,1986-11-20,1987-10-15,227,0.2520226839,0.2244032418,0.2520226839,0,0,0,0.5354293861,1987,0,0,
NO_RESERVE,SSO,LAG1,50,staged,0.15,0.1,rule,1988-11-22,1990-01-22,293,0.3527340358,0.4224475073,0.3527340358,0,0,0,0.1093715032,2000_2002,0,0,
NO_RESERVE,SSO,LAG1,50,staged,0.15,0.1,rule,1990-05-08,1990-08-03,61,-0.000898608295,-0.0002141155239,-0.000898608295,0,0,0,0,2000_2002,0,0,
NO_RESERVE,SSO,LAG1,50,staged,0.15,0.1,rule,1991-01-24,1991-11-19,208,0.3179342213,0.2535656866,0.3179342213,0,0,0,0.1261625712,2000_2002,0,0,
NO_RESERVE,SSO,LAG1,50,staged,0.15,0.1,rule,1991-12-13,1992-04-08,80,0.1409650588,0.04314808872,0.1409650588,0,0,0,0.1744928052,2000_2002,0,0,
NO_RESERVE,SSO,LAG1,50,staged,0.15,0.1,rule,1992-06-19,1992-10-02,73,0.1075719657,0.02980690151,0.1075719657,0,0,0,0,2000_2002,0,0,
NO_RESERVE,SSO,LAG1,50,staged,0.15,0.1,rule,1992-10-19,1994-03-25,363,0.158816979,0.2344893338,0.158816979,0,0,0,0.4964480081,2000_2002,0,0,
NO_RESERVE,SSO,LAG1,50,staged,0.15,0.1,rule,1994-12-21,1996-07-15,394,0.4446441637,0.7790724793,0.4446441637,0,0,0,1.762135834,2000_2002,0,0,
NO_RESERVE,SSO,LAG1,50,staged,0.15,0.1,rule,1996-07-30,1998-08-27,525,0.51548341,1.369715634,0.51548341,0,0,0,6.748881075,2000_2002,0,0,
NO_RESERVE,SSO,LAG1,50,staged,0.15,0.1,rule,1998-10-29,1999-09-23,226,0.3368906577,0.298916514,0.3368906577,0,0,0,2.210731584,2000_2002,0,0,
NO_RESERVE,SSO,LAG1,50,staged,0.15,0.1,rule,1999-10-28,2000-02-18,78,-0.07413522974,-0.02354871882,-0.07413522974,0,0,0,0,2000_2002,0,0,
NO_RESERVE,SSO,LAG1,50,staged,0.15,0.1,rule,2003-04-17,2004-07-16,313,0.3833235939,0.4994697263,0.3833235939,0,0,0,0,2007_2009,0,0,
NO_RESERVE,SSO,LAG1,50,staged,0.15,0.1,rule,2004-10-27,2005-04-15,117,0.04506823385,0.02072930098,0.04506823385,0,0,0,0,2007_2009,0,0,
NO_RESERVE,SSO,LAG1,50,staged,0.15,0.1,rule,2005-05-16,2005-10-05,99,0.1071030708,0.04034935658,0.1071030708,0,0,0,0,2007_2009,0,0,
NO_RESERVE,SSO,LAG1,50,staged,0.15,0.1,rule,2005-10-31,2006-05-23,140,0.1139375142,0.06211803641,0.1139375142,0,0,0,0,2007_2009,0,0,
NO_RESERVE,SSO,LAG1,50,staged,0.15,0.1,rule,2006-08-15,2007-08-03,243,0.1935668116,0.1865045196,0.1935668116,0,0,0,0,2007_2009,0,0,
NO_RESERVE,SSO,LAG1,50,staged,0.15,0.1,rule,2009-07-13,2010-05-20,216,0.4859356457,0.4010483247,0.4859356457,0,0,0,0,2020,0,0,
NO_RESERVE,SSO,LAG1,50,staged,0.15,0.1,rule,2010-09-13,2011-08-02,224,0.2852455554,0.2484732169,0.2852455554,0,0,0,0,2020,0,0,
NO_RESERVE,SSO,LAG1,50,staged,0.15,0.1,rule,2012-01-03,2012-06-01,104,0.00697061648,0.002856817937,0.00697061648,0,0,0,0,2020,0,0,
NO_RESERVE,SSO,LAG1,50,staged,0.15,0.1,rule,2012-06-06,2012-11-08,107,0.2427539168,0.09661435562,0.2427539168,0,0,0,0,2020,0,0,
NO_RESERVE,SSO,LAG1,50,staged,0.15,0.1,rule,2012-11-19,2014-10-13,477,0.3912219098,0.8709853774,0.3912219098,0,0,0,1.24548722,2020,0,0,
NO_RESERVE,SSO,LAG1,50,staged,0.15,0.1,rule,2014-10-21,2015-07-08,178,0.1669373802,0.1161619414,0.1669373802,0,0,0,1.167410554,2020,0,0,
NO_RESERVE,SSO,LAG1,50,staged,0.15,0.1,rule,2016-03-16,2016-06-27,71,-0.09921297253,-0.02903516657,-0.09921297253,0,0,0,0,2020,0,0,
NO_RESERVE,SSO,LAG1,50,staged,0.15,0.1,rule,2016-06-28,2018-04-02,442,0.3145239772,0.6183953004,0.3145239772,0,0,0,8.318968857,2020,0,0,
NO_RESERVE,SSO,LAG1,50,staged,0.15,0.1,rule,2018-04-03,2018-10-11,134,0.1592351727,0.08033189087,0.1592351727,0,0,0,0.222317004,2020,0,0,
NO_RESERVE,SSO,LAG1,50,staged,0.15,0.1,rule,2019-06-04,2020-02-27,185,0.1558630492,0.112134158,0.1558630492,0,0,0,2.328882703,2020,0,0,
NO_RESERVE,SSO,LAG1,50,staged,0.15,0.1,rule,2020-06-29,2022-01-21,395,0.5799133834,1.044212059,0.5799133834,0,0,0,18.1868264,2022,0,0,
NO_RESERVE,SSO,LAG1,50,staged,0.15,0.1,rule,2023-03-20,2023-10-20,149,0.1857640196,0.1049829843,0.1857640196,0,0,0,0,,,,
NO_RESERVE,SSO,LAG1,50,staged,0.15,0.1,rule,2023-11-02,2025-03-10,336,0.3933307302,0.5661490097,0.3933307302,0,0,0,11.30770751,,,,
NO_RESERVE,SSO,LAG1,50,staged,0.15,0.1,rule,2025-05-12,2026-03-19,214,0.2721706852,0.2274884793,0.2721706852,0,0,0,9.363704117,,,,
NO_RESERVE,SSO,LAG1,50,staged,0.15,0.1,rule,2026-04-08,2026-09-02,102,0.7367130291,0.2487684871,0.7367130291,0,0,0,11.58956187,,,,
FIXED_90_10,SSO,LAG1,50,staged,0.15,0.1,quarterly,1986-11-20,1987-10-15,227,0.240900278,0.2244032418,0.2520226839,0.008037637873,0.05110508216,0.02410211504,0.4846197338,1987,0.07726127259,0.04751269843,1.626118388
FIXED_90_10,SSO,LAG1,50,staged,0.15,0.1,quarterly,1988-11-22,1990-01-22,293,0.3264851143,0.4224475073,0.3527340358,0.02285422458,0.04438679251,0.01808517645,0.1339390333,2000_2002,0.4027838229,0.6806721862,0.5917442068
FIXED_90_10,SSO,LAG1,50,staged,0.15,0.1,quarterly,1990-05-08,1990-08-03,61,0.00932059537,-0.0002141155239,-0.000898608295,-0.002423956708,0.00837398795,0.01557691175,0,2000_2002,0.4027838229,0.6806721862,0.5917442068
FIXED_90_10,SSO,LAG1,50,staged,0.15,0.1,quarterly,1991-01-24,1991-11-19,208,0.293063883,0.2535656866,0.3179342213,0.01559549743,0.04209439092,0.01886113043,0.1488340466,2000_2002,0.4027838229,0.6806721862,0.5917442068
FIXED_90_10,SSO,LAG1,50,staged,0.15,0.1,quarterly,1991-12-13,1992-04-08,80,0.1334796838,0.04314808872,0.1409650588,0.00210846002,0.02022512097,0.02564153688,0.1576854806,2000_2002,0.4027838229,0.6806721862,0.5917442068
FIXED_90_10,SSO,LAG1,50,staged,0.15,0.1,quarterly,1992-06-19,1992-10-02,73,0.1001648935,0.02980690151,0.1075719657,0.001928989975,0.00690261202,0.01203069941,0,2000_2002,0.4027838229,0.6806721862,0.5917442068
FIXED_90_10,SSO,LAG1,50,staged,0.15,0.1,quarterly,1992-10-19,1994-03-25,363,0.145758013,0.2344893338,0.158816979,0.01619693611,0.03631941006,0.01185716614,0.4539933274,2000_2002,0.4027838229,0.6806721862,0.5917442068
FIXED_90_10,SSO,LAG1,50,staged,0.15,0.1,quarterly,1994-12-21,1996-07-15,394,0.4034723992,0.7790724793,0.4446441637,0.04528014135,0.1652992457,0.02842640009,1.557496006,2000_2002,0.4027838229,0.6806721862,0.5917442068
FIXED_90_10,SSO,LAG1,50,staged,0.15,0.1,quarterly,1996-07-30,1998-08-27,525,0.4664336725,1.369715634,0.51548341,0.06827933383,0.4436881337,0.01806513316,5.556876461,2000_2002,0.4027838229,0.6806721862,0.5917442068
FIXED_90_10,SSO,LAG1,50,staged,0.15,0.1,quarterly,1998-10-29,1999-09-23,226,0.3116439212,0.298916514,0.3368906577,0.01717308917,0.3508583673,0.01808596409,1.83340778,2000_2002,0.4027838229,0.6806721862,0.5917442068
FIXED_90_10,SSO,LAG1,50,staged,0.15,0.1,quarterly,1999-10-28,2000-02-18,78,-0.05277524529,-0.02354871882,-0.07413522974,-0.00705633902,0.157263341,0.0266414879,0,2000_2002,0.4027838229,0.6806721862,0.5917442068
FIXED_90_10,SSO,LAG1,50,staged,0.15,0.1,quarterly,2003-04-17,2004-07-16,313,0.3447676878,0.4994697263,0.3833235939,0.03529112862,0.2644803062,0.02195506385,0,2007_2009,0.2545910071,0.01886283951,13.49696089
FIXED_90_10,SSO,LAG1,50,staged,0.15,0.1,quarterly,2004-10-27,2005-04-15,117,0.04549877838,0.02072930098,0.04506823385,-0.0001917090811,0.08517204974,0.02248365201,0,2007_2009,0.2545910071,0.01886283951,13.49696089
FIXED_90_10,SSO,LAG1,50,staged,0.15,0.1,quarterly,2005-05-16,2005-10-05,99,0.09957503509,0.04034935658,0.1071030708,0.002652604386,0.02879895695,0.01026281156,0,2007_2009,0.2545910071,0.01886283951,13.49696089
FIXED_90_10,SSO,LAG1,50,staged,0.15,0.1,quarterly,2005-10-31,2006-05-23,140,0.1073625659,0.06211803641,0.1139375142,0.003306407068,0.03984881329,0.009621470849,0,2007_2009,0.2545910071,0.01886283951,13.49696089
FIXED_90_10,SSO,LAG1,50,staged,0.15,0.1,quarterly,2006-08-15,2007-08-03,243,0.1800949453,0.1865045196,0.1935668116,0.01097054171,0.1559939417,0.01787598173,0,2007_2009,0.2545910071,0.01886283951,13.49696089
FIXED_90_10,SSO,LAG1,50,staged,0.15,0.1,quarterly,2009-07-13,2010-05-20,216,0.4363530923,0.4010483247,0.4859356457,0.02889665707,0.2163520784,0.02246283473,0,2020,0.4726726007,2.676211903,0.1766200204
FIXED_90_10,SSO,LAG1,50,staged,0.15,0.1,quarterly,2010-09-13,2011-08-02,224,0.2573210158,0.2484732169,0.2852455554,0.01942555547,0.2138481938,0.02398681978,0,2020,0.4726726007,2.676211903,0.1766200204
FIXED_90_10,SSO,LAG1,50,staged,0.15,0.1,quarterly,2012-01-03,2012-06-01,104,0.01530169304,0.002856817937,0.00697061648,-0.003383724354,0.1265745822,0.0357964348,0,2020,0.4726726007,2.676211903,0.1766200204
FIXED_90_10,SSO,LAG1,50,staged,0.15,0.1,quarterly,2012-06-06,2012-11-08,107,0.2163913984,0.09661435562,0.2427539168,0.009098940163,0.07152927855,0.01704475771,0,2020,0.4726726007,2.676211903,0.1766200204
FIXED_90_10,SSO,LAG1,50,staged,0.15,0.1,quarterly,2012-11-19,2014-10-13,477,0.3490415296,0.8709853774,0.3912219098,0.05841514829,0.5885285658,0.02296018406,1.903565649,2020,0.4726726007,2.676211903,0.1766200204
FIXED_90_10,SSO,LAG1,50,staged,0.15,0.1,quarterly,2014-10-21,2015-07-08,178,0.1489866839,0.1161619414,0.1669373802,0.01103516418,0.07565302304,0.005741080391,0.9642859733,2020,0.4726726007,2.676211903,0.1766200204
FIXED_90_10,SSO,LAG1,50,staged,0.15,0.1,quarterly,2016-03-16,2016-06-27,71,-0.08897168757,-0.02903516657,-0.09921297253,-0.003188028089,0.02577008243,0.006758206143,0,2020,0.4726726007,2.676211903,0.1766200204
FIXED_90_10,SSO,LAG1,50,staged,0.15,0.1,quarterly,2016-06-28,2018-04-02,442,0.2814909048,0.6183953004,0.3145239772,0.0448039162,0.6840001228,0.02314765676,6.756490569,2020,0.4726726007,2.676211903,0.1766200204
FIXED_90_10,SSO,LAG1,50,staged,0.15,0.1,quarterly,2018-04-03,2018-10-11,134,0.1479583828,0.08033189087,0.1592351727,0.005111849466,0.3036171555,0.02525179457,0.2050472098,2020,0.4726726007,2.676211903,0.1766200204
FIXED_90_10,SSO,LAG1,50,staged,0.15,0.1,quarterly,2019-06-04,2020-02-27,185,0.1450180216,0.112134158,0.1558630492,0.006916944169,0.3881814816,0.01908558362,2.064225411,2020,0.4726726007,2.676211903,0.1766200204
FIXED_90_10,SSO,LAG1,50,staged,0.15,0.1,quarterly,2020-06-29,2022-01-21,395,0.5167278128,1.044212059,0.5799133834,0.06380624504,2.262339318,0.03018353495,14.50163281,2022,-0.1895309339,3.427156511,-0.05530267826
FIXED_90_10,SSO,LAG1,50,staged,0.15,0.1,quarterly,2023-03-20,2023-10-20,149,0.1744413397,0.1049829843,0.1857640196,0.005621553045,0.4448146325,0.01917956356,0,,,,
FIXED_90_10,SSO,LAG1,50,staged,0.15,0.1,quarterly,2023-11-02,2025-03-10,336,0.3576455215,0.5661490097,0.3933307302,0.03509073628,1.463539447,0.01873544771,9.484278078,,,,
FIXED_90_10,SSO,LAG1,50,staged,0.15,0.1,quarterly,2025-05-12,2026-03-19,214,0.2495316199,0.2274884793,0.2721706852,0.01528890936,1.241959664,0.02223007338,7.374523074,,,,
FIXED_90_10,SSO,LAG1,50,staged,0.15,0.1,quarterly,2026-04-08,2026-09-02,102,0.6575188721,0.2487684871,0.7367130291,0.01878397757,1.079357908,0.02801940919,8.94593698,,,,
FIXED_85_15,SSO,LAG1,50,staged,0.15,0.1,quarterly,1986-11-20,1987-10-15,227,0.2346683675,0.2244032418,0.2520226839,0.01257269559,0.07250645345,0.03631255246,0.459312119,1987,0.114023321,0.07120031062,1.601444152
FIXED_85_15,SSO,LAG1,50,staged,0.15,0.1,quarterly,1988-11-22,1990-01-22,293,0.3133094187,0.4224475073,0.3527340358,0.03449699686,0.0629960019,0.02714502363,0.1443084472,2000_2002,0.5726310028,1.006432532,0.5689710779
FIXED_85_15,SSO,LAG1,50,staged,0.15,0.1,quarterly,1990-05-08,1990-08-03,61,0.0142830399,-0.0002141155239,-0.000898608295,-0.003592191426,0.0118896915,0.02334648357,0,2000_2002,0.5726310028,1.006432532,0.5689710779
FIXED_85_15,SSO,LAG1,50,staged,0.15,0.1,quarterly,1991-01-24,1991-11-19,208,0.2805243662,0.2535656866,0.3179342213,0.02357280123,0.0599806131,0.02840495295,0.158756848,2000_2002,0.5726310028,1.006432532,0.5689710779
FIXED_85_15,SSO,LAG1,50,staged,0.15,0.1,quarterly,1991-12-13,1992-04-08,80,0.1295169001,0.04314808872,0.1409650588,0.003230330042,0.02856303218,0.03855739726,0.14907328,2000_2002,0.5726310028,1.006432532,0.5689710779
FIXED_85_15,SSO,LAG1,50,staged,0.15,0.1,quarterly,1992-06-19,1992-10-02,73,0.09645277529,0.02980690151,0.1075719657,0.002900610791,0.009746377732,0.01802998954,0,2000_2002,0.5726310028,1.006432532,0.5689710779
FIXED_85_15,SSO,LAG1,50,staged,0.15,0.1,quarterly,1992-10-19,1994-03-25,363,0.1392573947,0.2344893338,0.158816979,0.02432855429,0.05104067339,0.01780547848,0.4324227184,2000_2002,0.5726310028,1.006432532,0.5689710779
FIXED_85_15,SSO,LAG1,50,staged,0.15,0.1,quarterly,1994-12-21,1996-07-15,394,0.3830611795,0.7790724793,0.4446441637,0.06822303782,0.2300945317,0.04276194833,1.457410742,2000_2002,0.5726310028,1.006432532,0.5689710779
FIXED_85_15,SSO,LAG1,50,staged,0.15,0.1,quarterly,1996-07-30,1998-08-27,525,0.4421253131,1.369715634,0.51548341,0.1029687397,0.5986943634,0.02718976157,5.01362154,2000_2002,0.5726310028,1.006432532,0.5689710779
FIXED_85_15,SSO,LAG1,50,staged,0.15,0.1,quarterly,1998-10-29,1999-09-23,226,0.298658748,0.298916514,0.3368906577,0.02613490733,0.4678037418,0.02729357686,1.658556254,2000_2002,0.5726310028,1.006432532,0.5689710779
FIXED_85_15,SSO,LAG1,50,staged,0.15,0.1,quarterly,1999-10-28,2000-02-18,78,-0.04271578722,-0.02354871882,-0.07413522974,-0.01032457808,0.208709405,0.04007228243,0,2000_2002,0.5726310028,1.006432532,0.5689710779
FIXED_85_15,SSO,LAG1,50,staged,0.15,0.1,quarterly,2003-04-17,2004-07-16,313,0.3255790656,0.4994697263,0.3833235939,0.0532338462,0.3671319566,0.03308427648,0,2007_2009,0.363648416,0.02819357553,12.89827236
FIXED_85_15,SSO,LAG1,50,staged,0.15,0.1,quarterly,2004-10-27,2005-04-15,117,0.0455138285,0.02072930098,0.04506823385,-0.0001984090383,0.1171124379,0.03382016803,0,2007_2009,0.363648416,0.02819357553,12.89827236
FIXED_85_15,SSO,LAG1,50,staged,0.15,0.1,quarterly,2005-05-16,2005-10-05,99,0.09582680069,0.04034935658,0.1071030708,0.003980124949,0.03965423414,0.01538889378,0,2007_2009,0.363648416,0.02819357553,12.89827236
FIXED_85_15,SSO,LAG1,50,staged,0.15,0.1,quarterly,2005-10-31,2006-05-23,140,0.1040465934,0.06211803641,0.1139375142,0.004981396526,0.05477665037,0.01442215542,0,2007_2009,0.363648416,0.02819357553,12.89827236
FIXED_85_15,SSO,LAG1,50,staged,0.15,0.1,quarterly,2006-08-15,2007-08-03,243,0.1732847312,0.1865045196,0.1935668116,0.01656405218,0.2145750101,0.02682991392,0,2007_2009,0.363648416,0.02819357553,12.89827236
FIXED_85_15,SSO,LAG1,50,staged,0.15,0.1,quarterly,2009-07-13,2010-05-20,216,0.4115624491,0.4010483247,0.4859356457,0.04372087598,0.3061275098,0.03384709897,0,2020,0.6258443224,3.870359531,0.1617018568
FIXED_85_15,SSO,LAG1,50,staged,0.15,0.1,quarterly,2010-09-13,2011-08-02,224,0.2432925112,0.2484732169,0.2852455554,0.02934783939,0.3008440188,0.03619938616,0,2020,0.6258443224,3.870359531,0.1617018568
FIXED_85_15,SSO,LAG1,50,staged,0.15,0.1,quarterly,2012-01-03,2012-06-01,104,0.01874251723,0.002856817937,0.00697061648,-0.004773144333,0.1780377492,0.05389949438,0,2020,0.6258443224,3.870359531,0.1617018568
FIXED_85_15,SSO,LAG1,50,staged,0.15,0.1,quarterly,2012-06-06,2012-11-08,107,0.2034266094,0.09661435562,0.2427539168,0.01364629008,0.1001568377,0.02562723963,0,2020,0.6258443224,3.870359531,0.1617018568
FIXED_85_15,SSO,LAG1,50,staged,0.15,0.1,quarterly,2012-11-19,2014-10-13,477,0.3282112842,0.8709853774,0.3912219098,0.08793993528,0.8093401668,0.03455019142,2.117573266,2020,0.6258443224,3.870359531,0.1617018568
FIXED_85_15,SSO,LAG1,50,staged,0.15,0.1,quarterly,2014-10-21,2015-07-08,178,0.1401244148,0.1161619414,0.1669373802,0.01654696296,0.1021976722,0.008625559886,0.8665312616,2020,0.6258443224,3.870359531,0.1617018568
FIXED_85_15,SSO,LAG1,50,staged,0.15,0.1,quarterly,2016-03-16,2016-06-27,71,-0.08385397534,-0.02903516657,-0.09921297253,-0.004767725863,0.03506460989,0.01014774258,0,2020,0.6258443224,3.870359531,0.1617018568
FIXED_85_15,SSO,LAG1,50,staged,0.15,0.1,quarterly,2016-06-28,2018-04-02,442,0.265183421,0.6183953004,0.3145239772,0.06734995369,0.9195521718,0.03482436317,6.021789811,2020,0.6258443224,3.870359531,0.1617018568
FIXED_85_15,SSO,LAG1,50,staged,0.15,0.1,quarterly,2018-04-03,2018-10-11,134,0.1420718672,0.08033189087,0.1592351727,0.007800232701,0.4029701309,0.03784170471,0.1950635412,2020,0.6258443224,3.870359531,0.1617018568
FIXED_85_15,SSO,LAG1,50,staged,0.15,0.1,quarterly,2019-06-04,2020-02-27,185,0.1393178219,0.112134158,0.1558630492,0.01057883663,0.5178298733,0.02867092969,1.915298352,2020,0.6258443224,3.870359531,0.1617018568
FIXED_85_15,SSO,LAG1,50,staged,0.15,0.1,quarterly,2020-06-29,2022-01-21,395,0.4855277121,1.044212059,0.5799133834,0.09629999673,2.995204704,0.04545238294,12.77804523,2022,-0.298273382,4.781350836,-0.06238265967
FIXED_85_15,SSO,LAG1,50,staged,0.15,0.1,quarterly,2023-03-20,2023-10-20,149,0.1686173189,0.1049829843,0.1857640196,0.008534242594,0.5888438407,0.0288096847,0,,,,
FIXED_85_15,SSO,LAG1,50,staged,0.15,0.1,quarterly,2023-11-02,2025-03-10,336,0.3399146939,0.5661490097,0.3933307302,0.05287069851,1.918874517,0.02825636711,8.578480416,,,,
FIXED_85_15,SSO,LAG1,50,staged,0.15,0.1,quarterly,2025-05-12,2026-03-19,214,0.2381542237,0.2274884793,0.2721706852,0.02307735039,1.611663469,0.0334855914,6.462380442,,,,
FIXED_85_15,SSO,LAG1,50,staged,0.15,0.1,quarterly,2026-04-08,2026-09-02,102,0.6187171603,0.2487684871,0.7367130291,0.02831749392,1.394690703,0.04215911008,7.754828509,,,,
HWM_RESERVE,SSO,LAG1,50,staged,0.15,0.1,rule,1986-11-20,1987-10-15,227,0.257252509,0.2244032418,0.2520226839,-0.003754699372,0.05293060378,0.02265512526,0.5293060378,1987,0.01977292268,0.005172603752,3.822624664
HWM_RESERVE,SSO,LAG1,50,staged,0.15,0.1,rule,1988-11-22,1990-01-22,293,0.3543758757,0.4224475073,0.3527340358,-0.001414732534,0.01331874111,0.004869185947,0.1331874111,2000_2002,0,0.06699647336,0
HWM_RESERVE,SSO,LAG1,50,staged,0.15,0.1,rule,1990-05-08,1990-08-03,61,-0.001139298143,-0.0002141155239,-0.000898608295,5.738911854e-05,0,0,0,2000_2002,0,0.06699647336,0
HWM_RESERVE,SSO,LAG1,50,staged,0.15,0.1,rule,1991-01-24,1991-11-19,208,0.3185707734,0.2535656866,0.3179342213,-0.0003952904224,0.01311260979,0.005264843927,0.1311260979,2000_2002,0,0.06699647336,0
HWM_RESERVE,SSO,LAG1,50,staged,0.15,0.1,rule,1991-12-13,1992-04-08,80,0.1415319399,0.04314808872,0.1409650588,-0.0001591136398,0.01666064168,0.0187420499,0.1757896171,2000_2002,0,0.06699647336,0
HWM_RESERVE,SSO,LAG1,50,staged,0.15,0.1,rule,1992-06-19,1992-10-02,73,0.1075719657,0.02980690151,0.1075719657,0,0,0,0,2000_2002,0,0.06699647336,0
HWM_RESERVE,SSO,LAG1,50,staged,0.15,0.1,rule,1992-10-19,1994-03-25,363,0.1591579357,0.2344893338,0.158816979,-0.000420436849,0.05008439801,0.01443670094,0.5008439801,2000_2002,0,0.06699647336,0
HWM_RESERVE,SSO,LAG1,50,staged,0.15,0.1,rule,1994-12-21,1996-07-15,394,0.4418819648,0.7790724793,0.4446441637,0.002997197646,0.1745857596,0.02646743563,1.745857596,2000_2002,0,0.06699647336,0
HWM_RESERVE,SSO,LAG1,50,staged,0.15,0.1,rule,1996-07-30,1998-08-27,525,0.5073183161,1.369715634,0.51548341,0.01121144415,0.6523320058,0.02260953334,6.523320058,2000_2002,0,0.06699647336,0
HWM_RESERVE,SSO,LAG1,50,staged,0.15,0.1,rule,1998-10-29,1999-09-23,226,0.3368808212,0.298916514,0.3368906577,6.627546107e-06,0.2379943463,0.009830788189,2.379943463,2000_2002,0,0.06699647336,0
HWM_RESERVE,SSO,LAG1,50,staged,0.15,0.1,rule,1999-10-28,2000-02-18,78,-0.07625850048,-0.02354871882,-0.07413522974,0.0007103043764,0,0,0,2000_2002,0,0.06699647336,0
HWM_RESERVE,SSO,LAG1,50,staged,0.15,0.1,rule,2003-04-17,2004-07-16,313,0.3833235939,0.4994697263,0.3833235939,0,0,0,0,2007_2009,0,0,
HWM_RESERVE,SSO,LAG1,50,staged,0.15,0.1,rule,2004-10-27,2005-04-15,117,0.04506823385,0.02072930098,0.04506823385,0,0,0,0,2007_2009,0,0,
HWM_RESERVE,SSO,LAG1,50,staged,0.15,0.1,rule,2005-05-16,2005-10-05,99,0.1071030708,0.04034935658,0.1071030708,0,0,0,0,2007_2009,0,0,
HWM_RESERVE,SSO,LAG1,50,staged,0.15,0.1,rule,2005-10-31,2006-05-23,140,0.1139375142,0.06211803641,0.1139375142,0,0,0,0,2007_2009,0,0,
HWM_RESERVE,SSO,LAG1,50,staged,0.15,0.1,rule,2006-08-15,2007-08-03,243,0.1935668116,0.1865045196,0.1935668116,0,0,0,0,2007_2009,0,0,
HWM_RESERVE,SSO,LAG1,50,staged,0.15,0.1,rule,2009-07-13,2010-05-20,216,0.4859356457,0.4010483247,0.4859356457,0,0,0,0,2020,0.04021387379,0.00657049898,6.120368318
HWM_RESERVE,SSO,LAG1,50,staged,0.15,0.1,rule,2010-09-13,2011-08-02,224,0.2852455554,0.2484732169,0.2852455554,0,0,0,0,2020,0.04021387379,0.00657049898,6.120368318
HWM_RESERVE,SSO,LAG1,50,staged,0.15,0.1,rule,2012-01-03,2012-06-01,104,0.00697061648,0.002856817937,0.00697061648,0,0,0,0,2020,0.04021387379,0.00657049898,6.120368318
HWM_RESERVE,SSO,LAG1,50,staged,0.15,0.1,rule,2012-06-06,2012-11-08,107,0.2427539168,0.09661435562,0.2427539168,0,0,0,0,2020,0.04021387379,0.00657049898,6.120368318
HWM_RESERVE,SSO,LAG1,50,staged,0.15,0.1,rule,2012-11-19,2014-10-13,477,0.3918928964,0.8709853774,0.3912219098,-0.0009148622421,0.1283106022,0.004279722241,1.283106022,2020,0.04021387379,0.00657049898,6.120368318
HWM_RESERVE,SSO,LAG1,50,staged,0.15,0.1,rule,2014-10-21,2015-07-08,178,0.1666153203,0.1161619414,0.1669373802,0.0001964862606,0.1174687158,0.007397110323,1.174687158,2020,0.04021387379,0.00657049898,6.120368318
HWM_RESERVE,SSO,LAG1,50,staged,0.15,0.1,rule,2016-03-16,2016-06-27,71,-0.09922535768,-0.02903516657,-0.09921297253,3.877298818e-06,0,0,0,2020,0.04021387379,0.00657049898,6.120368318
HWM_RESERVE,SSO,LAG1,50,staged,0.15,0.1,rule,2016-06-28,2018-04-02,442,0.31517374,0.6183953004,0.3145239772,-0.0008699610219,0.8144957037,0.02290241536,8.144957037,2020,0.04021387379,0.00657049898,6.120368318
HWM_RESERVE,SSO,LAG1,50,staged,0.15,0.1,rule,2018-04-03,2018-10-11,134,0.1571931591,0.08033189087,0.1592351727,0.000921962019,0.03910955735,0.002635914591,0.3910955735,2020,0.04021387379,0.00657049898,6.120368318
HWM_RESERVE,SSO,LAG1,50,staged,0.15,0.1,rule,2019-06-04,2020-02-27,185,0.1593430117,0.112134158,0.1558630492,-0.002205767875,0.2325643379,0.009246757266,2.325643379,2020,0.04021387379,0.00657049898,6.120368318
HWM_RESERVE,SSO,LAG1,50,staged,0.15,0.1,rule,2020-06-29,2022-01-21,395,0.5759222665,1.044212059,0.5799133834,0.003954177734,1.779630948,0.01921735568,17.79630948,2022,0.6435011826,0.6812474438,0.9445924361
HWM_RESERVE,SSO,LAG1,50,staged,0.15,0.1,rule,2023-03-20,2023-10-20,149,0.1856293645,0.1049829843,0.1857640196,6.653843654e-05,0,0,0,,,,
HWM_RESERVE,SSO,LAG1,50,staged,0.15,0.1,rule,2023-11-02,2025-03-10,336,0.3956329359,0.5661490097,0.3933307302,-0.002232893864,1.165041784,0.01168728425,11.65041784,,,,
HWM_RESERVE,SSO,LAG1,50,staged,0.15,0.1,rule,2025-05-12,2026-03-19,214,0.2719674003,0.2274884793,0.2721706852,0.0001360707143,0.9482577186,0.01306325755,9.482577186,,,,
HWM_RESERVE,SSO,LAG1,50,staged,0.15,0.1,rule,2026-04-08,2026-09-02,102,0.7284113401,0.2487684871,0.7367130291,0.00192843751,0.9623626804,0.01909206393,11.56339837,,,,
ASYMMETRIC_RESERVE_BAND,SSO,LAG1,50,staged,0.2,0.1,rule,1986-11-20,1987-10-15,227,0.2429976513,0.2244032418,0.2520226839,0.0065164678,0.2016614365,0.093623169,0.4941265171,1987,0.06925468107,0.03828835186,1.808766314
ASYMMETRIC_RESERVE_BAND,SSO,LAG1,50,staged,0.2,0.1,rule,1988-11-22,1990-01-22,293,0.3688120748,0.4224475073,0.3527340358,-0.0137807167,0.162352054,0.06198391725,0.1625150807,2000_2002,0,0.3765844137,0
ASYMMETRIC_RESERVE_BAND,SSO,LAG1,50,staged,0.2,0.1,rule,1990-05-08,1990-08-03,61,-0.003820847527,-0.0002141155239,-0.000898608295,0.0006977038724,0,0,0,2000_2002,0,0.3765844137,0
ASYMMETRIC_RESERVE_BAND,SSO,LAG1,50,staged,0.2,0.1,rule,1991-01-24,1991-11-19,208,0.3238634439,0.2535656866,0.3179342213,-0.003674598432,0.3593921256,0.1498806725,0.1570811287,2000_2002,0,0.3765844137,0
ASYMMETRIC_RESERVE_BAND,SSO,LAG1,50,staged,0.2,0.1,rule,1991-12-13,1992-04-08,80,0.1299522505,0.04314808872,0.1409650588,0.003106889403,0.1461974995,0.1741072446,0.1731800223,2000_2002,0,0.3765844137,0
ASYMMETRIC_RESERVE_BAND,SSO,LAG1,50,staged,0.2,0.1,rule,1992-06-19,1992-10-02,73,0.1138907184,0.02980690151,0.1075719657,-0.00163539467,0.2073222774,0.3175058765,0,2000_2002,0,0.3765844137,0
ASYMMETRIC_RESERVE_BAND,SSO,LAG1,50,staged,0.2,0.1,rule,1992-10-19,1994-03-25,363,0.1509648685,0.2344893338,0.158816979,0.009716892199,0.4258101554,0.1323988642,0.4821120776,2000_2002,0,0.3765844137,0
ASYMMETRIC_RESERVE_BAND,SSO,LAG1,50,staged,0.2,0.1,rule,1994-12-21,1996-07-15,394,0.415263086,0.7790724793,0.4446441637,0.03217857825,0.4894882129,0.07887587937,1.638667872,2000_2002,0,0.3765844137,0
ASYMMETRIC_RESERVE_BAND,SSO,LAG1,50,staged,0.2,0.1,rule,1996-07-30,1998-08-27,525,0.4870178592,1.369715634,0.51548341,0.0393512363,1.289471968,0.04869331228,5.996031826,2000_2002,0,0.3765844137,0
ASYMMETRIC_RESERVE_BAND,SSO,LAG1,50,staged,0.2,0.1,rule,1998-10-29,1999-09-23,226,0.3470197639,0.298916514,0.3368906577,-0.006798934165,2.017663641,0.09411326349,2.231790651,2000_2002,0,0.3765844137,0
ASYMMETRIC_RESERVE_BAND,SSO,LAG1,50,staged,0.2,0.1,rule,1999-10-28,2000-02-18,78,-0.08527384595,-0.02354871882,-0.07413522974,0.003744531431,0,0,0,2000_2002,0,0.3765844137,0
ASYMMETRIC_RESERVE_BAND,SSO,LAG1,50,staged,0.2,0.1,rule,2003-04-17,2004-07-16,313,0.3833235939,0.4994697263,0.3833235939,0,0,0,0,2007_2009,0.01736649028,-0.1169777139,
ASYMMETRIC_RESERVE_BAND,SSO,LAG1,50,staged,0.2,0.1,rule,2004-10-27,2005-04-15,117,0.04506823385,0.02072930098,0.04506823385,0,0,0,0,2007_2009,0.01736649028,-0.1169777139,
ASYMMETRIC_RESERVE_BAND,SSO,LAG1,50,staged,0.2,0.1,rule,2005-05-16,2005-10-05,99,0.1071030708,0.04034935658,0.1071030708,0,0,0,0,2007_2009,0.01736649028,-0.1169777139,
ASYMMETRIC_RESERVE_BAND,SSO,LAG1,50,staged,0.2,0.1,rule,2005-10-31,2006-05-23,140,0.1139375142,0.06211803641,0.1139375142,0,0,0,0,2007_2009,0.01736649028,-0.1169777139,
ASYMMETRIC_RESERVE_BAND,SSO,LAG1,50,staged,0.2,0.1,rule,2006-08-15,2007-08-03,243,0.2145916655,0.1865045196,0.1935668116,-0.01687615218,0.8850008937,0.09313586938,0,2007_2009,0.01736649028,-0.1169777139,
ASYMMETRIC_RESERVE_BAND,SSO,LAG1,50,staged,0.2,0.1,rule,2009-07-13,2010-05-20,216,0.4855990693,0.4010483247,0.4859356457,0.0001928870435,0,0,0,2020,-0.04090412882,1.60820067,-0.02543471695
ASYMMETRIC_RESERVE_BAND,SSO,LAG1,50,staged,0.2,0.1,rule,2010-09-13,2011-08-02,224,0.2852455554,0.2484732169,0.2852455554,0,0,0,0,2020,-0.04090412882,1.60820067,-0.02543471695
ASYMMETRIC_RESERVE_BAND,SSO,LAG1,50,staged,0.2,0.1,rule,2012-01-03,2012-06-01,104,0.00697061648,0.002856817937,0.00697061648,0,0,0,0,2020,-0.04090412882,1.60820067,-0.02543471695
ASYMMETRIC_RESERVE_BAND,SSO,LAG1,50,staged,0.2,0.1,rule,2012-06-06,2012-11-08,107,0.2771571809,0.09661435562,0.2427539168,-0.01158811736,0.733593723,0.1632325073,0,2020,-0.04090412882,1.60820067,-0.02543471695
ASYMMETRIC_RESERVE_BAND,SSO,LAG1,50,staged,0.2,0.1,rule,2012-11-19,2014-10-13,477,0.3548661922,0.8709853774,0.3912219098,0.0502408105,1.296233283,0.04924936229,1.031541612,2020,-0.04090412882,1.60820067,-0.02543471695
ASYMMETRIC_RESERVE_BAND,SSO,LAG1,50,staged,0.2,0.1,rule,2014-10-21,2015-07-08,178,0.1697434845,0.1161619414,0.1669373802,-0.001709691427,2.496932758,0.1822388526,1.093973016,2020,-0.04090412882,1.60820067,-0.02543471695
ASYMMETRIC_RESERVE_BAND,SSO,LAG1,50,staged,0.2,0.1,rule,2016-03-16,2016-06-27,71,-0.09949606707,-0.02903516657,-0.09921297253,8.863895374e-05,0,0,0,2020,-0.04090412882,1.60820067,-0.02543471695
ASYMMETRIC_RESERVE_BAND,SSO,LAG1,50,staged,0.2,0.1,rule,2016-06-28,2018-04-02,442,0.2961960416,0.6183953004,0.3145239772,0.02471787486,1.354029103,0.04334924398,7.03716122,2020,-0.04090412882,1.60820067,-0.02543471695
ASYMMETRIC_RESERVE_BAND,SSO,LAG1,50,staged,0.2,0.1,rule,2018-04-03,2018-10-11,134,0.1856790896,0.08033189087,0.1592351727,-0.0117947941,2.183396597,0.1644210681,0.4516552627,2020,-0.04090412882,1.60820067,-0.02543471695
ASYMMETRIC_RESERVE_BAND,SSO,LAG1,50,staged,0.2,0.1,rule,2019-06-04,2020-02-27,185,0.1729421338,0.112134158,0.1558630492,-0.01076251531,2.109590136,0.09373970341,2.20916265,2020,-0.04090412882,1.60820067,-0.02543471695
ASYMMETRIC_RESERVE_BAND,SSO,LAG1,50,staged,0.2,0.1,rule,2020-06-29,2022-01-21,395,0.5456125091,1.044212059,0.5799133834,0.03431432063,2.408364505,0.02939923429,15.93586948,2022,-0.2380401503,2.407576369,-0.09887127709
ASYMMETRIC_RESERVE_BAND,SSO,LAG1,50,staged,0.2,0.1,rule,2023-03-20,2023-10-20,149,0.1855638825,0.1049829843,0.1857640196,9.889843736e-05,0,0,0,,,,
ASYMMETRIC_RESERVE_BAND,SSO,LAG1,50,staged,0.2,0.1,rule,2023-11-02,2025-03-10,336,0.3840869119,0.5661490097,0.3933307302,0.009002819341,3.697005053,0.04383579901,9.66518456,,,,
ASYMMETRIC_RESERVE_BAND,SSO,LAG1,50,staged,0.2,0.1,rule,2025-05-12,2026-03-19,214,0.2654948579,0.2274884793,0.2721706852,0.004479936648,9.233002909,0.1526213992,8.241933035,,,,
ASYMMETRIC_RESERVE_BAND,SSO,LAG1,50,staged,0.2,0.1,rule,2026-04-08,2026-09-02,102,0.6899683583,0.2487684871,0.7367130291,0.01098101353,11.22447967,0.265788753,9.947577863,,,,
HWM_DRAWDOWN,SSO,LAG1,50,drawdown,0.15,0.1,rule,1986-11-20,1987-10-15,227,0.2551609727,0.2244032418,0.2520226839,-0.002254979768,0.05202424633,0.02261902535,0.5202424633,1987,0.03850928806,0.01211923332,3.177535002
HWM_DRAWDOWN,SSO,LAG1,50,drawdown,0.15,0.1,rule,1988-11-22,1990-01-22,293,0.3452955112,0.4224475073,0.3527340358,0.006431178639,0.0135393932,0.005079420263,0.135393932,2000_2002,0.5656079004,0.5436845092,1.040323737
HWM_DRAWDOWN,SSO,LAG1,50,drawdown,0.15,0.1,rule,1990-05-08,1990-08-03,61,0.002136049049,-0.0002141155239,-0.000898608295,-0.0007223877909,0,0,0,2000_2002,0.5656079004,0.5436845092,1.040323737
HWM_DRAWDOWN,SSO,LAG1,50,drawdown,0.15,0.1,rule,1991-01-24,1991-11-19,208,0.3085037185,0.2535656866,0.3179342213,0.00587868962,0.01321249718,0.005500139334,0.1321249718,2000_2002,0.5656079004,0.5436845092,1.040323737
HWM_DRAWDOWN,SSO,LAG1,50,drawdown,0.15,0.1,rule,1991-12-13,1992-04-08,80,0.1400859616,0.04314808872,0.1409650588,0.0002469036535,0.0169439699,0.01985483461,0.169439699,2000_2002,0.5656079004,0.5436845092,1.040323737
HWM_DRAWDOWN,SSO,LAG1,50,drawdown,0.15,0.1,rule,1992-06-19,1992-10-02,73,0.1039274184,0.02980690151,0.1075719657,0.0009475153148,0,0,0,2000_2002,0.5656079004,0.5436845092,1.040323737
HWM_DRAWDOWN,SSO,LAG1,50,drawdown,0.15,0.1,rule,1992-10-19,1994-03-25,363,0.1532307746,0.2344893338,0.158816979,0.006906072597,0.04804377548,0.01457492506,0.4804377548,2000_2002,0.5656079004,0.5436845092,1.040323737
HWM_DRAWDOWN,SSO,LAG1,50,drawdown,0.15,0.1,rule,1994-12-21,1996-07-15,394,0.4188865056,0.7790724793,0.4446441637,0.02817422948,0.1646033394,0.02664428685,1.646033394,2000_2002,0.5656079004,0.5436845092,1.040323737
HWM_DRAWDOWN,SSO,LAG1,50,drawdown,0.15,0.1,rule,1996-07-30,1998-08-27,525,0.4739110471,1.369715634,0.51548341,0.05772427153,0.5825362827,0.02263451599,5.825362827,2000_2002,0.5656079004,0.5436845092,1.040323737
HWM_DRAWDOWN,SSO,LAG1,50,drawdown,0.15,0.1,rule,1998-10-29,1999-09-23,226,0.3053286288,0.298916514,0.3368906577,0.02152050122,0.1859944647,0.009282525524,1.859944647,2000_2002,0.5656079004,0.5436845092,1.040323737
HWM_DRAWDOWN,SSO,LAG1,50,drawdown,0.15,0.1,rule,1999-10-28,2000-02-18,78,-0.05960764281,-0.02354871882,-0.07413522974,-0.004816693263,0,0,0,2000_2002,0.5656079004,0.5436845092,1.040323737
HWM_DRAWDOWN,SSO,LAG1,50,drawdown,0.15,0.1,rule,2003-04-17,2004-07-16,313,0.3593774771,0.4994697263,0.3833235939,0.02180079194,0,0,0,2007_2009,0.2197026626,0.01059519169,20.73607247
HWM_DRAWDOWN,SSO,LAG1,50,drawdown,0.15,0.1,rule,2004-10-27,2005-04-15,117,0.04412161188,0.02072930098,0.04506823385,0.0004217813714,0,0,0,2007_2009,0.2197026626,0.01059519169,20.73607247
HWM_DRAWDOWN,SSO,LAG1,50,drawdown,0.15,0.1,rule,2005-05-16,2005-10-05,99,0.1036441395,0.04034935658,0.1071030708,0.001216553799,0,0,0,2007_2009,0.2197026626,0.01059519169,20.73607247
HWM_DRAWDOWN,SSO,LAG1,50,drawdown,0.15,0.1,rule,2005-10-31,2006-05-23,140,0.1108310965,0.06211803641,0.1139375142,0.00155971494,0,0,0,2007_2009,0.2197026626,0.01059519169,20.73607247
HWM_DRAWDOWN,SSO,LAG1,50,drawdown,0.15,0.1,rule,2006-08-15,2007-08-03,243,0.187325905,0.1865045196,0.1935668116,0.005066678263,0,0,0,2007_2009,0.2197026626,0.01059519169,20.73607247
HWM_DRAWDOWN,SSO,LAG1,50,drawdown,0.15,0.1,rule,2009-07-13,2010-05-20,216,0.4859356457,0.4010483247,0.4859356457,0,0,0,0,2020,0.90319358,0.6108538362,1.478575604
HWM_DRAWDOWN,SSO,LAG1,50,drawdown,0.15,0.1,rule,2010-09-13,2011-08-02,224,0.2852455554,0.2484732169,0.2852455554,0,0,0,0,2020,0.90319358,0.6108538362,1.478575604
HWM_DRAWDOWN,SSO,LAG1,50,drawdown,0.15,0.1,rule,2012-01-03,2012-06-01,104,0.00697061648,0.002856817937,0.00697061648,0,0,0,0,2020,0.90319358,0.6108538362,1.478575604
HWM_DRAWDOWN,SSO,LAG1,50,drawdown,0.15,0.1,rule,2012-06-06,2012-11-08,107,0.2427539168,0.09661435562,0.2427539168,0,0,0,0,2020,0.90319358,0.6108538362,1.478575604
HWM_DRAWDOWN,SSO,LAG1,50,drawdown,0.15,0.1,rule,2012-11-19,2014-10-13,477,0.3916110577,0.8709853774,0.3912219098,-0.0005306407088,0.3202748057,0.01031003708,3.202748057,2020,0.90319358,0.6108538362,1.478575604
HWM_DRAWDOWN,SSO,LAG1,50,drawdown,0.15,0.1,rule,2014-10-21,2015-07-08,178,0.1634287434,0.1161619414,0.1669373802,0.002143520824,0.1182680615,0.007329874044,1.182680615,2020,0.90319358,0.6108538362,1.478575604
HWM_DRAWDOWN,SSO,LAG1,50,drawdown,0.15,0.1,rule,2016-03-16,2016-06-27,71,-0.09611147963,-0.02903516657,-0.09921297253,-0.0009692796179,0,0,0,2020,0.90319358,0.6108538362,1.478575604
HWM_DRAWDOWN,SSO,LAG1,50,drawdown,0.15,0.1,rule,2016-06-28,2018-04-02,442,0.3062779733,0.6183953004,0.3145239772,0.01107800383,0.824756578,0.02292072918,8.24756578,2020,0.90319358,0.6108538362,1.478575604
HWM_DRAWDOWN,SSO,LAG1,50,drawdown,0.15,0.1,rule,2018-04-03,2018-10-11,134,0.1508421327,0.08033189087,0.1592351727,0.00379986205,0.02332589877,0.001603474782,0.2332589877,2020,0.90319358,0.6108538362,1.478575604
HWM_DRAWDOWN,SSO,LAG1,50,drawdown,0.15,0.1,rule,2019-06-04,2020-02-27,185,0.150440167,0.112134158,0.1558630492,0.00345055639,0.2312212809,0.00943955326,2.312212809,2020,0.90319358,0.6108538362,1.478575604
HWM_DRAWDOWN,SSO,LAG1,50,drawdown,0.15,0.1,rule,2020-06-29,2022-01-21,395,0.5554627112,1.044212059,0.5799133834,0.02438292736,1.832207423,0.0196698759,18.32207423,2022,0.02037591142,1.764712805,0.01154630451
HWM_DRAWDOWN,SSO,LAG1,50,drawdown,0.15,0.1,rule,2023-03-20,2023-10-20,149,0.176622117,0.1049829843,0.1857640196,0.004534625388,0,0,0,,,,
HWM_DRAWDOWN,SSO,LAG1,50,drawdown,0.15,0.1,rule,2023-11-02,2025-03-10,336,0.3748239284,0.5661490097,0.3933307302,0.01808482101,1.161823296,0.01188213882,11.61823296,,,,
HWM_DRAWDOWN,SSO,LAG1,50,drawdown,0.15,0.1,rule,2025-05-12,2026-03-19,214,0.2577362119,0.2274884793,0.2721706852,0.009716308038,0.9055110124,0.01299254987,9.055110124,,,,
HWM_DRAWDOWN,SSO,LAG1,50,drawdown,0.15,0.1,rule,2026-04-08,2026-09-02,102,0.6782652031,0.2487684871,0.7367130291,0.013777802,1.09704417,0.02306094033,10.9704417,,,,
BAND_DRAWDOWN,SSO,LAG1,50,drawdown,0.2,0.1,rule,1986-11-20,1987-10-15,227,0.2336522515,0.2244032418,0.2520226839,0.01331430872,0,0,0.4872881457,1987,0.08323647501,0.04549870068,1.829425319
BAND_DRAWDOWN,SSO,LAG1,50,drawdown,0.2,0.1,rule,1988-11-22,1990-01-22,293,0.3477167767,0.4224475073,0.3527340358,0.004333912376,0.09675261463,0.03841810965,0.1409241175,2000_2002,0.4164267796,0.5754014546,0.7237152015
BAND_DRAWDOWN,SSO,LAG1,50,drawdown,0.2,0.1,rule,1990-05-08,1990-08-03,61,0.008356242106,-0.0002141155239,-0.000898608295,-0.002196266894,0,0,0,2000_2002,0.4164267796,0.5754014546,0.7237152015
BAND_DRAWDOWN,SSO,LAG1,50,drawdown,0.2,0.1,rule,1991-01-24,1991-11-19,208,0.2862191265,0.2535656866,0.3179342213,0.01994030938,0,0,0.1400762872,2000_2002,0.4164267796,0.5754014546,0.7237152015
BAND_DRAWDOWN,SSO,LAG1,50,drawdown,0.2,0.1,rule,1991-12-13,1992-04-08,80,0.1306118948,0.04314808872,0.1409650588,0.002919942366,0,0,0.1585583254,2000_2002,0.4164267796,0.5754014546,0.7237152015
BAND_DRAWDOWN,SSO,LAG1,50,drawdown,0.2,0.1,rule,1992-06-19,1992-10-02,73,0.1002161648,0.02980690151,0.1075719657,0.001915593037,0,0,0,2000_2002,0.4164267796,0.5754014546,0.7237152015
BAND_DRAWDOWN,SSO,LAG1,50,drawdown,0.2,0.1,rule,1992-10-19,1994-03-25,363,0.1472543386,0.2344893338,0.158816979,0.01433171614,0,0,0.46083642,2000_2002,0.4164267796,0.5754014546,0.7237152015
BAND_DRAWDOWN,SSO,LAG1,50,drawdown,0.2,0.1,rule,1994-12-21,1996-07-15,394,0.4179513262,0.7790724793,0.4446441637,0.02920674419,0.1908005983,0.03184017934,1.609758424,2000_2002,0.4164267796,0.5754014546,0.7237152015
BAND_DRAWDOWN,SSO,LAG1,50,drawdown,0.2,0.1,rule,1996-07-30,1998-08-27,525,0.4758921254,1.369715634,0.51548341,0.05493675373,0.4147400446,0.01614769947,5.788534728,2000_2002,0.4164267796,0.5754014546,0.7237152015
BAND_DRAWDOWN,SSO,LAG1,50,drawdown,0.2,0.1,rule,1998-10-29,1999-09-23,226,0.3050773641,0.298916514,0.3368906577,0.02169390519,0,0,1.863932068,2000_2002,0.4164267796,0.5754014546,0.7237152015
BAND_DRAWDOWN,SSO,LAG1,50,drawdown,0.2,0.1,rule,1999-10-28,2000-02-18,78,-0.06323365234,-0.02354871882,-0.07413522974,-0.003621476423,0,0,0,2000_2002,0.4164267796,0.5754014546,0.7237152015
BAND_DRAWDOWN,SSO,LAG1,50,drawdown,0.2,0.1,rule,2003-04-17,2004-07-16,313,0.3649174293,0.4994697263,0.3833235939,0.016723208,0,0,0,2007_2009,0.6379575341,-0.05765014275,
BAND_DRAWDOWN,SSO,LAG1,50,drawdown,0.2,0.1,rule,2004-10-27,2005-04-15,117,0.04434384375,0.02072930098,0.04506823385,0.0003227283452,0,0,0,2007_2009,0.6379575341,-0.05765014275,
BAND_DRAWDOWN,SSO,LAG1,50,drawdown,0.2,0.1,rule,2005-05-16,2005-10-05,99,0.1044557463,0.04034935658,0.1071030708,0.0009307584797,0,0,0,2007_2009,0.6379575341,-0.05765014275,
BAND_DRAWDOWN,SSO,LAG1,50,drawdown,0.2,0.1,rule,2005-10-31,2006-05-23,140,0.1115610825,0.06211803641,0.1139375142,0.001192801369,0,0,0,2007_2009,0.6379575341,-0.05765014275,
BAND_DRAWDOWN,SSO,LAG1,50,drawdown,0.2,0.1,rule,2006-08-15,2007-08-03,243,0.2043448992,0.1865045196,0.1935668116,-0.008688122182,0.6689267184,0.07084037802,0,2007_2009,0.6379575341,-0.05765014275,
BAND_DRAWDOWN,SSO,LAG1,50,drawdown,0.2,0.1,rule,2009-07-13,2010-05-20,216,0.4859356457,0.4010483247,0.4859356457,0,0,0,0,2020,0.3955664558,2.359152366,0.1676731276
BAND_DRAWDOWN,SSO,LAG1,50,drawdown,0.2,0.1,rule,2010-09-13,2011-08-02,224,0.2852455554,0.2484732169,0.2852455554,0,0,0,0,2020,0.3955664558,2.359152366,0.1676731276
BAND_DRAWDOWN,SSO,LAG1,50,drawdown,0.2,0.1,rule,2012-01-03,2012-06-01,104,0.00697061648,0.002856817937,0.00697061648,0,0,0,0,2020,0.3955664558,2.359152366,0.1676731276
BAND_DRAWDOWN,SSO,LAG1,50,drawdown,0.2,0.1,rule,2012-06-06,2012-11-08,107,0.2771571809,0.09661435562,0.2427539168,-0.01158811736,0.8080657234,0.1632325073,0,2020,0.3955664558,2.359152366,0.1676731276
BAND_DRAWDOWN,SSO,LAG1,50,drawdown,0.2,0.1,rule,2012-11-19,2014-10-13,477,0.3534027941,0.8709853774,0.3912219098,0.05229123467,0,0,3.068916632,2020,0.3955664558,2.359152366,0.1676731276
BAND_DRAWDOWN,SSO,LAG1,50,drawdown,0.2,0.1,rule,2014-10-21,2015-07-08,178,0.1628785286,0.1161619414,0.1669373802,0.002480248098,0.7981373579,0.05222287467,1.123035181,2020,0.3955664558,2.359152366,0.1676731276
BAND_DRAWDOWN,SSO,LAG1,50,drawdown,0.2,0.1,rule,2016-03-16,2016-06-27,71,-0.08776482554,-0.02903516657,-0.09921297253,-0.003561351518,0,0,0,2020,0.3955664558,2.359152366,0.1676731276
BAND_DRAWDOWN,SSO,LAG1,50,drawdown,0.2,0.1,rule,2016-06-28,2018-04-02,442,0.2816620215,0.6183953004,0.3145239772,0.04456886166,0,0,7.74468318,2020,0.3955664558,2.359152366,0.1676731276
BAND_DRAWDOWN,SSO,LAG1,50,drawdown,0.2,0.1,rule,2018-04-03,2018-10-11,134,0.1484353097,0.08033189087,0.1592351727,0.004894640082,0,0,0.227150897,2020,0.3955664558,2.359152366,0.1676731276
BAND_DRAWDOWN,SSO,LAG1,50,drawdown,0.2,0.1,rule,2019-06-04,2020-02-27,185,0.1452186089,0.112134158,0.1558630492,0.006788416237,0,0,2.232681835,2020,0.3955664558,2.359152366,0.1676731276
BAND_DRAWDOWN,SSO,LAG1,50,drawdown,0.2,0.1,rule,2020-06-29,2022-01-21,395,0.5360580447,1.044212059,0.5799133834,0.04400819543,1.825553198,0.02096738098,16.86368203,2022,-0.5680231989,2.873294676,-0.197690548
BAND_DRAWDOWN,SSO,LAG1,50,drawdown,0.2,0.1,rule,2023-03-20,2023-10-20,149,0.1761809084,0.1049829843,0.1857640196,0.004754366811,0,0,0,,,,
BAND_DRAWDOWN,SSO,LAG1,50,drawdown,0.2,0.1,rule,2023-11-02,2025-03-10,336,0.3678738499,0.5661490097,0.3933307302,0.02493937813,2.036373064,0.02274403509,10.49682812,,,,
BAND_DRAWDOWN,SSO,LAG1,50,drawdown,0.2,0.1,rule,2025-05-12,2026-03-19,214,0.2507462941,0.2274884793,0.2721706852,0.01446159278,0,0,8.418546311,,,,
BAND_DRAWDOWN,SSO,LAG1,50,drawdown,0.2,0.1,rule,2026-04-08,2026-09-02,102,0.6760610949,0.2487684871,0.7367130291,0.01430671564,0,0,10.3136964,,,,
NO_RESERVE,SSO,LAG2,0,staged,0.15,0.1,rule,1986-11-21,1987-10-16,227,0.07708677895,0.06917773775,0.07708677895,0,0,0,0.5340657636,1987,0,0,
NO_RESERVE,SSO,LAG2,0,staged,0.15,0.1,rule,1988-11-23,1990-01-23,293,0.3514632225,0.420889064,0.3514632225,0,0,0,0.2044809557,2000_2002,0,0,
NO_RESERVE,SSO,LAG2,0,staged,0.15,0.1,rule,1990-05-09,1990-08-06,61,-0.224824283,-0.06016789097,-0.224824283,0,0,0,0,2000_2002,0,0,
NO_RESERVE,SSO,LAG2,0,staged,0.15,0.1,rule,1991-01-25,1991-11-20,208,0.3062983216,0.2444982796,0.3062983216,0,0,0,0.1684108977,2000_2002,0,0,
NO_RESERVE,SSO,LAG2,0,staged,0.15,0.1,rule,1991-12-16,1992-04-09,80,0.2827264543,0.08154928183,0.2827264543,0,0,0,0.2052491207,2000_2002,0,0,
NO_RESERVE,SSO,LAG2,0,staged,0.15,0.1,rule,1992-06-22,1992-10-05,73,0.08149345487,0.02277710245,0.08149345487,0,0,0,0.03161505628,2000_2002,0,0,
NO_RESERVE,SSO,LAG2,0,staged,0.15,0.1,rule,1992-10-20,1994-03-28,363,0.1579348639,0.2341370955,0.1579348639,0,0,0,0.6070459386,2000_2002,0,0,
NO_RESERVE,SSO,LAG2,0,staged,0.15,0.1,rule,1994-12-22,1996-07-16,394,0.4448439906,0.7794578774,0.4448439906,0,0,0,2.330981783,2000_2002,0,0,
NO_RESERVE,SSO,LAG2,0,staged,0.15,0.1,rule,1996-07-31,1998-08-28,525,0.4865289483,1.276721084,0.4865289483,0,0,0,8.397544176,2000_2002,0,0,
NO_RESERVE,SSO,LAG2,0,staged,0.15,0.1,rule,1998-10-30,1999-09-24,226,0.3032329804,0.269423275,0.3032329804,0,0,0,3.655845938,2000_2002,0,0,
NO_RESERVE,SSO,LAG2,0,staged,0.15,0.1,rule,1999-10-29,2000-02-22,78,-0.1196478319,-0.03966357893,-0.1196478319,0,0,0,0,2000_2002,0,0,
NO_RESERVE,SSO,LAG2,0,staged,0.15,0.1,rule,2003-04-21,2004-07-19,313,0.3929264866,0.5111046308,0.3929264866,0,0,0,0,2007_2009,0,0,
NO_RESERVE,SSO,LAG2,0,staged,0.15,0.1,rule,2004-10-28,2005-04-18,117,0.05875438732,0.02725041829,0.05875438732,0,0,0,0,2007_2009,0,0,
NO_RESERVE,SSO,LAG2,0,staged,0.15,0.1,rule,2005-05-17,2005-10-06,99,0.05892008983,0.02250674415,0.05892008983,0,0,0,0,2007_2009,0,0,
NO_RESERVE,SSO,LAG2,0,staged,0.15,0.1,rule,2005-11-01,2006-05-24,140,0.1448221565,0.07846599004,0.1448221565,0,0,0,0,2007_2009,0,0,
NO_RESERVE,SSO,LAG2,0,staged,0.15,0.1,rule,2006-08-16,2007-08-06,243,0.2376172978,0.2302351237,0.2376172978,0,0,0,2.858893149,2007_2009,0,0,
NO_RESERVE,SSO,LAG2,0,staged,0.15,0.1,rule,2009-07-14,2010-05-21,216,0.5285397899,0.435180143,0.5285397899,0,0,0,0,2020,0,0,
NO_RESERVE,SSO,LAG2,0,staged,0.15,0.1,rule,2010-09-14,2011-08-03,224,0.3104010723,0.2700581297,0.3104010723,0,0,0,0,2020,0,0,
NO_RESERVE,SSO,LAG2,0,staged,0.15,0.1,rule,2012-01-04,2012-06-04,104,0.01754426649,0.007264054019,0.01754426649,0,0,0,0.5582179868,2020,0,0,
NO_RESERVE,SSO,LAG2,0,staged,0.15,0.1,rule,2012-06-07,2012-11-09,107,0.2682413527,0.106102749,0.2682413527,0,0,0,0.8669389365,2020,0,0,
NO_RESERVE,SSO,LAG2,0,staged,0.15,0.1,rule,2012-11-20,2014-10-14,477,0.396131631,0.8835329827,0.396131631,0,0,0,20.10992172,2020,0,0,
NO_RESERVE,SSO,LAG2,0,staged,0.15,0.1,rule,2014-10-22,2015-07-09,178,0.2069751074,0.1432895285,0.2069751074,0,0,0,4.204216268,2020,0,0,
NO_RESERVE,SSO,LAG2,0,staged,0.15,0.1,rule,2016-03-17,2016-06-28,71,-0.007861046498,-0.002223088756,-0.007861046498,0,0,0,0,2020,0,0,
NO_RESERVE,SSO,LAG2,0,staged,0.15,0.1,rule,2016-06-29,2018-04-03,442,0.3117121734,0.6123059855,0.3117121734,0,0,0,28.51412687,2020,0,0,
NO_RESERVE,SSO,LAG2,0,staged,0.15,0.1,rule,2018-04-04,2018-10-12,134,0.1821033976,0.0914244694,0.1821033976,0,0,0,1.519215001,2020,0,0,
NO_RESERVE,SSO,LAG2,0,staged,0.15,0.1,rule,2019-06-05,2020-02-28,185,0.113064958,0.08176803861,0.113064958,0,0,0,18.25391341,2020,0,0,
NO_RESERVE,SSO,LAG2,0,staged,0.15,0.1,rule,2020-06-30,2022-01-24,395,0.5573610021,1.003632715,0.5573610021,0,0,0,87.41384618,2022,0,0,
NO_RESERVE,SSO,LAG2,0,staged,0.15,0.1,rule,2023-03-21,2023-10-23,149,0.1357769758,0.07819912798,0.1357769758,0,0,0,0,,,,
NO_RESERVE,SSO,LAG2,0,staged,0.15,0.1,rule,2023-11-03,2025-03-11,336,0.3638719819,0.5215319412,0.3638719819,0,0,0,61.97219423,,,,
NO_RESERVE,SSO,LAG2,0,staged,0.15,0.1,rule,2025-05-13,2026-03-20,214,0.2136307137,0.1792267335,0.2136307137,0,0,0,40.75423556,,,,
NO_RESERVE,SSO,LAG2,0,staged,0.15,0.1,rule,2026-04-09,2026-09-02,101,0.7119989404,0.2397595627,0.7119989404,0,0,0,46.493213,,,,
FIXED_90_10,SSO,LAG2,0,staged,0.15,0.1,quarterly,1986-11-21,1987-10-16,227,0.08729389768,0.06917773775,0.07708677895,-0.008495880737,0.05275464703,0.0251717724,0.4825200317,1987,0.07804987442,0.05193887987,1.502725407
FIXED_90_10,SSO,LAG2,0,staged,0.15,0.1,quarterly,1988-11-23,1990-01-23,293,0.3263338751,0.420889064,0.3514632225,0.02189100315,0.05201003944,0.02013592816,0.2222636687,2000_2002,0.3495943473,1.685837796,0.2073712833
FIXED_90_10,SSO,LAG2,0,staged,0.15,0.1,quarterly,1990-05-09,1990-08-06,61,-0.1939865507,-0.06016789097,-0.224824283,-0.009505685781,0.009815805056,0.01670121157,0,2000_2002,0.3495943473,1.685837796,0.2073712833
FIXED_90_10,SSO,LAG2,0,staged,0.15,0.1,quarterly,1991-01-25,1991-11-20,208,0.2823550539,0.2444982796,0.3062983216,0.01514373022,0.04028862392,0.01690823487,0.1884793754,2000_2002,0.3495943473,1.685837796,0.2073712833
FIXED_90_10,SSO,LAG2,0,staged,0.15,0.1,quarterly,1991-12-16,1992-04-09,80,0.2588990109,0.08154928183,0.2827264543,0.005903590534,0.02031391995,0.02248230993,0.1841611046,2000_2002,0.3495943473,1.685837796,0.2073712833
FIXED_90_10,SSO,LAG2,0,staged,0.15,0.1,quarterly,1992-06-22,1992-10-05,73,0.07681889434,0.02277710245,0.08149345487,0.001245249112,0.006528598464,0.0102690369,0.034161508,2000_2002,0.3495943473,1.685837796,0.2073712833
FIXED_90_10,SSO,LAG2,0,staged,0.15,0.1,quarterly,1992-10-20,1994-03-28,363,0.145032489,0.2341370955,0.1579348639,0.01607524053,0.03931675049,0.01154194748,0.5423950455,2000_2002,0.3495943473,1.685837796,0.2073712833
FIXED_90_10,SSO,LAG2,0,staged,0.15,0.1,quarterly,1994-12-22,1996-07-16,394,0.4043028219,0.7794578774,0.4448439906,0.04457040177,0.2026200527,0.0294128448,2.028091793,2000_2002,0.3495943473,1.685837796,0.2073712833
FIXED_90_10,SSO,LAG2,0,staged,0.15,0.1,quarterly,1996-07-31,1998-08-28,525,0.4422273764,1.276721084,0.4865289483,0.06278819514,0.5578439704,0.01885752972,6.795750381,2000_2002,0.3495943473,1.685837796,0.2073712833
FIXED_90_10,SSO,LAG2,0,staged,0.15,0.1,quarterly,1998-10-30,1999-09-24,226,0.283271536,0.269423275,0.3032329804,0.01390346387,0.4914094584,0.02003083275,2.960417101,2000_2002,0.3495943473,1.685837796,0.2073712833
FIXED_90_10,SSO,LAG2,0,staged,0.15,0.1,quarterly,1999-10-29,2000-02-22,78,-0.0974272341,-0.03966357893,-0.1196478319,-0.007916677014,0.1643177346,0.02228038386,0,2000_2002,0.3495943473,1.685837796,0.2073712833
FIXED_90_10,SSO,LAG2,0,staged,0.15,0.1,quarterly,2003-04-21,2004-07-19,313,0.3529223211,0.5111046308,0.3929264866,0.03630032328,0.4193499573,0.02127361755,0,2007_2009,0.3669925965,0.1842204721,1.992137965
FIXED_90_10,SSO,LAG2,0,staged,0.15,0.1,quarterly,2004-10-28,2005-04-18,117,0.05658898283,0.02725041829,0.05875438732,0.0009641098684,0.09573336573,0.01476440062,0,2007_2009,0.3669925965,0.1842204721,1.992137965
FIXED_90_10,SSO,LAG2,0,staged,0.15,0.1,quarterly,2005-05-17,2005-10-06,99,0.05706305343,0.02250674415,0.05892008983,0.000682395948,0.07465783798,0.01453621482,0,2007_2009,0.3669925965,0.1842204721,1.992137965
FIXED_90_10,SSO,LAG2,0,staged,0.15,0.1,quarterly,2005-11-01,2006-05-24,140,0.1348713375,0.07846599004,0.1448221565,0.004875903107,0.08135793947,0.01035929198,0,2007_2009,0.3669925965,0.1842204721,1.992137965
FIXED_90_10,SSO,LAG2,0,staged,0.15,0.1,quarterly,2006-08-16,2007-08-06,243,0.2191804638,0.2302351237,0.2376172978,0.01458791467,0.3157884937,0.01767131357,2.876297774,2007_2009,0.3669925965,0.1842204721,1.992137965
FIXED_90_10,SSO,LAG2,0,staged,0.15,0.1,quarterly,2009-07-14,2010-05-21,216,0.4737221363,0.435180143,0.5285397899,0.03109712883,0.5093647523,0.02354008422,0,2020,0.0716081503,12.53639584,0.005712020522
FIXED_90_10,SSO,LAG2,0,staged,0.15,0.1,quarterly,2010-09-14,2011-08-03,224,0.2802866906,0.2700581297,0.3104010723,0.02055988741,0.5266256797,0.02539666916,0,2020,0.0716081503,12.53639584,0.005712020522
FIXED_90_10,SSO,LAG2,0,staged,0.15,0.1,quarterly,2012-01-04,2012-06-04,104,0.02570703666,0.007264054019,0.01754426649,-0.003325075059,0.3248863939,0.03617393331,0.8719217048,2020,0.0716081503,12.53639584,0.005712020522
FIXED_90_10,SSO,LAG2,0,staged,0.15,0.1,quarterly,2012-06-07,2012-11-09,107,0.2384622851,0.106102749,0.2682413527,0.0100832377,0.1848631239,0.01710212041,0.716825499,2020,0.0716081503,12.53639584,0.005712020522
FIXED_90_10,SSO,LAG2,0,staged,0.15,0.1,quarterly,2012-11-20,2014-10-14,477,0.352581428,0.8835329827,0.396131631,0.06012708207,1.468952187,0.02212195599,15.50844799,2020,0.0716081503,12.53639584,0.005712020522
FIXED_90_10,SSO,LAG2,0,staged,0.15,0.1,quarterly,2014-10-22,2015-07-09,178,0.1850010478,0.1432895285,0.2069751074,0.01307912797,0.3491388006,0.01000950366,3.140655463,2020,0.0716081503,12.53639584,0.005712020522
FIXED_90_10,SSO,LAG2,0,staged,0.15,0.1,quarterly,2016-03-17,2016-06-28,71,-0.006263119142,-0.002223088756,-0.007861046498,-0.0004538183266,0.1509688917,0.01344538102,0,2020,0.0716081503,12.53639584,0.005712020522
FIXED_90_10,SSO,LAG2,0,staged,0.15,0.1,quarterly,2016-06-29,2018-04-03,442,0.2795056964,0.6123059855,0.3117121734,0.04376353553,1.94146045,0.02358235651,20.83514121,2020,0.0716081503,12.53639584,0.005712020522
FIXED_90_10,SSO,LAG2,0,staged,0.15,0.1,quarterly,2018-04-04,2018-10-12,134,0.1685804215,0.0914244694,0.1821033976,0.00601666719,1.099532978,0.03198978762,1.20515788,2020,0.0716081503,12.53639584,0.005712020522
FIXED_90_10,SSO,LAG2,0,staged,0.15,0.1,quarterly,2019-06-05,2020-02-28,185,0.1085442207,0.08176803861,0.113064958,0.002986185446,1.288761684,0.02039310463,13.42380541,2020,0.0716081503,12.53639584,0.005712020522
FIXED_90_10,SSO,LAG2,0,staged,0.15,0.1,quarterly,2020-06-30,2022-01-24,395,0.4972307704,1.003632715,0.5573610021,0.06177179187,8.403297435,0.03176202054,60.89159034,2022,-2.117722789,12.97863726,-0.163169888
FIXED_90_10,SSO,LAG2,0,staged,0.15,0.1,quarterly,2023-03-21,2023-10-23,149,0.1298776736,0.07819912798,0.1357769758,0.003079650544,1.505568072,0.01776950372,0,,,,
FIXED_90_10,SSO,LAG2,0,staged,0.15,0.1,quarterly,2023-11-03,2025-03-11,336,0.331901649,0.5215319412,0.3638719819,0.03208121584,5.368941513,0.01831763329,44.15892198,,,,
FIXED_90_10,SSO,LAG2,0,staged,0.15,0.1,quarterly,2025-05-13,2026-03-20,214,0.1982420542,0.1792267335,0.2136307137,0.01086556839,4.600227518,0.0220019785,27.82237384,,,,
FIXED_90_10,SSO,LAG2,0,staged,0.15,0.1,quarterly,2026-04-09,2026-09-02,101,0.6355722512,0.2397595627,0.7119989404,0.01825506249,3.712022343,0.02609007008,31.19525862,,,,
FIXED_85_15,SSO,LAG2,0,staged,0.15,0.1,quarterly,1986-11-21,1987-10-16,227,0.09142035997,0.06917773775,0.07708677895,-0.01190791822,0.07466546358,0.03786240785,0.4569254732,1987,0.1144640288,0.07775812055,1.47205241
FIXED_85_15,SSO,LAG2,0,staged,0.15,0.1,quarterly,1988-11-23,1990-01-23,293,0.3136195871,0.420889064,0.3514632225,0.03312536736,0.07365876139,0.03022065304,0.2287108121,2000_2002,0.4795186262,2.463597913,0.1946415946
FIXED_85_15,SSO,LAG2,0,staged,0.15,0.1,quarterly,1990-05-09,1990-08-06,61,-0.1785241676,-0.06016789097,-0.224824283,-0.01413590056,0.0138808852,0.02503139921,0,2000_2002,0.4795186262,2.463597913,0.1946415946
FIXED_85_15,SSO,LAG2,0,staged,0.15,0.1,quarterly,1991-01-25,1991-11-20,208,0.2703004682,0.2444982796,0.3062983216,0.02287541723,0.05727109056,0.02547001607,0.1968230207,2000_2002,0.4795186262,2.463597913,0.1946415946
FIXED_85_15,SSO,LAG2,0,staged,0.15,0.1,quarterly,1991-12-16,1992-04-09,80,0.2469356425,0.08154928183,0.2827264543,0.008909957409,0.0285877454,0.03379341347,0.1734258125,2000_2002,0.4795186262,2.463597913,0.1946415946
FIXED_85_15,SSO,LAG2,0,staged,0.15,0.1,quarterly,1992-06-22,1992-10-05,73,0.07445980131,0.02277710245,0.08149345487,0.001875738288,0.009171603185,0.01539909951,0.03524215224,2000_2002,0.4795186262,2.463597913,0.1946415946
FIXED_85_15,SSO,LAG2,0,staged,0.15,0.1,quarterly,1992-10-20,1994-03-28,363,0.1386044664,0.2341370955,0.1579348639,0.02415172822,0.05498931647,0.01733262058,0.5101006954,2000_2002,0.4795186262,2.463597913,0.1946415946
FIXED_85_15,SSO,LAG2,0,staged,0.15,0.1,quarterly,1994-12-22,1996-07-16,394,0.384139914,0.7794578774,0.4448439906,0.06721865986,0.2796441856,0.04423911964,1.882000538,2000_2002,0.4795186262,2.463597913,0.1946415946
FIXED_85_15,SSO,LAG2,0,staged,0.15,0.1,quarterly,1996-07-31,1998-08-28,525,0.4201059841,1.276721084,0.4865289483,0.09486638613,0.7451834853,0.02836909613,6.076632484,2000_2002,0.4795186262,2.463597913,0.1946415946
FIXED_85_15,SSO,LAG2,0,staged,0.15,0.1,quarterly,1998-10-30,1999-09-24,226,0.2727780472,0.269423275,0.3032329804,0.02129932488,0.6485686226,0.03025256656,2.64432011,2000_2002,0.4795186262,2.463597913,0.1946415946
FIXED_85_15,SSO,LAG2,0,staged,0.15,0.1,quarterly,1999-10-29,2000-02-22,78,-0.08664119227,-0.03966357893,-0.1196478319,-0.01168949182,0.2155280676,0.03349531511,0,2000_2002,0.4795186262,2.463597913,0.1946415946
FIXED_85_15,SSO,LAG2,0,staged,0.15,0.1,quarterly,2003-04-21,2004-07-19,313,0.3330532745,0.5111046308,0.3929264866,0.05473069335,0.5671590462,0.0320702571,0,2007_2009,0.4868403173,0.2584319054,1.883824354
FIXED_85_15,SSO,LAG2,0,staged,0.15,0.1,quarterly,2004-10-28,2005-04-18,117,0.05540267492,0.02725041829,0.05875438732,0.001493131575,0.1277784319,0.02218153091,0,2007_2009,0.4868403173,0.2584319054,1.883824354
FIXED_85_15,SSO,LAG2,0,staged,0.15,0.1,quarterly,2005-05-17,2005-10-06,99,0.0560761357,0.02250674415,0.05892008983,0.001045541722,0.09942801257,0.02178659211,0,2007_2009,0.4868403173,0.2584319054,1.883824354
FIXED_85_15,SSO,LAG2,0,staged,0.15,0.1,quarterly,2005-11-01,2006-05-24,140,0.1298920552,0.07846599004,0.1448221565,0.007331825001,0.1079904781,0.01553228058,0,2007_2009,0.4868403173,0.2584319054,1.883824354
FIXED_85_15,SSO,LAG2,0,staged,0.15,0.1,quarterly,2006-08-16,2007-08-06,243,0.2099370376,0.2302351237,0.2376172978,0.02198489862,0.4181897469,0.02651868967,2.827229302,2007_2009,0.4868403173,0.2584319054,1.883824354
FIXED_85_15,SSO,LAG2,0,staged,0.15,0.1,quarterly,2009-07-14,2010-05-21,216,0.446393461,0.435180143,0.5285397899,0.04703503907,0.6897684002,0.03544944656,0,2020,-0.0320597168,17.12130101,-0.001872504711
FIXED_85_15,SSO,LAG2,0,staged,0.15,0.1,quarterly,2010-09-14,2011-08-03,224,0.2651250946,0.2700581297,0.3104010723,0.03109488159,0.7072310489,0.03832077742,0.1408608997,2020,-0.0320597168,17.12130101,-0.001872504711
FIXED_85_15,SSO,LAG2,0,staged,0.15,0.1,quarterly,2012-01-04,2012-06-04,104,0.02897841681,0.007264054019,0.01754426649,-0.004650238342,0.434328197,0.05444678147,0.8189320857,2020,-0.0320597168,17.12130101,-0.001872504711
FIXED_85_15,SSO,LAG2,0,staged,0.15,0.1,quarterly,2012-06-07,2012-11-09,107,0.2238818213,0.106102749,0.2682413527,0.01510896758,0.2460314842,0.02571522979,0.6442294986,2020,-0.0320597168,17.12130101,-0.001872504711
FIXED_85_15,SSO,LAG2,0,staged,0.15,0.1,quarterly,2012-11-20,2014-10-14,477,0.3311503634,0.8835329827,0.396131631,0.09043016897,1.916769008,0.03326162723,13.46502185,2020,-0.0320597168,17.12130101,-0.001872504711
FIXED_85_15,SSO,LAG2,0,staged,0.15,0.1,quarterly,2014-10-22,2015-07-09,178,0.1741263575,0.1432895285,0.2069751074,0.01964181502,0.4481149454,0.01504675589,2.683109568,2020,-0.0320597168,17.12130101,-0.001872504711
FIXED_85_15,SSO,LAG2,0,staged,0.15,0.1,quarterly,2016-03-17,2016-06-28,71,-0.005508597354,-0.002223088756,-0.007861046498,-0.0006678522213,0.194710721,0.02021251033,0,2020,-0.0320597168,17.12130101,-0.001872504711
FIXED_85_15,SSO,LAG2,0,staged,0.15,0.1,quarterly,2016-06-29,2018-04-03,442,0.2635572784,0.6123059855,0.3117121734,0.06584444384,2.469297172,0.03547108057,17.60570964,2020,-0.0320597168,17.12130101,-0.001872504711
FIXED_85_15,SSO,LAG2,0,staged,0.15,0.1,quarterly,2018-04-04,2018-10-12,134,0.1615708583,0.0914244694,0.1821033976,0.00916283067,1.382635975,0.04794864563,1.061103289,2020,-0.0320597168,17.12130101,-0.001872504711
FIXED_85_15,SSO,LAG2,0,staged,0.15,0.1,quarterly,2019-06-05,2020-02-28,185,0.1058379757,0.08176803861,0.113064958,0.004779635626,1.616982857,0.03065265933,11.37619388,2020,-0.0320597168,17.12130101,-0.001872504711
FIXED_85_15,SSO,LAG2,0,staged,0.15,0.1,quarterly,2020-06-30,2022-01-24,395,0.4674834074,1.003632715,0.5573610021,0.09325468331,10.39684069,0.04786581395,50.14246125,2022,-2.827798112,16.91622023,-0.167164891
FIXED_85_15,SSO,LAG2,0,staged,0.15,0.1,quarterly,2023-03-21,2023-10-23,149,0.126735301,0.07819912798,0.1357769758,0.004726653591,1.855123583,0.02668359585,0,,,,
FIXED_85_15,SSO,LAG2,0,staged,0.15,0.1,quarterly,2023-11-03,2025-03-11,336,0.3159595591,0.5215319412,0.3638719819,0.04836749984,6.550686522,0.02761483197,36.81912099,,,,
FIXED_85_15,SSO,LAG2,0,staged,0.15,0.1,quarterly,2025-05-13,2026-03-20,214,0.1903685909,0.1792267335,0.2136307137,0.0164789191,5.554116462,0.03313563142,22.69278358,,,,
FIXED_85_15,SSO,LAG2,0,staged,0.15,0.1,quarterly,2026-04-09,2026-09-02,101,0.5981322297,0.2397595627,0.7119989404,0.02751158359,4.464391189,0.03924617561,25.20463397,,,,
HWM_RESERVE,SSO,LAG2,0,staged,0.15,0.1,rule,1986-11-21,1987-10-16,227,0.0872353873,0.06917773775,0.07708677895,-0.008447407353,0.05287124814,0.02284759654,0.5287124814,1987,0.02314680236,0.004870789598,4.752166336
HWM_RESERVE,SSO,LAG2,0,staged,0.15,0.1,rule,1988-11-23,1990-01-23,293,0.3539171625,0.420889064,0.3514632225,-0.002115851039,0.02303252446,0.007979818696,0.2303252446,2000_2002,0,0.1629949005,0
HWM_RESERVE,SSO,LAG2,0,staged,0.15,0.1,rule,1990-05-09,1990-08-06,61,-0.2250036078,-0.06016789097,-0.224824283,5.637547334e-05,0,0,0,2000_2002,0,0.1629949005,0
HWM_RESERVE,SSO,LAG2,0,staged,0.15,0.1,rule,1991-01-25,1991-11-20,208,0.3070688679,0.2444982796,0.3062983216,-0.0004827355522,0.01762176335,0.006583906558,0.1762176335,2000_2002,0,0.1629949005,0
HWM_RESERVE,SSO,LAG2,0,staged,0.15,0.1,rule,1991-12-16,1992-04-09,80,0.2841109289,0.08154928183,0.2827264543,-0.0003396442609,0.01974147308,0.01923467355,0.2073688675,2000_2002,0,0.1629949005,0
HWM_RESERVE,SSO,LAG2,0,staged,0.15,0.1,rule,1992-06-22,1992-10-05,73,0.0815825698,0.02277710245,0.08149345487,-2.368687461e-05,0.003402583549,0.004693057898,0.03402583549,2000_2002,0,0.1629949005,0
HWM_RESERVE,SSO,LAG2,0,staged,0.15,0.1,rule,1992-10-20,1994-03-28,363,0.1583938022,0.2341370955,0.1579348639,-0.0005684930604,0.06124809715,0.01569832641,0.6124809715,2000_2002,0,0.1629949005,0
HWM_RESERVE,SSO,LAG2,0,staged,0.15,0.1,rule,1994-12-22,1996-07-16,394,0.4411055737,0.7794578774,0.4448439906,0.004057280513,0.2300628445,0.02906075515,2.30634366,2000_2002,0,0.1629949005,0
HWM_RESERVE,SSO,LAG2,0,staged,0.15,0.1,rule,1996-07-31,1998-08-28,525,0.4807831418,1.276721084,0.4865289483,0.008037061403,0.812743156,0.02294904679,8.12743156,2000_2002,0,0.1629949005,0
HWM_RESERVE,SSO,LAG2,0,staged,0.15,0.1,rule,1998-10-30,1999-09-24,226,0.3039285388,0.269423275,0.3032329804,-0.0004806194664,0.3841808982,0.01230300618,3.841808982,2000_2002,0,0.1629949005,0
HWM_RESERVE,SSO,LAG2,0,staged,0.15,0.1,rule,1999-10-29,2000-02-22,78,-0.1206588289,-0.03966357893,-0.1196478319,0.0003649309546,0,0,0,2000_2002,0,0.1629949005,0
HWM_RESERVE,SSO,LAG2,0,staged,0.15,0.1,rule,2003-04-21,2004-07-19,313,0.3929264866,0.5111046308,0.3929264866,0,0,0,0,2007_2009,0.007195523037,-0.02147857232,
HWM_RESERVE,SSO,LAG2,0,staged,0.15,0.1,rule,2004-10-28,2005-04-18,117,0.05875438732,0.02725041829,0.05875438732,0,0,0,0,2007_2009,0.007195523037,-0.02147857232,
HWM_RESERVE,SSO,LAG2,0,staged,0.15,0.1,rule,2005-05-17,2005-10-06,99,0.05892008983,0.02250674415,0.05892008983,0,0,0,0,2007_2009,0.007195523037,-0.02147857232,
HWM_RESERVE,SSO,LAG2,0,staged,0.15,0.1,rule,2005-11-01,2006-05-24,140,0.1448221565,0.07846599004,0.1448221565,0,0,0,0,2007_2009,0.007195523037,-0.02147857232,
HWM_RESERVE,SSO,LAG2,0,staged,0.15,0.1,rule,2006-08-16,2007-08-06,243,0.2388105215,0.2302351237,0.2376172978,-0.0009366219837,0.2893022781,0.01293879983,2.893022781,2007_2009,0.007195523037,-0.02147857232,
HWM_RESERVE,SSO,LAG2,0,staged,0.15,0.1,rule,2009-07-14,2010-05-21,216,0.5284916773,0.435180143,0.5285397899,2.680147702e-05,0,0,0,2020,0.3020625406,1.79059596,0.168693858
HWM_RESERVE,SSO,LAG2,0,staged,0.15,0.1,rule,2010-09-14,2011-08-03,224,0.3104010723,0.2700581297,0.3104010723,0,0,0,0,2020,0.3020625406,1.79059596,0.168693858
HWM_RESERVE,SSO,LAG2,0,staged,0.15,0.1,rule,2012-01-04,2012-06-04,104,0.01776165531,0.007264054019,0.01754426649,-8.889777063e-05,0.06074211472,0.005454274712,0.6074211472,2020,0.3020625406,1.79059596,0.168693858
HWM_RESERVE,SSO,LAG2,0,staged,0.15,0.1,rule,2012-06-07,2012-11-09,107,0.2696240921,0.106102749,0.2682413527,-0.0004624270746,0.08681934224,0.006439247608,0.8681934224,2020,0.3020625406,1.79059596,0.168693858
HWM_RESERVE,SSO,LAG2,0,staged,0.15,0.1,rule,2012-11-20,2014-10-14,477,0.3903234217,0.8835329827,0.396131631,0.007909769995,1.954870071,0.02338797532,19.54870071,2020,0.3020625406,1.79059596,0.168693858
HWM_RESERVE,SSO,LAG2,0,staged,0.15,0.1,rule,2014-10-22,2015-07-09,178,0.2019831728,0.1432895285,0.2069751074,0.002950212828,0.3806672673,0.008312624558,4.233290301,2020,0.3020625406,1.79059596,0.168693858
HWM_RESERVE,SSO,LAG2,0,staged,0.15,0.1,rule,2016-03-17,2016-06-28,71,-0.007870488937,-0.002223088756,-0.007861046498,2.683865806e-06,0,0,0,2020,0.3020625406,1.79059596,0.168693858
HWM_RESERVE,SSO,LAG2,0,staged,0.15,0.1,rule,2016-06-29,2018-04-03,442,0.3108217046,0.6123059855,0.3117121734,0.001195496744,2.752520728,0.0252947766,27.52520728,2020,0.3020625406,1.79059596,0.168693858
HWM_RESERVE,SSO,LAG2,0,staged,0.15,0.1,rule,2018-04-04,2018-10-12,134,0.1815502654,0.0914244694,0.1821033976,0.0002447474739,0.2023153383,0.004342876776,2.023153383,2020,0.3020625406,1.79059596,0.168693858
HWM_RESERVE,SSO,LAG2,0,staged,0.15,0.1,rule,2019-06-05,2020-02-28,185,0.1193573267,0.08176803861,0.113064958,-0.004136314267,1.78578054,0.02055136933,17.8578054,2020,0.3020625406,1.79059596,0.168693858
HWM_RESERVE,SSO,LAG2,0,staged,0.15,0.1,rule,2020-06-30,2022-01-24,395,0.5531085108,1.003632715,0.5573610021,0.004289554075,8.482781677,0.023002925,84.82781677,2022,2.546600688,3.039864603,0.8377349062
HWM_RESERVE,SSO,LAG2,0,staged,0.15,0.1,rule,2023-03-21,2023-10-23,149,0.1356498284,0.07819912798,0.1357769758,6.620676965e-05,0,0,0,,,,
HWM_RESERVE,SSO,LAG2,0,staged,0.15,0.1,rule,2023-11-03,2025-03-11,336,0.3664474189,0.5215319412,0.3638719819,-0.002551551427,6.214302544,0.01467347379,62.14302544,,,,
HWM_RESERVE,SSO,LAG2,0,staged,0.15,0.1,rule,2025-05-13,2026-03-20,214,0.2141118533,0.1792267335,0.2136307137,-0.0003374960287,4.088123333,0.0132298115,40.88123333,,,,
HWM_RESERVE,SSO,LAG2,0,staged,0.15,0.1,rule,2026-04-09,2026-09-02,101,0.705609495,0.2397595627,0.7119989404,0.001494631026,3.76648338,0.01777903339,45.89642094,,,,
ASYMMETRIC_RESERVE_BAND,SSO,LAG2,0,staged,0.2,0.1,rule,1986-11-21,1987-10-16,227,0.09240135582,0.06917773775,0.07708677895,-0.01271717377,0.2066108068,0.09628131648,0.5001393122,1987,0.07767995675,0.03441789316,2.256964318
ASYMMETRIC_RESERVE_BAND,SSO,LAG2,0,staged,0.2,0.1,rule,1988-11-23,1990-01-23,293,0.3672640302,0.420889064,0.3514632225,-0.01355713454,0.1728568637,0.06192888854,0.2670753538,2000_2002,0,0.7788229591,0
ASYMMETRIC_RESERVE_BAND,SSO,LAG2,0,staged,0.2,0.1,rule,1990-05-09,1990-08-06,61,-0.2261521937,-0.06016789097,-0.224824283,0.000417773348,0,0,0,2000_2002,0,0.7788229591,0
ASYMMETRIC_RESERVE_BAND,SSO,LAG2,0,staged,0.2,0.1,rule,1991-01-25,1991-11-20,208,0.3209723899,0.2444982796,0.3062983216,-0.009144525771,0.3988502667,0.1506262223,0.2096284086,2000_2002,0,0.7788229591,0
ASYMMETRIC_RESERVE_BAND,SSO,LAG2,0,staged,0.2,0.1,rule,1991-12-16,1992-04-09,80,0.2475263893,0.08154928183,0.2827264543,0.008760828402,0,0,0.2053089485,2000_2002,0,0.7788229591,0
ASYMMETRIC_RESERVE_BAND,SSO,LAG2,0,staged,0.2,0.1,rule,1992-06-22,1992-10-05,73,0.08951606251,0.02277710245,0.08149345487,-0.002124637646,0.2316891608,0.3260376082,0.0379127662,2000_2002,0,0.7788229591,0
ASYMMETRIC_RESERVE_BAND,SSO,LAG2,0,staged,0.2,0.1,rule,1992-10-20,1994-03-28,363,0.1520527559,0.2341370955,0.1579348639,0.007306263637,0.4843358963,0.132879725,0.5851488691,2000_2002,0,0.7788229591,0
ASYMMETRIC_RESERVE_BAND,SSO,LAG2,0,staged,0.2,0.1,rule,1994-12-22,1996-07-16,394,0.4190039089,0.7794578774,0.4448439906,0.02826125999,0.5996638917,0.07943922347,2.209151327,2000_2002,0,0.7788229591,0
ASYMMETRIC_RESERVE_BAND,SSO,LAG2,0,staged,0.2,0.1,rule,1996-07-31,1998-08-28,525,0.4674685045,1.276721084,0.4865289483,0.02678168484,1.651119058,0.04973001317,7.634606476,2000_2002,0,0.7788229591,0
ASYMMETRIC_RESERVE_BAND,SSO,LAG2,0,staged,0.2,0.1,rule,1998-10-30,1999-09-24,226,0.3022853493,0.269423275,0.3032329804,0.0006552105248,2.552255183,0.09165521897,3.528169477,2000_2002,0,0.7788229591,0
ASYMMETRIC_RESERVE_BAND,SSO,LAG2,0,staged,0.2,0.1,rule,1999-10-29,2000-02-22,78,-0.1249130649,-0.03966357893,-0.1196478319,0.001905157539,0,0,0,2000_2002,0,0.7788229591,0
ASYMMETRIC_RESERVE_BAND,SSO,LAG2,0,staged,0.2,0.1,rule,2003-04-21,2004-07-19,313,0.3929264866,0.5111046308,0.3929264866,0,0,0,0,2007_2009,0.04230276651,-0.03275941574,
ASYMMETRIC_RESERVE_BAND,SSO,LAG2,0,staged,0.2,0.1,rule,2004-10-28,2005-04-18,117,0.05875438732,0.02725041829,0.05875438732,0,0,0,0,2007_2009,0.04230276651,-0.03275941574,
ASYMMETRIC_RESERVE_BAND,SSO,LAG2,0,staged,0.2,0.1,rule,2005-05-17,2005-10-06,99,0.05892008983,0.02250674415,0.05892008983,0,0,0,0,2007_2009,0.04230276651,-0.03275941574,
ASYMMETRIC_RESERVE_BAND,SSO,LAG2,0,staged,0.2,0.1,rule,2005-11-01,2006-05-24,140,0.1448221565,0.07846599004,0.1448221565,0,0,0,0,2007_2009,0.04230276651,-0.03275941574,
ASYMMETRIC_RESERVE_BAND,SSO,LAG2,0,staged,0.2,0.1,rule,2006-08-16,2007-08-06,243,0.2384877167,0.2302351237,0.2376172978,-0.0006833251522,1.673690324,0.08330548046,2.817366161,2007_2009,0.04230276651,-0.03275941574,
ASYMMETRIC_RESERVE_BAND,SSO,LAG2,0,staged,0.2,0.1,rule,2009-07-14,2010-05-21,216,0.5282463089,0.435180143,0.5285397899,0.0001634990085,0,0,0,2020,0.3775481392,7.421822504,0.05087000383
ASYMMETRIC_RESERVE_BAND,SSO,LAG2,0,staged,0.2,0.1,rule,2010-09-14,2011-08-03,224,0.3104010723,0.2700581297,0.3104010723,0,0,0,0,2020,0.3775481392,7.421822504,0.05087000383
ASYMMETRIC_RESERVE_BAND,SSO,LAG2,0,staged,0.2,0.1,rule,2012-01-04,2012-06-04,104,0.0709820182,0.007264054019,0.01754426649,-0.02130033286,3.929396264,0.3829986368,0.81395972,2020,0.3775481392,7.421822504,0.05087000383
ASYMMETRIC_RESERVE_BAND,SSO,LAG2,0,staged,0.2,0.1,rule,2012-06-07,2012-11-09,107,0.267640986,0.106102749,0.2682413527,0.0002009365645,1.994986227,0.1618129983,0.9666898576,2020,0.3775481392,7.421822504,0.05087000383
ASYMMETRIC_RESERVE_BAND,SSO,LAG2,0,staged,0.2,0.1,rule,2012-11-20,2014-10-14,477,0.3600121857,0.8835329827,0.396131631,0.04973213079,3.730169989,0.04944594239,17.63535774,2020,0.3775481392,7.421822504,0.05087000383
ASYMMETRIC_RESERVE_BAND,SSO,LAG2,0,staged,0.2,0.1,rule,2014-10-22,2015-07-09,178,0.2078347393,0.1432895285,0.2069751074,-0.0005068071681,6.448830571,0.1602058888,3.893815443,2020,0.3775481392,7.421822504,0.05087000383
ASYMMETRIC_RESERVE_BAND,SSO,LAG2,0,staged,0.2,0.1,rule,2016-03-17,2016-06-28,71,-0.008073265217,-0.002223088756,-0.007861046498,6.032601538e-05,0,0,0,2020,0.3775481392,7.421822504,0.05087000383
ASYMMETRIC_RESERVE_BAND,SSO,LAG2,0,staged,0.2,0.1,rule,2016-06-29,2018-04-03,442,0.2929917799,0.6123059855,0.3117121734,0.02530549448,4.220190903,0.04362324414,24.27807214,2020,0.3775481392,7.421822504,0.05087000383
ASYMMETRIC_RESERVE_BAND,SSO,LAG2,0,staged,0.2,0.1,rule,2018-04-04,2018-10-12,134,0.2035849572,0.0914244694,0.1821033976,-0.009417529207,6.749177183,0.1608072278,2.063037505,2020,0.3775481392,7.421822504,0.05087000383
ASYMMETRIC_RESERVE_BAND,SSO,LAG2,0,staged,0.2,0.1,rule,2019-06-05,2020-02-28,185,0.1226597815,0.08176803861,0.113064958,-0.006297901863,6.940859822,0.08933273553,15.92704804,2020,0.3775481392,7.421822504,0.05087000383
ASYMMETRIC_RESERVE_BAND,SSO,LAG2,0,staged,0.2,0.1,rule,2020-06-30,2022-01-24,395,0.5374638869,1.003632715,0.5573610021,0.02017225317,17.97598685,0.05503500243,77.01735442,2022,-0.5508622164,6.960311965,-0.07914332276
ASYMMETRIC_RESERVE_BAND,SSO,LAG2,0,staged,0.2,0.1,rule,2023-03-21,2023-10-23,149,0.1356024355,0.07819912798,0.1357769758,9.088652956e-05,0,0,0,,,,
ASYMMETRIC_RESERVE_BAND,SSO,LAG2,0,staged,0.2,0.1,rule,2023-11-03,2025-03-11,336,0.3591535115,0.5215319412,0.3638719819,0.004687234478,16.3490673,0.04508597338,53.27337815,,,,
ASYMMETRIC_RESERVE_BAND,SSO,LAG2,0,staged,0.2,0.1,rule,2025-05-13,2026-03-20,214,0.213652527,0.1792267335,0.2136307137,-1.530388093e-05,22.15974192,0.08506094138,35.86340455,,,,
ASYMMETRIC_RESERVE_BAND,SSO,LAG2,0,staged,0.2,0.1,rule,2026-04-09,2026-09-02,101,0.6769120491,0.2397595627,0.7119989404,0.008277379642,47.76111119,0.2667489667,40.47580751,,,,
HWM_DRAWDOWN,SSO,LAG2,0,drawdown,0.15,0.1,rule,1986-11-21,1987-10-16,227,0.08773377749,0.06917773775,0.07708677895,-0.008860219111,0.05194190836,0.02281116604,0.5194190836,1987,0.04141165328,0.01249810571,3.313434391
HWM_DRAWDOWN,SSO,LAG2,0,drawdown,0.15,0.1,rule,1988-11-23,1990-01-23,293,0.344833252,0.420889064,0.3514632225,0.005735802645,0.02276920643,0.008115585338,0.2276920643,2000_2002,0.8676556945,1.589329077,0.5459257664
HWM_DRAWDOWN,SSO,LAG2,0,drawdown,0.15,0.1,rule,1990-05-09,1990-08-06,61,-0.2129326979,-0.06016789097,-0.224824283,-0.003709619142,0,0,0,2000_2002,0.8676556945,1.589329077,0.5459257664
HWM_DRAWDOWN,SSO,LAG2,0,drawdown,0.15,0.1,rule,1991-01-25,1991-11-20,208,0.2955384091,0.2444982796,0.3062983216,0.006770833477,0.01732948272,0.006792830737,0.1732948272,2000_2002,0.8676556945,1.589329077,0.5459257664
HWM_DRAWDOWN,SSO,LAG2,0,drawdown,0.15,0.1,rule,1991-12-16,1992-04-09,80,0.2730927514,0.08154928183,0.2827264543,0.002373574059,0.01973095704,0.02030069658,0.1973095704,2000_2002,0.8676556945,1.589329077,0.5459257664
HWM_DRAWDOWN,SSO,LAG2,0,drawdown,0.15,0.1,rule,1992-06-22,1992-10-05,73,0.07911524431,0.02277710245,0.08149345487,0.0006328538516,0.00328726105,0.004830466381,0.0328726105,2000_2002,0.8676556945,1.589329077,0.5459257664
HWM_DRAWDOWN,SSO,LAG2,0,drawdown,0.15,0.1,rule,1992-10-20,1994-03-28,363,0.1511465034,0.2341370955,0.1579348639,0.008435250291,0.05763042546,0.01583542779,0.5763042546,2000_2002,0.8676556945,1.589329077,0.5459257664
HWM_DRAWDOWN,SSO,LAG2,0,drawdown,0.15,0.1,rule,1994-12-22,1996-07-16,394,0.4136325079,0.7794578774,0.4448439906,0.03420052987,0.2123873443,0.02934420459,2.123873443,2000_2002,0.8676556945,1.589329077,0.5459257664
HWM_DRAWDOWN,SSO,LAG2,0,drawdown,0.15,0.1,rule,1996-07-31,1998-08-28,525,0.443990562,1.276721084,0.4865289483,0.06025261159,0.7027976996,0.02298880867,7.027976996,2000_2002,0.8676556945,1.589329077,0.5459257664
HWM_DRAWDOWN,SSO,LAG2,0,drawdown,0.15,0.1,rule,1998-10-30,1999-09-24,226,0.2753475764,0.269423275,0.3032329804,0.01948268623,0.2926037708,0.01179095862,2.926037708,2000_2002,0.8676556945,1.589329077,0.5459257664
HWM_DRAWDOWN,SSO,LAG2,0,drawdown,0.15,0.1,rule,1999-10-29,2000-02-22,78,-0.09893690316,-0.03966357893,-0.1196478319,-0.007385020971,0,0,0,2000_2002,0.8676556945,1.589329077,0.5459257664
HWM_DRAWDOWN,SSO,LAG2,0,drawdown,0.15,0.1,rule,2003-04-21,2004-07-19,313,0.3677486958,0.5111046308,0.3929264866,0.02272299214,0,0,0,2007_2009,0.9278636734,0.09492948542,9.774241051
HWM_DRAWDOWN,SSO,LAG2,0,drawdown,0.15,0.1,rule,2004-10-28,2005-04-18,117,0.05714119136,0.02725041829,0.05875438732,0.0007180607627,0,0,0,2007_2009,0.9278636734,0.09492948542,9.774241051
HWM_DRAWDOWN,SSO,LAG2,0,drawdown,0.15,0.1,rule,2005-05-17,2005-10-06,99,0.05779067602,0.02250674415,0.05892008983,0.000414877358,0,0,0,2007_2009,0.9278636734,0.09492948542,9.774241051
HWM_DRAWDOWN,SSO,LAG2,0,drawdown,0.15,0.1,rule,2005-11-01,2006-05-24,140,0.1409763317,0.07846599004,0.1448221565,0.001879411631,0.04219544289,0.004691555397,0.4219544289,2007_2009,0.9278636734,0.09492948542,9.774241051
HWM_DRAWDOWN,SSO,LAG2,0,drawdown,0.15,0.1,rule,2006-08-16,2007-08-06,243,0.2300827922,0.2302351237,0.2376172978,0.005935152169,0.3602383064,0.01773918573,3.602383064,2007_2009,0.9278636734,0.09492948542,9.774241051
HWM_DRAWDOWN,SSO,LAG2,0,drawdown,0.15,0.1,rule,2009-07-14,2010-05-21,216,0.5285397899,0.435180143,0.5285397899,0,0,0,0,2020,2.49306556,8.221231481,0.3032472161
HWM_DRAWDOWN,SSO,LAG2,0,drawdown,0.15,0.1,rule,2010-09-14,2011-08-03,224,0.3111506835,0.2700581297,0.3104010723,-0.0005057313922,0.06139738337,0.002415046774,0.6139738337,2020,2.49306556,8.221231481,0.3032472161
HWM_DRAWDOWN,SSO,LAG2,0,drawdown,0.15,0.1,rule,2012-01-04,2012-06-04,104,0.0198767725,0.007264054019,0.01754426649,-0.0009528521826,0.09617602729,0.008745066024,0.9617602729,2020,2.49306556,8.221231481,0.3032472161
HWM_DRAWDOWN,SSO,LAG2,0,drawdown,0.15,0.1,rule,2012-06-07,2012-11-09,107,0.2670819964,0.106102749,0.2682413527,0.0003881102274,0.08538691194,0.00643129492,0.8538691194,2020,2.49306556,8.221231481,0.3032472161
HWM_DRAWDOWN,SSO,LAG2,0,drawdown,0.15,0.1,rule,2012-11-20,2014-10-14,477,0.3844523284,0.8835329827,0.396131631,0.01593883071,1.904164754,0.02338265334,19.04164754,2020,2.49306556,8.221231481,0.3032472161
HWM_DRAWDOWN,SSO,LAG2,0,drawdown,0.15,0.1,rule,2014-10-22,2015-07-09,178,0.1949106833,0.1432895285,0.2069751074,0.007151069732,0.3846043763,0.009006438822,3.846043763,2020,2.49306556,8.221231481,0.3032472161
HWM_DRAWDOWN,SSO,LAG2,0,drawdown,0.15,0.1,rule,2016-03-17,2016-06-28,71,-0.007135015104,-0.002223088756,-0.007861046498,-0.0002062866117,0,0,0,2020,2.49306556,8.221231481,0.3032472161
HWM_DRAWDOWN,SSO,LAG2,0,drawdown,0.15,0.1,rule,2016-06-29,2018-04-03,442,0.291879448,0.6123059855,0.3117121734,0.02682061169,2.534921706,0.02530980546,25.34921706,2020,2.49306556,8.221231481,0.3032472161
HWM_DRAWDOWN,SSO,LAG2,0,drawdown,0.15,0.1,rule,2018-04-04,2018-10-12,134,0.1680144753,0.0914244694,0.1821033976,0.006269984511,0.1376884362,0.003327493653,1.376884362,2020,2.49306556,8.221231481,0.3032472161
HWM_DRAWDOWN,SSO,LAG2,0,drawdown,0.15,0.1,rule,2019-06-05,2020-02-28,185,0.1105337006,0.08176803861,0.113064958,0.001670531491,1.579213143,0.02071873014,15.79213143,2020,2.49306556,8.221231481,0.3032472161
HWM_DRAWDOWN,SSO,LAG2,0,drawdown,0.15,0.1,rule,2020-06-30,2022-01-24,395,0.5220693773,1.003632715,0.5573610021,0.03595958506,7.756663924,0.02336703001,77.56663924,2022,-1.872128266,9.891888204,-0.189258939
HWM_DRAWDOWN,SSO,LAG2,0,drawdown,0.15,0.1,rule,2023-03-21,2023-10-23,149,0.1287121942,0.07819912798,0.1357769758,0.003689975028,0,0,0,,,,
HWM_DRAWDOWN,SSO,LAG2,0,drawdown,0.15,0.1,rule,2023-11-03,2025-03-11,336,0.3419818517,0.5215319412,0.3638719819,0.02188367245,5.505773711,0.01491286007,55.05773711,,,,
HWM_DRAWDOWN,SSO,LAG2,0,drawdown,0.15,0.1,rule,2025-05-13,2026-03-20,214,0.20053753,0.1792267335,0.2136307137,0.009235962186,3.43966545,0.01313725078,34.3966545,,,,
HWM_DRAWDOWN,SSO,LAG2,0,drawdown,0.15,0.1,rule,2026-04-09,2026-09-02,101,0.6427453185,0.2397595627,0.7119989404,0.01650583136,3.837874097,0.02177707657,38.37874097,,,,
BAND_DRAWDOWN,SSO,LAG2,0,drawdown,0.2,0.1,rule,1986-11-21,1987-10-16,227,0.07557365678,0.06917773775,0.07708677895,0.001266292999,0,0,0.4853349487,1987,0.08515842191,0.04958231376,1.717516095
BAND_DRAWDOWN,SSO,LAG2,0,drawdown,0.2,0.1,rule,1988-11-23,1990-01-23,293,0.3462172578,0.420889064,0.3514632225,0.004536122467,0.1011794145,0.03814847424,0.2309739958,2000_2002,0.630103505,1.485319283,0.4242209149
BAND_DRAWDOWN,SSO,LAG2,0,drawdown,0.2,0.1,rule,1990-05-09,1990-08-06,61,-0.193208586,-0.06016789097,-0.224824283,-0.009740761555,0,0,0,2000_2002,0.630103505,1.485319283,0.4242209149
BAND_DRAWDOWN,SSO,LAG2,0,drawdown,0.2,0.1,rule,1991-01-25,1991-11-20,208,0.2746466962,0.2444982796,0.3062983216,0.02007936603,0,0,0.1765203305,2000_2002,0.630103505,1.485319283,0.4242209149
BAND_DRAWDOWN,SSO,LAG2,0,drawdown,0.2,0.1,rule,1991-12-16,1992-04-09,80,0.2553592936,0.08154928183,0.2827264543,0.00679012697,0,0,0.1841472789,2000_2002,0.630103505,1.485319283,0.4242209149
BAND_DRAWDOWN,SSO,LAG2,0,drawdown,0.2,0.1,rule,1992-06-22,1992-10-05,73,0.07648558026,0.02277710245,0.08149345487,0.001334246507,0,0,0.03305087169,2000_2002,0.630103505,1.485319283,0.4242209149
BAND_DRAWDOWN,SSO,LAG2,0,drawdown,0.2,0.1,rule,1992-10-20,1994-03-28,363,0.1459042309,0.2341370955,0.1579348639,0.01498343338,0,0,0.549211093,2000_2002,0.630103505,1.485319283,0.4242209149
BAND_DRAWDOWN,SSO,LAG2,0,drawdown,0.2,0.1,rule,1994-12-22,1996-07-16,394,0.4196356684,0.7794578774,0.4448439906,0.02756418845,0.2414004203,0.03367117497,2.097615196,2000_2002,0.630103505,1.485319283,0.4242209149
BAND_DRAWDOWN,SSO,LAG2,0,drawdown,0.2,0.1,rule,1996-07-31,1998-08-28,525,0.4513629881,1.276721084,0.4865289483,0.04968398044,0.5382630744,0.01746651239,7.074381478,2000_2002,0.630103505,1.485319283,0.4242209149
BAND_DRAWDOWN,SSO,LAG2,0,drawdown,0.2,0.1,rule,1998-10-30,1999-09-24,226,0.274161939,0.269423275,0.3032329804,0.02032046814,0,0,2.969078937,2000_2002,0.630103505,1.485319283,0.4242209149
BAND_DRAWDOWN,SSO,LAG2,0,drawdown,0.2,0.1,rule,1999-10-29,2000-02-22,78,-0.1045301869,-0.03966357893,-0.1196478319,-0.005407455641,0,0,0,2000_2002,0.630103505,1.485319283,0.4242209149
BAND_DRAWDOWN,SSO,LAG2,0,drawdown,0.2,0.1,rule,2003-04-21,2004-07-19,313,0.3740250521,0.5111046308,0.3929264866,0.01701967001,0,0,0,2007_2009,1.502604131,0.1295403099,11.59951009
BAND_DRAWDOWN,SSO,LAG2,0,drawdown,0.2,0.1,rule,2004-10-28,2005-04-18,117,0.05754930555,0.02725041829,0.05875438732,0.0005362987586,0,0,0,2007_2009,1.502604131,0.1295403099,11.59951009
BAND_DRAWDOWN,SSO,LAG2,0,drawdown,0.2,0.1,rule,2005-05-17,2005-10-06,99,0.0580770478,0.02250674415,0.05892008983,0.0003096400256,0,0,0,2007_2009,1.502604131,0.1295403099,11.59951009
BAND_DRAWDOWN,SSO,LAG2,0,drawdown,0.2,0.1,rule,2005-11-01,2006-05-24,140,0.141508389,0.07846599004,0.1448221565,0.001619023914,0,0,0.04959641288,2007_2009,1.502604131,0.1295403099,11.59951009
BAND_DRAWDOWN,SSO,LAG2,0,drawdown,0.2,0.1,rule,2006-08-16,2007-08-06,243,0.2323791655,0.2302351237,0.2376172978,0.004122388399,1.179575543,0.06147132162,3.430231086,2007_2009,1.502604131,0.1295403099,11.59951009
BAND_DRAWDOWN,SSO,LAG2,0,drawdown,0.2,0.1,rule,2009-07-14,2010-05-21,216,0.5285397899,0.435180143,0.5285397899,0,0,0,0,2020,-0.311597253,11.51538315,-0.02705921713
BAND_DRAWDOWN,SSO,LAG2,0,drawdown,0.2,0.1,rule,2010-09-14,2011-08-03,224,0.3104010723,0.2700581297,0.3104010723,0,0,0,1.250482837,2020,-0.311597253,11.51538315,-0.02705921713
BAND_DRAWDOWN,SSO,LAG2,0,drawdown,0.2,0.1,rule,2012-01-04,2012-06-04,104,0.06844216932,0.007264054019,0.01754426649,-0.02031224733,2.018307286,0.1907710291,0.9276863856,2020,-0.311597253,11.51538315,-0.02705921713
BAND_DRAWDOWN,SSO,LAG2,0,drawdown,0.2,0.1,rule,2012-06-07,2012-11-09,107,0.2356138991,0.106102749,0.2682413527,0.01106037917,0,0,0.7787318334,2020,-0.311597253,11.51538315,-0.02705921713
BAND_DRAWDOWN,SSO,LAG2,0,drawdown,0.2,0.1,rule,2012-11-20,2014-10-14,477,0.3596146914,0.8835329827,0.396131631,0.05028674955,0,0,18.04621788,2020,-0.311597253,11.51538315,-0.02705921713
BAND_DRAWDOWN,SSO,LAG2,0,drawdown,0.2,0.1,rule,2014-10-22,2015-07-09,178,0.19580828,0.1432895285,0.2069751074,0.006616547408,2.041547964,0.0509984317,3.638712105,2020,-0.311597253,11.51538315,-0.02705921713
BAND_DRAWDOWN,SSO,LAG2,0,drawdown,0.2,0.1,rule,2016-03-17,2016-06-28,71,-0.00667270399,-0.002223088756,-0.007861046498,-0.000337564036,0,0,0,2020,-0.311597253,11.51538315,-0.02705921713
BAND_DRAWDOWN,SSO,LAG2,0,drawdown,0.2,0.1,rule,2016-06-29,2018-04-03,442,0.2804976061,0.6123059855,0.3117121734,0.04239932194,0,0,24.28952931,2020,-0.311597253,11.51538315,-0.02705921713
BAND_DRAWDOWN,SSO,LAG2,0,drawdown,0.2,0.1,rule,2018-04-04,2018-10-12,134,0.1699103214,0.0914244694,0.1821033976,0.005421887052,0,0,1.34142,2020,-0.311597253,11.51538315,-0.02705921713
BAND_DRAWDOWN,SSO,LAG2,0,drawdown,0.2,0.1,rule,2019-06-05,2020-02-28,185,0.1063101269,0.08176803861,0.113064958,0.004466421433,0,0,15.63814965,2020,-0.311597253,11.51538315,-0.02705921713
BAND_DRAWDOWN,SSO,LAG2,0,drawdown,0.2,0.1,rule,2020-06-30,2022-01-24,395,0.5135415202,1.003632715,0.5573610021,0.04477391585,6.373383128,0.02030008502,72.5883309,2022,-3.610127939,11.56443152,-0.3121751322
BAND_DRAWDOWN,SSO,LAG2,0,drawdown,0.2,0.1,rule,2023-03-21,2023-10-23,149,0.1301729163,0.07819912798,0.1357769758,0.002925141293,0,0,0,,,,
BAND_DRAWDOWN,SSO,LAG2,0,drawdown,0.2,0.1,rule,2023-11-03,2025-03-11,336,0.342235356,0.5215319412,0.3638719819,0.02162820569,8.196267554,0.02365699585,50.87850243,,,,
BAND_DRAWDOWN,SSO,LAG2,0,drawdown,0.2,0.1,rule,2025-05-13,2026-03-20,214,0.1974034507,0.1792267335,0.2136307137,0.01146168919,0,0,32.62266034,,,,
BAND_DRAWDOWN,SSO,LAG2,0,drawdown,0.2,0.1,rule,2026-04-09,2026-09-02,101,0.6513942692,0.2397595627,0.7119989404,0.01440681874,0,0,36.88319473,,,,
NO_RESERVE,SSO,LAG2,10,staged,0.15,0.1,rule,1986-11-21,1987-10-16,227,0.07589108209,0.06810856002,0.07589108209,0,0,0,0.5302213784,1987,0,0,
NO_RESERVE,SSO,LAG2,10,staged,0.15,0.1,rule,1988-11-23,1990-01-23,293,0.3503044029,0.4194681749,0.3503044029,0,0,0,0.1853859927,2000_2002,0,0,
NO_RESERVE,SSO,LAG2,10,staged,0.15,0.1,rule,1990-05-09,1990-08-06,61,-0.2280006182,-0.06110772308,-0.2280006182,0,0,0,0,2000_2002,0,0,
NO_RESERVE,SSO,LAG2,10,staged,0.15,0.1,rule,1991-01-25,1991-11-20,208,0.3047027611,0.2432537813,0.3047027611,0,0,0,0.1383561348,2000_2002,0,0,
NO_RESERVE,SSO,LAG2,10,staged,0.15,0.1,rule,1991-12-16,1992-04-09,80,0.2786568345,0.08046773255,0.2786568345,0,0,0,0.1954286195,2000_2002,0,0,
NO_RESERVE,SSO,LAG2,10,staged,0.15,0.1,rule,1992-06-22,1992-10-05,73,0.07773606259,0.02175432535,0.07773606259,0,0,0,0.02191391071,2000_2002,0,0,
NO_RESERVE,SSO,LAG2,10,staged,0.15,0.1,rule,1992-10-20,1994-03-28,363,0.1571276124,0.2329029584,0.1571276124,0,0,0,0.5817712512,2000_2002,0,0,
NO_RESERVE,SSO,LAG2,10,staged,0.15,0.1,rule,1994-12-22,1996-07-16,394,0.4439212202,0.7776784195,0.4439212202,0,0,0,2.17094873,2000_2002,0,0,
NO_RESERVE,SSO,LAG2,10,staged,0.15,0.1,rule,1996-07-31,1998-08-28,525,0.4858124635,1.274444363,0.4858124635,0,0,0,7.902439415,2000_2002,0,0,
NO_RESERVE,SSO,LAG2,10,staged,0.15,0.1,rule,1998-10-30,1999-09-24,226,0.3017862338,0.2681538518,0.3017862338,0,0,0,3.323230549,2000_2002,0,0,
NO_RESERVE,SSO,LAG2,10,staged,0.15,0.1,rule,1999-10-29,2000-02-22,78,-0.1224168259,-0.04062391535,-0.1224168259,0,0,0,0,2000_2002,0,0,
NO_RESERVE,SSO,LAG2,10,staged,0.15,0.1,rule,2003-04-21,2004-07-19,313,0.3918082084,0.5095935262,0.3918082084,0,0,0,0,2007_2009,0,0,
NO_RESERVE,SSO,LAG2,10,staged,0.15,0.1,rule,2004-10-28,2005-04-18,117,0.05650733612,0.02622316787,0.05650733612,0,0,0,0,2007_2009,0,0,
NO_RESERVE,SSO,LAG2,10,staged,0.15,0.1,rule,2005-05-17,2005-10-06,99,0.05619849417,0.0214842374,0.05619849417,0,0,0,0,2007_2009,0,0,
NO_RESERVE,SSO,LAG2,10,staged,0.15,0.1,rule,2005-11-01,2006-05-24,140,0.1427732299,0.07738752405,0.1427732299,0,0,0,0,2007_2009,0,0,
NO_RESERVE,SSO,LAG2,10,staged,0.15,0.1,rule,2006-08-16,2007-08-06,243,0.2363439649,0.2290048886,0.2363439649,0,0,0,1.368691818,2007_2009,0,0,
NO_RESERVE,SSO,LAG2,10,staged,0.15,0.1,rule,2009-07-14,2010-05-21,216,0.5267447724,0.4337449629,0.5267447724,0,0,0,0,2020,0,0,
NO_RESERVE,SSO,LAG2,10,staged,0.15,0.1,rule,2010-09-14,2011-08-03,224,0.3089193612,0.2687880716,0.3089193612,0,0,0,0,2020,0,0,
NO_RESERVE,SSO,LAG2,10,staged,0.15,0.1,rule,2012-01-04,2012-06-04,104,0.01510086276,0.006256789965,0.01510086276,0,0,0,0,2020,0,0,
NO_RESERVE,SSO,LAG2,10,staged,0.15,0.1,rule,2012-06-07,2012-11-09,107,0.26525483,0.1049966462,0.26525483,0,0,0,0.4336601995,2020,0,0,
NO_RESERVE,SSO,LAG2,10,staged,0.15,0.1,rule,2012-11-20,2014-10-14,477,0.395395617,0.8816494497,0.395395617,0,0,0,16.7094381,2020,0,0,
NO_RESERVE,SSO,LAG2,10,staged,0.15,0.1,rule,2014-10-22,2015-07-09,178,0.2052798827,0.142146239,0.2052798827,0,0,0,3.424485541,2020,0,0,
NO_RESERVE,SSO,LAG2,10,staged,0.15,0.1,rule,2016-03-17,2016-06-28,71,-0.0113748102,-0.003220865667,-0.0113748102,0,0,0,0,2020,0,0,
NO_RESERVE,SSO,LAG2,10,staged,0.15,0.1,rule,2016-06-29,2018-04-03,442,0.3109669069,0.6106936795,0.3109669069,0,0,0,22.47160329,2020,0,0,
NO_RESERVE,SSO,LAG2,10,staged,0.15,0.1,rule,2018-04-04,2018-10-12,134,0.1798438881,0.09033304493,0.1798438881,0,0,0,1.11392425,2020,0,0,
NO_RESERVE,SSO,LAG2,10,staged,0.15,0.1,rule,2019-06-05,2020-02-28,185,0.111548267,0.08068627057,0.111548267,0,0,0,13.77472514,2020,0,0,
NO_RESERVE,SSO,LAG2,10,staged,0.15,0.1,rule,2020-06-30,2022-01-24,395,0.5563681064,1.001629083,0.5563681064,0,0,0,68.62450112,2022,0,0,
NO_RESERVE,SSO,LAG2,10,staged,0.15,0.1,rule,2023-03-21,2023-10-23,149,0.1338570721,0.07712092885,0.1338570721,0,0,0,0,,,,
NO_RESERVE,SSO,LAG2,10,staged,0.15,0.1,rule,2023-11-03,2025-03-11,336,0.362863441,0.5200104093,0.362863441,0,0,0,44.59839231,,,,
NO_RESERVE,SSO,LAG2,10,staged,0.15,0.1,rule,2025-05-13,2026-03-20,214,0.2122055048,0.1780475068,0.2122055048,0,0,0,30.69734651,,,,
NO_RESERVE,SSO,LAG2,10,staged,0.15,0.1,rule,2026-04-09,2026-09-02,101,0.7077192268,0.2385198031,0.7077192268,0,0,0,35.36960003,,,,
FIXED_90_10,SSO,LAG2,10,staged,0.15,0.1,quarterly,1986-11-21,1987-10-16,227,0.08614103956,0.06810856002,0.07589108209,-0.008540805741,0.05261077965,0.02518427429,0.4791454022,1987,0.07924339696,0.05028254193,1.57596243
FIXED_90_10,SSO,LAG2,10,staged,0.15,0.1,quarterly,1988-11-23,1990-01-23,293,0.3252753187,0.4194681749,0.3503044029,0.02182172619,0.05140156292,0.02013631213,0.2053504928,2000_2002,0.3508369428,1.41804577,0.2474087581
FIXED_90_10,SSO,LAG2,10,staged,0.15,0.1,quarterly,1990-05-09,1990-08-06,61,-0.1969759483,-0.06110772308,-0.2280006182,-0.009600770904,0.009597439453,0.01674097223,0,2000_2002,0.3508369428,1.41804577,0.2474087581
FIXED_90_10,SSO,LAG2,10,staged,0.15,0.1,quarterly,1991-01-25,1991-11-20,208,0.2809069241,0.2432537813,0.3047027611,0.01506819527,0.03932062339,0.01690861299,0.1615573632,2000_2002,0.3508369428,1.41804577,0.2474087581
FIXED_90_10,SSO,LAG2,10,staged,0.15,0.1,quarterly,1991-12-16,1992-04-09,80,0.2552574304,0.08046773255,0.2786568345,0.005815175668,0.01979002981,0.02248297023,0.1758916874,2000_2002,0.3508369428,1.41804577,0.2474087581
FIXED_90_10,SSO,LAG2,10,staged,0.15,0.1,quarterly,1992-06-22,1992-10-05,73,0.07344708144,0.02175432535,0.07773606259,0.001146321394,0.006337295084,0.01029841103,0.02548709176,2000_2002,0.3508369428,1.41804577,0.2474087581
FIXED_90_10,SSO,LAG2,10,staged,0.15,0.1,quarterly,1992-10-20,1994-03-28,363,0.1443020133,0.2329029584,0.1571276124,0.01599025964,0.03809591093,0.01154733678,0.5216378566,2000_2002,0.3508369428,1.41804577,0.2474087581
FIXED_90_10,SSO,LAG2,10,staged,0.15,0.1,quarterly,1994-12-22,1996-07-16,394,0.4034456513,0.7776784195,0.4439212202,0.04452609295,0.1935117753,0.02942325408,1.898387347,2000_2002,0.3508369428,1.41804577,0.2474087581
FIXED_90_10,SSO,LAG2,10,staged,0.15,0.1,quarterly,1996-07-31,1998-08-28,525,0.4415630993,1.274444363,0.4858124635,0.06274377555,0.5299125645,0.01886032343,6.43064938,2000_2002,0.3508369428,1.41804577,0.2474087581
FIXED_90_10,SSO,LAG2,10,staged,0.15,0.1,quarterly,1998-10-30,1999-09-24,226,0.2819188179,0.2681538518,0.3017862338,0.01385296316,0.4634325082,0.02003858047,2.712381262,2000_2002,0.3508369428,1.41804577,0.2474087581
FIXED_90_10,SSO,LAG2,10,staged,0.15,0.1,quarterly,1999-10-29,2000-02-22,78,-0.1000236275,-0.04062391535,-0.1224168259,-0.008002260881,0.1544010296,0.02228050582,0,2000_2002,0.3508369428,1.41804577,0.2474087581
FIXED_90_10,SSO,LAG2,10,staged,0.15,0.1,quarterly,2003-04-21,2004-07-19,313,0.3518941752,0.5095935262,0.3918082084,0.03624686251,0.3822095118,0.02128160043,0,2007_2009,0.3559876802,0.1406522352,2.530977767
FIXED_90_10,SSO,LAG2,10,staged,0.15,0.1,quarterly,2004-10-28,2005-04-18,117,0.05454782403,0.02622316787,0.05650733612,0.0008742118878,0.08662833668,0.01478695129,0,2007_2009,0.3559876802,0.1406522352,2.530977767
FIXED_90_10,SSO,LAG2,10,staged,0.15,0.1,quarterly,2005-05-17,2005-10-06,99,0.05460135621,0.0214842374,0.05619849417,0.0005883334953,0.06695231608,0.01456627534,0,2007_2009,0.3559876802,0.1406522352,2.530977767
FIXED_90_10,SSO,LAG2,10,staged,0.15,0.1,quarterly,2005-11-01,2006-05-24,140,0.1330413368,0.07738752405,0.1427732299,0.004776755867,0.07269972169,0.01037366928,0,2007_2009,0.3559876802,0.1406522352,2.530977767
FIXED_90_10,SSO,LAG2,10,staged,0.15,0.1,quarterly,2006-08-16,2007-08-06,243,0.2180271412,0.2290048886,0.2363439649,0.01450728434,0.2791601859,0.01768320183,1.683542261,2007_2009,0.3559876802,0.1406522352,2.530977767
FIXED_90_10,SSO,LAG2,10,staged,0.15,0.1,quarterly,2009-07-14,2010-05-21,216,0.4721018128,0.4337449629,0.5267447724,0.03103331689,0.4406952076,0.02354930372,0,2020,0.2708182114,9.63740219,0.02810074811
FIXED_90_10,SSO,LAG2,10,staged,0.15,0.1,quarterly,2010-09-14,2011-08-03,224,0.278926785,0.2687880716,0.3089193612,0.02049920688,0.4523400359,0.02541060735,0,2020,0.2708182114,9.63740219,0.02810074811
FIXED_90_10,SSO,LAG2,10,staged,0.15,0.1,quarterly,2012-01-04,2012-06-04,104,0.02344642177,0.006256789965,0.01510086276,-0.003407378889,0.2765284967,0.03622885502,0.1698099101,2020,0.2708182114,9.63740219,0.02810074811
FIXED_90_10,SSO,LAG2,10,staged,0.15,0.1,quarterly,2012-06-07,2012-11-09,107,0.235830151,0.1049966462,0.26525483,0.009985614423,0.1570655544,0.01712449776,0.581172485,2020,0.2708182114,9.63740219,0.02810074811
FIXED_90_10,SSO,LAG2,10,staged,0.15,0.1,quarterly,2012-11-20,2014-10-14,477,0.3519041393,0.8816494497,0.395395617,0.06007688486,1.245798635,0.02212742051,13.12225035,2020,0.2708182114,9.63740219,0.02810074811
FIXED_90_10,SSO,LAG2,10,staged,0.15,0.1,quarterly,2014-10-22,2015-07-09,178,0.183493736,0.142146239,0.2052798827,0.01298466025,0.2955604066,0.01001758164,2.606024858,2020,0.2708182114,9.63740219,0.02810074811
FIXED_90_10,SSO,LAG2,10,staged,0.15,0.1,quarterly,2016-03-17,2016-06-28,71,-0.009454300565,-0.003220865667,-0.0113748102,-0.0005472809455,0.1257407216,0.01347942263,0,2020,0.2708182114,9.63740219,0.02810074811
FIXED_90_10,SSO,LAG2,10,staged,0.15,0.1,quarterly,2016-06-29,2018-04-03,442,0.2788131919,0.6106936795,0.3109669069,0.04371609185,1.614083803,0.02359130319,16.74965402,2020,0.2708182114,9.63740219,0.02810074811
FIXED_90_10,SSO,LAG2,10,staged,0.15,0.1,quarterly,2018-04-04,2018-10-12,134,0.1665194547,0.09033304493,0.1798438881,0.0059392457,0.9124404366,0.03203153566,0.911492171,2020,0.2708182114,9.63740219,0.02810074811
FIXED_90_10,SSO,LAG2,10,staged,0.15,0.1,quarterly,2019-06-05,2020-02-28,185,0.1071609551,0.08068627057,0.111548267,0.002901838602,1.056115319,0.02040851033,10.38094908,2020,0.2708182114,9.63740219,0.02810074811
FIXED_90_10,SSO,LAG2,10,staged,0.15,0.1,quarterly,2020-06-30,2022-01-24,395,0.4962672455,1.001629083,0.5563681064,0.0617811916,6.823861797,0.03176965632,48.90081713,2022,-1.242130301,10.25688888,-0.121102053
FIXED_90_10,SSO,LAG2,10,staged,0.15,0.1,quarterly,2023-03-21,2023-10-23,149,0.1281180716,0.07712092885,0.1338570721,0.003000840358,1.200854894,0.0177696134,0,,,,
FIXED_90_10,SSO,LAG2,10,staged,0.15,0.1,quarterly,2023-11-03,2025-03-11,336,0.3309789049,0.5200104093,0.362863441,0.0320180538,4.266835375,0.01832364045,32.77296358,,,,
FIXED_90_10,SSO,LAG2,10,staged,0.15,0.1,quarterly,2025-05-13,2026-03-20,214,0.196935329,0.1780475068,0.2122055048,0.01079413449,3.642717337,0.02201740948,21.5204315,,,,
FIXED_90_10,SSO,LAG2,10,staged,0.15,0.1,quarterly,2026-04-09,2026-09-02,101,0.6318104033,0.2385198031,0.7077192268,0.01817499912,2.93404034,0.02609023215,24.36021445,,,,
FIXED_85_15,SSO,LAG2,10,staged,0.15,0.1,quarterly,1986-11-21,1987-10-16,227,0.09029522196,0.06810856002,0.07589108209,-0.0119793594,0.07447210449,0.0378819262,0.4537795357,1987,0.1163680437,0.07528264999,1.545748505
FIXED_85_15,SSO,LAG2,10,staged,0.15,0.1,quarterly,1988-11-23,1990-01-23,293,0.3126127055,0.4194681749,0.3503044029,0.03301919057,0.07284245432,0.0302215063,0.2128917718,2000_2002,0.4849352585,2.078873437,0.2332682932
FIXED_85_15,SSO,LAG2,10,staged,0.15,0.1,quarterly,1990-05-09,1990-08-06,61,-0.1814099167,-0.06110772308,-0.2280006182,-0.014278914,0.01358912462,0.02509116931,0,2000_2002,0.4849352585,2.078873437,0.2332682932
FIXED_85_15,SSO,LAG2,10,staged,0.15,0.1,quarterly,1991-01-25,1991-11-20,208,0.2689272636,0.2432537813,0.3047027611,0.02276032725,0.05597033251,0.02547085678,0.1715170641,2000_2002,0.4849352585,2.078873437,0.2332682932
FIXED_85_15,SSO,LAG2,10,staged,0.15,0.1,quarterly,1991-12-16,1992-04-09,80,0.2435068845,0.08046773255,0.2786568345,0.008776415364,0.02789068064,0.03379488624,0.1658961363,2000_2002,0.4849352585,2.078873437,0.2332682932
FIXED_85_15,SSO,LAG2,10,staged,0.15,0.1,quarterly,1992-06-22,1992-10-05,73,0.07128000842,0.02175432535,0.07773606259,0.001727260651,0.008917451034,0.01544315652,0.02709570441,2000_2002,0.4849352585,2.078873437,0.2332682932
FIXED_85_15,SSO,LAG2,10,staged,0.15,0.1,quarterly,1992-10-20,1994-03-28,363,0.137912737,0.2329029584,0.1571276124,0.02402306707,0.05337446722,0.01734086624,0.4914461699,2000_2002,0.4849352585,2.078873437,0.2332682932
FIXED_85_15,SSO,LAG2,10,staged,0.15,0.1,quarterly,1994-12-22,1996-07-16,394,0.3833183259,0.7776784195,0.4439212202,0.06714800095,0.2677471942,0.04425575225,1.766140523,2000_2002,0.4849352585,2.078873437,0.2332682932
FIXED_85_15,SSO,LAG2,10,staged,0.15,0.1,quarterly,1996-07-31,1998-08-28,525,0.419469538,1.274444363,0.4858124635,0.0947961734,0.7098782376,0.02837369063,5.766152744,2000_2002,0.4849352585,2.078873437,0.2332682932
FIXED_85_15,SSO,LAG2,10,staged,0.15,0.1,quarterly,1998-10-30,1999-09-24,226,0.2714769338,0.2681538518,0.3017862338,0.02122010152,0.6136105476,0.03026489717,2.432269842,2000_2002,0.4849352585,2.078873437,0.2332682932
FIXED_85_15,SSO,LAG2,10,staged,0.15,0.1,quarterly,1999-10-29,2000-02-22,78,-0.08914277447,-0.04062391535,-0.1224168259,-0.01181895528,0.2032098392,0.03349557569,0,2000_2002,0.4849352585,2.078873437,0.2332682932
FIXED_85_15,SSO,LAG2,10,staged,0.15,0.1,quarterly,2003-04-21,2004-07-19,313,0.3320724431,0.5095935262,0.3918082084,0.05464710538,0.5195955054,0.03208291531,0,2007_2009,0.4795082361,0.1989329687,2.410401047
FIXED_85_15,SSO,LAG2,10,staged,0.15,0.1,quarterly,2004-10-28,2005-04-18,117,0.05346617629,0.02622316787,0.05650733612,0.001357471625,0.1162688866,0.02221561404,0,2007_2009,0.4795082361,0.1989329687,2.410401047
FIXED_85_15,SSO,LAG2,10,staged,0.15,0.1,quarterly,2005-05-17,2005-10-06,99,0.05374551655,0.0214842374,0.05619849417,0.0009039636483,0.08970718193,0.02183171519,0,2007_2009,0.4795082361,0.1989329687,2.410401047
FIXED_85_15,SSO,LAG2,10,staged,0.15,0.1,quarterly,2005-11-01,2006-05-24,140,0.1281702933,0.07738752405,0.1427732299,0.00718306491,0.09710380364,0.01555393487,0,2007_2009,0.4795082361,0.1989329687,2.410401047
FIXED_85_15,SSO,LAG2,10,staged,0.15,0.1,quarterly,2006-08-16,2007-08-06,243,0.2088444456,0.2290048886,0.2363439649,0.0218624691,0.3722341815,0.02653687589,1.771501138,2007_2009,0.4795082361,0.1989329687,2.410401047
FIXED_85_15,SSO,LAG2,10,staged,0.15,0.1,quarterly,2009-07-14,2010-05-21,216,0.4448616088,0.4337449629,0.5267447724,0.04693679654,0.6016374694,0.03546384482,0,2020,0.2575003624,13.29553775,0.01936742742
FIXED_85_15,SSO,LAG2,10,staged,0.15,0.1,quarterly,2010-09-14,2011-08-03,224,0.2638288234,0.2687880716,0.3089193612,0.03100094276,0.6126500475,0.03834236538,0,2020,0.2575003624,13.29553775,0.01936742742
FIXED_85_15,SSO,LAG2,10,staged,0.15,0.1,quarterly,2012-01-04,2012-06-04,104,0.02681515509,0.006256789965,0.01510086276,-0.00477492226,0.3730038405,0.05452986682,0.3194416428,2020,0.2575003624,13.29553775,0.01936742742
FIXED_85_15,SSO,LAG2,10,staged,0.15,0.1,quarterly,2012-06-07,2012-11-09,107,0.2214210537,0.1049966462,0.26525483,0.01496256886,0.2109372271,0.0257491848,0.5275835167,2020,0.2575003624,13.29553775,0.01936742742
FIXED_85_15,SSO,LAG2,10,staged,0.15,0.1,quarterly,2012-11-20,2014-10-14,477,0.3305039941,0.8816494497,0.395395617,0.09035118292,1.640520817,0.0332702204,11.49700811,2020,0.2575003624,13.29553775,0.01936742742
FIXED_85_15,SSO,LAG2,10,staged,0.15,0.1,quarterly,2014-10-22,2015-07-09,178,0.1727113512,0.142146239,0.2052798827,0.01949971226,0.3828674558,0.01505896355,2.247061154,2020,0.2575003624,13.29553775,0.01936742742
FIXED_85_15,SSO,LAG2,10,staged,0.15,0.1,quarterly,2016-03-17,2016-06-28,71,-0.0085360564,-0.003220865667,-0.0113748102,-0.0008085749477,0.1638217872,0.02026383035,0,2020,0.2575003624,13.29553775,0.01936742742
FIXED_85_15,SSO,LAG2,10,staged,0.15,0.1,quarterly,2016-06-29,2018-04-03,442,0.2628934183,0.6106936795,0.3109669069,0.06576910275,2.073977154,0.0354852604,14.29482203,2020,0.2575003624,13.29553775,0.01936742742
FIXED_85_15,SSO,LAG2,10,staged,0.15,0.1,quarterly,2018-04-04,2018-10-12,134,0.1596119136,0.09033304493,0.1798438881,0.009044975381,1.159237871,0.04801133313,0.8147788484,2020,0.2575003624,13.29553775,0.01936742742
FIXED_85_15,SSO,LAG2,10,staged,0.15,0.1,quarterly,2019-06-05,2020-02-28,185,0.1045231628,0.08068627057,0.111548267,0.004652057066,1.339749121,0.0306759381,8.905502921,2020,0.2575003624,13.29553775,0.01936742742
FIXED_85_15,SSO,LAG2,10,staged,0.15,0.1,quarterly,2020-06-30,2022-01-24,395,0.4665418915,1.001629083,0.5563681064,0.09326101767,8.540002673,0.0478782864,40.72763576,2022,-1.707190108,13.52216014,-0.1262512861
FIXED_85_15,SSO,LAG2,10,staged,0.15,0.1,quarterly,2023-03-21,2023-10-23,149,0.1250588535,0.07712092885,0.1338570721,0.004606704945,1.498253159,0.0266838297,0,,,,
FIXED_85_15,SSO,LAG2,10,staged,0.15,0.1,quarterly,2023-11-03,2025-03-11,336,0.3150812426,0.5200104093,0.362863441,0.04827000467,5.272413766,0.02762422739,27.74770511,,,,
FIXED_85_15,SSO,LAG2,10,staged,0.15,0.1,quarterly,2025-05-13,2026-03-20,214,0.1891233487,0.1780475068,0.2122055048,0.01636960772,4.455028207,0.03315955011,17.78755923,,,,
FIXED_85_15,SSO,LAG2,10,staged,0.15,0.1,quarterly,2026-04-09,2026-09-02,101,0.5946219032,0.2385198031,0.7077192268,0.02739005486,3.574759726,0.03924652219,19.94116726,,,,
HWM_RESERVE,SSO,LAG2,10,staged,0.15,0.1,rule,1986-11-21,1987-10-16,227,0.08598425874,0.06810856002,0.07589108209,-0.008410775692,0.05248396395,0.02275812857,0.5248396395,1987,0.02264516827,0.004783112223,4.73440037
HWM_RESERVE,SSO,LAG2,10,staged,0.15,0.1,rule,1988-11-23,1990-01-23,293,0.3526072828,0.4194681749,0.3503044029,-0.00198741661,0.02113215237,0.007413333736,0.2113215237,2000_2002,0,0.1373672011,0
HWM_RESERVE,SSO,LAG2,10,staged,0.15,0.1,rule,1990-05-09,1990-08-06,61,-0.2281666193,-0.06110772308,-0.2280006182,5.240111545e-05,0,0,0,2000_2002,0,0.1373672011,0
HWM_RESERVE,SSO,LAG2,10,staged,0.15,0.1,rule,1991-01-25,1991-11-20,208,0.3054646052,0.2432537813,0.3047027611,-0.000477868838,0.01454364151,0.005581883648,0.1454364151,2000_2002,0,0.1373672011,0
HWM_RESERVE,SSO,LAG2,10,staged,0.15,0.1,rule,1991-12-16,1992-04-09,80,0.2799486992,0.08046773255,0.2786568345,-0.0003179445031,0.0187790503,0.01883363997,0.1974595025,2000_2002,0,0.1373672011,0
HWM_RESERVE,SSO,LAG2,10,staged,0.15,0.1,rule,1992-06-22,1992-10-05,73,0.07778460083,0.02175432535,0.07773606259,-1.294675252e-05,0.002407202724,0.003440879556,0.02407202724,2000_2002,0,0.1373672011,0
HWM_RESERVE,SSO,LAG2,10,staged,0.15,0.1,rule,1992-10-20,1994-03-28,363,0.1575674286,0.2329029584,0.1571276124,-0.0005451907682,0.05868701289,0.01558494035,0.5868701289,2000_2002,0,0.1373672011,0
HWM_RESERVE,SSO,LAG2,10,staged,0.15,0.1,rule,1994-12-22,1996-07-16,394,0.4403319994,0.7776784195,0.4439212202,0.003897649757,0.2148521496,0.02854911535,2.148521496,2000_2002,0,0.1373672011,0
HWM_RESERVE,SSO,LAG2,10,staged,0.15,0.1,rule,1996-07-31,1998-08-28,525,0.4800174962,1.274444363,0.4858124635,0.008109877103,0.7649763509,0.02286254824,7.649763509,2000_2002,0,0.1373672011,0
HWM_RESERVE,SSO,LAG2,10,staged,0.15,0.1,rule,1998-10-30,1999-09-24,226,0.3024940521,0.2681538518,0.3017862338,-0.0004896319253,0.3505614041,0.01197630558,3.505614041,2000_2002,0,0.1373672011,0
HWM_RESERVE,SSO,LAG2,10,staged,0.15,0.1,rule,1999-10-29,2000-02-22,78,-0.1234236898,-0.04062391535,-0.1224168259,0.000364585585,0,0,0,2000_2002,0,0.1373672011,0
HWM_RESERVE,SSO,LAG2,10,staged,0.15,0.1,rule,2003-04-21,2004-07-19,313,0.3918082084,0.5095935262,0.3918082084,0,0,0,0,2007_2009,0.003402550902,-0.01474888432,
HWM_RESERVE,SSO,LAG2,10,staged,0.15,0.1,rule,2004-10-28,2005-04-18,117,0.05650733612,0.02622316787,0.05650733612,0,0,0,0,2007_2009,0.003402550902,-0.01474888432,
HWM_RESERVE,SSO,LAG2,10,staged,0.15,0.1,rule,2005-05-17,2005-10-06,99,0.05619849417,0.0214842374,0.05619849417,0,0,0,0,2007_2009,0.003402550902,-0.01474888432,
HWM_RESERVE,SSO,LAG2,10,staged,0.15,0.1,rule,2005-11-01,2006-05-24,140,0.1427732299,0.07738752405,0.1427732299,0,0,0,0,2007_2009,0.003402550902,-0.01474888432,
HWM_RESERVE,SSO,LAG2,10,staged,0.15,0.1,rule,2006-08-16,2007-08-06,243,0.23732944,0.2290048886,0.2363439649,-0.0007744109268,0.1416554629,0.007236059603,1.416554629,2007_2009,0.003402550902,-0.01474888432,
HWM_RESERVE,SSO,LAG2,10,staged,0.15,0.1,rule,2009-07-14,2010-05-21,216,0.5267180064,0.4337449629,0.5267447724,1.492759838e-05,0,0,0,2020,0.2229997465,1.337384981,0.1667431217
HWM_RESERVE,SSO,LAG2,10,staged,0.15,0.1,rule,2010-09-14,2011-08-03,224,0.3089193612,0.2687880716,0.3089193612,0,0,0,0,2020,0.2229997465,1.337384981,0.1667431217
HWM_RESERVE,SSO,LAG2,10,staged,0.15,0.1,rule,2012-01-04,2012-06-04,104,0.01510086276,0.006256789965,0.01510086276,0,0,0,0,2020,0.2229997465,1.337384981,0.1667431217
HWM_RESERVE,SSO,LAG2,10,staged,0.15,0.1,rule,2012-06-07,2012-11-09,107,0.2661946924,0.1049966462,0.26525483,-0.0003151131232,0.04585944155,0.004078686527,0.4585944155,2020,0.2229997465,1.337384981,0.1667431217
HWM_RESERVE,SSO,LAG2,10,staged,0.15,0.1,rule,2012-11-20,2014-10-14,477,0.3896519009,0.8816494497,0.395395617,0.00782589428,1.624365512,0.02333741036,16.24365512,2020,0.2229997465,1.337384981,0.1667431217
HWM_RESERVE,SSO,LAG2,10,staged,0.15,0.1,rule,2014-10-22,2015-07-09,178,0.2002733358,0.142146239,0.2052798827,0.002963036935,0.3096909109,0.008141966727,3.451607171,2020,0.2229997465,1.337384981,0.1667431217
HWM_RESERVE,SSO,LAG2,10,staged,0.15,0.1,rule,2016-03-17,2016-06-28,71,-0.01138419215,-0.003220865667,-0.0113748102,2.676149294e-06,0,0,0,2020,0.2229997465,1.337384981,0.1667431217
HWM_RESERVE,SSO,LAG2,10,staged,0.15,0.1,rule,2016-06-29,2018-04-03,442,0.310384776,0.6106936795,0.3109669069,0.0007818907905,2.172104279,0.02447198547,21.72104279,2020,0.2229997465,1.337384981,0.1667431217
HWM_RESERVE,SSO,LAG2,10,staged,0.15,0.1,rule,2018-04-04,2018-10-12,134,0.1792795845,0.09033304493,0.1798438881,0.0002501700303,0.15161346,0.004004180214,1.5161346,2020,0.2229997465,1.337384981,0.1667431217
HWM_RESERVE,SSO,LAG2,10,staged,0.15,0.1,rule,2019-06-05,2020-02-28,185,0.11762726,0.08068627057,0.111548267,-0.0040018704,1.349407792,0.01936229533,13.49407792,2020,0.2229997465,1.337384981,0.1667431217
HWM_RESERVE,SSO,LAG2,10,staged,0.15,0.1,rule,2020-06-30,2022-01-24,395,0.5519240358,1.001629083,0.5563681064,0.004485943569,6.659204902,0.02274254705,66.59204902,2022,2.074348117,2.390539545,0.8677321908
HWM_RESERVE,SSO,LAG2,10,staged,0.15,0.1,rule,2023-03-21,2023-10-23,149,0.1337304988,0.07712092885,0.1338570721,6.601938358e-05,0,0,0,,,,
HWM_RESERVE,SSO,LAG2,10,staged,0.15,0.1,rule,2023-11-03,2025-03-11,336,0.3655003376,0.5200104093,0.362863441,-0.002614313524,4.496503474,0.0136718978,44.96503474,,,,
HWM_RESERVE,SSO,LAG2,10,staged,0.15,0.1,rule,2025-05-13,2026-03-20,214,0.212770739,0.1780475068,0.2122055048,-0.0003969365289,3.081074164,0.01291041863,30.81074164,,,,
HWM_RESERVE,SSO,LAG2,10,staged,0.15,0.1,rule,2026-04-09,2026-09-02,101,0.7014118209,0.2385198031,0.7077192268,0.001479109094,2.860757113,0.01751085541,34.95675259,,,,
ASYMMETRIC_RESERVE_BAND,SSO,LAG2,10,staged,0.2,0.1,rule,1986-11-21,1987-10-16,227,0.09091119638,0.06810856002,0.07589108209,-0.01248810608,0.2060282766,0.096356477,0.4961982236,1987,0.07673672496,0.03373625147,2.274607332
ASYMMETRIC_RESERVE_BAND,SSO,LAG2,10,staged,0.2,0.1,rule,1988-11-23,1990-01-23,293,0.3659761651,0.4194681749,0.3503044029,-0.01345852285,0.1706603151,0.06193536042,0.2480586009,2000_2002,0,0.6873782228,0
ASYMMETRIC_RESERVE_BAND,SSO,LAG2,10,staged,0.2,0.1,rule,1990-05-09,1990-08-06,61,-0.229323676,-0.06110772308,-0.2280006182,0.0004179593762,0,0,0,2000_2002,0,0.6873782228,0
ASYMMETRIC_RESERVE_BAND,SSO,LAG2,10,staged,0.2,0.1,rule,1991-01-25,1991-11-20,208,0.3188766657,0.2432537813,0.3047027611,-0.008845257362,0.3884212295,0.1506549779,0.1786275331,2000_2002,0,0.6873782228,0
ASYMMETRIC_RESERVE_BAND,SSO,LAG2,10,staged,0.2,0.1,rule,1991-12-16,1992-04-09,80,0.2435904401,0.08046773255,0.2786568345,0.008755259993,0,0,0.1958328505,2000_2002,0,0.6873782228,0
ASYMMETRIC_RESERVE_BAND,SSO,LAG2,10,staged,0.2,0.1,rule,1992-06-22,1992-10-05,73,0.08496845421,0.02175432535,0.07773606259,-0.001922717309,0.224262275,0.3271303838,0.02740502989,2000_2002,0,0.6873782228,0
ASYMMETRIC_RESERVE_BAND,SSO,LAG2,10,staged,0.2,0.1,rule,1992-10-20,1994-03-28,363,0.1510108611,0.2329029584,0.1571276124,0.007603806219,0.4677312779,0.1329831898,0.5595573999,2000_2002,0,0.6873782228,0
ASYMMETRIC_RESERVE_BAND,SSO,LAG2,10,staged,0.2,0.1,rule,1994-12-22,1996-07-16,394,0.4178267829,0.7776784195,0.4439212202,0.02856040652,0.5699743313,0.07948948555,2.054855425,2000_2002,0,0.6873782228,0
ASYMMETRIC_RESERVE_BAND,SSO,LAG2,10,staged,0.2,0.1,rule,1996-07-31,1998-08-28,525,0.4665288936,1.274444363,0.4858124635,0.02711040592,1.559829946,0.04974406329,7.181463328,2000_2002,0,0.6873782228,0
ASYMMETRIC_RESERVE_BAND,SSO,LAG2,10,staged,0.2,0.1,rule,1998-10-30,1999-09-24,226,0.3004457037,0.2681538518,0.3017862338,0.000928039116,2.392482886,0.09170793561,3.212798907,2000_2002,0,0.6873782228,0
ASYMMETRIC_RESERVE_BAND,SSO,LAG2,10,staged,0.2,0.1,rule,1999-10-29,2000-02-22,78,-0.1276619656,-0.04062391535,-0.1224168259,0.001903871473,0,0,0,2000_2002,0,0.6873782228,0
ASYMMETRIC_RESERVE_BAND,SSO,LAG2,10,staged,0.2,0.1,rule,2003-04-21,2004-07-19,313,0.3918082084,0.5095935262,0.3918082084,0,0,0,0,2007_2009,0.03585199292,-0.03281280834,
ASYMMETRIC_RESERVE_BAND,SSO,LAG2,10,staged,0.2,0.1,rule,2004-10-28,2005-04-18,117,0.05650733612,0.02622316787,0.05650733612,0,0,0,0,2007_2009,0.03585199292,-0.03281280834,
ASYMMETRIC_RESERVE_BAND,SSO,LAG2,10,staged,0.2,0.1,rule,2005-05-17,2005-10-06,99,0.05619849417,0.0214842374,0.05619849417,0,0,0,0,2007_2009,0.03585199292,-0.03281280834,
ASYMMETRIC_RESERVE_BAND,SSO,LAG2,10,staged,0.2,0.1,rule,2005-11-01,2006-05-24,140,0.1427732299,0.07738752405,0.1427732299,0,0,0,0,2007_2009,0.03585199292,-0.03281280834,
ASYMMETRIC_RESERVE_BAND,SSO,LAG2,10,staged,0.2,0.1,rule,2006-08-16,2007-08-06,243,0.2370861949,0.2290048886,0.2363439649,-0.0005833201519,1.459896061,0.08336931458,1.398108405,2007_2009,0.03585199292,-0.03281280834,
ASYMMETRIC_RESERVE_BAND,SSO,LAG2,10,staged,0.2,0.1,rule,2009-07-14,2010-05-21,216,0.5264522836,0.4337449629,0.5267447724,0.0001631377849,0,0,0,2020,0.3329972146,5.755889123,0.05785330598
ASYMMETRIC_RESERVE_BAND,SSO,LAG2,10,staged,0.2,0.1,rule,2010-09-14,2011-08-03,224,0.3089193612,0.2687880716,0.3089193612,0,0,0,0,2020,0.3329972146,5.755889123,0.05785330598
ASYMMETRIC_RESERVE_BAND,SSO,LAG2,10,staged,0.2,0.1,rule,2012-01-04,2012-06-04,104,0.06764174356,0.006256789965,0.01510086276,-0.02100086867,3.287334064,0.3837519053,0,2020,0.3329972146,5.755889123,0.05785330598
ASYMMETRIC_RESERVE_BAND,SSO,LAG2,10,staged,0.2,0.1,rule,2012-06-07,2012-11-09,107,0.2643858692,0.1049966462,0.26525483,0.0002915498517,1.665552982,0.1620430815,0.7719621262,2020,0.3329972146,5.755889123,0.05785330598
ASYMMETRIC_RESERVE_BAND,SSO,LAG2,10,staged,0.2,0.1,rule,2012-11-20,2014-10-14,477,0.3591366383,0.8816494497,0.395395617,0.04995348555,3.108328031,0.04947423869,14.65376915,2020,0.3329972146,5.755889123,0.05785330598
ASYMMETRIC_RESERVE_BAND,SSO,LAG2,10,staged,0.2,0.1,rule,2014-10-22,2015-07-09,178,0.205770211,0.142146239,0.2052798827,-0.0002895302064,5.361326187,0.1603633069,3.167740848,2020,0.3329972146,5.755889123,0.05785330598
ASYMMETRIC_RESERVE_BAND,SSO,LAG2,10,staged,0.2,0.1,rule,2016-03-17,2016-06-28,71,-0.01158586115,-0.003220865667,-0.0113748102,6.020727961e-05,0,0,0,2020,0.3329972146,5.755889123,0.05785330598
ASYMMETRIC_RESERVE_BAND,SSO,LAG2,10,staged,0.2,0.1,rule,2016-06-29,2018-04-03,442,0.2921837425,0.6106936795,0.3109669069,0.02540549948,3.439544059,0.04364445626,19.09401481,2020,0.3329972146,5.755889123,0.05785330598
ASYMMETRIC_RESERVE_BAND,SSO,LAG2,10,staged,0.2,0.1,rule,2018-04-04,2018-10-12,134,0.2010600569,0.09033304493,0.1798438881,-0.009319867159,5.489611575,0.1610419723,1.568079572,2020,0.3329972146,5.755889123,0.05785330598
ASYMMETRIC_RESERVE_BAND,SSO,LAG2,10,staged,0.2,0.1,rule,2019-06-05,2020-02-28,185,0.1209779052,0.08068627057,0.111548267,-0.006198343208,5.569229361,0.08941382423,12.02259094,2020,0.3329972146,5.755889123,0.05785330598
ASYMMETRIC_RESERVE_BAND,SSO,LAG2,10,staged,0.2,0.1,rule,2020-06-30,2022-01-24,395,0.5361895091,1.001629083,0.5563681064,0.02047263428,14.28363957,0.05505912821,60.5163545,2022,-0.3580688137,5.433654153,-0.06589834459
ASYMMETRIC_RESERVE_BAND,SSO,LAG2,10,staged,0.2,0.1,rule,2023-03-21,2023-10-23,149,0.1336832517,0.07712092885,0.1338570721,9.066491277e-05,0,0,0,,,,
ASYMMETRIC_RESERVE_BAND,SSO,LAG2,10,staged,0.2,0.1,rule,2023-11-03,2025-03-11,336,0.3580480408,0.5200104093,0.362863441,0.004787239479,12.68428449,0.04510412855,38.31094817,,,,
ASYMMETRIC_RESERVE_BAND,SSO,LAG2,10,staged,0.2,0.1,rule,2025-05-13,2026-03-20,214,0.2120925833,0.1780475068,0.2122055048,7.93215192e-05,17.12595186,0.08513293098,27.06890449,,,,
ASYMMETRIC_RESERVE_BAND,SSO,LAG2,10,staged,0.2,0.1,rule,2026-04-09,2026-09-02,101,0.6717454987,0.2385198031,0.7077192268,0.00851033315,36.84116776,0.2667966949,30.7990852,,,,
HWM_DRAWDOWN,SSO,LAG2,10,drawdown,0.15,0.1,rule,1986-11-21,1987-10-16,227,0.08648708298,0.06810856002,0.07589108209,-0.008827738985,0.05157283518,0.02272158733,0.5157283518,1987,0.04092940435,0.0120908543,3.385154046
HWM_DRAWDOWN,SSO,LAG2,10,drawdown,0.15,0.1,rule,1988-11-23,1990-01-23,293,0.3436311491,0.4194681749,0.3503044029,0.005778308176,0.02091069836,0.007543996252,0.2091069836,2000_2002,0.7947613763,1.299427005,0.611624488
HWM_DRAWDOWN,SSO,LAG2,10,drawdown,0.15,0.1,rule,1990-05-09,1990-08-06,61,-0.2163529799,-0.06110772308,-0.2280006182,-0.00364892451,0,0,0,2000_2002,0.7947613763,1.299427005,0.611624488
HWM_DRAWDOWN,SSO,LAG2,10,drawdown,0.15,0.1,rule,1991-01-25,1991-11-20,208,0.2942498931,0.2432537813,0.3047027611,0.006584918428,0.01442426334,0.005791713675,0.1442426334,2000_2002,0.7947613763,1.299427005,0.611624488
HWM_DRAWDOWN,SSO,LAG2,10,drawdown,0.15,0.1,rule,1991-12-16,1992-04-09,80,0.269827021,0.08046773255,0.2786568345,0.002181770144,0.0188524902,0.01989574586,0.188524902,2000_2002,0.7947613763,1.299427005,0.611624488
HWM_DRAWDOWN,SSO,LAG2,10,drawdown,0.15,0.1,rule,1992-06-22,1992-10-05,73,0.07556869892,0.02175432535,0.07773606259,0.0005787026974,0.00235630164,0.003574303367,0.0235630164,2000_2002,0.7947613763,1.299427005,0.611624488
HWM_DRAWDOWN,SSO,LAG2,10,drawdown,0.15,0.1,rule,1992-10-20,1994-03-28,363,0.1507365333,0.2329029584,0.1571276124,0.007945772402,0.05545449635,0.01571586698,0.5545449635,2000_2002,0.7947613763,1.299427005,0.611624488
HWM_DRAWDOWN,SSO,LAG2,10,drawdown,0.15,0.1,rule,1994-12-22,1996-07-16,394,0.4141438233,0.7776784195,0.4439212202,0.0326336864,0.1990894831,0.02875184187,1.990894831,2000_2002,0.7947613763,1.299427005,0.611624488
HWM_DRAWDOWN,SSO,LAG2,10,drawdown,0.15,0.1,rule,1996-07-31,1998-08-28,525,0.4444997222,1.274444363,0.4858124635,0.05852047947,0.6666670471,0.02289681209,6.666670471,2000_2002,0.7947613763,1.299427005,0.611624488
HWM_DRAWDOWN,SSO,LAG2,10,drawdown,0.15,0.1,rule,1998-10-30,1999-09-24,226,0.2744966457,0.2681538518,0.3017862338,0.01908338208,0.2689251912,0.01145320143,2.689251912,2000_2002,0.7947613763,1.299427005,0.611624488
HWM_DRAWDOWN,SSO,LAG2,10,drawdown,0.15,0.1,rule,1999-10-29,2000-02-22,78,-0.1017593559,-0.04062391535,-0.1224168259,-0.007389152059,0,0,0,2000_2002,0.7947613763,1.299427005,0.611624488
HWM_DRAWDOWN,SSO,LAG2,10,drawdown,0.15,0.1,rule,2003-04-21,2004-07-19,313,0.3672455457,0.5095935262,0.3918082084,0.02218083662,0,0,0,2007_2009,0.6985095639,0.05984877613,11.67124224
HWM_DRAWDOWN,SSO,LAG2,10,drawdown,0.15,0.1,rule,2004-10-28,2005-04-18,117,0.05503482979,0.02622316787,0.05650733612,0.0006567887412,0,0,0,2007_2009,0.6985095639,0.05984877613,11.67124224
HWM_DRAWDOWN,SSO,LAG2,10,drawdown,0.15,0.1,rule,2005-05-17,2005-10-06,99,0.05521343409,0.0214842374,0.05619849417,0.0003627587493,0,0,0,2007_2009,0.6985095639,0.05984877613,11.67124224
HWM_DRAWDOWN,SSO,LAG2,10,drawdown,0.15,0.1,rule,2005-11-01,2006-05-24,140,0.1385229754,0.07738752405,0.1427732299,0.002081151514,0,0,0,2007_2009,0.6985095639,0.05984877613,11.67124224
HWM_DRAWDOWN,SSO,LAG2,10,drawdown,0.15,0.1,rule,2006-08-16,2007-08-06,243,0.2297932351,0.2290048886,0.2363439649,0.005163469257,0.2653073163,0.01469909321,2.653073163,2007_2009,0.6985095639,0.05984877613,11.67124224
HWM_DRAWDOWN,SSO,LAG2,10,drawdown,0.15,0.1,rule,2009-07-14,2010-05-21,216,0.5267447724,0.4337449629,0.5267447724,0,0,0,0,2020,2.137172228,5.819456602,0.3672460118
HWM_DRAWDOWN,SSO,LAG2,10,drawdown,0.15,0.1,rule,2010-09-14,2011-08-03,224,0.3089193612,0.2687880716,0.3089193612,0,0,0,0,2020,2.137172228,5.819456602,0.3672460118
HWM_DRAWDOWN,SSO,LAG2,10,drawdown,0.15,0.1,rule,2012-01-04,2012-06-04,104,0.01679150576,0.006256789965,0.01510086276,-0.0006925237485,0.05594089053,0.006016546952,0.5594089053,2020,2.137172228,5.819456602,0.3672460118
HWM_DRAWDOWN,SSO,LAG2,10,drawdown,0.15,0.1,rule,2012-06-07,2012-11-09,107,0.2655754008,0.1049966462,0.26525483,-0.0001075059124,0.0687753141,0.006132953432,0.687753141,2020,2.137172228,5.819456602,0.3672460118
HWM_DRAWDOWN,SSO,LAG2,10,drawdown,0.15,0.1,rule,2012-11-20,2014-10-14,477,0.3854255915,0.8816494497,0.395395617,0.01360498511,1.603946536,0.02333417785,16.03946536,2020,2.137172228,5.819456602,0.3672460118
HWM_DRAWDOWN,SSO,LAG2,10,drawdown,0.15,0.1,rule,2014-10-22,2015-07-09,178,0.1938699733,0.142146239,0.2052798827,0.006770819174,0.317714925,0.008834517205,3.17714925,2020,2.137172228,5.819456602,0.3672460118
HWM_DRAWDOWN,SSO,LAG2,10,drawdown,0.15,0.1,rule,2016-03-17,2016-06-28,71,-0.01044630575,-0.003220865667,-0.0113748102,-0.0002647253047,0,0,0,2020,2.137172228,5.819456602,0.3672460118
HWM_DRAWDOWN,SSO,LAG2,10,drawdown,0.15,0.1,rule,2016-06-29,2018-04-03,442,0.2922421007,0.6106936795,0.3109669069,0.0253259956,2.031526691,0.02449379438,20.31526691,2020,2.137172228,5.819456602,0.3672460118
HWM_DRAWDOWN,SSO,LAG2,10,drawdown,0.15,0.1,rule,2018-04-04,2018-10-12,134,0.1664434794,0.09033304493,0.1798438881,0.005973305145,0.103184876,0.003018086461,1.03184876,2020,2.137172228,5.819456602,0.3672460118
HWM_DRAWDOWN,SSO,LAG2,10,drawdown,0.15,0.1,rule,2019-06-05,2020-02-28,185,0.1092938447,0.08068627057,0.111548267,0.001489677651,1.216209325,0.01953704253,12.16209325,2020,2.137172228,5.819456602,0.3672460118
HWM_DRAWDOWN,SSO,LAG2,10,drawdown,0.15,0.1,rule,2020-06-30,2022-01-24,395,0.5225426663,1.001629083,0.5563681064,0.03447134414,6.203051781,0.02310326373,62.03051781,2022,-0.9339420167,7.502893466,-0.1244775793
HWM_DRAWDOWN,SSO,LAG2,10,drawdown,0.15,0.1,rule,2023-03-21,2023-10-23,149,0.1271063656,0.07712092885,0.1338570721,0.003531429184,0,0,0,,,,
HWM_DRAWDOWN,SSO,LAG2,10,drawdown,0.15,0.1,rule,2023-11-03,2025-03-11,336,0.341633059,0.5200104093,0.362863441,0.02123474383,4.069322278,0.01391389269,40.69322278,,,,
HWM_DRAWDOWN,SSO,LAG2,10,drawdown,0.15,0.1,rule,2025-05-13,2026-03-20,214,0.1997654162,0.1780475068,0.2122055048,0.008783253519,2.652478648,0.01282966951,26.52478648,,,,
HWM_DRAWDOWN,SSO,LAG2,10,drawdown,0.15,0.1,rule,2026-04-09,2026-09-02,101,0.6412908007,0.2385198031,0.7077192268,0.01585941295,2.989894135,0.02150413258,29.89894135,,,,
BAND_DRAWDOWN,SSO,LAG2,10,drawdown,0.2,0.1,rule,1986-11-21,1987-10-16,227,0.07449238118,0.06810856002,0.07589108209,0.001171776207,0,0,0.482013588,1987,0.08568669651,0.04793690102,1.787489276
BAND_DRAWDOWN,SSO,LAG2,10,drawdown,0.2,0.1,rule,1988-11-23,1990-01-23,293,0.3450595798,0.4194681749,0.3503044029,0.004539032987,0.09995618273,0.03815094263,0.2130853755,2000_2002,0.5851471656,1.239735186,0.4719936743
BAND_DRAWDOWN,SSO,LAG2,10,drawdown,0.2,0.1,rule,1990-05-09,1990-08-06,61,-0.1961332685,-0.06110772308,-0.2280006182,-0.009856338645,0,0,0,2000_2002,0.5851471656,1.239735186,0.4719936743
BAND_DRAWDOWN,SSO,LAG2,10,drawdown,0.2,0.1,rule,1991-01-25,1991-11-20,208,0.2732849592,0.2432537813,0.3047027611,0.01995388267,0,0,0.1499761503,2000_2002,0.5851471656,1.239735186,0.4719936743
BAND_DRAWDOWN,SSO,LAG2,10,drawdown,0.2,0.1,rule,1991-12-16,1992-04-09,80,0.2517992034,0.08046773255,0.2786568345,0.006683790504,0,0,0.1758559156,2000_2002,0.5851471656,1.239735186,0.4719936743
BAND_DRAWDOWN,SSO,LAG2,10,drawdown,0.2,0.1,rule,1992-06-22,1992-10-05,73,0.07312028981,0.02175432535,0.07773606259,0.0012338511,0,0,0.02440952788,2000_2002,0.5851471656,1.239735186,0.4719936743
BAND_DRAWDOWN,SSO,LAG2,10,drawdown,0.2,0.1,rule,1992-10-20,1994-03-28,363,0.1451832397,0.2329029584,0.1571276124,0.01488587399,0,0,0.5281267612,2000_2002,0.5851471656,1.239735186,0.4719936743
BAND_DRAWDOWN,SSO,LAG2,10,drawdown,0.2,0.1,rule,1994-12-22,1996-07-16,394,0.4187655415,0.7776784195,0.4439212202,0.02752385041,0.2304454352,0.03368174734,1.963205475,2000_2002,0.5851471656,1.239735186,0.4719936743
BAND_DRAWDOWN,SSO,LAG2,10,drawdown,0.2,0.1,rule,1996-07-31,1998-08-28,525,0.4507086607,1.274444363,0.4858124635,0.04961930788,0.5110893632,0.01746884412,6.692053571,2000_2002,0.5851471656,1.239735186,0.4719936743
BAND_DRAWDOWN,SSO,LAG2,10,drawdown,0.2,0.1,rule,1998-10-30,1999-09-24,226,0.272906452,0.2681538518,0.3017862338,0.02020795621,0,0,2.719236227,2000_2002,0.5851471656,1.239735186,0.4719936743
BAND_DRAWDOWN,SSO,LAG2,10,drawdown,0.2,0.1,rule,1999-10-29,2000-02-22,78,-0.1070894549,-0.04062391535,-0.1224168259,-0.005498976816,0,0,0,2000_2002,0.5851471656,1.239735186,0.4719936743
BAND_DRAWDOWN,SSO,LAG2,10,drawdown,0.2,0.1,rule,2003-04-21,2004-07-19,313,0.3730971124,0.5095935262,0.3918082084,0.01686074493,0,0,0,2007_2009,1.280558151,0.09483171272,13.50348016
BAND_DRAWDOWN,SSO,LAG2,10,drawdown,0.2,0.1,rule,2004-10-28,2005-04-18,117,0.05539080745,0.02622316787,0.05650733612,0.0004979264202,0,0,0,2007_2009,1.280558151,0.09483171272,13.50348016
BAND_DRAWDOWN,SSO,LAG2,10,drawdown,0.2,0.1,rule,2005-05-17,2005-10-06,99,0.0554521091,0.0214842374,0.05619849417,0.0002748330872,0,0,0,2007_2009,1.280558151,0.09483171272,13.50348016
BAND_DRAWDOWN,SSO,LAG2,10,drawdown,0.2,0.1,rule,2005-11-01,2006-05-24,140,0.1395527791,0.07738752405,0.1427732299,0.001576192395,0,0,0,2007_2009,1.280558151,0.09483171272,13.50348016
BAND_DRAWDOWN,SSO,LAG2,10,drawdown,0.2,0.1,rule,2006-08-16,2007-08-06,243,0.2310970517,0.2290048886,0.2363439649,0.004133575525,1.041967729,0.06165860967,2.148144051,2007_2009,1.280558151,0.09483171272,13.50348016
BAND_DRAWDOWN,SSO,LAG2,10,drawdown,0.2,0.1,rule,2009-07-14,2010-05-21,216,0.5267447724,0.4337449629,0.5267447724,0,0,0,0,2020,-0.1067545594,8.754410312,-0.01219437468
BAND_DRAWDOWN,SSO,LAG2,10,drawdown,0.2,0.1,rule,2010-09-14,2011-08-03,224,0.3089193612,0.2687880716,0.3089193612,0,0,0,0.5838970547,2020,-0.1067545594,8.754410312,-0.01219437468
BAND_DRAWDOWN,SSO,LAG2,10,drawdown,0.2,0.1,rule,2012-01-04,2012-06-04,104,0.06562043776,0.006256789965,0.01510086276,-0.02021224233,1.708122024,0.1911166348,0.6162178141,2020,-0.1067545594,8.754410312,-0.01219437468
BAND_DRAWDOWN,SSO,LAG2,10,drawdown,0.2,0.1,rule,2012-06-07,2012-11-09,107,0.2330390195,0.1049966462,0.26525483,0.01094513408,0,0,0.6270813723,2020,-0.1067545594,8.754410312,-0.01219437468
BAND_DRAWDOWN,SSO,LAG2,10,drawdown,0.2,0.1,rule,2012-11-20,2014-10-14,477,0.3589729626,0.8816494497,0.395395617,0.05018198767,0,0,15.18473033,2020,-0.1067545594,8.754410312,-0.01219437468
BAND_DRAWDOWN,SSO,LAG2,10,drawdown,0.2,0.1,rule,2014-10-22,2015-07-09,178,0.1941402594,0.142146239,0.2052798827,0.006609680139,1.71823902,0.05104326399,2.998079009,2020,-0.1067545594,8.754410312,-0.01219437468
BAND_DRAWDOWN,SSO,LAG2,10,drawdown,0.2,0.1,rule,2016-03-17,2016-06-28,71,-0.009791688659,-0.003220865667,-0.0113748102,-0.0004512135073,0,0,0,2020,-0.1067545594,8.754410312,-0.01219437468
BAND_DRAWDOWN,SSO,LAG2,10,drawdown,0.2,0.1,rule,2016-06-29,2018-04-03,442,0.2798516734,0.6106936795,0.3109669069,0.04228707902,0,0,19.44163229,2020,-0.1067545594,8.754410312,-0.01219437468
BAND_DRAWDOWN,SSO,LAG2,10,drawdown,0.2,0.1,rule,2018-04-04,2018-10-12,134,0.1678370685,0.09033304493,0.1798438881,0.005348916682,0,0,1.00383409,2020,-0.1067545594,8.754410312,-0.01219437468
BAND_DRAWDOWN,SSO,LAG2,10,drawdown,0.2,0.1,rule,2019-06-05,2020-02-28,185,0.1049086686,0.08068627057,0.111548267,0.004396007055,0,0,12.00367002,2020,-0.1067545594,8.754410312,-0.01219437468
BAND_DRAWDOWN,SSO,LAG2,10,drawdown,0.2,0.1,rule,2020-06-30,2022-01-24,395,0.5125389788,1.001629083,0.5563681064,0.04481289581,5.141897674,0.02030626314,57.90058061,2022,-2.49851262,9.085064097,-0.2750132078
BAND_DRAWDOWN,SSO,LAG2,10,drawdown,0.2,0.1,rule,2023-03-21,2023-10-23,149,0.1283923971,0.07712092885,0.1338570721,0.002857052432,0,0,0,,,,
BAND_DRAWDOWN,SSO,LAG2,10,drawdown,0.2,0.1,rule,2023-11-03,2025-03-11,336,0.3412550182,0.5200104093,0.362863441,0.02161589989,6.465430001,0.02366538107,37.31902193,,,,
BAND_DRAWDOWN,SSO,LAG2,10,drawdown,0.2,0.1,rule,2025-05-13,2026-03-20,214,0.1961278129,0.1780475068,0.2122055048,0.01136877628,0,0,25.0461606,,,,
BAND_DRAWDOWN,SSO,LAG2,10,drawdown,0.2,0.1,rule,2026-04-09,2026-09-02,101,0.6475917158,0.2385198031,0.7077192268,0.01432780213,0,0,28.58714618,,,,
NO_RESERVE,SSO,LAG2,25,staged,0.15,0.1,rule,1986-11-21,1987-10-16,227,0.0740977841,0.06650479341,0.0740977841,0,0,0,0.5244734273,1987,0,0,
NO_RESERVE,SSO,LAG2,25,staged,0.15,0.1,rule,1988-11-23,1990-01-23,293,0.3485658632,0.4173368413,0.3485658632,0,0,0,0.157262652,2000_2002,0,0,
NO_RESERVE,SSO,LAG2,25,staged,0.15,0.1,rule,1990-05-09,1990-08-06,61,-0.2327466517,-0.06251747125,-0.2327466517,0,0,0,0,2000_2002,0,0,
NO_RESERVE,SSO,LAG2,25,staged,0.15,0.1,rule,1991-01-25,1991-11-20,208,0.3023100839,0.2413870339,0.3023100839,0,0,0,0.09533228855,2000_2002,0,0,
NO_RESERVE,SSO,LAG2,25,staged,0.15,0.1,rule,1991-12-16,1992-04-09,80,0.2725690049,0.07884540863,0.2725690049,0,0,0,0.181400515,2000_2002,0,0,
NO_RESERVE,SSO,LAG2,25,staged,0.15,0.1,rule,1992-06-22,1992-10-05,73,0.0721174275,0.02022015969,0.0721174275,0,0,0,0.008393944525,2000_2002,0,0,
NO_RESERVE,SSO,LAG2,25,staged,0.15,0.1,rule,1992-10-20,1994-03-28,363,0.1559162759,0.2310517528,0.1559162759,0,0,0,0.5457008939,2000_2002,0,0,
NO_RESERVE,SSO,LAG2,25,staged,0.15,0.1,rule,1994-12-22,1996-07-16,394,0.4425364383,0.7750092327,0.4425364383,0,0,0,1.948239137,2000_2002,0,0,
NO_RESERVE,SSO,LAG2,25,staged,0.15,0.1,rule,1996-07-31,1998-08-28,525,0.4847370393,1.271029281,0.4847370393,0,0,0,7.212651086,2000_2002,0,0,
NO_RESERVE,SSO,LAG2,25,staged,0.15,0.1,rule,1998-10-30,1999-09-24,226,0.2996164132,0.2662497168,0.2996164132,0,0,0,2.873064874,2000_2002,0,0,
NO_RESERVE,SSO,LAG2,25,staged,0.15,0.1,rule,1999-10-29,2000-02-22,78,-0.1265591641,-0.04206441999,-0.1265591641,0,0,0,0,2000_2002,0,0,
NO_RESERVE,SSO,LAG2,25,staged,0.15,0.1,rule,2003-04-21,2004-07-19,313,0.3901303769,0.5073268693,0.3901303769,0,0,0,0,2007_2009,0,0,
NO_RESERVE,SSO,LAG2,25,staged,0.15,0.1,rule,2004-10-28,2005-04-18,117,0.05314149505,0.02468229224,0.05314149505,0,0,0,0,2007_2009,0,0,
NO_RESERVE,SSO,LAG2,25,staged,0.15,0.1,rule,2005-05-17,2005-10-06,99,0.05212412447,0.01995047728,0.05212412447,0,0,0,0,2007_2009,0,0,
NO_RESERVE,SSO,LAG2,25,staged,0.15,0.1,rule,2005-11-01,2006-05-24,140,0.1397028787,0.07576982507,0.1397028787,0,0,0,0,2007_2009,0,0,
NO_RESERVE,SSO,LAG2,25,staged,0.15,0.1,rule,2006-08-16,2007-08-06,243,0.2344340345,0.2271595359,0.2344340345,0,0,0,0,2007_2009,0,0,
NO_RESERVE,SSO,LAG2,25,staged,0.15,0.1,rule,2009-07-14,2010-05-21,216,0.5240528338,0.4315921927,0.5240528338,0,0,0,0,2020,0,0,
NO_RESERVE,SSO,LAG2,25,staged,0.15,0.1,rule,2010-09-14,2011-08-03,224,0.3066971584,0.2668829844,0.3066971584,0,0,0,0,2020,0,0,
NO_RESERVE,SSO,LAG2,25,staged,0.15,0.1,rule,2012-01-04,2012-06-04,104,0.01144218614,0.004745893884,0.01144218614,0,0,0,0,2020,0,0,
NO_RESERVE,SSO,LAG2,25,staged,0.15,0.1,rule,2012-06-07,2012-11-09,107,0.2607826437,0.1033374921,0.2607826437,0,0,0,0,2020,0,0,
NO_RESERVE,SSO,LAG2,25,staged,0.15,0.1,rule,2012-11-20,2014-10-14,477,0.3942909423,0.8788241502,0.3942909423,0,0,0,11.67815956,2020,0,0,
NO_RESERVE,SSO,LAG2,25,staged,0.15,0.1,rule,2014-10-22,2015-07-09,178,0.2027383336,0.1404313047,0.2027383336,0,0,0,2.514330886,2020,0,0,
NO_RESERVE,SSO,LAG2,25,staged,0.15,0.1,rule,2016-03-17,2016-06-28,71,-0.01662869007,-0.004717531034,-0.01662869007,0,0,0,0,2020,0,0,
NO_RESERVE,SSO,LAG2,25,staged,0.15,0.1,rule,2016-06-29,2018-04-03,442,0.3098484026,0.6082752205,0.3098484026,0,0,0,15.65967088,2020,0,0,
NO_RESERVE,SSO,LAG2,25,staged,0.15,0.1,rule,2018-04-04,2018-10-12,134,0.1764584911,0.08869590823,0.1764584911,0,0,0,0.682559853,2020,0,0,
NO_RESERVE,SSO,LAG2,25,staged,0.15,0.1,rule,2019-06-05,2020-02-28,185,0.1092742633,0.07906361852,0.1092742633,0,0,0,8.941413905,2020,0,0,
NO_RESERVE,SSO,LAG2,25,staged,0.15,0.1,rule,2020-06-30,2022-01-24,395,0.5548780868,0.9986236335,0.5548780868,0,0,0,47.6914557,2022,0,0,
NO_RESERVE,SSO,LAG2,25,staged,0.15,0.1,rule,2023-03-21,2023-10-23,149,0.1309797057,0.07550363016,0.1309797057,0,0,0,0,,,,
NO_RESERVE,SSO,LAG2,25,staged,0.15,0.1,rule,2023-11-03,2025-03-11,336,0.3613501362,0.5177281114,0.3613501362,0,0,0,26.79551987,,,,
NO_RESERVE,SSO,LAG2,25,staged,0.15,0.1,rule,2025-05-13,2026-03-20,214,0.2100681582,0.1762786667,0.2100681582,0,0,0,20.03005881,,,,
NO_RESERVE,SSO,LAG2,25,staged,0.15,0.1,rule,2026-04-09,2026-09-02,101,0.701311709,0.2366601638,0.701311709,0,0,0,23.44883717,,,,
FIXED_90_10,SSO,LAG2,25,staged,0.15,0.1,quarterly,1986-11-21,1987-10-16,227,0.08441218892,0.06650479341,0.0740977841,-0.008608531794,0.05239547332,0.02520309101,0.4740986941,1987,0.08084788504,0.04788906881,1.688232556
FIXED_90_10,SSO,LAG2,25,staged,0.15,0.1,quarterly,1988-11-23,1990-01-23,293,0.3236873574,0.4173368413,0.3485658632,0.02171743862,0.05050117966,0.02013688811,0.1803977912,2000_2002,0.34522609,1.086613347,0.31770831
FIXED_90_10,SSO,LAG2,25,staged,0.15,0.1,quarterly,1990-05-09,1990-08-06,61,-0.2014442471,-0.06251747125,-0.2327466517,-0.009743758908,0.009278617272,0.01680110405,0,2000_2002,0.34522609,1.086613347,0.31770831
FIXED_90_10,SSO,LAG2,25,staged,0.15,0.1,quarterly,1991-01-25,1991-11-20,208,0.2787354045,0.2413870339,0.3023100839,0.01495454396,0.03791051874,0.01690918022,0.1228303136,2000_2002,0.34522609,1.086613347,0.31770831
FIXED_90_10,SSO,LAG2,25,staged,0.15,0.1,quarterly,1991-12-16,1992-04-09,80,0.2498088213,0.07884540863,0.2725690049,0.005682180416,0.01902858967,0.02248396075,0.1640303225,2000_2002,0.34522609,1.086613347,0.31770831
FIXED_90_10,SSO,LAG2,25,staged,0.15,0.1,quarterly,1992-06-22,1992-10-05,73,0.06840351585,0.02022015969,0.0721174275,0.0009975658954,0.006060498352,0.01034288899,0.0133044,2000_2002,0.34522609,1.086613347,0.31770831
FIXED_90_10,SSO,LAG2,25,staged,0.15,0.1,quarterly,1992-10-20,1994-03-28,363,0.1432059664,0.2310517528,0.1559162759,0.01586242366,0.03633344849,0.01154747763,0.4918852029,2000_2002,0.34522609,1.086613347,0.31770831
FIXED_90_10,SSO,LAG2,25,staged,0.15,0.1,quarterly,1994-12-22,1996-07-16,394,0.4021595321,0.7750092327,0.4425364383,0.04445925172,0.1805973746,0.02943427228,1.716705082,2000_2002,0.34522609,1.086613347,0.31770831
FIXED_90_10,SSO,LAG2,25,staged,0.15,0.1,quarterly,1996-07-31,1998-08-28,525,0.440566234,1.271029281,0.4847370393,0.06267674088,0.4905735971,0.01886452364,5.918505795,2000_2002,0.34522609,1.086613347,0.31770831
FIXED_90_10,SSO,LAG2,25,staged,0.15,0.1,quarterly,1998-10-30,1999-09-24,226,0.2798902037,0.2662497168,0.2996164132,0.01377688806,0.4243834803,0.02005023784,2.373534957,2000_2002,0.34522609,1.086613347,0.31770831
FIXED_90_10,SSO,LAG2,25,staged,0.15,0.1,quarterly,1999-10-29,2000-02-22,78,-0.1039085397,-0.04206441999,-0.1265591641,-0.008130985105,0.1406221389,0.02228068876,0,2000_2002,0.34522609,1.086613347,0.31770831
FIXED_90_10,SSO,LAG2,25,staged,0.15,0.1,quarterly,2003-04-21,2004-07-19,313,0.3503517568,0.5073268693,0.3901303769,0.03616632741,0.3325229462,0.02129361135,0,2007_2009,0.3307666355,0.091525686,3.613921402
FIXED_90_10,SSO,LAG2,25,staged,0.15,0.1,quarterly,2004-10-28,2005-04-18,117,0.05149010084,0.02468229224,0.05314149505,0.0007389975191,0.07455598309,0.0148209825,0,2007_2009,0.3307666355,0.091525686,3.613921402
FIXED_90_10,SSO,LAG2,25,staged,0.15,0.1,quarterly,2005-05-17,2005-10-06,99,0.05091544103,0.01995047728,0.05212412447,0.0004468824397,0.05684887543,0.01461170235,0,2007_2009,0.3307666355,0.091525686,3.613921402
FIXED_90_10,SSO,LAG2,25,staged,0.15,0.1,quarterly,2005-11-01,2006-05-24,140,0.130298822,0.07576982507,0.1397028787,0.00462766036,0.06139744885,0.01039535849,0,2007_2009,0.3307666355,0.091525686,3.613921402
FIXED_90_10,SSO,LAG2,25,staged,0.15,0.1,quarterly,2006-08-16,2007-08-06,243,0.2162973052,0.2271595359,0.2344340345,0.01438597561,0.231979582,0.01770110346,0.236398541,2007_2009,0.3307666355,0.091525686,3.613921402
FIXED_90_10,SSO,LAG2,25,staged,0.15,0.1,quarterly,2009-07-14,2010-05-21,216,0.4696720619,0.4315921927,0.5240528338,0.03093722908,0.3545662751,0.02356317633,0,2020,0.4208176228,6.479694919,0.06494404876
FIXED_90_10,SSO,LAG2,25,staged,0.15,0.1,quarterly,2010-09-14,2011-08-03,224,0.2768874138,0.2668829844,0.3066971584,0.02040784468,0.3599972648,0.02543158996,0,2020,0.4208176228,6.479694919,0.06494404876
FIXED_90_10,SSO,LAG2,25,staged,0.15,0.1,quarterly,2012-01-04,2012-06-04,104,0.02006110552,0.004745893884,0.01144218614,-0.003531191359,0.2170878095,0.03631173716,0,2020,0.4208176228,6.479694919,0.06494404876
FIXED_90_10,SSO,LAG2,25,staged,0.15,0.1,quarterly,2012-06-07,2012-11-09,107,0.2318881845,0.1033374921,0.2607826437,0.009838764435,0.1229726891,0.01715824746,0,2020,0.4208176228,6.479694919,0.06494404876
FIXED_90_10,SSO,LAG2,25,staged,0.15,0.1,quarterly,2012-11-20,2014-10-14,477,0.3508877765,0.8788241502,0.3942909423,0.0600012064,0.9727216011,0.02213564001,10.05833402,2020,0.4208176228,6.479694919,0.06494404876
FIXED_90_10,SSO,LAG2,25,staged,0.15,0.1,quarterly,2014-10-22,2015-07-09,178,0.1812338605,0.1404313047,0.2027383336,0.01284258706,0.2301429007,0.01002975029,1.967499073,2020,0.4208176228,6.479694919,0.06494404876
FIXED_90_10,SSO,LAG2,25,staged,0.15,0.1,quarterly,2016-03-17,2016-06-28,71,-0.01422721181,-0.004717531034,-0.01662869007,-0.0006878256583,0.09554893536,0.01353092587,0,2020,0.4208176228,6.479694919,0.06494404876
FIXED_90_10,SSO,LAG2,25,staged,0.15,0.1,quarterly,2016-06-29,2018-04-03,442,0.2777740363,0.6082752205,0.3098484026,0.04364456443,1.223174008,0.02360476427,12.02709919,2020,0.4208176228,6.479694919,0.06494404876
FIXED_90_10,SSO,LAG2,25,staged,0.15,0.1,quarterly,2018-04-04,2018-10-12,134,0.1634314064,0.08869590823,0.1764584911,0.005822767339,0.6895463374,0.03209450573,0.5880532152,2020,0.4208176228,6.479694919,0.06494404876
FIXED_90_10,SSO,LAG2,25,staged,0.15,0.1,quarterly,2019-06-05,2020-02-28,185,0.1050870294,0.07906361852,0.1092742633,0.002774941502,0.7832039203,0.02043171438,6.99748548,2020,0.4208176228,6.479694919,0.06494404876
FIXED_90_10,SSO,LAG2,25,staged,0.15,0.1,quarterly,2020-06-30,2022-01-24,395,0.4948216078,0.9986236335,0.5548780868,0.06179499939,4.991714576,0.03178114139,35.16484633,2022,-0.4160378747,7.203122997,-0.05775798565
FIXED_90_10,SSO,LAG2,25,staged,0.15,0.1,quarterly,2023-03-21,2023-10-23,149,0.1254809221,0.07550363016,0.1309797057,0.002882260591,0.8550894331,0.01776977792,0,,,,
FIXED_90_10,SSO,LAG2,25,staged,0.15,0.1,quarterly,2023-11-03,2025-03-11,336,0.3295944965,0.5177281114,0.3613501362,0.03192294769,3.021794256,0.01833267811,20.67399219,,,,
FIXED_90_10,SSO,LAG2,25,staged,0.15,0.1,quarterly,2025-05-13,2026-03-20,214,0.1949757591,0.1762786667,0.2100681582,0.01068663881,2.565814723,0.022033102,14.61552055,,,,
FIXED_90_10,SSO,LAG2,25,staged,0.15,0.1,quarterly,2026-04-09,2026-09-02,101,0.6261776098,0.2366601638,0.701311709,0.01805455818,2.061002875,0.02609047526,16.7977291,,,,
FIXED_85_15,SSO,LAG2,25,staged,0.15,0.1,quarterly,1986-11-21,1987-10-16,227,0.08860801687,0.06650479341,0.0740977841,-0.01208701664,0.07418269971,0.03791130019,0.4490742779,1987,0.1189500837,0.07170529539,1.658874468
FIXED_85_15,SSO,LAG2,25,staged,0.15,0.1,quarterly,1988-11-23,1990-01-23,293,0.3111023256,0.4173368413,0.3485658632,0.03285938427,0.07163367742,0.03022278627,0.1895331493,2000_2002,0.4822962676,1.600980114,0.3012506298
FIXED_85_15,SSO,LAG2,25,staged,0.15,0.1,quarterly,1990-05-09,1990-08-06,61,-0.1857240673,-0.06251747125,-0.2327466517,-0.01449395997,0.0131625038,0.02518155182,0,2000_2002,0.4822962676,1.600980114,0.3012506298
FIXED_85_15,SSO,LAG2,25,staged,0.15,0.1,quarterly,1991-01-25,1991-11-20,208,0.2668681205,0.2413870339,0.3023100839,0.02258718214,0.05407243569,0.02547211796,0.1350272705,2000_2002,0.4822962676,1.600980114,0.3012506298
FIXED_85_15,SSO,LAG2,25,staged,0.15,0.1,quarterly,1991-12-16,1992-04-09,80,0.238376159,0.07884540863,0.2725690049,0.008575559795,0.0268757851,0.03379709562,0.1550731801,2000_2002,0.4822962676,1.600980114,0.3012506298
FIXED_85_15,SSO,LAG2,25,staged,0.15,0.1,quarterly,1992-06-22,1992-10-05,73,0.06652295109,0.02022015969,0.0721174275,0.001504013539,0.008548990595,0.01550985873,0.015610818,2000_2002,0.4822962676,1.600980114,0.3012506298
FIXED_85_15,SSO,LAG2,25,staged,0.15,0.1,quarterly,1992-10-20,1994-03-28,363,0.1368748626,0.2310517528,0.1559162759,0.02382954381,0.05103829101,0.01734117446,0.4646485389,2000_2002,0.4822962676,1.600980114,0.3012506298
FIXED_85_15,SSO,LAG2,25,staged,0.15,0.1,quarterly,1994-12-22,1996-07-16,394,0.3820856835,0.7750092327,0.4425364383,0.06704146404,0.250826801,0.04427385545,1.603314571,2000_2002,0.4822962676,1.600980114,0.3012506298
FIXED_85_15,SSO,LAG2,25,staged,0.15,0.1,quarterly,1996-07-31,1998-08-28,525,0.4185145179,1.271029281,0.4847370393,0.0946902706,0.659981514,0.02838059699,5.329138073,2000_2002,0.4822962676,1.600980114,0.3012506298
FIXED_85_15,SSO,LAG2,25,staged,0.15,0.1,quarterly,1998-10-30,1999-09-24,226,0.2695257792,0.2662497168,0.2996164132,0.02110079048,0.5646254204,0.03028344788,2.141226979,2000_2002,0.4822962676,1.600980114,0.3012506298
FIXED_85_15,SSO,LAG2,25,staged,0.15,0.1,quarterly,1999-10-29,2000-02-22,78,-0.09288621904,-0.04206441999,-0.1265591641,-0.0120136602,0.186022739,0.03349596656,0,2000_2002,0.4822962676,1.600980114,0.3012506298
FIXED_85_15,SSO,LAG2,25,staged,0.15,0.1,quarterly,2003-04-21,2004-07-19,313,0.330601079,0.5073268693,0.3901303769,0.05452122031,0.4555610657,0.03210195835,0,2007_2009,0.4545848538,0.1311212196,3.466905321
FIXED_85_15,SSO,LAG2,25,staged,0.15,0.1,quarterly,2004-10-28,2005-04-18,117,0.05056508969,0.02468229224,0.05314149505,0.001153446521,0.1009039638,0.02226704305,0,2007_2009,0.4545848538,0.1311212196,3.466905321
FIXED_85_15,SSO,LAG2,25,staged,0.15,0.1,quarterly,2005-05-17,2005-10-06,99,0.0502555609,0.01995047728,0.05212412447,0.0006910746386,0.07686609564,0.0218998964,0,2007_2009,0.4545848538,0.1311212196,3.466905321
FIXED_85_15,SSO,LAG2,25,staged,0.15,0.1,quarterly,2005-11-01,2006-05-24,140,0.1255898793,0.07576982507,0.1397028787,0.006959379871,0.08278278215,0.015586598,0,2007_2009,0.4545848538,0.1311212196,3.466905321
FIXED_85_15,SSO,LAG2,25,staged,0.15,0.1,quarterly,2006-08-16,2007-08-06,243,0.2072057306,0.2271595359,0.2344340345,0.02167829531,0.3125368288,0.02656425796,0.4734878354,2007_2009,0.4545848538,0.1311212196,3.466905321
FIXED_85_15,SSO,LAG2,25,staged,0.15,0.1,quarterly,2009-07-14,2010-05-21,216,0.442564599,0.4315921927,0.5240528338,0.04678889495,0.489992148,0.03548550728,0,2020,0.4942851298,9.076131535,0.05445989053
FIXED_85_15,SSO,LAG2,25,staged,0.15,0.1,quarterly,2010-09-14,2011-08-03,224,0.2618849382,0.2668829844,0.3066971584,0.03085953462,0.493845833,0.03837486081,0,2020,0.4942851298,9.076131535,0.05445989053
FIXED_85_15,SSO,LAG2,25,staged,0.15,0.1,quarterly,2012-01-04,2012-06-04,104,0.02357544484,0.004745893884,0.01144218614,-0.004962468768,0.2967921501,0.0546552369,0,2020,0.4942851298,9.076131535,0.05445989053
FIXED_85_15,SSO,LAG2,25,staged,0.15,0.1,quarterly,2012-06-07,2012-11-09,107,0.2177354985,0.1033374921,0.2607826437,0.01474237304,0.167414139,0.02580038962,0.01252881817,2020,0.4942851298,9.076131535,0.05445989053
FIXED_85_15,SSO,LAG2,25,staged,0.15,0.1,quarterly,2012-11-20,2014-10-14,477,0.3295341004,0.8788241502,0.3942909423,0.09023214906,1.298654516,0.03328314418,9.06851228,2020,0.4942851298,9.076131535,0.05445989053
FIXED_85_15,SSO,LAG2,25,staged,0.15,0.1,quarterly,2014-10-22,2015-07-09,178,0.1705898374,0.1404313047,0.2027383336,0.01928601731,0.3022941643,0.0150773509,1.720264449,2020,0.4942851298,9.076131535,0.05445989053
FIXED_85_15,SSO,LAG2,25,staged,0.15,0.1,quarterly,2016-03-17,2016-06-28,71,-0.01306475507,-0.004717531034,-0.01662869007,-0.001020172099,0.1263940017,0.02034146665,0,2020,0.4942851298,9.076131535,0.05445989053
FIXED_85_15,SSO,LAG2,25,staged,0.15,0.1,quarterly,2016-06-29,2018-04-03,442,0.2618973129,0.6082752205,0.3098484026,0.06565556367,1.59599242,0.03550659257,10.41917866,2020,0.4942851298,9.076131535,0.05445989053
FIXED_85_15,SSO,LAG2,25,staged,0.15,0.1,quarterly,2018-04-04,2018-10-12,134,0.1566766526,0.08869590823,0.1764584911,0.008867685869,0.8897118505,0.04810587647,0.5388607162,2020,0.4942851298,9.076131535,0.05445989053
FIXED_85_15,SSO,LAG2,25,staged,0.15,0.1,quarterly,2019-06-05,2020-02-28,185,0.1025518727,0.07906361852,0.1092742633,0.004460141791,1.010118347,0.03071099627,6.116664883,2020,0.4942851298,9.076131535,0.05445989053
FIXED_85_15,SSO,LAG2,25,staged,0.15,0.1,quarterly,2020-06-30,2022-01-24,395,0.4651293977,0.9986236335,0.5548780868,0.0932700881,6.355631179,0.04789704448,29.79118506,2022,-0.6234517254,9.660565821,-0.06453573599
FIXED_85_15,SSO,LAG2,25,staged,0.15,0.1,quarterly,2023-03-21,2023-10-23,149,0.1225462989,0.07550363016,0.1309797057,0.00442625084,1.08707123,0.02668418047,0,,,,
FIXED_85_15,SSO,LAG2,25,staged,0.15,0.1,quarterly,2023-11-03,2025-03-11,336,0.313763555,0.5177281114,0.3613501362,0.04812323292,3.805795322,0.02763836092,17.93171938,,,,
FIXED_85_15,SSO,LAG2,25,staged,0.15,0.1,quarterly,2025-05-13,2026-03-20,214,0.1872560107,0.1762786667,0.2100681582,0.01620513591,3.199287772,0.03318428373,12.32480628,,,,
FIXED_85_15,SSO,LAG2,25,staged,0.15,0.1,quarterly,2026-04-09,2026-09-02,101,0.589365405,0.2366601638,0.701311709,0.02720725563,2.560485071,0.03924704207,14.02361251,,,,
HWM_RESERVE,SSO,LAG2,25,staged,0.15,0.1,rule,1986-11-21,1987-10-16,227,0.08410982332,0.06650479341,0.0740977841,-0.008357340709,0.05190515503,0.02262333308,0.5190515503,1987,0.0218583963,0.004651812706,4.698898618
HWM_RESERVE,SSO,LAG2,25,staged,0.15,0.1,rule,1988-11-23,1990-01-23,293,0.3506155481,0.4173368413,0.3485658632,-0.001771350339,0.01832912387,0.006551729976,0.1832912387,2000_2002,0,0.1035943394,0
HWM_RESERVE,SSO,LAG2,25,staged,0.15,0.1,rule,1990-05-09,1990-08-06,61,-0.232892552,-0.06251747125,-0.2327466517,4.634026698e-05,0,0,0,2000_2002,0,0.1035943394,0
HWM_RESERVE,SSO,LAG2,25,staged,0.15,0.1,rule,1991-01-25,1991-11-20,208,0.3029037417,0.2413870339,0.3023100839,-0.0003730815557,0.01011282147,0.004042155801,0.1011282147,2000_2002,0,0.1035943394,0
HWM_RESERVE,SSO,LAG2,25,staged,0.15,0.1,rule,1991-12-16,1992-04-09,80,0.2737286662,0.07884540863,0.2725690049,-0.0002867871175,0.01740251062,0.01823001535,0.1832798816,2000_2002,0,0.1035943394,0
HWM_RESERVE,SSO,LAG2,25,staged,0.15,0.1,rule,1992-06-22,1992-10-05,73,0.07211304477,0.02022015969,0.0721174275,1.175176331e-06,0.001019750552,0.001538202424,0.01019750552,2000_2002,0,0.1035943394,0
HWM_RESERVE,SSO,LAG2,25,staged,0.15,0.1,rule,1992-10-20,1994-03-28,363,0.1563275632,0.2310517528,0.1559162759,-0.0005103672068,0.05502555876,0.01540362599,0.5502555876,2000_2002,0,0.1035943394,0
HWM_RESERVE,SSO,LAG2,25,staged,0.15,0.1,rule,1994-12-22,1996-07-16,394,0.4394847574,0.7750092327,0.4425364383,0.003316484063,0.1930729333,0.02765201473,1.930729333,2000_2002,0,0.1035943394,0
HWM_RESERVE,SSO,LAG2,25,staged,0.15,0.1,rule,1996-07-31,1998-08-28,525,0.4788843407,1.271029281,0.4847370393,0.008196774437,0.6985052472,0.02272969414,6.985052472,2000_2002,0,0.1035943394,0
HWM_RESERVE,SSO,LAG2,25,staged,0.15,0.1,rule,1998-10-30,1999-09-24,226,0.3003420911,0.2662497168,0.2996164132,-0.0005028206723,0.3050138094,0.01148061576,3.050138094,2000_2002,0,0.1035943394,0
HWM_RESERVE,SSO,LAG2,25,staged,0.15,0.1,rule,1999-10-29,2000-02-22,78,-0.1275597757,-0.04206441999,-0.1265591641,0.0003640396794,0,0,0,2000_2002,0,0.1035943394,0
HWM_RESERVE,SSO,LAG2,25,staged,0.15,0.1,rule,2003-04-21,2004-07-19,313,0.3901303769,0.5073268693,0.3901303769,0,0,0,0,2007_2009,0,0,
HWM_RESERVE,SSO,LAG2,25,staged,0.15,0.1,rule,2004-10-28,2005-04-18,117,0.05314149505,0.02468229224,0.05314149505,0,0,0,0,2007_2009,0,0,
HWM_RESERVE,SSO,LAG2,25,staged,0.15,0.1,rule,2005-05-17,2005-10-06,99,0.05212412447,0.01995047728,0.05212412447,0,0,0,0,2007_2009,0,0,
HWM_RESERVE,SSO,LAG2,25,staged,0.15,0.1,rule,2005-11-01,2006-05-24,140,0.1397028787,0.07576982507,0.1397028787,0,0,0,0,2007_2009,0,0,
HWM_RESERVE,SSO,LAG2,25,staged,0.15,0.1,rule,2006-08-16,2007-08-06,243,0.2344340345,0.2271595359,0.2344340345,0,0,0,0,2007_2009,0,0,
HWM_RESERVE,SSO,LAG2,25,staged,0.15,0.1,rule,2009-07-14,2010-05-21,216,0.5240528338,0.4315921927,0.5240528338,0,0,0,0,2020,0.1385952391,0.8416748217,0.1646660154
HWM_RESERVE,SSO,LAG2,25,staged,0.15,0.1,rule,2010-09-14,2011-08-03,224,0.3066971584,0.2668829844,0.3066971584,0,0,0,0,2020,0.1385952391,0.8416748217,0.1646660154
HWM_RESERVE,SSO,LAG2,25,staged,0.15,0.1,rule,2012-01-04,2012-06-04,104,0.01144218614,0.004745893884,0.01144218614,0,0,0,0,2020,0.1385952391,0.8416748217,0.1646660154
HWM_RESERVE,SSO,LAG2,25,staged,0.15,0.1,rule,2012-06-07,2012-11-09,107,0.2607826437,0.1033374921,0.2607826437,0,0,0,0,2020,0.1385952391,0.8416748217,0.1646660154
HWM_RESERVE,SSO,LAG2,25,staged,0.15,0.1,rule,2012-11-20,2014-10-14,477,0.3889131915,0.8788241502,0.3942909423,0.007332113239,1.137891165,0.02151780454,11.37891165,2020,0.1385952391,0.8416748217,0.1646660154
HWM_RESERVE,SSO,LAG2,25,staged,0.15,0.1,rule,2014-10-22,2015-07-09,178,0.197711803,0.1404313047,0.2027383336,0.002981188209,0.2269482294,0.007884691673,2.538295893,2020,0.1385952391,0.8416748217,0.1646660154
HWM_RESERVE,SSO,LAG2,25,staged,0.15,0.1,rule,2016-03-17,2016-06-28,71,-0.01663798114,-0.004717531034,-0.01662869007,2.664386213e-06,0,0,0,2020,0.1385952391,0.8416748217,0.1646660154
HWM_RESERVE,SSO,LAG2,25,staged,0.15,0.1,rule,2016-06-29,2018-04-03,442,0.3096739988,0.6082752205,0.3098484026,0.0002344144645,1.516610622,0.023205647,15.16610622,2020,0.1385952391,0.8416748217,0.1646660154
HWM_RESERVE,SSO,LAG2,25,staged,0.15,0.1,rule,2018-04-04,2018-10-12,134,0.1758782657,0.08869590823,0.1764584911,0.0002579706747,0.09680084693,0.003490515713,0.9680084693,2020,0.1385952391,0.8416748217,0.1646660154
HWM_RESERVE,SSO,LAG2,25,staged,0.15,0.1,rule,2019-06-05,2020-02-28,185,0.1150036278,0.07906361852,0.1092742633,-0.003780009857,0.8777042447,0.0175419505,8.777042447,2020,0.1385952391,0.8416748217,0.1646660154
HWM_RESERVE,SSO,LAG2,25,staged,0.15,0.1,rule,2020-06-30,2022-01-24,395,0.5501453182,0.9986236335,0.5548780868,0.004782391442,4.626780656,0.02234537151,46.26780656,2022,1.508769728,1.665381896,0.9059602077
HWM_RESERVE,SSO,LAG2,25,staged,0.15,0.1,rule,2023-03-21,2023-10-23,149,0.1308539947,0.07550363016,0.1309797057,6.573640355e-05,0,0,0,,,,
HWM_RESERVE,SSO,LAG2,25,staged,0.15,0.1,rule,2023-11-03,2025-03-11,336,0.3640207941,0.5177281114,0.3613501362,-0.002650693351,2.727472192,0.01212788239,27.27472192,,,,
HWM_RESERVE,SSO,LAG2,25,staged,0.15,0.1,rule,2025-05-13,2026-03-20,214,0.210754031,0.1762786667,0.2100681582,-0.0004824816817,2.011735425,0.01242181943,20.11735425,,,,
HWM_RESERVE,SSO,LAG2,25,staged,0.15,0.1,rule,2026-04-09,2026-09-02,101,0.6952335531,0.2366601638,0.701311709,0.001430630623,1.891361592,0.01710533898,23.21248941,,,,
ASYMMETRIC_RESERVE_BAND,SSO,LAG2,25,staged,0.2,0.1,rule,1986-11-21,1987-10-16,227,0.08867747102,0.06650479341,0.0740977841,-0.01214448364,0.2051566197,0.09646962987,0.4903080914,1987,0.07531798135,0.03273469702,2.300860805
ASYMMETRIC_RESERVE_BAND,SSO,LAG2,25,staged,0.2,0.1,rule,1988-11-23,1990-01-23,293,0.3640444364,0.4173368413,0.3485658632,-0.01331059908,0.1674138658,0.06194507078,0.2200475439,2000_2002,0,0.569734252,0
ASYMMETRIC_RESERVE_BAND,SSO,LAG2,25,staged,0.2,0.1,rule,1990-05-09,1990-08-06,61,-0.2340623333,-0.06251747125,-0.2327466517,0.0004182004017,0,0,0,2000_2002,0,0.569734252,0
ASYMMETRIC_RESERVE_BAND,SSO,LAG2,25,staged,0.2,0.1,rule,1991-01-25,1991-11-20,208,0.3157362012,0.2413870339,0.3023100839,-0.008396298764,0.373269026,0.1506981363,0.1342072196,2000_2002,0,0.569734252,0
ASYMMETRIC_RESERVE_BAND,SSO,LAG2,25,staged,0.2,0.1,rule,1991-12-16,1992-04-09,80,0.2377034073,0.07884540863,0.2725690049,0.008746651051,0,0,0.1822817808,2000_2002,0,0.569734252,0
ASYMMETRIC_RESERVE_BAND,SSO,LAG2,25,staged,0.2,0.1,rule,1992-06-22,1992-10-05,73,0.0781754154,0.02022015969,0.0721174275,-0.00161979857,0.2135535176,0.3287870344,0.01274122865,2000_2002,0,0.569734252,0
ASYMMETRIC_RESERVE_BAND,SSO,LAG2,25,staged,0.2,0.1,rule,1992-10-20,1994-03-28,363,0.1494482351,0.2310517528,0.1559162759,0.008050175439,0.4438580916,0.1330399962,0.5230971866,2000_2002,0,0.569734252,0
ASYMMETRIC_RESERVE_BAND,SSO,LAG2,25,staged,0.2,0.1,rule,1994-12-22,1996-07-16,394,0.4160611682,0.7750092327,0.4425364383,0.02900918932,0.5281253259,0.07955119706,1.840262487,2000_2002,0,0.569734252,0
ASYMMETRIC_RESERVE_BAND,SSO,LAG2,25,staged,0.2,0.1,rule,1996-07-31,1998-08-28,525,0.4651192469,1.271029281,0.4847370393,0.02760353206,1.432127444,0.04976518741,6.550444572,2000_2002,0,0.569734252,0
ASYMMETRIC_RESERVE_BAND,SSO,LAG2,25,staged,0.2,0.1,rule,1998-10-30,1999-09-24,226,0.2976883493,0.2662497168,0.2996164132,0.00133731666,2.171132358,0.09178727173,2.785585656,2000_2002,0,0.569734252,0
ASYMMETRIC_RESERVE_BAND,SSO,LAG2,25,staged,0.2,0.1,rule,1999-10-29,2000-02-22,78,-0.1317738159,-0.04206441999,-0.1265591641,0.001901775514,0,0,0,2000_2002,0,0.569734252,0
ASYMMETRIC_RESERVE_BAND,SSO,LAG2,25,staged,0.2,0.1,rule,2003-04-21,2004-07-19,313,0.3901303769,0.5073268693,0.3901303769,0,0,0,0,2007_2009,0.02795443288,-0.03132117486,
ASYMMETRIC_RESERVE_BAND,SSO,LAG2,25,staged,0.2,0.1,rule,2004-10-28,2005-04-18,117,0.05314149505,0.02468229224,0.05314149505,0,0,0,0,2007_2009,0.02795443288,-0.03132117486,
ASYMMETRIC_RESERVE_BAND,SSO,LAG2,25,staged,0.2,0.1,rule,2005-05-17,2005-10-06,99,0.05212412447,0.01995047728,0.05212412447,0,0,0,0,2007_2009,0.02795443288,-0.03132117486,
ASYMMETRIC_RESERVE_BAND,SSO,LAG2,25,staged,0.2,0.1,rule,2005-11-01,2006-05-24,140,0.1397028787,0.07576982507,0.1397028787,0,0,0,0,2007_2009,0.02795443288,-0.03132117486,
ASYMMETRIC_RESERVE_BAND,SSO,LAG2,25,staged,0.2,0.1,rule,2006-08-16,2007-08-06,243,0.2349844734,0.2271595359,0.2344340345,-0.000433293897,1.189006172,0.0834654679,0,2007_2009,0.02795443288,-0.03132117486,
ASYMMETRIC_RESERVE_BAND,SSO,LAG2,25,staged,0.2,0.1,rule,2009-07-14,2010-05-21,216,0.5237618351,0.4315921927,0.5240528338,0.0001625932741,0,0,0,2020,0.269061708,3.928958649,0.06848168487
ASYMMETRIC_RESERVE_BAND,SSO,LAG2,25,staged,0.2,0.1,rule,2010-09-14,2011-08-03,224,0.3066971584,0.2668829844,0.3066971584,0,0,0,0,2020,0.269061708,3.928958649,0.06848168487
ASYMMETRIC_RESERVE_BAND,SSO,LAG2,25,staged,0.2,0.1,rule,2012-01-04,2012-06-04,104,0.06264591294,0.004745893884,0.01144218614,-0.02055161633,2.514659533,0.384889913,0,2020,0.269061708,3.928958649,0.06848168487
ASYMMETRIC_RESERVE_BAND,SSO,LAG2,25,staged,0.2,0.1,rule,2012-06-07,2012-11-09,107,0.2595140457,0.1033374921,0.2607826437,0.0004272124141,1.270115629,0.1623902061,0,2020,0.269061708,3.928958649,0.06848168487
ASYMMETRIC_RESERVE_BAND,SSO,LAG2,25,staged,0.2,0.1,rule,2012-11-20,2014-10-14,477,0.3578230198,0.8788241502,0.3942909423,0.0502855305,2.363632585,0.04951680641,10.5405275,2020,0.269061708,3.928958649,0.06848168487
ASYMMETRIC_RESERVE_BAND,SSO,LAG2,25,staged,0.2,0.1,rule,2014-10-22,2015-07-09,178,0.2026770684,0.1404313047,0.2027383336,3.626075485e-05,4.062685203,0.1606005438,2.32124905,2020,0.269061708,3.928958649,0.06848168487
ASYMMETRIC_RESERVE_BAND,SSO,LAG2,25,staged,0.2,0.1,rule,2016-03-17,2016-06-28,71,-0.01683797844,-0.004717531034,-0.01662869007,6.002342806e-05,0,0,0,2020,0.269061708,3.928958649,0.06848168487
ASYMMETRIC_RESERVE_BAND,SSO,LAG2,25,staged,0.2,0.1,rule,2016-06-29,2018-04-03,442,0.2909712413,0.6082752205,0.3098484026,0.02555552574,2.529833751,0.04367637332,13.25930129,2020,0.269061708,3.928958649,0.06848168487
ASYMMETRIC_RESERVE_BAND,SSO,LAG2,25,staged,0.2,0.1,rule,2018-04-04,2018-10-12,134,0.1972787093,0.08869590823,0.1764584911,-0.009173539098,4.025448658,0.1613961305,1.028511294,2020,0.269061708,3.928958649,0.06848168487
ASYMMETRIC_RESERVE_BAND,SSO,LAG2,25,staged,0.2,0.1,rule,2019-06-05,2020-02-28,185,0.1184569399,0.07906361852,0.1092742633,-0.00604899915,4.001231691,0.08953599592,7.807084966,2020,0.269061708,3.928958649,0.06848168487
ASYMMETRIC_RESERVE_BAND,SSO,LAG2,25,staged,0.2,0.1,rule,2020-06-30,2022-01-24,395,0.5342780362,0.9986236335,0.5548780868,0.02092325554,10.11291849,0.0550954094,42.1132074,2022,-0.1740245179,3.745388043,-0.04646368169
ASYMMETRIC_RESERVE_BAND,SSO,LAG2,25,staged,0.2,0.1,rule,2023-03-21,2023-10-23,149,0.1308069674,0.07550363016,0.1309797057,9.032964225e-05,0,0,0,,,,
ASYMMETRIC_RESERVE_BAND,SSO,LAG2,25,staged,0.2,0.1,rule,2023-11-03,2025-03-11,336,0.3563896167,0.5177281114,0.3613501362,0.004937265734,8.664126115,0.04513144423,22.97716698,,,,
ASYMMETRIC_RESERVE_BAND,SSO,LAG2,25,staged,0.2,0.1,rule,2025-05-13,2026-03-20,214,0.2097539436,0.1762786667,0.2100681582,0.0002211277104,11.63017348,0.08521099063,17.71874681,,,,
ASYMMETRIC_RESERVE_BAND,SSO,LAG2,25,staged,0.2,0.1,rule,2026-04-09,2026-09-02,101,0.6640176466,0.2366601638,0.701311709,0.008859771578,24.94692745,0.2668684864,20.4251927,,,,
HWM_DRAWDOWN,SSO,LAG2,25,drawdown,0.15,0.1,rule,1986-11-21,1987-10-16,227,0.08461789896,0.06650479341,0.0740977841,-0.008779385963,0.05102104605,0.02258664148,0.5102104605,1987,0.04006291289,0.0115019586,3.483138333
HWM_DRAWDOWN,SSO,LAG2,25,drawdown,0.15,0.1,rule,1988-11-23,1990-01-23,293,0.3417851198,0.4173368413,0.3485658632,0.00587920581,0.01816474486,0.006673913798,0.1816474486,2000_2002,0.6935032887,0.9521202892,0.7283778075
HWM_DRAWDOWN,SSO,LAG2,25,drawdown,0.15,0.1,rule,1990-05-09,1990-08-06,61,-0.2214828607,-0.06251747125,-0.2327466517,-0.003551215565,0,0,0,2000_2002,0.6935032887,0.9521202892,0.7283778075
HWM_DRAWDOWN,SSO,LAG2,25,drawdown,0.15,0.1,rule,1991-01-25,1991-11-20,208,0.2921453961,0.2413870339,0.3023100839,0.006414473285,0.01022533195,0.004257981872,0.1022533195,2000_2002,0.6935032887,0.9521202892,0.7283778075
HWM_DRAWDOWN,SSO,LAG2,25,drawdown,0.15,0.1,rule,1991-12-16,1992-04-09,80,0.264919069,0.07884540863,0.2725690049,0.001898421797,0.01758784437,0.01928601569,0.1758784437,2000_2002,0.6935032887,0.9521202892,0.7283778075
HWM_DRAWDOWN,SSO,LAG2,25,drawdown,0.15,0.1,rule,1992-06-22,1992-10-05,73,0.07023132707,0.02022015969,0.0721174275,0.0005061786519,0.001045973121,0.00166462549,0.01045973121,2000_2002,0.6935032887,0.9521202892,0.7283778075
HWM_DRAWDOWN,SSO,LAG2,25,drawdown,0.15,0.1,rule,1992-10-20,1994-03-28,363,0.1501202149,0.2310517528,0.1559162759,0.007211718205,0.05231955271,0.0155248636,0.5231955271,2000_2002,0.6935032887,0.9521202892,0.7283778075
HWM_DRAWDOWN,SSO,LAG2,25,drawdown,0.15,0.1,rule,1994-12-22,1996-07-16,394,0.4149032372,0.7750092327,0.4425364383,0.03029029239,0.1803422288,0.02784145349,1.803422288,2000_2002,0.6935032887,0.9521202892,0.7283778075
HWM_DRAWDOWN,SSO,LAG2,25,drawdown,0.15,0.1,rule,1996-07-31,1998-08-28,525,0.4452823645,1.271029281,0.4847370393,0.0558937438,0.6155469105,0.02275770998,6.155469105,2000_2002,0.6935032887,0.9521202892,0.7283778075
HWM_DRAWDOWN,SSO,LAG2,25,drawdown,0.15,0.1,rule,1998-10-30,1999-09-24,226,0.2731668597,0.2662497168,0.2996164132,0.01852107165,0.2362622498,0.01093970929,2.362622498,2000_2002,0.6935032887,0.9521202892,0.7283778075
HWM_DRAWDOWN,SSO,LAG2,25,drawdown,0.15,0.1,rule,1999-10-29,2000-02-22,78,-0.1060083091,-0.04206441999,-0.1265591641,-0.007385916338,0,0,0,2000_2002,0.6935032887,0.9521202892,0.7283778075
HWM_DRAWDOWN,SSO,LAG2,25,drawdown,0.15,0.1,rule,2003-04-21,2004-07-19,313,0.3664863682,0.5073268693,0.3901303769,0.02137009922,0,0,0,2007_2009,0.432901091,0.03298006255,13.12614524
HWM_DRAWDOWN,SSO,LAG2,25,drawdown,0.15,0.1,rule,2004-10-28,2005-04-18,117,0.05187111134,0.02468229224,0.05314149505,0.000568392693,0,0,0,2007_2009,0.432901091,0.03298006255,13.12614524
HWM_DRAWDOWN,SSO,LAG2,25,drawdown,0.15,0.1,rule,2005-05-17,2005-10-06,99,0.05134523137,0.01995047728,0.05212412447,0.0002879186509,0,0,0,2007_2009,0.432901091,0.03298006255,13.12614524
HWM_DRAWDOWN,SSO,LAG2,25,drawdown,0.15,0.1,rule,2005-11-01,2006-05-24,140,0.1357288105,0.07576982507,0.1397028787,0.00195093095,0,0,0,2007_2009,0.432901091,0.03298006255,13.12614524
HWM_DRAWDOWN,SSO,LAG2,25,drawdown,0.15,0.1,rule,2006-08-16,2007-08-06,243,0.2279888969,0.2271595359,0.2344340345,0.005087901134,0.09637162857,0.006399026763,0.9637162857,2007_2009,0.432901091,0.03298006255,13.12614524
HWM_DRAWDOWN,SSO,LAG2,25,drawdown,0.15,0.1,rule,2009-07-14,2010-05-21,216,0.5240528338,0.4315921927,0.5240528338,0,0,0,0,2020,1.655169328,3.384931955,0.488981566
HWM_DRAWDOWN,SSO,LAG2,25,drawdown,0.15,0.1,rule,2010-09-14,2011-08-03,224,0.3066971584,0.2668829844,0.3066971584,0,0,0,0,2020,1.655169328,3.384931955,0.488981566
HWM_DRAWDOWN,SSO,LAG2,25,drawdown,0.15,0.1,rule,2012-01-04,2012-06-04,104,0.01144218614,0.004745893884,0.01144218614,0,0,0,0,2020,1.655169328,3.384931955,0.488981566
HWM_DRAWDOWN,SSO,LAG2,25,drawdown,0.15,0.1,rule,2012-06-07,2012-11-09,107,0.2607826437,0.1033374921,0.2607826437,0,0,0,0,2020,1.655169328,3.384931955,0.488981566
HWM_DRAWDOWN,SSO,LAG2,25,drawdown,0.15,0.1,rule,2012-11-20,2014-10-14,477,0.387054014,0.8788241502,0.3942909423,0.009873551608,1.232161686,0.02318083333,12.32161686,2020,1.655169328,3.384931955,0.488981566
HWM_DRAWDOWN,SSO,LAG2,25,drawdown,0.15,0.1,rule,2014-10-22,2015-07-09,178,0.1923498704,0.1404313047,0.2027383336,0.006175123322,0.2376468341,0.008574918994,2.376468341,2020,1.655169328,3.384931955,0.488981566
HWM_DRAWDOWN,SSO,LAG2,25,drawdown,0.15,0.1,rule,2016-03-17,2016-06-28,71,-0.01544030708,-0.004717531034,-0.01662869007,-0.0003405835015,0,0,0,2020,1.655169328,3.384931955,0.488981566
HWM_DRAWDOWN,SSO,LAG2,25,drawdown,0.15,0.1,rule,2016-06-29,2018-04-03,442,0.292808719,0.6082752205,0.3098484026,0.02305162346,1.447832689,0.02323826579,14.47832689,2020,1.655169328,3.384931955,0.488981566
HWM_DRAWDOWN,SSO,LAG2,25,drawdown,0.15,0.1,rule,2018-04-04,2018-10-12,134,0.1641002125,0.08869590823,0.1764584911,0.005522244287,0.06526805858,0.002549940596,0.6526805858,2020,1.655169328,3.384931955,0.488981566
HWM_DRAWDOWN,SSO,LAG2,25,drawdown,0.15,0.1,rule,2019-06-05,2020-02-28,185,0.1074014001,0.07906361852,0.1092742633,0.001239876921,0.8118202644,0.01772817227,8.118202644,2020,1.655169328,3.384931955,0.488981566
HWM_DRAWDOWN,SSO,LAG2,25,drawdown,0.15,0.1,rule,2020-06-30,2022-01-24,395,0.5233085026,0.9986236335,0.5548780868,0.03217981477,4.41767532,0.02269997725,44.1767532,2022,-0.1185739934,4.918550063,-0.02410750971
HWM_DRAWDOWN,SSO,LAG2,25,drawdown,0.15,0.1,rule,2023-03-21,2023-10-23,149,0.1246933511,0.07550363016,0.1309797057,0.003296228946,0,0,0,,,,
HWM_DRAWDOWN,SSO,LAG2,25,drawdown,0.15,0.1,rule,2023-11-03,2025-03-11,336,0.3410613764,0.5177281114,0.3613501362,0.02030854913,2.541246413,0.01237333915,25.41246413,,,,
HWM_DRAWDOWN,SSO,LAG2,25,drawdown,0.15,0.1,rule,2025-05-13,2026-03-20,214,0.1986151063,0.1762786667,0.2100681582,0.008097388308,1.786812575,0.01236011195,17.86812575,,,,
HWM_DRAWDOWN,SSO,LAG2,25,drawdown,0.15,0.1,rule,2026-04-09,2026-09-02,101,0.6391518756,0.2366601638,0.701311709,0.01487804475,2.04720158,0.02109293457,20.4720158,,,,
BAND_DRAWDOWN,SSO,LAG2,25,drawdown,0.2,0.1,rule,1986-11-21,1987-10-16,227,0.07287067028,0.06650479341,0.0740977841,0.001029662506,0,0,0.4770461818,1987,0.08634229654,0.04556172616,1.895062014
BAND_DRAWDOWN,SSO,LAG2,25,drawdown,0.2,0.1,rule,1988-11-23,1990-01-23,293,0.3433229981,0.4173368413,0.3485658632,0.004543196091,0.09814692639,0.03815464581,0.1867051445,2000_2002,0.5220098851,0.937238994,0.5569656069
BAND_DRAWDOWN,SSO,LAG2,25,drawdown,0.2,0.1,rule,1990-05-09,1990-08-06,61,-0.2005052483,-0.06251747125,-0.2327466517,-0.01003011364,0,0,0,2000_2002,0.5220098851,0.937238994,0.5569656069
BAND_DRAWDOWN,SSO,LAG2,25,drawdown,0.2,0.1,rule,1991-01-25,1991-11-20,208,0.2712428489,0.2413870339,0.3023100839,0.01976521551,0,0,0.1118279558,2000_2002,0.5220098851,0.937238994,0.5569656069
BAND_DRAWDOWN,SSO,LAG2,25,drawdown,0.2,0.1,rule,1991-12-16,1992-04-09,80,0.2464720473,0.07884540863,0.2725690049,0.006523907327,0,0,0.1639671747,2000_2002,0.5220098851,0.937238994,0.5569656069
BAND_DRAWDOWN,SSO,LAG2,25,drawdown,0.2,0.1,rule,1992-06-22,1992-10-05,73,0.06808641891,0.02022015969,0.0721174275,0.001082899535,0,0,0.01228208524,2000_2002,0.5220098851,0.937238994,0.5569656069
BAND_DRAWDOWN,SSO,LAG2,25,drawdown,0.2,0.1,rule,1992-10-20,1994-03-28,363,0.1441013829,0.2310517528,0.1559162759,0.01473918606,0,0,0.4979117699,2000_2002,0.5220098851,0.937238994,0.5569656069
BAND_DRAWDOWN,SSO,LAG2,25,drawdown,0.2,0.1,rule,1994-12-22,1996-07-16,394,0.4174599399,0.7750092327,0.4425364383,0.02746302288,0.214921024,0.0336924333,1.775015045,2000_2002,0.5220098851,0.937238994,0.5569656069
BAND_DRAWDOWN,SSO,LAG2,25,drawdown,0.2,0.1,rule,1996-07-31,1998-08-28,525,0.4497266915,1.271029281,0.4847370393,0.04952189593,0.4728376513,0.01747234993,6.155982023,2000_2002,0.5220098851,0.937238994,0.5569656069
BAND_DRAWDOWN,SSO,LAG2,25,drawdown,0.2,0.1,rule,1998-10-30,1999-09-24,226,0.271023452,0.2662497168,0.2996164132,0.02003878918,0,0,2.378098224,2000_2002,0.5220098851,0.937238994,0.5569656069
BAND_DRAWDOWN,SSO,LAG2,25,drawdown,0.2,0.1,rule,1999-10-29,2000-02-22,78,-0.110918991,-0.04206441999,-0.1265591641,-0.005636586875,0,0,0,2000_2002,0.5220098851,0.937238994,0.5569656069
BAND_DRAWDOWN,SSO,LAG2,25,drawdown,0.2,0.1,rule,2003-04-21,2004-07-19,313,0.3717050105,0.5073268693,0.3901303769,0.01662171964,0,0,0,2007_2009,1.007074868,0.05653925184,17.81195957
BAND_DRAWDOWN,SSO,LAG2,25,drawdown,0.2,0.1,rule,2004-10-28,2005-04-18,117,0.05215561662,0.02468229224,0.05314149505,0.0004410402481,0,0,0,2007_2009,1.007074868,0.05653925184,17.81195957
BAND_DRAWDOWN,SSO,LAG2,25,drawdown,0.2,0.1,rule,2005-05-17,2005-10-06,99,0.05152005891,0.01995047728,0.05212412447,0.0002232749073,0,0,0,2007_2009,1.007074868,0.05653925184,17.81195957
BAND_DRAWDOWN,SSO,LAG2,25,drawdown,0.2,0.1,rule,2005-11-01,2006-05-24,140,0.1366207683,0.07576982507,0.1397028787,0.001512461681,0,0,0,2007_2009,1.007074868,0.05653925184,17.81195957
BAND_DRAWDOWN,SSO,LAG2,25,drawdown,0.2,0.1,rule,2006-08-16,2007-08-06,243,0.2291729329,0.2271595359,0.2344340345,0.004151203707,0.8648661926,0.06194238059,0.5347909232,2007_2009,1.007074868,0.05653925184,17.81195957
BAND_DRAWDOWN,SSO,LAG2,25,drawdown,0.2,0.1,rule,2009-07-14,2010-05-21,216,0.5240528338,0.4315921927,0.5240528338,0,0,0,0,2020,0.07273687215,5.783862099,0.01257583097
BAND_DRAWDOWN,SSO,LAG2,25,drawdown,0.2,0.1,rule,2010-09-14,2011-08-03,224,0.3066971584,0.2668829844,0.3066971584,0,0,0,0,2020,0.07273687215,5.783862099,0.01257583097
BAND_DRAWDOWN,SSO,LAG2,25,drawdown,0.2,0.1,rule,2012-01-04,2012-06-04,104,0.06139696581,0.004745893884,0.01144218614,-0.02006221608,1.3294608,0.1916385363,0.1432065831,2020,0.07273687215,5.783862099,0.01257583097
BAND_DRAWDOWN,SSO,LAG2,25,drawdown,0.2,0.1,rule,2012-06-07,2012-11-09,107,0.2291824964,0.1033374921,0.2607826437,0.0107718582,0,0,0.4507940197,2020,0.07273687215,5.783862099,0.01257583097
BAND_DRAWDOWN,SSO,LAG2,25,drawdown,0.2,0.1,rule,2012-11-20,2014-10-14,477,0.3580098592,0.8788241502,0.3942909423,0.05002447167,0,0,11.71619816,2020,0.07273687215,5.783862099,0.01257583097
BAND_DRAWDOWN,SSO,LAG2,25,drawdown,0.2,0.1,rule,2014-10-22,2015-07-09,178,0.1916397853,0.1404313047,0.2027383336,0.006599175396,1.326248058,0.05111081206,2.239304231,2020,0.07273687215,5.783862099,0.01257583097
BAND_DRAWDOWN,SSO,LAG2,25,drawdown,0.2,0.1,rule,2016-03-17,2016-06-28,71,-0.01445697258,-0.004717531034,-0.01662869007,-0.0006220906565,0,0,0,2020,0.07273687215,5.783862099,0.01257583097
BAND_DRAWDOWN,SSO,LAG2,25,drawdown,0.2,0.1,rule,2016-06-29,2018-04-03,442,0.2788823092,0.6082752205,0.3098484026,0.04211831638,0,0,13.87139267,2020,0.07273687215,5.783862099,0.01257583097
BAND_DRAWDOWN,SSO,LAG2,25,drawdown,0.2,0.1,rule,2018-04-04,2018-10-12,134,0.1647304788,0.08869590823,0.1764584911,0.005239196825,0,0,0.6359170323,2020,0.07273687215,5.783862099,0.01257583097
BAND_DRAWDOWN,SSO,LAG2,25,drawdown,0.2,0.1,rule,2019-06-05,2020-02-28,185,0.1028073683,0.07906361852,0.1092742633,0.004290130106,0,0,7.997387046,2020,0.07273687215,5.783862099,0.01257583097
BAND_DRAWDOWN,SSO,LAG2,25,drawdown,0.2,0.1,rule,2020-06-30,2022-01-24,395,0.5110347111,0.9986236335,0.5548780868,0.04487125193,3.72457835,0.02031555324,41.2121276,2022,-1.386087175,6.323137754,-0.2192087582
BAND_DRAWDOWN,SSO,LAG2,25,drawdown,0.2,0.1,rule,2023-03-21,2023-10-23,149,0.1257237697,0.07550363016,0.1309797057,0.002754671895,0,0,0,,,,
BAND_DRAWDOWN,SSO,LAG2,25,drawdown,0.2,0.1,rule,2023-11-03,2025-03-11,336,0.3397842185,0.5177281114,0.3613501362,0.02159721272,4.527681405,0.02367799627,23.08940934,,,,
BAND_DRAWDOWN,SSO,LAG2,25,drawdown,0.2,0.1,rule,2025-05-13,2026-03-20,214,0.1942147351,0.1762786667,0.2100681582,0.01122907386,0,0,16.82001796,,,,
BAND_DRAWDOWN,SSO,LAG2,25,drawdown,0.2,0.1,rule,2026-04-09,2026-09-02,101,0.6418977489,0.2366601638,0.701311709,0.01420899192,0,0,19.49118115,,,,
NO_RESERVE,SSO,LAG2,50,staged,0.15,0.1,rule,1986-11-21,1987-10-16,227,0.07110961453,0.06383184906,0.07110961453,0,0,0,0.5149430972,1987,0,0,
NO_RESERVE,SSO,LAG2,50,staged,0.15,0.1,rule,1988-11-23,1990-01-23,293,0.3456674683,0.4137846186,0.3456674683,0,0,0,0.1117487082,2000_2002,0,0,
NO_RESERVE,SSO,LAG2,50,staged,0.15,0.1,rule,1990-05-09,1990-08-06,61,-0.2406076291,-0.06486705152,-0.2406076291,0,0,0,0,2000_2002,0,0,
NO_RESERVE,SSO,LAG2,50,staged,0.15,0.1,rule,1991-01-25,1991-11-20,208,0.2983240603,0.2382757882,0.2983240603,0,0,0,0.02885850122,2000_2002,0,0,
NO_RESERVE,SSO,LAG2,50,staged,0.15,0.1,rule,1991-12-16,1992-04-09,80,0.2624668019,0.07614153542,0.2624668019,0,0,0,0.1597897189,2000_2002,0,0,
NO_RESERVE,SSO,LAG2,50,staged,0.15,0.1,rule,1992-06-22,1992-10-05,73,0.06279946309,0.01766321694,0.06279946309,0,0,0,0,2000_2002,0,0,
NO_RESERVE,SSO,LAG2,50,staged,0.15,0.1,rule,1992-10-20,1994-03-28,363,0.1538961546,0.22796641,0.1538961546,0,0,0,0.4786142872,2000_2002,0,0,
NO_RESERVE,SSO,LAG2,50,staged,0.15,0.1,rule,1994-12-22,1996-07-16,394,0.4402267946,0.770560588,0.4402267946,0,0,0,1.619277572,2000_2002,0,0,
NO_RESERVE,SSO,LAG2,50,staged,0.15,0.1,rule,1996-07-31,1998-08-28,525,0.4829428018,1.265337478,0.4829428018,0,0,0,6.19112584,2000_2002,0,0,
NO_RESERVE,SSO,LAG2,50,staged,0.15,0.1,rule,1998-10-30,1999-09-24,226,0.2960008446,0.2630761587,0.2960008446,0,0,0,2.237487945,2000_2002,0,0,
NO_RESERVE,SSO,LAG2,50,staged,0.15,0.1,rule,1999-10-29,2000-02-22,78,-0.1334333772,-0.04446526104,-0.1334333772,0,0,0,0,2000_2002,0,0,
NO_RESERVE,SSO,LAG2,50,staged,0.15,0.1,rule,2003-04-21,2004-07-19,313,0.3873328845,0.5035491077,0.3873328845,0,0,0,0,2007_2009,0,0,
NO_RESERVE,SSO,LAG2,50,staged,0.15,0.1,rule,2004-10-28,2005-04-18,117,0.04754438595,0.0221141662,0.04754438595,0,0,0,0,2007_2009,0,0,
NO_RESERVE,SSO,LAG2,50,staged,0.15,0.1,rule,2005-05-17,2005-10-06,99,0.04535488462,0.01739421042,0.04535488462,0,0,0,0,2007_2009,0,0,
NO_RESERVE,SSO,LAG2,50,staged,0.15,0.1,rule,2005-11-01,2006-05-24,140,0.1345937324,0.07307366009,0.1345937324,0,0,0,0,2007_2009,0,0,
NO_RESERVE,SSO,LAG2,50,staged,0.15,0.1,rule,2006-08-16,2007-08-06,243,0.2312510015,0.2240839481,0.2312510015,0,0,0,0,2007_2009,0,0,
NO_RESERVE,SSO,LAG2,50,staged,0.15,0.1,rule,2009-07-14,2010-05-21,216,0.5195678389,0.4280042423,0.5195678389,0,0,0,0,2020,0,0,
NO_RESERVE,SSO,LAG2,50,staged,0.15,0.1,rule,2010-09-14,2011-08-03,224,0.3029944586,0.2637078391,0.3029944586,0,0,0,0,2020,0,0,
NO_RESERVE,SSO,LAG2,50,staged,0.15,0.1,rule,2012-01-04,2012-06-04,104,0.005361524202,0.002227733749,0.005361524202,0,0,0,0,2020,0,0,
NO_RESERVE,SSO,LAG2,50,staged,0.15,0.1,rule,2012-06-07,2012-11-09,107,0.2533492485,0.1005722352,0.2533492485,0,0,0,0,2020,0,0,
NO_RESERVE,SSO,LAG2,50,staged,0.15,0.1,rule,2012-11-20,2014-10-14,477,0.3924480705,0.8741153178,0.3924480705,0,0,0,4.184582637,2020,0,0,
NO_RESERVE,SSO,LAG2,50,staged,0.15,0.1,rule,2014-10-22,2015-07-09,178,0.1985058561,0.1375730809,0.1985058561,0,0,0,1.49721246,2020,0,0,
NO_RESERVE,SSO,LAG2,50,staged,0.15,0.1,rule,2016-03-17,2016-06-28,71,-0.02534056331,-0.007211973312,-0.02534056331,0,0,0,0,2020,0,0,
NO_RESERVE,SSO,LAG2,50,staged,0.15,0.1,rule,2016-06-29,2018-04-03,442,0.3079826129,0.6042444556,0.3079826129,0,0,0,8.473978914,2020,0,0,
NO_RESERVE,SSO,LAG2,50,staged,0.15,0.1,rule,2018-04-04,2018-10-12,134,0.1708264768,0.08596734705,0.1708264768,0,0,0,0.2727755835,2020,0,0,
NO_RESERVE,SSO,LAG2,50,staged,0.15,0.1,rule,2019-06-05,2020-02-28,185,0.1054870146,0.07635919842,0.1054870146,0,0,0,4.206939558,2020,0,0,
NO_RESERVE,SSO,LAG2,50,staged,0.15,0.1,rule,2020-06-30,2022-01-24,395,0.5523929142,0.9936145517,0.5523929142,0,0,0,25.94047259,2022,0,0,
NO_RESERVE,SSO,LAG2,50,staged,0.15,0.1,rule,2023-03-21,2023-10-23,149,0.126190736,0.07280813234,0.126190736,0,0,0,0,,,,
NO_RESERVE,SSO,LAG2,50,staged,0.15,0.1,rule,2023-11-03,2025-03-11,336,0.3588266428,0.5139242815,0.3588266428,0,0,0,10.79685203,,,,
NO_RESERVE,SSO,LAG2,50,staged,0.15,0.1,rule,2025-05-13,2026-03-20,214,0.20650716,0.1733305999,0.20650716,0,0,0,9.779786004,,,,
NO_RESERVE,SSO,LAG2,50,staged,0.15,0.1,rule,2026-04-09,2026-09-02,101,0.6906646254,0.2335607649,0.6906646254,0,0,0,11.79229596,,,,
FIXED_90_10,SSO,LAG2,50,staged,0.15,0.1,quarterly,1986-11-21,1987-10-16,227,0.08153193581,0.06383184906,0.07110961453,-0.00872231568,0.05203794669,0.02523462376,0.4657280775,1987,0.0830580472,0.04413170693,1.882049279
FIXED_90_10,SSO,LAG2,50,staged,0.15,0.1,quarterly,1988-11-23,1990-01-23,293,0.3210404162,0.4137846186,0.3456674683,0.02154262892,0.0490328816,0.02013784813,0.1399030961,2000_2002,0.3223306493,0.6819914129,0.4726315363
FIXED_90_10,SSO,LAG2,50,staged,0.15,0.1,quarterly,1990-05-09,1990-08-06,61,-0.2088494209,-0.06486705152,-0.2406076291,-0.009983037691,0.008769727925,0.01690265437,0,2000_2002,0.3223306493,0.6819914129,0.4726315363
FIXED_90_10,SSO,LAG2,50,staged,0.15,0.1,quarterly,1991-01-25,1991-11-20,208,0.2751180063,0.2382757882,0.2983240603,0.01476419029,0.03566795303,0.0169101257,0.06251499004,2000_2002,0.3223306493,0.6819914129,0.4726315363
FIXED_90_10,SSO,LAG2,50,staged,0.15,0.1,quarterly,1991-12-16,1992-04-09,80,0.2407644337,0.07614153542,0.2624668019,0.005459522382,0.0178219929,0.0224856118,0.1456352552,2000_2002,0.3223306493,0.6819914129,0.4726315363
FIXED_90_10,SSO,LAG2,50,staged,0.15,0.1,quarterly,1992-06-22,1992-10-05,73,0.0600352318,0.01766321694,0.06279946309,0.000748664978,0.005625028332,0.01035925881,0,2000_2002,0.3223306493,0.6819914129,0.4726315363
FIXED_90_10,SSO,LAG2,50,staged,0.15,0.1,quarterly,1992-10-20,1994-03-28,363,0.1413783308,0.22796641,0.1538961546,0.01564838666,0.03357061005,0.01154771237,0.4408510107,2000_2002,0.3223306493,0.6819914129,0.4726315363
FIXED_90_10,SSO,LAG2,50,staged,0.15,0.1,quarterly,1994-12-22,1996-07-16,394,0.4000150286,0.770560588,0.4402267946,0.04434683685,0.1609269426,0.02943695946,1.445512005,2000_2002,0.3223306493,0.6819914129,0.4726315363
FIXED_90_10,SSO,LAG2,50,staged,0.15,0.1,quarterly,1996-07-31,1998-08-28,525,0.4389035899,1.265337478,0.4829428018,0.06256393054,0.4312917102,0.01887154985,5.151750066,2000_2002,0.3223306493,0.6819914129,0.4726315363
FIXED_90_10,SSO,LAG2,50,staged,0.15,0.1,quarterly,1998-10-30,1999-09-24,226,0.2765104159,0.2630761587,0.2960008446,0.01364922794,0.3663797169,0.02006976289,1.887830717,2000_2002,0.3223306493,0.6819914129,0.4726315363
FIXED_90_10,SSO,LAG2,50,staged,0.15,0.1,quarterly,1999-10-29,2000-02-22,78,-0.1103576334,-0.04446526104,-0.1334333772,-0.008346459059,0.1203018185,0.02228099367,0,2000_2002,0.3223306493,0.6819914129,0.4726315363
FIXED_90_10,SSO,LAG2,50,staged,0.15,0.1,quarterly,2003-04-21,2004-07-19,313,0.3477805258,0.5035491077,0.3873328845,0.03603118063,0.2635372996,0.02131372778,0,2007_2009,0.2777783306,0.0402983395,6.893046564
FIXED_90_10,SSO,LAG2,50,staged,0.15,0.1,quarterly,2004-10-28,2005-04-18,117,0.04640459884,0.0221141662,0.04754438595,0.0005126558353,0.05803094038,0.01487396729,0,2007_2009,0.2777783306,0.0402983395,6.893046564
FIXED_90_10,SSO,LAG2,50,staged,0.15,0.1,quarterly,2005-05-17,2005-10-06,99,0.04478991457,0.01739421042,0.04535488462,0.0002101731232,0.04326177277,0.01468832411,0,2007_2009,0.2777783306,0.0402983395,6.893046564
FIXED_90_10,SSO,LAG2,50,staged,0.15,0.1,quarterly,2005-11-01,2006-05-24,140,0.1257345959,0.07307366009,0.1345937324,0.004378164029,0.04630500629,0.01043183968,0,2007_2009,0.2777783306,0.0402983395,6.893046564
FIXED_90_10,SSO,LAG2,50,staged,0.15,0.1,quarterly,2006-08-16,2007-08-06,243,0.21341464,0.2240839481,0.2312510015,0.01418282118,0.1702959152,0.01770884042,0,2007_2009,0.2777783306,0.0402983395,6.893046564
FIXED_90_10,SSO,LAG2,50,staged,0.15,0.1,quarterly,2009-07-14,2010-05-21,216,0.4656244362,0.4280042423,0.5195678389,0.03077609164,0.2466124049,0.02358641376,0,2020,0.4538043416,3.319033503,0.136727858
FIXED_90_10,SSO,LAG2,50,staged,0.15,0.1,quarterly,2010-09-14,2011-08-03,224,0.2734897617,0.2637078391,0.3029944586,0.0202546596,0.2458825762,0.02546676325,0,2020,0.4538043416,3.319033503,0.136727858
FIXED_90_10,SSO,LAG2,50,staged,0.15,0.1,quarterly,2012-01-04,2012-06-04,104,0.01443384982,0.002227733749,0.005361524202,-0.003738501296,0.1449266927,0.03645122251,0,2020,0.4538043416,3.319033503,0.136727858
FIXED_90_10,SSO,LAG2,50,staged,0.15,0.1,quarterly,2012-06-07,2012-11-09,107,0.2253348538,0.1005722352,0.2533492485,0.009592902352,0.08172818416,0.0172149921,0,2020,0.4538043416,3.319033503,0.136727858
FIXED_90_10,SSO,LAG2,50,staged,0.15,0.1,quarterly,2012-11-20,2014-10-14,477,0.3491926894,0.8741153178,0.3924480705,0.05987405042,0.6435316623,0.02214740243,4.275569839,2020,0.4538043416,3.319033503,0.136727858
FIXED_90_10,SSO,LAG2,50,staged,0.15,0.1,quarterly,2014-10-22,2015-07-09,178,0.177470316,0.1375730809,0.1985058561,0.01260480269,0.1515629828,0.01005017034,1.227603555,2020,0.4538043416,3.319033503,0.136727858
FIXED_90_10,SSO,LAG2,50,staged,0.15,0.1,quarterly,2016-03-17,2016-06-28,71,-0.02214518926,-0.007211973312,-0.02534056331,-0.0009230067456,0.06041161555,0.01361796062,0,2020,0.4538043416,3.319033503,0.136727858
FIXED_90_10,SSO,LAG2,50,staged,0.15,0.1,quarterly,2016-06-29,2018-04-03,442,0.2760410445,0.6042444556,0.3079826129,0.04352438236,0.7698387328,0.02362730954,6.843910072,2020,0.4538043416,3.319033503,0.136727858
FIXED_90_10,SSO,LAG2,50,staged,0.15,0.1,quarterly,2018-04-04,2018-10-12,134,0.158293731,0.08596734705,0.1708264768,0.005627709316,0.4319823721,0.03220039424,0.262603032,2020,0.4538043416,3.319033503,0.136727858
FIXED_90_10,SSO,LAG2,50,staged,0.15,0.1,quarterly,2019-06-05,2020-02-28,185,0.1016330821,0.07635919842,0.1054870146,0.002562436653,0.4754381248,0.0204706446,3.519257358,2020,0.4538043416,3.319033503,0.136727858
FIXED_90_10,SSO,LAG2,50,staged,0.15,0.1,quarterly,2020-06-30,2022-01-24,395,0.4924112751,0.9936145517,0.5523929142,0.06181723041,2.961723548,0.03180036742,20.25243107,2022,0.1935077558,3.992353431,0.04846959547
FIXED_90_10,SSO,LAG2,50,staged,0.15,0.1,quarterly,2023-03-21,2023-10-23,149,0.1210916842,0.07280813234,0.126190736,0.002683651034,0.4850360826,0.01777005211,0,,,,
FIXED_90_10,SSO,LAG2,50,staged,0.15,0.1,quarterly,2023-11-03,2025-03-11,336,0.3272863683,0.5139242815,0.3588266428,0.03176346472,1.698571062,0.01833664558,9.135925206,,,,
FIXED_90_10,SSO,LAG2,50,staged,0.15,0.1,quarterly,2025-05-13,2026-03-20,214,0.1917111912,0.1733305999,0.20650716,0.01050655542,1.429240066,0.02203481382,7.632864842,,,,
FIXED_90_10,SSO,LAG2,50,staged,0.15,0.1,quarterly,2026-04-09,2026-09-02,101,0.6168162049,0.2335607649,0.6906646254,0.01785289648,1.142815556,0.02609088045,9.02252428,,,,
FIXED_85_15,SSO,LAG2,50,staged,0.15,0.1,quarterly,1986-11-21,1987-10-16,227,0.08579734713,0.06383184906,0.07110961453,-0.01226777288,0.07370204611,0.03796051583,0.4412685194,1987,0.1225676129,0.06608891885,1.854586443
FIXED_85_15,SSO,LAG2,50,staged,0.15,0.1,quarterly,1988-11-23,1990-01-23,293,0.3085848715,0.4137846186,0.3456674683,0.03259159077,0.06966021665,0.03022491976,0.1515725763,2000_2002,0.4577428675,1.014055313,0.4513983227
FIXED_85_15,SSO,LAG2,50,staged,0.15,0.1,quarterly,1990-05-09,1990-08-06,61,-0.1928758421,-0.06486705152,-0.2406076291,-0.01485377863,0.01247991371,0.02533416074,0,2000_2002,0.4577428675,1.014055313,0.4513983227
FIXED_85_15,SSO,LAG2,50,staged,0.15,0.1,quarterly,1991-01-25,1991-11-20,208,0.2634379867,0.2382757882,0.2983240603,0.02229724027,0.05104630117,0.02547422025,0.07797237687,2000_2002,0.4577428675,1.014055313,0.4513983227
FIXED_85_15,SSO,LAG2,50,staged,0.15,0.1,quarterly,1991-12-16,1992-04-09,80,0.229857985,0.07614153542,0.2624668019,0.008239347119,0.02526308652,0.03380077857,0.1382316966,2000_2002,0.4577428675,1.014055313,0.4513983227
FIXED_85_15,SSO,LAG2,50,staged,0.15,0.1,quarterly,1992-06-22,1992-10-05,73,0.05862813564,0.01766321694,0.06279946309,0.001130513358,0.007967472645,0.01553474628,0,2000_2002,0.4577428675,1.014055313,0.4513983227
FIXED_85_15,SSO,LAG2,50,staged,0.15,0.1,quarterly,1992-10-20,1994-03-28,363,0.1351443232,0.22796641,0.1538961546,0.02350558105,0.04736376154,0.01734168818,0.4212878345,2000_2002,0.4577428675,1.014055313,0.4513983227
FIXED_85_15,SSO,LAG2,50,staged,0.15,0.1,quarterly,1994-12-22,1996-07-16,394,0.3800305837,0.770560588,0.4402267946,0.0668624329,0.2249276737,0.04427988154,1.358971922,2000_2002,0.4577428675,1.014055313,0.4513983227
FIXED_85_15,SSO,LAG2,50,staged,0.15,0.1,quarterly,1996-07-31,1998-08-28,525,0.4169218798,1.265337478,0.4829428018,0.0945122022,0.5843726704,0.02839214679,4.671277371,2000_2002,0.4577428675,1.014055313,0.4513983227
FIXED_85_15,SSO,LAG2,50,staged,0.15,0.1,quarterly,1998-10-30,1999-09-24,226,0.2662752303,0.2630761587,0.2960008446,0.02090066342,0.4914042708,0.03031451272,1.720876745,2000_2002,0.4577428675,1.014055313,0.4513983227
FIXED_85_15,SSO,LAG2,50,staged,0.15,0.1,quarterly,1999-10-29,2000-02-22,78,-0.09910152632,-0.04446526104,-0.1334333772,-0.01233953405,0.160507177,0.03349661803,0,2000_2002,0.4577428675,1.014055313,0.4513983227
FIXED_85_15,SSO,LAG2,50,staged,0.15,0.1,quarterly,2003-04-21,2004-07-19,313,0.3281484921,0.5035491077,0.3873328845,0.05431006393,0.3657542047,0.03213384626,0,2007_2009,0.3930761227,0.05915136318,6.645258901
FIXED_85_15,SSO,LAG2,50,staged,0.15,0.1,quarterly,2004-10-28,2005-04-18,117,0.0457397055,0.0221141662,0.04754438595,0.0008119709011,0.07964239817,0.02234729058,0,2007_2009,0.3930761227,0.05915136318,6.645258901
FIXED_85_15,SSO,LAG2,50,staged,0.15,0.1,quarterly,2005-05-17,2005-10-06,99,0.04445488212,0.01739421042,0.04535488462,0.0003348614115,0.05939183934,0.02201487553,0,2007_2009,0.3930761227,0.05915136318,6.645258901
FIXED_85_15,SSO,LAG2,50,staged,0.15,0.1,quarterly,2005-11-01,2006-05-24,140,0.1212951339,0.07307366009,0.1345937324,0.006585111653,0.06342386806,0.01564152657,0,2007_2009,0.3930761227,0.05915136318,6.645258901
FIXED_85_15,SSO,LAG2,50,staged,0.15,0.1,quarterly,2006-08-16,2007-08-06,243,0.2044750004,0.2240839481,0.2312510015,0.02136992039,0.2334338902,0.02657678611,0,2007_2009,0.3930761227,0.05915136318,6.645258901
FIXED_85_15,SSO,LAG2,50,staged,0.15,0.1,quarterly,2009-07-14,2010-05-21,216,0.4387382994,0.4280042423,0.5195678389,0.04654095147,0.3478274259,0.03552178597,0,2020,0.5877319239,4.769115011,0.1232371043
FIXED_85_15,SSO,LAG2,50,staged,0.15,0.1,quarterly,2010-09-14,2011-08-03,224,0.2586465205,0.2637078391,0.3029944586,0.03062251508,0.3445836844,0.03842932463,0,2020,0.5877319239,4.769115011,0.1232371043
FIXED_85_15,SSO,LAG2,50,staged,0.15,0.1,quarterly,2012-01-04,2012-06-04,104,0.01818973621,0.002227733749,0.005361524202,-0.005276441113,0.2026469067,0.05486618954,0,2020,0.5877319239,4.769115011,0.1232371043
FIXED_85_15,SSO,LAG2,50,staged,0.15,0.1,quarterly,2012-06-07,2012-11-09,107,0.2116078183,0.1005722352,0.2533492485,0.01437377864,0.1138264166,0.02588646499,0,2020,0.5877319239,4.769115011,0.1232371043
FIXED_85_15,SSO,LAG2,50,staged,0.15,0.1,quarterly,2012-11-20,2014-10-14,477,0.3279167027,0.8741153178,0.3924480705,0.09003227299,0.8791503044,0.03330173258,4.227425538,2020,0.5877319239,4.769115011,0.1232371043
FIXED_85_15,SSO,LAG2,50,staged,0.15,0.1,quarterly,2014-10-22,2015-07-09,178,0.1670566377,0.1375730809,0.1985058561,0.01892841015,0.20375669,0.01510820047,1.098649845,2020,0.5877319239,4.769115011,0.1232371043
FIXED_85_15,SSO,LAG2,50,staged,0.15,0.1,quarterly,2016-03-17,2016-06-28,71,-0.02057935533,-0.007211973312,-0.02534056331,-0.001374208562,0.0819726957,0.02047264064,0,2020,0.5877319239,4.769115011,0.1232371043
FIXED_85_15,SSO,LAG2,50,staged,0.15,0.1,quarterly,2016-06-29,2018-04-03,442,0.2602362949,0.6042444556,0.3079826129,0.06546491884,1.030600943,0.03554231371,6.079790351,2020,0.5877319239,4.769115011,0.1232371043
FIXED_85_15,SSO,LAG2,50,staged,0.15,0.1,quarterly,2018-04-04,2018-10-12,134,0.1517929662,0.08596734705,0.1708264768,0.008570846163,0.5719909617,0.04826482921,0.2532904278,2020,0.5877319239,4.769115011,0.1232371043
FIXED_85_15,SSO,LAG2,50,staged,0.15,0.1,quarterly,2019-06-05,2020-02-28,185,0.09926886799,0.07635919842,0.1054870146,0.004138816395,0.6303915843,0.03076980295,3.179567769,2020,0.5877319239,4.769115011,0.1232371043
FIXED_85_15,SSO,LAG2,50,staged,0.15,0.1,quarterly,2020-06-30,2022-01-24,395,0.4627746523,0.9936145517,0.5523929142,0.09328405043,3.881213097,0.04792844045,17.65430164,2022,0.2163151026,5.510298971,0.03925650926
FIXED_85_15,SSO,LAG2,50,staged,0.15,0.1,quarterly,2023-03-21,2023-10-23,149,0.1183643525,0.07280813234,0.126190736,0.004124071043,0.6362917359,0.0266847651,0,,,,
FIXED_85_15,SSO,LAG2,50,staged,0.15,0.1,quarterly,2023-11-03,2025-03-11,336,0.3115668405,0.5139242815,0.3588266428,0.04787719615,2.20856097,0.02764522437,8.289682206,,,,
FIXED_85_15,SSO,LAG2,50,staged,0.15,0.1,quarterly,2025-05-13,2026-03-20,214,0.1841451822,0.1733305999,0.20650716,0.01592966398,1.840726558,0.03318810447,6.656982831,,,,
FIXED_85_15,SSO,LAG2,50,staged,0.15,0.1,quarterly,2026-04-09,2026-09-02,101,0.5806285301,0.2335607649,0.6906646254,0.0269012342,1.466817269,0.03924790858,7.784555661,,,,
HWM_RESERVE,SSO,LAG2,50,staged,0.15,0.1,rule,1986-11-21,1987-10-16,227,0.08099178699,0.06383184906,0.07110961453,-0.00827234084,0.050946104,0.02239707831,0.50946104,1987,0.02053561935,0.004434178395,4.631211809
HWM_RESERVE,SSO,LAG2,50,staged,0.15,0.1,rule,1988-11-23,1990-01-23,293,0.3472871899,0.4137846186,0.3456674683,-0.001403010025,0.01379165327,0.005086574428,0.1379165327,2000_2002,0,0.06342759186,0
HWM_RESERVE,SSO,LAG2,50,staged,0.15,0.1,rule,1990-05-09,1990-08-06,61,-0.240719783,-0.06486705152,-0.2406076291,3.598982653e-05,0,0,0,2000_2002,0,0.06342759186,0
HWM_RESERVE,SSO,LAG2,50,staged,0.15,0.1,rule,1991-01-25,1991-11-20,208,0.2986299091,0.2382757882,0.2983240603,-0.0001928206531,0.003266618462,0.001397112875,0.03266618462,2000_2002,0,0.06342759186,0
HWM_RESERVE,SSO,LAG2,50,staged,0.15,0.1,rule,1991-12-16,1992-04-09,80,0.2636692183,0.07614153542,0.2624668019,-0.0002997338602,0.01528632581,0.01721619732,0.161468409,2000_2002,0,0.06342759186,0
HWM_RESERVE,SSO,LAG2,50,staged,0.15,0.1,rule,1992-06-22,1992-10-05,73,0.06279946309,0.01766321694,0.06279946309,0,0,0,0,2000_2002,0,0.06342759186,0
HWM_RESERVE,SSO,LAG2,50,staged,0.15,0.1,rule,1992-10-20,1994-03-28,363,0.1542729693,0.22796641,0.1538961546,-0.0004684155151,0.04837105084,0.01478568236,0.4837105084,2000_2002,0,0.06342759186,0
HWM_RESERVE,SSO,LAG2,50,staged,0.15,0.1,rule,1994-12-22,1996-07-16,394,0.4380392763,0.770560588,0.4402267946,0.002380436769,0.1608670823,0.02609756829,1.608670823,2000_2002,0,0.06342759186,0
HWM_RESERVE,SSO,LAG2,50,staged,0.15,0.1,rule,1996-07-31,1998-08-28,525,0.4770055998,1.265337478,0.4829428018,0.008325441047,0.5999889075,0.0225045449,5.999889075,2000_2002,0,0.06342759186,0
HWM_RESERVE,SSO,LAG2,50,staged,0.15,0.1,rule,1998-10-30,1999-09-24,226,0.296677609,0.2630761587,0.2960008446,-0.0004702453249,0.240350374,0.01063673148,2.40350374,2000_2002,0,0.06342759186,0
HWM_RESERVE,SSO,LAG2,50,staged,0.15,0.1,rule,1999-10-29,2000-02-22,78,-0.1344234307,-0.04446526104,-0.1334333772,0.0003630552239,0,0,0,2000_2002,0,0.06342759186,0
HWM_RESERVE,SSO,LAG2,50,staged,0.15,0.1,rule,2003-04-21,2004-07-19,313,0.3873328845,0.5035491077,0.3873328845,0,0,0,0,2007_2009,0,0,
HWM_RESERVE,SSO,LAG2,50,staged,0.15,0.1,rule,2004-10-28,2005-04-18,117,0.04754438595,0.0221141662,0.04754438595,0,0,0,0,2007_2009,0,0,
HWM_RESERVE,SSO,LAG2,50,staged,0.15,0.1,rule,2005-05-17,2005-10-06,99,0.04535488462,0.01739421042,0.04535488462,0,0,0,0,2007_2009,0,0,
HWM_RESERVE,SSO,LAG2,50,staged,0.15,0.1,rule,2005-11-01,2006-05-24,140,0.1345937324,0.07307366009,0.1345937324,0,0,0,0,2007_2009,0,0,
HWM_RESERVE,SSO,LAG2,50,staged,0.15,0.1,rule,2006-08-16,2007-08-06,243,0.2312510015,0.2240839481,0.2312510015,0,0,0,0,2007_2009,0,0,
HWM_RESERVE,SSO,LAG2,50,staged,0.15,0.1,rule,2009-07-14,2010-05-21,216,0.5195678389,0.4280042423,0.5195678389,0,0,0,0,2020,0.05764831678,0.1030130354,0.5596215716
HWM_RESERVE,SSO,LAG2,50,staged,0.15,0.1,rule,2010-09-14,2011-08-03,224,0.3029944586,0.2637078391,0.3029944586,0,0,0,0,2020,0.05764831678,0.1030130354,0.5596215716
HWM_RESERVE,SSO,LAG2,50,staged,0.15,0.1,rule,2012-01-04,2012-06-04,104,0.005361524202,0.002227733749,0.005361524202,0,0,0,0,2020,0.05764831678,0.1030130354,0.5596215716
HWM_RESERVE,SSO,LAG2,50,staged,0.15,0.1,rule,2012-06-07,2012-11-09,107,0.2533492485,0.1005722352,0.2533492485,0,0,0,0,2020,0.05764831678,0.1030130354,0.5596215716
HWM_RESERVE,SSO,LAG2,50,staged,0.15,0.1,rule,2012-11-20,2014-10-14,477,0.3923394503,0.8741153178,0.3924480705,0.0001480101082,0.4176101784,0.01221321775,4.176101784,2020,0.05764831678,0.1030130354,0.5596215716
HWM_RESERVE,SSO,LAG2,50,staged,0.15,0.1,rule,2014-10-22,2015-07-09,178,0.1958485728,0.1375730809,0.1985058561,0.001580020464,0.141518493,0.007727231936,1.518009801,2020,0.05764831678,0.1030130354,0.5596215716
HWM_RESERVE,SSO,LAG2,50,staged,0.15,0.1,rule,2016-03-17,2016-06-28,71,-0.02534963223,-0.007211973312,-0.02534056331,2.623928375e-06,0,0,0,2020,0.05764831678,0.1030130354,0.5596215716
HWM_RESERVE,SSO,LAG2,50,staged,0.15,0.1,rule,2016-06-29,2018-04-03,442,0.3084011278,0.6042444556,0.3079826129,-0.0005631969322,0.8321425829,0.02100672145,8.321425829,2020,0.05764831678,0.1030130354,0.5596215716
HWM_RESERVE,SSO,LAG2,50,staged,0.15,0.1,rule,2018-04-04,2018-10-12,134,0.1702272362,0.08596734705,0.1708264768,0.0002677089888,0.04363989891,0.002619424371,0.4363989891,2020,0.05764831678,0.1030130354,0.5596215716
HWM_RESERVE,SSO,LAG2,50,staged,0.15,0.1,rule,2019-06-05,2020-02-28,185,0.1104698908,0.07635919842,0.1054870146,-0.003299849161,0.418633141,0.0144025658,4.18633141,2020,0.05764831678,0.1030130354,0.5596215716
HWM_RESERVE,SSO,LAG2,50,staged,0.15,0.1,rule,2020-06-30,2022-01-24,395,0.5471440464,0.9936145517,0.5523929142,0.005313291327,2.540674588,0.02166457177,25.40674588,2022,0.8660298703,0.9211890715,0.9401217373
HWM_RESERVE,SSO,LAG2,50,staged,0.15,0.1,rule,2023-03-21,2023-10-23,149,0.1260664647,0.07280813234,0.126190736,6.525989763e-05,0,0,0,,,,
HWM_RESERVE,SSO,LAG2,50,staged,0.15,0.1,rule,2023-11-03,2025-03-11,336,0.3612933008,0.5139242815,0.3588266428,-0.002452944583,1.134982904,0.009423348138,11.34982904,,,,
HWM_RESERVE,SSO,LAG2,50,staged,0.15,0.1,rule,2025-05-13,2026-03-20,214,0.2074101281,0.1733305999,0.20650716,-0.0006370158237,0.992392534,0.01157978178,9.92392534,,,,
HWM_RESERVE,SSO,LAG2,50,staged,0.15,0.1,rule,2026-04-09,2026-09-02,101,0.6849955895,0.2335607649,0.6906646254,0.001342590342,0.9557986139,0.01642601853,11.82172784,,,,
ASYMMETRIC_RESERVE_BAND,SSO,LAG2,50,staged,0.2,0.1,rule,1986-11-21,1987-10-16,227,0.08495863102,0.06383184906,0.07110961453,-0.01157172412,0.2037095499,0.09665671476,0.480548401,1987,0.07294826454,0.03112025323,2.34407683
ASYMMETRIC_RESERVE_BAND,SSO,LAG2,50,staged,0.2,0.1,rule,1988-11-23,1990-01-23,293,0.3608250706,0.4137846186,0.3456674683,-0.01306404253,0.1621297956,0.06196126148,0.1747075084,2000_2002,0,0.4162668623,0
ASYMMETRIC_RESERVE_BAND,SSO,LAG2,50,staged,0.2,0.1,rule,1990-05-09,1990-08-06,61,-0.2419107636,-0.06486705152,-0.2406076291,0.0004185002242,0,0,0,2000_2002,0,0.4162668623,0
ASYMMETRIC_RESERVE_BAND,SSO,LAG2,50,staged,0.2,0.1,rule,1991-01-25,1991-11-20,208,0.3105104135,0.2382757882,0.2983240603,-0.007647885093,0.3492730937,0.1507701334,0.06546655549,2000_2002,0,0.4162668623,0
ASYMMETRIC_RESERVE_BAND,SSO,LAG2,50,staged,0.2,0.1,rule,1991-12-16,1992-04-09,80,0.2279366187,0.07614153542,0.2624668019,0.008731615899,0,0,0.1613680318,2000_2002,0,0.4162668623,0
ASYMMETRIC_RESERVE_BAND,SSO,LAG2,50,staged,0.2,0.1,rule,1992-06-22,1992-10-05,73,0.06692902574,0.01766321694,0.06279946309,-0.001114832019,0.1967992055,0.3296342483,0,2000_2002,0,0.4162668623,0
ASYMMETRIC_RESERVE_BAND,SSO,LAG2,50,staged,0.2,0.1,rule,1992-10-20,1994-03-28,363,0.1468444336,0.22796641,0.1538961546,0.008794271781,0.4066789672,0.1331347766,0.458174073,2000_2002,0,0.4162668623,0
ASYMMETRIC_RESERVE_BAND,SSO,LAG2,50,staged,0.2,0.1,rule,1994-12-22,1996-07-16,394,0.4131186725,0.770560588,0.4402267946,0.02975732881,0.4649801427,0.07960971108,1.523616937,2000_2002,0,0.4162668623,0
ASYMMETRIC_RESERVE_BAND,SSO,LAG2,50,staged,0.2,0.1,rule,1996-07-31,1998-08-28,525,0.4627692181,1.265337478,0.4829428018,0.02842552759,1.241761786,0.04980052555,5.616681215,2000_2002,0,0.4162668623,0
ASYMMETRIC_RESERVE_BAND,SSO,LAG2,50,staged,0.2,0.1,rule,1998-10-30,1999-09-24,226,0.2930983935,0.2630761587,0.2960008446,0.002019538175,1.846216161,0.09192020003,2.181467027,2000_2002,0,0.4162668623,0
ASYMMETRIC_RESERVE_BAND,SSO,LAG2,50,staged,0.2,0.1,rule,1999-10-29,2000-02-22,78,-0.1385963008,-0.04446526104,-0.1334333772,0.00189783508,0,0,0,2000_2002,0,0.4162668623,0
ASYMMETRIC_RESERVE_BAND,SSO,LAG2,50,staged,0.2,0.1,rule,2003-04-21,2004-07-19,313,0.3873328845,0.5035491077,0.3873328845,0,0,0,0,2007_2009,0.01843380191,-0.02668050898,
ASYMMETRIC_RESERVE_BAND,SSO,LAG2,50,staged,0.2,0.1,rule,2004-10-28,2005-04-18,117,0.04754438595,0.0221141662,0.04754438595,0,0,0,0,2007_2009,0.01843380191,-0.02668050898,
ASYMMETRIC_RESERVE_BAND,SSO,LAG2,50,staged,0.2,0.1,rule,2005-05-17,2005-10-06,99,0.04535488462,0.01739421042,0.04535488462,0,0,0,0,2007_2009,0.01843380191,-0.02668050898,
ASYMMETRIC_RESERVE_BAND,SSO,LAG2,50,staged,0.2,0.1,rule,2005-11-01,2006-05-24,140,0.1345937324,0.07307366009,0.1345937324,0,0,0,0,2007_2009,0.01843380191,-0.02668050898,
ASYMMETRIC_RESERVE_BAND,SSO,LAG2,50,staged,0.2,0.1,rule,2006-08-16,2007-08-06,243,0.2314831015,0.2240839481,0.2312510015,-0.0001832001106,0.8439795295,0.08351338196,0,2007_2009,0.01843380191,-0.02668050898,
ASYMMETRIC_RESERVE_BAND,SSO,LAG2,50,staged,0.2,0.1,rule,2009-07-14,2010-05-21,216,0.5192793286,0.4280042423,0.5195678389,0.0001616786234,0,0,0,2020,0.1798311786,2.076098832,0.0866197581
ASYMMETRIC_RESERVE_BAND,SSO,LAG2,50,staged,0.2,0.1,rule,2010-09-14,2011-08-03,224,0.3029944586,0.2637078391,0.3029944586,0,0,0,0,2020,0.1798311786,2.076098832,0.0866197581
ASYMMETRIC_RESERVE_BAND,SSO,LAG2,50,staged,0.2,0.1,rule,2012-01-04,2012-06-04,104,0.05435830459,0.002227733749,0.005361524202,-0.01980271289,1.607530025,0.386808522,0,2020,0.1798311786,2.076098832,0.0866197581
ASYMMETRIC_RESERVE_BAND,SSO,LAG2,50,staged,0.2,0.1,rule,2012-06-07,2012-11-09,107,0.2514232248,0.1005722352,0.2533492485,0.0006526267815,0.8077344986,0.1629741431,0,2020,0.1798311786,2.076098832,0.0866197581
ASYMMETRIC_RESERVE_BAND,SSO,LAG2,50,staged,0.2,0.1,rule,2012-11-20,2014-10-14,477,0.3556328594,0.8741153178,0.3924480705,0.0508389726,1.496061172,0.04958355926,3.654537195,2020,0.1798311786,2.076098832,0.0866197581
ASYMMETRIC_RESERVE_BAND,SSO,LAG2,50,staged,0.2,0.1,rule,2014-10-22,2015-07-09,178,0.1975315561,0.1375730809,0.1985058561,0.0005789115674,2.556569363,0.1609989267,1.377220169,2020,0.1798311786,2.076098832,0.0866197581
ASYMMETRIC_RESERVE_BAND,SSO,LAG2,50,staged,0.2,0.1,rule,2016-03-17,2016-06-28,71,-0.02554688574,-0.007211973312,-0.02534056331,5.970167625e-05,0,0,0,2020,0.1798311786,2.076098832,0.0866197581
ASYMMETRIC_RESERVE_BAND,SSO,LAG2,50,staged,0.2,0.1,rule,2016-06-29,2018-04-03,442,0.2889492153,0.6042444556,0.3079826129,0.02580561952,1.514642792,0.04372983396,7.122598336,2020,0.1798311786,2.076098832,0.0866197581
ASYMMETRIC_RESERVE_BAND,SSO,LAG2,50,staged,0.2,0.1,rule,2018-04-04,2018-10-12,134,0.1909924552,0.08596734705,0.1708264768,-0.008930101439,2.397901269,0.1619519351,0.4915522281,2020,0.1798311786,2.076098832,0.0866197581
ASYMMETRIC_RESERVE_BAND,SSO,LAG2,50,staged,0.2,0.1,rule,2019-06-05,2020-02-28,185,0.1142602625,0.07635919842,0.1054870146,-0.00580007617,2.303520561,0.089741065,3.674330544,2020,0.1798311786,2.076098832,0.0866197581
ASYMMETRIC_RESERVE_BAND,SSO,LAG2,50,staged,0.2,0.1,rule,2020-06-30,2022-01-24,395,0.5310924953,0.9936145517,0.5523929142,0.02167442316,5.681374047,0.0551561263,22.95865225,2022,-0.03050374655,2.010961265,-0.01516873899
ASYMMETRIC_RESERVE_BAND,SSO,LAG2,50,staged,0.2,0.1,rule,2023-03-21,2023-10-23,149,0.1260198077,0.07280813234,0.126190736,8.976327261e-05,0,0,0,,,,
ASYMMETRIC_RESERVE_BAND,SSO,LAG2,50,staged,0.2,0.1,rule,2023-11-03,2025-03-11,336,0.3536249931,0.5139242815,0.3588266428,0.00518735952,4.584434727,0.04514743587,9.201240984,,,,
ASYMMETRIC_RESERVE_BAND,SSO,LAG2,50,staged,0.2,0.1,rule,2025-05-13,2026-03-20,214,0.2058596132,0.1733305999,0.20650716,0.0004571176321,6.094349767,0.08524352666,8.69990668,,,,
ASYMMETRIC_RESERVE_BAND,SSO,LAG2,50,staged,0.2,0.1,rule,2026-04-09,2026-09-02,101,0.6511963359,0.2335607649,0.6906646254,0.009442190293,13.00994126,0.2669886731,10.27605011,,,,
HWM_DRAWDOWN,SSO,LAG2,50,drawdown,0.15,0.1,rule,1986-11-21,1987-10-16,227,0.08150487962,0.06383184906,0.07110961453,-0.008699781673,0.05010624191,0.02236017925,0.5010624191,1987,0.03839221418,0.01057654953,3.629937539
HWM_DRAWDOWN,SSO,LAG2,50,drawdown,0.15,0.1,rule,1988-11-23,1990-01-23,293,0.3386991237,0.4137846186,0.3456674683,0.006055334471,0.01371428394,0.005194553193,0.1371428394,2000_2002,0.5464033736,0.5480109992,0.9970664356
HWM_DRAWDOWN,SSO,LAG2,50,drawdown,0.15,0.1,rule,1990-05-09,1990-08-06,61,-0.2300305804,-0.06486705152,-0.2406076291,-0.003370473928,0,0,0,2000_2002,0.5464033736,0.5480109992,0.9970664356
HWM_DRAWDOWN,SSO,LAG2,50,drawdown,0.15,0.1,rule,1991-01-25,1991-11-20,208,0.2886530508,0.2382757882,0.2983240603,0.006120574729,0.003693077279,0.001634736133,0.03693077279,2000_2002,0.5464033736,0.5480109992,0.9970664356
HWM_DRAWDOWN,SSO,LAG2,50,drawdown,0.15,0.1,rule,1991-12-16,1992-04-09,80,0.2567065719,0.07614153542,0.2624668019,0.00143985958,0.01562168905,0.01826354212,0.1562168905,2000_2002,0.5464033736,0.5480109992,0.9970664356
HWM_DRAWDOWN,SSO,LAG2,50,drawdown,0.15,0.1,rule,1992-06-22,1992-10-05,73,0.0614759174,0.01766321694,0.06279946309,0.0003582261184,0,0,0,2000_2002,0.5464033736,0.5480109992,0.9970664356
HWM_DRAWDOWN,SSO,LAG2,50,drawdown,0.15,0.1,rule,1992-10-20,1994-03-28,363,0.1490607882,0.22796641,0.1538961546,0.006024420303,0.04652368722,0.0149107645,0.4652368722,2000_2002,0.5464033736,0.5480109992,0.9970664356
HWM_DRAWDOWN,SSO,LAG2,50,drawdown,0.15,0.1,rule,1994-12-22,1996-07-16,394,0.4161761098,0.770560588,0.4402267946,0.0263726666,0.1521631923,0.02626493987,1.521631923,2000_2002,0.5464033736,0.5480109992,0.9970664356
HWM_DRAWDOWN,SSO,LAG2,50,drawdown,0.15,0.1,rule,1996-07-31,1998-08-28,525,0.4466277759,1.265337478,0.4829428018,0.05145334528,0.5382256455,0.02252285928,5.382256455,2000_2002,0.5464033736,0.5480109992,0.9970664356
HWM_DRAWDOWN,SSO,LAG2,50,drawdown,0.15,0.1,rule,1998-10-30,1999-09-24,226,0.2708941094,0.2630761587,0.2960008446,0.01762104518,0.1889142791,0.01006795256,1.889142791,2000_2002,0.5464033736,0.5480109992,0.9970664356
HWM_DRAWDOWN,SSO,LAG2,50,drawdown,0.15,0.1,rule,1999-10-29,2000-02-22,78,-0.1131305547,-0.04446526104,-0.1334333772,-0.007355016522,0,0,0,2000_2002,0.5464033736,0.5480109992,0.9970664356
HWM_DRAWDOWN,SSO,LAG2,50,drawdown,0.15,0.1,rule,2003-04-21,2004-07-19,313,0.3652075668,0.5035491077,0.3873328845,0.02002701977,0,0,0,2007_2009,0.2221643941,0.01672638978,13.28226814
HWM_DRAWDOWN,SSO,LAG2,50,drawdown,0.15,0.1,rule,2004-10-28,2005-04-18,117,0.04658702418,0.0221141662,0.04754438595,0.0004305666591,0,0,0,2007_2009,0.2221643941,0.01672638978,13.28226814
HWM_DRAWDOWN,SSO,LAG2,50,drawdown,0.15,0.1,rule,2005-05-17,2005-10-06,99,0.04489198095,0.01739421042,0.04535488462,0.0001721952496,0,0,0,2007_2009,0.2221643941,0.01672638978,13.28226814
HWM_DRAWDOWN,SSO,LAG2,50,drawdown,0.15,0.1,rule,2005-11-01,2006-05-24,140,0.131059501,0.07307366009,0.1345937324,0.001742496199,0,0,0,2007_2009,0.2221643941,0.01672638978,13.28226814
HWM_DRAWDOWN,SSO,LAG2,50,drawdown,0.15,0.1,rule,2006-08-16,2007-08-06,243,0.2244932145,0.2240839481,0.2312510015,0.005349221627,0,0,0,2007_2009,0.2221643941,0.01672638978,13.28226814
HWM_DRAWDOWN,SSO,LAG2,50,drawdown,0.15,0.1,rule,2009-07-14,2010-05-21,216,0.5195678389,0.4280042423,0.5195678389,0,0,0,0,2020,1.020043339,1.115998287,0.9140187322
HWM_DRAWDOWN,SSO,LAG2,50,drawdown,0.15,0.1,rule,2010-09-14,2011-08-03,224,0.3029944586,0.2637078391,0.3029944586,0,0,0,0,2020,1.020043339,1.115998287,0.9140187322
HWM_DRAWDOWN,SSO,LAG2,50,drawdown,0.15,0.1,rule,2012-01-04,2012-06-04,104,0.005361524202,0.002227733749,0.005361524202,0,0,0,0,2020,1.020043339,1.115998287,0.9140187322
HWM_DRAWDOWN,SSO,LAG2,50,drawdown,0.15,0.1,rule,2012-06-07,2012-11-09,107,0.2533492485,0.1005722352,0.2533492485,0,0,0,0,2020,1.020043339,1.115998287,0.9140187322
HWM_DRAWDOWN,SSO,LAG2,50,drawdown,0.15,0.1,rule,2012-11-20,2014-10-14,477,0.3903745215,0.8741153178,0.3924480705,0.002827495088,0.587712685,0.01681401476,5.87712685,2020,1.020043339,1.115998287,0.9140187322
HWM_DRAWDOWN,SSO,LAG2,50,drawdown,0.15,0.1,rule,2014-10-22,2015-07-09,178,0.1911710443,0.1375730809,0.1985058561,0.004369827285,0.1478549765,0.008137208914,1.478549765,2020,1.020043339,1.115998287,0.9140187322
HWM_DRAWDOWN,SSO,LAG2,50,drawdown,0.15,0.1,rule,2016-03-17,2016-06-28,71,-0.02401606253,-0.007211973312,-0.02534056331,-0.0003829582272,0,0,0,2020,1.020043339,1.115998287,0.9140187322
HWM_DRAWDOWN,SSO,LAG2,50,drawdown,0.15,0.1,rule,2016-06-29,2018-04-03,442,0.2955052743,0.6042444556,0.3079826129,0.01687409406,0.822833513,0.02104935398,8.22833513,2020,1.020043339,1.115998287,0.9140187322
HWM_DRAWDOWN,SSO,LAG2,50,drawdown,0.15,0.1,rule,2018-04-04,2018-10-12,134,0.1607964571,0.08596734705,0.1708264768,0.004499034071,0.0279508069,0.001750344867,0.279508069,2020,1.020043339,1.115998287,0.9140187322
HWM_DRAWDOWN,SSO,LAG2,50,drawdown,0.15,0.1,rule,2019-06-05,2020-02-28,185,0.1044326589,0.07635919842,0.1054870146,0.0007001405945,0.4045825273,0.01459601675,4.045825273,2020,1.020043339,1.115998287,0.9140187322
HWM_DRAWDOWN,SSO,LAG2,50,drawdown,0.15,0.1,rule,2020-06-30,2022-01-24,395,0.5256039374,0.9936145517,0.5523929142,0.02730821509,2.520525769,0.02198662852,25.20525769,2022,0.3625466139,2.360702727,0.153575717
HWM_DRAWDOWN,SSO,LAG2,50,drawdown,0.15,0.1,rule,2023-03-21,2023-10-23,149,0.1207240225,0.07280813234,0.126190736,0.002877624363,0,0,0,,,,
HWM_DRAWDOWN,SSO,LAG2,50,drawdown,0.15,0.1,rule,2023-11-03,2025-03-11,336,0.34018221,0.5139242815,0.3588266428,0.01868609252,1.108297277,0.00966585355,11.08297277,,,,
HWM_DRAWDOWN,SSO,LAG2,50,drawdown,0.15,0.1,rule,2025-05-13,2026-03-20,214,0.196823566,0.1733305999,0.20650716,0.006861602284,0.9265540949,0.01155268176,9.265540949,,,,
HWM_DRAWDOWN,SSO,LAG2,50,drawdown,0.15,0.1,rule,2026-04-09,2026-09-02,101,0.636095264,0.2335607649,0.6906646254,0.01311471923,1.094186348,0.02040130677,10.94186348,,,,
BAND_DRAWDOWN,SSO,LAG2,50,drawdown,0.2,0.1,rule,1986-11-21,1987-10-16,227,0.07016835947,0.06383184906,0.07110961453,0.000791899319,0,0,0.4688061395,1987,0.0870949284,0.04183948994,2.081644125
BAND_DRAWDOWN,SSO,LAG2,50,drawdown,0.2,0.1,rule,1988-11-23,1990-01-23,293,0.3404285213,0.4137846186,0.3456674683,0.004549591407,0.09519858005,0.03816081938,0.1439239793,2000_2002,0.428334806,0.5710910528,0.7500289207
BAND_DRAWDOWN,SSO,LAG2,50,drawdown,0.2,0.1,rule,1990-05-09,1990-08-06,61,-0.207751889,-0.06486705152,-0.2406076291,-0.01032083542,0,0,0,2000_2002,0.428334806,0.5710910528,0.7500289207
BAND_DRAWDOWN,SSO,LAG2,50,drawdown,0.2,0.1,rule,1991-01-25,1991-11-20,208,0.2678406539,0.2382757882,0.2983240603,0.01944958575,0,0,0.05250505984,2000_2002,0.428334806,0.5710910528,0.7500289207
BAND_DRAWDOWN,SSO,LAG2,50,drawdown,0.2,0.1,rule,1991-12-16,1992-04-09,80,0.2376280047,0.07614153542,0.2624668019,0.006256421286,0,0,0.1455398646,2000_2002,0.428334806,0.5710910528,0.7500289207
BAND_DRAWDOWN,SSO,LAG2,50,drawdown,0.2,0.1,rule,1992-06-22,1992-10-05,73,0.05973405695,0.01766321694,0.06279946309,0.0008303531486,0,0,0,2000_2002,0.428334806,0.5710910528,0.7500289207
BAND_DRAWDOWN,SSO,LAG2,50,drawdown,0.2,0.1,rule,1992-10-20,1994-03-28,363,0.1422972993,0.22796641,0.1538961546,0.01449377146,0,0,0.445259856,2000_2002,0.428334806,0.5710910528,0.7500289207
BAND_DRAWDOWN,SSO,LAG2,50,drawdown,0.2,0.1,rule,1994-12-22,1996-07-16,394,0.4152828384,0.770560588,0.4402267946,0.02736078491,0.1912956232,0.03369277151,1.494303486,2000_2002,0.428334806,0.5710910528,0.7500289207
BAND_DRAWDOWN,SSO,LAG2,50,drawdown,0.2,0.1,rule,1996-07-31,1998-08-28,525,0.4480887979,1.265337478,0.4829428018,0.04935846252,0.4152426574,0.01747821496,5.353967407,2000_2002,0.428334806,0.5710910528,0.7500289207
BAND_DRAWDOWN,SSO,LAG2,50,drawdown,0.2,0.1,rule,1998-10-30,1999-09-24,226,0.2678857341,0.2630761587,0.2960008446,0.01975577467,0,0,1.889518476,2000_2002,0.428334806,0.5710910528,0.7500289207
BAND_DRAWDOWN,SSO,LAG2,50,drawdown,0.2,0.1,rule,1999-10-29,2000-02-22,78,-0.1172766192,-0.04446526104,-0.1334333772,-0.005866816637,0,0,0,2000_2002,0.428334806,0.5710910528,0.7500289207
BAND_DRAWDOWN,SSO,LAG2,50,drawdown,0.2,0.1,rule,2003-04-21,2004-07-19,313,0.3693843024,0.5035491077,0.3873328845,0.01622165782,0,0,0,2007_2009,0.6740823396,0.0182790508,36.87731639
BAND_DRAWDOWN,SSO,LAG2,50,drawdown,0.2,0.1,rule,2004-10-28,2005-04-18,117,0.04677037179,0.0221141662,0.04754438595,0.0003480768899,0,0,0,2007_2009,0.6740823396,0.0182790508,36.87731639
BAND_DRAWDOWN,SSO,LAG2,50,drawdown,0.2,0.1,rule,2005-05-17,2005-10-06,99,0.0449808382,0.01739421042,0.04535488462,0.0001391353803,0,0,0,2007_2009,0.6740823396,0.0182790508,36.87731639
BAND_DRAWDOWN,SSO,LAG2,50,drawdown,0.2,0.1,rule,2005-11-01,2006-05-24,140,0.1317377649,0.07307366009,0.1345937324,0.001407667196,0,0,0,2007_2009,0.6740823396,0.0182790508,36.87731639
BAND_DRAWDOWN,SSO,LAG2,50,drawdown,0.2,0.1,rule,2006-08-16,2007-08-06,243,0.2259634698,0.2240839481,0.2312510015,0.004182911867,0.6336413162,0.06234016976,0,2007_2009,0.6740823396,0.0182790508,36.87731639
BAND_DRAWDOWN,SSO,LAG2,50,drawdown,0.2,0.1,rule,2009-07-14,2010-05-21,216,0.5195678389,0.4280042423,0.5195678389,0,0,0,0,2020,0.1778606934,2.870117569,0.06196982847
BAND_DRAWDOWN,SSO,LAG2,50,drawdown,0.2,0.1,rule,2010-09-14,2011-08-03,224,0.3029944586,0.2637078391,0.3029944586,0,0,0,0,2020,0.1778606934,2.870117569,0.06196982847
BAND_DRAWDOWN,SSO,LAG2,50,drawdown,0.2,0.1,rule,2012-01-04,2012-06-04,104,0.05438214435,0.002227733749,0.005361524202,-0.01981212229,0.8747672843,0.1925178151,0,2020,0.1778606934,2.870117569,0.06196982847
BAND_DRAWDOWN,SSO,LAG2,50,drawdown,0.2,0.1,rule,2012-06-07,2012-11-09,107,0.222770406,0.1005722352,0.2533492485,0.01048197122,0,0,0,2020,0.1778606934,2.870117569,0.06196982847
BAND_DRAWDOWN,SSO,LAG2,50,drawdown,0.2,0.1,rule,2012-11-20,2014-10-14,477,0.3564033233,0.8741153178,0.3924480705,0.04976094511,0,0,5.663767941,2020,0.1778606934,2.870117569,0.06196982847
BAND_DRAWDOWN,SSO,LAG2,50,drawdown,0.2,0.1,rule,2014-10-22,2015-07-09,178,0.1874764811,0.1375730809,0.1985058561,0.0065811212,0.8606076231,0.05122419849,1.37174191,2020,0.1778606934,2.870117569,0.06196982847
BAND_DRAWDOWN,SSO,LAG2,50,drawdown,0.2,0.1,rule,2016-03-17,2016-06-28,71,-0.02219734465,-0.007211973312,-0.02534056331,-0.0009079655157,0,0,0,2020,0.1778606934,2.870117569,0.06196982847
BAND_DRAWDOWN,SSO,LAG2,50,drawdown,0.2,0.1,rule,2016-06-29,2018-04-03,442,0.2772654593,0.6042444556,0.3079826129,0.04183597828,0,0,7.814852532,2020,0.1778606934,2.870117569,0.06196982847
BAND_DRAWDOWN,SSO,LAG2,50,drawdown,0.2,0.1,rule,2018-04-04,2018-10-12,134,0.1595616027,0.08596734705,0.1708264768,0.005055622178,0,0,0.2723613123,2020,0.1778606934,2.870117569,0.06196982847
BAND_DRAWDOWN,SSO,LAG2,50,drawdown,0.2,0.1,rule,2019-06-05,2020-02-28,185,0.09930756954,0.07635919842,0.1054870146,0.0041129842,0,0,3.937027851,2020,0.1778606934,2.870117569,0.06196982847
BAND_DRAWDOWN,SSO,LAG2,50,drawdown,0.2,0.1,rule,2020-06-30,2022-01-24,395,0.5085263801,0.9936145517,0.5523929142,0.04496820693,2.17367094,0.02033109818,23.32785934,2022,-0.4350610794,3.451983968,-0.1260321842
BAND_DRAWDOWN,SSO,LAG2,50,drawdown,0.2,0.1,rule,2023-03-21,2023-10-23,149,0.1212817968,0.07280813234,0.126190736,0.00258337514,0,0,0,,,,
BAND_DRAWDOWN,SSO,LAG2,50,drawdown,0.2,0.1,rule,2023-11-03,2025-03-11,336,0.3373321022,0.5139242815,0.3588266428,0.02156545513,2.497400325,0.0236843343,9.802652862,,,,
BAND_DRAWDOWN,SSO,LAG2,50,drawdown,0.2,0.1,rule,2025-05-13,2026-03-20,214,0.1910272837,0.1733305999,0.20650716,0.01099534411,0,0,8.619875583,,,,
BAND_DRAWDOWN,SSO,LAG2,50,drawdown,0.2,0.1,rule,2026-04-09,2026-09-02,101,0.6324340856,0.2335607649,0.6906646254,0.01401021041,0,0,10.27242565,,,,
