return_end,execution_close,signal_close,reason,stage,transfer_to_reserve,net_deployed,asset,favorable,streak,row,series,fund,lag,cost_bps,deployment,cap,harvest,rebalance,remaining_tagged_risky_wealth_at_sample_end
1986-11-21,1986-11-20,1986-11-20,deployment,recovery_1_of_3,-0.00611782097,0.00611782097,UPRO,True,1,39,HWM_RESERVE,UPRO,LAG1,0,staged,0.15,0.1,rule,2.362907447
1986-12-22,1986-12-19,1986-12-19,deployment,recovery_2_of_3,-0.006145087448,0.006145087448,UPRO,True,21,59,HWM_RESERVE,UPRO,LAG1,0,staged,0.15,0.1,rule,2.706727605
1987-02-19,1987-02-18,1987-02-18,deployment,recovery_3_of_3,-0.01913721521,0.01913721521,UPRO,True,61,99,HWM_RESERVE,UPRO,LAG1,0,staged,0.15,0.1,rule,6.051826761
1988-06-07,1988-06-06,1988-06-06,deployment,recovery_1_of_3,-0.02432934665,0.02432934665,UPRO,True,1,427,HWM_RESERVE,UPRO,LAG1,0,staged,0.15,0.1,rule,8.513557172
1988-06-09,1988-06-08,1988-06-08,deployment,recovery_1_of_3,-0.01622546866,0.01622546866,UPRO,True,1,429,HWM_RESERVE,UPRO,LAG1,0,staged,0.15,0.1,rule,5.66333591
1988-07-08,1988-07-07,1988-07-07,deployment,recovery_2_of_3,-0.01631174108,0.01631174108,UPRO,True,21,449,HWM_RESERVE,UPRO,LAG1,0,staged,0.15,0.1,rule,5.746073213
1988-08-25,1988-08-24,1988-08-24,deployment,recovery_1_of_3,-0.005488172756,0.005488172756,UPRO,True,1,483,HWM_RESERVE,UPRO,LAG1,0,staged,0.15,0.1,rule,2.284207572
1988-09-06,1988-09-02,1988-09-02,deployment,recovery_1_of_3,-0.003665581821,0.003665581821,UPRO,True,1,490,HWM_RESERVE,UPRO,LAG1,0,staged,0.15,0.1,rule,1.541813888
1988-10-04,1988-10-03,1988-10-03,deployment,recovery_2_of_3,-0.003688910097,0.003688910097,UPRO,True,21,510,HWM_RESERVE,UPRO,LAG1,0,staged,0.15,0.1,rule,1.448250067
1988-11-23,1988-11-22,1988-11-22,deployment,recovery_1_of_3,-0.001242729053,0.001242729053,UPRO,True,1,546,HWM_RESERVE,UPRO,LAG1,0,staged,0.15,0.1,rule,0.5327146769
1988-12-22,1988-12-21,1988-12-21,deployment,recovery_2_of_3,-0.001250954419,0.001250954419,UPRO,True,21,566,HWM_RESERVE,UPRO,LAG1,0,staged,0.15,0.1,rule,0.4843918755
1989-02-21,1989-02-17,1989-02-17,deployment,recovery_3_of_3,-0.001268140458,0.001268140458,UPRO,True,61,606,HWM_RESERVE,UPRO,LAG1,0,staged,0.15,0.1,rule,0.4082161558
1990-03-09,1990-03-08,1990-03-08,deployment,recovery_1_of_3,-0.007592350694,0.007592350694,UPRO,True,1,871,HWM_RESERVE,UPRO,LAG1,0,staged,0.15,0.1,rule,2.019771961
1990-03-19,1990-03-16,1990-03-16,deployment,recovery_1_of_3,-0.005070720352,0.005070720352,UPRO,True,1,877,HWM_RESERVE,UPRO,LAG1,0,staged,0.15,0.1,rule,1.359997464
1990-03-28,1990-03-27,1990-03-27,deployment,recovery_1_of_3,-0.003388827701,0.003388827701,UPRO,True,1,884,HWM_RESERVE,UPRO,LAG1,0,staged,0.15,0.1,rule,0.9232678793
1990-04-04,1990-04-03,1990-04-03,deployment,recovery_1_of_3,-0.00226272665,0.00226272665,UPRO,True,1,889,HWM_RESERVE,UPRO,LAG1,0,staged,0.15,0.1,rule,0.6188086882
1990-04-10,1990-04-09,1990-04-09,deployment,recovery_1_of_3,-0.001510477719,0.001510477719,UPRO,True,1,893,HWM_RESERVE,UPRO,LAG1,0,staged,0.15,0.1,rule,0.4228281503
1990-05-09,1990-05-08,1990-05-08,deployment,recovery_1_of_3,-0.001013442955,0.001013442955,UPRO,True,1,913,HWM_RESERVE,UPRO,LAG1,0,staged,0.15,0.1,rule,0.2847563615
1990-06-07,1990-06-06,1990-06-06,deployment,recovery_2_of_3,-0.001019879412,0.001019879412,UPRO,True,21,933,HWM_RESERVE,UPRO,LAG1,0,staged,0.15,0.1,rule,0.2375675859
1990-08-03,1990-08-02,1990-08-02,deployment,recovery_3_of_3,-0.001032579313,0.001032579313,UPRO,True,61,973,HWM_RESERVE,UPRO,LAG1,0,staged,0.15,0.1,rule,0.276137834
1991-04-23,1991-04-22,1991-04-22,deployment,recovery_3_of_3,-0.01911062396,0.01911062396,UPRO,True,61,1154,HWM_RESERVE,UPRO,LAG1,0,staged,0.15,0.1,rule,3.860147351
1991-12-16,1991-12-13,1991-12-13,deployment,recovery_1_of_3,-0.001379315041,0.001379315041,UPRO,True,1,1319,HWM_RESERVE,UPRO,LAG1,0,staged,0.15,0.1,rule,0.2913134944
1992-01-15,1992-01-14,1992-01-14,deployment,recovery_2_of_3,-0.00138412979,0.00138412979,UPRO,True,21,1339,HWM_RESERVE,UPRO,LAG1,0,staged,0.15,0.1,rule,0.2281850851
1992-03-12,1992-03-11,1992-03-11,deployment,recovery_3_of_3,-0.03295481184,0.03295481184,UPRO,True,61,1379,HWM_RESERVE,UPRO,LAG1,0,staged,0.15,0.1,rule,6.152531376
1993-01-15,1993-01-14,1993-01-14,deployment,recovery_3_of_3,-0.01639242189,0.01639242189,UPRO,True,61,1593,HWM_RESERVE,UPRO,LAG1,0,staged,0.15,0.1,rule,2.666153756
1994-06-15,1994-06-14,1994-06-14,deployment,recovery_1_of_3,-0.02734583005,0.02734583005,UPRO,True,1,1950,HWM_RESERVE,UPRO,LAG1,0,staged,0.15,0.1,rule,3.911341292
1994-08-02,1994-08-01,1994-08-01,deployment,recovery_1_of_3,-0.01833541111,0.01833541111,UPRO,True,1,1983,HWM_RESERVE,UPRO,LAG1,0,staged,0.15,0.1,rule,2.643961536
1994-08-04,1994-08-03,1994-08-03,deployment,recovery_1_of_3,-0.01222656323,0.01222656323,UPRO,True,1,1985,HWM_RESERVE,UPRO,LAG1,0,staged,0.15,0.1,rule,1.763621097
1994-08-15,1994-08-12,1994-08-12,deployment,recovery_1_of_3,-0.008160129871,0.008160129871,UPRO,True,1,1992,HWM_RESERVE,UPRO,LAG1,0,staged,0.15,0.1,rule,1.189906905
1994-09-13,1994-09-12,1994-09-12,deployment,recovery_2_of_3,-0.008192475341,0.008192475341,UPRO,True,21,2012,HWM_RESERVE,UPRO,LAG1,0,staged,0.15,0.1,rule,1.166546648
1994-09-28,1994-09-27,1994-09-27,deployment,recovery_1_of_3,-0.002736209624,0.002736209624,UPRO,True,1,2023,HWM_RESERVE,UPRO,LAG1,0,staged,0.15,0.1,rule,0.4054763247
1994-10-12,1994-10-11,1994-10-11,deployment,recovery_1_of_3,-0.001827578253,0.001827578253,UPRO,True,1,2033,HWM_RESERVE,UPRO,LAG1,0,staged,0.15,0.1,rule,0.2777225789
1994-11-09,1994-11-08,1994-11-08,deployment,recovery_2_of_3,-0.001834800659,0.001834800659,UPRO,True,21,2053,HWM_RESERVE,UPRO,LAG1,0,staged,0.15,0.1,rule,0.2802760997
1994-12-19,1994-12-16,1994-12-16,deployment,recovery_1_of_3,-0.0006151823691,0.0006151823691,UPRO,True,1,2080,HWM_RESERVE,UPRO,LAG1,0,staged,0.15,0.1,rule,0.09848346923
1994-12-22,1994-12-21,1994-12-21,deployment,recovery_1_of_3,-0.0004104419617,0.0004104419617,UPRO,True,1,2083,HWM_RESERVE,UPRO,LAG1,0,staged,0.15,0.1,rule,0.06590676555
1995-01-23,1995-01-20,1995-01-20,deployment,recovery_2_of_3,-0.000412388024,0.000412388024,UPRO,True,21,2103,HWM_RESERVE,UPRO,LAG1,0,staged,0.15,0.1,rule,0.06440786531
1995-03-21,1995-03-20,1995-03-20,deployment,recovery_3_of_3,-0.0004163565517,0.0004163565517,UPRO,True,61,2143,HWM_RESERVE,UPRO,LAG1,0,staged,0.15,0.1,rule,0.05395741565
1996-07-18,1996-07-17,1996-07-17,deployment,recovery_1_of_3,-0.1542728678,0.1542728678,UPRO,True,1,2479,HWM_RESERVE,UPRO,LAG1,0,staged,0.15,0.1,rule,11.89728612
1996-07-29,1996-07-26,1996-07-26,deployment,recovery_1_of_3,-0.102982615,0.102982615,UPRO,True,1,2486,HWM_RESERVE,UPRO,LAG1,0,staged,0.15,0.1,rule,8.127391472
1996-07-31,1996-07-30,1996-07-30,deployment,recovery_1_of_3,-0.06869500696,0.06869500696,UPRO,True,1,2488,HWM_RESERVE,UPRO,LAG1,0,staged,0.15,0.1,rule,5.517319257
1996-08-28,1996-08-27,1996-08-27,deployment,recovery_2_of_3,-0.06896864322,0.06896864322,UPRO,True,21,2508,HWM_RESERVE,UPRO,LAG1,0,staged,0.15,0.1,rule,4.82881328
1996-10-24,1996-10-23,1996-10-23,deployment,recovery_3_of_3,-0.1188582101,0.1188582101,UPRO,True,61,2548,HWM_RESERVE,UPRO,LAG1,0,staged,0.15,0.1,rule,7.09541629
1998-09-24,1998-09-23,1998-09-23,deployment,recovery_1_of_3,-0.7198667906,0.7198667906,UPRO,True,1,3031,HWM_RESERVE,UPRO,LAG1,0,staged,0.15,0.1,rule,20.08053243
1998-10-23,1998-10-22,1998-10-22,deployment,recovery_1_of_3,-0.481487511,0.481487511,UPRO,True,1,3052,HWM_RESERVE,UPRO,LAG1,0,staged,0.15,0.1,rule,13.8906434
1998-10-27,1998-10-26,1998-10-26,deployment,recovery_1_of_3,-0.3211311776,0.3211311776,UPRO,True,1,3054,HWM_RESERVE,UPRO,LAG1,0,staged,0.15,0.1,rule,9.458436356
1998-10-30,1998-10-29,1998-10-29,deployment,recovery_1_of_3,-0.2141604016,0.2141604016,UPRO,True,1,3057,HWM_RESERVE,UPRO,LAG1,0,staged,0.15,0.1,rule,6.311476655
1998-11-30,1998-11-27,1998-11-27,deployment,recovery_2_of_3,-0.214927399,0.214927399,UPRO,True,21,3077,HWM_RESERVE,UPRO,LAG1,0,staged,0.15,0.1,rule,4.830318997
1999-01-28,1999-01-27,1999-01-27,deployment,recovery_3_of_3,-0.318658174,0.318658174,UPRO,True,61,3117,HWM_RESERVE,UPRO,LAG1,0,staged,0.15,0.1,rule,6.556957511
1999-10-07,1999-10-06,1999-10-06,deployment,recovery_1_of_3,-0.2603384477,0.2603384477,UPRO,True,1,3292,HWM_RESERVE,UPRO,LAG1,0,staged,0.15,0.1,rule,5.444843362
1999-10-29,1999-10-28,1999-10-28,deployment,recovery_1_of_3,-0.1740811047,0.1740811047,UPRO,True,1,3308,HWM_RESERVE,UPRO,LAG1,0,staged,0.15,0.1,rule,3.83889349
1999-11-29,1999-11-26,1999-11-26,deployment,recovery_2_of_3,-0.174799166,0.174799166,UPRO,True,21,3328,HWM_RESERVE,UPRO,LAG1,0,staged,0.15,0.1,rule,3.316365498
2000-01-26,2000-01-25,2000-01-25,deployment,recovery_3_of_3,-0.1763475118,0.1763475118,UPRO,True,61,3368,HWM_RESERVE,UPRO,LAG1,0,staged,0.15,0.1,rule,3.503419063
2014-10-22,2014-10-21,2014-10-21,deployment,recovery_1_of_3,-1.079650355,1.079650355,UPRO,True,1,7076,HWM_RESERVE,UPRO,LAG1,0,staged,0.15,0.1,rule,11.32314238
2014-11-19,2014-11-18,2014-11-18,deployment,recovery_2_of_3,-1.079667151,1.079667151,UPRO,True,21,7096,HWM_RESERVE,UPRO,LAG1,0,staged,0.15,0.1,rule,9.568067366
2015-01-20,2015-01-16,2015-01-16,deployment,recovery_3_of_3,-1.404467214,1.404467214,UPRO,True,61,7136,HWM_RESERVE,UPRO,LAG1,0,staged,0.15,0.1,rule,13.17045465
2015-07-13,2015-07-10,2015-07-10,deployment,recovery_1_of_3,-0.1443452191,0.1443452191,UPRO,True,1,7256,HWM_RESERVE,UPRO,LAG1,0,staged,0.15,0.1,rule,1.287627595
2015-08-10,2015-08-07,2015-08-07,deployment,recovery_2_of_3,-0.1443500313,0.1443500313,UPRO,True,21,7276,HWM_RESERVE,UPRO,LAG1,0,staged,0.15,0.1,rule,1.285665588
2015-10-26,2015-10-23,2015-10-23,deployment,recovery_1_of_3,-0.04811988554,0.04811988554,UPRO,True,1,7330,HWM_RESERVE,UPRO,LAG1,0,staged,0.15,0.1,rule,0.4454590852
2015-11-19,2015-11-18,2015-11-18,deployment,recovery_1_of_3,-0.03208182232,0.03208182232,UPRO,True,1,7348,HWM_RESERVE,UPRO,LAG1,0,staged,0.15,0.1,rule,0.3036499651
2015-12-07,2015-12-04,2015-12-04,deployment,recovery_1_of_3,-0.02138942695,0.02138942695,UPRO,True,1,7359,HWM_RESERVE,UPRO,LAG1,0,staged,0.15,0.1,rule,0.2082644165
2015-12-17,2015-12-16,2015-12-16,deployment,recovery_1_of_3,-0.01426076345,0.01426076345,UPRO,True,1,7367,HWM_RESERVE,UPRO,LAG1,0,staged,0.15,0.1,rule,0.1438736184
2015-12-24,2015-12-23,2015-12-23,deployment,recovery_1_of_3,-0.009507577276,0.009507577276,UPRO,True,1,7372,HWM_RESERVE,UPRO,LAG1,0,staged,0.15,0.1,rule,0.09929111382
2015-12-30,2015-12-29,2015-12-29,deployment,recovery_1_of_3,-0.006338601528,0.006338601528,UPRO,True,1,7375,HWM_RESERVE,UPRO,LAG1,0,staged,0.15,0.1,rule,0.06595066709
2016-03-14,2016-03-11,2016-03-11,deployment,recovery_1_of_3,-0.004228109006,0.004228109006,UPRO,True,1,7425,HWM_RESERVE,UPRO,LAG1,0,staged,0.15,0.1,rule,0.04652613163
2016-03-17,2016-03-16,2016-03-16,deployment,recovery_1_of_3,-0.002818867856,0.002818867856,UPRO,True,1,7428,HWM_RESERVE,UPRO,LAG1,0,staged,0.15,0.1,rule,0.03113400692
2016-04-15,2016-04-14,2016-04-14,deployment,recovery_2_of_3,-0.002819451649,0.002819451649,UPRO,True,21,7448,HWM_RESERVE,UPRO,LAG1,0,staged,0.15,0.1,rule,0.0287249494
2016-06-13,2016-06-10,2016-06-10,deployment,recovery_3_of_3,-0.002820614913,0.002820614913,UPRO,True,61,7488,HWM_RESERVE,UPRO,LAG1,0,staged,0.15,0.1,rule,0.02812980035
2018-04-04,2018-04-03,2018-04-03,deployment,recovery_1_of_3,-2.53936851,2.53936851,UPRO,True,1,7943,HWM_RESERVE,UPRO,LAG1,0,staged,0.15,0.1,rule,15.19373304
2018-05-02,2018-05-01,2018-05-01,deployment,recovery_2_of_3,-2.54285322,2.54285322,UPRO,True,21,7963,HWM_RESERVE,UPRO,LAG1,0,staged,0.15,0.1,rule,14.61978905
2018-06-28,2018-06-27,2018-06-27,deployment,recovery_3_of_3,-2.55045977,2.55045977,UPRO,True,61,8003,HWM_RESERVE,UPRO,LAG1,0,staged,0.15,0.1,rule,13.97991427
2018-10-15,2018-10-12,2018-10-12,deployment,recovery_1_of_3,-0.06877361806,0.06877361806,UPRO,True,1,8078,HWM_RESERVE,UPRO,LAG1,0,staged,0.15,0.1,rule,0.3640059317
2018-10-17,2018-10-16,2018-10-16,deployment,recovery_1_of_3,-0.04586055609,0.04586055609,UPRO,True,1,8080,HWM_RESERVE,UPRO,LAG1,0,staged,0.15,0.1,rule,0.2420140073
2018-11-08,2018-11-07,2018-11-07,deployment,recovery_1_of_3,-0.03061662206,0.03061662206,UPRO,True,1,8096,HWM_RESERVE,UPRO,LAG1,0,staged,0.15,0.1,rule,0.166328778
2018-12-04,2018-12-03,2018-12-03,deployment,recovery_1_of_3,-0.02044568332,0.02044568332,UPRO,True,1,8113,HWM_RESERVE,UPRO,LAG1,0,staged,0.15,0.1,rule,0.1191830674
2019-02-13,2019-02-12,2019-02-12,deployment,recovery_1_of_3,-0.01369465318,0.01369465318,UPRO,True,1,8160,HWM_RESERVE,UPRO,LAG1,0,staged,0.15,0.1,rule,0.0866511845
2019-03-12,2019-03-11,2019-03-11,deployment,recovery_1_of_3,-0.009146306818,0.009146306818,UPRO,True,1,8178,HWM_RESERVE,UPRO,LAG1,0,staged,0.15,0.1,rule,0.05687768514
2019-04-09,2019-04-08,2019-04-08,deployment,recovery_2_of_3,-0.009163458481,0.009163458481,UPRO,True,21,8198,HWM_RESERVE,UPRO,LAG1,0,staged,0.15,0.1,rule,0.05080449671
2019-06-05,2019-06-04,2019-06-04,deployment,recovery_1_of_3,-0.003065988633,0.003065988633,UPRO,True,1,8237,HWM_RESERVE,UPRO,LAG1,0,staged,0.15,0.1,rule,0.01956874396
2019-07-03,2019-07-02,2019-07-02,deployment,recovery_2_of_3,-0.003071159089,0.003071159089,UPRO,True,21,8257,HWM_RESERVE,UPRO,LAG1,0,staged,0.15,0.1,rule,0.0164788518
2019-08-29,2019-08-28,2019-08-28,deployment,recovery_3_of_3,-0.003081074617,0.003081074617,UPRO,True,61,8297,HWM_RESERVE,UPRO,LAG1,0,staged,0.15,0.1,rule,0.01831107369
2020-03-03,2020-03-02,2020-03-02,deployment,recovery_1_of_3,-0.7949810434,0.7949810434,UPRO,True,1,8424,HWM_RESERVE,UPRO,LAG1,0,staged,0.15,0.1,rule,4.318263667
2020-03-05,2020-03-04,2020-03-04,deployment,recovery_1_of_3,-0.5300173255,0.5300173255,UPRO,True,1,8426,HWM_RESERVE,UPRO,LAG1,0,staged,0.15,0.1,rule,3.01681788
2020-05-28,2020-05-27,2020-05-27,deployment,recovery_1_of_3,-0.3534764196,0.3534764196,UPRO,True,1,8484,HWM_RESERVE,UPRO,LAG1,0,staged,0.15,0.1,rule,2.219236638
2020-06-15,2020-06-12,2020-06-12,deployment,recovery_1_of_3,-0.2356671215,0.2356671215,UPRO,True,1,8496,HWM_RESERVE,UPRO,LAG1,0,staged,0.15,0.1,rule,1.531508113
2020-06-30,2020-06-29,2020-06-29,deployment,recovery_1_of_3,-0.1571230282,0.1571230282,UPRO,True,1,8507,HWM_RESERVE,UPRO,LAG1,0,staged,0.15,0.1,rule,1.044810279
2020-07-29,2020-07-28,2020-07-28,deployment,recovery_2_of_3,-0.1571396635,0.1571396635,UPRO,True,21,8527,HWM_RESERVE,UPRO,LAG1,0,staged,0.15,0.1,rule,0.8951355457
2020-09-24,2020-09-23,2020-09-23,deployment,recovery_3_of_3,-0.1571658189,0.1571658189,UPRO,True,61,8567,HWM_RESERVE,UPRO,LAG1,0,staged,0.15,0.1,rule,0.8894423876
2022-02-01,2022-01-31,2022-01-31,deployment,recovery_1_of_3,-6.293951588,6.293951588,UPRO,True,1,8908,HWM_RESERVE,UPRO,LAG1,0,staged,0.15,0.1,rule,15.63401113
2022-02-16,2022-02-15,2022-02-15,deployment,recovery_1_of_3,-4.196472832,4.196472832,UPRO,True,1,8919,HWM_RESERVE,UPRO,LAG1,0,staged,0.15,0.1,rule,11.04062352
2022-03-23,2022-03-22,2022-03-22,deployment,recovery_1_of_3,-2.798676315,2.798676315,UPRO,True,1,8943,HWM_RESERVE,UPRO,LAG1,0,staged,0.15,0.1,rule,7.597355032
2022-03-25,2022-03-24,2022-03-24,deployment,recovery_1_of_3,-1.865836623,1.865836623,UPRO,True,1,8945,HWM_RESERVE,UPRO,LAG1,0,staged,0.15,0.1,rule,5.183333758
2022-04-08,2022-04-07,2022-04-07,deployment,recovery_1_of_3,-1.244163083,1.244163083,UPRO,True,1,8955,HWM_RESERVE,UPRO,LAG1,0,staged,0.15,0.1,rule,3.540347372
2022-12-01,2022-11-30,2022-11-30,deployment,recovery_1_of_3,-0.8427582513,0.8427582513,UPRO,True,1,9118,HWM_RESERVE,UPRO,LAG1,0,staged,0.15,0.1,rule,2.63016319
2023-01-17,2023-01-13,2023-01-13,deployment,recovery_1_of_3,-0.5648353736,0.5648353736,UPRO,True,1,9148,HWM_RESERVE,UPRO,LAG1,0,staged,0.15,0.1,rule,1.871972385
2023-01-23,2023-01-20,2023-01-20,deployment,recovery_1_of_3,-0.3768923557,0.3768923557,UPRO,True,1,9152,HWM_RESERVE,UPRO,LAG1,0,staged,0.15,0.1,rule,1.305515091
2023-02-21,2023-02-17,2023-02-17,deployment,recovery_2_of_3,-0.3782582892,0.3782582892,UPRO,True,21,9172,HWM_RESERVE,UPRO,LAG1,0,staged,0.15,0.1,rule,1.221197366
2023-03-17,2023-03-16,2023-03-16,deployment,recovery_1_of_3,-0.1265410961,0.1265410961,UPRO,True,1,9190,HWM_RESERVE,UPRO,LAG1,0,staged,0.15,0.1,rule,0.4593634552
2023-03-21,2023-03-20,2023-03-20,deployment,recovery_1_of_3,-0.08440256546,0.08440256546,UPRO,True,1,9192,HWM_RESERVE,UPRO,LAG1,0,staged,0.15,0.1,rule,0.3141425241
2023-04-19,2023-04-18,2023-04-18,deployment,recovery_2_of_3,-0.084730979,0.084730979,UPRO,True,21,9212,HWM_RESERVE,UPRO,LAG1,0,staged,0.15,0.1,rule,0.2738973577
2023-06-15,2023-06-14,2023-06-14,deployment,recovery_3_of_3,-0.08542783787,0.08542783787,UPRO,True,61,9252,HWM_RESERVE,UPRO,LAG1,0,staged,0.15,0.1,rule,0.2411985407
2025-03-25,2025-03-24,2025-03-24,deployment,recovery_1_of_3,-6.02678874,6.02678874,UPRO,True,1,9696,HWM_RESERVE,UPRO,LAG1,0,staged,0.15,0.1,rule,10.86242822
2025-05-13,2025-05-12,2025-05-12,deployment,recovery_1_of_3,-4.041197549,4.041197549,UPRO,True,1,9730,HWM_RESERVE,UPRO,LAG1,0,staged,0.15,0.1,rule,7.324345831
2025-06-11,2025-06-10,2025-06-10,deployment,recovery_2_of_3,-4.055220492,4.055220492,UPRO,True,21,9750,HWM_RESERVE,UPRO,LAG1,0,staged,0.15,0.1,rule,6.711829282
2025-08-08,2025-08-07,2025-08-07,deployment,recovery_3_of_3,-4.08326768,4.08326768,UPRO,True,61,9790,HWM_RESERVE,UPRO,LAG1,0,staged,0.15,0.1,rule,5.939660863
2026-04-09,2026-04-08,2026-04-08,deployment,recovery_1_of_3,-4.353113379,4.353113379,UPRO,True,1,9957,HWM_RESERVE,UPRO,LAG1,0,staged,0.15,0.1,rule,5.913718304
2026-05-07,2026-05-06,2026-05-06,deployment,recovery_2_of_3,-4.365445625,4.365445625,UPRO,True,21,9977,HWM_RESERVE,UPRO,LAG1,0,staged,0.15,0.1,rule,4.692518155
2026-07-07,2026-07-06,2026-07-06,deployment,recovery_3_of_3,-14.22671077,14.22671077,UPRO,True,61,10017,HWM_RESERVE,UPRO,LAG1,0,staged,0.15,0.1,rule,14.65681857
1986-10-02,1986-10-01,1986-10-01,deployment,recovery_1_of_3,-0.03335790646,0.03335790646,UPRO,True,1,3,ASYMMETRIC_RESERVE_BAND,UPRO,LAG1,0,staged,0.2,0.1,rule,2.318459628
1986-10-30,1986-10-29,1986-10-29,deployment,recovery_2_of_3,-0.03349413418,0.03349413418,UPRO,True,21,23,ASYMMETRIC_RESERVE_BAND,UPRO,LAG1,0,staged,0.2,0.1,rule,2.140997
1986-11-21,1986-11-20,1986-11-20,deployment,recovery_1_of_3,-0.03761948276,0.03761948276,UPRO,True,1,39,ASYMMETRIC_RESERVE_BAND,UPRO,LAG1,0,staged,0.2,0.1,rule,2.670494405
1986-12-22,1986-12-19,1986-12-19,deployment,recovery_2_of_3,-0.0377871488,0.0377871488,UPRO,True,21,59,ASYMMETRIC_RESERVE_BAND,UPRO,LAG1,0,staged,0.2,0.1,rule,3.049005267
1987-02-19,1987-02-18,1987-02-18,deployment,recovery_3_of_3,-0.1239968681,0.1239968681,UPRO,True,61,99,ASYMMETRIC_RESERVE_BAND,UPRO,LAG1,0,staged,0.2,0.1,rule,7.68181222
1988-06-07,1988-06-06,1988-06-06,deployment,recovery_1_of_3,-0.04703610127,0.04703610127,UPRO,True,1,427,ASYMMETRIC_RESERVE_BAND,UPRO,LAG1,0,staged,0.2,0.1,rule,3.434017184
1988-06-09,1988-06-08,1988-06-08,deployment,recovery_1_of_3,-0.03136881552,0.03136881552,UPRO,True,1,429,ASYMMETRIC_RESERVE_BAND,UPRO,LAG1,0,staged,0.2,0.1,rule,2.284355697
1988-07-08,1988-07-07,1988-07-07,deployment,recovery_2_of_3,-0.03153560661,0.03153560661,UPRO,True,21,449,ASYMMETRIC_RESERVE_BAND,UPRO,LAG1,0,staged,0.2,0.1,rule,2.317728507
1988-08-25,1988-08-24,1988-08-24,deployment,recovery_1_of_3,-0.01061032395,0.01061032395,UPRO,True,1,483,ASYMMETRIC_RESERVE_BAND,UPRO,LAG1,0,staged,0.2,0.1,rule,0.9213549511
1988-09-06,1988-09-02,1988-09-02,deployment,recovery_1_of_3,-0.00708669576,0.00708669576,UPRO,True,1,490,ASYMMETRIC_RESERVE_BAND,UPRO,LAG1,0,staged,0.2,0.1,rule,0.621904015
1988-10-04,1988-10-03,1988-10-03,deployment,recovery_2_of_3,-0.007131796485,0.007131796485,UPRO,True,21,510,ASYMMETRIC_RESERVE_BAND,UPRO,LAG1,0,staged,0.2,0.1,rule,0.5841642353
1988-11-23,1988-11-22,1988-11-22,deployment,recovery_1_of_3,-0.002402577037,0.002402577037,UPRO,True,1,546,ASYMMETRIC_RESERVE_BAND,UPRO,LAG1,0,staged,0.2,0.1,rule,0.2148750889
1988-12-22,1988-12-21,1988-12-21,deployment,recovery_2_of_3,-0.002418479196,0.002418479196,UPRO,True,21,566,ASYMMETRIC_RESERVE_BAND,UPRO,LAG1,0,staged,0.2,0.1,rule,0.1953836676
1989-02-21,1989-02-17,1989-02-17,deployment,recovery_3_of_3,-0.00245170509,0.00245170509,UPRO,True,61,606,ASYMMETRIC_RESERVE_BAND,UPRO,LAG1,0,staged,0.2,0.1,rule,0.1646575298
1990-03-09,1990-03-08,1990-03-08,deployment,recovery_1_of_3,-0.07220898759,0.07220898759,UPRO,True,1,871,ASYMMETRIC_RESERVE_BAND,UPRO,LAG1,0,staged,0.2,0.1,rule,4.40728332
1990-03-19,1990-03-16,1990-03-16,deployment,recovery_1_of_3,-0.04822637912,0.04822637912,UPRO,True,1,877,ASYMMETRIC_RESERVE_BAND,UPRO,LAG1,0,staged,0.2,0.1,rule,2.967609341
1990-03-28,1990-03-27,1990-03-27,deployment,recovery_1_of_3,-0.03223031012,0.03223031012,UPRO,True,1,884,ASYMMETRIC_RESERVE_BAND,UPRO,LAG1,0,staged,0.2,0.1,rule,2.01463492
1990-04-04,1990-04-03,1990-04-03,deployment,recovery_1_of_3,-0.02152023888,0.02152023888,UPRO,True,1,889,ASYMMETRIC_RESERVE_BAND,UPRO,LAG1,0,staged,0.2,0.1,rule,1.350283726
1990-04-10,1990-04-09,1990-04-09,deployment,recovery_1_of_3,-0.01436578357,0.01436578357,UPRO,True,1,893,ASYMMETRIC_RESERVE_BAND,UPRO,LAG1,0,staged,0.2,0.1,rule,0.9226405208
1990-05-09,1990-05-08,1990-05-08,deployment,recovery_1_of_3,-0.009638607683,0.009638607683,UPRO,True,1,913,ASYMMETRIC_RESERVE_BAND,UPRO,LAG1,0,staged,0.2,0.1,rule,0.6213582456
1990-06-07,1990-06-06,1990-06-06,deployment,recovery_2_of_3,-0.009699823253,0.009699823253,UPRO,True,21,933,ASYMMETRIC_RESERVE_BAND,UPRO,LAG1,0,staged,0.2,0.1,rule,0.5183890452
1990-08-03,1990-08-02,1990-08-02,deployment,recovery_3_of_3,-0.009820608898,0.009820608898,UPRO,True,61,973,ASYMMETRIC_RESERVE_BAND,UPRO,LAG1,0,staged,0.2,0.1,rule,0.6025520172
1991-04-23,1991-04-22,1991-04-22,deployment,recovery_3_of_3,-0.2288623286,0.2288623286,UPRO,True,61,1154,ASYMMETRIC_RESERVE_BAND,UPRO,LAG1,0,staged,0.2,0.1,rule,11.68898939
1991-12-16,1991-12-13,1991-12-13,deployment,recovery_1_of_3,-0.0847203558,0.0847203558,UPRO,True,1,1319,ASYMMETRIC_RESERVE_BAND,UPRO,LAG1,0,staged,0.2,0.1,rule,5.018714857
1992-01-15,1992-01-14,1992-01-14,deployment,recovery_2_of_3,-0.08501608751,0.08501608751,UPRO,True,21,1339,ASYMMETRIC_RESERVE_BAND,UPRO,LAG1,0,staged,0.2,0.1,rule,3.885598943
1992-03-12,1992-03-11,1992-03-11,deployment,recovery_3_of_3,-0.2855728816,0.2855728816,UPRO,True,61,1379,ASYMMETRIC_RESERVE_BAND,UPRO,LAG1,0,staged,0.2,0.1,rule,15.92746789
1993-01-15,1993-01-14,1993-01-14,deployment,recovery_3_of_3,-0.2935110094,0.2935110094,UPRO,True,61,1593,ASYMMETRIC_RESERVE_BAND,UPRO,LAG1,0,staged,0.2,0.1,rule,15.75635833
1994-06-15,1994-06-14,1994-06-14,deployment,recovery_1_of_3,-0.1064836124,0.1064836124,UPRO,True,1,1950,ASYMMETRIC_RESERVE_BAND,UPRO,LAG1,0,staged,0.2,0.1,rule,5.452928001
1994-08-02,1994-08-01,1994-08-01,deployment,recovery_1_of_3,-0.07139738693,0.07139738693,UPRO,True,1,1983,ASYMMETRIC_RESERVE_BAND,UPRO,LAG1,0,staged,0.2,0.1,rule,3.686032698
1994-08-04,1994-08-03,1994-08-03,deployment,recovery_1_of_3,-0.04760976781,0.04760976781,UPRO,True,1,1985,ASYMMETRIC_RESERVE_BAND,UPRO,LAG1,0,staged,0.2,0.1,rule,2.458721484
1994-08-15,1994-08-12,1994-08-12,deployment,recovery_1_of_3,-0.03177523244,0.03177523244,UPRO,True,1,1992,ASYMMETRIC_RESERVE_BAND,UPRO,LAG1,0,staged,0.2,0.1,rule,1.658887885
1994-09-13,1994-09-12,1994-09-12,deployment,recovery_2_of_3,-0.03190118445,0.03190118445,UPRO,True,21,2012,ASYMMETRIC_RESERVE_BAND,UPRO,LAG1,0,staged,0.2,0.1,rule,1.626320591
1994-09-28,1994-09-27,1994-09-27,deployment,recovery_1_of_3,-0.01065469523,0.01065469523,UPRO,True,1,2023,ASYMMETRIC_RESERVE_BAND,UPRO,LAG1,0,staged,0.2,0.1,rule,0.5652877209
1994-10-12,1994-10-11,1994-10-11,deployment,recovery_1_of_3,-0.007116519553,0.007116519553,UPRO,True,1,2033,ASYMMETRIC_RESERVE_BAND,UPRO,LAG1,0,staged,0.2,0.1,rule,0.3871820724
1994-11-09,1994-11-08,1994-11-08,deployment,recovery_2_of_3,-0.007144643323,0.007144643323,UPRO,True,21,2053,ASYMMETRIC_RESERVE_BAND,UPRO,LAG1,0,staged,0.2,0.1,rule,0.3907420187
1994-12-19,1994-12-16,1994-12-16,deployment,recovery_1_of_3,-0.002395496527,0.002395496527,UPRO,True,1,2080,ASYMMETRIC_RESERVE_BAND,UPRO,LAG1,0,staged,0.2,0.1,rule,0.1372990049
1994-12-22,1994-12-21,1994-12-21,deployment,recovery_1_of_3,-0.001598245241,0.001598245241,UPRO,True,1,2083,ASYMMETRIC_RESERVE_BAND,UPRO,LAG1,0,staged,0.2,0.1,rule,0.09188276362
1995-01-23,1995-01-20,1995-01-20,deployment,recovery_2_of_3,-0.001605823133,0.001605823133,UPRO,True,21,2103,ASYMMETRIC_RESERVE_BAND,UPRO,LAG1,0,staged,0.2,0.1,rule,0.08979309808
1995-03-21,1995-03-20,1995-03-20,deployment,recovery_3_of_3,-0.001621276428,0.001621276428,UPRO,True,61,2143,ASYMMETRIC_RESERVE_BAND,UPRO,LAG1,0,staged,0.2,0.1,rule,0.0752237866
1996-07-18,1996-07-17,1996-07-17,deployment,recovery_1_of_3,-0.1395743674,0.1395743674,UPRO,True,1,2479,ASYMMETRIC_RESERVE_BAND,UPRO,LAG1,0,staged,0.2,0.1,rule,3.951760331
1996-07-29,1996-07-26,1996-07-26,deployment,recovery_1_of_3,-0.09317084425,0.09317084425,UPRO,True,1,2486,ASYMMETRIC_RESERVE_BAND,UPRO,LAG1,0,staged,0.2,0.1,rule,2.699565504
1996-07-31,1996-07-30,1996-07-30,deployment,recovery_1_of_3,-0.06215002209,0.06215002209,UPRO,True,1,2488,ASYMMETRIC_RESERVE_BAND,UPRO,LAG1,0,staged,0.2,0.1,rule,1.832613181
1996-08-28,1996-08-27,1996-08-27,deployment,recovery_2_of_3,-0.06239758738,0.06239758738,UPRO,True,21,2508,ASYMMETRIC_RESERVE_BAND,UPRO,LAG1,0,staged,0.2,0.1,rule,1.60392148
1996-10-24,1996-10-23,1996-10-23,deployment,recovery_3_of_3,-0.8361552059,0.8361552059,UPRO,True,61,2548,ASYMMETRIC_RESERVE_BAND,UPRO,LAG1,0,staged,0.2,0.1,rule,20.09075369
1998-09-24,1998-09-23,1998-09-23,deployment,recovery_1_of_3,-0.6405069167,0.6405069167,UPRO,True,1,3031,ASYMMETRIC_RESERVE_BAND,UPRO,LAG1,0,staged,0.2,0.1,rule,7.439891532
1998-10-23,1998-10-22,1998-10-22,deployment,recovery_1_of_3,-0.4284071513,0.4284071513,UPRO,True,1,3052,ASYMMETRIC_RESERVE_BAND,UPRO,LAG1,0,staged,0.2,0.1,rule,5.146520919
1998-10-27,1998-10-26,1998-10-26,deployment,recovery_1_of_3,-0.285728892,0.285728892,UPRO,True,1,3054,ASYMMETRIC_RESERVE_BAND,UPRO,LAG1,0,staged,0.2,0.1,rule,3.504376231
1998-10-30,1998-10-29,1998-10-29,deployment,recovery_1_of_3,-0.1905508357,0.1905508357,UPRO,True,1,3057,ASYMMETRIC_RESERVE_BAND,UPRO,LAG1,0,staged,0.2,0.1,rule,2.338419157
1998-11-30,1998-11-27,1998-11-27,deployment,recovery_2_of_3,-0.1912332774,0.1912332774,UPRO,True,21,3077,ASYMMETRIC_RESERVE_BAND,UPRO,LAG1,0,staged,0.2,0.1,rule,1.789646242
1999-01-28,1999-01-27,1999-01-27,deployment,recovery_3_of_3,-2.892637979,2.892637979,UPRO,True,61,3117,ASYMMETRIC_RESERVE_BAND,UPRO,LAG1,0,staged,0.2,0.1,rule,27.26240791
1999-10-07,1999-10-06,1999-10-06,deployment,recovery_1_of_3,-1.016707828,1.016707828,UPRO,True,1,3292,ASYMMETRIC_RESERVE_BAND,UPRO,LAG1,0,staged,0.2,0.1,rule,10.58013717
1999-10-29,1999-10-28,1999-10-28,deployment,recovery_1_of_3,-0.6798443467,0.6798443467,UPRO,True,1,3308,ASYMMETRIC_RESERVE_BAND,UPRO,LAG1,0,staged,0.2,0.1,rule,7.45953869
1999-11-29,1999-11-26,1999-11-26,deployment,recovery_2_of_3,-0.6826486138,0.6826486138,UPRO,True,21,3328,ASYMMETRIC_RESERVE_BAND,UPRO,LAG1,0,staged,0.2,0.1,rule,6.444189403
2000-01-26,2000-01-25,2000-01-25,deployment,recovery_3_of_3,-0.688695417,0.688695417,UPRO,True,61,3368,ASYMMETRIC_RESERVE_BAND,UPRO,LAG1,0,staged,0.2,0.1,rule,6.807662186
2014-10-22,2014-10-21,2014-10-21,deployment,recovery_1_of_3,-1.259786401,1.259786401,UPRO,True,1,7076,ASYMMETRIC_RESERVE_BAND,UPRO,LAG1,0,staged,0.2,0.1,rule,6.859180314
2014-11-19,2014-11-18,2014-11-18,deployment,recovery_2_of_3,-1.259805998,1.259805998,UPRO,True,21,7096,ASYMMETRIC_RESERVE_BAND,UPRO,LAG1,0,staged,0.2,0.1,rule,5.796014667
2015-01-20,2015-01-16,2015-01-16,deployment,recovery_3_of_3,-6.661776351,6.661776351,UPRO,True,61,7136,ASYMMETRIC_RESERVE_BAND,UPRO,LAG1,0,staged,0.2,0.1,rule,35.19229666
2015-07-13,2015-07-10,2015-07-10,deployment,recovery_1_of_3,-2.334359912,2.334359912,UPRO,True,1,7256,ASYMMETRIC_RESERVE_BAND,UPRO,LAG1,0,staged,0.2,0.1,rule,12.95987601
2015-08-10,2015-08-07,2015-08-07,deployment,recovery_2_of_3,-2.334437736,2.334437736,UPRO,True,21,7276,ASYMMETRIC_RESERVE_BAND,UPRO,LAG1,0,staged,0.2,0.1,rule,12.94012856
2015-10-26,2015-10-23,2015-10-23,deployment,recovery_1_of_3,-0.778197799,0.778197799,UPRO,True,1,7330,ASYMMETRIC_RESERVE_BAND,UPRO,LAG1,0,staged,0.2,0.1,rule,4.483512574
2015-11-19,2015-11-18,2015-11-18,deployment,recovery_1_of_3,-0.5188292374,0.5188292374,UPRO,True,1,7348,ASYMMETRIC_RESERVE_BAND,UPRO,LAG1,0,staged,0.2,0.1,rule,3.056214323
2015-12-07,2015-12-04,2015-12-04,deployment,recovery_1_of_3,-0.3459111506,0.3459111506,UPRO,True,1,7359,ASYMMETRIC_RESERVE_BAND,UPRO,LAG1,0,staged,0.2,0.1,rule,2.096165868
2015-12-17,2015-12-16,2015-12-16,deployment,recovery_1_of_3,-0.2306259585,0.2306259585,UPRO,True,1,7367,ASYMMETRIC_RESERVE_BAND,UPRO,LAG1,0,staged,0.2,0.1,rule,1.448077273
2015-12-24,2015-12-23,2015-12-23,deployment,recovery_1_of_3,-0.1537571344,0.1537571344,UPRO,True,1,7372,ASYMMETRIC_RESERVE_BAND,UPRO,LAG1,0,staged,0.2,0.1,rule,0.9993576785
2015-12-30,2015-12-29,2015-12-29,deployment,recovery_1_of_3,-0.1025082604,0.1025082604,UPRO,True,1,7375,ASYMMETRIC_RESERVE_BAND,UPRO,LAG1,0,staged,0.2,0.1,rule,0.663788561
2016-03-14,2016-03-11,2016-03-11,deployment,recovery_1_of_3,-0.06837724333,0.06837724333,UPRO,True,1,7425,ASYMMETRIC_RESERVE_BAND,UPRO,LAG1,0,staged,0.2,0.1,rule,0.4682820557
2016-03-17,2016-03-16,2016-03-16,deployment,recovery_1_of_3,-0.04558690729,0.04558690729,UPRO,True,1,7428,ASYMMETRIC_RESERVE_BAND,UPRO,LAG1,0,staged,0.2,0.1,rule,0.3133614649
2016-04-15,2016-04-14,2016-04-14,deployment,recovery_2_of_3,-0.04559634843,0.04559634843,UPRO,True,21,7448,ASYMMETRIC_RESERVE_BAND,UPRO,LAG1,0,staged,0.2,0.1,rule,0.2891144801
2016-06-13,2016-06-10,2016-06-10,deployment,recovery_3_of_3,-0.04561516081,0.04561516081,UPRO,True,61,7488,ASYMMETRIC_RESERVE_BAND,UPRO,LAG1,0,staged,0.2,0.1,rule,0.2831243491
2018-04-04,2018-04-03,2018-04-03,deployment,recovery_1_of_3,-2.564721843,2.564721843,UPRO,True,1,7943,ASYMMETRIC_RESERVE_BAND,UPRO,LAG1,0,staged,0.2,0.1,rule,9.901607982
2018-05-02,2018-05-01,2018-05-01,deployment,recovery_2_of_3,-2.568241344,2.568241344,UPRO,True,21,7963,ASYMMETRIC_RESERVE_BAND,UPRO,LAG1,0,staged,0.2,0.1,rule,9.527574269
2018-06-28,2018-06-27,2018-06-27,deployment,recovery_3_of_3,-2.575923839,2.575923839,UPRO,True,61,8003,ASYMMETRIC_RESERVE_BAND,UPRO,LAG1,0,staged,0.2,0.1,rule,9.110574101
2020-03-03,2020-03-02,2020-03-02,deployment,recovery_1_of_3,-4.882566713,4.882566713,UPRO,True,1,8424,ASYMMETRIC_RESERVE_BAND,UPRO,LAG1,0,staged,0.2,0.1,rule,18.72107654
2020-03-05,2020-03-04,2020-03-04,deployment,recovery_1_of_3,-3.255228501,3.255228501,UPRO,True,1,8426,ASYMMETRIC_RESERVE_BAND,UPRO,LAG1,0,staged,0.2,0.1,rule,13.07888605
2020-05-28,2020-05-27,2020-05-27,deployment,recovery_1_of_3,-2.170960194,2.170960194,UPRO,True,1,8484,ASYMMETRIC_RESERVE_BAND,UPRO,LAG1,0,staged,0.2,0.1,rule,9.621112132
2020-06-15,2020-06-12,2020-06-12,deployment,recovery_1_of_3,-1.447406139,1.447406139,UPRO,True,1,8496,ASYMMETRIC_RESERVE_BAND,UPRO,LAG1,0,staged,0.2,0.1,rule,6.639585447
2020-06-30,2020-06-29,2020-06-29,deployment,recovery_1_of_3,-0.9650087552,0.9650087552,UPRO,True,1,8507,ASYMMETRIC_RESERVE_BAND,UPRO,LAG1,0,staged,0.2,0.1,rule,4.52959215
2020-07-29,2020-07-28,2020-07-28,deployment,recovery_2_of_3,-0.965110925,0.965110925,UPRO,True,21,8527,ASYMMETRIC_RESERVE_BAND,UPRO,LAG1,0,staged,0.2,0.1,rule,3.880703531
2020-09-24,2020-09-23,2020-09-23,deployment,recovery_3_of_3,-0.9652715648,0.9652715648,UPRO,True,61,8567,ASYMMETRIC_RESERVE_BAND,UPRO,LAG1,0,staged,0.2,0.1,rule,3.856021841
2022-02-01,2022-01-31,2022-01-31,deployment,recovery_1_of_3,-5.747733757,5.747733757,UPRO,True,1,8908,ASYMMETRIC_RESERVE_BAND,UPRO,LAG1,0,staged,0.2,0.1,rule,10.40582086
2022-02-16,2022-02-15,2022-02-15,deployment,recovery_1_of_3,-3.832283776,3.832283776,UPRO,True,1,8919,ASYMMETRIC_RESERVE_BAND,UPRO,LAG1,0,staged,0.2,0.1,rule,7.348514054
2022-03-23,2022-03-22,2022-03-22,deployment,recovery_1_of_3,-2.555794417,2.555794417,UPRO,True,1,8943,ASYMMETRIC_RESERVE_BAND,UPRO,LAG1,0,staged,0.2,0.1,rule,5.056713521
2022-03-25,2022-03-24,2022-03-24,deployment,recovery_1_of_3,-1.703910809,1.703910809,UPRO,True,1,8945,ASYMMETRIC_RESERVE_BAND,UPRO,LAG1,0,staged,0.2,0.1,rule,3.449968283
2022-04-08,2022-04-07,2022-04-07,deployment,recovery_1_of_3,-1.136188934,1.136188934,UPRO,True,1,8955,ASYMMETRIC_RESERVE_BAND,UPRO,LAG1,0,staged,0.2,0.1,rule,2.35641514
2022-12-01,2022-11-30,2022-11-30,deployment,recovery_1_of_3,-0.7696198457,0.7696198457,UPRO,True,1,9118,ASYMMETRIC_RESERVE_BAND,UPRO,LAG1,0,staged,0.2,0.1,rule,1.75060685
2023-01-17,2023-01-13,2023-01-13,deployment,recovery_1_of_3,-0.5158163832,0.5158163832,UPRO,True,1,9148,ASYMMETRIC_RESERVE_BAND,UPRO,LAG1,0,staged,0.2,0.1,rule,1.245963632
2023-01-23,2023-01-20,2023-01-20,deployment,recovery_1_of_3,-0.3441839177,0.3441839177,UPRO,True,1,9152,ASYMMETRIC_RESERVE_BAND,UPRO,LAG1,0,staged,0.2,0.1,rule,0.8689360687
2023-02-21,2023-02-17,2023-02-17,deployment,recovery_2_of_3,-0.3454313093,0.3454313093,UPRO,True,21,9172,ASYMMETRIC_RESERVE_BAND,UPRO,LAG1,0,staged,0.2,0.1,rule,0.812815145
2023-03-17,2023-03-16,2023-03-16,deployment,recovery_1_of_3,-0.1155592826,0.1155592826,UPRO,True,1,9190,ASYMMETRIC_RESERVE_BAND,UPRO,LAG1,0,staged,0.2,0.1,rule,0.3057471166
2023-03-21,2023-03-20,2023-03-20,deployment,recovery_1_of_3,-0.0770777258,0.0770777258,UPRO,True,1,9192,ASYMMETRIC_RESERVE_BAND,UPRO,LAG1,0,staged,0.2,0.1,rule,0.2090897085
2023-04-19,2023-04-18,2023-04-18,deployment,recovery_2_of_3,-0.0773776381,0.0773776381,UPRO,True,21,9212,ASYMMETRIC_RESERVE_BAND,UPRO,LAG1,0,staged,0.2,0.1,rule,0.1823029813
2023-06-15,2023-06-14,2023-06-14,deployment,recovery_3_of_3,-0.07801402039,0.07801402039,UPRO,True,61,9252,ASYMMETRIC_RESERVE_BAND,UPRO,LAG1,0,staged,0.2,0.1,rule,0.1605390188
2025-03-25,2025-03-24,2025-03-24,deployment,recovery_1_of_3,-12.23271298,12.23271298,UPRO,True,1,9696,ASYMMETRIC_RESERVE_BAND,UPRO,LAG1,0,staged,0.2,0.1,rule,17.16508182
2025-05-13,2025-05-12,2025-05-12,deployment,recovery_1_of_3,-8.202512457,8.202512457,UPRO,True,1,9730,ASYMMETRIC_RESERVE_BAND,UPRO,LAG1,0,staged,0.2,0.1,rule,11.57411519
2025-06-11,2025-06-10,2025-06-10,deployment,recovery_2_of_3,-8.23097515,8.23097515,UPRO,True,21,9750,ASYMMETRIC_RESERVE_BAND,UPRO,LAG1,0,staged,0.2,0.1,rule,10.60620116
2025-08-08,2025-08-07,2025-08-07,deployment,recovery_3_of_3,-8.287903178,8.287903178,UPRO,True,61,9790,ASYMMETRIC_RESERVE_BAND,UPRO,LAG1,0,staged,0.2,0.1,rule,9.386001236
2026-04-09,2026-04-08,2026-04-08,deployment,recovery_1_of_3,-17.17821681,17.17821681,UPRO,True,1,9957,ASYMMETRIC_RESERVE_BAND,UPRO,LAG1,0,staged,0.2,0.1,rule,19.76392074
2026-05-07,2026-05-06,2026-05-06,deployment,recovery_2_of_3,-17.22688221,17.22688221,UPRO,True,21,9977,ASYMMETRIC_RESERVE_BAND,UPRO,LAG1,0,staged,0.2,0.1,rule,15.61848007
2026-07-07,2026-07-06,2026-07-06,deployment,recovery_3_of_3,-66.71464117,66.71464117,UPRO,True,61,10017,ASYMMETRIC_RESERVE_BAND,UPRO,LAG1,0,staged,0.2,0.1,rule,62.16280169
1987-10-20,1987-10-19,1987-10-19,deployment,drawdown_20_30,-0.04542491586,0.04542491586,SP500_1X,False,0,268,HWM_DRAWDOWN,UPRO,LAG1,0,drawdown,0.15,0.1,rule,18.79914541
2001-03-13,2001-03-12,2001-03-12,deployment,drawdown_20,-0.7255928408,0.7255928408,SP500_1X,False,0,3652,HWM_DRAWDOWN,UPRO,LAG1,0,drawdown,0.15,0.1,rule,26.41006836
2001-09-18,2001-09-17,2001-09-17,deployment,drawdown_30,-0.9244901281,0.9244901281,SP500_1X,False,0,3779,HWM_DRAWDOWN,UPRO,LAG1,0,drawdown,0.15,0.1,rule,37.97206076
2002-07-19,2002-07-18,2002-07-18,deployment,drawdown_40,-0.938709486,0.938709486,SP500_1X,False,0,3989,HWM_DRAWDOWN,UPRO,LAG1,0,drawdown,0.15,0.1,rule,49.62671333
2008-07-15,2008-07-14,2008-07-14,deployment,drawdown_20,-0.2660325568,0.2660325568,SP500_1X,False,0,5496,HWM_DRAWDOWN,UPRO,LAG1,0,drawdown,0.15,0.1,rule,9.088182134
2008-10-07,2008-10-06,2008-10-06,deployment,drawdown_30,-0.3336499639,0.3336499639,SP500_1X,False,0,5555,HWM_DRAWDOWN,UPRO,LAG1,0,drawdown,0.15,0.1,rule,13.17970805
2008-10-10,2008-10-09,2008-10-09,deployment,drawdown_40,-0.3336687185,0.3336687185,SP500_1X,False,0,5558,HWM_DRAWDOWN,UPRO,LAG1,0,drawdown,0.15,0.1,rule,15.30071679
2008-11-21,2008-11-20,2008-11-20,deployment,drawdown_50,-0.4006259048,0.4006259048,SP500_1X,False,0,5588,HWM_DRAWDOWN,UPRO,LAG1,0,drawdown,0.15,0.1,rule,22.14086595
2020-03-13,2020-03-12,2020-03-12,deployment,drawdown_20,-2.913814751,2.913814751,SP500_1X,False,0,8432,HWM_DRAWDOWN,UPRO,LAG1,0,drawdown,0.15,0.1,rule,22.3175653
2020-03-23,2020-03-20,2020-03-20,deployment,drawdown_30,-3.642433464,3.642433464,SP500_1X,False,0,8438,HWM_DRAWDOWN,UPRO,LAG1,0,drawdown,0.15,0.1,rule,30.00602164
2022-06-14,2022-06-13,2022-06-13,deployment,drawdown_20,-5.275865374,5.275865374,SP500_1X,False,0,9000,HWM_DRAWDOWN,UPRO,LAG1,0,drawdown,0.15,0.1,rule,17.9950427
1987-10-20,1987-10-19,1987-10-19,deployment,drawdown_20_30,-0.04788972958,0.04788972958,SP500_1X,False,0,268,BAND_DRAWDOWN,UPRO,LAG1,0,drawdown,0.2,0.1,rule,21.96402973
2001-03-13,2001-03-12,2001-03-12,deployment,drawdown_20,-0.5954892695,0.5954892695,SP500_1X,False,0,3652,BAND_DRAWDOWN,UPRO,LAG1,0,drawdown,0.2,0.1,rule,22.55981045
2001-09-18,2001-09-17,2001-09-17,deployment,drawdown_30,-0.7587229643,0.7587229643,SP500_1X,False,0,3779,BAND_DRAWDOWN,UPRO,LAG1,0,drawdown,0.2,0.1,rule,32.43620885
2002-07-19,2002-07-18,2002-07-18,deployment,drawdown_40,-0.7703926978,0.7703926978,SP500_1X,False,0,3989,BAND_DRAWDOWN,UPRO,LAG1,0,drawdown,0.2,0.1,rule,42.39175872
2008-07-15,2008-07-14,2008-07-14,deployment,drawdown_20,-0.2183311687,0.2183311687,SP500_1X,False,0,5496,BAND_DRAWDOWN,UPRO,LAG1,0,drawdown,0.2,0.1,rule,7.763238756
2008-10-07,2008-10-06,2008-10-06,deployment,drawdown_30,-0.2738243297,0.2738243297,SP500_1X,False,0,5555,BAND_DRAWDOWN,UPRO,LAG1,0,drawdown,0.2,0.1,rule,11.25827132
2008-10-10,2008-10-09,2008-10-09,deployment,drawdown_40,-0.2738397215,0.2738397215,SP500_1X,False,0,5558,BAND_DRAWDOWN,UPRO,LAG1,0,drawdown,0.2,0.1,rule,13.0700635
2008-11-21,2008-11-20,2008-11-20,deployment,drawdown_50,-0.3287910436,0.3287910436,SP500_1X,False,0,5588,BAND_DRAWDOWN,UPRO,LAG1,0,drawdown,0.2,0.1,rule,18.91300439
2020-03-13,2020-03-12,2020-03-12,deployment,drawdown_20,-1.663675822,1.663675822,SP500_1X,False,0,8432,BAND_DRAWDOWN,UPRO,LAG1,0,drawdown,0.2,0.1,rule,13.01374936
2020-03-23,2020-03-20,2020-03-20,deployment,drawdown_30,-2.079689001,2.079689001,SP500_1X,False,0,8438,BAND_DRAWDOWN,UPRO,LAG1,0,drawdown,0.2,0.1,rule,17.49701813
2022-06-14,2022-06-13,2022-06-13,deployment,drawdown_20,-3.344703734,3.344703734,SP500_1X,False,0,9000,BAND_DRAWDOWN,UPRO,LAG1,0,drawdown,0.2,0.1,rule,11.65645179
1986-11-21,1986-11-20,1986-11-20,deployment,recovery_1_of_3,-0.00607184198,0.006065839643,UPRO,True,1,39,HWM_RESERVE,UPRO,LAG1,10,staged,0.15,0.1,rule,1.859534383
1986-12-22,1986-12-19,1986-12-19,deployment,recovery_2_of_3,-0.006098903533,0.006098863741,UPRO,True,21,59,HWM_RESERVE,UPRO,LAG1,10,staged,0.15,0.1,rule,2.131811028
1987-02-19,1987-02-18,1987-02-18,deployment,recovery_3_of_3,-0.01880293247,0.01880266198,UPRO,True,61,99,HWM_RESERVE,UPRO,LAG1,10,staged,0.15,0.1,rule,4.718659559
1988-06-07,1988-06-06,1988-06-06,deployment,recovery_1_of_3,-0.02422925683,0.02420596481,UPRO,True,1,427,HWM_RESERVE,UPRO,LAG1,10,staged,0.15,0.1,rule,6.7350352
1988-06-09,1988-06-08,1988-06-08,deployment,recovery_1_of_3,-0.01612767835,0.0161119657,UPRO,True,1,429,HWM_RESERVE,UPRO,LAG1,10,staged,0.15,0.1,rule,4.48023851
1988-07-08,1988-07-07,1988-07-07,deployment,recovery_2_of_3,-0.01621343081,0.01621321902,UPRO,True,21,449,HWM_RESERVE,UPRO,LAG1,10,staged,0.15,0.1,rule,4.550124635
1988-08-25,1988-08-24,1988-08-24,deployment,recovery_1_of_3,-0.005439036545,0.005433653745,UPRO,True,1,483,HWM_RESERVE,UPRO,LAG1,10,staged,0.15,0.1,rule,1.80526367
1988-09-06,1988-09-02,1988-09-02,deployment,recovery_1_of_3,-0.003625577974,0.003621977696,UPRO,True,1,490,HWM_RESERVE,UPRO,LAG1,10,staged,0.15,0.1,rule,1.218532253
1988-10-04,1988-10-03,1988-10-03,deployment,recovery_2_of_3,-0.00364865166,0.003648639685,UPRO,True,21,510,HWM_RESERVE,UPRO,LAG1,10,staged,0.15,0.1,rule,1.145724264
1988-11-23,1988-11-22,1988-11-22,deployment,recovery_1_of_3,-0.001225499251,0.001224276703,UPRO,True,1,546,HWM_RESERVE,UPRO,LAG1,10,staged,0.15,0.1,rule,0.4205986074
1988-12-22,1988-12-21,1988-12-21,deployment,recovery_2_of_3,-0.001233610576,0.001233609224,UPRO,True,21,566,HWM_RESERVE,UPRO,LAG1,10,staged,0.15,0.1,rule,0.3828278136
1989-02-21,1989-02-17,1989-02-17,deployment,recovery_3_of_3,-0.001248061879,0.001248060728,UPRO,True,61,606,HWM_RESERVE,UPRO,LAG1,10,staged,0.15,0.1,rule,0.3219804174
1990-03-09,1990-03-08,1990-03-08,deployment,recovery_1_of_3,-0.006811853647,0.006805097776,UPRO,True,1,871,HWM_RESERVE,UPRO,LAG1,10,staged,0.15,0.1,rule,1.452346012
1990-03-19,1990-03-16,1990-03-16,deployment,recovery_1_of_3,-0.004540429148,0.004535913843,UPRO,True,1,877,HWM_RESERVE,UPRO,LAG1,10,staged,0.15,0.1,rule,0.9779256923
1990-03-28,1990-03-27,1990-03-27,deployment,recovery_1_of_3,-0.003028395371,0.003025378351,UPRO,True,1,884,HWM_RESERVE,UPRO,LAG1,10,staged,0.15,0.1,rule,0.6638890174
1990-04-04,1990-04-03,1990-04-03,deployment,recovery_1_of_3,-0.002018038489,0.00201602553,UPRO,True,1,889,HWM_RESERVE,UPRO,LAG1,10,staged,0.15,0.1,rule,0.4449632671
1990-04-10,1990-04-09,1990-04-09,deployment,recovery_1_of_3,-0.001344450664,0.001343108526,UPRO,True,1,893,HWM_RESERVE,UPRO,LAG1,10,staged,0.15,0.1,rule,0.304040649
1990-05-09,1990-05-08,1990-05-08,deployment,recovery_1_of_3,-0.0009002483532,0.0008993491476,UPRO,True,1,913,HWM_RESERVE,UPRO,LAG1,10,staged,0.15,0.1,rule,0.204758148
1990-06-07,1990-06-06,1990-06-06,deployment,recovery_2_of_3,-0.0009059659026,0.0009059654644,UPRO,True,21,933,HWM_RESERVE,UPRO,LAG1,10,staged,0.15,0.1,rule,0.1709971808
1990-08-03,1990-08-02,1990-08-02,deployment,recovery_3_of_3,-0.0009154144994,0.0009154139857,UPRO,True,61,973,HWM_RESERVE,UPRO,LAG1,10,staged,0.15,0.1,rule,0.1983623429
1991-04-23,1991-04-22,1991-04-22,deployment,recovery_3_of_3,-0.01550518349,0.01550507291,UPRO,True,61,1154,HWM_RESERVE,UPRO,LAG1,10,staged,0.15,0.1,rule,2.539220823
1991-12-16,1991-12-13,1991-12-13,deployment,recovery_1_of_3,-0.001331971674,0.001330641407,UPRO,True,1,1319,HWM_RESERVE,UPRO,LAG1,10,staged,0.15,0.1,rule,0.2283070063
1992-01-15,1992-01-14,1992-01-14,deployment,recovery_2_of_3,-0.001336621162,0.001336620498,UPRO,True,21,1339,HWM_RESERVE,UPRO,LAG1,10,staged,0.15,0.1,rule,0.1789775419
1992-03-12,1992-03-11,1992-03-11,deployment,recovery_3_of_3,-0.03152032638,0.0315199093,UPRO,True,61,1379,HWM_RESERVE,UPRO,LAG1,10,staged,0.15,0.1,rule,4.779756446
1993-01-15,1993-01-14,1993-01-14,deployment,recovery_3_of_3,-0.01420060093,0.01420052716,UPRO,True,61,1593,HWM_RESERVE,UPRO,LAG1,10,staged,0.15,0.1,rule,1.886187224
1994-06-15,1994-06-14,1994-06-14,deployment,recovery_1_of_3,-0.02636874277,0.0263428107,UPRO,True,1,1950,HWM_RESERVE,UPRO,LAG1,10,staged,0.15,0.1,rule,3.083144648
1994-08-02,1994-08-01,1994-08-01,deployment,recovery_1_of_3,-0.01764551848,0.01762807044,UPRO,True,1,1983,HWM_RESERVE,UPRO,LAG1,10,staged,0.15,0.1,rule,2.084122876
1994-08-04,1994-08-03,1994-08-03,deployment,recovery_1_of_3,-0.01174326574,0.01173161014,UPRO,True,1,1985,HWM_RESERVE,UPRO,LAG1,10,staged,0.15,0.1,rule,1.390187801
1994-08-15,1994-08-12,1994-08-12,deployment,recovery_1_of_3,-0.007822023062,0.007814240432,UPRO,True,1,1992,HWM_RESERVE,UPRO,LAG1,10,staged,0.15,0.1,rule,0.9379532067
1994-09-13,1994-09-12,1994-09-12,deployment,recovery_2_of_3,-0.007853028329,0.007853008921,UPRO,True,21,2012,HWM_RESERVE,UPRO,LAG1,10,staged,0.15,0.1,rule,0.9204551247
1994-09-28,1994-09-27,1994-09-27,deployment,recovery_1_of_3,-0.002615000948,0.002612390431,UPRO,True,1,2023,HWM_RESERVE,UPRO,LAG1,10,staged,0.15,0.1,rule,0.3193014831
1994-10-12,1994-10-11,1994-10-11,deployment,recovery_1_of_3,-0.001743134794,0.001741393706,UPRO,True,1,2033,HWM_RESERVE,UPRO,LAG1,10,staged,0.15,0.1,rule,0.2186989127
1994-11-09,1994-11-08,1994-11-08,deployment,recovery_2_of_3,-0.001750023488,0.00175002245,UPRO,True,21,2053,HWM_RESERVE,UPRO,LAG1,10,staged,0.15,0.1,rule,0.2209304113
1994-12-19,1994-12-16,1994-12-16,deployment,recovery_1_of_3,-0.0005850000934,0.0005844153367,UPRO,True,1,2080,HWM_RESERVE,UPRO,LAG1,10,staged,0.15,0.1,rule,0.07747549111
1994-12-22,1994-12-21,1994-12-21,deployment,recovery_1_of_3,-0.0003895248323,0.0003891354159,UPRO,True,1,2083,HWM_RESERVE,UPRO,LAG1,10,staged,0.15,0.1,rule,0.05184787933
1995-01-23,1995-01-20,1995-01-20,deployment,recovery_2_of_3,-0.0003913717184,0.0003913716652,UPRO,True,21,2103,HWM_RESERVE,UPRO,LAG1,10,staged,0.15,0.1,rule,0.05071942195
1995-03-21,1995-03-20,1995-03-20,deployment,recovery_3_of_3,-0.0003943478906,0.0003943478457,UPRO,True,61,2143,HWM_RESERVE,UPRO,LAG1,10,staged,0.15,0.1,rule,0.04240502404
1996-07-18,1996-07-17,1996-07-17,deployment,recovery_1_of_3,-0.1446088692,0.1444709429,UPRO,True,1,2479,HWM_RESERVE,UPRO,LAG1,10,staged,0.15,0.1,rule,9.248032748
1996-07-29,1996-07-26,1996-07-26,deployment,recovery_1_of_3,-0.09634766488,0.09625435528,UPRO,True,1,2486,HWM_RESERVE,UPRO,LAG1,10,staged,0.15,0.1,rule,6.317607369
1996-07-31,1996-07-30,1996-07-30,deployment,recovery_1_of_3,-0.06414475877,0.06408198629,UPRO,True,1,2488,HWM_RESERVE,UPRO,LAG1,10,staged,0.15,0.1,rule,4.28873851
1996-08-28,1996-08-27,1996-08-27,deployment,recovery_2_of_3,-0.0644002698,0.06439966468,UPRO,True,21,2508,HWM_RESERVE,UPRO,LAG1,10,staged,0.15,0.1,rule,3.757223903
1996-10-24,1996-10-23,1996-10-23,deployment,recovery_3_of_3,-0.1068192042,0.1068177911,UPRO,True,61,2548,HWM_RESERVE,UPRO,LAG1,10,staged,0.15,0.1,rule,5.310547627
1998-09-24,1998-09-23,1998-09-23,deployment,recovery_1_of_3,-0.6796963094,0.6790644834,UPRO,True,1,3031,HWM_RESERVE,UPRO,LAG1,10,staged,0.15,0.1,rule,15.80586924
1998-10-23,1998-10-22,1998-10-22,deployment,recovery_1_of_3,-0.4537765171,0.4533447897,UPRO,True,1,3052,HWM_RESERVE,UPRO,LAG1,10,staged,0.15,0.1,rule,10.93365896
1998-10-27,1998-10-26,1998-10-26,deployment,recovery_1_of_3,-0.302073856,0.3017817662,UPRO,True,1,3054,HWM_RESERVE,UPRO,LAG1,10,staged,0.15,0.1,rule,7.444962367
1998-10-30,1998-10-29,1998-10-29,deployment,recovery_1_of_3,-0.2010619249,0.2008652972,UPRO,True,1,3057,HWM_RESERVE,UPRO,LAG1,10,staged,0.15,0.1,rule,4.967914824
1998-11-30,1998-11-27,1998-11-27,deployment,recovery_2_of_3,-0.2017820112,0.2017802977,UPRO,True,21,3077,HWM_RESERVE,UPRO,LAG1,10,staged,0.15,0.1,rule,3.805781914
1999-01-28,1999-01-27,1999-01-27,deployment,recovery_3_of_3,-0.2777775657,0.2777746015,UPRO,True,61,3117,HWM_RESERVE,UPRO,LAG1,10,staged,0.15,0.1,rule,4.793276719
1999-10-07,1999-10-06,1999-10-06,deployment,recovery_1_of_3,-0.243839523,0.2436002022,UPRO,True,1,3292,HWM_RESERVE,UPRO,LAG1,10,staged,0.15,0.1,rule,4.280960446
1999-10-29,1999-10-28,1999-10-28,deployment,recovery_1_of_3,-0.1627291366,0.1625685314,UPRO,True,1,3308,HWM_RESERVE,UPRO,LAG1,10,staged,0.15,0.1,rule,3.018296413
1999-11-29,1999-11-26,1999-11-26,deployment,recovery_2_of_3,-0.1634003726,0.1633994488,UPRO,True,21,3328,HWM_RESERVE,UPRO,LAG1,10,staged,0.15,0.1,rule,2.610039326
2000-01-26,2000-01-25,2000-01-25,deployment,recovery_3_of_3,-0.1645214271,0.1645204468,UPRO,True,61,3368,HWM_RESERVE,UPRO,LAG1,10,staged,0.15,0.1,rule,2.751811313
2014-10-22,2014-10-21,2014-10-21,deployment,recovery_1_of_3,-0.776748372,0.7759960016,UPRO,True,1,7076,HWM_RESERVE,UPRO,LAG1,10,staged,0.15,0.1,rule,7.605395812
2014-11-19,2014-11-18,2014-11-18,deployment,recovery_2_of_3,-0.7767604555,0.7767500953,UPRO,True,21,7096,HWM_RESERVE,UPRO,LAG1,10,staged,0.15,0.1,rule,6.432798465
2015-01-20,2015-01-16,2015-01-16,deployment,recovery_3_of_3,-1.033196018,1.033176732,UPRO,True,61,7136,HWM_RESERVE,UPRO,LAG1,10,staged,0.15,0.1,rule,9.052181
2015-07-13,2015-07-10,2015-07-10,deployment,recovery_1_of_3,-0.1199045235,0.1197851107,UPRO,True,1,7256,HWM_RESERVE,UPRO,LAG1,10,staged,0.15,0.1,rule,1.000310915
2015-08-10,2015-08-07,2015-08-07,deployment,recovery_2_of_3,-0.119908521,0.1199082753,UPRO,True,21,7276,HWM_RESERVE,UPRO,LAG1,10,staged,0.15,0.1,rule,0.9997823868
2015-10-26,2015-10-23,2015-10-23,deployment,recovery_1_of_3,-0.03985266813,0.03981287193,UPRO,True,1,7330,HWM_RESERVE,UPRO,LAG1,10,staged,0.15,0.1,rule,0.3457159306
2015-11-19,2015-11-18,2015-11-18,deployment,recovery_1_of_3,-0.02651698118,0.02649048981,UPRO,True,1,7348,HWM_RESERVE,UPRO,LAG1,10,staged,0.15,0.1,rule,0.2356594213
2015-12-07,2015-12-04,2015-12-04,deployment,recovery_1_of_3,-0.01764395891,0.01762632664,UPRO,True,1,7359,HWM_RESERVE,UPRO,LAG1,10,staged,0.15,0.1,rule,0.1616317389
2015-12-17,2015-12-16,2015-12-16,deployment,recovery_1_of_3,-0.01174008465,0.01172834994,UPRO,True,1,7367,HWM_RESERVE,UPRO,LAG1,10,staged,0.15,0.1,rule,0.1116587438
2015-12-24,2015-12-23,2015-12-23,deployment,recovery_1_of_3,-0.007811414799,0.007803605851,UPRO,True,1,7372,HWM_RESERVE,UPRO,LAG1,10,staged,0.15,0.1,rule,0.07705874894
2015-12-30,2015-12-29,2015-12-29,deployment,recovery_1_of_3,-0.005197380814,0.005192184523,UPRO,True,1,7375,HWM_RESERVE,UPRO,LAG1,10,staged,0.15,0.1,rule,0.05118359239
2016-03-14,2016-03-11,2016-03-11,deployment,recovery_1_of_3,-0.003459938879,0.003456479452,UPRO,True,1,7425,HWM_RESERVE,UPRO,LAG1,10,staged,0.15,0.1,rule,0.03610842258
2016-03-17,2016-03-16,2016-03-16,deployment,recovery_1_of_3,-0.002302120618,0.002299818725,UPRO,True,1,7428,HWM_RESERVE,UPRO,LAG1,10,staged,0.15,0.1,rule,0.02416276271
2016-04-15,2016-04-14,2016-04-14,deployment,recovery_2_of_3,-0.002302597392,0.002302597287,UPRO,True,21,7448,HWM_RESERVE,UPRO,LAG1,10,staged,0.15,0.1,rule,0.02231543271
2016-06-13,2016-06-10,2016-06-10,deployment,recovery_3_of_3,-0.002298940666,0.002298940563,UPRO,True,61,7488,HWM_RESERVE,UPRO,LAG1,10,staged,0.15,0.1,rule,0.02180937989
2018-04-04,2018-04-03,2018-04-03,deployment,recovery_1_of_3,-2.037845641,2.0358983,UPRO,True,1,7943,HWM_RESERVE,UPRO,LAG1,10,staged,0.15,0.1,rule,11.61031311
2018-05-02,2018-05-01,2018-05-01,deployment,recovery_2_of_3,-2.040642124,2.040598407,UPRO,True,21,7963,HWM_RESERVE,UPRO,LAG1,10,staged,0.15,0.1,rule,11.18241877
2018-06-28,2018-06-27,2018-06-27,deployment,recovery_3_of_3,-2.04279093,2.042749123,UPRO,True,61,8003,HWM_RESERVE,UPRO,LAG1,10,staged,0.15,0.1,rule,10.67255364
2018-10-15,2018-10-12,2018-10-12,deployment,recovery_1_of_3,-0.04667011635,0.04662348835,UPRO,True,1,8078,HWM_RESERVE,UPRO,LAG1,10,staged,0.15,0.1,rule,0.2356294794
2018-10-17,2018-10-16,2018-10-16,deployment,recovery_1_of_3,-0.03105904487,0.03102800446,UPRO,True,1,8080,HWM_RESERVE,UPRO,LAG1,10,staged,0.15,0.1,rule,0.1566612782
2018-11-08,2018-11-07,2018-11-07,deployment,recovery_1_of_3,-0.0206936721,0.02067298696,UPRO,True,1,8096,HWM_RESERVE,UPRO,LAG1,10,staged,0.15,0.1,rule,0.1076684745
2018-12-04,2018-12-03,2018-12-03,deployment,recovery_1_of_3,-0.01379155618,0.0137777687,UPRO,True,1,8113,HWM_RESERVE,UPRO,LAG1,10,staged,0.15,0.1,rule,0.07714996289
2019-02-13,2019-02-12,2019-02-12,deployment,recovery_1_of_3,-0.009219214685,0.009209997451,UPRO,True,1,8160,HWM_RESERVE,UPRO,LAG1,10,staged,0.15,0.1,rule,0.0560913208
2019-03-12,2019-03-11,2019-03-11,deployment,recovery_1_of_3,-0.006144970737,0.006138826633,UPRO,True,1,8178,HWM_RESERVE,UPRO,LAG1,10,staged,0.15,0.1,rule,0.03681824434
2019-04-09,2019-04-08,2019-04-08,deployment,recovery_2_of_3,-0.006156494128,0.00615649374,UPRO,True,21,8198,HWM_RESERVE,UPRO,LAG1,10,staged,0.15,0.1,rule,0.03291984386
2019-06-05,2019-06-04,2019-06-04,deployment,recovery_1_of_3,-0.002053717721,0.002051664103,UPRO,True,1,8237,HWM_RESERVE,UPRO,LAG1,10,staged,0.15,0.1,rule,0.01265462349
2019-07-03,2019-07-02,2019-07-02,deployment,recovery_2_of_3,-0.002057181092,0.00205718105,UPRO,True,21,8257,HWM_RESERVE,UPRO,LAG1,10,staged,0.15,0.1,rule,0.01066713315
2019-08-29,2019-08-28,2019-08-28,deployment,recovery_3_of_3,-0.002059695409,0.002059695362,UPRO,True,61,8297,HWM_RESERVE,UPRO,LAG1,10,staged,0.15,0.1,rule,0.01182946659
2020-03-03,2020-03-02,2020-03-02,deployment,recovery_1_of_3,-0.5818047102,0.5812295905,UPRO,True,1,8424,HWM_RESERVE,UPRO,LAG1,10,staged,0.15,0.1,rule,3.052847863
2020-03-05,2020-03-04,2020-03-04,deployment,recovery_1_of_3,-0.3871256501,0.3867416303,UPRO,True,1,8426,HWM_RESERVE,UPRO,LAG1,10,staged,0.15,0.1,rule,2.132775284
2020-05-28,2020-05-27,2020-05-27,deployment,recovery_1_of_3,-0.257668109,0.2574119603,UPRO,True,1,8484,HWM_RESERVE,UPRO,LAG1,10,staged,0.15,0.1,rule,1.568915738
2020-06-15,2020-06-12,2020-06-12,deployment,recovery_1_of_3,-0.1714491943,0.1712784427,UPRO,True,1,8496,HWM_RESERVE,UPRO,LAG1,10,staged,0.15,0.1,rule,1.082717877
2020-06-30,2020-06-29,2020-06-29,deployment,recovery_1_of_3,-0.1140803575,0.1139665938,UPRO,True,1,8507,HWM_RESERVE,UPRO,LAG1,10,staged,0.15,0.1,rule,0.7386410545
2020-07-29,2020-07-28,2020-07-28,deployment,recovery_2_of_3,-0.1140924357,0.1140922998,UPRO,True,21,8527,HWM_RESERVE,UPRO,LAG1,10,staged,0.15,0.1,rule,0.6334584216
2020-09-24,2020-09-23,2020-09-23,deployment,recovery_3_of_3,-0.113883701,0.1138835665,UPRO,True,61,8567,HWM_RESERVE,UPRO,LAG1,10,staged,0.15,0.1,rule,0.6281741929
2022-02-01,2022-01-31,2022-01-31,deployment,recovery_1_of_3,-4.971642184,4.966881179,UPRO,True,1,8908,HWM_RESERVE,UPRO,LAG1,10,staged,0.15,0.1,rule,12.03600553
2022-02-16,2022-02-15,2022-02-15,deployment,recovery_1_of_3,-3.308491026,3.305281276,UPRO,True,1,8919,HWM_RESERVE,UPRO,LAG1,10,staged,0.15,0.1,rule,8.499738464
2022-03-23,2022-03-22,2022-03-22,deployment,recovery_1_of_3,-2.202195904,2.200038891,UPRO,True,1,8943,HWM_RESERVE,UPRO,LAG1,10,staged,0.15,0.1,rule,5.848902526
2022-03-25,2022-03-24,2022-03-24,deployment,recovery_1_of_3,-1.465298279,1.463853482,UPRO,True,1,8945,HWM_RESERVE,UPRO,LAG1,10,staged,0.15,0.1,rule,3.990443224
2022-04-08,2022-04-07,2022-04-07,deployment,recovery_1_of_3,-0.9751536529,0.9741878151,UPRO,True,1,8955,HWM_RESERVE,UPRO,LAG1,10,staged,0.15,0.1,rule,2.725573124
2022-12-01,2022-11-30,2022-11-30,deployment,recovery_1_of_3,-0.659231681,0.6585771229,UPRO,True,1,9118,HWM_RESERVE,UPRO,LAG1,10,staged,0.15,0.1,rule,2.024858396
2023-01-17,2023-01-13,2023-01-13,deployment,recovery_1_of_3,-0.4409550108,0.4405162796,UPRO,True,1,9148,HWM_RESERVE,UPRO,LAG1,10,staged,0.15,0.1,rule,1.441157345
2023-01-23,2023-01-20,2023-01-20,deployment,recovery_1_of_3,-0.2936467583,0.2933541442,UPRO,True,1,9152,HWM_RESERVE,UPRO,LAG1,10,staged,0.15,0.1,rule,1.005064326
2023-02-21,2023-02-17,2023-02-17,deployment,recovery_2_of_3,-0.2947109931,0.2947105078,UPRO,True,21,9172,HWM_RESERVE,UPRO,LAG1,10,staged,0.15,0.1,rule,0.9410892312
2023-03-17,2023-03-16,2023-03-16,deployment,recovery_1_of_3,-0.0982966378,0.09819846267,UPRO,True,1,9190,HWM_RESERVE,UPRO,LAG1,10,staged,0.15,0.1,rule,0.3532929641
2023-03-21,2023-03-20,2023-03-20,deployment,recovery_1_of_3,-0.06543269201,0.06536731462,UPRO,True,1,9192,HWM_RESERVE,UPRO,LAG1,10,staged,0.15,0.1,rule,0.2416046427
2023-04-19,2023-04-18,2023-04-18,deployment,recovery_2_of_3,-0.06568729305,0.06568726882,UPRO,True,21,9212,HWM_RESERVE,UPRO,LAG1,10,staged,0.15,0.1,rule,0.2108630741
2023-06-15,2023-06-14,2023-06-14,deployment,recovery_3_of_3,-0.06609516214,0.06609514071,UPRO,True,61,9252,HWM_RESERVE,UPRO,LAG1,10,staged,0.15,0.1,rule,0.1853184435
2025-03-25,2025-03-24,2025-03-24,deployment,recovery_1_of_3,-4.459982842,4.45564273,UPRO,True,1,9696,HWM_RESERVE,UPRO,LAG1,10,staged,0.15,0.1,rule,8.003674018
2025-05-13,2025-05-12,2025-05-12,deployment,recovery_1_of_3,-2.984777703,2.981847001,UPRO,True,1,9730,HWM_RESERVE,UPRO,LAG1,10,staged,0.15,0.1,rule,5.396737749
2025-06-11,2025-06-10,2025-06-10,deployment,recovery_2_of_3,-2.995134873,2.995109948,UPRO,True,21,9750,HWM_RESERVE,UPRO,LAG1,10,staged,0.15,0.1,rule,4.950282794
2025-08-08,2025-08-07,2025-08-07,deployment,recovery_3_of_3,-3.009902702,3.009880558,UPRO,True,61,9790,HWM_RESERVE,UPRO,LAG1,10,staged,0.15,0.1,rule,4.37217026
2026-04-09,2026-04-08,2026-04-08,deployment,recovery_1_of_3,-3.316843503,3.313575799,UPRO,True,1,9957,HWM_RESERVE,UPRO,LAG1,10,staged,0.15,0.1,rule,4.502240866
2026-05-07,2026-05-06,2026-05-06,deployment,recovery_2_of_3,-3.326240026,3.326220471,UPRO,True,21,9977,HWM_RESERVE,UPRO,LAG1,10,staged,0.15,0.1,rule,3.575333386
2026-07-07,2026-07-06,2026-07-06,deployment,recovery_3_of_3,-10.86080803,10.86060997,UPRO,True,61,10017,HWM_RESERVE,UPRO,LAG1,10,staged,0.15,0.1,rule,11.18893524
1986-10-02,1986-10-01,1986-10-01,deployment,recovery_1_of_3,-0.03335790646,0.03332676112,UPRO,True,1,3,ASYMMETRIC_RESERVE_BAND,UPRO,LAG1,10,staged,0.2,0.1,rule,1.787589875
1986-10-30,1986-10-29,1986-10-29,deployment,recovery_2_of_3,-0.03349413418,0.03349310221,UPRO,True,21,23,ASYMMETRIC_RESERVE_BAND,UPRO,LAG1,10,staged,0.2,0.1,rule,1.652304498
1986-11-21,1986-11-20,1986-11-20,deployment,recovery_1_of_3,-0.03754708498,0.0375121967,UPRO,True,1,39,ASYMMETRIC_RESERVE_BAND,UPRO,LAG1,10,staged,0.2,0.1,rule,2.059078532
1986-12-22,1986-12-19,1986-12-19,deployment,recovery_2_of_3,-0.03771442835,0.0377129175,UPRO,True,21,59,ASYMMETRIC_RESERVE_BAND,UPRO,LAG1,10,staged,0.2,0.1,rule,2.353114942
1987-02-19,1987-02-18,1987-02-18,deployment,recovery_3_of_3,-0.1236308365,0.1236190848,UPRO,True,61,99,ASYMMETRIC_RESERVE_BAND,UPRO,LAG1,10,staged,0.2,0.1,rule,5.923273206
1988-06-07,1988-06-06,1988-06-06,deployment,recovery_1_of_3,-0.046845954,0.04680263913,UPRO,True,1,427,ASYMMETRIC_RESERVE_BAND,UPRO,LAG1,10,staged,0.2,0.1,rule,2.647893672
1988-06-09,1988-06-08,1988-06-08,deployment,recovery_1_of_3,-0.03118430386,0.03115468344,UPRO,True,1,429,ASYMMETRIC_RESERVE_BAND,UPRO,LAG1,10,staged,0.2,0.1,rule,1.761415472
1988-07-08,1988-07-07,1988-07-07,deployment,recovery_2_of_3,-0.03135011388,0.03134931613,UPRO,True,21,449,ASYMMETRIC_RESERVE_BAND,UPRO,LAG1,10,staged,0.2,0.1,rule,1.788847634
1988-08-25,1988-08-24,1988-08-24,deployment,recovery_1_of_3,-0.01051740272,0.01050709666,UPRO,True,1,483,ASYMMETRIC_RESERVE_BAND,UPRO,LAG1,10,staged,0.2,0.1,rule,0.7097607
1988-09-06,1988-09-02,1988-09-02,deployment,recovery_1_of_3,-0.007010877977,0.007003962168,UPRO,True,1,490,ASYMMETRIC_RESERVE_BAND,UPRO,LAG1,10,staged,0.2,0.1,rule,0.4790803245
1988-10-04,1988-10-03,1988-10-03,deployment,recovery_2_of_3,-0.007055496186,0.00705545117,UPRO,True,21,510,ASYMMETRIC_RESERVE_BAND,UPRO,LAG1,10,staged,0.2,0.1,rule,0.4504520373
1988-11-23,1988-11-22,1988-11-22,deployment,recovery_1_of_3,-0.002369813073,0.002367454354,UPRO,True,1,546,ASYMMETRIC_RESERVE_BAND,UPRO,LAG1,10,staged,0.2,0.1,rule,0.165364394
1988-12-22,1988-12-21,1988-12-21,deployment,recovery_2_of_3,-0.002385498374,0.00238549329,UPRO,True,21,566,ASYMMETRIC_RESERVE_BAND,UPRO,LAG1,10,staged,0.2,0.1,rule,0.1505139206
1989-02-21,1989-02-17,1989-02-17,deployment,recovery_3_of_3,-0.002413452121,0.002413447793,UPRO,True,61,606,ASYMMETRIC_RESERVE_BAND,UPRO,LAG1,10,staged,0.2,0.1,rule,0.1265915223
1990-03-09,1990-03-08,1990-03-08,deployment,recovery_1_of_3,-0.07122174066,0.07115651073,UPRO,True,1,871,ASYMMETRIC_RESERVE_BAND,UPRO,LAG1,10,staged,0.2,0.1,rule,3.398345273
1990-03-19,1990-03-16,1990-03-16,deployment,recovery_1_of_3,-0.04748000851,0.04743521586,UPRO,True,1,877,ASYMMETRIC_RESERVE_BAND,UPRO,LAG1,10,staged,0.2,0.1,rule,2.288248892
1990-03-28,1990-03-27,1990-03-27,deployment,recovery_1_of_3,-0.03167169698,0.03164124098,UPRO,True,1,884,ASYMMETRIC_RESERVE_BAND,UPRO,LAG1,10,staged,0.2,0.1,rule,1.553434295
1990-04-04,1990-04-03,1990-04-03,deployment,recovery_1_of_3,-0.0211066126,0.02108604888,UPRO,True,1,889,ASYMMETRIC_RESERVE_BAND,UPRO,LAG1,10,staged,0.2,0.1,rule,1.041169806
1990-04-10,1990-04-09,1990-04-09,deployment,recovery_1_of_3,-0.01406223639,0.01404842114,UPRO,True,1,893,ASYMMETRIC_RESERVE_BAND,UPRO,LAG1,10,staged,0.2,0.1,rule,0.7114248902
1990-05-09,1990-05-08,1990-05-08,deployment,recovery_1_of_3,-0.009416417752,0.009407112698,UPRO,True,1,913,ASYMMETRIC_RESERVE_BAND,UPRO,LAG1,10,staged,0.2,0.1,rule,0.4791137086
1990-06-07,1990-06-06,1990-06-06,deployment,recovery_2_of_3,-0.009476222176,0.009476175289,UPRO,True,21,933,ASYMMETRIC_RESERVE_BAND,UPRO,LAG1,10,staged,0.2,0.1,rule,0.4001121294
1990-08-03,1990-08-02,1990-08-02,deployment,recovery_3_of_3,-0.009575214568,0.009575159652,UPRO,True,61,973,ASYMMETRIC_RESERVE_BAND,UPRO,LAG1,10,staged,0.2,0.1,rule,0.4641531271
1991-04-23,1991-04-22,1991-04-22,deployment,recovery_3_of_3,-0.2228942763,0.2228719404,UPRO,True,61,1154,ASYMMETRIC_RESERVE_BAND,UPRO,LAG1,10,staged,0.2,0.1,rule,9.013078452
1991-12-16,1991-12-13,1991-12-13,deployment,recovery_1_of_3,-0.0824216217,0.08234548166,UPRO,True,1,1319,ASYMMETRIC_RESERVE_BAND,UPRO,LAG1,10,staged,0.2,0.1,rule,3.869801677
1992-01-15,1992-01-14,1992-01-14,deployment,recovery_2_of_3,-0.08270932925,0.08270684408,UPRO,True,21,1339,ASYMMETRIC_RESERVE_BAND,UPRO,LAG1,10,staged,0.2,0.1,rule,2.998855504
1992-03-12,1992-03-11,1992-03-11,deployment,recovery_3_of_3,-0.2775399534,0.2775087082,UPRO,True,61,1379,ASYMMETRIC_RESERVE_BAND,UPRO,LAG1,10,staged,0.2,0.1,rule,12.28161142
1993-01-15,1993-01-14,1993-01-14,deployment,recovery_3_of_3,-0.2834872595,0.2834588515,UPRO,True,61,1593,ASYMMETRIC_RESERVE_BAND,UPRO,LAG1,10,staged,0.2,0.1,rule,12.14966948
1994-06-15,1994-06-14,1994-06-14,deployment,recovery_1_of_3,-0.1027333583,0.1026370791,UPRO,True,1,1950,ASYMMETRIC_RESERVE_BAND,UPRO,LAG1,10,staged,0.2,0.1,rule,4.204732561
1994-08-02,1994-08-01,1994-08-01,deployment,recovery_1_of_3,-0.06875383497,0.06868799838,UPRO,True,1,1983,ASYMMETRIC_RESERVE_BAND,UPRO,LAG1,10,staged,0.2,0.1,rule,2.842286145
1994-08-04,1994-08-03,1994-08-03,deployment,recovery_1_of_3,-0.04575921686,0.04571475272,UPRO,True,1,1985,ASYMMETRIC_RESERVE_BAND,UPRO,LAG1,10,staged,0.2,0.1,rule,1.895911019
1994-08-15,1994-08-12,1994-08-12,deployment,recovery_1_of_3,-0.03048085015,0.03045095114,UPRO,True,1,1992,ASYMMETRIC_RESERVE_BAND,UPRO,LAG1,10,staged,0.2,0.1,rule,1.279162297
1994-09-13,1994-09-12,1994-09-12,deployment,recovery_2_of_3,-0.03060167144,0.03060138471,UPRO,True,21,2012,ASYMMETRIC_RESERVE_BAND,UPRO,LAG1,10,staged,0.2,0.1,rule,1.255281096
1994-09-28,1994-09-27,1994-09-27,deployment,recovery_1_of_3,-0.01019042282,0.01018029862,UPRO,True,1,2023,ASYMMETRIC_RESERVE_BAND,UPRO,LAG1,10,staged,0.2,0.1,rule,0.4354632749
1994-10-12,1994-10-11,1994-10-11,deployment,recovery_1_of_3,-0.00679290579,0.006786143113,UPRO,True,1,2033,ASYMMETRIC_RESERVE_BAND,UPRO,LAG1,10,staged,0.2,0.1,rule,0.298261517
1994-11-09,1994-11-08,1994-11-08,deployment,recovery_2_of_3,-0.006819750672,0.006819735344,UPRO,True,21,2053,ASYMMETRIC_RESERVE_BAND,UPRO,LAG1,10,staged,0.2,0.1,rule,0.3013038462
1994-12-19,1994-12-16,1994-12-16,deployment,recovery_1_of_3,-0.002279730154,0.002277454017,UPRO,True,1,2080,ASYMMETRIC_RESERVE_BAND,UPRO,LAG1,10,staged,0.2,0.1,rule,0.1056614006
1994-12-22,1994-12-21,1994-12-21,deployment,recovery_1_of_3,-0.001517971682,0.001516455312,UPRO,True,1,2083,ASYMMETRIC_RESERVE_BAND,UPRO,LAG1,10,staged,0.2,0.1,rule,0.0707103559
1995-01-23,1995-01-20,1995-01-20,deployment,recovery_2_of_3,-0.001525168966,0.001525168179,UPRO,True,21,2103,ASYMMETRIC_RESERVE_BAND,UPRO,LAG1,10,staged,0.2,0.1,rule,0.06917130721
1995-03-21,1995-03-20,1995-03-20,deployment,recovery_3_of_3,-0.001536768866,0.001536768203,UPRO,True,61,2143,ASYMMETRIC_RESERVE_BAND,UPRO,LAG1,10,staged,0.2,0.1,rule,0.05783219518
1996-07-18,1996-07-17,1996-07-17,deployment,recovery_1_of_3,-0.1325564389,0.1324295238,UPRO,True,1,2479,ASYMMETRIC_RESERVE_BAND,UPRO,LAG1,10,staged,0.2,0.1,rule,3.04718602
1996-07-29,1996-07-26,1996-07-26,deployment,recovery_1_of_3,-0.08831690873,0.08823115675,UPRO,True,1,2486,ASYMMETRIC_RESERVE_BAND,UPRO,LAG1,10,staged,0.2,0.1,rule,2.081623777
1996-07-31,1996-07-30,1996-07-30,deployment,recovery_1_of_3,-0.05879787787,0.05874023861,UPRO,True,1,2488,ASYMMETRIC_RESERVE_BAND,UPRO,LAG1,10,staged,0.2,0.1,rule,1.413120432
1996-08-28,1996-08-27,1996-08-27,deployment,recovery_2_of_3,-0.05903209041,0.05903157961,UPRO,True,21,2508,ASYMMETRIC_RESERVE_BAND,UPRO,LAG1,10,staged,0.2,0.1,rule,1.237990804
1996-10-24,1996-10-23,1996-10-23,deployment,recovery_3_of_3,-0.7902015439,0.7901237345,UPRO,True,61,2548,ASYMMETRIC_RESERVE_BAND,UPRO,LAG1,10,staged,0.2,0.1,rule,15.49202949
1998-09-24,1998-09-23,1998-09-23,deployment,recovery_1_of_3,-0.6046109444,0.6040460788,UPRO,True,1,3031,ASYMMETRIC_RESERVE_BAND,UPRO,LAG1,10,staged,0.2,0.1,rule,5.736918624
1998-10-23,1998-10-22,1998-10-22,deployment,recovery_1_of_3,-0.4036443772,0.4032590426,UPRO,True,1,3052,ASYMMETRIC_RESERVE_BAND,UPRO,LAG1,10,staged,0.2,0.1,rule,3.968494915
1998-10-27,1998-10-26,1998-10-26,deployment,recovery_1_of_3,-0.2686997071,0.2684392987,UPRO,True,1,3054,ASYMMETRIC_RESERVE_BAND,UPRO,LAG1,10,staged,0.2,0.1,rule,2.702233114
1998-10-30,1998-10-29,1998-10-29,deployment,recovery_1_of_3,-0.1788471252,0.1786719605,UPRO,True,1,3057,ASYMMETRIC_RESERVE_BAND,UPRO,LAG1,10,staged,0.2,0.1,rule,1.803160753
1998-11-30,1998-11-27,1998-11-27,deployment,recovery_2_of_3,-0.179487651,0.1794862286,UPRO,True,21,3077,ASYMMETRIC_RESERVE_BAND,UPRO,LAG1,10,staged,0.2,0.1,rule,1.381353522
1999-01-28,1999-01-27,1999-01-27,deployment,recovery_3_of_3,-2.712040589,2.711746623,UPRO,True,61,3117,ASYMMETRIC_RESERVE_BAND,UPRO,LAG1,10,staged,0.2,0.1,rule,21.02227414
1999-10-07,1999-10-06,1999-10-06,deployment,recovery_1_of_3,-0.9521895748,0.9513085175,UPRO,True,1,3292,ASYMMETRIC_RESERVE_BAND,UPRO,LAG1,10,staged,0.2,0.1,rule,8.158433577
1999-10-29,1999-10-28,1999-10-28,deployment,recovery_1_of_3,-0.6355295176,0.6349273181,UPRO,True,1,3308,ASYMMETRIC_RESERVE_BAND,UPRO,LAG1,10,staged,0.2,0.1,rule,5.752113599
1999-11-29,1999-11-26,1999-11-26,deployment,recovery_2_of_3,-0.6381509919,0.6381364181,UPRO,True,21,3328,ASYMMETRIC_RESERVE_BAND,UPRO,LAG1,10,staged,0.2,0.1,rule,4.973882175
2000-01-26,2000-01-25,2000-01-25,deployment,recovery_3_of_3,-0.6425688872,0.6425534341,UPRO,True,61,3368,ASYMMETRIC_RESERVE_BAND,UPRO,LAG1,10,staged,0.2,0.1,rule,5.244467235
2014-10-22,2014-10-21,2014-10-21,deployment,recovery_1_of_3,-1.048597273,1.047596091,UPRO,True,1,7076,ASYMMETRIC_RESERVE_BAND,UPRO,LAG1,10,staged,0.2,0.1,rule,5.289165712
2014-11-19,2014-11-18,2014-11-18,deployment,recovery_2_of_3,-1.048613585,1.048593391,UPRO,True,21,7096,ASYMMETRIC_RESERVE_BAND,UPRO,LAG1,10,staged,0.2,0.1,rule,4.473621992
2015-01-20,2015-01-16,2015-01-16,deployment,recovery_3_of_3,-5.539155427,5.538565881,UPRO,True,61,7136,ASYMMETRIC_RESERVE_BAND,UPRO,LAG1,10,staged,0.2,0.1,rule,27.13755434
2015-07-13,2015-07-10,2015-07-10,deployment,recovery_1_of_3,-1.938846759,1.937043906,UPRO,True,1,7256,ASYMMETRIC_RESERVE_BAND,UPRO,LAG1,10,staged,0.2,0.1,rule,9.993645568
2015-08-10,2015-08-07,2015-08-07,deployment,recovery_2_of_3,-1.938911397,1.938843431,UPRO,True,21,7276,ASYMMETRIC_RESERVE_BAND,UPRO,LAG1,10,staged,0.2,0.1,rule,9.987705023
2015-10-26,2015-10-23,2015-10-23,deployment,recovery_1_of_3,-0.6445010805,0.6438721844,UPRO,True,1,7330,ASYMMETRIC_RESERVE_BAND,UPRO,LAG1,10,staged,0.2,0.1,rule,3.454117379
2015-11-19,2015-11-18,2015-11-18,deployment,recovery_1_of_3,-0.4288550709,0.42843329,UPRO,True,1,7348,ASYMMETRIC_RESERVE_BAND,UPRO,LAG1,10,staged,0.2,0.1,rule,2.354520665
2015-12-07,2015-12-04,2015-12-04,deployment,recovery_1_of_3,-0.2853621315,0.2850799963,UPRO,True,1,7359,ASYMMETRIC_RESERVE_BAND,UPRO,LAG1,10,staged,0.2,0.1,rule,1.614895204
2015-12-17,2015-12-16,2015-12-16,deployment,recovery_1_of_3,-0.1898807667,0.1896923687,UPRO,True,1,7367,ASYMMETRIC_RESERVE_BAND,UPRO,LAG1,10,staged,0.2,0.1,rule,1.115604962
2015-12-24,2015-12-23,2015-12-23,deployment,recovery_1_of_3,-0.1263414882,0.1262158274,UPRO,True,1,7372,ASYMMETRIC_RESERVE_BAND,UPRO,LAG1,10,staged,0.2,0.1,rule,0.7699094557
2015-12-30,2015-12-29,2015-12-29,deployment,recovery_1_of_3,-0.0840630702,0.08397930796,UPRO,True,1,7375,ASYMMETRIC_RESERVE_BAND,UPRO,LAG1,10,staged,0.2,0.1,rule,0.5113855636
2016-03-14,2016-03-11,2016-03-11,deployment,recovery_1_of_3,-0.05596185991,0.05590603931,UPRO,True,1,7425,ASYMMETRIC_RESERVE_BAND,UPRO,LAG1,10,staged,0.2,0.1,rule,0.3607665107
2016-03-17,2016-03-16,2016-03-16,deployment,recovery_1_of_3,-0.03723521477,0.03719804245,UPRO,True,1,7428,ASYMMETRIC_RESERVE_BAND,UPRO,LAG1,10,staged,0.2,0.1,rule,0.2414150209
2016-04-15,2016-04-14,2016-04-14,deployment,recovery_2_of_3,-0.03724292626,0.03724289721,UPRO,True,21,7448,ASYMMETRIC_RESERVE_BAND,UPRO,LAG1,10,staged,0.2,0.1,rule,0.2229576205
2016-06-13,2016-06-10,2016-06-10,deployment,recovery_3_of_3,-0.03718387241,0.03718384406,UPRO,True,61,7488,ASYMMETRIC_RESERVE_BAND,UPRO,LAG1,10,staged,0.2,0.1,rule,0.2179022474
2018-04-04,2018-04-03,2018-04-03,deployment,recovery_1_of_3,-2.088374381,2.086389305,UPRO,True,1,7943,ASYMMETRIC_RESERVE_BAND,UPRO,LAG1,10,staged,0.2,0.1,rule,7.63532566
2018-05-02,2018-05-01,2018-05-01,deployment,recovery_2_of_3,-2.091240203,2.091190296,UPRO,True,21,7963,ASYMMETRIC_RESERVE_BAND,UPRO,LAG1,10,staged,0.2,0.1,rule,7.353891011
2018-06-28,2018-06-27,2018-06-27,deployment,recovery_3_of_3,-2.093458369,2.093410637,UPRO,True,61,8003,ASYMMETRIC_RESERVE_BAND,UPRO,LAG1,10,staged,0.2,0.1,rule,7.018659598
2020-03-03,2020-03-02,2020-03-02,deployment,recovery_1_of_3,-3.912710251,3.909119267,UPRO,True,1,8424,ASYMMETRIC_RESERVE_BAND,UPRO,LAG1,10,staged,0.2,0.1,rule,14.43620656
2020-03-05,2020-03-04,2020-03-04,deployment,recovery_1_of_3,-2.603852914,2.601398051,UPRO,True,1,8426,ASYMMETRIC_RESERVE_BAND,UPRO,LAG1,10,staged,0.2,0.1,rule,10.08539761
2020-05-28,2020-05-27,2020-05-27,deployment,recovery_1_of_3,-1.733285801,1.731625042,UPRO,True,1,8484,ASYMMETRIC_RESERVE_BAND,UPRO,LAG1,10,staged,0.2,0.1,rule,7.419037138
2020-06-15,2020-06-12,2020-06-12,deployment,recovery_1_of_3,-1.15339201,1.152271875,UPRO,True,1,8496,ASYMMETRIC_RESERVE_BAND,UPRO,LAG1,10,staged,0.2,0.1,rule,5.119920685
2020-06-30,2020-06-29,2020-06-29,deployment,recovery_1_of_3,-0.7674927746,0.7667403691,UPRO,True,1,8507,ASYMMETRIC_RESERVE_BAND,UPRO,LAG1,10,staged,0.2,0.1,rule,3.492861524
2020-07-29,2020-07-28,2020-07-28,deployment,recovery_2_of_3,-0.7675740325,0.7675675442,UPRO,True,21,8527,ASYMMETRIC_RESERVE_BAND,UPRO,LAG1,10,staged,0.2,0.1,rule,2.995426728
2020-09-24,2020-09-23,2020-09-23,deployment,recovery_3_of_3,-0.7661900954,0.7661836723,UPRO,True,61,8567,ASYMMETRIC_RESERVE_BAND,UPRO,LAG1,10,staged,0.2,0.1,rule,2.97053976
2022-02-01,2022-01-31,2022-01-31,deployment,recovery_1_of_3,-4.562016332,4.557647785,UPRO,True,1,8908,ASYMMETRIC_RESERVE_BAND,UPRO,LAG1,10,staged,0.2,0.1,rule,8.024142573
2022-02-16,2022-02-15,2022-02-15,deployment,recovery_1_of_3,-3.035896554,3.032951351,UPRO,True,1,8919,ASYMMETRIC_RESERVE_BAND,UPRO,LAG1,10,staged,0.2,0.1,rule,5.66659039
2022-03-23,2022-03-22,2022-03-22,deployment,recovery_1_of_3,-2.020751847,2.018772596,UPRO,True,1,8943,ASYMMETRIC_RESERVE_BAND,UPRO,LAG1,10,staged,0.2,0.1,rule,3.899335843
2022-03-25,2022-03-24,2022-03-24,deployment,recovery_1_of_3,-1.344568991,1.343243252,UPRO,True,1,8945,ASYMMETRIC_RESERVE_BAND,UPRO,LAG1,10,staged,0.2,0.1,rule,2.66034153
2022-04-08,2022-04-07,2022-04-07,deployment,recovery_1_of_3,-0.8948085299,0.8939222778,UPRO,True,1,8955,ASYMMETRIC_RESERVE_BAND,UPRO,LAG1,10,staged,0.2,0.1,rule,1.8170802
2022-12-01,2022-11-30,2022-11-30,deployment,recovery_1_of_3,-0.6049160976,0.6043154741,UPRO,True,1,9118,ASYMMETRIC_RESERVE_BAND,UPRO,LAG1,10,staged,0.2,0.1,rule,1.349928963
2023-01-17,2023-01-13,2023-01-13,deployment,recovery_1_of_3,-0.4046237396,0.4042211585,UPRO,True,1,9148,ASYMMETRIC_RESERVE_BAND,UPRO,LAG1,10,staged,0.2,0.1,rule,0.9607881935
2023-01-23,2023-01-20,2023-01-20,deployment,recovery_1_of_3,-0.2694525468,0.2691840427,UPRO,True,1,9152,ASYMMETRIC_RESERVE_BAND,UPRO,LAG1,10,staged,0.2,0.1,rule,0.6700544818
2023-02-21,2023-02-17,2023-02-17,deployment,recovery_2_of_3,-0.2704290969,0.2704286512,UPRO,True,21,9172,ASYMMETRIC_RESERVE_BAND,UPRO,LAG1,10,staged,0.2,0.1,rule,0.6274036782
2023-03-17,2023-03-16,2023-03-16,deployment,recovery_1_of_3,-0.09019775915,0.09010767299,UPRO,True,1,9190,ASYMMETRIC_RESERVE_BAND,UPRO,LAG1,10,staged,0.2,0.1,rule,0.2355327203
2023-03-21,2023-03-20,2023-03-20,deployment,recovery_1_of_3,-0.0600415471,0.05998155636,UPRO,True,1,9192,ASYMMETRIC_RESERVE_BAND,UPRO,LAG1,10,staged,0.2,0.1,rule,0.1610725503
2023-04-19,2023-04-18,2023-04-18,deployment,recovery_2_of_3,-0.060275171,0.06027514874,UPRO,True,21,9212,ASYMMETRIC_RESERVE_BAND,UPRO,LAG1,10,staged,0.2,0.1,rule,0.1405778163
2023-06-15,2023-06-14,2023-06-14,deployment,recovery_3_of_3,-0.06064943493,0.06064941525,UPRO,True,61,9252,ASYMMETRIC_RESERVE_BAND,UPRO,LAG1,10,staged,0.2,0.1,rule,0.123547768
2025-03-25,2025-03-24,2025-03-24,deployment,recovery_1_of_3,-9.481362635,9.472478328,UPRO,True,1,9696,ASYMMETRIC_RESERVE_BAND,UPRO,LAG1,10,staged,0.2,0.1,rule,13.23634717
2025-05-13,2025-05-12,2025-05-12,deployment,recovery_1_of_3,-6.345726888,6.339650411,UPRO,True,1,9730,ASYMMETRIC_RESERVE_BAND,UPRO,LAG1,10,staged,0.2,0.1,rule,8.925037956
2025-06-11,2025-06-10,2025-06-10,deployment,recovery_2_of_3,-6.367746541,6.367622187,UPRO,True,21,9750,ASYMMETRIC_RESERVE_BAND,UPRO,LAG1,10,staged,0.2,0.1,rule,8.186498712
2025-08-08,2025-08-07,2025-08-07,deployment,recovery_3_of_3,-6.399383445,6.399272814,UPRO,True,61,9790,ASYMMETRIC_RESERVE_BAND,UPRO,LAG1,10,staged,0.2,0.1,rule,7.230801059
2026-04-09,2026-04-08,2026-04-08,deployment,recovery_1_of_3,-13.26316881,13.25077695,UPRO,True,1,9957,ASYMMETRIC_RESERVE_BAND,UPRO,LAG1,10,staged,0.2,0.1,rule,15.2403981
2026-05-07,2026-05-06,2026-05-06,deployment,recovery_2_of_3,-13.30074299,13.30039259,UPRO,True,21,9977,ASYMMETRIC_RESERVE_BAND,UPRO,LAG1,10,staged,0.2,0.1,rule,12.05501984
2026-07-07,2026-07-06,2026-07-06,deployment,recovery_3_of_3,-51.45658504,51.45158671,UPRO,True,61,10017,ASYMMETRIC_RESERVE_BAND,UPRO,LAG1,10,staged,0.2,0.1,rule,47.93632834
1987-10-20,1987-10-19,1987-10-19,deployment,drawdown_20_30,-0.04509368579,0.04509174199,SP500_1X,False,0,268,HWM_DRAWDOWN,UPRO,LAG1,10,drawdown,0.15,0.1,rule,15.10201365
2001-03-13,2001-03-12,2001-03-12,deployment,drawdown_20,-0.6644449527,0.664413005,SP500_1X,False,0,3652,HWM_DRAWDOWN,UPRO,LAG1,10,drawdown,0.15,0.1,rule,21.00842654
2001-09-18,2001-09-17,2001-09-17,deployment,drawdown_30,-0.8465805681,0.8465236838,SP500_1X,False,0,3779,HWM_DRAWDOWN,UPRO,LAG1,10,drawdown,0.15,0.1,rule,30.20710118
2002-07-19,2002-07-18,2002-07-18,deployment,drawdown_40,-0.859601618,0.8595289038,SP500_1X,False,0,3989,HWM_DRAWDOWN,UPRO,LAG1,10,drawdown,0.15,0.1,rule,39.75352396
2008-07-15,2008-07-14,2008-07-14,deployment,drawdown_20,-0.2282309852,0.2282274101,SP500_1X,False,0,5496,HWM_DRAWDOWN,UPRO,LAG1,10,drawdown,0.15,0.1,rule,7.186825573
2008-10-07,2008-10-06,2008-10-06,deployment,drawdown_30,-0.2862403793,0.2862339414,SP500_1X,False,0,5555,HWM_DRAWDOWN,UPRO,LAG1,10,drawdown,0.15,0.1,rule,10.42251852
2008-10-10,2008-10-09,2008-10-09,deployment,drawdown_40,-0.286256469,0.2862490534,SP500_1X,False,0,5558,HWM_DRAWDOWN,UPRO,LAG1,10,drawdown,0.15,0.1,rule,12.10008525
2008-11-21,2008-11-20,2008-11-20,deployment,drawdown_50,-0.3436620236,0.3436492239,SP500_1X,False,0,5588,HWM_DRAWDOWN,UPRO,LAG1,10,drawdown,0.15,0.1,rule,17.50794629
2020-03-13,2020-03-12,2020-03-12,deployment,drawdown_20,-2.273421793,2.273352391,SP500_1X,False,0,8432,HWM_DRAWDOWN,UPRO,LAG1,10,drawdown,0.15,0.1,rule,16.93523077
2020-03-23,2020-03-20,2020-03-20,deployment,drawdown_30,-2.841905998,2.841790417,SP500_1X,False,0,8438,HWM_DRAWDOWN,UPRO,LAG1,10,drawdown,0.15,0.1,rule,22.77015469
2022-06-14,2022-06-13,2022-06-13,deployment,drawdown_20,-4.178484771,4.178383556,SP500_1X,False,0,9000,HWM_DRAWDOWN,UPRO,LAG1,10,drawdown,0.15,0.1,rule,14.05008566
1987-10-20,1987-10-19,1987-10-19,deployment,drawdown_20_30,-0.04771625367,0.04771401813,SP500_1X,False,0,268,BAND_DRAWDOWN,UPRO,LAG1,10,drawdown,0.2,0.1,rule,17.23498909
2001-03-13,2001-03-12,2001-03-12,deployment,drawdown_20,-0.5494427303,0.5494203868,SP500_1X,False,0,3652,BAND_DRAWDOWN,UPRO,LAG1,10,drawdown,0.2,0.1,rule,17.70249321
2001-09-18,2001-09-17,2001-09-17,deployment,drawdown_30,-0.7000542887,0.7000143323,SP500_1X,False,0,3779,BAND_DRAWDOWN,UPRO,LAG1,10,drawdown,0.2,0.1,rule,25.45345492
2002-07-19,2002-07-18,2002-07-18,deployment,drawdown_40,-0.7108216535,0.7107702338,SP500_1X,False,0,3989,BAND_DRAWDOWN,UPRO,LAG1,10,drawdown,0.2,0.1,rule,33.50296091
2008-07-15,2008-07-14,2008-07-14,deployment,drawdown_20,-0.1885723022,0.1885697857,SP500_1X,False,0,5496,BAND_DRAWDOWN,UPRO,LAG1,10,drawdown,0.2,0.1,rule,6.055143593
2008-10-07,2008-10-06,2008-10-06,deployment,drawdown_30,-0.2365016619,0.2364971237,SP500_1X,False,0,5555,BAND_DRAWDOWN,UPRO,LAG1,10,drawdown,0.2,0.1,rule,8.781303958
2008-10-10,2008-10-09,2008-10-09,deployment,drawdown_40,-0.2365149558,0.2365097223,SP500_1X,False,0,5558,BAND_DRAWDOWN,UPRO,LAG1,10,drawdown,0.2,0.1,rule,10.19467372
2008-11-21,2008-11-20,2008-11-20,deployment,drawdown_50,-0.283949951,0.2839409092,SP500_1X,False,0,5588,BAND_DRAWDOWN,UPRO,LAG1,10,drawdown,0.2,0.1,rule,14.75113448
2020-03-13,2020-03-12,2020-03-12,deployment,drawdown_20,-1.348934676,1.348907892,SP500_1X,False,0,8432,BAND_DRAWDOWN,UPRO,LAG1,10,drawdown,0.2,0.1,rule,10.21175597
2020-03-23,2020-03-20,2020-03-20,deployment,drawdown_30,-1.686244742,1.686199994,SP500_1X,False,0,8438,BAND_DRAWDOWN,UPRO,LAG1,10,drawdown,0.2,0.1,rule,13.73000372
2022-06-14,2022-06-13,2022-06-13,deployment,drawdown_20,-2.671220313,2.671174466,SP500_1X,False,0,9000,BAND_DRAWDOWN,UPRO,LAG1,10,drawdown,0.2,0.1,rule,9.146703575
1986-11-21,1986-11-20,1986-11-20,deployment,recovery_1_of_3,-0.006003037841,0.005988200605,UPRO,True,1,39,HWM_RESERVE,UPRO,LAG1,25,staged,0.15,0.1,rule,1.297520083
1986-12-22,1986-12-19,1986-12-19,deployment,recovery_2_of_3,-0.006029792742,0.006029695055,UPRO,True,21,59,HWM_RESERVE,UPRO,LAG1,25,staged,0.15,0.1,rule,1.48928803
1987-02-19,1987-02-18,1987-02-18,deployment,recovery_3_of_3,-0.01830355984,0.01830291618,UPRO,True,61,99,HWM_RESERVE,UPRO,LAG1,25,staged,0.15,0.1,rule,3.245751496
1988-06-07,1988-06-06,1988-06-06,deployment,recovery_1_of_3,-0.02407979005,0.02402191877,UPRO,True,1,427,HWM_RESERVE,UPRO,LAG1,25,staged,0.15,0.1,rule,4.736857517
1988-06-09,1988-06-08,1988-06-08,deployment,recovery_1_of_3,-0.01598197205,0.01594304513,UPRO,True,1,429,HWM_RESERVE,UPRO,LAG1,25,staged,0.15,0.1,rule,3.151023096
1988-07-08,1988-07-07,1988-07-07,deployment,recovery_2_of_3,-0.01606694978,0.01606642441,UPRO,True,21,449,HWM_RESERVE,UPRO,LAG1,25,staged,0.15,0.1,rule,3.204863311
1988-08-25,1988-08-24,1988-08-24,deployment,recovery_1_of_3,-0.005366065092,0.005352788405,UPRO,True,1,483,HWM_RESERVE,UPRO,LAG1,25,staged,0.15,0.1,rule,1.267807017
1988-09-06,1988-09-02,1988-09-02,deployment,recovery_1_of_3,-0.00356631554,0.003557461863,UPRO,True,1,490,HWM_RESERVE,UPRO,LAG1,25,staged,0.15,0.1,rule,0.8557551819
1988-10-04,1988-10-03,1988-10-03,deployment,recovery_2_of_3,-0.003589012071,0.003588982629,UPRO,True,21,510,HWM_RESERVE,UPRO,LAG1,25,staged,0.15,0.1,rule,0.8058248467
1988-11-23,1988-11-22,1988-11-22,deployment,recovery_1_of_3,-0.001200065338,0.001197072379,UPRO,True,1,546,HWM_RESERVE,UPRO,LAG1,25,staged,0.15,0.1,rule,0.2949375332
1988-12-22,1988-12-21,1988-12-21,deployment,recovery_2_of_3,-0.001208008322,0.001208005016,UPRO,True,21,566,HWM_RESERVE,UPRO,LAG1,25,staged,0.15,0.1,rule,0.2688541308
1989-02-21,1989-02-17,1989-02-17,deployment,recovery_3_of_3,-0.001218492699,0.001218489902,UPRO,True,61,606,HWM_RESERVE,UPRO,LAG1,25,staged,0.15,0.1,rule,0.2254438399
1990-03-09,1990-03-08,1990-03-08,deployment,recovery_1_of_3,-0.005663953555,0.005649892511,UPRO,True,1,871,HWM_RESERVE,UPRO,LAG1,25,staged,0.15,0.1,rule,0.8660981178
1990-03-19,1990-03-16,1990-03-16,deployment,recovery_1_of_3,-0.003764040102,0.003754674227,UPRO,True,1,877,HWM_RESERVE,UPRO,LAG1,25,staged,0.15,0.1,rule,0.5831803126
1990-03-28,1990-03-27,1990-03-27,deployment,recovery_1_of_3,-0.002503054043,0.002496816371,UPRO,True,1,884,HWM_RESERVE,UPRO,LAG1,25,staged,0.15,0.1,rule,0.3959063636
1990-04-04,1990-04-03,1990-04-03,deployment,recovery_1_of_3,-0.001662974685,0.001658826137,UPRO,True,1,889,HWM_RESERVE,UPRO,LAG1,25,staged,0.15,0.1,rule,0.2653512626
1990-04-10,1990-04-09,1990-04-09,deployment,recovery_1_of_3,-0.001104583097,0.001101825674,UPRO,True,1,893,HWM_RESERVE,UPRO,LAG1,25,staged,0.15,0.1,rule,0.181312877
1990-05-09,1990-05-08,1990-05-08,deployment,recovery_1_of_3,-0.000737415711,0.0007355739855,UPRO,True,1,913,HWM_RESERVE,UPRO,LAG1,25,staged,0.15,0.1,rule,0.1221063335
1990-06-07,1990-06-06,1990-06-06,deployment,recovery_2_of_3,-0.0007420990973,0.0007420983339,UPRO,True,21,933,HWM_RESERVE,UPRO,LAG1,25,staged,0.15,0.1,rule,0.1021263863
1990-08-03,1990-08-02,1990-08-02,deployment,recovery_3_of_3,-0.000747586206,0.0007475853165,UPRO,True,61,973,HWM_RESERVE,UPRO,LAG1,25,staged,0.15,0.1,rule,0.1181141482
1991-04-23,1991-04-22,1991-04-22,deployment,recovery_3_of_3,-0.01032157623,0.01032144861,UPRO,True,61,1154,HWM_RESERVE,UPRO,LAG1,25,staged,0.15,0.1,rule,1.233594937
1991-12-16,1991-12-13,1991-12-13,deployment,recovery_1_of_3,-0.001263753584,0.001260598203,UPRO,True,1,1319,HWM_RESERVE,UPRO,LAG1,25,staged,0.15,0.1,rule,0.1583204514
1992-01-15,1992-01-14,1992-01-14,deployment,recovery_2_of_3,-0.001268164944,0.001268163384,UPRO,True,21,1339,HWM_RESERVE,UPRO,LAG1,25,staged,0.15,0.1,rule,0.1242640149
1992-03-12,1992-03-11,1992-03-11,deployment,recovery_3_of_3,-0.02946346853,0.02946251657,UPRO,True,61,1379,HWM_RESERVE,UPRO,LAG1,25,staged,0.15,0.1,rule,3.269480864
1993-01-15,1993-01-14,1993-01-14,deployment,recovery_3_of_3,-0.01113616704,0.01113604747,UPRO,True,61,1593,HWM_RESERVE,UPRO,LAG1,25,staged,0.15,0.1,rule,1.091259833
1994-06-15,1994-06-14,1994-06-14,deployment,recovery_1_of_3,-0.02496325968,0.02490188469,UPRO,True,1,1950,HWM_RESERVE,UPRO,LAG1,25,staged,0.15,0.1,rule,2.156606021
1994-08-02,1994-08-01,1994-08-01,deployment,recovery_1_of_3,-0.0166557001,0.01661452671,UPRO,True,1,1983,HWM_RESERVE,UPRO,LAG1,25,staged,0.15,0.1,rule,1.457807679
1994-08-04,1994-08-03,1994-08-03,deployment,recovery_1_of_3,-0.01105164259,0.01102421968,UPRO,True,1,1985,HWM_RESERVE,UPRO,LAG1,25,staged,0.15,0.1,rule,0.9724121713
1994-08-15,1994-08-12,1994-08-12,deployment,recovery_1_of_3,-0.007339419615,0.007321163445,UPRO,True,1,1992,HWM_RESERVE,UPRO,LAG1,25,staged,0.15,0.1,rule,0.6560819437
1994-09-13,1994-09-12,1994-09-12,deployment,recovery_2_of_3,-0.007368511919,0.007368466339,UPRO,True,21,2012,HWM_RESERVE,UPRO,LAG1,25,staged,0.15,0.1,rule,0.6448056383
1994-09-28,1994-09-27,1994-09-27,deployment,recovery_1_of_3,-0.002442649246,0.002436553073,UPRO,True,1,2023,HWM_RESERVE,UPRO,LAG1,25,staged,0.15,0.1,rule,0.2230110003
1994-10-12,1994-10-11,1994-10-11,deployment,recovery_1_of_3,-0.001623369397,0.00161931573,UPRO,True,1,2033,HWM_RESERVE,UPRO,LAG1,25,staged,0.15,0.1,rule,0.1527467484
1994-11-09,1994-11-08,1994-11-08,deployment,recovery_2_of_3,-0.00162978479,0.001629782374,UPRO,True,21,2053,HWM_RESERVE,UPRO,LAG1,25,staged,0.15,0.1,rule,0.1545370685
1994-12-19,1994-12-16,1994-12-16,deployment,recovery_1_of_3,-0.0005423552257,0.0005409998997,UPRO,True,1,2080,HWM_RESERVE,UPRO,LAG1,25,staged,0.15,0.1,rule,0.05403007643
1994-12-22,1994-12-21,1994-12-21,deployment,recovery_1_of_3,-0.0003600463544,0.0003591464882,UPRO,True,1,2083,HWM_RESERVE,UPRO,LAG1,25,staged,0.15,0.1,rule,0.03615782027
1995-01-23,1995-01-20,1995-01-20,deployment,recovery_2_of_3,-0.0003617534718,0.0003617533489,UPRO,True,21,2103,HWM_RESERVE,UPRO,LAG1,25,staged,0.15,0.1,rule,0.03542402797
1995-03-21,1995-03-20,1995-03-20,deployment,recovery_3_of_3,-0.0003634089383,0.0003634088354,UPRO,True,61,2143,HWM_RESERVE,UPRO,LAG1,25,staged,0.15,0.1,rule,0.02952798852
1996-07-18,1996-07-17,1996-07-17,deployment,recovery_1_of_3,-0.1311078575,0.1307949269,UPRO,True,1,2479,HWM_RESERVE,UPRO,LAG1,25,staged,0.15,0.1,rule,6.329889931
1996-07-29,1996-07-26,1996-07-26,deployment,recovery_1_of_3,-0.08710223001,0.08689120148,UPRO,True,1,2486,HWM_RESERVE,UPRO,LAG1,25,staged,0.15,0.1,rule,4.324136858
1996-07-31,1996-07-30,1996-07-30,deployment,recovery_1_of_3,-0.05782084148,0.05767931916,UPRO,True,1,2488,HWM_RESERVE,UPRO,LAG1,25,staged,0.15,0.1,rule,2.935461352
1996-08-28,1996-08-27,1996-08-27,deployment,recovery_2_of_3,-0.05805116214,0.05804982424,UPRO,True,21,2508,HWM_RESERVE,UPRO,LAG1,25,staged,0.15,0.1,rule,2.575448956
1996-10-24,1996-10-23,1996-10-23,deployment,recovery_3_of_3,-0.090432821,0.09043006513,UPRO,True,61,2548,HWM_RESERVE,UPRO,LAG1,25,staged,0.15,0.1,rule,3.415858757
1998-09-24,1998-09-23,1998-09-23,deployment,recovery_1_of_3,-0.6234401014,0.6219912546,UPRO,True,1,3031,HWM_RESERVE,UPRO,LAG1,25,staged,0.15,0.1,rule,11.03164699
1998-10-23,1998-10-22,1998-10-22,deployment,recovery_1_of_3,-0.4150608186,0.4140735784,UPRO,True,1,3052,HWM_RESERVE,UPRO,LAG1,25,staged,0.15,0.1,rule,7.631106147
1998-10-27,1998-10-26,1998-10-26,deployment,recovery_1_of_3,-0.2755128649,0.2748468447,UPRO,True,1,3054,HWM_RESERVE,UPRO,LAG1,25,staged,0.15,0.1,rule,5.196183483
1998-10-30,1998-10-29,1998-10-29,deployment,recovery_1_of_3,-0.1828508724,0.1824038253,UPRO,True,1,3057,HWM_RESERVE,UPRO,LAG1,25,staged,0.15,0.1,rule,3.467337466
1998-11-30,1998-11-27,1998-11-27,deployment,recovery_2_of_3,-0.1835057373,0.1835018366,UPRO,True,21,3077,HWM_RESERVE,UPRO,LAG1,25,staged,0.15,0.1,rule,2.66013722
1999-01-28,1999-01-27,1999-01-27,deployment,recovery_3_of_3,-0.2232032195,0.2231979507,UPRO,True,61,3117,HWM_RESERVE,UPRO,LAG1,25,staged,0.15,0.1,rule,2.956948838
1999-10-07,1999-10-06,1999-10-06,deployment,recovery_1_of_3,-0.2209720564,0.2204298575,UPRO,True,1,3292,HWM_RESERVE,UPRO,LAG1,25,staged,0.15,0.1,rule,2.982840489
1999-10-29,1999-10-28,1999-10-28,deployment,recovery_1_of_3,-0.1470343576,0.1466715664,UPRO,True,1,3308,HWM_RESERVE,UPRO,LAG1,25,staged,0.15,0.1,rule,2.103055345
1999-11-29,1999-11-26,1999-11-26,deployment,recovery_2_of_3,-0.1476408547,0.1476387662,UPRO,True,21,3328,HWM_RESERVE,UPRO,LAG1,25,staged,0.15,0.1,rule,1.82129345
2000-01-26,2000-01-25,2000-01-25,deployment,recovery_3_of_3,-0.1482115107,0.1482093076,UPRO,True,61,3368,HWM_RESERVE,UPRO,LAG1,25,staged,0.15,0.1,rule,1.914525577
2014-10-22,2014-10-21,2014-10-21,deployment,recovery_1_of_3,-0.4241968877,0.4231602405,UPRO,True,1,7076,HWM_RESERVE,UPRO,LAG1,25,staged,0.15,0.1,rule,3.746296546
2014-11-19,2014-11-18,2014-11-18,deployment,recovery_2_of_3,-0.4242034867,0.424193352,UPRO,True,21,7096,HWM_RESERVE,UPRO,LAG1,25,staged,0.15,0.1,rule,3.173379636
2015-01-20,2015-01-16,2015-01-16,deployment,recovery_3_of_3,-0.6026716163,0.6026500873,UPRO,True,61,7136,HWM_RESERVE,UPRO,LAG1,25,staged,0.15,0.1,rule,4.767924495
2015-07-13,2015-07-10,2015-07-10,deployment,recovery_1_of_3,-0.09050299387,0.09027765668,UPRO,True,1,7256,HWM_RESERVE,UPRO,LAG1,25,staged,0.15,0.1,rule,0.682778529
2015-08-10,2015-08-07,2015-08-07,deployment,recovery_2_of_3,-0.09050601111,0.0905055505,UPRO,True,21,7276,HWM_RESERVE,UPRO,LAG1,25,staged,0.15,0.1,rule,0.6834398035
2015-10-26,2015-10-23,2015-10-23,deployment,recovery_1_of_3,-0.02994540031,0.02987064188,UPRO,True,1,7330,HWM_RESERVE,UPRO,LAG1,25,staged,0.15,0.1,rule,0.2356199323
2015-11-19,2015-11-18,2015-11-18,deployment,recovery_1_of_3,-0.01986522528,0.01981560973,UPRO,True,1,7348,HWM_RESERVE,UPRO,LAG1,25,staged,0.15,0.1,rule,0.1606117971
2015-12-07,2015-12-04,2015-12-04,deployment,recovery_1_of_3,-0.01317836579,0.01314544149,UPRO,True,1,7359,HWM_RESERVE,UPRO,LAG1,25,staged,0.15,0.1,rule,0.1101588212
2015-12-17,2015-12-16,2015-12-16,deployment,recovery_1_of_3,-0.008742435788,0.008720589606,UPRO,True,1,7367,HWM_RESERVE,UPRO,LAG1,25,staged,0.15,0.1,rule,0.07610012539
2015-12-24,2015-12-23,2015-12-23,deployment,recovery_1_of_3,-0.00579944398,0.005784949906,UPRO,True,1,7372,HWM_RESERVE,UPRO,LAG1,25,staged,0.15,0.1,rule,0.05251877511
2015-12-30,2015-12-29,2015-12-29,deployment,recovery_1_of_3,-0.003847126227,0.00383751041,UPRO,True,1,7375,HWM_RESERVE,UPRO,LAG1,25,staged,0.15,0.1,rule,0.03488376875
2016-03-14,2016-03-11,2016-03-11,deployment,recovery_1_of_3,-0.002553379888,0.002546997374,UPRO,True,1,7425,HWM_RESERVE,UPRO,LAG1,25,staged,0.15,0.1,rule,0.02460940712
2016-03-17,2016-03-16,2016-03-16,deployment,recovery_1_of_3,-0.001693831107,0.001689596945,UPRO,True,1,7428,HWM_RESERVE,UPRO,LAG1,25,staged,0.15,0.1,rule,0.01646793801
2016-04-15,2016-04-14,2016-04-14,deployment,recovery_2_of_3,-0.001694181903,0.001694181711,UPRO,True,21,7448,HWM_RESERVE,UPRO,LAG1,25,staged,0.15,0.1,rule,0.0152317733
2016-06-13,2016-06-10,2016-06-10,deployment,recovery_3_of_3,-0.001686407133,0.001686406947,UPRO,True,61,7488,HWM_RESERVE,UPRO,LAG1,25,staged,0.15,0.1,rule,0.01484161424
2018-04-04,2018-04-03,2018-04-03,deployment,recovery_1_of_3,-1.459397579,1.455906121,UPRO,True,1,7943,HWM_RESERVE,UPRO,LAG1,25,staged,0.15,0.1,rule,7.725086129
2018-05-02,2018-05-01,2018-05-01,deployment,recovery_2_of_3,-1.461400272,1.461324311,UPRO,True,21,7963,HWM_RESERVE,UPRO,LAG1,25,staged,0.15,0.1,rule,7.451096608
2018-06-28,2018-06-27,2018-06-27,deployment,recovery_3_of_3,-1.458682587,1.458610367,UPRO,True,61,8003,HWM_RESERVE,UPRO,LAG1,25,staged,0.15,0.1,rule,7.09088758
2018-10-15,2018-10-12,2018-10-12,deployment,recovery_1_of_3,-0.02376983127,0.02371044376,UPRO,True,1,8078,HWM_RESERVE,UPRO,LAG1,25,staged,0.15,0.1,rule,0.1117968887
2018-10-17,2018-10-16,2018-10-16,deployment,recovery_1_of_3,-0.01577141729,0.0157320051,UPRO,True,1,8080,HWM_RESERVE,UPRO,LAG1,25,staged,0.15,0.1,rule,0.07432959377
2018-11-08,2018-11-07,2018-11-07,deployment,recovery_1_of_3,-0.01047648058,0.01045029684,UPRO,True,1,8096,HWM_RESERVE,UPRO,LAG1,25,staged,0.15,0.1,rule,0.05108444195
2018-12-04,2018-12-03,2018-12-03,deployment,recovery_1_of_3,-0.006961233944,0.006943834414,UPRO,True,1,8113,HWM_RESERVE,UPRO,LAG1,25,staged,0.15,0.1,rule,0.03660461262
2019-02-13,2019-02-12,2019-02-12,deployment,recovery_1_of_3,-0.004639401034,0.004627804254,UPRO,True,1,8160,HWM_RESERVE,UPRO,LAG1,25,staged,0.15,0.1,rule,0.02661311804
2019-03-12,2019-03-11,2019-03-11,deployment,recovery_1_of_3,-0.003083065662,0.003075358749,UPRO,True,1,8178,HWM_RESERVE,UPRO,LAG1,25,staged,0.15,0.1,rule,0.01746880389
2019-04-09,2019-04-08,2019-04-08,deployment,recovery_2_of_3,-0.003088847198,0.003088846861,UPRO,True,21,8198,HWM_RESERVE,UPRO,LAG1,25,staged,0.15,0.1,rule,0.01564265257
2019-06-05,2019-06-04,2019-06-04,deployment,recovery_1_of_3,-0.001025755265,0.001023190962,UPRO,True,1,8237,HWM_RESERVE,UPRO,LAG1,25,staged,0.15,0.1,rule,0.005995073203
2019-07-03,2019-07-02,2019-07-02,deployment,recovery_2_of_3,-0.001027485089,0.001027485053,UPRO,True,21,8257,HWM_RESERVE,UPRO,LAG1,25,staged,0.15,0.1,rule,0.005061107322
2019-08-29,2019-08-28,2019-08-28,deployment,recovery_3_of_3,-0.001025648546,0.001025648506,UPRO,True,61,8297,HWM_RESERVE,UPRO,LAG1,25,staged,0.15,0.1,rule,0.005595714691
2020-03-03,2020-03-02,2020-03-02,deployment,recovery_1_of_3,-0.3549620198,0.3540832435,UPRO,True,1,8424,HWM_RESERVE,UPRO,LAG1,25,staged,0.15,0.1,rule,1.768248616
2020-03-05,2020-03-04,2020-03-04,deployment,recovery_1_of_3,-0.235484931,0.234900216,UPRO,True,1,8426,HWM_RESERVE,UPRO,LAG1,25,staged,0.15,0.1,rule,1.235330784
2020-05-28,2020-05-27,2020-05-27,deployment,recovery_1_of_3,-0.1562697504,0.1558810259,UPRO,True,1,8484,HWM_RESERVE,UPRO,LAG1,25,staged,0.15,0.1,rule,0.9087361068
2020-06-15,2020-06-12,2020-06-12,deployment,recovery_1_of_3,-0.1036693576,0.1034110768,UPRO,True,1,8496,HWM_RESERVE,UPRO,LAG1,25,staged,0.15,0.1,rule,0.6271240733
2020-06-30,2020-06-29,2020-06-29,deployment,recovery_1_of_3,-0.06877406581,0.06860253456,UPRO,True,1,8507,HWM_RESERVE,UPRO,LAG1,25,staged,0.15,0.1,rule,0.4278303671
2020-07-29,2020-07-28,2020-07-28,deployment,recovery_2_of_3,-0.06878134722,0.06878117368,UPRO,True,21,8527,HWM_RESERVE,UPRO,LAG1,25,staged,0.15,0.1,rule,0.3674578354
2020-09-24,2020-09-23,2020-09-23,deployment,recovery_3_of_3,-0.06844946706,0.06844929631,UPRO,True,61,8567,HWM_RESERVE,UPRO,LAG1,25,staged,0.15,0.1,rule,0.3632994492
2022-02-01,2022-01-31,2022-01-31,deployment,recovery_1_of_3,-3.480415126,3.472077294,UPRO,True,1,8908,HWM_RESERVE,UPRO,LAG1,25,staged,0.15,0.1,rule,8.10688028
2022-02-16,2022-02-15,2022-02-15,deployment,recovery_1_of_3,-2.309467555,2.303863665,UPRO,True,1,8919,HWM_RESERVE,UPRO,LAG1,25,staged,0.15,0.1,rule,5.725019149
2022-03-23,2022-03-22,2022-03-22,deployment,recovery_1_of_3,-1.532752158,1.528997742,UPRO,True,1,8943,HWM_RESERVE,UPRO,LAG1,25,staged,0.15,0.1,rule,3.93954227
2022-03-25,2022-03-24,2022-03-24,deployment,recovery_1_of_3,-1.016865503,1.014358385,UPRO,True,1,8945,HWM_RESERVE,UPRO,LAG1,25,staged,0.15,0.1,rule,2.687772567
2022-04-08,2022-04-07,2022-04-07,deployment,recovery_1_of_3,-0.6747198065,0.6730488846,UPRO,True,1,8955,HWM_RESERVE,UPRO,LAG1,25,staged,0.15,0.1,rule,1.835816289
2022-12-01,2022-11-30,2022-11-30,deployment,recovery_1_of_3,-0.4547739114,0.4536449186,UPRO,True,1,9118,HWM_RESERVE,UPRO,LAG1,25,staged,0.15,0.1,rule,1.36384821
2023-01-17,2023-01-13,2023-01-13,deployment,recovery_1_of_3,-0.3032884833,0.30253403,UPRO,True,1,9148,HWM_RESERVE,UPRO,LAG1,25,staged,0.15,0.1,rule,0.970694973
2023-01-23,2023-01-20,2023-01-20,deployment,recovery_1_of_3,-0.201366999,0.2008653257,UPRO,True,1,9152,HWM_RESERVE,UPRO,LAG1,25,staged,0.15,0.1,rule,0.6769634781
2023-02-21,2023-02-17,2023-02-17,deployment,recovery_2_of_3,-0.2020967934,0.2020959724,UPRO,True,21,9172,HWM_RESERVE,UPRO,LAG1,25,staged,0.15,0.1,rule,0.6348228142
2023-03-17,2023-03-16,2023-03-16,deployment,recovery_1_of_3,-0.06710368178,0.06693612659,UPRO,True,1,9190,HWM_RESERVE,UPRO,LAG1,25,staged,0.15,0.1,rule,0.237604002
2023-03-21,2023-03-20,2023-03-20,deployment,recovery_1_of_3,-0.04453473848,0.04442349423,UPRO,True,1,9192,HWM_RESERVE,UPRO,LAG1,25,staged,0.15,0.1,rule,0.1624890271
2023-04-19,2023-04-18,2023-04-18,deployment,recovery_2_of_3,-0.04470802481,0.04470798418,UPRO,True,21,9212,HWM_RESERVE,UPRO,LAG1,25,staged,0.15,0.1,rule,0.1420271403
2023-06-15,2023-06-14,2023-06-14,deployment,recovery_3_of_3,-0.0448504882,0.04485045249,UPRO,True,61,9252,HWM_RESERVE,UPRO,LAG1,25,staged,0.15,0.1,rule,0.1244466103
2025-03-25,2025-03-24,2025-03-24,deployment,recovery_1_of_3,-2.810243989,2.803391893,UPRO,True,1,9696,HWM_RESERVE,UPRO,LAG1,25,staged,0.15,0.1,rule,5.010351629
2025-05-13,2025-05-12,2025-05-12,deployment,recovery_1_of_3,-1.875203956,1.870593993,UPRO,True,1,9730,HWM_RESERVE,UPRO,LAG1,25,staged,0.15,0.1,rule,3.378392687
2025-06-11,2025-06-10,2025-06-10,deployment,recovery_2_of_3,-1.881710908,1.881674885,UPRO,True,21,9750,HWM_RESERVE,UPRO,LAG1,25,staged,0.15,0.1,rule,3.103495806
2025-08-08,2025-08-07,2025-08-07,deployment,recovery_3_of_3,-1.885373415,1.885341603,UPRO,True,61,9790,HWM_RESERVE,UPRO,LAG1,25,staged,0.15,0.1,rule,2.73294771
2026-04-09,2026-04-08,2026-04-08,deployment,recovery_1_of_3,-2.198347406,2.19293069,UPRO,True,1,9957,HWM_RESERVE,UPRO,LAG1,25,staged,0.15,0.1,rule,2.980333238
2026-05-07,2026-05-06,2026-05-06,deployment,recovery_2_of_3,-2.204575262,2.204543719,UPRO,True,21,9977,HWM_RESERVE,UPRO,LAG1,25,staged,0.15,0.1,rule,2.369555234
2026-07-07,2026-07-06,2026-07-06,deployment,recovery_3_of_3,-7.221817619,7.221496061,UPRO,True,61,10017,HWM_RESERVE,UPRO,LAG1,25,staged,0.15,0.1,rule,7.439790146
1986-10-02,1986-10-01,1986-10-01,deployment,recovery_1_of_3,-0.03335790646,0.03328004311,UPRO,True,1,3,ASYMMETRIC_RESERVE_BAND,UPRO,LAG1,25,staged,0.2,0.1,rule,1.209660034
1986-10-30,1986-10-29,1986-10-29,deployment,recovery_2_of_3,-0.03349413418,0.03349155063,UPRO,True,21,23,ASYMMETRIC_RESERVE_BAND,UPRO,LAG1,25,staged,0.2,0.1,rule,1.119682163
1986-11-21,1986-11-20,1986-11-20,deployment,recovery_1_of_3,-0.03743862395,0.03735165519,UPRO,True,1,39,ASYMMETRIC_RESERVE_BAND,UPRO,LAG1,25,staged,0.2,0.1,rule,1.393438277
1986-12-22,1986-12-19,1986-12-19,deployment,recovery_2_of_3,-0.03760548392,0.03760171245,UPRO,True,21,59,ASYMMETRIC_RESERVE_BAND,UPRO,LAG1,25,staged,0.2,0.1,rule,1.594645915
1987-02-19,1987-02-18,1987-02-18,deployment,recovery_3_of_3,-0.1230831736,0.1230539244,UPRO,True,61,99,ASYMMETRIC_RESERVE_BAND,UPRO,LAG1,25,staged,0.2,0.1,rule,4.008684779
1988-06-07,1988-06-06,1988-06-06,deployment,recovery_1_of_3,-0.04656185871,0.04645422825,UPRO,True,1,427,ASYMMETRIC_RESERVE_BAND,UPRO,LAG1,25,staged,0.2,0.1,rule,1.792011054
1988-06-09,1988-06-08,1988-06-08,deployment,recovery_1_of_3,-0.03090926125,0.03083586333,UPRO,True,1,429,ASYMMETRIC_RESERVE_BAND,UPRO,LAG1,25,staged,0.2,0.1,rule,1.192070523
1988-07-08,1988-07-07,1988-07-07,deployment,recovery_2_of_3,-0.03107360885,0.03107162922,UPRO,True,21,449,ASYMMETRIC_RESERVE_BAND,UPRO,LAG1,25,staged,0.2,0.1,rule,1.212364737
1988-08-25,1988-08-24,1988-08-24,deployment,recovery_1_of_3,-0.01037935005,0.01035392236,UPRO,True,1,483,ASYMMETRIC_RESERVE_BAND,UPRO,LAG1,25,staged,0.2,0.1,rule,0.4796563745
1988-09-06,1988-09-02,1988-09-02,deployment,recovery_1_of_3,-0.006898514383,0.006881501629,UPRO,True,1,490,ASYMMETRIC_RESERVE_BAND,UPRO,LAG1,25,staged,0.2,0.1,rule,0.3237625464
1988-10-04,1988-10-03,1988-10-03,deployment,recovery_2_of_3,-0.006942417495,0.006942306753,UPRO,True,21,510,ASYMMETRIC_RESERVE_BAND,UPRO,LAG1,25,staged,0.2,0.1,rule,0.3048671058
1988-11-23,1988-11-22,1988-11-22,deployment,recovery_1_of_3,-0.002321429112,0.002315652629,UPRO,True,1,546,ASYMMETRIC_RESERVE_BAND,UPRO,LAG1,25,staged,0.2,0.1,rule,0.1115871806
1988-12-22,1988-12-21,1988-12-21,deployment,recovery_2_of_3,-0.00233679417,0.002336781736,UPRO,True,21,566,ASYMMETRIC_RESERVE_BAND,UPRO,LAG1,25,staged,0.2,0.1,rule,0.1017181628
1989-02-21,1989-02-17,1989-02-17,deployment,recovery_3_of_3,-0.002357096103,0.002357085583,UPRO,True,61,606,ASYMMETRIC_RESERVE_BAND,UPRO,LAG1,25,staged,0.2,0.1,rule,0.08529530241
1990-03-09,1990-03-08,1990-03-08,deployment,recovery_1_of_3,-0.06976441204,0.06960467401,UPRO,True,1,871,ASYMMETRIC_RESERVE_BAND,UPRO,LAG1,25,staged,0.2,0.1,rule,2.299880746
1990-03-19,1990-03-16,1990-03-16,deployment,recovery_1_of_3,-0.04638077306,0.04627138399,UPRO,True,1,877,ASYMMETRIC_RESERVE_BAND,UPRO,LAG1,25,staged,0.2,0.1,rule,1.548606497
1990-03-28,1990-03-27,1990-03-27,deployment,recovery_1_of_3,-0.03085092239,0.03077675557,UPRO,True,1,884,ASYMMETRIC_RESERVE_BAND,UPRO,LAG1,25,staged,0.2,0.1,rule,1.051309781
1990-04-04,1990-04-03,1990-04-03,deployment,recovery_1_of_3,-0.02050032532,0.02045039275,UPRO,True,1,889,ASYMMETRIC_RESERVE_BAND,UPRO,LAG1,25,staged,0.2,0.1,rule,0.7046271632
1990-04-10,1990-04-09,1990-04-09,deployment,recovery_1_of_3,-0.01361838148,0.01358493351,UPRO,True,1,893,ASYMMETRIC_RESERVE_BAND,UPRO,LAG1,25,staged,0.2,0.1,rule,0.4814673836
1990-05-09,1990-05-08,1990-05-08,deployment,recovery_1_of_3,-0.009092320831,0.009069858854,UPRO,True,1,913,ASYMMETRIC_RESERVE_BAND,UPRO,LAG1,25,staged,0.2,0.1,rule,0.3242473337
1990-06-07,1990-06-06,1990-06-06,deployment,recovery_2_of_3,-0.00915006689,0.009149953538,UPRO,True,21,933,ASYMMETRIC_RESERVE_BAND,UPRO,LAG1,25,staged,0.2,0.1,rule,0.2711842022
1990-08-03,1990-08-02,1990-08-02,deployment,recovery_3_of_3,-0.009218120345,0.009217988371,UPRO,True,61,973,ASYMMETRIC_RESERVE_BAND,UPRO,LAG1,25,staged,0.2,0.1,rule,0.3136548486
1991-04-23,1991-04-22,1991-04-22,deployment,recovery_3_of_3,-0.2142226062,0.2141689388,UPRO,True,61,1154,ASYMMETRIC_RESERVE_BAND,UPRO,LAG1,25,staged,0.2,0.1,rule,6.099727722
1991-12-16,1991-12-13,1991-12-13,deployment,recovery_1_of_3,-0.07908608066,0.07890343389,UPRO,True,1,1319,ASYMMETRIC_RESERVE_BAND,UPRO,LAG1,25,staged,0.2,0.1,rule,2.618942761
1992-01-15,1992-01-14,1992-01-14,deployment,recovery_2_of_3,-0.0793621449,0.07935617511,UPRO,True,21,1339,ASYMMETRIC_RESERVE_BAND,UPRO,LAG1,25,staged,0.2,0.1,rule,2.032336451
1992-03-12,1992-03-11,1992-03-11,deployment,recovery_3_of_3,-0.2658987904,0.2658239539,UPRO,True,61,1379,ASYMMETRIC_RESERVE_BAND,UPRO,LAG1,25,staged,0.2,0.1,rule,8.312111014
1993-01-15,1993-01-14,1993-01-14,deployment,recovery_3_of_3,-0.2690731633,0.2690057543,UPRO,True,61,1593,ASYMMETRIC_RESERVE_BAND,UPRO,LAG1,25,staged,0.2,0.1,rule,8.222813606
1994-06-15,1994-06-14,1994-06-14,deployment,recovery_1_of_3,-0.09734798762,0.09711990716,UPRO,True,1,1950,ASYMMETRIC_RESERVE_BAND,UPRO,LAG1,25,staged,0.2,0.1,rule,2.845734377
1994-08-02,1994-08-01,1994-08-01,deployment,recovery_1_of_3,-0.06496655512,0.0648110301,UPRO,True,1,1983,ASYMMETRIC_RESERVE_BAND,UPRO,LAG1,25,staged,0.2,0.1,rule,1.923639916
1994-08-04,1994-08-03,1994-08-03,deployment,recovery_1_of_3,-0.04311435194,0.0430096166,UPRO,True,1,1985,ASYMMETRIC_RESERVE_BAND,UPRO,LAG1,25,staged,0.2,0.1,rule,1.283139673
1994-08-15,1994-08-12,1994-08-12,deployment,recovery_1_of_3,-0.02863535324,0.02856513138,UPRO,True,1,1992,ASYMMETRIC_RESERVE_BAND,UPRO,LAG1,25,staged,0.2,0.1,rule,0.8657283355
1994-09-13,1994-09-12,1994-09-12,deployment,recovery_2_of_3,-0.02874885927,0.02874818486,UPRO,True,21,2012,ASYMMETRIC_RESERVE_BAND,UPRO,LAG1,25,staged,0.2,0.1,rule,0.8508187976
1994-09-28,1994-09-27,1994-09-27,deployment,recovery_1_of_3,-0.009530878721,0.009507206128,UPRO,True,1,2023,ASYMMETRIC_RESERVE_BAND,UPRO,LAG1,25,staged,0.2,0.1,rule,0.2942830206
1994-10-12,1994-10-11,1994-10-11,deployment,recovery_1_of_3,-0.006334317908,0.006318552478,UPRO,True,1,2033,ASYMMETRIC_RESERVE_BAND,UPRO,LAG1,25,staged,0.2,0.1,rule,0.201563037
1994-11-09,1994-11-08,1994-11-08,deployment,recovery_2_of_3,-0.006359350496,0.006359314763,UPRO,True,21,2053,ASYMMETRIC_RESERVE_BAND,UPRO,LAG1,25,staged,0.2,0.1,rule,0.2039238531
1994-12-19,1994-12-16,1994-12-16,deployment,recovery_1_of_3,-0.002116282109,0.002110999718,UPRO,True,1,2080,ASYMMETRIC_RESERVE_BAND,UPRO,LAG1,25,staged,0.2,0.1,rule,0.07129812022
1994-12-22,1994-12-21,1994-12-21,deployment,recovery_1_of_3,-0.001404917031,0.001401408432,UPRO,True,1,2083,ASYMMETRIC_RESERVE_BAND,UPRO,LAG1,25,staged,0.2,0.1,rule,0.04771388062
1995-01-23,1995-01-20,1995-01-20,deployment,recovery_2_of_3,-0.001411578279,0.001411576461,UPRO,True,21,2103,ASYMMETRIC_RESERVE_BAND,UPRO,LAG1,25,staged,0.2,0.1,rule,0.04674547717
1995-03-21,1995-03-20,1995-03-20,deployment,recovery_3_of_3,-0.001418042156,0.001418040634,UPRO,True,61,2143,ASYMMETRIC_RESERVE_BAND,UPRO,LAG1,25,staged,0.2,0.1,rule,0.03896522678
1996-07-18,1996-07-17,1996-07-17,deployment,recovery_1_of_3,-0.1226742656,0.122380632,UPRO,True,1,2479,ASYMMETRIC_RESERVE_BAND,UPRO,LAG1,25,staged,0.2,0.1,rule,2.062313008
1996-07-29,1996-07-26,1996-07-26,deployment,recovery_1_of_3,-0.08149819816,0.08130036991,UPRO,True,1,2486,ASYMMETRIC_RESERVE_BAND,UPRO,LAG1,25,staged,0.2,0.1,rule,1.408827608
1996-07-31,1996-07-30,1996-07-30,deployment,recovery_1_of_3,-0.05410022428,0.05396763884,UPRO,True,1,2488,ASYMMETRIC_RESERVE_BAND,UPRO,LAG1,25,staged,0.2,0.1,rule,0.9563894787
1996-08-28,1996-08-27,1996-08-27,deployment,recovery_2_of_3,-0.05431572441,0.05431454772,UPRO,True,21,2508,ASYMMETRIC_RESERVE_BAND,UPRO,LAG1,25,staged,0.2,0.1,rule,0.8390980954
1996-10-24,1996-10-23,1996-10-23,deployment,recovery_3_of_3,-0.7258892906,0.7257105986,UPRO,True,61,2548,ASYMMETRIC_RESERVE_BAND,UPRO,LAG1,25,staged,0.2,0.1,rule,10.48502611
1998-09-24,1998-09-23,1998-09-23,deployment,recovery_1_of_3,-0.5544465019,0.5531515048,UPRO,True,1,3031,ASYMMETRIC_RESERVE_BAND,UPRO,LAG1,25,staged,0.2,0.1,rule,3.882754137
1998-10-23,1998-10-22,1998-10-22,deployment,recovery_1_of_3,-0.3691187912,0.3682378534,UPRO,True,1,3052,ASYMMETRIC_RESERVE_BAND,UPRO,LAG1,25,staged,0.2,0.1,rule,2.685882624
1998-10-27,1998-10-26,1998-10-26,deployment,recovery_1_of_3,-0.2450130495,0.2444194181,UPRO,True,1,3054,ASYMMETRIC_RESERVE_BAND,UPRO,LAG1,25,staged,0.2,0.1,rule,1.828874957
1998-10-30,1998-10-29,1998-10-29,deployment,recovery_1_of_3,-0.1626071204,0.1622089729,UPRO,True,1,3057,ASYMMETRIC_RESERVE_BAND,UPRO,LAG1,25,staged,0.2,0.1,rule,1.22038159
1998-11-30,1998-11-27,1998-11-27,deployment,recovery_2_of_3,-0.1631894841,0.1631862461,UPRO,True,21,3077,ASYMMETRIC_RESERVE_BAND,UPRO,LAG1,25,staged,0.2,0.1,rule,0.9362787459
1999-01-28,1999-01-27,1999-01-27,deployment,recovery_3_of_3,-2.461781263,2.461114165,UPRO,True,61,3117,ASYMMETRIC_RESERVE_BAND,UPRO,LAG1,25,staged,0.2,0.1,rule,14.22807042
1999-10-07,1999-10-06,1999-10-06,deployment,recovery_1_of_3,-0.8629065654,0.8609104552,UPRO,True,1,3292,ASYMMETRIC_RESERVE_BAND,UPRO,LAG1,25,staged,0.2,0.1,rule,5.521703629
1999-10-29,1999-10-28,1999-10-28,deployment,recovery_1_of_3,-0.5743454206,0.5729848602,UPRO,True,1,3308,ASYMMETRIC_RESERVE_BAND,UPRO,LAG1,25,staged,0.2,0.1,rule,3.893083916
1999-11-29,1999-11-26,1999-11-26,deployment,recovery_2_of_3,-0.5767145187,0.5766815449,UPRO,True,21,3328,ASYMMETRIC_RESERVE_BAND,UPRO,LAG1,25,staged,0.2,0.1,rule,3.371165753
2000-01-26,2000-01-25,2000-01-25,deployment,recovery_3_of_3,-0.579033317,0.5789985536,UPRO,True,61,3368,ASYMMETRIC_RESERVE_BAND,UPRO,LAG1,25,staged,0.2,0.1,rule,3.544437532
2014-10-22,2014-10-21,2014-10-21,deployment,recovery_1_of_3,-0.7960310778,0.7941309871,UPRO,True,1,7076,ASYMMETRIC_RESERVE_BAND,UPRO,LAG1,25,staged,0.2,0.1,rule,3.579749925
2014-11-19,2014-11-18,2014-11-18,deployment,recovery_2_of_3,-0.7960434613,0.7960050812,UPRO,True,21,7096,ASYMMETRIC_RESERVE_BAND,UPRO,LAG1,25,staged,0.2,0.1,rule,3.032130057
2015-01-20,2015-01-16,2015-01-16,deployment,recovery_3_of_3,-4.198330118,4.197213021,UPRO,True,61,7136,ASYMMETRIC_RESERVE_BAND,UPRO,LAG1,25,staged,0.2,0.1,rule,18.36743293
2015-07-13,2015-07-10,2015-07-10,deployment,recovery_1_of_3,-1.467097908,1.463687426,UPRO,True,1,7256,ASYMMETRIC_RESERVE_BAND,UPRO,LAG1,25,staged,0.2,0.1,rule,6.763970415
2015-08-10,2015-08-07,2015-08-07,deployment,recovery_2_of_3,-1.467146819,1.467018067,UPRO,True,21,7276,ASYMMETRIC_RESERVE_BAND,UPRO,LAG1,25,staged,0.2,0.1,rule,6.769400354
2015-10-26,2015-10-23,2015-10-23,deployment,recovery_1_of_3,-0.4855931383,0.4844085078,UPRO,True,1,7330,ASYMMETRIC_RESERVE_BAND,UPRO,LAG1,25,staged,0.2,0.1,rule,2.334565864
2015-11-19,2015-11-18,2015-11-18,deployment,recovery_1_of_3,-0.322171039,0.3213788788,UPRO,True,1,7348,ASYMMETRIC_RESERVE_BAND,UPRO,LAG1,25,staged,0.2,0.1,rule,1.591371389
2015-12-07,2015-12-04,2015-12-04,deployment,recovery_1_of_3,-0.2137416535,0.2132133336,UPRO,True,1,7359,ASYMMETRIC_RESERVE_BAND,UPRO,LAG1,25,staged,0.2,0.1,rule,1.091473972
2015-12-17,2015-12-16,2015-12-16,deployment,recovery_1_of_3,-0.1418024343,0.1414506926,UPRO,True,1,7367,ASYMMETRIC_RESERVE_BAND,UPRO,LAG1,25,staged,0.2,0.1,rule,0.7540141159
2015-12-24,2015-12-23,2015-12-23,deployment,recovery_1_of_3,-0.09407060835,0.09383669711,UPRO,True,1,7372,ASYMMETRIC_RESERVE_BAND,UPRO,LAG1,25,staged,0.2,0.1,rule,0.5203657363
2015-12-30,2015-12-29,2015-12-29,deployment,recovery_1_of_3,-0.06240438231,0.06224892888,UPRO,True,1,7375,ASYMMETRIC_RESERVE_BAND,UPRO,LAG1,25,staged,0.2,0.1,rule,0.345634832
2016-03-14,2016-03-11,2016-03-11,deployment,recovery_1_of_3,-0.04141919002,0.04131590304,UPRO,True,1,7425,ASYMMETRIC_RESERVE_BAND,UPRO,LAG1,25,staged,0.2,0.1,rule,0.2438345569
2016-03-17,2016-03-16,2016-03-16,deployment,recovery_1_of_3,-0.02747650344,0.02740792804,UPRO,True,1,7428,ASYMMETRIC_RESERVE_BAND,UPRO,LAG1,25,staged,0.2,0.1,rule,0.1631673753
2016-04-15,2016-04-14,2016-04-14,deployment,recovery_2_of_3,-0.02748219388,0.02748214028,UPRO,True,21,7448,ASYMMETRIC_RESERVE_BAND,UPRO,LAG1,25,staged,0.2,0.1,rule,0.1509186258
2016-06-13,2016-06-10,2016-06-10,deployment,recovery_3_of_3,-0.02735624347,0.02735619148,UPRO,True,61,7488,ASYMMETRIC_RESERVE_BAND,UPRO,LAG1,25,staged,0.2,0.1,rule,0.1470540471
2018-04-04,2018-04-03,2018-04-03,deployment,recovery_1_of_3,-1.533897904,1.53025284,UPRO,True,1,7943,ASYMMETRIC_RESERVE_BAND,UPRO,LAG1,25,staged,0.2,0.1,rule,5.167773004
2018-05-02,2018-05-01,2018-05-01,deployment,recovery_2_of_3,-1.536002833,1.535911061,UPRO,True,21,7963,ASYMMETRIC_RESERVE_BAND,UPRO,LAG1,25,staged,0.2,0.1,rule,4.984404779
2018-06-28,2018-06-27,2018-06-27,deployment,recovery_3_of_3,-1.533183967,1.533096699,UPRO,True,61,8003,ASYMMETRIC_RESERVE_BAND,UPRO,LAG1,25,staged,0.2,0.1,rule,4.743596299
2020-03-03,2020-03-02,2020-03-02,deployment,recovery_1_of_3,-2.805725083,2.799287528,UPRO,True,1,8424,ASYMMETRIC_RESERVE_BAND,UPRO,LAG1,25,staged,0.2,0.1,rule,9.770788224
2020-03-05,2020-03-04,2020-03-04,deployment,recovery_1_of_3,-1.862047306,1.857658549,UPRO,True,1,8426,ASYMMETRIC_RESERVE_BAND,UPRO,LAG1,25,staged,0.2,0.1,rule,6.826051137
2020-05-28,2020-05-27,2020-05-27,deployment,recovery_1_of_3,-1.235998731,1.233038032,UPRO,True,1,8484,ASYMMETRIC_RESERVE_BAND,UPRO,LAG1,25,staged,0.2,0.1,rule,5.021391207
2020-06-15,2020-06-12,2020-06-12,deployment,recovery_1_of_3,-0.8201166,0.8181254271,UPRO,True,1,8496,ASYMMETRIC_RESERVE_BAND,UPRO,LAG1,25,staged,0.2,0.1,rule,3.465291281
2020-06-30,2020-06-29,2020-06-29,deployment,recovery_1_of_3,-0.5441344125,0.5428008177,UPRO,True,1,8507,ASYMMETRIC_RESERVE_BAND,UPRO,LAG1,25,staged,0.2,0.1,rule,2.364056658
2020-07-29,2020-07-28,2020-07-28,deployment,recovery_2_of_3,-0.5441920224,0.5441805054,UPRO,True,21,8527,ASYMMETRIC_RESERVE_BAND,UPRO,LAG1,25,staged,0.2,0.1,rule,2.030368873
2020-09-24,2020-09-23,2020-09-23,deployment,recovery_3_of_3,-0.5416032231,0.541591889,UPRO,True,61,8567,ASYMMETRIC_RESERVE_BAND,UPRO,LAG1,25,staged,0.2,0.1,rule,2.007566526
2022-02-01,2022-01-31,2022-01-31,deployment,recovery_1_of_3,-3.224504247,3.216784855,UPRO,True,1,8908,ASYMMETRIC_RESERVE_BAND,UPRO,LAG1,25,staged,0.2,0.1,rule,5.430942238
2022-02-16,2022-02-15,2022-02-15,deployment,recovery_1_of_3,-2.139662466,2.134473108,UPRO,True,1,8919,ASYMMETRIC_RESERVE_BAND,UPRO,LAG1,25,staged,0.2,0.1,rule,3.835291411
2022-03-23,2022-03-22,2022-03-22,deployment,recovery_1_of_3,-1.420058999,1.416581762,UPRO,True,1,8943,ASYMMETRIC_RESERVE_BAND,UPRO,LAG1,25,staged,0.2,0.1,rule,2.639168925
2022-03-25,2022-03-24,2022-03-24,deployment,recovery_1_of_3,-0.9421036333,0.9397813592,UPRO,True,1,8945,ASYMMETRIC_RESERVE_BAND,UPRO,LAG1,25,staged,0.2,0.1,rule,1.800586299
2022-04-08,2022-04-07,2022-04-07,deployment,recovery_1_of_3,-0.62511383,0.6235659893,UPRO,True,1,8955,ASYMMETRIC_RESERVE_BAND,UPRO,LAG1,25,staged,0.2,0.1,rule,1.229845746
2022-12-01,2022-11-30,2022-11-30,deployment,recovery_1_of_3,-0.421338862,0.4202929897,UPRO,True,1,9118,ASYMMETRIC_RESERVE_BAND,UPRO,LAG1,25,staged,0.2,0.1,rule,0.9136659967
2023-01-17,2023-01-13,2023-01-13,deployment,recovery_1_of_3,-0.2809908275,0.2802918966,UPRO,True,1,9148,ASYMMETRIC_RESERVE_BAND,UPRO,LAG1,25,staged,0.2,0.1,rule,0.6502857014
2023-01-23,2023-01-20,2023-01-20,deployment,recovery_1_of_3,-0.1865626483,0.1860978834,UPRO,True,1,9152,ASYMMETRIC_RESERVE_BAND,UPRO,LAG1,25,staged,0.2,0.1,rule,0.4535097867
2023-02-21,2023-02-17,2023-02-17,deployment,recovery_2_of_3,-0.1872387888,0.1872380161,UPRO,True,21,9172,ASYMMETRIC_RESERVE_BAND,UPRO,LAG1,25,staged,0.2,0.1,rule,0.4252789534
2023-03-17,2023-03-16,2023-03-16,deployment,recovery_1_of_3,-0.06217028717,0.06201505346,UPRO,True,1,9190,ASYMMETRIC_RESERVE_BAND,UPRO,LAG1,25,staged,0.2,0.1,rule,0.1591751382
2023-03-21,2023-03-20,2023-03-20,deployment,recovery_1_of_3,-0.04126059374,0.0411575294,UPRO,True,1,9192,ASYMMETRIC_RESERVE_BAND,UPRO,LAG1,25,staged,0.2,0.1,rule,0.1088542833
2023-04-19,2023-04-18,2023-04-18,deployment,recovery_2_of_3,-0.04142114025,0.04142110202,UPRO,True,21,9212,ASYMMETRIC_RESERVE_BAND,UPRO,LAG1,25,staged,0.2,0.1,rule,0.09514649897
2023-06-15,2023-06-14,2023-06-14,deployment,recovery_3_of_3,-0.04155313205,0.04155309844,UPRO,True,61,9252,ASYMMETRIC_RESERVE_BAND,UPRO,LAG1,25,staged,0.2,0.1,rule,0.0833689958
2025-03-25,2025-03-24,2025-03-24,deployment,recovery_1_of_3,-6.466801426,6.451652482,UPRO,True,1,9696,ASYMMETRIC_RESERVE_BAND,UPRO,LAG1,25,staged,0.2,0.1,rule,8.958693242
2025-05-13,2025-05-12,2025-05-12,deployment,recovery_1_of_3,-4.315970566,4.305638456,UPRO,True,1,9730,ASYMMETRIC_RESERVE_BAND,UPRO,LAG1,25,staged,0.2,0.1,rule,6.040690549
2025-06-11,2025-06-10,2025-06-10,deployment,recovery_2_of_3,-4.33094697,4.330735221,UPRO,True,21,9750,ASYMMETRIC_RESERVE_BAND,UPRO,LAG1,25,staged,0.2,0.1,rule,5.548806276
2025-08-08,2025-08-07,2025-08-07,deployment,recovery_3_of_3,-4.339809636,4.339622344,UPRO,True,61,9790,ASYMMETRIC_RESERVE_BAND,UPRO,LAG1,25,staged,0.2,0.1,rule,4.886928438
2026-04-09,2026-04-08,2026-04-08,deployment,recovery_1_of_3,-8.993838546,8.972831048,UPRO,True,1,9957,ASYMMETRIC_RESERVE_BAND,UPRO,LAG1,25,staged,0.2,0.1,rule,10.31511885
2026-05-07,2026-05-06,2026-05-06,deployment,recovery_2_of_3,-9.019317834,9.018722973,UPRO,True,21,9977,ASYMMETRIC_RESERVE_BAND,UPRO,LAG1,25,staged,0.2,0.1,rule,8.170629109
2026-07-07,2026-07-06,2026-07-06,deployment,recovery_3_of_3,-34.83885203,34.8303917,UPRO,True,61,10017,ASYMMETRIC_RESERVE_BAND,UPRO,LAG1,25,staged,0.2,0.1,rule,32.44585305
1987-10-20,1987-10-19,1987-10-19,deployment,drawdown_20_30,-0.04459934525,0.04459456301,SP500_1X,False,0,268,HWM_DRAWDOWN,UPRO,LAG1,25,drawdown,0.15,0.1,rule,10.84717414
2001-03-13,2001-03-12,2001-03-12,deployment,drawdown_20,-0.5815490129,0.5814801879,SP500_1X,False,0,3652,HWM_DRAWDOWN,UPRO,LAG1,25,drawdown,0.15,0.1,rule,14.86244031
2001-09-18,2001-09-17,2001-09-17,deployment,drawdown_30,-0.7409614472,0.7408388391,SP500_1X,False,0,3779,HWM_DRAWDOWN,UPRO,LAG1,25,drawdown,0.15,0.1,rule,21.37155713
2002-07-19,2002-07-18,2002-07-18,deployment,drawdown_40,-0.7523579951,0.7521995151,SP500_1X,False,0,3989,HWM_DRAWDOWN,UPRO,LAG1,25,drawdown,0.15,0.1,rule,28.42156148
2008-07-15,2008-07-14,2008-07-14,deployment,drawdown_20,-0.1810391636,0.1810322425,SP500_1X,False,0,5496,HWM_DRAWDOWN,UPRO,LAG1,25,drawdown,0.15,0.1,rule,5.038571537
2008-10-07,2008-10-06,2008-10-06,deployment,drawdown_30,-0.227053828,0.2270413617,SP500_1X,False,0,5555,HWM_DRAWDOWN,UPRO,LAG1,25,drawdown,0.15,0.1,rule,7.307230385
2008-10-10,2008-10-09,2008-10-09,deployment,drawdown_40,-0.2270665908,0.2270522283,SP500_1X,False,0,5558,HWM_DRAWDOWN,UPRO,LAG1,25,drawdown,0.15,0.1,rule,8.483647838
2008-11-21,2008-11-20,2008-11-20,deployment,drawdown_50,-0.2725594888,0.2725347015,SP500_1X,False,0,5588,HWM_DRAWDOWN,UPRO,LAG1,25,drawdown,0.15,0.1,rule,12.27375533
2020-03-13,2020-03-12,2020-03-12,deployment,drawdown_20,-1.542562353,1.542454093,SP500_1X,False,0,8432,HWM_DRAWDOWN,UPRO,LAG1,25,drawdown,0.15,0.1,rule,11.01851371
2020-03-23,2020-03-20,2020-03-20,deployment,drawdown_30,-1.928290306,1.928109871,SP500_1X,False,0,8438,HWM_DRAWDOWN,UPRO,LAG1,25,drawdown,0.15,0.1,rule,14.81545866
2022-06-14,2022-06-13,2022-06-13,deployment,drawdown_20,-2.926524949,2.926353677,SP500_1X,False,0,9000,HWM_DRAWDOWN,UPRO,LAG1,25,drawdown,0.15,0.1,rule,9.630461516
1987-10-20,1987-10-19,1987-10-19,deployment,drawdown_20_30,-0.04745692399,0.04745136552,SP500_1X,False,0,268,BAND_DRAWDOWN,UPRO,LAG1,25,drawdown,0.2,0.1,rule,11.97412563
2001-03-13,2001-03-12,2001-03-12,deployment,drawdown_20,-0.4868966646,0.4868471646,SP500_1X,False,0,3652,BAND_DRAWDOWN,UPRO,LAG1,25,drawdown,0.2,0.1,rule,12.29892729
2001-09-18,2001-09-17,2001-09-17,deployment,drawdown_30,-0.6203632871,0.6202747617,SP500_1X,False,0,3779,BAND_DRAWDOWN,UPRO,LAG1,25,drawdown,0.2,0.1,rule,17.68503934
2002-07-19,2002-07-18,2002-07-18,deployment,drawdown_40,-0.629904944,0.6297897992,SP500_1X,False,0,3989,BAND_DRAWDOWN,UPRO,LAG1,25,drawdown,0.2,0.1,rule,23.52747031
2008-07-15,2008-07-14,2008-07-14,deployment,drawdown_20,-0.1512911724,0.1512861721,SP500_1X,False,0,5496,BAND_DRAWDOWN,UPRO,LAG1,25,drawdown,0.2,0.1,rule,4.168322779
2008-10-07,2008-10-06,2008-10-06,deployment,drawdown_30,-0.1897447997,0.1897357813,SP500_1X,False,0,5555,BAND_DRAWDOWN,UPRO,LAG1,25,drawdown,0.2,0.1,rule,6.045113558
2008-10-10,2008-10-09,2008-10-09,deployment,drawdown_40,-0.1897554653,0.1897450645,SP500_1X,False,0,5558,BAND_DRAWDOWN,UPRO,LAG1,25,drawdown,0.2,0.1,rule,7.018286489
2008-11-21,2008-11-20,2008-11-20,deployment,drawdown_50,-0.2277812113,0.2277632453,SP500_1X,False,0,5588,BAND_DRAWDOWN,UPRO,LAG1,25,drawdown,0.2,0.1,rule,10.15401484
2020-03-13,2020-03-12,2020-03-12,deployment,drawdown_20,-0.9844264186,0.9843775531,SP500_1X,False,0,8432,BAND_DRAWDOWN,UPRO,LAG1,25,drawdown,0.2,0.1,rule,7.094662185
2020-03-23,2020-03-20,2020-03-20,deployment,drawdown_30,-1.230588777,1.230507134,SP500_1X,False,0,8438,BAND_DRAWDOWN,UPRO,LAG1,25,drawdown,0.2,0.1,rule,9.539264335
2022-06-14,2022-06-13,2022-06-13,deployment,drawdown_20,-1.905615682,1.905533915,SP500_1X,False,0,9000,BAND_DRAWDOWN,UPRO,LAG1,25,drawdown,0.2,0.1,rule,6.354717702
1986-11-21,1986-11-20,1986-11-20,deployment,recovery_1_of_3,-0.005888789878,0.005859675446,UPRO,True,1,39,HWM_RESERVE,UPRO,LAG1,50,staged,0.15,0.1,rule,0.7113055697
1986-12-22,1986-12-19,1986-12-19,deployment,recovery_2_of_3,-0.005915035589,0.005914846135,UPRO,True,21,59,HWM_RESERVE,UPRO,LAG1,50,staged,0.15,0.1,rule,0.81806547
1987-02-19,1987-02-18,1987-02-18,deployment,recovery_3_of_3,-0.01747670501,0.01747552256,UPRO,True,61,99,HWM_RESERVE,UPRO,LAG1,50,staged,0.15,0.1,rule,1.735424479
1988-06-07,1988-06-06,1988-06-06,deployment,recovery_1_of_3,-0.02383243546,0.0237178804,UPRO,True,1,427,HWM_RESERVE,UPRO,LAG1,50,staged,0.15,0.1,rule,2.631837003
1988-06-09,1988-06-08,1988-06-08,deployment,recovery_1_of_3,-0.01574170877,0.0156650247,UPRO,True,1,429,HWM_RESERVE,UPRO,LAG1,50,staged,0.15,0.1,rule,1.750734353
1988-07-08,1988-07-07,1988-07-07,deployment,recovery_2_of_3,-0.01582540899,0.01582437184,UPRO,True,21,449,HWM_RESERVE,UPRO,LAG1,50,staged,0.15,0.1,rule,1.785006807
1988-08-25,1988-08-24,1988-08-24,deployment,recovery_1_of_3,-0.005246374007,0.005220412161,UPRO,True,1,483,HWM_RESERVE,UPRO,LAG1,50,staged,0.15,0.1,rule,0.7026714394
1988-09-06,1988-09-02,1988-09-02,deployment,recovery_1_of_3,-0.003469495221,0.003452268263,UPRO,True,1,490,HWM_RESERVE,UPRO,LAG1,50,staged,0.15,0.1,rule,0.474295155
1988-10-04,1988-10-03,1988-10-03,deployment,recovery_2_of_3,-0.003491575575,0.003491518304,UPRO,True,21,510,HWM_RESERVE,UPRO,LAG1,50,staged,0.15,0.1,rule,0.447736036
1988-11-23,1988-11-22,1988-11-22,deployment,recovery_1_of_3,-0.001158748983,0.001152969077,UPRO,True,1,546,HWM_RESERVE,UPRO,LAG1,50,staged,0.15,0.1,rule,0.1630567662
1988-12-22,1988-12-21,1988-12-21,deployment,recovery_2_of_3,-0.001166418502,0.001166412136,UPRO,True,21,566,HWM_RESERVE,UPRO,LAG1,50,staged,0.15,0.1,rule,0.1490090753
1989-02-21,1989-02-17,1989-02-17,deployment,recovery_3_of_3,-0.00117064058,0.001170635248,UPRO,True,61,606,HWM_RESERVE,UPRO,LAG1,50,staged,0.15,0.1,rule,0.1243230713
1990-03-09,1990-03-08,1990-03-08,deployment,recovery_1_of_3,-0.0038155171,0.003796532464,UPRO,True,1,871,HWM_RESERVE,UPRO,LAG1,50,staged,0.15,0.1,rule,0.3349174759
1990-03-19,1990-03-16,1990-03-16,deployment,recovery_1_of_3,-0.002522983719,0.002510410183,UPRO,True,1,877,HWM_RESERVE,UPRO,LAG1,50,staged,0.15,0.1,rule,0.2255140316
1990-03-28,1990-03-27,1990-03-27,deployment,recovery_1_of_3,-0.001669378899,0.001661050592,UPRO,True,1,884,HWM_RESERVE,UPRO,LAG1,50,staged,0.15,0.1,rule,0.153095772
1990-04-04,1990-04-03,1990-04-03,deployment,recovery_1_of_3,-0.001103553724,0.001098044191,UPRO,True,1,889,HWM_RESERVE,UPRO,LAG1,50,staged,0.15,0.1,rule,0.1026105164
1990-04-10,1990-04-09,1990-04-09,deployment,recovery_1_of_3,-0.0007293373807,0.0007256944127,UPRO,True,1,893,HWM_RESERVE,UPRO,LAG1,50,staged,0.15,0.1,rule,0.07011313136
1990-05-09,1990-05-08,1990-05-08,deployment,recovery_1_of_3,-0.0004844668855,0.0004820462147,UPRO,True,1,913,HWM_RESERVE,UPRO,LAG1,50,staged,0.15,0.1,rule,0.04721814327
1990-06-07,1990-06-06,1990-06-06,deployment,recovery_2_of_3,-0.0004875437735,0.0004875430716,UPRO,True,21,933,HWM_RESERVE,UPRO,LAG1,50,staged,0.15,0.1,rule,0.03959114622
1990-08-03,1990-08-02,1990-08-02,deployment,recovery_3_of_3,-0.0004886813799,0.0004886805702,UPRO,True,61,973,HWM_RESERVE,UPRO,LAG1,50,staged,0.15,0.1,rule,0.04555908699
1991-04-23,1991-04-22,1991-04-22,deployment,recovery_3_of_3,-0.002295795414,0.002295781893,UPRO,True,61,1154,HWM_RESERVE,UPRO,LAG1,50,staged,0.15,0.1,rule,0.1621445387
1991-12-16,1991-12-13,1991-12-13,deployment,recovery_1_of_3,-0.0011579994,0.001152216619,UPRO,True,1,1319,HWM_RESERVE,UPRO,LAG1,50,staged,0.15,0.1,rule,0.08594103108
1992-01-15,1992-01-14,1992-01-14,deployment,recovery_2_of_3,-0.001162041606,0.001162038787,UPRO,True,21,1339,HWM_RESERVE,UPRO,LAG1,50,staged,0.15,0.1,rule,0.0675913194
1992-03-12,1992-03-11,1992-03-11,deployment,recovery_3_of_3,-0.02628483349,0.02628320281,UPRO,True,61,1379,HWM_RESERVE,UPRO,LAG1,50,staged,0.15,0.1,rule,1.731412232
1993-01-15,1993-01-14,1993-01-14,deployment,recovery_3_of_3,-0.006582931131,0.006582839828,UPRO,True,61,1593,HWM_RESERVE,UPRO,LAG1,50,staged,0.15,0.1,rule,0.3881603244
1994-06-15,1994-06-14,1994-06-14,deployment,recovery_1_of_3,-0.02277997585,0.02266796062,UPRO,True,1,1950,HWM_RESERVE,UPRO,LAG1,50,staged,0.15,0.1,rule,1.187151992
1994-08-02,1994-08-01,1994-08-01,deployment,recovery_1_of_3,-0.01512417179,0.01504939656,UPRO,True,1,1983,HWM_RESERVE,UPRO,LAG1,50,staged,0.15,0.1,rule,0.802482824
1994-08-04,1994-08-03,1994-08-03,deployment,recovery_1_of_3,-0.009985742783,0.00993618649,UPRO,True,1,1985,HWM_RESERVE,UPRO,LAG1,50,staged,0.15,0.1,rule,0.5352860165
1994-08-15,1994-08-12,1994-08-12,deployment,recovery_1_of_3,-0.006598604298,0.006565777303,UPRO,True,1,1992,HWM_RESERVE,UPRO,LAG1,50,staged,0.15,0.1,rule,0.3611549717
1994-09-13,1994-09-12,1994-09-12,deployment,recovery_2_of_3,-0.006624760127,0.006624678004,UPRO,True,21,2012,HWM_RESERVE,UPRO,LAG1,50,staged,0.15,0.1,rule,0.3558349976
1994-09-28,1994-09-27,1994-09-27,deployment,recovery_1_of_3,-0.002179640967,0.002168761357,UPRO,True,1,2023,HWM_RESERVE,UPRO,LAG1,50,staged,0.15,0.1,rule,0.1224529693
1994-10-12,1994-10-11,1994-10-11,deployment,recovery_1_of_3,-0.00144133648,0.001434138219,UPRO,True,1,2033,HWM_RESERVE,UPRO,LAG1,50,staged,0.15,0.1,rule,0.08387161558
1994-11-09,1994-11-08,1994-11-08,deployment,recovery_2_of_3,-0.001447032497,0.00144702821,UPRO,True,21,2053,HWM_RESERVE,UPRO,LAG1,50,staged,0.15,0.1,rule,0.08506761436
1994-12-19,1994-12-16,1994-12-16,deployment,recovery_1_of_3,-0.0004779216899,0.0004755330666,UPRO,True,1,2080,HWM_RESERVE,UPRO,LAG1,50,staged,0.15,0.1,rule,0.02959251306
1994-12-22,1994-12-21,1994-12-21,deployment,recovery_1_of_3,-0.0003156840087,0.0003141060242,UPRO,True,1,2083,HWM_RESERVE,UPRO,LAG1,50,staged,0.15,0.1,rule,0.01980379891
1995-01-23,1995-01-20,1995-01-20,deployment,recovery_2_of_3,-0.0003171807873,0.0003171805724,UPRO,True,21,2103,HWM_RESERVE,UPRO,LAG1,50,staged,0.15,0.1,rule,0.01945063265
1995-03-21,1995-03-20,1995-03-20,deployment,recovery_3_of_3,-0.0003170314463,0.0003170312682,UPRO,True,61,2143,HWM_RESERVE,UPRO,LAG1,50,staged,0.15,0.1,rule,0.01613178301
1996-07-18,1996-07-17,1996-07-17,deployment,recovery_1_of_3,-0.1110673026,0.1105362113,UPRO,True,1,2479,HWM_RESERVE,UPRO,LAG1,50,staged,0.15,0.1,rule,3.353166289
1996-07-29,1996-07-26,1996-07-26,deployment,recovery_1_of_3,-0.07343461756,0.07307838343,UPRO,True,1,2486,HWM_RESERVE,UPRO,LAG1,50,staged,0.15,0.1,rule,2.290648036
1996-07-31,1996-07-30,1996-07-30,deployment,recovery_1_of_3,-0.04851096017,0.04827330829,UPRO,True,1,2488,HWM_RESERVE,UPRO,LAG1,50,staged,0.15,0.1,rule,1.555017568
1996-08-28,1996-08-27,1996-08-27,deployment,recovery_2_of_3,-0.0487041963,0.04870202613,UPRO,True,21,2508,HWM_RESERVE,UPRO,LAG1,50,staged,0.15,0.1,rule,1.367667116
1996-10-24,1996-10-23,1996-10-23,deployment,recovery_3_of_3,-0.067130648,0.06712714862,UPRO,True,61,2548,HWM_RESERVE,UPRO,LAG1,50,staged,0.15,0.1,rule,1.602598418
1998-09-24,1998-09-23,1998-09-23,deployment,recovery_1_of_3,-0.539589301,0.5370812895,UPRO,True,1,3031,HWM_RESERVE,UPRO,LAG1,50,staged,0.15,0.1,rule,6.049717439
1998-10-23,1998-10-22,1998-10-22,deployment,recovery_1_of_3,-0.3575688518,0.3558678436,UPRO,True,1,3052,HWM_RESERVE,UPRO,LAG1,50,staged,0.15,0.1,rule,4.184872484
1998-10-27,1998-10-26,1998-10-26,deployment,recovery_1_of_3,-0.2362204741,0.2350783932,UPRO,True,1,3054,HWM_RESERVE,UPRO,LAG1,50,staged,0.15,0.1,rule,2.849569232
1998-10-30,1998-10-29,1998-10-29,deployment,recovery_1_of_3,-0.1560148758,0.1552519984,UPRO,True,1,3057,HWM_RESERVE,UPRO,LAG1,50,staged,0.15,0.1,rule,1.901475995
1998-11-30,1998-11-27,1998-11-27,deployment,recovery_2_of_3,-0.1565736299,0.1565669588,UPRO,True,21,3077,HWM_RESERVE,UPRO,LAG1,50,staged,0.15,0.1,rule,1.462394316
1999-01-28,1999-01-27,1999-01-27,deployment,recovery_3_of_3,-0.1562011335,0.1561950709,UPRO,True,61,3117,HWM_RESERVE,UPRO,LAG1,50,staged,0.15,0.1,rule,1.331250738
1999-10-07,1999-10-06,1999-10-06,deployment,recovery_1_of_3,-0.1847606777,0.1838537229,UPRO,True,1,3292,HWM_RESERVE,UPRO,LAG1,50,staged,0.15,0.1,rule,1.607892123
1999-10-29,1999-10-28,1999-10-28,deployment,recovery_1_of_3,-0.122335536,0.1217317155,UPRO,True,1,3308,HWM_RESERVE,UPRO,LAG1,50,staged,0.15,0.1,rule,1.133646314
1999-11-29,1999-11-26,1999-11-26,deployment,recovery_2_of_3,-0.1228401537,0.1228367229,UPRO,True,21,3328,HWM_RESERVE,UPRO,LAG1,50,staged,0.15,0.1,rule,0.9841987118
2000-01-26,2000-01-25,2000-01-25,deployment,recovery_3_of_3,-0.1227014637,0.1226978803,UPRO,True,61,3368,HWM_RESERVE,UPRO,LAG1,50,staged,0.15,0.1,rule,1.029447099
2014-10-22,2014-10-21,2014-10-21,deployment,recovery_1_of_3,-0.03875132901,0.03855820257,UPRO,True,1,7076,HWM_RESERVE,UPRO,LAG1,50,staged,0.15,0.1,rule,0.2880377361
2014-11-19,2014-11-18,2014-11-18,deployment,recovery_2_of_3,-0.03875193185,0.03875166412,UPRO,True,21,7096,HWM_RESERVE,UPRO,LAG1,50,staged,0.15,0.1,rule,0.244611272
2015-01-20,2015-01-16,2015-01-16,deployment,recovery_3_of_3,-0.1340483321,0.1340449589,UPRO,True,61,7136,HWM_RESERVE,UPRO,LAG1,50,staged,0.15,0.1,rule,0.8942253112
2015-07-13,2015-07-10,2015-07-10,deployment,recovery_1_of_3,-0.05608988992,0.05581056279,UPRO,True,1,7256,HWM_RESERVE,UPRO,LAG1,50,staged,0.15,0.1,rule,0.3576698583
2015-08-10,2015-08-07,2015-08-07,deployment,recovery_2_of_3,-0.05609175988,0.05609119675,UPRO,True,21,7276,HWM_RESERVE,UPRO,LAG1,50,staged,0.15,0.1,rule,0.3589122429
2015-10-26,2015-10-23,2015-10-23,deployment,recovery_1_of_3,-0.01841971267,0.01832774097,UPRO,True,1,7330,HWM_RESERVE,UPRO,LAG1,50,staged,0.15,0.1,rule,0.1231177935
2015-11-19,2015-11-18,2015-11-18,deployment,recovery_1_of_3,-0.0121582087,0.01209747473,UPRO,True,1,7348,HWM_RESERVE,UPRO,LAG1,50,staged,0.15,0.1,rule,0.08392401218
2015-12-07,2015-12-04,2015-12-04,deployment,recovery_1_of_3,-0.008025277822,0.007985177272,UPRO,True,1,7359,HWM_RESERVE,UPRO,LAG1,50,staged,0.15,0.1,rule,0.05756096635
2015-12-17,2015-12-16,2015-12-16,deployment,recovery_1_of_3,-0.005297277604,0.005270802998,UPRO,True,1,7367,HWM_RESERVE,UPRO,LAG1,50,staged,0.15,0.1,rule,0.03976437574
2015-12-24,2015-12-23,2015-12-23,deployment,recovery_1_of_3,-0.003496455211,0.003478978301,UPRO,True,1,7372,HWM_RESERVE,UPRO,LAG1,50,staged,0.15,0.1,rule,0.02744248181
2015-12-30,2015-12-29,2015-12-29,deployment,recovery_1_of_3,-0.00230780474,0.002296268069,UPRO,True,1,7375,HWM_RESERVE,UPRO,LAG1,50,staged,0.15,0.1,rule,0.01822771356
2016-03-14,2016-03-11,2016-03-11,deployment,recovery_1_of_3,-0.001524048753,0.001516429606,UPRO,True,1,7425,HWM_RESERVE,UPRO,LAG1,50,staged,0.15,0.1,rule,0.01285908146
2016-03-17,2016-03-16,2016-03-16,deployment,recovery_1_of_3,-0.001005944902,0.001000915662,UPRO,True,1,7428,HWM_RESERVE,UPRO,LAG1,50,staged,0.15,0.1,rule,0.008604943441
2016-04-15,2016-04-14,2016-04-14,deployment,recovery_2_of_3,-0.001006153236,0.001006153011,UPRO,True,21,7448,HWM_RESERVE,UPRO,LAG1,50,staged,0.15,0.1,rule,0.007979009534
2016-06-13,2016-06-10,2016-06-10,deployment,recovery_3_of_3,-0.0009965034224,0.0009965032069,UPRO,True,61,7488,HWM_RESERVE,UPRO,LAG1,50,staged,0.15,0.1,rule,0.007735563906
2018-04-04,2018-04-03,2018-04-03,deployment,recovery_1_of_3,-0.8268610206,0.8228948001,UPRO,True,1,7943,HWM_RESERVE,UPRO,LAG1,50,staged,0.15,0.1,rule,3.870344526
2018-05-02,2018-05-01,2018-05-01,deployment,recovery_2_of_3,-0.8279957006,0.8279142066,UPRO,True,21,7963,HWM_RESERVE,UPRO,LAG1,50,staged,0.15,0.1,rule,3.742091843
2018-06-28,2018-06-27,2018-06-27,deployment,recovery_3_of_3,-0.8224244798,0.822347754,UPRO,True,61,8003,HWM_RESERVE,UPRO,LAG1,50,staged,0.15,0.1,rule,3.543980738
2018-10-15,2018-10-12,2018-10-12,deployment,recovery_1_of_3,-0.003462494191,0.003445184356,UPRO,True,1,8078,HWM_RESERVE,UPRO,LAG1,50,staged,0.15,0.1,rule,0.01446463275
2018-10-17,2018-10-16,2018-10-16,deployment,recovery_1_of_3,-0.002285879485,0.002274451245,UPRO,True,1,8080,HWM_RESERVE,UPRO,LAG1,50,staged,0.15,0.1,rule,0.009616996402
2018-11-08,2018-11-07,2018-11-07,deployment,recovery_1_of_3,-0.001510838003,0.001503284339,UPRO,True,1,8096,HWM_RESERVE,UPRO,LAG1,50,staged,0.15,0.1,rule,0.006609465618
2018-12-04,2018-12-03,2018-12-03,deployment,recovery_1_of_3,-0.0009988694656,0.0009938753672,UPRO,True,1,8113,HWM_RESERVE,UPRO,LAG1,50,staged,0.15,0.1,rule,0.004736019801
2019-02-13,2019-02-12,2019-02-12,deployment,recovery_1_of_3,-0.0006623759214,0.0006590641618,UPRO,True,1,8160,HWM_RESERVE,UPRO,LAG1,50,staged,0.15,0.1,rule,0.003443288837
2019-03-12,2019-03-11,2019-03-11,deployment,recovery_1_of_3,-0.0004379712309,0.0004357814269,UPRO,True,1,8178,HWM_RESERVE,UPRO,LAG1,50,staged,0.15,0.1,rule,0.002260168738
2019-04-09,2019-04-08,2019-04-08,deployment,recovery_2_of_3,-0.0004387925389,0.0004387925155,UPRO,True,21,8198,HWM_RESERVE,UPRO,LAG1,50,staged,0.15,0.1,rule,0.00202898096
2019-06-05,2019-06-04,2019-06-04,deployment,recovery_1_of_3,-0.0001446201281,0.0001438970334,UPRO,True,1,8237,HWM_RESERVE,UPRO,LAG1,50,staged,0.15,0.1,rule,0.0007737026208
2019-07-03,2019-07-02,2019-07-02,deployment,recovery_2_of_3,-0.0001448640142,0.0001448640117,UPRO,True,21,8257,HWM_RESERVE,UPRO,LAG1,50,staged,0.15,0.1,rule,0.0006548094924
2019-08-29,2019-08-28,2019-08-28,deployment,recovery_3_of_3,-0.0001438784136,0.0001438784108,UPRO,True,61,8297,HWM_RESERVE,UPRO,LAG1,50,staged,0.15,0.1,rule,0.0007203392168
2020-03-03,2020-03-02,2020-03-02,deployment,recovery_1_of_3,-0.140267503,0.1395708476,UPRO,True,1,8424,HWM_RESERVE,UPRO,LAG1,50,staged,0.15,0.1,rule,0.6405755832
2020-03-05,2020-03-04,2020-03-04,deployment,recovery_1_of_3,-0.09259062002,0.0921298254,UPRO,True,1,8426,HWM_RESERVE,UPRO,LAG1,50,staged,0.15,0.1,rule,0.4475178039
2020-05-28,2020-05-27,2020-05-27,deployment,recovery_1_of_3,-0.06113712691,0.0608324892,UPRO,True,1,8484,HWM_RESERVE,UPRO,LAG1,50,staged,0.15,0.1,rule,0.3292037989
2020-06-15,2020-06-12,2020-06-12,deployment,recovery_1_of_3,-0.04035571674,0.04015441546,UPRO,True,1,8496,HWM_RESERVE,UPRO,LAG1,50,staged,0.15,0.1,rule,0.2271854565
2020-06-30,2020-06-29,2020-06-29,deployment,recovery_1_of_3,-0.02663805998,0.02650508461,UPRO,True,1,8507,HWM_RESERVE,UPRO,LAG1,50,staged,0.15,0.1,rule,0.1549882095
2020-07-29,2020-07-28,2020-07-28,deployment,recovery_2_of_3,-0.02664088027,0.02664078771,UPRO,True,21,8527,HWM_RESERVE,UPRO,LAG1,50,staged,0.15,0.1,rule,0.1334514894
2020-09-24,2020-09-23,2020-09-23,deployment,recovery_3_of_3,-0.02637919973,0.02637910957,UPRO,True,61,8567,HWM_RESERVE,UPRO,LAG1,50,staged,0.15,0.1,rule,0.1312788362
2022-02-01,2022-01-31,2022-01-31,deployment,recovery_1_of_3,-1.904529538,1.895394176,UPRO,True,1,8908,HWM_RESERVE,UPRO,LAG1,50,staged,0.15,0.1,rule,4.159038066
2022-02-16,2022-02-15,2022-02-15,deployment,recovery_1_of_3,-1.257704171,1.251595827,UPRO,True,1,8919,HWM_RESERVE,UPRO,LAG1,50,staged,0.15,0.1,rule,2.937082053
2022-03-23,2022-03-22,2022-03-22,deployment,recovery_1_of_3,-0.8306572642,0.8265857887,UPRO,True,1,8943,HWM_RESERVE,UPRO,LAG1,50,staged,0.15,0.1,rule,2.021086497
2022-03-25,2022-03-24,2022-03-24,deployment,recovery_1_of_3,-0.5483736116,0.5456685745,UPRO,True,1,8945,HWM_RESERVE,UPRO,LAG1,50,staged,0.15,0.1,rule,1.378896448
2022-04-08,2022-04-07,2022-04-07,deployment,recovery_1_of_3,-0.3620644411,0.360270723,UPRO,True,1,8955,HWM_RESERVE,UPRO,LAG1,50,staged,0.15,0.1,rule,0.9418209676
2022-12-01,2022-11-30,2022-11-30,deployment,recovery_1_of_3,-0.2428275345,0.2416216612,UPRO,True,1,9118,HWM_RESERVE,UPRO,LAG1,50,staged,0.15,0.1,rule,0.6996892057
2023-01-17,2023-01-13,2023-01-13,deployment,recovery_1_of_3,-0.1611363891,0.1603346086,UPRO,True,1,9148,HWM_RESERVE,UPRO,LAG1,50,staged,0.15,0.1,rule,0.4979914843
2023-01-23,2023-01-20,2023-01-20,deployment,recovery_1_of_3,-0.1064527713,0.1059223046,UPRO,True,1,9152,HWM_RESERVE,UPRO,LAG1,50,staged,0.15,0.1,rule,0.3472996736
2023-02-21,2023-02-17,2023-02-17,deployment,recovery_2_of_3,-0.1068385775,0.1068377296,UPRO,True,21,9172,HWM_RESERVE,UPRO,LAG1,50,staged,0.15,0.1,rule,0.3264960176
2023-03-17,2023-03-16,2023-03-16,deployment,recovery_1_of_3,-0.03520827795,0.03503244465,UPRO,True,1,9190,HWM_RESERVE,UPRO,LAG1,50,staged,0.15,0.1,rule,0.1215901732
2023-03-21,2023-03-20,2023-03-20,deployment,recovery_1_of_3,-0.02324985504,0.02313369973,UPRO,True,1,9192,HWM_RESERVE,UPRO,LAG1,50,staged,0.15,0.1,rule,0.08315124651
2023-04-19,2023-04-18,2023-04-18,deployment,recovery_2_of_3,-0.02334032109,0.02334027975,UPRO,True,21,9212,HWM_RESERVE,UPRO,LAG1,50,staged,0.15,0.1,rule,0.07286266183
2023-06-15,2023-06-14,2023-06-14,deployment,recovery_3_of_3,-0.02329710667,0.0232970707,UPRO,True,61,9252,HWM_RESERVE,UPRO,LAG1,50,staged,0.15,0.1,rule,0.06352294246
2025-03-25,2025-03-24,2025-03-24,deployment,recovery_1_of_3,-1.257893538,1.251735476,UPRO,True,1,9696,HWM_RESERVE,UPRO,LAG1,50,staged,0.15,0.1,rule,2.21835296
2025-05-13,2025-05-12,2025-05-12,deployment,recovery_1_of_3,-0.8352311994,0.8311138618,UPRO,True,1,9730,HWM_RESERVE,UPRO,LAG1,50,staged,0.15,0.1,rule,1.495796697
2025-06-11,2025-06-10,2025-06-10,deployment,recovery_2_of_3,-0.8381294491,0.8381022398,UPRO,True,21,9750,HWM_RESERVE,UPRO,LAG1,50,staged,0.15,0.1,rule,1.377497478
2025-08-08,2025-08-07,2025-08-07,deployment,recovery_3_of_3,-0.8355786894,0.8355549028,UPRO,True,61,9790,HWM_RESERVE,UPRO,LAG1,50,staged,0.15,0.1,rule,1.207003516
2026-04-09,2026-04-08,2026-04-08,deployment,recovery_1_of_3,-1.095912545,1.090508054,UPRO,True,1,9957,HWM_RESERVE,UPRO,LAG1,50,staged,0.15,0.1,rule,1.482691985
2026-05-07,2026-05-06,2026-05-06,deployment,recovery_2_of_3,-1.099017234,1.098987249,UPRO,True,21,9977,HWM_RESERVE,UPRO,LAG1,50,staged,0.15,0.1,rule,1.181171304
2026-07-07,2026-07-06,2026-07-06,deployment,recovery_3_of_3,-3.623900368,3.623590645,UPRO,True,61,10017,HWM_RESERVE,UPRO,LAG1,50,staged,0.15,0.1,rule,3.733110231
1986-10-02,1986-10-01,1986-10-01,deployment,recovery_1_of_3,-0.03335790646,0.03320217975,UPRO,True,1,3,ASYMMETRIC_RESERVE_BAND,UPRO,LAG1,50,staged,0.2,0.1,rule,0.6301370933
1986-10-30,1986-10-29,1986-10-29,deployment,recovery_2_of_3,-0.03349413418,0.03348895495,UPRO,True,21,23,ASYMMETRIC_RESERVE_BAND,UPRO,LAG1,50,staged,0.2,0.1,rule,0.5846335797
1986-11-21,1986-11-20,1986-11-20,deployment,recovery_1_of_3,-0.0372582172,0.03708511784,UPRO,True,1,39,ASYMMETRIC_RESERVE_BAND,UPRO,LAG1,50,staged,0.2,0.1,rule,0.725925191
1986-12-22,1986-12-19,1986-12-19,deployment,recovery_2_of_3,-0.03742427311,0.03741674901,UPRO,True,21,59,ASYMMETRIC_RESERVE_BAND,UPRO,LAG1,50,staged,0.2,0.1,rule,0.8326850675
1987-02-19,1987-02-18,1987-02-18,deployment,recovery_3_of_3,-0.1221740869,0.1221160206,UPRO,True,61,99,ASYMMETRIC_RESERVE_BAND,UPRO,LAG1,50,staged,0.2,0.1,rule,2.088566883
1988-06-07,1988-06-06,1988-06-06,deployment,recovery_1_of_3,-0.04609135671,0.04587827096,UPRO,True,1,427,ASYMMETRIC_RESERVE_BAND,UPRO,LAG1,50,staged,0.2,0.1,rule,0.9336565853
1988-06-09,1988-06-08,1988-06-08,deployment,recovery_1_of_3,-0.03045542515,0.03031078468,UPRO,True,1,429,ASYMMETRIC_RESERVE_BAND,UPRO,LAG1,50,staged,0.2,0.1,rule,0.621081266
1988-07-08,1988-07-07,1988-07-07,deployment,recovery_2_of_3,-0.03061735965,0.03061344922,UPRO,True,21,449,ASYMMETRIC_RESERVE_BAND,UPRO,LAG1,50,staged,0.2,0.1,rule,0.6331618657
1988-08-25,1988-08-24,1988-08-24,deployment,recovery_1_of_3,-0.01015276806,0.01010302042,UPRO,True,1,483,ASYMMETRIC_RESERVE_BAND,UPRO,LAG1,50,staged,0.2,0.1,rule,0.2493068998
1988-09-06,1988-09-02,1988-09-02,deployment,recovery_1_of_3,-0.006714825064,0.006681704481,UPRO,True,1,490,ASYMMETRIC_RESERVE_BAND,UPRO,LAG1,50,staged,0.2,0.1,rule,0.1682792954
1988-10-04,1988-10-03,1988-10-03,deployment,recovery_2_of_3,-0.006757559151,0.006757343546,UPRO,True,21,510,ASYMMETRIC_RESERVE_BAND,UPRO,LAG1,50,staged,0.2,0.1,rule,0.1588509175
1988-11-23,1988-11-22,1988-11-22,deployment,recovery_1_of_3,-0.002242783209,0.002231621382,UPRO,True,1,546,ASYMMETRIC_RESERVE_BAND,UPRO,LAG1,50,staged,0.2,0.1,rule,0.05785425207
1988-12-22,1988-12-21,1988-12-21,deployment,recovery_2_of_3,-0.002257627726,0.002257603758,UPRO,True,21,566,ASYMMETRIC_RESERVE_BAND,UPRO,LAG1,50,staged,0.2,0.1,rule,0.0528693844
1989-02-21,1989-02-17,1989-02-17,deployment,recovery_3_of_3,-0.002265839602,0.002265819525,UPRO,True,61,606,ASYMMETRIC_RESERVE_BAND,UPRO,LAG1,50,staged,0.2,0.1,rule,0.04411163578
1990-03-09,1990-03-08,1990-03-08,deployment,recovery_1_of_3,-0.06739707857,0.06708844337,UPRO,True,1,871,ASYMMETRIC_RESERVE_BAND,UPRO,LAG1,50,staged,0.2,0.1,rule,1.198251283
1990-03-19,1990-03-16,1990-03-16,deployment,recovery_1_of_3,-0.04460167762,0.04439129146,UPRO,True,1,877,ASYMMETRIC_RESERVE_BAND,UPRO,LAG1,50,staged,0.2,0.1,rule,0.8068330174
1990-03-28,1990-03-27,1990-03-27,deployment,recovery_1_of_3,-0.02952751224,0.02938554165,UPRO,True,1,884,ASYMMETRIC_RESERVE_BAND,UPRO,LAG1,50,staged,0.2,0.1,rule,0.5477385279
1990-04-04,1990-04-03,1990-04-03,deployment,recovery_1_of_3,-0.01952650033,0.01943137907,UPRO,True,1,889,ASYMMETRIC_RESERVE_BAND,UPRO,LAG1,50,staged,0.2,0.1,rule,0.3671148618
1990-04-10,1990-04-09,1990-04-09,deployment,recovery_1_of_3,-0.01290822397,0.01284481645,UPRO,True,1,893,ASYMMETRIC_RESERVE_BAND,UPRO,LAG1,50,staged,0.2,0.1,rule,0.2508473151
1990-05-09,1990-05-08,1990-05-08,deployment,recovery_1_of_3,-0.008575802203,0.0085334303,UPRO,True,1,913,ASYMMETRIC_RESERVE_BAND,UPRO,LAG1,50,staged,0.2,0.1,rule,0.1689347521
1990-06-07,1990-06-06,1990-06-06,deployment,recovery_2_of_3,-0.008630267811,0.008630053454,UPRO,True,21,933,ASYMMETRIC_RESERVE_BAND,UPRO,LAG1,50,staged,0.2,0.1,rule,0.1416393282
1990-08-03,1990-08-02,1990-08-02,deployment,recovery_3_of_3,-0.008651176106,0.008650929009,UPRO,True,61,973,ASYMMETRIC_RESERVE_BAND,UPRO,LAG1,50,staged,0.2,0.1,rule,0.163008278
1991-04-23,1991-04-22,1991-04-22,deployment,recovery_3_of_3,-0.2004876815,0.2003872284,UPRO,True,61,1154,ASYMMETRIC_RESERVE_BAND,UPRO,LAG1,50,staged,0.2,0.1,rule,3.177987378
1991-12-16,1991-12-13,1991-12-13,deployment,recovery_1_of_3,-0.07381447878,0.07347353444,UPRO,True,1,1319,ASYMMETRIC_RESERVE_BAND,UPRO,LAG1,50,staged,0.2,0.1,rule,1.364481731
1992-01-15,1992-01-14,1992-01-14,deployment,recovery_2_of_3,-0.07407214155,0.07406097196,UPRO,True,21,1339,ASYMMETRIC_RESERVE_BAND,UPRO,LAG1,50,staged,0.2,0.1,rule,1.061313776
1992-03-12,1992-03-11,1992-03-11,deployment,recovery_3_of_3,-0.247538261,0.247398923,UPRO,True,61,1379,ASYMMETRIC_RESERVE_BAND,UPRO,LAG1,50,staged,0.2,0.1,rule,4.330961341
1993-01-15,1993-01-14,1993-01-14,deployment,recovery_3_of_3,-0.2466189928,0.2464954253,UPRO,True,61,1593,ASYMMETRIC_RESERVE_BAND,UPRO,LAG1,50,staged,0.2,0.1,rule,4.284433615
1994-06-15,1994-06-14,1994-06-14,deployment,recovery_1_of_3,-0.08897726185,0.08856032514,UPRO,True,1,1950,ASYMMETRIC_RESERVE_BAND,UPRO,LAG1,50,staged,0.2,0.1,rule,1.482747951
1994-08-02,1994-08-01,1994-08-01,deployment,recovery_1_of_3,-0.0591017621,0.05881879179,UPRO,True,1,1983,ASYMMETRIC_RESERVE_BAND,UPRO,LAG1,50,staged,0.2,0.1,rule,1.002297743
1994-08-04,1994-08-03,1994-08-03,deployment,recovery_1_of_3,-0.03903424015,0.03884459266,UPRO,True,1,1985,ASYMMETRIC_RESERVE_BAND,UPRO,LAG1,50,staged,0.2,0.1,rule,0.6685700309
1994-08-15,1994-08-12,1994-08-12,deployment,recovery_1_of_3,-0.02579938026,0.02567284574,UPRO,True,1,1992,ASYMMETRIC_RESERVE_BAND,UPRO,LAG1,50,staged,0.2,0.1,rule,0.4510810728
1994-09-13,1994-09-12,1994-09-12,deployment,recovery_2_of_3,-0.02590164494,0.02590042671,UPRO,True,21,2012,ASYMMETRIC_RESERVE_BAND,UPRO,LAG1,50,staged,0.2,0.1,rule,0.444405057
1994-09-28,1994-09-27,1994-09-27,deployment,recovery_1_of_3,-0.008523234689,0.008480894348,UPRO,True,1,2023,ASYMMETRIC_RESERVE_BAND,UPRO,LAG1,50,staged,0.2,0.1,rule,0.1529541653
1994-10-12,1994-10-11,1994-10-11,deployment,recovery_1_of_3,-0.005636457048,0.005608399678,UPRO,True,1,2033,ASYMMETRIC_RESERVE_BAND,UPRO,LAG1,50,staged,0.2,0.1,rule,0.1047627757
1994-11-09,1994-11-08,1994-11-08,deployment,recovery_2_of_3,-0.005658731761,0.005658668166,UPRO,True,21,2053,ASYMMETRIC_RESERVE_BAND,UPRO,LAG1,50,staged,0.2,0.1,rule,0.1062549371
1994-12-19,1994-12-16,1994-12-16,deployment,recovery_1_of_3,-0.001869011846,0.001859681399,UPRO,True,1,2080,ASYMMETRIC_RESERVE_BAND,UPRO,LAG1,50,staged,0.2,0.1,rule,0.03696417608
1994-12-22,1994-12-21,1994-12-21,deployment,recovery_1_of_3,-0.001234562098,0.001228395747,UPRO,True,1,2083,ASYMMETRIC_RESERVE_BAND,UPRO,LAG1,50,staged,0.2,0.1,rule,0.02473703765
1995-01-23,1995-01-20,1995-01-20,deployment,recovery_2_of_3,-0.001240415629,0.001240412442,UPRO,True,21,2103,ASYMMETRIC_RESERVE_BAND,UPRO,LAG1,50,staged,0.2,0.1,rule,0.0242958016
1995-03-21,1995-03-20,1995-03-20,deployment,recovery_3_of_3,-0.001239838897,0.001239836255,UPRO,True,61,2143,ASYMMETRIC_RESERVE_BAND,UPRO,LAG1,50,staged,0.2,0.1,rule,0.02015038055
1996-07-18,1996-07-17,1996-07-17,deployment,recovery_1_of_3,-0.1077872131,0.1072712132,UPRO,True,1,2479,ASYMMETRIC_RESERVE_BAND,UPRO,LAG1,50,staged,0.2,0.1,rule,1.074550762
1996-07-29,1996-07-26,1996-07-26,deployment,recovery_1_of_3,-0.07126511153,0.0709191345,UPRO,True,1,2486,ASYMMETRIC_RESERVE_BAND,UPRO,LAG1,50,staged,0.2,0.1,rule,0.7340577179
1996-07-31,1996-07-30,1996-07-30,deployment,recovery_1_of_3,-0.04707742394,0.04684667515,UPRO,True,1,2488,ASYMMETRIC_RESERVE_BAND,UPRO,LAG1,50,staged,0.2,0.1,rule,0.4983186545
1996-08-28,1996-08-27,1996-08-27,deployment,recovery_2_of_3,-0.0472649498,0.04726289688,UPRO,True,21,2508,ASYMMETRIC_RESERVE_BAND,UPRO,LAG1,50,staged,0.2,0.1,rule,0.4382817227
1996-10-24,1996-10-23,1996-10-23,deployment,recovery_3_of_3,-0.629951336,0.6296411861,UPRO,True,61,2548,ASYMMETRIC_RESERVE_BAND,UPRO,LAG1,50,staged,0.2,0.1,rule,5.463251843
1998-09-24,1998-09-23,1998-09-23,deployment,recovery_1_of_3,-0.4797846243,0.4775433992,UPRO,True,1,3031,ASYMMETRIC_RESERVE_BAND,UPRO,LAG1,50,staged,0.2,0.1,rule,2.023119777
1998-10-23,1998-10-22,1998-10-22,deployment,recovery_1_of_3,-0.3179228287,0.3164053214,UPRO,True,1,3052,ASYMMETRIC_RESERVE_BAND,UPRO,LAG1,50,staged,0.2,0.1,rule,1.399486566
1998-10-27,1998-10-26,1998-10-26,deployment,recovery_1_of_3,-0.2100223067,0.209004599,UPRO,True,1,3054,ASYMMETRIC_RESERVE_BAND,UPRO,LAG1,50,staged,0.2,0.1,rule,0.9529403526
1998-10-30,1998-10-29,1998-10-29,deployment,recovery_1_of_3,-0.1387088879,0.1380296236,UPRO,True,1,3057,ASYMMETRIC_RESERVE_BAND,UPRO,LAG1,50,staged,0.2,0.1,rule,0.6358832013
1998-11-30,1998-11-27,1998-11-27,deployment,recovery_2_of_3,-0.139205662,0.1392001242,UPRO,True,21,3077,ASYMMETRIC_RESERVE_BAND,UPRO,LAG1,50,staged,0.2,0.1,rule,0.4890510216
1999-01-28,1999-01-27,1999-01-27,deployment,recovery_3_of_3,-2.094296455,2.093161421,UPRO,True,61,3117,ASYMMETRIC_RESERVE_BAND,UPRO,LAG1,50,staged,0.2,0.1,rule,7.413721356
1999-10-07,1999-10-06,1999-10-06,deployment,recovery_1_of_3,-0.7320866785,0.7286996938,UPRO,True,1,3292,ASYMMETRIC_RESERVE_BAND,UPRO,LAG1,50,staged,0.2,0.1,rule,2.877155575
1999-10-29,1999-10-28,1999-10-28,deployment,recovery_1_of_3,-0.4850241084,0.4827261721,UPRO,True,1,3308,ASYMMETRIC_RESERVE_BAND,UPRO,LAG1,50,staged,0.2,0.1,rule,2.028542067
1999-11-29,1999-11-26,1999-11-26,deployment,recovery_2_of_3,-0.487024768,0.486968944,UPRO,True,21,3328,ASYMMETRIC_RESERVE_BAND,UPRO,LAG1,50,staged,0.2,0.1,rule,1.760770787
2000-01-26,2000-01-25,2000-01-25,deployment,recovery_3_of_3,-0.4866272711,0.4865689795,UPRO,True,61,3368,ASYMMETRIC_RESERVE_BAND,UPRO,LAG1,50,staged,0.2,0.1,rule,1.842458534
2014-10-22,2014-10-21,2014-10-21,deployment,recovery_1_of_3,-0.5024279558,0.5000294095,UPRO,True,1,7076,ASYMMETRIC_RESERVE_BAND,UPRO,LAG1,50,staged,0.2,0.1,rule,1.865269591
2014-11-19,2014-11-18,2014-11-18,deployment,recovery_2_of_3,-0.5024357719,0.5023872072,UPRO,True,21,7096,ASYMMETRIC_RESERVE_BAND,UPRO,LAG1,50,staged,0.2,0.1,rule,1.583715306
2015-01-20,2015-01-16,2015-01-16,deployment,recovery_3_of_3,-2.642841288,2.641434868,UPRO,True,61,7136,ASYMMETRIC_RESERVE_BAND,UPRO,LAG1,50,staged,0.2,0.1,rule,9.571012087
2015-07-13,2015-07-10,2015-07-10,deployment,recovery_1_of_3,-0.9209925299,0.9167105677,UPRO,True,1,7256,ASYMMETRIC_RESERVE_BAND,UPRO,LAG1,50,staged,0.2,0.1,rule,3.524610263
2015-08-10,2015-08-07,2015-08-07,deployment,recovery_2_of_3,-0.9210232345,0.9208612044,UPRO,True,21,7276,ASYMMETRIC_RESERVE_BAND,UPRO,LAG1,50,staged,0.2,0.1,rule,3.535678077
2015-10-26,2015-10-23,2015-10-23,deployment,recovery_1_of_3,-0.3026554072,0.3011786333,UPRO,True,1,7330,ASYMMETRIC_RESERVE_BAND,UPRO,LAG1,50,staged,0.2,0.1,rule,1.213655145
2015-11-19,2015-11-18,2015-11-18,deployment,recovery_1_of_3,-0.1998188546,0.1988361793,UPRO,True,1,7348,ASYMMETRIC_RESERVE_BAND,UPRO,LAG1,50,staged,0.2,0.1,rule,0.827295603
2015-12-07,2015-12-04,2015-12-04,deployment,recovery_1_of_3,-0.1319156232,0.131263476,UPRO,True,1,7359,ASYMMETRIC_RESERVE_BAND,UPRO,LAG1,50,staged,0.2,0.1,rule,0.5674172758
2015-12-17,2015-12-16,2015-12-16,deployment,recovery_1_of_3,-0.0870835654,0.08665153502,UPRO,True,1,7367,ASYMMETRIC_RESERVE_BAND,UPRO,LAG1,50,staged,0.2,0.1,rule,0.3919842766
2015-12-24,2015-12-23,2015-12-23,deployment,recovery_1_of_3,-0.0574836314,0.05719775598,UPRO,True,1,7372,ASYMMETRIC_RESERVE_BAND,UPRO,LAG1,50,staged,0.2,0.1,rule,0.2705190559
2015-12-30,2015-12-29,2015-12-29,deployment,recovery_1_of_3,-0.03794350354,0.03775446241,UPRO,True,1,7375,ASYMMETRIC_RESERVE_BAND,UPRO,LAG1,50,staged,0.2,0.1,rule,0.179682869
2016-03-14,2016-03-11,2016-03-11,deployment,recovery_1_of_3,-0.02505833882,0.0249333622,UPRO,True,1,7425,ASYMMETRIC_RESERVE_BAND,UPRO,LAG1,50,staged,0.2,0.1,rule,0.1267606407
2016-03-17,2016-03-16,2016-03-16,deployment,recovery_1_of_3,-0.01654009532,0.01645753401,UPRO,True,1,7428,ASYMMETRIC_RESERVE_BAND,UPRO,LAG1,50,staged,0.2,0.1,rule,0.08482473238
2016-04-15,2016-04-14,2016-04-14,deployment,recovery_2_of_3,-0.01654352081,0.01654345627,UPRO,True,21,7448,ASYMMETRIC_RESERVE_BAND,UPRO,LAG1,50,staged,0.2,0.1,rule,0.07865385256
2016-06-13,2016-06-10,2016-06-10,deployment,recovery_3_of_3,-0.01638505753,0.01638499555,UPRO,True,61,7488,ASYMMETRIC_RESERVE_BAND,UPRO,LAG1,50,staged,0.2,0.1,rule,0.07625528587
2018-04-04,2018-04-03,2018-04-03,deployment,recovery_1_of_3,-0.9162297994,0.9118752504,UPRO,True,1,7943,ASYMMETRIC_RESERVE_BAND,UPRO,LAG1,50,staged,0.2,0.1,rule,2.69283451
2018-05-02,2018-05-01,2018-05-01,deployment,recovery_2_of_3,-0.9174871179,0.9173772216,UPRO,True,21,7963,ASYMMETRIC_RESERVE_BAND,UPRO,LAG1,50,staged,0.2,0.1,rule,2.6034861
2018-06-28,2018-06-27,2018-06-27,deployment,recovery_3_of_3,-0.9113753237,0.9112718221,UPRO,True,61,8003,ASYMMETRIC_RESERVE_BAND,UPRO,LAG1,50,staged,0.2,0.1,rule,2.465873499
2020-03-03,2020-03-02,2020-03-02,deployment,recovery_1_of_3,-1.610093352,1.602704841,UPRO,True,1,8424,ASYMMETRIC_RESERVE_BAND,UPRO,LAG1,50,staged,0.2,0.1,rule,5.091396523
2020-03-05,2020-03-04,2020-03-04,deployment,recovery_1_of_3,-1.063663839,1.058649829,UPRO,True,1,8426,ASYMMETRIC_RESERVE_BAND,UPRO,LAG1,50,staged,0.2,0.1,rule,3.556942616
2020-05-28,2020-05-27,2020-05-27,deployment,recovery_1_of_3,-0.7027224468,0.6993558576,UPRO,True,1,8484,ASYMMETRIC_RESERVE_BAND,UPRO,LAG1,50,staged,0.2,0.1,rule,2.616564104
2020-06-15,2020-06-12,2020-06-12,deployment,recovery_1_of_3,-0.4640400168,0.461786718,UPRO,True,1,8496,ASYMMETRIC_RESERVE_BAND,UPRO,LAG1,50,staged,0.2,0.1,rule,1.805706108
2020-06-30,2020-06-29,2020-06-29,deployment,recovery_1_of_3,-0.3063872098,0.3048853883,UPRO,True,1,8507,ASYMMETRIC_RESERVE_BAND,UPRO,LAG1,50,staged,0.2,0.1,rule,1.231870917
2020-07-29,2020-07-28,2020-07-28,deployment,recovery_2_of_3,-0.3064196484,0.3064066466,UPRO,True,21,8527,ASYMMETRIC_RESERVE_BAND,UPRO,LAG1,50,staged,0.2,0.1,rule,1.060597476
2020-09-24,2020-09-23,2020-09-23,deployment,recovery_3_of_3,-0.3034533135,0.3034406443,UPRO,True,61,8567,ASYMMETRIC_RESERVE_BAND,UPRO,LAG1,50,staged,0.2,0.1,rule,1.043520607
2022-02-01,2022-01-31,2022-01-31,deployment,recovery_1_of_3,-1.806399197,1.797750237,UPRO,True,1,8908,ASYMMETRIC_RESERVE_BAND,UPRO,LAG1,50,staged,0.2,0.1,rule,2.829974763
2022-02-16,2022-02-15,2022-02-15,deployment,recovery_1_of_3,-1.192922849,1.187136419,UPRO,True,1,8919,ASYMMETRIC_RESERVE_BAND,UPRO,LAG1,50,staged,0.2,0.1,rule,1.998507336
2022-03-23,2022-03-22,2022-03-22,deployment,recovery_1_of_3,-0.7878820689,0.7840235627,UPRO,True,1,8943,ASYMMETRIC_RESERVE_BAND,UPRO,LAG1,50,staged,0.2,0.1,rule,1.375227562
2022-03-25,2022-03-24,2022-03-24,deployment,recovery_1_of_3,-0.5201392497,0.5175749757,UPRO,True,1,8945,ASYMMETRIC_RESERVE_BAND,UPRO,LAG1,50,staged,0.2,0.1,rule,0.9382559348
2022-04-08,2022-04-07,2022-04-07,deployment,recovery_1_of_3,-0.3434246664,0.3417239628,UPRO,True,1,8955,ASYMMETRIC_RESERVE_BAND,UPRO,LAG1,50,staged,0.2,0.1,rule,0.6408524104
2022-12-01,2022-11-30,2022-11-30,deployment,recovery_1_of_3,-0.2303272128,0.229183749,UPRO,True,1,9118,ASYMMETRIC_RESERVE_BAND,UPRO,LAG1,50,staged,0.2,0.1,rule,0.4760963383
2023-01-17,2023-01-13,2023-01-13,deployment,recovery_1_of_3,-0.1528418384,0.152081487,UPRO,True,1,9148,ASYMMETRIC_RESERVE_BAND,UPRO,LAG1,50,staged,0.2,0.1,rule,0.338853194
2023-01-23,2023-01-20,2023-01-20,deployment,recovery_1_of_3,-0.1009732933,0.1004702039,UPRO,True,1,9152,ASYMMETRIC_RESERVE_BAND,UPRO,LAG1,50,staged,0.2,0.1,rule,0.2363164981
2023-02-21,2023-02-17,2023-02-17,deployment,recovery_2_of_3,-0.1013392408,0.1013384023,UPRO,True,21,9172,ASYMMETRIC_RESERVE_BAND,UPRO,LAG1,50,staged,0.2,0.1,rule,0.2221607038
2023-03-17,2023-03-16,2023-03-16,deployment,recovery_1_of_3,-0.03339604075,0.03322926632,UPRO,True,1,9190,ASYMMETRIC_RESERVE_BAND,UPRO,LAG1,50,staged,0.2,0.1,rule,0.08273484556
2023-03-21,2023-03-20,2023-03-20,deployment,recovery_1_of_3,-0.02205315199,0.02194297915,UPRO,True,1,9192,ASYMMETRIC_RESERVE_BAND,UPRO,LAG1,50,staged,0.2,0.1,rule,0.05657945341
2023-04-19,2023-04-18,2023-04-18,deployment,recovery_2_of_3,-0.02213896163,0.02213892076,UPRO,True,21,9212,ASYMMETRIC_RESERVE_BAND,UPRO,LAG1,50,staged,0.2,0.1,rule,0.04957867791
2023-06-15,2023-06-14,2023-06-14,deployment,recovery_3_of_3,-0.02209797753,0.02209794196,UPRO,True,61,9252,ASYMMETRIC_RESERVE_BAND,UPRO,LAG1,50,staged,0.2,0.1,rule,0.0432235732
2025-03-25,2025-03-24,2025-03-24,deployment,recovery_1_of_3,-3.413321318,3.397329421,UPRO,True,1,9696,ASYMMETRIC_RESERVE_BAND,UPRO,LAG1,50,staged,0.2,0.1,rule,4.668227296
2025-05-13,2025-05-12,2025-05-12,deployment,recovery_1_of_3,-2.267389746,2.256533825,UPRO,True,1,9730,ASYMMETRIC_RESERVE_BAND,UPRO,LAG1,50,staged,0.2,0.1,rule,3.147704218
2025-06-11,2025-06-10,2025-06-10,deployment,recovery_2_of_3,-2.275257582,2.275034562,UPRO,True,21,9750,ASYMMETRIC_RESERVE_BAND,UPRO,LAG1,50,staged,0.2,0.1,rule,2.89834651
2025-08-08,2025-08-07,2025-08-07,deployment,recovery_3_of_3,-2.2688337,2.268638343,UPRO,True,61,9790,ASYMMETRIC_RESERVE_BAND,UPRO,LAG1,50,staged,0.2,0.1,rule,2.540342889
2026-04-09,2026-04-08,2026-04-08,deployment,recovery_1_of_3,-4.701359785,4.679397237,UPRO,True,1,9957,ASYMMETRIC_RESERVE_BAND,UPRO,LAG1,50,staged,0.2,0.1,rule,5.375067462
2026-05-07,2026-05-06,2026-05-06,deployment,recovery_2_of_3,-4.714678603,4.714055239,UPRO,True,21,9977,ASYMMETRIC_RESERVE_BAND,UPRO,LAG1,50,staged,0.2,0.1,rule,4.267594605
2026-07-07,2026-07-06,2026-07-06,deployment,recovery_3_of_3,-18.16415707,18.15533504,UPRO,True,61,10017,ASYMMETRIC_RESERVE_BAND,UPRO,LAG1,50,staged,0.2,0.1,rule,16.90816556
1987-10-20,1987-10-19,1987-10-19,deployment,drawdown_20_30,-0.04378205541,0.04377274508,SP500_1X,False,0,268,HWM_DRAWDOWN,UPRO,LAG1,50,drawdown,0.15,0.1,rule,6.204820492
2001-03-13,2001-03-12,2001-03-12,deployment,drawdown_20,-0.4642614975,0.464154551,SP500_1X,False,0,3652,HWM_DRAWDOWN,UPRO,LAG1,50,drawdown,0.15,0.1,rule,8.279267605
2001-09-18,2001-09-17,2001-09-17,deployment,drawdown_30,-0.5915234373,0.5913327551,SP500_1X,False,0,3779,HWM_DRAWDOWN,UPRO,LAG1,50,drawdown,0.15,0.1,rule,11.90656855
2002-07-19,2002-07-18,2002-07-18,deployment,drawdown_40,-0.6006215155,0.6003703922,SP500_1X,False,0,3989,HWM_DRAWDOWN,UPRO,LAG1,50,drawdown,0.15,0.1,rule,16.11517169
2008-07-15,2008-07-14,2008-07-14,deployment,drawdown_20,-0.122483477,0.1224744955,SP500_1X,False,0,5496,HWM_DRAWDOWN,UPRO,LAG1,50,drawdown,0.15,0.1,rule,2.763382529
2008-10-07,2008-10-06,2008-10-06,deployment,drawdown_30,-0.1536150619,0.1535988772,SP500_1X,False,0,5555,HWM_DRAWDOWN,UPRO,LAG1,50,drawdown,0.15,0.1,rule,4.007759227
2008-10-10,2008-10-09,2008-10-09,deployment,drawdown_40,-0.1536236966,0.1536050435,SP500_1X,False,0,5558,HWM_DRAWDOWN,UPRO,LAG1,50,drawdown,0.15,0.1,rule,4.653217667
2008-11-21,2008-11-20,2008-11-20,deployment,drawdown_50,-0.1843572308,0.1843250445,SP500_1X,False,0,5588,HWM_DRAWDOWN,UPRO,LAG1,50,drawdown,0.15,0.1,rule,6.730810453
2020-03-13,2020-03-12,2020-03-12,deployment,drawdown_20,-0.7628299436,0.7627411983,SP500_1X,False,0,8432,HWM_DRAWDOWN,UPRO,LAG1,50,drawdown,0.15,0.1,rule,5.075596485
2020-03-23,2020-03-20,2020-03-20,deployment,drawdown_30,-0.9535806327,0.953432503,SP500_1X,False,0,8438,HWM_DRAWDOWN,UPRO,LAG1,50,drawdown,0.15,0.1,rule,6.824945996
2022-06-14,2022-06-13,2022-06-13,deployment,drawdown_20,-1.584283532,1.584110262,SP500_1X,False,0,9000,HWM_DRAWDOWN,UPRO,LAG1,50,drawdown,0.15,0.1,rule,5.026491201
1987-10-20,1987-10-19,1987-10-19,deployment,drawdown_20_30,-0.04702705861,0.04701604236,SP500_1X,False,0,268,BAND_DRAWDOWN,UPRO,LAG1,50,drawdown,0.2,0.1,rule,6.517079405
2001-03-13,2001-03-12,2001-03-12,deployment,drawdown_20,-0.3979281195,0.3978472094,SP500_1X,False,0,3652,BAND_DRAWDOWN,UPRO,LAG1,50,drawdown,0.2,0.1,rule,6.693857088
2001-09-18,2001-09-17,2001-09-17,deployment,drawdown_30,-0.5070069569,0.5068622431,SP500_1X,False,0,3779,BAND_DRAWDOWN,UPRO,LAG1,50,drawdown,0.2,0.1,rule,9.626299979
2002-07-19,2002-07-18,2002-07-18,deployment,drawdown_40,-0.5148051076,0.5146134961,SP500_1X,False,0,3989,BAND_DRAWDOWN,UPRO,LAG1,50,drawdown,0.2,0.1,rule,13.03657414
2008-07-15,2008-07-14,2008-07-14,deployment,drawdown_20,-0.1046670489,0.1046602407,SP500_1X,False,0,5496,BAND_DRAWDOWN,UPRO,LAG1,50,drawdown,0.2,0.1,rule,2.233152224
2008-10-07,2008-10-06,2008-10-06,deployment,drawdown_30,-0.1312702381,0.131257957,SP500_1X,False,0,5555,BAND_DRAWDOWN,UPRO,LAG1,50,drawdown,0.2,0.1,rule,3.238734487
2008-10-10,2008-10-09,2008-10-09,deployment,drawdown_40,-0.1312776169,0.1312634511,SP500_1X,False,0,5558,BAND_DRAWDOWN,UPRO,LAG1,50,drawdown,0.2,0.1,rule,3.760295414
2008-11-21,2008-11-20,2008-11-20,deployment,drawdown_50,-0.1575496756,0.1575252135,SP500_1X,False,0,5588,BAND_DRAWDOWN,UPRO,LAG1,50,drawdown,0.2,0.1,rule,5.439449533
2020-03-13,2020-03-12,2020-03-12,deployment,drawdown_20,-0.5816447285,0.5815869844,SP500_1X,False,0,8432,BAND_DRAWDOWN,UPRO,LAG1,50,drawdown,0.2,0.1,rule,3.86134321
2020-03-23,2020-03-20,2020-03-20,deployment,drawdown_30,-0.7270888523,0.7269923713,SP500_1X,False,0,8438,BAND_DRAWDOWN,UPRO,LAG1,50,drawdown,0.2,0.1,rule,5.192100935
2022-06-14,2022-06-13,2022-06-13,deployment,drawdown_20,-1.084013174,1.083920148,SP500_1X,False,0,9000,BAND_DRAWDOWN,UPRO,LAG1,50,drawdown,0.2,0.1,rule,3.458625618
1986-11-24,1986-11-21,1986-11-20,deployment,recovery_1_of_3,-0.006011949575,0.006011949575,UPRO,True,1,40,HWM_RESERVE,UPRO,LAG2,0,staged,0.15,0.1,rule,2.963133792
1986-12-23,1986-12-22,1986-12-19,deployment,recovery_2_of_3,-0.0060406414,0.0060406414,UPRO,True,21,60,HWM_RESERVE,UPRO,LAG2,0,staged,0.15,0.1,rule,3.593244812
1987-02-20,1987-02-19,1987-02-18,deployment,recovery_3_of_3,-0.01592255551,0.01592255551,UPRO,True,61,100,HWM_RESERVE,UPRO,LAG2,0,staged,0.15,0.1,rule,6.70829275
1988-06-08,1988-06-07,1988-06-06,deployment,recovery_1_of_3,-0.02372918473,0.02372918473,UPRO,True,1,428,HWM_RESERVE,UPRO,LAG2,0,staged,0.15,0.1,rule,12.51407614
1988-06-10,1988-06-09,1988-06-08,deployment,recovery_1_of_3,-0.01582518327,0.01582518327,UPRO,True,1,430,HWM_RESERVE,UPRO,LAG2,0,staged,0.15,0.1,rule,7.824475783
1988-07-11,1988-07-08,1988-07-07,deployment,recovery_2_of_3,-0.0159094004,0.0159094004,UPRO,True,21,450,HWM_RESERVE,UPRO,LAG2,0,staged,0.15,0.1,rule,7.986844073
1988-08-26,1988-08-25,1988-08-24,deployment,recovery_1_of_3,-0.005352900072,0.005352900072,UPRO,True,1,484,HWM_RESERVE,UPRO,LAG2,0,staged,0.15,0.1,rule,3.133866553
1988-09-07,1988-09-06,1988-09-02,deployment,recovery_1_of_3,-0.003577428083,0.003577428083,UPRO,True,1,491,HWM_RESERVE,UPRO,LAG2,0,staged,0.15,0.1,rule,1.968559539
1988-10-05,1988-10-04,1988-10-03,deployment,recovery_2_of_3,-0.003597991926,0.003597991926,UPRO,True,21,511,HWM_RESERVE,UPRO,LAG2,0,staged,0.15,0.1,rule,1.884250495
1988-11-25,1988-11-23,1988-11-22,deployment,recovery_1_of_3,-0.001212126915,0.001212126915,UPRO,True,1,547,HWM_RESERVE,UPRO,LAG2,0,staged,0.15,0.1,rule,0.6788356911
1988-12-23,1988-12-22,1988-12-21,deployment,recovery_2_of_3,-0.001220153263,0.001220153263,UPRO,True,21,567,HWM_RESERVE,UPRO,LAG2,0,staged,0.15,0.1,rule,0.6333235138
1989-02-22,1989-02-21,1989-02-17,deployment,recovery_3_of_3,-0.001237823223,0.001237823223,UPRO,True,61,607,HWM_RESERVE,UPRO,LAG2,0,staged,0.15,0.1,rule,0.5363107511
1990-03-12,1990-03-09,1990-03-08,deployment,recovery_1_of_3,-0.007737992872,0.007737992872,UPRO,True,1,872,HWM_RESERVE,UPRO,LAG2,0,staged,0.15,0.1,rule,2.74315657
1990-03-20,1990-03-19,1990-03-16,deployment,recovery_1_of_3,-0.005170312846,0.005170312846,UPRO,True,1,878,HWM_RESERVE,UPRO,LAG2,0,staged,0.15,0.1,rule,1.797323176
1990-03-29,1990-03-28,1990-03-27,deployment,recovery_1_of_3,-0.003453833743,0.003453833743,UPRO,True,1,885,HWM_RESERVE,UPRO,LAG2,0,staged,0.15,0.1,rule,1.264602292
1990-04-05,1990-04-04,1990-04-03,deployment,recovery_1_of_3,-0.002306125973,0.002306125973,UPRO,True,1,890,HWM_RESERVE,UPRO,LAG2,0,staged,0.15,0.1,rule,0.8642880752
1990-04-11,1990-04-10,1990-04-09,deployment,recovery_1_of_3,-0.001539448832,0.001539448832,UPRO,True,1,894,HWM_RESERVE,UPRO,LAG2,0,staged,0.15,0.1,rule,0.5790998732
1990-05-10,1990-05-09,1990-05-08,deployment,recovery_1_of_3,-0.001032879996,0.001032879996,UPRO,True,1,914,HWM_RESERVE,UPRO,LAG2,0,staged,0.15,0.1,rule,0.3975439388
1990-06-08,1990-06-07,1990-06-06,deployment,recovery_2_of_3,-0.001039437197,0.001039437197,UPRO,True,21,934,HWM_RESERVE,UPRO,LAG2,0,staged,0.15,0.1,rule,0.3393581205
1990-08-06,1990-08-03,1990-08-02,deployment,recovery_3_of_3,-0.001052372436,0.001052372436,UPRO,True,61,974,HWM_RESERVE,UPRO,LAG2,0,staged,0.15,0.1,rule,0.4117049407
1992-03-13,1992-03-12,1992-03-11,deployment,recovery_3_of_3,-0.02663918156,0.02663918156,UPRO,True,61,1380,HWM_RESERVE,UPRO,LAG2,0,staged,0.15,0.1,rule,7.33683918
1993-01-18,1993-01-15,1993-01-14,deployment,recovery_3_of_3,-0.01725932557,0.01725932557,UPRO,True,61,1594,HWM_RESERVE,UPRO,LAG2,0,staged,0.15,0.1,rule,4.059744104
1994-06-16,1994-06-15,1994-06-14,deployment,recovery_1_of_3,-0.02424142112,0.02424142112,UPRO,True,1,1951,HWM_RESERVE,UPRO,LAG2,0,staged,0.15,0.1,rule,5.092327798
1994-08-03,1994-08-02,1994-08-01,deployment,recovery_1_of_3,-0.01625397968,0.01625397968,UPRO,True,1,1984,HWM_RESERVE,UPRO,LAG2,0,staged,0.15,0.1,rule,3.385817255
1994-08-05,1994-08-04,1994-08-03,deployment,recovery_1_of_3,-0.01083862212,0.01083862212,UPRO,True,1,1986,HWM_RESERVE,UPRO,LAG2,0,staged,0.15,0.1,rule,2.25937082
1994-08-16,1994-08-15,1994-08-12,deployment,recovery_1_of_3,-0.007235594489,0.007235594489,UPRO,True,1,1993,HWM_RESERVE,UPRO,LAG2,0,staged,0.15,0.1,rule,1.506121773
1994-09-14,1994-09-13,1994-09-12,deployment,recovery_2_of_3,-0.007262531482,0.007262531482,UPRO,True,21,2013,HWM_RESERVE,UPRO,LAG2,0,staged,0.15,0.1,rule,1.457596425
1994-09-29,1994-09-28,1994-09-27,deployment,recovery_1_of_3,-0.002425625409,0.002425625409,UPRO,True,1,2024,HWM_RESERVE,UPRO,LAG2,0,staged,0.15,0.1,rule,0.5050156624
1994-10-13,1994-10-12,1994-10-11,deployment,recovery_1_of_3,-0.001620140109,0.001620140109,UPRO,True,1,2034,HWM_RESERVE,UPRO,LAG2,0,staged,0.15,0.1,rule,0.3541067273
1994-11-10,1994-11-09,1994-11-08,deployment,recovery_2_of_3,-0.0016265585,0.0016265585,UPRO,True,21,2054,HWM_RESERVE,UPRO,LAG2,0,staged,0.15,0.1,rule,0.357101875
1994-12-20,1994-12-19,1994-12-16,deployment,recovery_1_of_3,-0.0005455377674,0.0005455377674,UPRO,True,1,2081,HWM_RESERVE,UPRO,LAG2,0,staged,0.15,0.1,rule,0.1303571162
1994-12-23,1994-12-22,1994-12-21,deployment,recovery_1_of_3,-0.0003638603941,0.0003638603941,UPRO,True,1,2084,HWM_RESERVE,UPRO,LAG2,0,staged,0.15,0.1,rule,0.08693289269
1995-01-24,1995-01-23,1995-01-20,deployment,recovery_2_of_3,-0.0003657076645,0.0003657076645,UPRO,True,21,2104,HWM_RESERVE,UPRO,LAG2,0,staged,0.15,0.1,rule,0.08449487912
1995-03-22,1995-03-21,1995-03-20,deployment,recovery_3_of_3,-0.0003691071047,0.0003691071047,UPRO,True,61,2144,HWM_RESERVE,UPRO,LAG2,0,staged,0.15,0.1,rule,0.07166358456
1996-07-19,1996-07-18,1996-07-17,deployment,recovery_1_of_3,-0.1319436113,0.1319436113,UPRO,True,1,2480,HWM_RESERVE,UPRO,LAG2,0,staged,0.15,0.1,rule,14.95524688
1996-07-30,1996-07-29,1996-07-26,deployment,recovery_1_of_3,-0.08810265309,0.08810265309,UPRO,True,1,2487,HWM_RESERVE,UPRO,LAG2,0,staged,0.15,0.1,rule,10.77069543
1996-08-01,1996-07-31,1996-07-30,deployment,recovery_1_of_3,-0.058752314,0.058752314,UPRO,True,1,2489,HWM_RESERVE,UPRO,LAG2,0,staged,0.15,0.1,rule,6.98488745
1996-08-29,1996-08-28,1996-08-27,deployment,recovery_2_of_3,-0.05898610961,0.05898610961,UPRO,True,21,2509,HWM_RESERVE,UPRO,LAG2,0,staged,0.15,0.1,rule,6.29418465
1996-10-25,1996-10-24,1996-10-23,deployment,recovery_3_of_3,-0.08824194173,0.08824194173,UPRO,True,61,2549,HWM_RESERVE,UPRO,LAG2,0,staged,0.15,0.1,rule,8.133822389
1998-09-25,1998-09-24,1998-09-23,deployment,recovery_1_of_3,-0.6147139598,0.6147139598,UPRO,True,1,3032,HWM_RESERVE,UPRO,LAG2,0,staged,0.15,0.1,rule,27.30993963
1998-10-26,1998-10-23,1998-10-22,deployment,recovery_1_of_3,-0.4111475502,0.4111475502,UPRO,True,1,3053,HWM_RESERVE,UPRO,LAG2,0,staged,0.15,0.1,rule,17.70811052
1998-10-28,1998-10-27,1998-10-26,deployment,recovery_1_of_3,-0.274218423,0.274218423,UPRO,True,1,3055,HWM_RESERVE,UPRO,LAG2,0,staged,0.15,0.1,rule,11.8447282
1998-11-02,1998-10-30,1998-10-29,deployment,recovery_1_of_3,-0.1828757159,0.1828757159,UPRO,True,1,3058,HWM_RESERVE,UPRO,LAG2,0,staged,0.15,0.1,rule,7.617515984
1998-12-01,1998-11-30,1998-11-27,deployment,recovery_2_of_3,-0.1835776042,0.1835776042,UPRO,True,21,3078,HWM_RESERVE,UPRO,LAG2,0,staged,0.15,0.1,rule,6.510918892
1999-01-29,1999-01-28,1999-01-27,deployment,recovery_3_of_3,-0.3587009361,0.3587009361,UPRO,True,61,3118,HWM_RESERVE,UPRO,LAG2,0,staged,0.15,0.1,rule,10.28006705
1999-10-08,1999-10-07,1999-10-06,deployment,recovery_1_of_3,-0.2290584252,0.2290584252,UPRO,True,1,3293,HWM_RESERVE,UPRO,LAG2,0,staged,0.15,0.1,rule,7.108035558
1999-11-01,1999-10-29,1999-10-28,deployment,recovery_1_of_3,-0.1531662413,0.1531662413,UPRO,True,1,3309,HWM_RESERVE,UPRO,LAG2,0,staged,0.15,0.1,rule,4.865908335
1999-11-30,1999-11-29,1999-11-26,deployment,recovery_2_of_3,-0.1538433199,0.1538433199,UPRO,True,21,3329,HWM_RESERVE,UPRO,LAG2,0,staged,0.15,0.1,rule,4.482168382
2000-01-27,2000-01-26,2000-01-25,deployment,recovery_3_of_3,-0.1551622992,0.1551622992,UPRO,True,61,3369,HWM_RESERVE,UPRO,LAG2,0,staged,0.15,0.1,rule,4.703334583
2007-08-08,2007-08-07,2007-08-06,deployment,recovery_1_of_3,-0.05799119497,0.05799119497,UPRO,True,1,5261,HWM_RESERVE,UPRO,LAG2,0,staged,0.15,0.1,rule,1.504846803
2007-08-24,2007-08-23,2007-08-22,deployment,recovery_1_of_3,-0.03873209003,0.03873209003,UPRO,True,1,5273,HWM_RESERVE,UPRO,LAG2,0,staged,0.15,0.1,rule,1.091864145
2007-08-31,2007-08-30,2007-08-29,deployment,recovery_1_of_3,-0.02584230474,0.02584230474,UPRO,True,1,5278,HWM_RESERVE,UPRO,LAG2,0,staged,0.15,0.1,rule,0.7329774573
2007-09-05,2007-09-04,2007-08-31,deployment,recovery_1_of_3,-0.01723757151,0.01723757151,UPRO,True,1,5280,HWM_RESERVE,UPRO,LAG2,0,staged,0.15,0.1,rule,0.4682160031
2007-09-13,2007-09-12,2007-09-11,deployment,recovery_1_of_3,-0.01150220406,0.01150220406,UPRO,True,1,5286,HWM_RESERVE,UPRO,LAG2,0,staged,0.15,0.1,rule,0.3332154476
2007-10-11,2007-10-10,2007-10-09,deployment,recovery_2_of_3,-0.01153670961,0.01153670961,UPRO,True,21,5306,HWM_RESERVE,UPRO,LAG2,0,staged,0.15,0.1,rule,0.2819355644
2007-12-07,2007-12-06,2007-12-05,deployment,recovery_1_of_3,-0.003867090799,0.003867090799,UPRO,True,1,5346,HWM_RESERVE,UPRO,LAG2,0,staged,0.15,0.1,rule,0.1113108369
2007-12-14,2007-12-13,2007-12-12,deployment,recovery_1_of_3,-0.002579561736,0.002579561736,UPRO,True,1,5351,HWM_RESERVE,UPRO,LAG2,0,staged,0.15,0.1,rule,0.07758189449
2007-12-27,2007-12-26,2007-12-24,deployment,recovery_1_of_3,-0.001721547225,0.001721547225,UPRO,True,1,5359,HWM_RESERVE,UPRO,LAG2,0,staged,0.15,0.1,rule,0.05462531896
2009-06-03,2009-06-02,2009-06-01,deployment,recovery_1_of_3,-0.00116535687,0.00116535687,UPRO,True,1,5719,HWM_RESERVE,UPRO,LAG2,0,staged,0.15,0.1,rule,0.05806447871
2009-06-26,2009-06-25,2009-06-24,deployment,recovery_1_of_3,-0.0007769931061,0.0007769931061,UPRO,True,1,5736,HWM_RESERVE,UPRO,LAG2,0,staged,0.15,0.1,rule,0.04444991908
2009-07-13,2009-07-10,2009-07-09,deployment,recovery_1_of_3,-0.000518034849,0.000518034849,UPRO,True,1,5746,HWM_RESERVE,UPRO,LAG2,0,staged,0.15,0.1,rule,0.03403013957
2009-07-15,2009-07-14,2009-07-13,deployment,recovery_1_of_3,-0.0003453634763,0.0003453634763,UPRO,True,1,5748,HWM_RESERVE,UPRO,LAG2,0,staged,0.15,0.1,rule,0.02099366991
2009-08-12,2009-08-11,2009-08-10,deployment,recovery_2_of_3,-0.0003454124287,0.0003454124287,UPRO,True,21,5768,HWM_RESERVE,UPRO,LAG2,0,staged,0.15,0.1,rule,0.01594698351
2009-10-08,2009-10-07,2009-10-06,deployment,recovery_3_of_3,-0.000345486535,0.000345486535,UPRO,True,61,5808,HWM_RESERVE,UPRO,LAG2,0,staged,0.15,0.1,rule,0.01333714344
2012-11-21,2012-11-20,2012-11-19,deployment,recovery_1_of_3,-0.03946564114,0.03946564114,UPRO,True,1,6594,HWM_RESERVE,UPRO,LAG2,0,staged,0.15,0.1,rule,0.9925753235
2012-12-20,2012-12-19,2012-12-18,deployment,recovery_2_of_3,-0.03946828382,0.03946828382,UPRO,True,21,6614,HWM_RESERVE,UPRO,LAG2,0,staged,0.15,0.1,rule,0.8944562506
2013-02-20,2013-02-19,2013-02-15,deployment,recovery_3_of_3,-0.4374346099,0.4374346099,UPRO,True,61,6654,HWM_RESERVE,UPRO,LAG2,0,staged,0.15,0.1,rule,8.250102362
2014-10-23,2014-10-22,2014-10-21,deployment,recovery_1_of_3,-1.713722421,1.713722421,UPRO,True,1,7077,HWM_RESERVE,UPRO,LAG2,0,staged,0.15,0.1,rule,18.45515183
2014-11-20,2014-11-19,2014-11-18,deployment,recovery_2_of_3,-1.71374908,1.71374908,UPRO,True,21,7097,HWM_RESERVE,UPRO,LAG2,0,staged,0.15,0.1,rule,15.32456167
2015-01-21,2015-01-20,2015-01-16,deployment,recovery_3_of_3,-2.225591401,2.225591401,UPRO,True,61,7137,HWM_RESERVE,UPRO,LAG2,0,staged,0.15,0.1,rule,20.89154101
2015-07-14,2015-07-13,2015-07-10,deployment,recovery_1_of_3,-0.1927261503,0.1927261503,UPRO,True,1,7257,HWM_RESERVE,UPRO,LAG2,0,staged,0.15,0.1,rule,1.702073638
2015-08-11,2015-08-10,2015-08-07,deployment,recovery_2_of_3,-0.1927333787,0.1927333787,UPRO,True,21,7277,HWM_RESERVE,UPRO,LAG2,0,staged,0.15,0.1,rule,1.691258673
2015-10-27,2015-10-26,2015-10-23,deployment,recovery_1_of_3,-0.06424847566,0.06424847566,UPRO,True,1,7331,HWM_RESERVE,UPRO,LAG2,0,staged,0.15,0.1,rule,0.6523461874
2015-11-20,2015-11-19,2015-11-18,deployment,recovery_1_of_3,-0.04283495924,0.04283495924,UPRO,True,1,7349,HWM_RESERVE,UPRO,LAG2,0,staged,0.15,0.1,rule,0.4528148881
2015-12-08,2015-12-07,2015-12-04,deployment,recovery_1_of_3,-0.02855913153,0.02855913153,UPRO,True,1,7360,HWM_RESERVE,UPRO,LAG2,0,staged,0.15,0.1,rule,0.2996662566
2015-12-18,2015-12-17,2015-12-16,deployment,recovery_1_of_3,-0.01904074409,0.01904074409,UPRO,True,1,7368,HWM_RESERVE,UPRO,LAG2,0,staged,0.15,0.1,rule,0.2089920704
2015-12-28,2015-12-24,2015-12-23,deployment,recovery_1_of_3,-0.01269434095,0.01269434095,UPRO,True,1,7373,HWM_RESERVE,UPRO,LAG2,0,staged,0.15,0.1,rule,0.1432005767
2015-12-31,2015-12-30,2015-12-29,deployment,recovery_1_of_3,-0.008463190329,0.008463190329,UPRO,True,1,7376,HWM_RESERVE,UPRO,LAG2,0,staged,0.15,0.1,rule,0.09577687491
2016-03-15,2016-03-14,2016-03-11,deployment,recovery_1_of_3,-0.005645412059,0.005645412059,UPRO,True,1,7426,HWM_RESERVE,UPRO,LAG2,0,staged,0.15,0.1,rule,0.06830926377
2016-03-18,2016-03-17,2016-03-16,deployment,recovery_1_of_3,-0.003763711626,0.003763711626,UPRO,True,1,7429,HWM_RESERVE,UPRO,LAG2,0,staged,0.15,0.1,rule,0.04473633647
2016-04-18,2016-04-15,2016-04-14,deployment,recovery_2_of_3,-0.003764481675,0.003764481675,UPRO,True,21,7449,HWM_RESERVE,UPRO,LAG2,0,staged,0.15,0.1,rule,0.04221744892
2016-06-14,2016-06-13,2016-06-10,deployment,recovery_3_of_3,-0.003766090325,0.003766090325,UPRO,True,61,7489,HWM_RESERVE,UPRO,LAG2,0,staged,0.15,0.1,rule,0.04221763273
2018-04-05,2018-04-04,2018-04-03,deployment,recovery_1_of_3,-2.83423416,2.83423416,UPRO,True,1,7944,HWM_RESERVE,UPRO,LAG2,0,staged,0.15,0.1,rule,17.77076133
2018-05-03,2018-05-02,2018-05-01,deployment,recovery_2_of_3,-2.838131461,2.838131461,UPRO,True,21,7964,HWM_RESERVE,UPRO,LAG2,0,staged,0.15,0.1,rule,18.08777653
2018-06-29,2018-06-28,2018-06-27,deployment,recovery_3_of_3,-2.846626877,2.846626877,UPRO,True,61,8004,HWM_RESERVE,UPRO,LAG2,0,staged,0.15,0.1,rule,16.60767889
2018-10-16,2018-10-15,2018-10-12,deployment,recovery_1_of_3,-0.08209730841,0.08209730841,UPRO,True,1,8079,HWM_RESERVE,UPRO,LAG2,0,staged,0.15,0.1,rule,0.4610246011
2018-10-18,2018-10-17,2018-10-16,deployment,recovery_1_of_3,-0.05473846587,0.05473846587,UPRO,True,1,8081,HWM_RESERVE,UPRO,LAG2,0,staged,0.15,0.1,rule,0.2888521117
2018-11-09,2018-11-08,2018-11-07,deployment,recovery_1_of_3,-0.03654359846,0.03654359846,UPRO,True,1,8097,HWM_RESERVE,UPRO,LAG2,0,staged,0.15,0.1,rule,0.2005802896
2018-12-06,2018-12-04,2018-12-03,deployment,recovery_1_of_3,-0.02440371312,0.02440371312,UPRO,True,1,8114,HWM_RESERVE,UPRO,LAG2,0,staged,0.15,0.1,rule,0.1480694664
2019-02-14,2019-02-13,2019-02-12,deployment,recovery_1_of_3,-0.01634578596,0.01634578596,UPRO,True,1,8161,HWM_RESERVE,UPRO,LAG2,0,staged,0.15,0.1,rule,0.09716820133
2019-03-13,2019-03-12,2019-03-11,deployment,recovery_1_of_3,-0.01091693946,0.01091693946,UPRO,True,1,8179,HWM_RESERVE,UPRO,LAG2,0,staged,0.15,0.1,rule,0.06463939505
2019-04-10,2019-04-09,2019-04-08,deployment,recovery_2_of_3,-0.01093740229,0.01093740229,UPRO,True,21,8199,HWM_RESERVE,UPRO,LAG2,0,staged,0.15,0.1,rule,0.05875366117
2019-06-06,2019-06-05,2019-06-04,deployment,recovery_1_of_3,-0.003659521756,0.003659521756,UPRO,True,1,8238,HWM_RESERVE,UPRO,LAG2,0,staged,0.15,0.1,rule,0.02218735236
2019-07-05,2019-07-03,2019-07-02,deployment,recovery_2_of_3,-0.003665677695,0.003665677695,UPRO,True,21,8258,HWM_RESERVE,UPRO,LAG2,0,staged,0.15,0.1,rule,0.01903733033
2019-08-30,2019-08-29,2019-08-28,deployment,recovery_3_of_3,-0.00367749204,0.00367749204,UPRO,True,61,8298,HWM_RESERVE,UPRO,LAG2,0,staged,0.15,0.1,rule,0.02048668339
2020-03-04,2020-03-03,2020-03-02,deployment,recovery_1_of_3,-1.79419761,1.79419761,UPRO,True,1,8425,HWM_RESERVE,UPRO,LAG2,0,staged,0.15,0.1,rule,10.03048824
2020-03-06,2020-03-05,2020-03-04,deployment,recovery_1_of_3,-1.196186346,1.196186346,UPRO,True,1,8427,HWM_RESERVE,UPRO,LAG2,0,staged,0.15,0.1,rule,6.14275181
2020-05-29,2020-05-28,2020-05-27,deployment,recovery_1_of_3,-0.7977419889,0.7977419889,UPRO,True,1,8485,HWM_RESERVE,UPRO,LAG2,0,staged,0.15,0.1,rule,4.215722776
2020-06-16,2020-06-15,2020-06-12,deployment,recovery_1_of_3,-0.5318693749,0.5318693749,UPRO,True,1,8497,HWM_RESERVE,UPRO,LAG2,0,staged,0.15,0.1,rule,2.794310421
2020-07-01,2020-06-30,2020-06-29,deployment,recovery_1_of_3,-0.3546024436,0.3546024436,UPRO,True,1,8508,HWM_RESERVE,UPRO,LAG2,0,staged,0.15,0.1,rule,1.869641096
2020-07-30,2020-07-29,2020-07-28,deployment,recovery_2_of_3,-0.3546396913,0.3546396913,UPRO,True,21,8528,HWM_RESERVE,UPRO,LAG2,0,staged,0.15,0.1,rule,1.615983288
2020-09-25,2020-09-24,2020-09-23,deployment,recovery_3_of_3,-2.673206666,2.673206666,UPRO,True,61,8568,HWM_RESERVE,UPRO,LAG2,0,staged,0.15,0.1,rule,12.55743426
2022-02-02,2022-02-01,2022-01-31,deployment,recovery_1_of_3,-10.89382069,10.89382069,UPRO,True,1,8909,HWM_RESERVE,UPRO,LAG2,0,staged,0.15,0.1,rule,22.57621341
2022-02-17,2022-02-16,2022-02-15,deployment,recovery_1_of_3,-7.26345574,7.26345574,UPRO,True,1,8920,HWM_RESERVE,UPRO,LAG2,0,staged,0.15,0.1,rule,16.38100522
2022-03-24,2022-03-23,2022-03-22,deployment,recovery_1_of_3,-4.84409621,4.84409621,UPRO,True,1,8944,HWM_RESERVE,UPRO,LAG2,0,staged,0.15,0.1,rule,11.61055208
2022-03-28,2022-03-25,2022-03-24,deployment,recovery_1_of_3,-3.229487293,3.229487293,UPRO,True,1,8946,HWM_RESERVE,UPRO,LAG2,0,staged,0.15,0.1,rule,7.382416239
2022-04-11,2022-04-08,2022-04-07,deployment,recovery_1_of_3,-2.153473121,2.153473121,UPRO,True,1,8956,HWM_RESERVE,UPRO,LAG2,0,staged,0.15,0.1,rule,5.088281836
2022-12-02,2022-12-01,2022-11-30,deployment,recovery_1_of_3,-1.458844532,1.458844532,UPRO,True,1,9119,HWM_RESERVE,UPRO,LAG2,0,staged,0.15,0.1,rule,3.887349247
2023-01-18,2023-01-17,2023-01-13,deployment,recovery_1_of_3,-0.9781285604,0.9781285604,UPRO,True,1,9149,HWM_RESERVE,UPRO,LAG2,0,staged,0.15,0.1,rule,2.85070762
2023-01-24,2023-01-23,2023-01-20,deployment,recovery_1_of_3,-0.6525872318,0.6525872318,UPRO,True,1,9153,HWM_RESERVE,UPRO,LAG2,0,staged,0.15,0.1,rule,1.980819046
2023-02-22,2023-02-21,2023-02-17,deployment,recovery_2_of_3,-0.6550461392,0.6550461392,UPRO,True,21,9173,HWM_RESERVE,UPRO,LAG2,0,staged,0.15,0.1,rule,2.04286738
2023-03-20,2023-03-17,2023-03-16,deployment,recovery_1_of_3,-0.2190490084,0.2190490084,UPRO,True,1,9191,HWM_RESERVE,UPRO,LAG2,0,staged,0.15,0.1,rule,0.7512292757
2023-03-22,2023-03-21,2023-03-20,deployment,recovery_1_of_3,-0.1461054226,0.1461054226,UPRO,True,1,9193,HWM_RESERVE,UPRO,LAG2,0,staged,0.15,0.1,rule,0.482141401
2023-04-20,2023-04-19,2023-04-18,deployment,recovery_2_of_3,-0.1466755526,0.1466755526,UPRO,True,21,9213,HWM_RESERVE,UPRO,LAG2,0,staged,0.15,0.1,rule,0.436966362
2023-06-16,2023-06-15,2023-06-14,deployment,recovery_3_of_3,-0.1478821194,0.1478821194,UPRO,True,61,9253,HWM_RESERVE,UPRO,LAG2,0,staged,0.15,0.1,rule,0.3709535854
2025-03-26,2025-03-25,2025-03-24,deployment,recovery_1_of_3,-6.848267087,6.848267087,UPRO,True,1,9697,HWM_RESERVE,UPRO,LAG2,0,staged,0.15,0.1,rule,11.61349032
2025-05-14,2025-05-13,2025-05-12,deployment,recovery_1_of_3,-4.592046547,4.592046547,UPRO,True,1,9731,HWM_RESERVE,UPRO,LAG2,0,staged,0.15,0.1,rule,7.864044913
2025-06-12,2025-06-11,2025-06-10,deployment,recovery_2_of_3,-4.607974394,4.607974394,UPRO,True,21,9751,HWM_RESERVE,UPRO,LAG2,0,staged,0.15,0.1,rule,7.424552227
2025-08-11,2025-08-08,2025-08-07,deployment,recovery_3_of_3,-4.639828805,4.639828805,UPRO,True,61,9791,HWM_RESERVE,UPRO,LAG2,0,staged,0.15,0.1,rule,6.365764258
2026-04-10,2026-04-09,2026-04-08,deployment,recovery_1_of_3,-5.052022125,5.052022125,UPRO,True,1,9958,HWM_RESERVE,UPRO,LAG2,0,staged,0.15,0.1,rule,6.766104672
2026-05-08,2026-05-07,2026-05-06,deployment,recovery_2_of_3,-5.066334359,5.066334359,UPRO,True,21,9978,HWM_RESERVE,UPRO,LAG2,0,staged,0.15,0.1,rule,5.509714629
2026-07-08,2026-07-07,2026-07-06,deployment,recovery_3_of_3,-14.60231993,14.60231993,UPRO,True,61,10018,HWM_RESERVE,UPRO,LAG2,0,staged,0.15,0.1,rule,15.25083288
1986-10-03,1986-10-02,1986-10-01,deployment,recovery_1_of_3,-0.03336277949,0.03336277949,UPRO,True,1,4,ASYMMETRIC_RESERVE_BAND,UPRO,LAG2,0,staged,0.2,0.1,rule,2.308161367
1986-10-31,1986-10-30,1986-10-29,deployment,recovery_2_of_3,-0.03349903666,0.03349903666,UPRO,True,21,24,ASYMMETRIC_RESERVE_BAND,UPRO,LAG2,0,staged,0.2,0.1,rule,2.068327929
1986-11-24,1986-11-21,1986-11-20,deployment,recovery_1_of_3,-0.03839729093,0.03839729093,UPRO,True,1,40,ASYMMETRIC_RESERVE_BAND,UPRO,LAG2,0,staged,0.2,0.1,rule,2.666695339
1986-12-23,1986-12-22,1986-12-19,deployment,recovery_2_of_3,-0.03858054069,0.03858054069,UPRO,True,21,60,ASYMMETRIC_RESERVE_BAND,UPRO,LAG2,0,staged,0.2,0.1,rule,3.230706998
1987-02-20,1987-02-19,1987-02-18,deployment,recovery_3_of_3,-0.1231367576,0.1231367576,UPRO,True,61,100,ASYMMETRIC_RESERVE_BAND,UPRO,LAG2,0,staged,0.2,0.1,rule,7.803199726
1988-06-08,1988-06-07,1988-06-06,deployment,recovery_1_of_3,-0.04814488434,0.04814488434,UPRO,True,1,428,ASYMMETRIC_RESERVE_BAND,UPRO,LAG2,0,staged,0.2,0.1,rule,4.068842202
1988-06-10,1988-06-09,1988-06-08,deployment,recovery_1_of_3,-0.03210820881,0.03210820881,UPRO,True,1,430,ASYMMETRIC_RESERVE_BAND,UPRO,LAG2,0,staged,0.2,0.1,rule,2.544059738
1988-07-11,1988-07-08,1988-07-07,deployment,recovery_2_of_3,-0.03227907958,0.03227907958,UPRO,True,21,450,ASYMMETRIC_RESERVE_BAND,UPRO,LAG2,0,staged,0.2,0.1,rule,2.596852365
1988-08-26,1988-08-25,1988-08-24,deployment,recovery_1_of_3,-0.01086066621,0.01086066621,UPRO,True,1,484,ASYMMETRIC_RESERVE_BAND,UPRO,LAG2,0,staged,0.2,0.1,rule,1.018949249
1988-09-07,1988-09-06,1988-09-02,deployment,recovery_1_of_3,-0.007258355618,0.007258355618,UPRO,True,1,491,ASYMMETRIC_RESERVE_BAND,UPRO,LAG2,0,staged,0.2,0.1,rule,0.6400598843
1988-10-05,1988-10-04,1988-10-03,deployment,recovery_2_of_3,-0.007300078241,0.007300078241,UPRO,True,21,511,ASYMMETRIC_RESERVE_BAND,UPRO,LAG2,0,staged,0.2,0.1,rule,0.6126475375
1988-11-25,1988-11-23,1988-11-22,deployment,recovery_1_of_3,-0.002459322172,0.002459322172,UPRO,True,1,547,ASYMMETRIC_RESERVE_BAND,UPRO,LAG2,0,staged,0.2,0.1,rule,0.2207174766
1988-12-23,1988-12-22,1988-12-21,deployment,recovery_2_of_3,-0.00247560708,0.00247560708,UPRO,True,21,567,ASYMMETRIC_RESERVE_BAND,UPRO,LAG2,0,staged,0.2,0.1,rule,0.2059195909
1989-02-22,1989-02-21,1989-02-17,deployment,recovery_3_of_3,-0.002511458213,0.002511458213,UPRO,True,61,607,ASYMMETRIC_RESERVE_BAND,UPRO,LAG2,0,staged,0.2,0.1,rule,0.1743767412
1990-03-12,1990-03-09,1990-03-08,deployment,recovery_1_of_3,-0.07161685393,0.07161685393,UPRO,True,1,872,ASYMMETRIC_RESERVE_BAND,UPRO,LAG2,0,staged,0.2,0.1,rule,4.471830489
1990-03-20,1990-03-19,1990-03-16,deployment,recovery_1_of_3,-0.04785240127,0.04785240127,UPRO,True,1,878,ASYMMETRIC_RESERVE_BAND,UPRO,LAG2,0,staged,0.2,0.1,rule,2.929954733
1990-03-29,1990-03-28,1990-03-27,deployment,recovery_1_of_3,-0.03196600343,0.03196600343,UPRO,True,1,885,ASYMMETRIC_RESERVE_BAND,UPRO,LAG2,0,staged,0.2,0.1,rule,2.061525452
1990-04-05,1990-04-04,1990-04-03,deployment,recovery_1_of_3,-0.02134371144,0.02134371144,UPRO,True,1,890,ASYMMETRIC_RESERVE_BAND,UPRO,LAG2,0,staged,0.2,0.1,rule,1.40894246
1990-04-11,1990-04-10,1990-04-09,deployment,recovery_1_of_3,-0.0142479431,0.0142479431,UPRO,True,1,894,ASYMMETRIC_RESERVE_BAND,UPRO,LAG2,0,staged,0.2,0.1,rule,0.9440352395
1990-05-10,1990-05-09,1990-05-08,deployment,recovery_1_of_3,-0.009559535275,0.009559535275,UPRO,True,1,914,ASYMMETRIC_RESERVE_BAND,UPRO,LAG2,0,staged,0.2,0.1,rule,0.6480669481
1990-06-08,1990-06-07,1990-06-06,deployment,recovery_2_of_3,-0.009620223634,0.009620223634,UPRO,True,21,934,ASYMMETRIC_RESERVE_BAND,UPRO,LAG2,0,staged,0.2,0.1,rule,0.5532137709
1990-08-06,1990-08-03,1990-08-02,deployment,recovery_3_of_3,-0.009739942167,0.009739942167,UPRO,True,61,974,ASYMMETRIC_RESERVE_BAND,UPRO,LAG2,0,staged,0.2,0.1,rule,0.6711518864
1992-03-13,1992-03-12,1992-03-11,deployment,recovery_3_of_3,-0.2307667079,0.2307667079,UPRO,True,61,1380,ASYMMETRIC_RESERVE_BAND,UPRO,LAG2,0,staged,0.2,0.1,rule,12.30002877
1993-01-18,1993-01-15,1993-01-14,deployment,recovery_3_of_3,-0.2614212603,0.2614212603,UPRO,True,61,1594,ASYMMETRIC_RESERVE_BAND,UPRO,LAG2,0,staged,0.2,0.1,rule,13.13351087
1994-06-16,1994-06-15,1994-06-14,deployment,recovery_1_of_3,-0.09483914572,0.09483914572,UPRO,True,1,1951,ASYMMETRIC_RESERVE_BAND,UPRO,LAG2,0,staged,0.2,0.1,rule,4.615812384
1994-08-03,1994-08-02,1994-08-01,deployment,recovery_1_of_3,-0.06359006512,0.06359006512,UPRO,True,1,1984,ASYMMETRIC_RESERVE_BAND,UPRO,LAG2,0,staged,0.2,0.1,rule,3.068988847
1994-08-05,1994-08-04,1994-08-03,deployment,recovery_1_of_3,-0.04240368819,0.04240368819,UPRO,True,1,1986,ASYMMETRIC_RESERVE_BAND,UPRO,LAG2,0,staged,0.2,0.1,rule,2.047949822
1994-08-16,1994-08-15,1994-08-12,deployment,recovery_1_of_3,-0.02830764734,0.02830764734,UPRO,True,1,1993,ASYMMETRIC_RESERVE_BAND,UPRO,LAG2,0,staged,0.2,0.1,rule,1.36518618
1994-09-14,1994-09-13,1994-09-12,deployment,recovery_2_of_3,-0.02841303231,0.02841303231,UPRO,True,21,2013,ASYMMETRIC_RESERVE_BAND,UPRO,LAG2,0,staged,0.2,0.1,rule,1.321201599
1994-09-29,1994-09-28,1994-09-27,deployment,recovery_1_of_3,-0.009489717642,0.009489717642,UPRO,True,1,2024,ASYMMETRIC_RESERVE_BAND,UPRO,LAG2,0,staged,0.2,0.1,rule,0.4577587384
1994-10-13,1994-10-12,1994-10-11,deployment,recovery_1_of_3,-0.00633843631,0.00633843631,UPRO,True,1,2034,ASYMMETRIC_RESERVE_BAND,UPRO,LAG2,0,staged,0.2,0.1,rule,0.3209711318
1994-11-10,1994-11-09,1994-11-08,deployment,recovery_2_of_3,-0.006363546833,0.006363546833,UPRO,True,21,2054,ASYMMETRIC_RESERVE_BAND,UPRO,LAG2,0,staged,0.2,0.1,rule,0.3236860081
1994-12-20,1994-12-19,1994-12-16,deployment,recovery_1_of_3,-0.002134294667,0.002134294667,UPRO,True,1,2081,ASYMMETRIC_RESERVE_BAND,UPRO,LAG2,0,staged,0.2,0.1,rule,0.1181589275
1994-12-23,1994-12-22,1994-12-21,deployment,recovery_1_of_3,-0.001423522522,0.001423522522,UPRO,True,1,2084,ASYMMETRIC_RESERVE_BAND,UPRO,LAG2,0,staged,0.2,0.1,rule,0.0787981329
1995-01-24,1995-01-23,1995-01-20,deployment,recovery_2_of_3,-0.001430749555,0.001430749555,UPRO,True,21,2104,ASYMMETRIC_RESERVE_BAND,UPRO,LAG2,0,staged,0.2,0.1,rule,0.07658825686
1995-03-22,1995-03-21,1995-03-20,deployment,recovery_3_of_3,-0.001444049106,0.001444049106,UPRO,True,61,2144,ASYMMETRIC_RESERVE_BAND,UPRO,LAG2,0,staged,0.2,0.1,rule,0.0649576528
1996-07-19,1996-07-18,1996-07-17,deployment,recovery_1_of_3,-0.1230410465,0.1230410465,UPRO,True,1,2480,ASYMMETRIC_RESERVE_BAND,UPRO,LAG2,0,staged,0.2,0.1,rule,3.320807559
1996-07-30,1996-07-29,1996-07-26,deployment,recovery_1_of_3,-0.08215814718,0.08215814718,UPRO,True,1,2487,ASYMMETRIC_RESERVE_BAND,UPRO,LAG2,0,staged,0.2,0.1,rule,2.391629311
1996-08-01,1996-07-31,1996-07-30,deployment,recovery_1_of_3,-0.05478814872,0.05478814872,UPRO,True,1,2489,ASYMMETRIC_RESERVE_BAND,UPRO,LAG2,0,staged,0.2,0.1,rule,1.550991918
1996-08-29,1996-08-28,1996-08-27,deployment,recovery_2_of_3,-0.05500616956,0.05500616956,UPRO,True,21,2509,ASYMMETRIC_RESERVE_BAND,UPRO,LAG2,0,staged,0.2,0.1,rule,1.397621593
1996-10-25,1996-10-24,1996-10-23,deployment,recovery_3_of_3,-0.7408548508,0.7408548508,UPRO,True,61,2549,ASYMMETRIC_RESERVE_BAND,UPRO,LAG2,0,staged,0.2,0.1,rule,17.86127916
1998-09-25,1998-09-24,1998-09-23,deployment,recovery_1_of_3,-0.5760470587,0.5760470587,UPRO,True,1,3032,ASYMMETRIC_RESERVE_BAND,UPRO,LAG2,0,staged,0.2,0.1,rule,6.926154446
1998-10-26,1998-10-23,1998-10-22,deployment,recovery_1_of_3,-0.3852854376,0.3852854376,UPRO,True,1,3053,ASYMMETRIC_RESERVE_BAND,UPRO,LAG2,0,staged,0.2,0.1,rule,4.491006208
1998-10-28,1998-10-27,1998-10-26,deployment,recovery_1_of_3,-0.2569694628,0.2569694628,UPRO,True,1,3055,ASYMMETRIC_RESERVE_BAND,UPRO,LAG2,0,staged,0.2,0.1,rule,3.003976502
1998-11-02,1998-10-30,1998-10-29,deployment,recovery_1_of_3,-0.171372419,0.171372419,UPRO,True,1,3058,ASYMMETRIC_RESERVE_BAND,UPRO,LAG2,0,staged,0.2,0.1,rule,1.931900726
1998-12-01,1998-11-30,1998-11-27,deployment,recovery_2_of_3,-0.1720301568,0.1720301568,UPRO,True,21,3078,ASYMMETRIC_RESERVE_BAND,UPRO,LAG2,0,staged,0.2,0.1,rule,1.65125337
1999-01-29,1999-01-28,1999-01-27,deployment,recovery_3_of_3,-2.553297047,2.553297047,UPRO,True,61,3118,ASYMMETRIC_RESERVE_BAND,UPRO,LAG2,0,staged,0.2,0.1,rule,21.71021645
1999-10-08,1999-10-07,1999-10-06,deployment,recovery_1_of_3,-0.89549311,0.89549311,UPRO,True,1,3293,ASYMMETRIC_RESERVE_BAND,UPRO,LAG2,0,staged,0.2,0.1,rule,8.955480071
1999-11-01,1999-10-29,1999-10-28,deployment,recovery_1_of_3,-0.5987961962,0.5987961962,UPRO,True,1,3309,ASYMMETRIC_RESERVE_BAND,UPRO,LAG2,0,staged,0.2,0.1,rule,6.130603142
1999-11-30,1999-11-29,1999-11-26,deployment,recovery_2_of_3,-0.6014432032,0.6014432032,UPRO,True,21,3329,ASYMMETRIC_RESERVE_BAND,UPRO,LAG2,0,staged,0.2,0.1,rule,5.647125609
2000-01-27,2000-01-26,2000-01-25,deployment,recovery_3_of_3,-0.6065996905,0.6065996905,UPRO,True,61,3369,ASYMMETRIC_RESERVE_BAND,UPRO,LAG2,0,staged,0.2,0.1,rule,5.925774961
2007-08-08,2007-08-07,2007-08-06,deployment,recovery_1_of_3,-1.114405601,1.114405601,UPRO,True,1,5261,ASYMMETRIC_RESERVE_BAND,UPRO,LAG2,0,staged,0.2,0.1,rule,10.30319039
2007-08-24,2007-08-23,2007-08-22,deployment,recovery_1_of_3,-0.7443070989,0.7443070989,UPRO,True,1,5273,ASYMMETRIC_RESERVE_BAND,UPRO,LAG2,0,staged,0.2,0.1,rule,7.475634167
2007-08-31,2007-08-30,2007-08-29,deployment,recovery_1_of_3,-0.4966065826,0.4966065826,UPRO,True,1,5278,ASYMMETRIC_RESERVE_BAND,UPRO,LAG2,0,staged,0.2,0.1,rule,5.018455223
2007-09-05,2007-09-04,2007-08-31,deployment,recovery_1_of_3,-0.3312510848,0.3312510848,UPRO,True,1,5280,ASYMMETRIC_RESERVE_BAND,UPRO,LAG2,0,staged,0.2,0.1,rule,3.205720753
2007-09-13,2007-09-12,2007-09-11,deployment,recovery_1_of_3,-0.2210356355,0.2210356355,UPRO,True,1,5286,ASYMMETRIC_RESERVE_BAND,UPRO,LAG2,0,staged,0.2,0.1,rule,2.281416416
2007-10-11,2007-10-10,2007-10-09,deployment,recovery_2_of_3,-0.2216987219,0.2216987219,UPRO,True,21,5306,ASYMMETRIC_RESERVE_BAND,UPRO,LAG2,0,staged,0.2,0.1,rule,1.930319946
2007-12-07,2007-12-06,2007-12-05,deployment,recovery_1_of_3,-0.07431313753,0.07431313753,UPRO,True,1,5346,ASYMMETRIC_RESERVE_BAND,UPRO,LAG2,0,staged,0.2,0.1,rule,0.7621086369
2007-12-14,2007-12-13,2007-12-12,deployment,recovery_1_of_3,-0.04957094002,0.04957094002,UPRO,True,1,5351,ASYMMETRIC_RESERVE_BAND,UPRO,LAG2,0,staged,0.2,0.1,rule,0.5311776778
2007-12-27,2007-12-26,2007-12-24,deployment,recovery_1_of_3,-0.03308264076,0.03308264076,UPRO,True,1,5359,ASYMMETRIC_RESERVE_BAND,UPRO,LAG2,0,staged,0.2,0.1,rule,0.3740015665
2009-06-03,2009-06-02,2009-06-01,deployment,recovery_1_of_3,-0.02239443806,0.02239443806,UPRO,True,1,5719,ASYMMETRIC_RESERVE_BAND,UPRO,LAG2,0,staged,0.2,0.1,rule,0.3975483606
2009-06-26,2009-06-25,2009-06-24,deployment,recovery_1_of_3,-0.01493132656,0.01493132656,UPRO,True,1,5736,ASYMMETRIC_RESERVE_BAND,UPRO,LAG2,0,staged,0.2,0.1,rule,0.3043339551
2009-07-13,2009-07-10,2009-07-09,deployment,recovery_1_of_3,-0.009954975711,0.009954975711,UPRO,True,1,5746,ASYMMETRIC_RESERVE_BAND,UPRO,LAG2,0,staged,0.2,0.1,rule,0.2329931569
2009-07-15,2009-07-14,2009-07-13,deployment,recovery_1_of_3,-0.006636783269,0.006636783269,UPRO,True,1,5748,ASYMMETRIC_RESERVE_BAND,UPRO,LAG2,0,staged,0.2,0.1,rule,0.143736743
2009-08-12,2009-08-11,2009-08-10,deployment,recovery_2_of_3,-0.006637723978,0.006637723978,UPRO,True,21,5768,ASYMMETRIC_RESERVE_BAND,UPRO,LAG2,0,staged,0.2,0.1,rule,0.1091837435
2009-10-08,2009-10-07,2009-10-06,deployment,recovery_3_of_3,-0.006639148064,0.006639148064,UPRO,True,61,5808,ASYMMETRIC_RESERVE_BAND,UPRO,LAG2,0,staged,0.2,0.1,rule,0.0913150282
2012-11-21,2012-11-20,2012-11-19,deployment,recovery_1_of_3,-1.209328967,1.209328967,UPRO,True,1,6594,ASYMMETRIC_RESERVE_BAND,UPRO,LAG2,0,staged,0.2,0.1,rule,12.0011608
2012-12-20,2012-12-19,2012-12-18,deployment,recovery_2_of_3,-1.209409945,1.209409945,UPRO,True,21,6614,ASYMMETRIC_RESERVE_BAND,UPRO,LAG2,0,staged,0.2,0.1,rule,10.81480975
2013-02-20,2013-02-19,2013-02-15,deployment,recovery_3_of_3,-3.669869626,3.669869626,UPRO,True,61,6654,ASYMMETRIC_RESERVE_BAND,UPRO,LAG2,0,staged,0.2,0.1,rule,29.04095633
2014-10-23,2014-10-22,2014-10-21,deployment,recovery_1_of_3,-2.791649951,2.791649951,UPRO,True,1,7077,ASYMMETRIC_RESERVE_BAND,UPRO,LAG2,0,staged,0.2,0.1,rule,13.60107807
2014-11-20,2014-11-19,2014-11-18,deployment,recovery_2_of_3,-2.79169338,2.79169338,UPRO,True,21,7097,ASYMMETRIC_RESERVE_BAND,UPRO,LAG2,0,staged,0.2,0.1,rule,11.29389569
2015-01-21,2015-01-20,2015-01-16,deployment,recovery_3_of_3,-9.090100994,9.090100994,UPRO,True,61,7137,ASYMMETRIC_RESERVE_BAND,UPRO,LAG2,0,staged,0.2,0.1,rule,41.34902274
2015-07-14,2015-07-13,2015-07-10,deployment,recovery_1_of_3,-3.199740135,3.199740135,UPRO,True,1,7257,ASYMMETRIC_RESERVE_BAND,UPRO,LAG2,0,staged,0.2,0.1,rule,15.12815888
2015-08-11,2015-08-10,2015-08-07,deployment,recovery_2_of_3,-3.199860145,3.199860145,UPRO,True,21,7277,ASYMMETRIC_RESERVE_BAND,UPRO,LAG2,0,staged,0.2,0.1,rule,15.03203466
2015-10-27,2015-10-26,2015-10-23,deployment,recovery_1_of_3,-1.066686725,1.066686725,UPRO,True,1,7331,ASYMMETRIC_RESERVE_BAND,UPRO,LAG2,0,staged,0.2,0.1,rule,5.79810212
2015-11-20,2015-11-19,2015-11-18,deployment,recovery_1_of_3,-0.7111683497,0.7111683497,UPRO,True,1,7349,ASYMMETRIC_RESERVE_BAND,UPRO,LAG2,0,staged,0.2,0.1,rule,4.024652882
2015-12-08,2015-12-07,2015-12-04,deployment,recovery_1_of_3,-0.4741536072,0.4741536072,UPRO,True,1,7360,ASYMMETRIC_RESERVE_BAND,UPRO,LAG2,0,staged,0.2,0.1,rule,2.663456292
2015-12-18,2015-12-17,2015-12-16,deployment,recovery_1_of_3,-0.316124371,0.316124371,UPRO,True,1,7368,ASYMMETRIC_RESERVE_BAND,UPRO,LAG2,0,staged,0.2,0.1,rule,1.857537286
2015-12-28,2015-12-24,2015-12-23,deployment,recovery_1_of_3,-0.2107580738,0.2107580738,UPRO,True,1,7373,ASYMMETRIC_RESERVE_BAND,UPRO,LAG2,0,staged,0.2,0.1,rule,1.272777527
2015-12-31,2015-12-30,2015-12-29,deployment,recovery_1_of_3,-0.1405103029,0.1405103029,UPRO,True,1,7376,ASYMMETRIC_RESERVE_BAND,UPRO,LAG2,0,staged,0.2,0.1,rule,0.8512720887
2016-03-15,2016-03-14,2016-03-11,deployment,recovery_1_of_3,-0.09372807745,0.09372807745,UPRO,True,1,7426,ASYMMETRIC_RESERVE_BAND,UPRO,LAG2,0,staged,0.2,0.1,rule,0.6071378889
2016-03-18,2016-03-17,2016-03-16,deployment,recovery_1_of_3,-0.06248710477,0.06248710477,UPRO,True,1,7429,ASYMMETRIC_RESERVE_BAND,UPRO,LAG2,0,staged,0.2,0.1,rule,0.397619933
2016-04-18,2016-04-15,2016-04-14,deployment,recovery_2_of_3,-0.06249988952,0.06249988952,UPRO,True,21,7449,ASYMMETRIC_RESERVE_BAND,UPRO,LAG2,0,staged,0.2,0.1,rule,0.3752318705
2016-06-14,2016-06-13,2016-06-10,deployment,recovery_3_of_3,-0.06252659718,0.06252659718,UPRO,True,61,7489,ASYMMETRIC_RESERVE_BAND,UPRO,LAG2,0,staged,0.2,0.1,rule,0.3752335042
2018-04-05,2018-04-04,2018-04-03,deployment,recovery_1_of_3,-3.438183839,3.438183839,UPRO,True,1,7944,ASYMMETRIC_RESERVE_BAND,UPRO,LAG2,0,staged,0.2,0.1,rule,12.06693802
2018-05-03,2018-05-02,2018-05-01,deployment,recovery_2_of_3,-3.44291162,3.44291162,UPRO,True,21,7964,ASYMMETRIC_RESERVE_BAND,UPRO,LAG2,0,staged,0.2,0.1,rule,12.28220189
2018-06-29,2018-06-28,2018-06-27,deployment,recovery_3_of_3,-3.453217333,3.453217333,UPRO,True,61,8004,ASYMMETRIC_RESERVE_BAND,UPRO,LAG2,0,staged,0.2,0.1,rule,11.27716636
2020-03-04,2020-03-03,2020-03-02,deployment,recovery_1_of_3,-6.157560798,6.157560798,UPRO,True,1,8425,ASYMMETRIC_RESERVE_BAND,UPRO,LAG2,0,staged,0.2,0.1,rule,20.85492363
2020-03-06,2020-03-05,2020-03-04,deployment,recovery_1_of_3,-4.105227937,4.105227937,UPRO,True,1,8427,ASYMMETRIC_RESERVE_BAND,UPRO,LAG2,0,staged,0.2,0.1,rule,12.77172326
2020-05-29,2020-05-28,2020-05-27,deployment,recovery_1_of_3,-2.73779475,2.73779475,UPRO,True,1,8485,ASYMMETRIC_RESERVE_BAND,UPRO,LAG2,0,staged,0.2,0.1,rule,8.765134305
2020-06-16,2020-06-15,2020-06-12,deployment,recovery_1_of_3,-1.825338521,1.825338521,UPRO,True,1,8497,ASYMMETRIC_RESERVE_BAND,UPRO,LAG2,0,staged,0.2,0.1,rule,5.809799988
2020-07-01,2020-06-30,2020-06-29,deployment,recovery_1_of_3,-1.216970803,1.216970803,UPRO,True,1,8508,ASYMMETRIC_RESERVE_BAND,UPRO,LAG2,0,staged,0.2,0.1,rule,3.887270625
2020-07-30,2020-07-29,2020-07-28,deployment,recovery_2_of_3,-1.217098634,1.217098634,UPRO,True,21,8528,ASYMMETRIC_RESERVE_BAND,UPRO,LAG2,0,staged,0.2,0.1,rule,3.359877133
2020-09-25,2020-09-24,2020-09-23,deployment,recovery_3_of_3,-24.09303778,24.09303778,UPRO,True,61,8568,ASYMMETRIC_RESERVE_BAND,UPRO,LAG2,0,staged,0.2,0.1,rule,75.08713732
2022-02-02,2022-02-01,2022-01-31,deployment,recovery_1_of_3,-17.66508214,17.66508214,UPRO,True,1,8909,ASYMMETRIC_RESERVE_BAND,UPRO,LAG2,0,staged,0.2,0.1,rule,26.26421706
2022-02-17,2022-02-16,2022-02-15,deployment,recovery_1_of_3,-11.77819481,11.77819481,UPRO,True,1,8920,ASYMMETRIC_RESERVE_BAND,UPRO,LAG2,0,staged,0.2,0.1,rule,19.05697244
2022-03-24,2022-03-23,2022-03-22,deployment,recovery_1_of_3,-7.855036346,7.855036346,UPRO,True,1,8944,ASYMMETRIC_RESERVE_BAND,UPRO,LAG2,0,staged,0.2,0.1,rule,13.50722792
2022-03-28,2022-03-25,2022-03-24,deployment,recovery_1_of_3,-5.236836546,5.236836546,UPRO,True,1,8946,ASYMMETRIC_RESERVE_BAND,UPRO,LAG2,0,staged,0.2,0.1,rule,8.588392528
2022-04-11,2022-04-08,2022-04-07,deployment,recovery_1_of_3,-3.492005299,3.492005299,UPRO,True,1,8956,ASYMMETRIC_RESERVE_BAND,UPRO,LAG2,0,staged,0.2,0.1,rule,5.919493061
2022-12-02,2022-12-01,2022-11-30,deployment,recovery_1_of_3,-2.365617098,2.365617098,UPRO,True,1,9119,ASYMMETRIC_RESERVE_BAND,UPRO,LAG2,0,staged,0.2,0.1,rule,4.522378602
2023-01-18,2023-01-17,2023-01-13,deployment,recovery_1_of_3,-1.586102972,1.586102972,UPRO,True,1,9149,ASYMMETRIC_RESERVE_BAND,UPRO,LAG2,0,staged,0.2,0.1,rule,3.316393337
2023-01-24,2023-01-23,2023-01-20,deployment,recovery_1_of_3,-1.058215238,1.058215238,UPRO,True,1,9153,ASYMMETRIC_RESERVE_BAND,UPRO,LAG2,0,staged,0.2,0.1,rule,2.30440156
2023-02-22,2023-02-21,2023-02-17,deployment,recovery_2_of_3,-1.062202526,1.062202526,UPRO,True,21,9173,ASYMMETRIC_RESERVE_BAND,UPRO,LAG2,0,staged,0.2,0.1,rule,2.376585981
2023-03-20,2023-03-17,2023-03-16,deployment,recovery_1_of_3,-0.355203086,0.355203086,UPRO,True,1,9191,ASYMMETRIC_RESERVE_BAND,UPRO,LAG2,0,staged,0.2,0.1,rule,0.8739485407
2023-03-22,2023-03-21,2023-03-20,deployment,recovery_1_of_3,-0.236920027,0.236920027,UPRO,True,1,9193,ASYMMETRIC_RESERVE_BAND,UPRO,LAG2,0,staged,0.2,0.1,rule,0.5609030258
2023-04-20,2023-04-19,2023-04-18,deployment,recovery_2_of_3,-0.2378445322,0.2378445322,UPRO,True,21,9213,ASYMMETRIC_RESERVE_BAND,UPRO,LAG2,0,staged,0.2,0.1,rule,0.5083482856
2023-06-16,2023-06-15,2023-06-14,deployment,recovery_3_of_3,-0.2398010636,0.2398010636,UPRO,True,61,9253,ASYMMETRIC_RESERVE_BAND,UPRO,LAG2,0,staged,0.2,0.1,rule,0.431551798
2025-03-26,2025-03-25,2025-03-24,deployment,recovery_1_of_3,-20.65939074,20.65939074,UPRO,True,1,9697,ASYMMETRIC_RESERVE_BAND,UPRO,LAG2,0,staged,0.2,0.1,rule,27.12029569
2025-05-14,2025-05-13,2025-05-12,deployment,recovery_1_of_3,-13.85297663,13.85297663,UPRO,True,1,9731,ASYMMETRIC_RESERVE_BAND,UPRO,LAG2,0,staged,0.2,0.1,rule,18.36443804
2025-06-12,2025-06-11,2025-06-10,deployment,recovery_2_of_3,-13.90102669,13.90102669,UPRO,True,21,9751,ASYMMETRIC_RESERVE_BAND,UPRO,LAG2,0,staged,0.2,0.1,rule,17.33811682
2025-08-11,2025-08-08,2025-08-07,deployment,recovery_3_of_3,-13.99712293,13.99712293,UPRO,True,61,9791,ASYMMETRIC_RESERVE_BAND,UPRO,LAG2,0,staged,0.2,0.1,rule,14.86559202
2026-04-10,2026-04-09,2026-04-08,deployment,recovery_1_of_3,-26.87825946,26.87825946,UPRO,True,1,9958,ASYMMETRIC_RESERVE_BAND,UPRO,LAG2,0,staged,0.2,0.1,rule,30.43656072
2026-05-08,2026-05-07,2026-05-06,deployment,recovery_2_of_3,-26.9544048,26.9544048,UPRO,True,21,9978,ASYMMETRIC_RESERVE_BAND,UPRO,LAG2,0,staged,0.2,0.1,rule,24.78483145
2026-07-08,2026-07-07,2026-07-06,deployment,recovery_3_of_3,-95.815893,95.815893,UPRO,True,61,10018,ASYMMETRIC_RESERVE_BAND,UPRO,LAG2,0,staged,0.2,0.1,rule,90.50919957
1987-10-21,1987-10-20,1987-10-19,deployment,drawdown_20_30,-0.04313583088,0.04313583088,SP500_1X,False,0,269,HWM_DRAWDOWN,UPRO,LAG2,0,drawdown,0.15,0.1,rule,25.41430442
2001-03-14,2001-03-13,2001-03-12,deployment,drawdown_20,-0.6392287519,0.6392287519,SP500_1X,False,0,3653,HWM_DRAWDOWN,UPRO,LAG2,0,drawdown,0.15,0.1,rule,32.95827032
2001-09-19,2001-09-18,2001-09-17,deployment,drawdown_30,-0.8144061171,0.8144061171,SP500_1X,False,0,3780,HWM_DRAWDOWN,UPRO,LAG2,0,drawdown,0.15,0.1,rule,48.37770139
2002-07-22,2002-07-19,2002-07-18,deployment,drawdown_40,-0.8269125657,0.8269125657,SP500_1X,False,0,3990,HWM_DRAWDOWN,UPRO,LAG2,0,drawdown,0.15,0.1,rule,62.50137993
2008-07-16,2008-07-15,2008-07-14,deployment,drawdown_20,-0.3610729704,0.3610729704,SP500_1X,False,0,5497,HWM_DRAWDOWN,UPRO,LAG2,0,drawdown,0.15,0.1,rule,14.165991
2008-10-08,2008-10-07,2008-10-06,deployment,drawdown_30,-0.4528346301,0.4528346301,SP500_1X,False,0,5556,HWM_DRAWDOWN,UPRO,LAG2,0,drawdown,0.15,0.1,rule,21.55652522
2008-10-13,2008-10-10,2008-10-09,deployment,drawdown_40,-0.4528605887,0.4528605887,SP500_1X,False,0,5559,HWM_DRAWDOWN,UPRO,LAG2,0,drawdown,0.15,0.1,rule,23.86801329
2008-11-24,2008-11-21,2008-11-20,deployment,drawdown_50,-0.5437276465,0.5437276465,SP500_1X,False,0,5589,HWM_DRAWDOWN,UPRO,LAG2,0,drawdown,0.15,0.1,rule,32.09734493
2020-03-16,2020-03-13,2020-03-12,deployment,drawdown_20,-4.069799633,4.069799633,SP500_1X,False,0,8433,HWM_DRAWDOWN,UPRO,LAG2,0,drawdown,0.15,0.1,rule,23.99748752
2020-03-24,2020-03-23,2020-03-20,deployment,drawdown_30,-5.087454563,5.087454563,SP500_1X,False,0,8439,HWM_DRAWDOWN,UPRO,LAG2,0,drawdown,0.15,0.1,rule,36.33618477
2022-06-15,2022-06-14,2022-06-13,deployment,drawdown_20,-8.664704691,8.664704691,SP500_1X,False,0,9001,HWM_DRAWDOWN,UPRO,LAG2,0,drawdown,0.15,0.1,rule,25.30561286
1987-10-21,1987-10-20,1987-10-19,deployment,drawdown_20_30,-0.04789836957,0.04789836957,SP500_1X,False,0,269,BAND_DRAWDOWN,UPRO,LAG2,0,drawdown,0.2,0.1,rule,27.3712789
2001-03-14,2001-03-13,2001-03-12,deployment,drawdown_20,-0.6089344367,0.6089344367,SP500_1X,False,0,3653,BAND_DRAWDOWN,UPRO,LAG2,0,drawdown,0.2,0.1,rule,28.95402522
2001-09-19,2001-09-18,2001-09-17,deployment,drawdown_30,-0.7758098,0.7758098,SP500_1X,False,0,3780,BAND_DRAWDOWN,UPRO,LAG2,0,drawdown,0.2,0.1,rule,42.50008185
2002-07-22,2002-07-19,2002-07-18,deployment,drawdown_40,-0.7877235433,0.7877235433,SP500_1X,False,0,3990,BAND_DRAWDOWN,UPRO,LAG2,0,drawdown,0.2,0.1,rule,54.90781262
2008-07-16,2008-07-15,2008-07-14,deployment,drawdown_20,-0.6736693147,0.6736693147,SP500_1X,False,0,5497,BAND_DRAWDOWN,UPRO,LAG2,0,drawdown,0.2,0.1,rule,25.64140086
2008-10-08,2008-10-07,2008-10-06,deployment,drawdown_30,-0.8448729757,0.8448729757,SP500_1X,False,0,5556,BAND_DRAWDOWN,UPRO,LAG2,0,drawdown,0.2,0.1,rule,39.01876716
2008-10-13,2008-10-10,2008-10-09,deployment,drawdown_40,-0.8449214077,0.8449214077,SP500_1X,False,0,5559,BAND_DRAWDOWN,UPRO,LAG2,0,drawdown,0.2,0.1,rule,43.20271674
2008-11-24,2008-11-21,2008-11-20,deployment,drawdown_50,-1.014455972,1.014455972,SP500_1X,False,0,5589,BAND_DRAWDOWN,UPRO,LAG2,0,drawdown,0.2,0.1,rule,58.09836306
2020-03-16,2020-03-13,2020-03-12,deployment,drawdown_20,-3.390876481,3.390876481,SP500_1X,False,0,8433,BAND_DRAWDOWN,UPRO,LAG2,0,drawdown,0.2,0.1,rule,19.62718529
2020-03-24,2020-03-23,2020-03-20,deployment,drawdown_30,-4.238766421,4.238766421,SP500_1X,False,0,8439,BAND_DRAWDOWN,UPRO,LAG2,0,drawdown,0.2,0.1,rule,29.71882081
2022-06-15,2022-06-14,2022-06-13,deployment,drawdown_20,-10.04957912,10.04957912,SP500_1X,False,0,9001,BAND_DRAWDOWN,UPRO,LAG2,0,drawdown,0.2,0.1,rule,29.64703723
1986-11-24,1986-11-21,1986-11-20,deployment,recovery_1_of_3,-0.005966194397,0.005960294036,UPRO,True,1,40,HWM_RESERVE,UPRO,LAG2,10,staged,0.15,0.1,rule,2.330909014
1986-12-23,1986-12-22,1986-12-19,deployment,recovery_2_of_3,-0.005994667857,0.005994627851,UPRO,True,21,60,HWM_RESERVE,UPRO,LAG2,10,staged,0.15,0.1,rule,2.828815565
1987-02-20,1987-02-19,1987-02-18,deployment,recovery_3_of_3,-0.01559877425,0.01559858329,UPRO,True,61,100,HWM_RESERVE,UPRO,LAG2,10,staged,0.15,0.1,rule,5.21351343
1988-06-08,1988-06-07,1988-06-06,deployment,recovery_1_of_3,-0.02363197484,0.02360936965,UPRO,True,1,428,HWM_RESERVE,UPRO,LAG2,10,staged,0.15,0.1,rule,9.896594862
1988-06-10,1988-06-09,1988-06-08,deployment,recovery_1_of_3,-0.01573017284,0.01571487116,UPRO,True,1,430,HWM_RESERVE,UPRO,LAG2,10,staged,0.15,0.1,rule,6.187885222
1988-07-11,1988-07-08,1988-07-07,deployment,recovery_2_of_3,-0.01581388435,0.0158136644,UPRO,True,21,450,HWM_RESERVE,UPRO,LAG2,10,staged,0.15,0.1,rule,6.322442296
1988-08-26,1988-08-25,1988-08-24,deployment,recovery_1_of_3,-0.005305113983,0.005299866519,UPRO,True,1,484,HWM_RESERVE,UPRO,LAG2,10,staged,0.15,0.1,rule,2.475964517
1988-09-07,1988-09-06,1988-09-02,deployment,recovery_1_of_3,-0.003538479349,0.003534965039,UPRO,True,1,491,HWM_RESERVE,UPRO,LAG2,10,staged,0.15,0.1,rule,1.555293911
1988-10-05,1988-10-04,1988-10-03,deployment,recovery_2_of_3,-0.003558819306,0.003558807657,UPRO,True,21,511,HWM_RESERVE,UPRO,LAG2,10,staged,0.15,0.1,rule,1.490164104
1988-11-25,1988-11-23,1988-11-22,deployment,recovery_1_of_3,-0.001195352404,0.001194159865,UPRO,True,1,547,HWM_RESERVE,UPRO,LAG2,10,staged,0.15,0.1,rule,0.5357924798
1988-12-23,1988-12-22,1988-12-21,deployment,recovery_2_of_3,-0.001203267676,0.001203266354,UPRO,True,21,567,HWM_RESERVE,UPRO,LAG2,10,staged,0.15,0.1,rule,0.5003697507
1989-02-22,1989-02-21,1989-02-17,deployment,recovery_3_of_3,-0.001218256123,0.001218254991,UPRO,True,61,607,HWM_RESERVE,UPRO,LAG2,10,staged,0.15,0.1,rule,0.4228774498
1990-03-12,1990-03-09,1990-03-08,deployment,recovery_1_of_3,-0.006975433984,0.006968518479,UPRO,True,1,872,HWM_RESERVE,UPRO,LAG2,10,staged,0.15,0.1,rule,1.981137611
1990-03-20,1990-03-19,1990-03-16,deployment,recovery_1_of_3,-0.004651554991,0.004646929624,UPRO,True,1,878,HWM_RESERVE,UPRO,LAG2,10,staged,0.15,0.1,rule,1.298046411
1990-03-29,1990-03-28,1990-03-27,deployment,recovery_1_of_3,-0.003101121759,0.003098032918,UPRO,True,1,885,HWM_RESERVE,UPRO,LAG2,10,staged,0.15,0.1,rule,0.913309576
1990-04-05,1990-04-04,1990-04-03,deployment,recovery_1_of_3,-0.00206649754,0.002064436635,UPRO,True,1,890,HWM_RESERVE,UPRO,LAG2,10,staged,0.15,0.1,rule,0.6241982798
1990-04-11,1990-04-10,1990-04-09,deployment,recovery_1_of_3,-0.001376735354,0.001375361115,UPRO,True,1,894,HWM_RESERVE,UPRO,LAG2,10,staged,0.15,0.1,rule,0.4182322481
1990-05-10,1990-05-09,1990-05-08,deployment,recovery_1_of_3,-0.0009218657068,0.0009209449885,UPRO,True,1,914,HWM_RESERVE,UPRO,LAG2,10,staged,0.15,0.1,rule,0.287110571
1990-06-08,1990-06-07,1990-06-06,deployment,recovery_2_of_3,-0.0009277181375,0.000927717644,UPRO,True,21,934,HWM_RESERVE,UPRO,LAG2,10,staged,0.15,0.1,rule,0.2453331658
1990-08-06,1990-08-03,1990-08-02,deployment,recovery_3_of_3,-0.0009373864064,0.0009373858028,UPRO,True,61,974,HWM_RESERVE,UPRO,LAG2,10,staged,0.15,0.1,rule,0.2970405365
1992-03-13,1992-03-12,1992-03-11,deployment,recovery_3_of_3,-0.02239797895,0.02239773836,UPRO,True,61,1380,HWM_RESERVE,UPRO,LAG2,10,staged,0.15,0.1,rule,5.008927851
1993-01-18,1993-01-15,1993-01-14,deployment,recovery_3_of_3,-0.01519440574,0.01519431126,UPRO,True,61,1594,HWM_RESERVE,UPRO,LAG2,10,staged,0.15,0.1,rule,2.917798416
1994-06-16,1994-06-15,1994-06-14,deployment,recovery_1_of_3,-0.02337434213,0.02335135755,UPRO,True,1,1951,HWM_RESERVE,UPRO,LAG2,10,staged,0.15,0.1,rule,4.012627146
1994-08-03,1994-08-02,1994-08-01,deployment,recovery_1_of_3,-0.01564178989,0.01562632153,UPRO,True,1,1984,HWM_RESERVE,UPRO,LAG2,10,staged,0.15,0.1,rule,2.667939451
1994-08-05,1994-08-04,1994-08-03,deployment,recovery_1_of_3,-0.0104097764,0.01039944364,UPRO,True,1,1986,HWM_RESERVE,UPRO,LAG2,10,staged,0.15,0.1,rule,1.780327788
1994-08-16,1994-08-15,1994-08-12,deployment,recovery_1_of_3,-0.006935519271,0.006928617958,UPRO,True,1,1993,HWM_RESERVE,UPRO,LAG2,10,staged,0.15,0.1,rule,1.186786348
1994-09-14,1994-09-13,1994-09-12,deployment,recovery_2_of_3,-0.006961339131,0.006961322498,UPRO,True,21,2013,HWM_RESERVE,UPRO,LAG2,10,staged,0.15,0.1,rule,1.149693609
1994-09-29,1994-09-28,1994-09-27,deployment,recovery_1_of_3,-0.00231808239,0.002315768138,UPRO,True,1,2024,HWM_RESERVE,UPRO,LAG2,10,staged,0.15,0.1,rule,0.3975433599
1994-10-13,1994-10-12,1994-10-11,deployment,recovery_1_of_3,-0.00154521949,0.001543676061,UPRO,True,1,2034,HWM_RESERVE,UPRO,LAG2,10,staged,0.15,0.1,rule,0.2787493312
1994-11-10,1994-11-09,1994-11-08,deployment,recovery_2_of_3,-0.001551341074,0.001551340167,UPRO,True,21,2054,HWM_RESERVE,UPRO,LAG2,10,staged,0.15,0.1,rule,0.2813881442
1994-12-20,1994-12-19,1994-12-16,deployment,recovery_1_of_3,-0.0005187516505,0.0005182331198,UPRO,True,1,2081,HWM_RESERVE,UPRO,LAG2,10,staged,0.15,0.1,rule,0.1025132396
1994-12-23,1994-12-22,1994-12-21,deployment,recovery_1_of_3,-0.0003453033589,0.0003449581536,UPRO,True,1,2084,HWM_RESERVE,UPRO,LAG2,10,staged,0.15,0.1,rule,0.06836429589
1995-01-24,1995-01-23,1995-01-20,deployment,recovery_2_of_3,-0.0003470564178,0.0003470563698,UPRO,True,21,2104,HWM_RESERVE,UPRO,LAG2,10,staged,0.15,0.1,rule,0.0665135291
1995-03-22,1995-03-21,1995-03-20,deployment,recovery_3_of_3,-0.0003495820708,0.0003495820299,UPRO,True,61,2144,HWM_RESERVE,UPRO,LAG2,10,staged,0.15,0.1,rule,0.05630006787
1996-07-19,1996-07-18,1996-07-17,deployment,recovery_1_of_3,-0.1236131403,0.1234950908,UPRO,True,1,2480,HWM_RESERVE,UPRO,LAG2,10,staged,0.15,0.1,rule,11.61514118
1996-07-30,1996-07-29,1996-07-26,deployment,recovery_1_of_3,-0.0823828833,0.08230316124,UPRO,True,1,2487,HWM_RESERVE,UPRO,LAG2,10,staged,0.15,0.1,rule,8.36516769
1996-08-01,1996-07-31,1996-07-30,deployment,recovery_1_of_3,-0.05483170675,0.05477802454,UPRO,True,1,2489,HWM_RESERVE,UPRO,LAG2,10,staged,0.15,0.1,rule,5.424882285
1996-08-29,1996-08-28,1996-08-27,deployment,recovery_2_of_3,-0.05504990092,0.05504937935,UPRO,True,21,2509,HWM_RESERVE,UPRO,LAG2,10,staged,0.15,0.1,rule,4.893231737
1996-10-25,1996-10-24,1996-10-23,deployment,recovery_3_of_3,-0.07857397178,0.07857305647,UPRO,True,61,2549,HWM_RESERVE,UPRO,LAG2,10,staged,0.15,0.1,rule,6.029667485
1998-09-25,1998-09-24,1998-09-23,deployment,recovery_1_of_3,-0.5803614099,0.5798238963,UPRO,True,1,3032,HWM_RESERVE,UPRO,LAG2,10,staged,0.15,0.1,rule,21.48706789
1998-10-26,1998-10-23,1998-10-22,deployment,recovery_1_of_3,-0.3874522302,0.3870833637,UPRO,True,1,3053,HWM_RESERVE,UPRO,LAG2,10,staged,0.15,0.1,rule,13.93248679
1998-10-28,1998-10-27,1998-10-26,deployment,recovery_1_of_3,-0.2579227816,0.2576731332,UPRO,True,1,3055,HWM_RESERVE,UPRO,LAG2,10,staged,0.15,0.1,rule,9.319261871
1998-11-02,1998-10-30,1998-10-29,deployment,recovery_1_of_3,-0.1716753248,0.1715071954,UPRO,True,1,3058,HWM_RESERVE,UPRO,LAG2,10,staged,0.15,0.1,rule,5.993352068
1998-12-01,1998-11-30,1998-11-27,deployment,recovery_2_of_3,-0.1723342252,0.1723326979,UPRO,True,21,3078,HWM_RESERVE,UPRO,LAG2,10,staged,0.15,0.1,rule,5.127719191
1999-01-29,1999-01-28,1999-01-27,deployment,recovery_3_of_3,-0.3183951738,0.3183909825,UPRO,True,61,3118,HWM_RESERVE,UPRO,LAG2,10,staged,0.15,0.1,rule,7.649794032
1999-10-08,1999-10-07,1999-10-06,deployment,recovery_1_of_3,-0.2145662513,0.2143556955,UPRO,True,1,3293,HWM_RESERVE,UPRO,LAG2,10,staged,0.15,0.1,rule,5.587523205
1999-11-01,1999-10-29,1999-10-28,deployment,recovery_1_of_3,-0.1431944317,0.1430530686,UPRO,True,1,3309,HWM_RESERVE,UPRO,LAG2,10,staged,0.15,0.1,rule,3.825019658
1999-11-30,1999-11-29,1999-11-26,deployment,recovery_2_of_3,-0.1438274295,0.1438265807,UPRO,True,21,3329,HWM_RESERVE,UPRO,LAG2,10,staged,0.15,0.1,rule,3.526849016
2000-01-27,2000-01-26,2000-01-25,deployment,recovery_3_of_3,-0.1447732721,0.1447723775,UPRO,True,61,3369,HWM_RESERVE,UPRO,LAG2,10,staged,0.15,0.1,rule,3.693569253
2013-02-20,2013-02-19,2013-02-15,deployment,recovery_3_of_3,-0.220855658,0.2208542326,UPRO,True,61,6654,HWM_RESERVE,UPRO,LAG2,10,staged,0.15,0.1,rule,3.883118483
2014-10-23,2014-10-22,2014-10-21,deployment,recovery_1_of_3,-1.425168488,1.423806651,UPRO,True,1,7077,HWM_RESERVE,UPRO,LAG2,10,staged,0.15,0.1,rule,14.32227354
2014-11-20,2014-11-19,2014-11-18,deployment,recovery_2_of_3,-1.425190659,1.42516414,UPRO,True,21,7097,HWM_RESERVE,UPRO,LAG2,10,staged,0.15,0.1,rule,11.90412824
2015-01-21,2015-01-20,2015-01-16,deployment,recovery_3_of_3,-1.847526357,1.847479887,UPRO,True,61,7137,HWM_RESERVE,UPRO,LAG2,10,staged,0.15,0.1,rule,16.19977197
2015-07-14,2015-07-13,2015-07-10,deployment,recovery_1_of_3,-0.1598692298,0.1597100119,UPRO,True,1,7257,HWM_RESERVE,UPRO,LAG2,10,staged,0.15,0.1,rule,1.320199448
2015-08-11,2015-08-10,2015-08-07,deployment,recovery_2_of_3,-0.1598752259,0.1598749019,UPRO,True,21,7277,HWM_RESERVE,UPRO,LAG2,10,staged,0.15,0.1,rule,1.313118678
2015-10-27,2015-10-26,2015-10-23,deployment,recovery_1_of_3,-0.05313575209,0.05308269921,UPRO,True,1,7331,HWM_RESERVE,UPRO,LAG2,10,staged,0.15,0.1,rule,0.5054825386
2015-11-20,2015-11-19,2015-11-18,deployment,recovery_1_of_3,-0.03535531759,0.03532000055,UPRO,True,1,7349,HWM_RESERVE,UPRO,LAG2,10,staged,0.15,0.1,rule,0.3508720118
2015-12-08,2015-12-07,2015-12-04,deployment,recovery_1_of_3,-0.02352519827,0.02350168993,UPRO,True,1,7360,HWM_RESERVE,UPRO,LAG2,10,staged,0.15,0.1,rule,0.2322019551
2015-12-18,2015-12-17,2015-12-16,deployment,recovery_1_of_3,-0.01565322489,0.01563757948,UPRO,True,1,7368,HWM_RESERVE,UPRO,LAG2,10,staged,0.15,0.1,rule,0.1619413807
2015-12-28,2015-12-24,2015-12-23,deployment,recovery_1_of_3,-0.01041505315,0.01040464166,UPRO,True,1,7373,HWM_RESERVE,UPRO,LAG2,10,staged,0.15,0.1,rule,0.110961622
2015-12-31,2015-12-30,2015-12-29,deployment,recovery_1_of_3,-0.0069297364,0.006922808251,UPRO,True,1,7376,HWM_RESERVE,UPRO,LAG2,10,staged,0.15,0.1,rule,0.07421448734
2016-03-15,2016-03-14,2016-03-11,deployment,recovery_1_of_3,-0.004613275987,0.004608663465,UPRO,True,1,7426,HWM_RESERVE,UPRO,LAG2,10,staged,0.15,0.1,rule,0.05293069957
2016-03-18,2016-03-17,2016-03-16,deployment,recovery_1_of_3,-0.003069454843,0.003066385716,UPRO,True,1,7429,HWM_RESERVE,UPRO,LAG2,10,staged,0.15,0.1,rule,0.03466477978
2016-04-18,2016-04-15,2016-04-14,deployment,recovery_2_of_3,-0.003070082848,0.003070082693,UPRO,True,21,7449,HWM_RESERVE,UPRO,LAG2,10,staged,0.15,0.1,rule,0.03274571527
2016-06-14,2016-06-13,2016-06-10,deployment,recovery_3_of_3,-0.003065252478,0.003065252323,UPRO,True,61,7489,HWM_RESERVE,UPRO,LAG2,10,staged,0.15,0.1,rule,0.03268037313
2018-04-05,2018-04-04,2018-04-03,deployment,recovery_1_of_3,-2.252653632,2.250488954,UPRO,True,1,7944,HWM_RESERVE,UPRO,LAG2,10,staged,0.15,0.1,rule,13.44682617
2018-05-03,2018-05-02,2018-05-01,deployment,recovery_2_of_3,-2.255751213,2.255706367,UPRO,True,21,7964,HWM_RESERVE,UPRO,LAG2,10,staged,0.15,0.1,rule,13.6998709
2018-06-29,2018-06-28,2018-06-27,deployment,recovery_3_of_3,-2.258110202,2.258068995,UPRO,True,61,8004,HWM_RESERVE,UPRO,LAG2,10,staged,0.15,0.1,rule,12.55465433
2018-10-16,2018-10-15,2018-10-12,deployment,recovery_1_of_3,-0.05498961926,0.05493467666,UPRO,True,1,8079,HWM_RESERVE,UPRO,LAG2,10,staged,0.15,0.1,rule,0.2945105297
2018-10-18,2018-10-17,2018-10-16,deployment,recovery_1_of_3,-0.03659115454,0.03655458299,UPRO,True,1,8081,HWM_RESERVE,UPRO,LAG2,10,staged,0.15,0.1,rule,0.1845237504
2018-11-09,2018-11-08,2018-11-07,deployment,recovery_1_of_3,-0.02437958216,0.02435521165,UPRO,True,1,8097,HWM_RESERVE,UPRO,LAG2,10,staged,0.15,0.1,rule,0.1281341759
2018-12-06,2018-12-04,2018-12-03,deployment,recovery_1_of_3,-0.01624808471,0.01623184108,UPRO,True,1,8114,HWM_RESERVE,UPRO,LAG2,10,staged,0.15,0.1,rule,0.09458934917
2019-02-14,2019-02-13,2019-02-12,deployment,recovery_1_of_3,-0.01086133695,0.01085047757,UPRO,True,1,8161,HWM_RESERVE,UPRO,LAG2,10,staged,0.15,0.1,rule,0.06207273619
2019-03-13,2019-03-12,2019-03-11,deployment,recovery_1_of_3,-0.007239515715,0.007232277067,UPRO,True,1,8179,HWM_RESERVE,UPRO,LAG2,10,staged,0.15,0.1,rule,0.04129276925
2019-04-10,2019-04-09,2019-04-08,deployment,recovery_2_of_3,-0.00725308554,0.007253085144,UPRO,True,21,8199,HWM_RESERVE,UPRO,LAG2,10,staged,0.15,0.1,rule,0.03757042605
2019-06-06,2019-06-05,2019-06-04,deployment,recovery_1_of_3,-0.002419519265,0.002417099846,UPRO,True,1,8238,HWM_RESERVE,UPRO,LAG2,10,staged,0.15,0.1,rule,0.01415948024
2019-07-05,2019-07-03,2019-07-02,deployment,recovery_2_of_3,-0.002423589309,0.002423589266,UPRO,True,21,8258,HWM_RESERVE,UPRO,LAG2,10,staged,0.15,0.1,rule,0.01216136634
2019-08-30,2019-08-29,2019-08-28,deployment,recovery_3_of_3,-0.002426537805,0.002426537759,UPRO,True,61,8298,HWM_RESERVE,UPRO,LAG2,10,staged,0.15,0.1,rule,0.01306106402
2020-03-04,2020-03-03,2020-03-02,deployment,recovery_1_of_3,-1.366689236,1.365350916,UPRO,True,1,8425,HWM_RESERVE,UPRO,LAG2,10,staged,0.15,0.1,rule,7.379326846
2020-03-06,2020-03-05,2020-03-04,deployment,recovery_1_of_3,-0.9093820337,0.9084842313,UPRO,True,1,8427,HWM_RESERVE,UPRO,LAG2,10,staged,0.15,0.1,rule,4.519159215
2020-05-29,2020-05-28,2020-05-27,deployment,recovery_1_of_3,-0.6052744236,0.6046744366,UPRO,True,1,8485,HWM_RESERVE,UPRO,LAG2,10,staged,0.15,0.1,rule,3.10146381
2020-06-16,2020-06-15,2020-06-12,deployment,recovery_1_of_3,-0.4027480411,0.4023476251,UPRO,True,1,8497,HWM_RESERVE,UPRO,LAG2,10,staged,0.15,0.1,rule,2.055745386
2020-07-01,2020-06-30,2020-06-29,deployment,recovery_1_of_3,-0.2679823773,0.2677154332,UPRO,True,1,8508,HWM_RESERVE,UPRO,LAG2,10,staged,0.15,0.1,rule,1.375475691
2020-07-30,2020-07-29,2020-07-28,deployment,recovery_2_of_3,-0.2680105263,0.2680100769,UPRO,True,21,8528,HWM_RESERVE,UPRO,LAG2,10,staged,0.15,0.1,rule,1.190047692
2020-09-25,2020-09-24,2020-09-23,deployment,recovery_3_of_3,-1.908766121,1.908742891,UPRO,True,61,8568,HWM_RESERVE,UPRO,LAG2,10,staged,0.15,0.1,rule,8.728636408
2022-02-02,2022-02-01,2022-01-31,deployment,recovery_1_of_3,-8.63313055,8.62488859,UPRO,True,1,8909,HWM_RESERVE,UPRO,LAG2,10,staged,0.15,0.1,rule,17.43365186
2022-02-17,2022-02-16,2022-02-15,deployment,recovery_1_of_3,-5.745181447,5.739624395,UPRO,True,1,8920,HWM_RESERVE,UPRO,LAG2,10,staged,0.15,0.1,rule,12.6496298
2022-03-24,2022-03-23,2022-03-22,deployment,recovery_1_of_3,-3.824141069,3.820405501,UPRO,True,1,8944,HWM_RESERVE,UPRO,LAG2,10,staged,0.15,0.1,rule,8.965822533
2022-03-28,2022-03-25,2022-03-24,deployment,recovery_1_of_3,-2.544517434,2.54201043,UPRO,True,1,8946,HWM_RESERVE,UPRO,LAG2,10,staged,0.15,0.1,rule,5.700799875
2022-04-11,2022-04-08,2022-04-07,deployment,recovery_1_of_3,-1.693383396,1.691707211,UPRO,True,1,8956,HWM_RESERVE,UPRO,LAG2,10,staged,0.15,0.1,rule,3.929238817
2022-12-02,2022-12-01,2022-11-30,deployment,recovery_1_of_3,-1.144892986,1.143756963,UPRO,True,1,9119,HWM_RESERVE,UPRO,LAG2,10,staged,0.15,0.1,rule,3.001862721
2023-01-18,2023-01-17,2023-01-13,deployment,recovery_1_of_3,-0.7661078345,0.765346076,UPRO,True,1,9149,HWM_RESERVE,UPRO,LAG2,10,staged,0.15,0.1,rule,2.201354288
2023-01-24,2023-01-23,2023-01-20,deployment,recovery_1_of_3,-0.5101156295,0.5096075257,UPRO,True,1,9153,HWM_RESERVE,UPRO,LAG2,10,staged,0.15,0.1,rule,1.529614777
2023-02-22,2023-02-21,2023-02-17,deployment,recovery_2_of_3,-0.5120377129,0.5120366707,UPRO,True,21,9173,HWM_RESERVE,UPRO,LAG2,10,staged,0.15,0.1,rule,1.579102199
2023-03-20,2023-03-17,2023-03-16,deployment,recovery_1_of_3,-0.1707146983,0.1705442386,UPRO,True,1,9191,HWM_RESERVE,UPRO,LAG2,10,staged,0.15,0.1,rule,0.5795308272
2023-03-22,2023-03-21,2023-03-20,deployment,recovery_1_of_3,-0.1136392129,0.1135256826,UPRO,True,1,9193,HWM_RESERVE,UPRO,LAG2,10,staged,0.15,0.1,rule,0.3719447764
2023-04-20,2023-04-19,2023-04-18,deployment,recovery_2_of_3,-0.1140826539,0.1140826043,UPRO,True,21,9213,HWM_RESERVE,UPRO,LAG2,10,staged,0.15,0.1,rule,0.3374319014
2023-06-16,2023-06-15,2023-06-14,deployment,recovery_3_of_3,-0.1147912369,0.1147911946,UPRO,True,61,9253,HWM_RESERVE,UPRO,LAG2,10,staged,0.15,0.1,rule,0.2858834945
2025-03-26,2025-03-25,2025-03-24,deployment,recovery_1_of_3,-4.931144956,4.926316337,UPRO,True,1,9697,HWM_RESERVE,UPRO,LAG2,10,staged,0.15,0.1,rule,8.324479097
2025-05-14,2025-05-13,2025-05-12,deployment,recovery_1_of_3,-3.300067477,3.296813856,UPRO,True,1,9731,HWM_RESERVE,UPRO,LAG2,10,staged,0.15,0.1,rule,5.636899478
2025-06-12,2025-06-11,2025-06-10,deployment,recovery_2_of_3,-3.311514002,3.311491961,UPRO,True,21,9751,HWM_RESERVE,UPRO,LAG2,10,staged,0.15,0.1,rule,5.327125949
2025-08-11,2025-08-08,2025-08-07,deployment,recovery_3_of_3,-3.327809024,3.327790054,UPRO,True,61,9791,HWM_RESERVE,UPRO,LAG2,10,staged,0.15,0.1,rule,4.558437873
2026-04-10,2026-04-09,2026-04-08,deployment,recovery_1_of_3,-3.805290065,3.801532323,UPRO,True,1,9958,HWM_RESERVE,UPRO,LAG2,10,staged,0.15,0.1,rule,5.09119097
2026-05-08,2026-05-07,2026-05-06,deployment,recovery_2_of_3,-3.816070343,3.816050865,UPRO,True,21,9978,HWM_RESERVE,UPRO,LAG2,10,staged,0.15,0.1,rule,4.149911747
2026-07-08,2026-07-07,2026-07-06,deployment,recovery_3_of_3,-11.1544285,11.15427013,UPRO,True,61,10018,HWM_RESERVE,UPRO,LAG2,10,staged,0.15,0.1,rule,11.64962163
1986-10-03,1986-10-02,1986-10-01,deployment,recovery_1_of_3,-0.03336277949,0.03333162675,UPRO,True,1,4,ASYMMETRIC_RESERVE_BAND,UPRO,LAG2,10,staged,0.2,0.1,rule,1.780603705
1986-10-31,1986-10-30,1986-10-29,deployment,recovery_2_of_3,-0.03349903666,0.03349803459,UPRO,True,21,24,ASYMMETRIC_RESERVE_BAND,UPRO,LAG2,10,staged,0.2,0.1,rule,1.597078327
1986-11-24,1986-11-21,1986-11-20,deployment,recovery_1_of_3,-0.0383234489,0.03828784563,UPRO,True,1,40,ASYMMETRIC_RESERVE_BAND,UPRO,LAG2,10,staged,0.2,0.1,rule,2.057249715
1986-12-23,1986-12-22,1986-12-19,deployment,recovery_2_of_3,-0.03850634626,0.03850471362,UPRO,True,21,60,ASYMMETRIC_RESERVE_BAND,UPRO,LAG2,10,staged,0.2,0.1,rule,2.494679955
1987-02-20,1987-02-19,1987-02-18,deployment,recovery_3_of_3,-0.122773451,0.1227616002,UPRO,True,61,100,ASYMMETRIC_RESERVE_BAND,UPRO,LAG2,10,staged,0.2,0.1,rule,6.020106789
1988-06-08,1988-06-07,1988-06-06,deployment,recovery_1_of_3,-0.04795128065,0.04790752307,UPRO,True,1,428,ASYMMETRIC_RESERVE_BAND,UPRO,LAG2,10,staged,0.2,0.1,rule,3.139079534
1988-06-10,1988-06-09,1988-06-08,deployment,recovery_1_of_3,-0.03192058448,0.03189041895,UPRO,True,1,430,ASYMMETRIC_RESERVE_BAND,UPRO,LAG2,10,staged,0.2,0.1,rule,1.962721939
1988-07-11,1988-07-08,1988-07-07,deployment,recovery_2_of_3,-0.03209045676,0.03208955643,UPRO,True,21,450,ASYMMETRIC_RESERVE_BAND,UPRO,LAG2,10,staged,0.2,0.1,rule,2.005346121
1988-08-26,1988-08-25,1988-08-24,deployment,recovery_1_of_3,-0.0107660721,0.01075554145,UPRO,True,1,484,ASYMMETRIC_RESERVE_BAND,UPRO,LAG2,10,staged,0.2,0.1,rule,0.7853676836
1988-09-07,1988-09-06,1988-09-02,deployment,recovery_1_of_3,-0.007181059773,0.007173977476,UPRO,True,1,491,ASYMMETRIC_RESERVE_BAND,UPRO,LAG2,10,staged,0.2,0.1,rule,0.4933340392
1988-10-05,1988-10-04,1988-10-03,deployment,recovery_2_of_3,-0.007222338082,0.007222290469,UPRO,True,21,511,ASYMMETRIC_RESERVE_BAND,UPRO,LAG2,10,staged,0.2,0.1,rule,0.4726718063
1988-11-25,1988-11-23,1988-11-22,deployment,recovery_1_of_3,-0.002425906168,0.002423491756,UPRO,True,1,547,ASYMMETRIC_RESERVE_BAND,UPRO,LAG2,10,staged,0.2,0.1,rule,0.1699527669
1988-12-23,1988-12-22,1988-12-21,deployment,recovery_2_of_3,-0.002441969805,0.0024419644,UPRO,True,21,567,ASYMMETRIC_RESERVE_BAND,UPRO,LAG2,10,staged,0.2,0.1,rule,0.1587163385
1989-02-22,1989-02-21,1989-02-17,deployment,recovery_3_of_3,-0.002472397148,0.002472392522,UPRO,True,61,607,ASYMMETRIC_RESERVE_BAND,UPRO,LAG2,10,staged,0.2,0.1,rule,0.1341365684
1990-03-12,1990-03-09,1990-03-08,deployment,recovery_1_of_3,-0.0706408887,0.07057618911,UPRO,True,1,872,ASYMMETRIC_RESERVE_BAND,UPRO,LAG2,10,staged,0.2,0.1,rule,3.449973711
1990-03-20,1990-03-19,1990-03-16,deployment,recovery_1_of_3,-0.04711385061,0.04706933678,UPRO,True,1,878,ASYMMETRIC_RESERVE_BAND,UPRO,LAG2,10,staged,0.2,0.1,rule,2.260431567
1990-03-29,1990-03-28,1990-03-27,deployment,recovery_1_of_3,-0.03141332055,0.03138312326,UPRO,True,1,885,ASYMMETRIC_RESERVE_BAND,UPRO,LAG2,10,staged,0.2,0.1,rule,1.590446827
1990-04-05,1990-04-04,1990-04-03,deployment,recovery_1_of_3,-0.02093440416,0.02091402307,UPRO,True,1,890,ASYMMETRIC_RESERVE_BAND,UPRO,LAG2,10,staged,0.2,0.1,rule,1.086985399
1990-04-11,1990-04-10,1990-04-09,deployment,recovery_1_of_3,-0.01394751718,0.01393381664,UPRO,True,1,894,ASYMMETRIC_RESERVE_BAND,UPRO,LAG2,10,staged,0.2,0.1,rule,0.7283140016
1990-05-10,1990-05-09,1990-05-08,deployment,recovery_1_of_3,-0.009339598501,0.009330372373,UPRO,True,1,914,ASYMMETRIC_RESERVE_BAND,UPRO,LAG2,10,staged,0.2,0.1,rule,0.4999773446
1990-06-08,1990-06-07,1990-06-06,deployment,recovery_2_of_3,-0.0093988906,0.009398841727,UPRO,True,21,934,ASYMMETRIC_RESERVE_BAND,UPRO,LAG2,10,staged,0.2,0.1,rule,0.4272210719
1990-08-06,1990-08-03,1990-08-02,deployment,recovery_3_of_3,-0.00949700489,0.009496945163,UPRO,True,61,974,ASYMMETRIC_RESERVE_BAND,UPRO,LAG2,10,staged,0.2,0.1,rule,0.5172751477
1992-03-13,1992-03-12,1992-03-11,deployment,recovery_3_of_3,-0.2243098824,0.2242866801,UPRO,True,61,1380,ASYMMETRIC_RESERVE_BAND,UPRO,LAG2,10,staged,0.2,0.1,rule,9.489342132
1993-01-18,1993-01-15,1993-01-14,deployment,recovery_3_of_3,-0.2525345071,0.2525093895,UPRO,True,61,1594,ASYMMETRIC_RESERVE_BAND,UPRO,LAG2,10,staged,0.2,0.1,rule,10.13236476
1994-06-16,1994-06-15,1994-06-14,deployment,recovery_1_of_3,-0.0915140028,0.09142827951,UPRO,True,1,1951,ASYMMETRIC_RESERVE_BAND,UPRO,LAG2,10,staged,0.2,0.1,rule,3.561050446
1994-08-03,1994-08-02,1994-08-01,deployment,recovery_1_of_3,-0.06124561,0.06118694154,UPRO,True,1,1984,ASYMMETRIC_RESERVE_BAND,UPRO,LAG2,10,staged,0.2,0.1,rule,2.367692443
1994-08-05,1994-08-04,1994-08-03,deployment,recovery_1_of_3,-0.04076212272,0.04072250514,UPRO,True,1,1986,ASYMMETRIC_RESERVE_BAND,UPRO,LAG2,10,staged,0.2,0.1,rule,1.579971633
1994-08-16,1994-08-15,1994-08-12,deployment,recovery_1_of_3,-0.02715891598,0.02713226541,UPRO,True,1,1993,ASYMMETRIC_RESERVE_BAND,UPRO,LAG2,10,staged,0.2,0.1,rule,1.053226702
1994-09-14,1994-09-13,1994-09-12,deployment,recovery_2_of_3,-0.0272600244,0.02725977711,UPRO,True,21,2013,ASYMMETRIC_RESERVE_BAND,UPRO,LAG2,10,staged,0.2,0.1,rule,1.02029426
1994-09-29,1994-09-28,1994-09-27,deployment,recovery_1_of_3,-0.009077671223,0.009068650482,UPRO,True,1,2024,ASYMMETRIC_RESERVE_BAND,UPRO,LAG2,10,staged,0.2,0.1,rule,0.35280914
1994-10-13,1994-10-12,1994-10-11,deployment,recovery_1_of_3,-0.006051178048,0.006045153471,UPRO,True,1,2034,ASYMMETRIC_RESERVE_BAND,UPRO,LAG2,10,staged,0.2,0.1,rule,0.2473826046
1994-11-10,1994-11-09,1994-11-08,deployment,recovery_2_of_3,-0.00607515056,0.006075137081,UPRO,True,21,2054,ASYMMETRIC_RESERVE_BAND,UPRO,LAG2,10,staged,0.2,0.1,rule,0.2497236715
1994-12-20,1994-12-19,1994-12-16,deployment,recovery_1_of_3,-0.002031478086,0.002029449892,UPRO,True,1,2081,ASYMMETRIC_RESERVE_BAND,UPRO,LAG2,10,staged,0.2,0.1,rule,0.0909780643
1994-12-23,1994-12-22,1994-12-21,deployment,recovery_1_of_3,-0.001352242219,0.001350891434,UPRO,True,1,2084,ASYMMETRIC_RESERVE_BAND,UPRO,LAG2,10,staged,0.2,0.1,rule,0.06067168816
1995-01-24,1995-01-23,1995-01-20,deployment,recovery_2_of_3,-0.001359107372,0.001359106659,UPRO,True,21,2104,ASYMMETRIC_RESERVE_BAND,UPRO,LAG2,10,staged,0.2,0.1,rule,0.05902912971
1995-03-22,1995-03-21,1995-03-20,deployment,recovery_3_of_3,-0.001368999728,0.001368999121,UPRO,True,61,2144,ASYMMETRIC_RESERVE_BAND,UPRO,LAG2,10,staged,0.2,0.1,rule,0.04996501224
1996-07-19,1996-07-18,1996-07-17,deployment,recovery_1_of_3,-0.1168733881,0.1167614948,UPRO,True,1,2480,ASYMMETRIC_RESERVE_BAND,UPRO,LAG2,10,staged,0.2,0.1,rule,2.561965797
1996-07-30,1996-07-29,1996-07-26,deployment,recovery_1_of_3,-0.07789073741,0.07781522883,UPRO,True,1,2487,ASYMMETRIC_RESERVE_BAND,UPRO,LAG2,10,staged,0.2,0.1,rule,1.845115197
1996-08-01,1996-07-31,1996-07-30,deployment,recovery_1_of_3,-0.05184168573,0.05179087311,UPRO,True,1,2489,ASYMMETRIC_RESERVE_BAND,UPRO,LAG2,10,staged,0.2,0.1,rule,1.196572874
1996-08-29,1996-08-28,1996-08-27,deployment,recovery_2_of_3,-0.05204798158,0.05204751471,UPRO,True,21,2509,ASYMMETRIC_RESERVE_BAND,UPRO,LAG2,10,staged,0.2,0.1,rule,1.079307271
1996-10-25,1996-10-24,1996-10-23,deployment,recovery_3_of_3,-0.7002551164,0.700182579,UPRO,True,61,2549,ASYMMETRIC_RESERVE_BAND,UPRO,LAG2,10,staged,0.2,0.1,rule,13.77989885
1998-09-25,1998-09-24,1998-09-23,deployment,recovery_1_of_3,-0.5438557535,0.5433508906,UPRO,True,1,3032,ASYMMETRIC_RESERVE_BAND,UPRO,LAG2,10,staged,0.2,0.1,rule,5.343497899
1998-10-26,1998-10-23,1998-10-22,deployment,recovery_1_of_3,-0.3630793219,0.3627331551,UPRO,True,1,3053,ASYMMETRIC_RESERVE_BAND,UPRO,LAG2,10,staged,0.2,0.1,rule,3.464791671
1998-10-28,1998-10-27,1998-10-26,deployment,recovery_1_of_3,-0.241697328,0.2414631602,UPRO,True,1,3055,ASYMMETRIC_RESERVE_BAND,UPRO,LAG2,10,staged,0.2,0.1,rule,2.317554748
1998-11-02,1998-10-30,1998-10-29,deployment,recovery_1_of_3,-0.1608752442,0.1607175955,UPRO,True,1,3058,ASYMMETRIC_RESERVE_BAND,UPRO,LAG2,10,staged,0.2,0.1,rule,1.490452971
1998-12-01,1998-11-30,1998-11-27,deployment,recovery_2_of_3,-0.1614926932,0.1614913036,UPRO,True,21,3078,ASYMMETRIC_RESERVE_BAND,UPRO,LAG2,10,staged,0.2,0.1,rule,1.27518437
1999-01-29,1999-01-28,1999-01-27,deployment,recovery_3_of_3,-2.394310093,2.394065063,UPRO,True,61,3118,ASYMMETRIC_RESERVE_BAND,UPRO,LAG2,10,staged,0.2,0.1,rule,16.74947961
1999-10-08,1999-10-07,1999-10-06,deployment,recovery_1_of_3,-0.8388206014,0.8380446408,UPRO,True,1,3293,ASYMMETRIC_RESERVE_BAND,UPRO,LAG2,10,staged,0.2,0.1,rule,6.90917252
1999-11-01,1999-10-29,1999-10-28,deployment,recovery_1_of_3,-0.5598667214,0.5593355184,UPRO,True,1,3309,ASYMMETRIC_RESERVE_BAND,UPRO,LAG2,10,staged,0.2,0.1,rule,4.729773772
1999-11-30,1999-11-29,1999-11-26,deployment,recovery_2_of_3,-0.5623416388,0.5623283125,UPRO,True,21,3329,ASYMMETRIC_RESERVE_BAND,UPRO,LAG2,10,staged,0.2,0.1,rule,4.360907436
2000-01-27,2000-01-26,2000-01-25,deployment,recovery_3_of_3,-0.5660732214,0.5660591878,UPRO,True,61,3369,ASYMMETRIC_RESERVE_BAND,UPRO,LAG2,10,staged,0.2,0.1,rule,4.567406574
2007-08-08,2007-08-07,2007-08-06,deployment,recovery_1_of_3,-0.9714947394,0.9705974686,UPRO,True,1,5261,ASYMMETRIC_RESERVE_BAND,UPRO,LAG2,10,staged,0.2,0.1,rule,7.948925181
2007-08-24,2007-08-23,2007-08-22,deployment,recovery_1_of_3,-0.647664708,0.6470527055,UPRO,True,1,5273,ASYMMETRIC_RESERVE_BAND,UPRO,LAG2,10,staged,0.2,0.1,rule,5.767461767
2007-08-31,2007-08-30,2007-08-29,deployment,recovery_1_of_3,-0.4313099273,0.4308945543,UPRO,True,1,5278,ASYMMETRIC_RESERVE_BAND,UPRO,LAG2,10,staged,0.2,0.1,rule,3.871744923
2007-09-05,2007-09-04,2007-08-31,deployment,recovery_1_of_3,-0.2871421152,0.2868617611,UPRO,True,1,5280,ASYMMETRIC_RESERVE_BAND,UPRO,LAG2,10,staged,0.2,0.1,rule,2.473217852
2007-09-13,2007-09-12,2007-09-11,deployment,recovery_1_of_3,-0.1912292119,0.1910411948,UPRO,True,1,5286,ASYMMETRIC_RESERVE_BAND,UPRO,LAG2,10,staged,0.2,0.1,rule,1.760115819
2007-10-11,2007-10-10,2007-10-09,deployment,recovery_2_of_3,-0.1918028819,0.1918015141,UPRO,True,21,5306,ASYMMETRIC_RESERVE_BAND,UPRO,LAG2,10,staged,0.2,0.1,rule,1.490710093
2007-12-07,2007-12-06,2007-12-05,deployment,recovery_1_of_3,-0.06410159352,0.0640378517,UPRO,True,1,5346,ASYMMETRIC_RESERVE_BAND,UPRO,LAG2,10,staged,0.2,0.1,rule,0.5873891728
2007-12-14,2007-12-13,2007-12-12,deployment,recovery_1_of_3,-0.04267429473,0.04263178733,UPRO,True,1,5351,ASYMMETRIC_RESERVE_BAND,UPRO,LAG2,10,staged,0.2,0.1,rule,0.4094009721
2007-12-27,2007-12-26,2007-12-24,deployment,recovery_1_of_3,-0.02842326094,0.02839491593,UPRO,True,1,5359,ASYMMETRIC_RESERVE_BAND,UPRO,LAG2,10,staged,0.2,0.1,rule,0.2882587339
2009-06-03,2009-06-02,2009-06-01,deployment,recovery_1_of_3,-0.0192020378,0.01918289187,UPRO,True,1,5719,ASYMMETRIC_RESERVE_BAND,UPRO,LAG2,10,staged,0.2,0.1,rule,0.3064072382
2009-06-26,2009-06-25,2009-06-24,deployment,recovery_1_of_3,-0.01277730584,0.0127645571,UPRO,True,1,5736,ASYMMETRIC_RESERVE_BAND,UPRO,LAG2,10,staged,0.2,0.1,rule,0.2345629763
2009-07-13,2009-07-10,2009-07-09,deployment,recovery_1_of_3,-0.008501864217,0.008493376899,UPRO,True,1,5746,ASYMMETRIC_RESERVE_BAND,UPRO,LAG2,10,staged,0.2,0.1,rule,0.1795776233
2009-07-15,2009-07-14,2009-07-13,deployment,recovery_1_of_3,-0.005656711213,0.005651060473,UPRO,True,1,5748,ASYMMETRIC_RESERVE_BAND,UPRO,LAG2,10,staged,0.2,0.1,rule,0.1107839519
2009-08-12,2009-08-11,2009-08-10,deployment,recovery_2_of_3,-0.005657513005,0.005657510733,UPRO,True,21,5768,ASYMMETRIC_RESERVE_BAND,UPRO,LAG2,10,staged,0.2,0.1,rule,0.08423664999
2009-10-08,2009-10-07,2009-10-06,deployment,recovery_3_of_3,-0.005647419019,0.005647417126,UPRO,True,61,5808,ASYMMETRIC_RESERVE_BAND,UPRO,LAG2,10,staged,0.2,0.1,rule,0.07030995565
2012-11-21,2012-11-20,2012-11-19,deployment,recovery_1_of_3,-1.009312057,1.008381409,UPRO,True,1,6594,ASYMMETRIC_RESERVE_BAND,UPRO,LAG2,10,staged,0.2,0.1,rule,9.258878182
2012-12-20,2012-12-19,2012-12-18,deployment,recovery_2_of_3,-1.009379642,1.009343887,UPRO,True,21,6614,ASYMMETRIC_RESERVE_BAND,UPRO,LAG2,10,staged,0.2,0.1,rule,8.351310492
2013-02-20,2013-02-19,2013-02-15,deployment,recovery_3_of_3,-3.059761014,3.059486607,UPRO,True,61,6654,ASYMMETRIC_RESERVE_BAND,UPRO,LAG2,10,staged,0.2,0.1,rule,22.4058144
2014-10-23,2014-10-22,2014-10-21,deployment,recovery_1_of_3,-2.324925131,2.322773654,UPRO,True,1,7077,ASYMMETRIC_RESERVE_BAND,UPRO,LAG2,10,staged,0.2,0.1,rule,10.49356734
2014-11-20,2014-11-19,2014-11-18,deployment,recovery_2_of_3,-2.324961299,2.324888294,UPRO,True,21,7097,ASYMMETRIC_RESERVE_BAND,UPRO,LAG2,10,staged,0.2,0.1,rule,8.72159013
2015-01-21,2015-01-20,2015-01-16,deployment,recovery_3_of_3,-7.562600707,7.561799026,UPRO,True,61,7137,ASYMMETRIC_RESERVE_BAND,UPRO,LAG2,10,staged,0.2,0.1,rule,31.90274835
2015-07-14,2015-07-13,2015-07-10,deployment,recovery_1_of_3,-2.659129276,2.656654912,UPRO,True,1,7257,ASYMMETRIC_RESERVE_BAND,UPRO,LAG2,10,staged,0.2,0.1,rule,11.67209801
2015-08-11,2015-08-10,2015-08-07,deployment,recovery_2_of_3,-2.65922901,2.659137085,UPRO,True,21,7277,ASYMMETRIC_RESERVE_BAND,UPRO,LAG2,10,staged,0.2,0.1,rule,11.6087357
2015-10-27,2015-10-26,2015-10-23,deployment,recovery_1_of_3,-0.8839369322,0.8830763966,UPRO,True,1,7331,ASYMMETRIC_RESERVE_BAND,UPRO,LAG2,10,staged,0.2,0.1,rule,4.469346496
2015-11-20,2015-11-19,2015-11-18,deployment,recovery_1_of_3,-0.5881818312,0.5876044463,UPRO,True,1,7349,ASYMMETRIC_RESERVE_BAND,UPRO,LAG2,10,staged,0.2,0.1,rule,3.102320014
2015-12-08,2015-12-07,2015-12-04,deployment,recovery_1_of_3,-0.3913858037,0.3909991731,UPRO,True,1,7360,ASYMMETRIC_RESERVE_BAND,UPRO,LAG2,10,staged,0.2,0.1,rule,2.053069918
2015-12-18,2015-12-17,2015-12-16,deployment,recovery_1_of_3,-0.2604268491,0.2601686277,UPRO,True,1,7368,ASYMMETRIC_RESERVE_BAND,UPRO,LAG2,10,staged,0.2,0.1,rule,1.431844005
2015-12-28,2015-12-24,2015-12-23,deployment,recovery_1_of_3,-0.17328084,0.1731085645,UPRO,True,1,7373,ASYMMETRIC_RESERVE_BAND,UPRO,LAG2,10,staged,0.2,0.1,rule,0.9810940999
2015-12-31,2015-12-30,2015-12-29,deployment,recovery_1_of_3,-0.1152950154,0.1151801677,UPRO,True,1,7376,ASYMMETRIC_RESERVE_BAND,UPRO,LAG2,10,staged,0.2,0.1,rule,0.6561853943
2016-03-15,2016-03-14,2016-03-11,deployment,recovery_1_of_3,-0.07675497802,0.07667843539,UPRO,True,1,7426,ASYMMETRIC_RESERVE_BAND,UPRO,LAG2,10,staged,0.2,0.1,rule,0.4679996212
2016-03-18,2016-03-17,2016-03-16,deployment,recovery_1_of_3,-0.05106938337,0.05101840652,UPRO,True,1,7429,ASYMMETRIC_RESERVE_BAND,UPRO,LAG2,10,staged,0.2,0.1,rule,0.3064970601
2016-04-18,2016-04-15,2016-04-14,deployment,recovery_2_of_3,-0.05107983208,0.05107978836,UPRO,True,21,7449,ASYMMETRIC_RESERVE_BAND,UPRO,LAG2,10,staged,0.2,0.1,rule,0.2895286916
2016-06-14,2016-06-13,2016-06-10,deployment,recovery_3_of_3,-0.05099959789,0.05099955433,UPRO,True,61,7489,ASYMMETRIC_RESERVE_BAND,UPRO,LAG2,10,staged,0.2,0.1,rule,0.2889519414
2018-04-05,2018-04-04,2018-04-03,deployment,recovery_1_of_3,-2.801258073,2.798599247,UPRO,True,1,7944,ASYMMETRIC_RESERVE_BAND,UPRO,LAG2,10,staged,0.2,0.1,rule,9.310156618
2018-05-03,2018-05-02,2018-05-01,deployment,recovery_2_of_3,-2.805110029,2.805037439,UPRO,True,21,7964,ASYMMETRIC_RESERVE_BAND,UPRO,LAG2,10,staged,0.2,0.1,rule,9.485244818
2018-06-29,2018-06-28,2018-06-27,deployment,recovery_3_of_3,-2.808093031,2.808026296,UPRO,True,61,8004,ASYMMETRIC_RESERVE_BAND,UPRO,LAG2,10,staged,0.2,0.1,rule,8.692547884
2020-03-04,2020-03-03,2020-03-02,deployment,recovery_1_of_3,-4.937304972,4.932751416,UPRO,True,1,8425,ASYMMETRIC_RESERVE_BAND,UPRO,LAG2,10,staged,0.2,0.1,rule,16.0904942
2020-03-06,2020-03-05,2020-03-04,deployment,recovery_1_of_3,-3.285591304,3.2824631,UPRO,True,1,8427,ASYMMETRIC_RESERVE_BAND,UPRO,LAG2,10,staged,0.2,0.1,rule,9.853948288
2020-05-29,2020-05-28,2020-05-27,deployment,recovery_1_of_3,-2.187010371,2.184895157,UPRO,True,1,8485,ASYMMETRIC_RESERVE_BAND,UPRO,LAG2,10,staged,0.2,0.1,rule,6.762688045
2020-06-16,2020-06-15,2020-06-12,deployment,recovery_1_of_3,-1.45530134,1.453877711,UPRO,True,1,8497,ASYMMETRIC_RESERVE_BAND,UPRO,LAG2,10,staged,0.2,0.1,rule,4.482517159
2020-07-01,2020-06-30,2020-06-29,deployment,recovery_1_of_3,-0.9683664743,0.967412208,UPRO,True,1,8508,ASYMMETRIC_RESERVE_BAND,UPRO,LAG2,10,staged,0.2,0.1,rule,2.999200887
2020-07-30,2020-07-29,2020-07-28,deployment,recovery_2_of_3,-0.9684681919,0.9684620796,UPRO,True,21,8528,ASYMMETRIC_RESERVE_BAND,UPRO,LAG2,10,staged,0.2,0.1,rule,2.594850595
2020-09-25,2020-09-24,2020-09-23,deployment,recovery_3_of_3,-19.15047392,19.1480956,UPRO,True,61,8568,ASYMMETRIC_RESERVE_BAND,UPRO,LAG2,10,staged,0.2,0.1,rule,57.93340369
2022-02-02,2022-02-01,2022-01-31,deployment,recovery_1_of_3,-14.02495085,14.0120039,UPRO,True,1,8909,ASYMMETRIC_RESERVE_BAND,UPRO,LAG2,10,staged,0.2,0.1,rule,20.2641297
2022-02-17,2022-02-16,2022-02-15,deployment,recovery_1_of_3,-9.333950413,9.325133513,UPRO,True,1,8920,ASYMMETRIC_RESERVE_BAND,UPRO,LAG2,10,staged,0.2,0.1,rule,14.70338752
2022-03-24,2022-03-23,2022-03-22,deployment,recovery_1_of_3,-6.21321157,6.207241455,UPRO,True,1,8944,ASYMMETRIC_RESERVE_BAND,UPRO,LAG2,10,staged,0.2,0.1,rule,10.42148783
2022-03-28,2022-03-25,2022-03-24,deployment,recovery_1_of_3,-4.134293248,4.130261993,UPRO,True,1,8946,ASYMMETRIC_RESERVE_BAND,UPRO,LAG2,10,staged,0.2,0.1,rule,6.626365436
2022-04-11,2022-04-08,2022-04-07,deployment,recovery_1_of_3,-2.751440512,2.748736295,UPRO,True,1,8956,ASYMMETRIC_RESERVE_BAND,UPRO,LAG2,10,staged,0.2,0.1,rule,4.567178793
2022-12-02,2022-12-01,2022-11-30,deployment,recovery_1_of_3,-1.860269972,1.858434034,UPRO,True,1,9119,ASYMMETRIC_RESERVE_BAND,UPRO,LAG2,10,staged,0.2,0.1,rule,3.489236566
2023-01-18,2023-01-17,2023-01-13,deployment,recovery_1_of_3,-1.24481803,1.243585137,UPRO,True,1,9149,ASYMMETRIC_RESERVE_BAND,UPRO,LAG2,10,staged,0.2,0.1,rule,2.558759874
2023-01-24,2023-01-23,2023-01-20,deployment,recovery_1_of_3,-0.8288732288,0.8280498704,UPRO,True,1,9153,ASYMMETRIC_RESERVE_BAND,UPRO,LAG2,10,staged,0.2,0.1,rule,1.777958657
2023-02-22,2023-02-21,2023-02-17,deployment,recovery_2_of_3,-0.8319963707,0.8319935139,UPRO,True,21,9173,ASYMMETRIC_RESERVE_BAND,UPRO,LAG2,10,staged,0.2,0.1,rule,1.835475737
2023-03-20,2023-03-17,2023-03-16,deployment,recovery_1_of_3,-0.277391294,0.2771146015,UPRO,True,1,9191,ASYMMETRIC_RESERVE_BAND,UPRO,LAG2,10,staged,0.2,0.1,rule,0.6736236253
2023-03-22,2023-03-21,2023-03-20,deployment,recovery_1_of_3,-0.1846507217,0.1844663696,UPRO,True,1,9193,ASYMMETRIC_RESERVE_BAND,UPRO,LAG2,10,staged,0.2,0.1,rule,0.4323338413
2023-04-20,2023-04-19,2023-04-18,deployment,recovery_2_of_3,-0.1853712626,0.1853711266,UPRO,True,21,9213,ASYMMETRIC_RESERVE_BAND,UPRO,LAG2,10,staged,0.2,0.1,rule,0.3922171872
2023-06-16,2023-06-15,2023-06-14,deployment,recovery_3_of_3,-0.1865228192,0.1865227033,UPRO,True,61,9253,ASYMMETRIC_RESERVE_BAND,UPRO,LAG2,10,staged,0.2,0.1,rule,0.3322998434
2025-03-26,2025-03-25,2025-03-24,deployment,recovery_1_of_3,-16.02122026,16.00632148,UPRO,True,1,9697,ASYMMETRIC_RESERVE_BAND,UPRO,LAG2,10,staged,0.2,0.1,rule,20.92463866
2025-05-14,2025-05-13,2025-05-12,deployment,recovery_1_of_3,-10.7229521,10.7127373,UPRO,True,1,9731,ASYMMETRIC_RESERVE_BAND,UPRO,LAG2,10,staged,0.2,0.1,rule,14.16906492
2025-06-12,2025-06-11,2025-06-10,deployment,recovery_2_of_3,-10.76014544,10.75990387,UPRO,True,21,9751,ASYMMETRIC_RESERVE_BAND,UPRO,LAG2,10,staged,0.2,0.1,rule,13.38996317
2025-08-11,2025-08-08,2025-08-07,deployment,recovery_3_of_3,-10.81364415,10.81343573,UPRO,True,61,9791,ASYMMETRIC_RESERVE_BAND,UPRO,LAG2,10,staged,0.2,0.1,rule,11.45859713
2026-04-10,2026-04-09,2026-04-08,deployment,recovery_1_of_3,-20.76403506,20.74473762,UPRO,True,1,9958,ASYMMETRIC_RESERVE_BAND,UPRO,LAG2,10,staged,0.2,0.1,rule,23.48337168
2026-05-08,2026-05-07,2026-05-06,deployment,recovery_2_of_3,-20.82285898,20.82225163,UPRO,True,21,9978,ASYMMETRIC_RESERVE_BAND,UPRO,LAG2,10,staged,0.2,0.1,rule,19.14056056
2026-07-08,2026-07-07,2026-07-06,deployment,recovery_3_of_3,-73.94365041,73.93634616,UPRO,True,61,10018,ASYMMETRIC_RESERVE_BAND,UPRO,LAG2,10,staged,0.2,0.1,rule,69.83445135
1987-10-21,1987-10-20,1987-10-19,deployment,drawdown_20_30,-0.04281445743,0.04281255083,SP500_1X,False,0,269,HWM_DRAWDOWN,UPRO,LAG2,10,drawdown,0.15,0.1,rule,20.42594169
2001-03-14,2001-03-13,2001-03-12,deployment,drawdown_20,-0.5851479776,0.5851208058,SP500_1X,False,0,3653,HWM_DRAWDOWN,UPRO,LAG2,10,drawdown,0.15,0.1,rule,26.23004794
2001-09-19,2001-09-18,2001-09-17,deployment,drawdown_30,-0.7455047836,0.7454555607,SP500_1X,False,0,3780,HWM_DRAWDOWN,UPRO,LAG2,10,drawdown,0.15,0.1,rule,38.50348765
2002-07-22,2002-07-19,2002-07-18,deployment,drawdown_40,-0.7569531471,0.7568907687,SP500_1X,False,0,3990,HWM_DRAWDOWN,UPRO,LAG2,10,drawdown,0.15,0.1,rule,50.09391606
2008-07-16,2008-07-15,2008-07-14,deployment,drawdown_20,-0.2775318858,0.2775272567,SP500_1X,False,0,5497,HWM_DRAWDOWN,UPRO,LAG2,10,drawdown,0.15,0.1,rule,9.98192487
2008-10-08,2008-10-07,2008-10-06,deployment,drawdown_30,-0.348062744,0.3480540358,SP500_1X,False,0,5556,HWM_DRAWDOWN,UPRO,LAG2,10,drawdown,0.15,0.1,rule,15.18984477
2008-10-13,2008-10-10,2008-10-09,deployment,drawdown_40,-0.3480826966,0.3480731104,SP500_1X,False,0,5559,HWM_DRAWDOWN,UPRO,LAG2,10,drawdown,0.15,0.1,rule,16.81905984
2008-11-24,2008-11-21,2008-11-20,deployment,drawdown_50,-0.4178766697,0.4178612564,SP500_1X,False,0,5589,HWM_DRAWDOWN,UPRO,LAG2,10,drawdown,0.15,0.1,rule,22.61597503
2020-03-16,2020-03-13,2020-03-12,deployment,drawdown_20,-3.200593342,3.200510002,SP500_1X,False,0,8433,HWM_DRAWDOWN,UPRO,LAG2,10,drawdown,0.15,0.1,rule,18.35582839
2020-03-24,2020-03-23,2020-03-20,deployment,drawdown_30,-4.000902912,4.00074856,SP500_1X,False,0,8439,HWM_DRAWDOWN,UPRO,LAG2,10,drawdown,0.15,0.1,rule,27.79449888
2022-06-15,2022-06-14,2022-06-13,deployment,drawdown_20,-6.851414087,6.851235745,SP500_1X,False,0,9001,HWM_DRAWDOWN,UPRO,LAG2,10,drawdown,0.15,0.1,rule,19.72934982
1987-10-21,1987-10-20,1987-10-19,deployment,drawdown_20_30,-0.04772550084,0.04772307552,SP500_1X,False,0,269,BAND_DRAWDOWN,UPRO,LAG2,10,drawdown,0.2,0.1,rule,21.574969
2001-03-14,2001-03-13,2001-03-12,deployment,drawdown_20,-0.562413967,0.5623889117,SP500_1X,False,0,3653,BAND_DRAWDOWN,UPRO,LAG2,10,drawdown,0.2,0.1,rule,22.82254325
2001-09-19,2001-09-18,2001-09-17,deployment,drawdown_30,-0.7165406338,0.7164951872,SP500_1X,False,0,3780,BAND_DRAWDOWN,UPRO,LAG2,10,drawdown,0.2,0.1,rule,33.50149632
2002-07-22,2002-07-19,2002-07-18,deployment,drawdown_40,-0.7275442086,0.727486521,SP500_1X,False,0,3990,BAND_DRAWDOWN,UPRO,LAG2,10,drawdown,0.2,0.1,rule,43.58795715
2008-07-16,2008-07-15,2008-07-14,deployment,drawdown_20,-0.5868106857,0.5867908804,SP500_1X,False,0,5497,BAND_DRAWDOWN,UPRO,LAG2,10,drawdown,0.2,0.1,rule,20.22397699
2008-10-08,2008-10-07,2008-10-06,deployment,drawdown_30,-0.7359404375,0.7359037168,SP500_1X,False,0,5556,BAND_DRAWDOWN,UPRO,LAG2,10,drawdown,0.2,0.1,rule,30.77605968
2008-10-13,2008-10-10,2008-10-09,deployment,drawdown_40,-0.7359826251,0.7359424355,SP500_1X,False,0,5559,BAND_DRAWDOWN,UPRO,LAG2,10,drawdown,0.2,0.1,rule,34.07785103
2008-11-24,2008-11-21,2008-11-20,deployment,drawdown_50,-0.8834498765,0.8833855214,SP500_1X,False,0,5589,BAND_DRAWDOWN,UPRO,LAG2,10,drawdown,0.2,0.1,rule,45.81906453
2020-03-16,2020-03-13,2020-03-12,deployment,drawdown_20,-2.760102043,2.760041556,SP500_1X,False,0,8433,BAND_DRAWDOWN,UPRO,LAG2,10,drawdown,0.2,0.1,rule,15.48040885
2020-03-24,2020-03-23,2020-03-20,deployment,drawdown_30,-3.450266597,3.450154189,SP500_1X,False,0,8439,BAND_DRAWDOWN,UPRO,LAG2,10,drawdown,0.2,0.1,rule,23.44042571
2022-06-15,2022-06-14,2022-06-13,deployment,drawdown_20,-8.061793702,8.061553508,SP500_1X,False,0,9001,BAND_DRAWDOWN,UPRO,LAG2,10,drawdown,0.2,0.1,rule,23.38331266
1986-11-24,1986-11-21,1986-11-20,deployment,recovery_1_of_3,-0.005897725552,0.005883142549,UPRO,True,1,40,HWM_RESERVE,UPRO,LAG2,25,staged,0.15,0.1,rule,1.625278917
1986-12-23,1986-12-22,1986-12-19,deployment,recovery_2_of_3,-0.005925872246,0.005925774063,UPRO,True,21,60,HWM_RESERVE,UPRO,LAG2,25,staged,0.15,0.1,rule,1.974799396
1987-02-20,1987-02-19,1987-02-18,deployment,recovery_3_of_3,-0.01511510841,0.01511465812,UPRO,True,61,100,HWM_RESERVE,UPRO,LAG2,25,staged,0.15,0.1,rule,3.567713868
1988-06-08,1988-06-07,1988-06-06,deployment,recovery_1_of_3,-0.02348680776,0.0234306415,UPRO,True,1,428,HWM_RESERVE,UPRO,LAG2,25,staged,0.15,0.1,rule,6.956526097
1988-06-10,1988-06-09,1988-06-08,deployment,recovery_1_of_3,-0.01558860598,0.01555069587,UPRO,True,1,430,HWM_RESERVE,UPRO,LAG2,25,staged,0.15,0.1,rule,4.349595556
1988-07-11,1988-07-08,1988-07-07,deployment,recovery_2_of_3,-0.01567156411,0.01567101849,UPRO,True,21,450,HWM_RESERVE,UPRO,LAG2,25,staged,0.15,0.1,rule,4.450679113
1988-08-26,1988-08-25,1988-08-24,deployment,recovery_1_of_3,-0.005234145783,0.005221202381,UPRO,True,1,484,HWM_RESERVE,UPRO,LAG2,25,staged,0.15,0.1,rule,1.737857217
1988-09-07,1988-09-06,1988-09-02,deployment,recovery_1_of_3,-0.003480778437,0.003472135831,UPRO,True,1,491,HWM_RESERVE,UPRO,LAG2,25,staged,0.15,0.1,rule,1.091646802
1988-10-05,1988-10-04,1988-10-03,deployment,recovery_2_of_3,-0.003500786717,0.003500758075,UPRO,True,21,511,HWM_RESERVE,UPRO,LAG2,25,staged,0.15,0.1,rule,1.047494868
1988-11-25,1988-11-23,1988-11-22,deployment,recovery_1_of_3,-0.001170589883,0.001167670273,UPRO,True,1,547,HWM_RESERVE,UPRO,LAG2,25,staged,0.15,0.1,rule,0.3755051489
1988-12-23,1988-12-22,1988-12-21,deployment,recovery_2_of_3,-0.001178341184,0.001178337952,UPRO,True,21,567,HWM_RESERVE,UPRO,LAG2,25,staged,0.15,0.1,rule,0.3512055605
1989-02-22,1989-02-21,1989-02-17,deployment,recovery_3_of_3,-0.001189439362,0.001189436612,UPRO,True,61,607,HWM_RESERVE,UPRO,LAG2,25,staged,0.15,0.1,rule,0.2959241943
1990-03-12,1990-03-09,1990-03-08,deployment,recovery_1_of_3,-0.00585296504,0.005838440371,UPRO,True,1,872,HWM_RESERVE,UPRO,LAG2,25,staged,0.15,0.1,rule,1.191506025
1990-03-20,1990-03-19,1990-03-16,deployment,recovery_1_of_3,-0.003891403177,0.00388172161,UPRO,True,1,878,HWM_RESERVE,UPRO,LAG2,25,staged,0.15,0.1,rule,0.7806777841
1990-03-29,1990-03-28,1990-03-27,deployment,recovery_1_of_3,-0.002586589659,0.002580145132,UPRO,True,1,885,HWM_RESERVE,UPRO,LAG2,25,staged,0.15,0.1,rule,0.5492873673
1990-04-05,1990-04-04,1990-04-03,deployment,recovery_1_of_3,-0.001718471971,0.001714185756,UPRO,True,1,890,HWM_RESERVE,UPRO,LAG2,25,staged,0.15,0.1,rule,0.3754085568
1990-04-11,1990-04-10,1990-04-09,deployment,recovery_1_of_3,-0.001141446518,0.001138597337,UPRO,True,1,894,HWM_RESERVE,UPRO,LAG2,25,staged,0.15,0.1,rule,0.2515354011
1990-05-10,1990-05-09,1990-05-08,deployment,recovery_1_of_3,-0.0007620253856,0.0007601223545,UPRO,True,1,914,HWM_RESERVE,UPRO,LAG2,25,staged,0.15,0.1,rule,0.1726755241
1990-06-08,1990-06-07,1990-06-06,deployment,recovery_2_of_3,-0.0007668630759,0.0007668622006,UPRO,True,21,934,HWM_RESERVE,UPRO,LAG2,25,staged,0.15,0.1,rule,0.1477712091
1990-08-06,1990-08-03,1990-08-02,deployment,recovery_3_of_3,-0.0007725275045,0.0007725264403,UPRO,True,61,974,HWM_RESERVE,UPRO,LAG2,25,staged,0.15,0.1,rule,0.1783787304
1992-03-13,1992-03-12,1992-03-11,deployment,recovery_3_of_3,-0.01631728234,0.01631694876,UPRO,True,61,1380,HWM_RESERVE,UPRO,LAG2,25,staged,0.15,0.1,rule,2.668849011
1993-01-18,1993-01-15,1993-01-14,deployment,recovery_3_of_3,-0.01230029242,0.0123001292,UPRO,True,61,1594,HWM_RESERVE,UPRO,LAG2,25,staged,0.15,0.1,rule,1.741623076
1994-06-16,1994-06-15,1994-06-14,deployment,recovery_1_of_3,-0.02212720989,0.02207281402,UPRO,True,1,1951,HWM_RESERVE,UPRO,LAG2,25,staged,0.15,0.1,rule,2.805011984
1994-08-03,1994-08-02,1994-08-01,deployment,recovery_1_of_3,-0.01476353101,0.01472703128,UPRO,True,1,1984,HWM_RESERVE,UPRO,LAG2,25,staged,0.15,0.1,rule,1.865013085
1994-08-05,1994-08-04,1994-08-03,deployment,recovery_1_of_3,-0.009796128542,0.009771819363,UPRO,True,1,1986,HWM_RESERVE,UPRO,LAG2,25,staged,0.15,0.1,rule,1.244531475
1994-08-16,1994-08-15,1994-08-12,deployment,recovery_1_of_3,-0.006507236647,0.006491048767,UPRO,True,1,1993,HWM_RESERVE,UPRO,LAG2,25,staged,0.15,0.1,rule,0.8296185538
1994-09-14,1994-09-13,1994-09-12,deployment,recovery_2_of_3,-0.006531462077,0.006531423016,UPRO,True,21,2013,HWM_RESERVE,UPRO,LAG2,25,staged,0.15,0.1,rule,0.8048915957
1994-09-29,1994-09-28,1994-09-27,deployment,recovery_1_of_3,-0.002165174874,0.002159770864,UPRO,True,1,2024,HWM_RESERVE,UPRO,LAG2,25,staged,0.15,0.1,rule,0.2774845369
1994-10-13,1994-10-12,1994-10-11,deployment,recovery_1_of_3,-0.001438968737,0.001435375475,UPRO,True,1,2034,HWM_RESERVE,UPRO,LAG2,25,staged,0.15,0.1,rule,0.1945665225
1994-11-10,1994-11-09,1994-11-08,deployment,recovery_2_of_3,-0.001444669395,0.001444667284,UPRO,True,21,2054,HWM_RESERVE,UPRO,LAG2,25,staged,0.15,0.1,rule,0.1967034182
1994-12-20,1994-12-19,1994-12-16,deployment,recovery_1_of_3,-0.0004809082028,0.0004797064427,UPRO,True,1,2081,HWM_RESERVE,UPRO,LAG2,25,staged,0.15,0.1,rule,0.07144636282
1994-12-23,1994-12-22,1994-12-21,deployment,recovery_1_of_3,-0.0003191529653,0.0003183553088,UPRO,True,1,2084,HWM_RESERVE,UPRO,LAG2,25,staged,0.15,0.1,rule,0.04764633628
1995-01-24,1995-01-23,1995-01-20,deployment,recovery_2_of_3,-0.0003207732622,0.0003207731516,UPRO,True,21,2104,HWM_RESERVE,UPRO,LAG2,25,staged,0.15,0.1,rule,0.04642613789
1995-03-22,1995-03-21,1995-03-20,deployment,recovery_3_of_3,-0.0003221365862,0.0003221364925,UPRO,True,61,2144,HWM_RESERVE,UPRO,LAG2,25,staged,0.15,0.1,rule,0.03917909447
1996-07-19,1996-07-18,1996-07-17,deployment,recovery_1_of_3,-0.1119818255,0.1117142064,UPRO,True,1,2480,HWM_RESERVE,UPRO,LAG2,25,staged,0.15,0.1,rule,7.939041933
1996-07-30,1996-07-29,1996-07-26,deployment,recovery_1_of_3,-0.07441729149,0.07423713123,UPRO,True,1,2487,HWM_RESERVE,UPRO,LAG2,25,staged,0.15,0.1,rule,5.717659047
1996-08-01,1996-07-31,1996-07-30,deployment,recovery_1_of_3,-0.04938599727,0.04926506633,UPRO,True,1,2489,HWM_RESERVE,UPRO,LAG2,25,staged,0.15,0.1,rule,3.707950447
1996-08-29,1996-08-28,1996-08-27,deployment,recovery_2_of_3,-0.04958252109,0.04958136966,UPRO,True,21,2509,HWM_RESERVE,UPRO,LAG2,25,staged,0.15,0.1,rule,3.349490456
1996-10-25,1996-10-24,1996-10-23,deployment,recovery_3_of_3,-0.06545135096,0.06544962261,UPRO,True,61,2549,HWM_RESERVE,UPRO,LAG2,25,staged,0.15,0.1,rule,3.813825311
1998-09-25,1998-09-24,1998-09-23,deployment,recovery_1_of_3,-0.5322576112,0.531025192,UPRO,True,1,3032,HWM_RESERVE,UPRO,LAG2,25,staged,0.15,0.1,rule,14.98585458
1998-10-26,1998-10-23,1998-10-22,deployment,recovery_1_of_3,-0.3543501349,0.3535067472,UPRO,True,1,3053,HWM_RESERVE,UPRO,LAG2,25,staged,0.15,0.1,rule,9.717017787
1998-10-28,1998-10-27,1998-10-26,deployment,recovery_1_of_3,-0.2352131347,0.2346439633,UPRO,True,1,3055,HWM_RESERVE,UPRO,LAG2,25,staged,0.15,0.1,rule,6.499588678
1998-11-02,1998-10-30,1998-10-29,deployment,recovery_1_of_3,-0.1561048326,0.15572263,UPRO,True,1,3058,HWM_RESERVE,UPRO,LAG2,25,staged,0.15,0.1,rule,4.179979464
1998-12-01,1998-11-30,1998-11-27,deployment,recovery_2_of_3,-0.1567039725,0.156700496,UPRO,True,21,3078,HWM_RESERVE,UPRO,LAG2,25,staged,0.15,0.1,rule,3.581522444
1999-01-29,1999-01-28,1999-01-27,deployment,recovery_3_of_3,-0.2643068209,0.2642988693,UPRO,True,61,3118,HWM_RESERVE,UPRO,LAG2,25,staged,0.15,0.1,rule,4.872540898
1999-10-08,1999-10-07,1999-10-06,deployment,recovery_1_of_3,-0.1944773843,0.194000275,UPRO,True,1,3293,HWM_RESERVE,UPRO,LAG2,25,staged,0.15,0.1,rule,3.891729974
1999-11-01,1999-10-29,1999-10-28,deployment,recovery_1_of_3,-0.1294059172,0.1290865382,UPRO,True,1,3309,HWM_RESERVE,UPRO,LAG2,25,staged,0.15,0.1,rule,2.664139925
1999-11-30,1999-11-29,1999-11-26,deployment,recovery_2_of_3,-0.1299779622,0.1299760422,UPRO,True,21,3329,HWM_RESERVE,UPRO,LAG2,25,staged,0.15,0.1,rule,2.460109603
2000-01-27,2000-01-26,2000-01-25,deployment,recovery_3_of_3,-0.1304433223,0.1304413109,UPRO,True,61,3369,HWM_RESERVE,UPRO,LAG2,25,staged,0.15,0.1,rule,2.56875771
2014-10-23,2014-10-22,2014-10-21,deployment,recovery_1_of_3,-0.996140206,0.9937511787,UPRO,True,1,7077,HWM_RESERVE,UPRO,LAG2,25,staged,0.15,0.1,rule,9.023376233
2014-11-20,2014-11-19,2014-11-18,deployment,recovery_2_of_3,-0.9961557025,0.9961132399,UPRO,True,21,7097,HWM_RESERVE,UPRO,LAG2,25,staged,0.15,0.1,rule,7.510732888
2015-01-21,2015-01-20,2015-01-16,deployment,recovery_3_of_3,-1.315875744,1.315798476,UPRO,True,61,7137,HWM_RESERVE,UPRO,LAG2,25,staged,0.15,0.1,rule,10.41539881
2015-07-14,2015-07-13,2015-07-10,deployment,recovery_1_of_3,-0.1213250413,0.1210229603,UPRO,True,1,7257,HWM_RESERVE,UPRO,LAG2,25,staged,0.15,0.1,rule,0.905786508
2015-08-11,2015-08-10,2015-08-07,deployment,recovery_2_of_3,-0.1213295918,0.1213289783,UPRO,True,21,7277,HWM_RESERVE,UPRO,LAG2,25,staged,0.15,0.1,rule,0.9022776817
2015-10-27,2015-10-26,2015-10-23,deployment,recovery_1_of_3,-0.04014375109,0.04004354746,UPRO,True,1,7331,HWM_RESERVE,UPRO,LAG2,25,staged,0.15,0.1,rule,0.3462902379
2015-11-20,2015-11-19,2015-11-18,deployment,recovery_1_of_3,-0.02663071267,0.0265642076,UPRO,True,1,7349,HWM_RESERVE,UPRO,LAG2,25,staged,0.15,0.1,rule,0.2403714138
2015-12-08,2015-12-07,2015-12-04,deployment,recovery_1_of_3,-0.01766678665,0.01762265117,UPRO,True,1,7360,HWM_RESERVE,UPRO,LAG2,25,staged,0.15,0.1,rule,0.1590742788
2015-12-18,2015-12-17,2015-12-16,deployment,recovery_1_of_3,-0.01171989925,0.01169061407,UPRO,True,1,7368,HWM_RESERVE,UPRO,LAG2,25,staged,0.15,0.1,rule,0.1109409623
2015-12-28,2015-12-24,2015-12-23,deployment,recovery_1_of_3,-0.007774581889,0.007755152055,UPRO,True,1,7373,HWM_RESERVE,UPRO,LAG2,25,staged,0.15,0.1,rule,0.07601632802
2015-12-31,2015-12-30,2015-12-29,deployment,recovery_1_of_3,-0.00515736115,0.005144470684,UPRO,True,1,7376,HWM_RESERVE,UPRO,LAG2,25,staged,0.15,0.1,rule,0.0508420183
2016-03-15,2016-03-14,2016-03-11,deployment,recovery_1_of_3,-0.003423067059,0.003414510782,UPRO,True,1,7426,HWM_RESERVE,UPRO,LAG2,25,staged,0.15,0.1,rule,0.03626116264
2016-03-18,2016-03-17,2016-03-16,deployment,recovery_1_of_3,-0.00227071308,0.002265036901,UPRO,True,1,7429,HWM_RESERVE,UPRO,LAG2,25,staged,0.15,0.1,rule,0.02374775372
2016-04-18,2016-04-15,2016-04-14,deployment,recovery_2_of_3,-0.002271177664,0.002271177378,UPRO,True,21,7449,HWM_RESERVE,UPRO,LAG2,25,staged,0.15,0.1,rule,0.02246679314
2016-06-14,2016-06-13,2016-06-10,deployment,recovery_3_of_3,-0.002260788374,0.002260788091,UPRO,True,61,7489,HWM_RESERVE,UPRO,LAG2,25,staged,0.15,0.1,rule,0.02235456845
2018-04-05,2018-04-04,2018-04-03,deployment,recovery_1_of_3,-1.604026978,1.600167704,UPRO,True,1,7944,HWM_RESERVE,UPRO,LAG2,25,staged,0.15,0.1,rule,8.893535942
2018-05-03,2018-05-02,2018-05-01,deployment,recovery_2_of_3,-1.606232644,1.606155664,UPRO,True,21,7964,HWM_RESERVE,UPRO,LAG2,25,staged,0.15,0.1,rule,9.074021038
2018-06-29,2018-06-28,2018-06-27,deployment,recovery_3_of_3,-1.603211464,1.603141145,UPRO,True,61,8004,HWM_RESERVE,UPRO,LAG2,25,staged,0.15,0.1,rule,8.291415437
2018-10-16,2018-10-15,2018-10-12,deployment,recovery_1_of_3,-0.0274781984,0.02740954271,UPRO,True,1,8079,HWM_RESERVE,UPRO,LAG2,25,staged,0.15,0.1,rule,0.1370568976
2018-10-18,2018-10-17,2018-10-16,deployment,recovery_1_of_3,-0.01822967767,0.01818412002,UPRO,True,1,8081,HWM_RESERVE,UPRO,LAG2,25,staged,0.15,0.1,rule,0.08587215128
2018-11-09,2018-11-08,2018-11-07,deployment,recovery_1_of_3,-0.01210944675,0.01207918076,UPRO,True,1,8097,HWM_RESERVE,UPRO,LAG2,25,staged,0.15,0.1,rule,0.05963003306
2018-12-06,2018-12-04,2018-12-03,deployment,recovery_1_of_3,-0.008046282697,0.008026170735,UPRO,True,1,8114,HWM_RESERVE,UPRO,LAG2,25,staged,0.15,0.1,rule,0.04401921641
2019-02-14,2019-02-13,2019-02-12,deployment,recovery_1_of_3,-0.005362550542,0.005349145803,UPRO,True,1,8161,HWM_RESERVE,UPRO,LAG2,25,staged,0.15,0.1,rule,0.02888690145
2019-03-13,2019-03-12,2019-03-11,deployment,recovery_1_of_3,-0.003563629692,0.003554721342,UPRO,True,1,8179,HWM_RESERVE,UPRO,LAG2,25,staged,0.15,0.1,rule,0.01921649067
2019-04-10,2019-04-09,2019-04-08,deployment,recovery_2_of_3,-0.003570309397,0.003570309067,UPRO,True,21,8199,HWM_RESERVE,UPRO,LAG2,25,staged,0.15,0.1,rule,0.01751050768
2019-06-06,2019-06-05,2019-06-04,deployment,recovery_1_of_3,-0.001185638162,0.001182674149,UPRO,True,1,8238,HWM_RESERVE,UPRO,LAG2,25,staged,0.15,0.1,rule,0.006579494707
2019-07-05,2019-07-03,2019-07-02,deployment,recovery_2_of_3,-0.001187632607,0.001187632572,UPRO,True,21,8258,HWM_RESERVE,UPRO,LAG2,25,staged,0.15,0.1,rule,0.005659527474
2019-08-30,2019-08-29,2019-08-28,deployment,recovery_3_of_3,-0.001185503132,0.001185503094,UPRO,True,61,8298,HWM_RESERVE,UPRO,LAG2,25,staged,0.15,0.1,rule,0.00605994837
2020-03-04,2020-03-03,2020-03-02,deployment,recovery_1_of_3,-0.9087058103,0.9064774939,UPRO,True,1,8425,HWM_RESERVE,UPRO,LAG2,25,staged,0.15,0.1,rule,4.656746043
2020-03-06,2020-03-05,2020-03-04,deployment,recovery_1_of_3,-0.6028607568,0.6013712849,UPRO,True,1,8427,HWM_RESERVE,UPRO,LAG2,25,staged,0.15,0.1,rule,2.851828796
2020-05-29,2020-05-28,2020-05-27,deployment,recovery_1_of_3,-0.4000669273,0.3990748092,UPRO,True,1,8485,HWM_RESERVE,UPRO,LAG2,25,staged,0.15,0.1,rule,1.957187915
2020-06-16,2020-06-15,2020-06-12,deployment,recovery_1_of_3,-0.2654107648,0.2647507776,UPRO,True,1,8497,HWM_RESERVE,UPRO,LAG2,25,staged,0.15,0.1,rule,1.297284209
2020-07-01,2020-06-30,2020-06-29,deployment,recovery_1_of_3,-0.1760730169,0.1756344055,UPRO,True,1,8508,HWM_RESERVE,UPRO,LAG2,25,staged,0.15,0.1,rule,0.8679980048
2020-07-30,2020-07-29,2020-07-28,deployment,recovery_2_of_3,-0.1760915117,0.1760908306,UPRO,True,21,8528,HWM_RESERVE,UPRO,LAG2,25,staged,0.15,0.1,rule,0.7521086043
2020-09-25,2020-09-24,2020-09-23,deployment,recovery_3_of_3,-1.127703946,1.127675469,UPRO,True,61,8568,HWM_RESERVE,UPRO,LAG2,25,staged,0.15,0.1,rule,4.952811483
2022-02-02,2022-02-01,2022-01-31,deployment,recovery_1_of_3,-6.13261986,6.117982587,UPRO,True,1,8909,HWM_RESERVE,UPRO,LAG2,25,staged,0.15,0.1,rule,11.91141027
2022-02-17,2022-02-16,2022-02-15,deployment,recovery_1_of_3,-4.069476072,4.059635333,UPRO,True,1,8920,HWM_RESERVE,UPRO,LAG2,25,staged,0.15,0.1,rule,8.642763521
2022-03-24,2022-03-23,2022-03-22,deployment,recovery_1_of_3,-2.700897628,2.694301686,UPRO,True,1,8944,HWM_RESERVE,UPRO,LAG2,25,staged,0.15,0.1,rule,6.125830172
2022-03-28,2022-03-25,2022-03-24,deployment,recovery_1_of_3,-1.791860194,1.787446548,UPRO,True,1,8946,HWM_RESERVE,UPRO,LAG2,25,staged,0.15,0.1,rule,3.895028231
2022-04-11,2022-04-08,2022-04-07,deployment,recovery_1_of_3,-1.188963088,1.186020852,UPRO,True,1,8956,HWM_RESERVE,UPRO,LAG2,25,staged,0.15,0.1,rule,2.684622589
2022-12-02,2022-12-01,2022-11-30,deployment,recovery_1_of_3,-0.8014684292,0.799480273,UPRO,True,1,9119,HWM_RESERVE,UPRO,LAG2,25,staged,0.15,0.1,rule,2.050999913
2023-01-18,2023-01-17,2023-01-13,deployment,recovery_1_of_3,-0.5347083096,0.5333791236,UPRO,True,1,9149,HWM_RESERVE,UPRO,LAG2,25,staged,0.15,0.1,rule,1.504058603
2023-01-24,2023-01-23,2023-01-20,deployment,recovery_1_of_3,-0.3549753374,0.354091397,UPRO,True,1,9153,HWM_RESERVE,UPRO,LAG2,25,staged,0.15,0.1,rule,1.045097683
2023-02-22,2023-02-21,2023-02-17,deployment,recovery_2_of_3,-0.356312862,0.3563110472,UPRO,True,21,9173,HWM_RESERVE,UPRO,LAG2,25,staged,0.15,0.1,rule,1.0805256
2023-03-20,2023-03-17,2023-03-16,deployment,recovery_1_of_3,-0.1182621424,0.1179669277,UPRO,True,1,9191,HWM_RESERVE,UPRO,LAG2,25,staged,0.15,0.1,rule,0.395365777
2023-03-22,2023-03-21,2023-03-20,deployment,recovery_1_of_3,-0.07848737398,0.07829134328,UPRO,True,1,9193,HWM_RESERVE,UPRO,LAG2,25,staged,0.15,0.1,rule,0.2537470461
2023-04-20,2023-04-19,2023-04-18,deployment,recovery_2_of_3,-0.07879364605,0.07879356043,UPRO,True,21,9213,HWM_RESERVE,UPRO,LAG2,25,staged,0.15,0.1,rule,0.2305476129
2023-06-16,2023-06-15,2023-06-14,deployment,recovery_3_of_3,-0.07904489504,0.07904482248,UPRO,True,61,9253,HWM_RESERVE,UPRO,LAG2,25,staged,0.15,0.1,rule,0.1947409866
2025-03-26,2025-03-25,2025-03-24,deployment,recovery_1_of_3,-2.988013177,2.980680382,UPRO,True,1,9697,HWM_RESERVE,UPRO,LAG2,25,staged,0.15,0.1,rule,5.009855243
2025-05-14,2025-05-13,2025-05-12,deployment,recovery_1_of_3,-1.993768826,1.988846394,UPRO,True,1,9731,HWM_RESERVE,UPRO,LAG2,25,staged,0.15,0.1,rule,3.392410513
2025-06-12,2025-06-11,2025-06-10,deployment,recovery_2_of_3,-2.000684358,2.0006549,UPRO,True,21,9751,HWM_RESERVE,UPRO,LAG2,25,staged,0.15,0.1,rule,3.210748148
2025-08-11,2025-08-08,2025-08-07,deployment,recovery_3_of_3,-2.004538047,2.004512845,UPRO,True,61,9791,HWM_RESERVE,UPRO,LAG2,25,staged,0.15,0.1,rule,2.739282024
2026-04-10,2026-04-09,2026-04-08,deployment,recovery_1_of_3,-2.50040209,2.494226364,UPRO,True,1,9958,HWM_RESERVE,UPRO,LAG2,25,staged,0.15,0.1,rule,3.340240814
2026-05-08,2026-05-07,2026-05-06,deployment,recovery_2_of_3,-2.507485657,2.507454775,UPRO,True,21,9978,HWM_RESERVE,UPRO,LAG2,25,staged,0.15,0.1,rule,2.726730145
2026-07-08,2026-07-07,2026-07-06,deployment,recovery_3_of_3,-7.495308455,7.495045869,UPRO,True,61,10018,HWM_RESERVE,UPRO,LAG2,25,staged,0.15,0.1,rule,7.827866048
1986-10-03,1986-10-02,1986-10-01,deployment,recovery_1_of_3,-0.03336277949,0.03328489765,UPRO,True,1,4,ASYMMETRIC_RESERVE_BAND,UPRO,LAG2,25,staged,0.2,0.1,rule,1.205905023
1986-10-31,1986-10-30,1986-10-29,deployment,recovery_2_of_3,-0.03349903666,0.03349652796,UPRO,True,21,24,ASYMMETRIC_RESERVE_BAND,UPRO,LAG2,25,staged,0.2,0.1,rule,1.083131863
1986-11-24,1986-11-21,1986-11-20,deployment,recovery_1_of_3,-0.03821282427,0.03812407301,UPRO,True,1,40,ASYMMETRIC_RESERVE_BAND,UPRO,LAG2,25,staged,0.2,0.1,rule,1.393322472
1986-12-23,1986-12-22,1986-12-19,deployment,recovery_2_of_3,-0.03839519367,0.03839111817,UPRO,True,21,60,ASYMMETRIC_RESERVE_BAND,UPRO,LAG2,25,staged,0.2,0.1,rule,1.691942723
1987-02-20,1987-02-19,1987-02-18,deployment,recovery_3_of_3,-0.1222298642,0.1222003684,UPRO,True,61,100,ASYMMETRIC_RESERVE_BAND,UPRO,LAG2,25,staged,0.2,0.1,rule,4.077516074
1988-06-08,1988-06-07,1988-06-06,deployment,recovery_1_of_3,-0.04766201526,0.04755328125,UPRO,True,1,428,ASYMMETRIC_RESERVE_BAND,UPRO,LAG2,25,staged,0.2,0.1,rule,2.126149536
1988-06-10,1988-06-09,1988-06-08,deployment,recovery_1_of_3,-0.03164089058,0.03156613755,UPRO,True,1,430,ASYMMETRIC_RESERVE_BAND,UPRO,LAG2,25,staged,0.2,0.1,rule,1.329383437
1988-07-11,1988-07-08,1988-07-07,deployment,recovery_2_of_3,-0.0318092744,0.03180704013,UPRO,True,21,450,ASYMMETRIC_RESERVE_BAND,UPRO,LAG2,25,staged,0.2,0.1,rule,1.360183408
1988-08-26,1988-08-25,1988-08-24,deployment,recovery_1_of_3,-0.01062552653,0.01059954276,UPRO,True,1,484,ASYMMETRIC_RESERVE_BAND,UPRO,LAG2,25,staged,0.2,0.1,rule,0.5311850242
1988-09-07,1988-09-06,1988-09-02,deployment,recovery_1_of_3,-0.007066499155,0.007049075532,UPRO,True,1,491,ASYMMETRIC_RESERVE_BAND,UPRO,LAG2,25,staged,0.2,0.1,rule,0.3336674771
1988-10-05,1988-10-04,1988-10-03,deployment,recovery_2_of_3,-0.007107118945,0.007107001803,UPRO,True,21,511,ASYMMETRIC_RESERVE_BAND,UPRO,LAG2,25,staged,0.2,0.1,rule,0.3201666622
1988-11-25,1988-11-23,1988-11-22,deployment,recovery_1_of_3,-0.002376556406,0.002370643085,UPRO,True,1,547,ASYMMETRIC_RESERVE_BAND,UPRO,LAG2,25,staged,0.2,0.1,rule,0.114777085
1988-12-23,1988-12-22,1988-12-21,deployment,recovery_2_of_3,-0.002392293263,0.002392280045,UPRO,True,21,567,ASYMMETRIC_RESERVE_BAND,UPRO,LAG2,25,staged,0.2,0.1,rule,0.1073490211
1989-02-22,1989-02-21,1989-02-17,deployment,recovery_3_of_3,-0.002414847165,0.002414835919,UPRO,True,61,607,ASYMMETRIC_RESERVE_BAND,UPRO,LAG2,25,staged,0.2,0.1,rule,0.09045287395
1990-03-12,1990-03-09,1990-03-08,deployment,recovery_1_of_3,-0.06920013686,0.06904168681,UPRO,True,1,872,ASYMMETRIC_RESERVE_BAND,UPRO,LAG2,25,staged,0.2,0.1,rule,2.336714958
1990-03-20,1990-03-19,1990-03-16,deployment,recovery_1_of_3,-0.04602607638,0.04591736118,UPRO,True,1,878,ASYMMETRIC_RESERVE_BAND,UPRO,LAG2,25,staged,0.2,0.1,rule,1.531021596
1990-03-29,1990-03-28,1990-03-27,deployment,recovery_1_of_3,-0.03060121766,0.0305276761,UPRO,True,1,885,ASYMMETRIC_RESERVE_BAND,UPRO,LAG2,25,staged,0.2,0.1,rule,1.077231655
1990-04-05,1990-04-04,1990-04-03,deployment,recovery_1_of_3,-0.02033441575,0.02028492336,UPRO,True,1,890,ASYMMETRIC_RESERVE_BAND,UPRO,LAG2,25,staged,0.2,0.1,rule,0.7362302597
1990-04-11,1990-04-10,1990-04-09,deployment,recovery_1_of_3,-0.01350820233,0.0134750298,UPRO,True,1,894,ASYMMETRIC_RESERVE_BAND,UPRO,LAG2,25,staged,0.2,0.1,rule,0.4932971566
1990-05-10,1990-05-09,1990-05-08,deployment,recovery_1_of_3,-0.009018770283,0.008996497288,UPRO,True,1,914,ASYMMETRIC_RESERVE_BAND,UPRO,LAG2,25,staged,0.2,0.1,rule,0.3386415776
1990-06-08,1990-06-07,1990-06-06,deployment,recovery_2_of_3,-0.009076025616,0.009075907454,UPRO,True,21,934,ASYMMETRIC_RESERVE_BAND,UPRO,LAG2,25,staged,0.2,0.1,rule,0.2897925791
1990-08-06,1990-08-03,1990-08-02,deployment,recovery_3_of_3,-0.009143466194,0.009143322648,UPRO,True,61,974,ASYMMETRIC_RESERVE_BAND,UPRO,LAG2,25,staged,0.2,0.1,rule,0.3498361521
1992-03-13,1992-03-12,1992-03-11,deployment,recovery_3_of_3,-0.2149508645,0.2148952791,UPRO,True,61,1380,ASYMMETRIC_RESERVE_BAND,UPRO,LAG2,25,staged,0.2,0.1,rule,6.427252232
1993-01-18,1993-01-15,1993-01-14,deployment,recovery_3_of_3,-0.2397526761,0.2396930603,UPRO,True,61,1594,ASYMMETRIC_RESERVE_BAND,UPRO,LAG2,25,staged,0.2,0.1,rule,6.862779645
1994-06-16,1994-06-15,1994-06-14,deployment,recovery_1_of_3,-0.08673806695,0.08653494305,UPRO,True,1,1951,ASYMMETRIC_RESERVE_BAND,UPRO,LAG2,25,staged,0.2,0.1,rule,2.411944802
1994-08-03,1994-08-02,1994-08-01,deployment,recovery_1_of_3,-0.05788611242,0.05774748661,UPRO,True,1,1984,ASYMMETRIC_RESERVE_BAND,UPRO,LAG2,25,staged,0.2,0.1,rule,1.603668234
1994-08-05,1994-08-04,1994-08-03,deployment,recovery_1_of_3,-0.03841544876,0.03832210675,UPRO,True,1,1986,ASYMMETRIC_RESERVE_BAND,UPRO,LAG2,25,staged,0.2,0.1,rule,1.070134901
1994-08-16,1994-08-15,1994-08-12,deployment,recovery_1_of_3,-0.02552073932,0.02545813167,UPRO,True,1,1993,ASYMMETRIC_RESERVE_BAND,UPRO,LAG2,25,staged,0.2,0.1,rule,0.7133638534
1994-09-14,1994-09-13,1994-09-12,deployment,recovery_2_of_3,-0.02561574906,0.02561516727,UPRO,True,21,2013,ASYMMETRIC_RESERVE_BAND,UPRO,LAG2,25,staged,0.2,0.1,rule,0.6920779781
1994-09-29,1994-09-28,1994-09-27,deployment,recovery_1_of_3,-0.008492196669,0.008471099128,UPRO,True,1,2024,ASYMMETRIC_RESERVE_BAND,UPRO,LAG2,25,staged,0.2,0.1,rule,0.2386088296
1994-10-13,1994-10-12,1994-10-11,deployment,recovery_1_of_3,-0.005644024064,0.00562997594,UPRO,True,1,2034,ASYMMETRIC_RESERVE_BAND,UPRO,LAG2,25,staged,0.2,0.1,rule,0.167307666
1994-11-10,1994-11-09,1994-11-08,deployment,recovery_2_of_3,-0.005666383584,0.005666352153,UPRO,True,21,2054,ASYMMETRIC_RESERVE_BAND,UPRO,LAG2,25,staged,0.2,0.1,rule,0.169143811
1994-12-20,1994-12-19,1994-12-16,deployment,recovery_1_of_3,-0.001886283352,0.001881575243,UPRO,True,1,2081,ASYMMETRIC_RESERVE_BAND,UPRO,LAG2,25,staged,0.2,0.1,rule,0.06143719588
1994-12-23,1994-12-22,1994-12-21,deployment,recovery_1_of_3,-0.001251832498,0.00124870628,UPRO,True,1,2084,ASYMMETRIC_RESERVE_BAND,UPRO,LAG2,25,staged,0.2,0.1,rule,0.04097139699
1995-01-24,1995-01-23,1995-01-20,deployment,recovery_2_of_3,-0.001258187884,0.001258186237,UPRO,True,21,2104,ASYMMETRIC_RESERVE_BAND,UPRO,LAG2,25,staged,0.2,0.1,rule,0.0399220612
1995-03-22,1995-03-21,1995-03-20,deployment,recovery_3_of_3,-0.001263539138,0.001263537742,UPRO,True,61,2144,ASYMMETRIC_RESERVE_BAND,UPRO,LAG2,25,staged,0.2,0.1,rule,0.03369042741
1996-07-19,1996-07-18,1996-07-17,deployment,recovery_1_of_3,-0.1081866912,0.1079277492,UPRO,True,1,2480,ASYMMETRIC_RESERVE_BAND,UPRO,LAG2,25,staged,0.2,0.1,rule,1.735249891
1996-07-30,1996-07-29,1996-07-26,deployment,recovery_1_of_3,-0.07189469912,0.07172045932,UPRO,True,1,2487,ASYMMETRIC_RESERVE_BAND,UPRO,LAG2,25,staged,0.2,0.1,rule,1.249718457
1996-08-01,1996-07-31,1996-07-30,deployment,recovery_1_of_3,-0.04771166808,0.0475947566,UPRO,True,1,2489,ASYMMETRIC_RESERVE_BAND,UPRO,LAG2,25,staged,0.2,0.1,rule,0.8104530322
1996-08-29,1996-08-28,1996-08-27,deployment,recovery_2_of_3,-0.04790152917,0.0479004534,UPRO,True,21,2509,ASYMMETRIC_RESERVE_BAND,UPRO,LAG2,25,staged,0.2,0.1,rule,0.7321050602
1996-10-25,1996-10-24,1996-10-23,deployment,recovery_3_of_3,-0.6434235761,0.6432569501,UPRO,True,61,2549,ASYMMETRIC_RESERVE_BAND,UPRO,LAG2,25,staged,0.2,0.1,rule,9.333413803
1998-09-25,1998-09-24,1998-09-23,deployment,recovery_1_of_3,-0.4988588058,0.4977010756,UPRO,True,1,3032,ASYMMETRIC_RESERVE_BAND,UPRO,LAG2,25,staged,0.2,0.1,rule,3.619262929
1998-10-26,1998-10-23,1998-10-22,deployment,recovery_1_of_3,-0.3321113822,0.3313197787,UPRO,True,1,3053,ASYMMETRIC_RESERVE_BAND,UPRO,LAG2,25,staged,0.2,0.1,rule,2.346775892
1998-10-28,1998-10-27,1998-10-26,deployment,recovery_1_of_3,-0.2204498092,0.2199158535,UPRO,True,1,3055,ASYMMETRIC_RESERVE_BAND,UPRO,LAG2,25,staged,0.2,0.1,rule,1.569728321
1998-11-02,1998-10-30,1998-10-29,deployment,recovery_1_of_3,-0.1463061234,0.1459476941,UPRO,True,1,3058,ASYMMETRIC_RESERVE_BAND,UPRO,LAG2,25,staged,0.2,0.1,rule,1.009514982
1998-12-01,1998-11-30,1998-11-27,deployment,recovery_2_of_3,-0.1468676553,0.1468644912,UPRO,True,21,3078,ASYMMETRIC_RESERVE_BAND,UPRO,LAG2,25,staged,0.2,0.1,rule,0.8649817511
1999-01-29,1999-01-28,1999-01-27,deployment,recovery_3_of_3,-2.173947287,2.173391093,UPRO,True,61,3118,ASYMMETRIC_RESERVE_BAND,UPRO,LAG2,25,staged,0.2,0.1,rule,11.34491808
1999-10-08,1999-10-07,1999-10-06,deployment,recovery_1_of_3,-0.7603765691,0.7586180815,UPRO,True,1,3293,ASYMMETRIC_RESERVE_BAND,UPRO,LAG2,25,staged,0.2,0.1,rule,4.679786959
1999-11-01,1999-10-29,1999-10-28,deployment,recovery_1_of_3,-0.506105522,0.5049050362,UPRO,True,1,3309,ASYMMETRIC_RESERVE_BAND,UPRO,LAG2,25,staged,0.2,0.1,rule,3.203615708
1999-11-30,1999-11-29,1999-11-26,deployment,recovery_2_of_3,-0.5083427854,0.5083126258,UPRO,True,21,3329,ASYMMETRIC_RESERVE_BAND,UPRO,LAG2,25,staged,0.2,0.1,rule,2.957985441
2000-01-27,2000-01-26,2000-01-25,deployment,recovery_3_of_3,-0.5102385393,0.5102069609,UPRO,True,61,3369,ASYMMETRIC_RESERVE_BAND,UPRO,LAG2,25,staged,0.2,0.1,rule,3.089217862
2007-08-08,2007-08-07,2007-08-06,deployment,recovery_1_of_3,-0.7905462991,0.7887209312,UPRO,True,1,5261,ASYMMETRIC_RESERVE_BAND,UPRO,LAG2,25,staged,0.2,0.1,rule,5.384033227
2007-08-24,2007-08-23,2007-08-22,deployment,recovery_1_of_3,-0.5255778641,0.5243362689,UPRO,True,1,5273,ASYMMETRIC_RESERVE_BAND,UPRO,LAG2,25,staged,0.2,0.1,rule,3.906465979
2007-08-31,2007-08-30,2007-08-29,deployment,recovery_1_of_3,-0.3490142801,0.3481739846,UPRO,True,1,5278,ASYMMETRIC_RESERVE_BAND,UPRO,LAG2,25,staged,0.2,0.1,rule,2.622443014
2007-09-05,2007-09-04,2007-08-31,deployment,recovery_1_of_3,-0.2316823915,0.2311168778,UPRO,True,1,5280,ASYMMETRIC_RESERVE_BAND,UPRO,LAG2,25,staged,0.2,0.1,rule,1.675180832
2007-09-13,2007-09-12,2007-09-11,deployment,recovery_1_of_3,-0.1538428595,0.1534647125,UPRO,True,1,5286,ASYMMETRIC_RESERVE_BAND,UPRO,LAG2,25,staged,0.2,0.1,rule,1.192176532
2007-10-11,2007-10-10,2007-10-09,deployment,recovery_2_of_3,-0.1543043738,0.1543016188,UPRO,True,21,5306,ASYMMETRIC_RESERVE_BAND,UPRO,LAG2,25,staged,0.2,0.1,rule,1.011193147
2007-12-07,2007-12-06,2007-12-05,deployment,recovery_1_of_3,-0.05133988334,0.05121225294,UPRO,True,1,5346,ASYMMETRIC_RESERVE_BAND,UPRO,LAG2,25,staged,0.2,0.1,rule,0.3972660382
2007-12-14,2007-12-13,2007-12-12,deployment,recovery_1_of_3,-0.03407647994,0.03399162142,UPRO,True,1,5351,ASYMMETRIC_RESERVE_BAND,UPRO,LAG2,25,staged,0.2,0.1,rule,0.2768881514
2007-12-27,2007-12-26,2007-12-24,deployment,recovery_1_of_3,-0.02262884809,0.02257243148,UPRO,True,1,5359,ASYMMETRIC_RESERVE_BAND,UPRO,LAG2,25,staged,0.2,0.1,rule,0.1949566157
2009-06-03,2009-06-02,2009-06-01,deployment,recovery_1_of_3,-0.01524173336,0.01520374018,UPRO,True,1,5719,ASYMMETRIC_RESERVE_BAND,UPRO,LAG2,25,staged,0.2,0.1,rule,0.2072309046
2009-06-26,2009-06-25,2009-06-24,deployment,recovery_1_of_3,-0.01011172652,0.01008650363,UPRO,True,1,5736,ASYMMETRIC_RESERVE_BAND,UPRO,LAG2,25,staged,0.2,0.1,rule,0.1586408273
2009-07-13,2009-07-10,2009-07-09,deployment,recovery_1_of_3,-0.006708078751,0.006691337205,UPRO,True,1,5746,ASYMMETRIC_RESERVE_BAND,UPRO,LAG2,25,staged,0.2,0.1,rule,0.1214528532
2009-07-15,2009-07-14,2009-07-13,deployment,recovery_1_of_3,-0.004449846004,0.004438733116,UPRO,True,1,5748,ASYMMETRIC_RESERVE_BAND,UPRO,LAG2,25,staged,0.2,0.1,rule,0.07492596684
2009-08-12,2009-08-11,2009-08-10,deployment,recovery_2_of_3,-0.004450476733,0.004450472267,UPRO,True,21,5768,ASYMMETRIC_RESERVE_BAND,UPRO,LAG2,25,staged,0.2,0.1,rule,0.0570569411
2009-10-08,2009-10-07,2009-10-06,deployment,recovery_3_of_3,-0.004429193416,0.004429189717,UPRO,True,61,5808,ASYMMETRIC_RESERVE_BAND,UPRO,LAG2,25,staged,0.2,0.1,rule,0.0474808126
2012-11-21,2012-11-20,2012-11-19,deployment,recovery_1_of_3,-0.7693128224,0.7675394376,UPRO,True,1,6594,ASYMMETRIC_RESERVE_BAND,UPRO,LAG2,25,staged,0.2,0.1,rule,6.271267615
2012-12-20,2012-12-19,2012-12-18,deployment,recovery_2_of_3,-0.7693643367,0.7692961107,UPRO,True,21,6614,ASYMMETRIC_RESERVE_BAND,UPRO,LAG2,25,staged,0.2,0.1,rule,5.664391138
2013-02-20,2013-02-19,2013-02-15,deployment,recovery_3_of_3,-2.328616746,2.328094655,UPRO,True,61,6654,ASYMMETRIC_RESERVE_BAND,UPRO,LAG2,25,staged,0.2,0.1,rule,15.17678582
2014-10-23,2014-10-22,2014-10-21,deployment,recovery_1_of_3,-1.766385682,1.762299165,UPRO,True,1,7077,ASYMMETRIC_RESERVE_BAND,UPRO,LAG2,25,staged,0.2,0.1,rule,7.10791499
2014-11-20,2014-11-19,2014-11-18,deployment,recovery_2_of_3,-1.766413161,1.766274303,UPRO,True,21,7097,ASYMMETRIC_RESERVE_BAND,UPRO,LAG2,25,staged,0.2,0.1,rule,5.915869211
2015-01-21,2015-01-20,2015-01-16,deployment,recovery_3_of_3,-5.736917638,5.73539727,UPRO,True,61,7137,ASYMMETRIC_RESERVE_BAND,UPRO,LAG2,25,staged,0.2,0.1,rule,21.61059657
2015-07-14,2015-07-13,2015-07-10,deployment,recovery_1_of_3,-2.013861721,2.009176891,UPRO,True,1,7257,ASYMMETRIC_RESERVE_BAND,UPRO,LAG2,25,staged,0.2,0.1,rule,7.906560225
2015-08-11,2015-08-10,2015-08-07,deployment,recovery_2_of_3,-2.013937253,2.013762964,UPRO,True,21,7277,ASYMMETRIC_RESERVE_BAND,UPRO,LAG2,25,staged,0.2,0.1,rule,7.874640707
2015-10-27,2015-10-26,2015-10-23,deployment,recovery_1_of_3,-0.6665722758,0.6649499005,UPRO,True,1,7331,ASYMMETRIC_RESERVE_BAND,UPRO,LAG2,25,staged,0.2,0.1,rule,3.023246318
2015-11-20,2015-11-19,2015-11-18,deployment,recovery_1_of_3,-0.4422503019,0.4411649432,UPRO,True,1,7349,ASYMMETRIC_RESERVE_BAND,UPRO,LAG2,25,staged,0.2,0.1,rule,2.098534444
2015-12-08,2015-12-07,2015-12-04,deployment,recovery_1_of_3,-0.2934135804,0.2926889462,UPRO,True,1,7360,ASYMMETRIC_RESERVE_BAND,UPRO,LAG2,25,staged,0.2,0.1,rule,1.388779339
2015-12-18,2015-12-17,2015-12-16,deployment,recovery_1_of_3,-0.1946578495,0.1941753203,UPRO,True,1,7368,ASYMMETRIC_RESERVE_BAND,UPRO,LAG2,25,staged,0.2,0.1,rule,0.9685570632
2015-12-28,2015-12-24,2015-12-23,deployment,recovery_1_of_3,-0.1291346819,0.1288137155,UPRO,True,1,7373,ASYMMETRIC_RESERVE_BAND,UPRO,LAG2,25,staged,0.2,0.1,rule,0.6636516386
2015-12-31,2015-12-30,2015-12-29,deployment,recovery_1_of_3,-0.08566537288,0.08545203925,UPRO,True,1,7376,ASYMMETRIC_RESERVE_BAND,UPRO,LAG2,25,staged,0.2,0.1,rule,0.4438702793
2016-03-15,2016-03-14,2016-03-11,deployment,recovery_1_of_3,-0.05685928839,0.05671753288,UPRO,True,1,7426,ASYMMETRIC_RESERVE_BAND,UPRO,LAG2,25,staged,0.2,0.1,rule,0.3165738287
2016-03-18,2016-03-17,2016-03-16,deployment,recovery_1_of_3,-0.03771845572,0.03762433019,UPRO,True,1,7429,ASYMMETRIC_RESERVE_BAND,UPRO,LAG2,25,staged,0.2,0.1,rule,0.2073269793
2016-04-18,2016-04-15,2016-04-14,deployment,recovery_2_of_3,-0.03772617285,0.03772609211,UPRO,True,21,7449,ASYMMETRIC_RESERVE_BAND,UPRO,LAG2,25,staged,0.2,0.1,rule,0.196142866
2016-06-14,2016-06-13,2016-06-10,deployment,recovery_3_of_3,-0.03755384373,0.03755376377,UPRO,True,61,7489,ASYMMETRIC_RESERVE_BAND,UPRO,LAG2,25,staged,0.2,0.1,rule,0.1951647759
2018-04-05,2018-04-04,2018-04-03,deployment,recovery_1_of_3,-2.059330728,2.054444173,UPRO,True,1,7944,ASYMMETRIC_RESERVE_BAND,UPRO,LAG2,25,staged,0.2,0.1,rule,6.306540927
2018-05-03,2018-05-02,2018-05-01,deployment,recovery_2_of_3,-2.062162474,2.062028874,UPRO,True,21,7964,ASYMMETRIC_RESERVE_BAND,UPRO,LAG2,25,staged,0.2,0.1,rule,6.434312114
2018-06-29,2018-06-28,2018-06-27,deployment,recovery_3_of_3,-2.058385965,2.058263845,UPRO,True,61,8004,ASYMMETRIC_RESERVE_BAND,UPRO,LAG2,25,staged,0.2,0.1,rule,5.879764218
2020-03-04,2020-03-03,2020-03-02,deployment,recovery_1_of_3,-3.543528706,3.535358431,UPRO,True,1,8425,ASYMMETRIC_RESERVE_BAND,UPRO,LAG2,25,staged,0.2,0.1,rule,10.8994587
2020-03-06,2020-03-05,2020-03-04,deployment,recovery_1_of_3,-2.351530795,2.345933576,UPRO,True,1,8427,ASYMMETRIC_RESERVE_BAND,UPRO,LAG2,25,staged,0.2,0.1,rule,6.674916322
2020-05-29,2020-05-28,2020-05-27,deployment,recovery_1_of_3,-1.5607992,1.557025298,UPRO,True,1,8485,ASYMMETRIC_RESERVE_BAND,UPRO,LAG2,25,staged,0.2,0.1,rule,4.58094314
2020-06-16,2020-06-15,2020-06-12,deployment,recovery_1_of_3,-1.035587798,1.033055174,UPRO,True,1,8497,ASYMMETRIC_RESERVE_BAND,UPRO,LAG2,25,staged,0.2,0.1,rule,3.036389686
2020-07-01,2020-06-30,2020-06-29,deployment,recovery_1_of_3,-0.687064159,0.6853715092,UPRO,True,1,8508,ASYMMETRIC_RESERVE_BAND,UPRO,LAG2,25,staged,0.2,0.1,rule,2.031613559
2020-07-30,2020-07-29,2020-07-28,deployment,recovery_2_of_3,-0.6871363286,0.6871254707,UPRO,True,21,8528,ASYMMETRIC_RESERVE_BAND,UPRO,LAG2,25,staged,0.2,0.1,rule,1.76031735
2020-09-25,2020-09-24,2020-09-23,deployment,recovery_3_of_3,-13.56528196,13.56107024,UPRO,True,61,8568,ASYMMETRIC_RESERVE_BAND,UPRO,LAG2,25,staged,0.2,0.1,rule,39.24358541
2022-02-02,2022-02-01,2022-01-31,deployment,recovery_1_of_3,-9.917371312,9.894483587,UPRO,True,1,8909,ASYMMETRIC_RESERVE_BAND,UPRO,LAG2,25,staged,0.2,0.1,rule,13.72674578
2022-02-17,2022-02-16,2022-02-15,deployment,recovery_1_of_3,-6.582046403,6.566502813,UPRO,True,1,8920,ASYMMETRIC_RESERVE_BAND,UPRO,LAG2,25,staged,0.2,0.1,rule,9.959947235
2022-03-24,2022-03-23,2022-03-22,deployment,recovery_1_of_3,-4.368998791,4.358503645,UPRO,True,1,8944,ASYMMETRIC_RESERVE_BAND,UPRO,LAG2,25,staged,0.2,0.1,rule,7.059425511
2022-03-28,2022-03-25,2022-03-24,deployment,recovery_1_of_3,-2.898758432,2.891692148,UPRO,True,1,8946,ASYMMETRIC_RESERVE_BAND,UPRO,LAG2,25,staged,0.2,0.1,rule,4.4886425
2022-04-11,2022-04-08,2022-04-07,deployment,recovery_1_of_3,-1.923529204,1.918802917,UPRO,True,1,8956,ASYMMETRIC_RESERVE_BAND,UPRO,LAG2,25,staged,0.2,0.1,rule,3.093767319
2022-12-02,2022-12-01,2022-11-30,deployment,recovery_1_of_3,-1.296679054,1.293479757,UPRO,True,1,9119,ASYMMETRIC_RESERVE_BAND,UPRO,LAG2,25,staged,0.2,0.1,rule,2.3635786
2023-01-18,2023-01-17,2023-01-13,deployment,recovery_1_of_3,-0.8651178064,0.8629757297,UPRO,True,1,9149,ASYMMETRIC_RESERVE_BAND,UPRO,LAG2,25,staged,0.2,0.1,rule,1.733281755
2023-01-24,2023-01-23,2023-01-20,deployment,recovery_1_of_3,-0.5743350348,0.5729087505,UPRO,True,1,9153,ASYMMETRIC_RESERVE_BAND,UPRO,LAG2,25,staged,0.2,0.1,rule,1.20437378
2023-02-22,2023-02-21,2023-02-17,deployment,recovery_2_of_3,-0.5764990929,0.5764941368,UPRO,True,21,9173,ASYMMETRIC_RESERVE_BAND,UPRO,LAG2,25,staged,0.2,0.1,rule,1.245192558
2023-03-20,2023-03-17,2023-03-16,deployment,recovery_1_of_3,-0.1913458131,0.190868652,UPRO,True,1,9191,ASYMMETRIC_RESERVE_BAND,UPRO,LAG2,25,staged,0.2,0.1,rule,0.4556238482
2023-03-22,2023-03-21,2023-03-20,deployment,recovery_1_of_3,-0.126991667,0.1266747004,UPRO,True,1,9193,ASYMMETRIC_RESERVE_BAND,UPRO,LAG2,25,staged,0.2,0.1,rule,0.2924208728
2023-04-20,2023-04-19,2023-04-18,deployment,recovery_2_of_3,-0.1274872116,0.1274869778,UPRO,True,21,9213,ASYMMETRIC_RESERVE_BAND,UPRO,LAG2,25,staged,0.2,0.1,rule,0.2656851541
2023-06-16,2023-06-15,2023-06-14,deployment,recovery_3_of_3,-0.1278940569,0.1278938587,UPRO,True,61,9253,ASYMMETRIC_RESERVE_BAND,UPRO,LAG2,25,staged,0.2,0.1,rule,0.224422016
2025-03-26,2025-03-25,2025-03-24,deployment,recovery_1_of_3,-10.9360569,10.91063222,UPRO,True,1,9697,ASYMMETRIC_RESERVE_BAND,UPRO,LAG2,25,staged,0.2,0.1,rule,14.17417123
2025-05-14,2025-05-13,2025-05-12,deployment,recovery_1_of_3,-7.299076313,7.28169336,UPRO,True,1,9731,ASYMMETRIC_RESERVE_BAND,UPRO,LAG2,25,staged,0.2,0.1,rule,9.598003369
2025-06-12,2025-06-11,2025-06-10,deployment,recovery_2_of_3,-7.324393691,7.323982001,UPRO,True,21,9751,ASYMMETRIC_RESERVE_BAND,UPRO,LAG2,25,staged,0.2,0.1,rule,9.083238077
2025-08-11,2025-08-08,2025-08-07,deployment,recovery_3_of_3,-7.339486181,7.339133032,UPRO,True,61,9791,ASYMMETRIC_RESERVE_BAND,UPRO,LAG2,25,staged,0.2,0.1,rule,7.750816791
2026-04-10,2026-04-09,2026-04-08,deployment,recovery_1_of_3,-14.09200916,14.0592675,UPRO,True,1,9958,ASYMMETRIC_RESERVE_BAND,UPRO,LAG2,25,staged,0.2,0.1,rule,15.90750828
2026-05-08,2026-05-07,2026-05-06,deployment,recovery_2_of_3,-14.13193142,14.1308995,UPRO,True,21,9978,ASYMMETRIC_RESERVE_BAND,UPRO,LAG2,25,staged,0.2,0.1,rule,12.98382861
2026-07-08,2026-07-07,2026-07-06,deployment,recovery_3_of_3,-50.10606991,50.09369605,UPRO,True,61,10018,ASYMMETRIC_RESERVE_BAND,UPRO,LAG2,25,staged,0.2,0.1,rule,47.30746336
1987-10-21,1987-10-20,1987-10-19,deployment,drawdown_20_30,-0.04233483022,0.04233014168,SP500_1X,False,0,269,HWM_DRAWDOWN,UPRO,LAG2,25,drawdown,0.15,0.1,rule,14.68464811
2001-03-14,2001-03-13,2001-03-12,deployment,drawdown_20,-0.5118384588,0.5117799805,SP500_1X,False,0,3653,HWM_DRAWDOWN,UPRO,LAG2,25,drawdown,0.15,0.1,rule,18.57276505
2001-09-19,2001-09-18,2001-09-17,deployment,drawdown_30,-0.6521051667,0.6519991706,SP500_1X,False,0,3780,HWM_DRAWDOWN,UPRO,LAG2,25,drawdown,0.15,0.1,rule,27.26509433
2002-07-22,2002-07-19,2002-07-18,deployment,drawdown_40,-0.6621192366,0.6619834016,SP500_1X,False,0,3990,HWM_DRAWDOWN,UPRO,LAG2,25,drawdown,0.15,0.1,rule,35.848801
2008-07-16,2008-07-15,2008-07-14,deployment,drawdown_20,-0.1766219598,0.1766161438,SP500_1X,False,0,5497,HWM_DRAWDOWN,UPRO,LAG2,25,drawdown,0.15,0.1,rule,5.572770569
2008-10-08,2008-10-07,2008-10-06,deployment,drawdown_30,-0.2215079677,0.2214969935,SP500_1X,False,0,5556,HWM_DRAWDOWN,UPRO,LAG2,25,drawdown,0.15,0.1,rule,8.480418012
2008-10-13,2008-10-10,2008-10-09,deployment,drawdown_40,-0.2215206655,0.2215085699,SP500_1X,False,0,5559,HWM_DRAWDOWN,UPRO,LAG2,25,drawdown,0.15,0.1,rule,9.390231321
2008-11-24,2008-11-21,2008-11-20,deployment,drawdown_50,-0.2659070395,0.2658875792,SP500_1X,False,0,5589,HWM_DRAWDOWN,UPRO,LAG2,25,drawdown,0.15,0.1,rule,12.62558593
2020-03-16,2020-03-13,2020-03-12,deployment,drawdown_20,-2.214191913,2.214054948,SP500_1X,False,0,8433,HWM_DRAWDOWN,UPRO,LAG2,25,drawdown,0.15,0.1,rule,12.17822103
2020-03-24,2020-03-23,2020-03-20,deployment,drawdown_30,-2.767851434,2.767597484,SP500_1X,False,0,8439,HWM_DRAWDOWN,UPRO,LAG2,25,drawdown,0.15,0.1,rule,18.44099153
2022-06-15,2022-06-14,2022-06-13,deployment,drawdown_20,-4.793715829,4.793409978,SP500_1X,False,0,9001,HWM_DRAWDOWN,UPRO,LAG2,25,drawdown,0.15,0.1,rule,13.51274117
1987-10-21,1987-10-20,1987-10-19,deployment,drawdown_20_30,-0.04746707562,0.04746104516,SP500_1X,False,0,269,BAND_DRAWDOWN,UPRO,LAG2,25,drawdown,0.2,0.1,rule,15.09152577
2001-03-14,2001-03-13,2001-03-12,deployment,drawdown_20,-0.4991458981,0.4990903064,SP500_1X,False,0,3653,BAND_DRAWDOWN,UPRO,LAG2,25,drawdown,0.2,0.1,rule,15.96419441
2001-09-19,2001-09-18,2001-09-17,deployment,drawdown_30,-0.6359342748,0.6358334327,SP500_1X,False,0,3780,BAND_DRAWDOWN,UPRO,LAG2,25,drawdown,0.2,0.1,rule,23.43560652
2002-07-22,2002-07-19,2002-07-18,deployment,drawdown_40,-0.6457000159,0.6455706513,SP500_1X,False,0,3990,BAND_DRAWDOWN,UPRO,LAG2,25,drawdown,0.2,0.1,rule,30.81558473
2008-07-16,2008-07-15,2008-07-14,deployment,drawdown_20,-0.4769285425,0.4768883007,SP500_1X,False,0,5497,BAND_DRAWDOWN,UPRO,LAG2,25,drawdown,0.2,0.1,rule,14.15982299
2008-10-08,2008-10-07,2008-10-06,deployment,drawdown_30,-0.59813328,0.5980586646,SP500_1X,False,0,5556,BAND_DRAWDOWN,UPRO,LAG2,25,drawdown,0.2,0.1,rule,21.54895754
2008-10-13,2008-10-10,2008-10-09,deployment,drawdown_40,-0.5981675678,0.5980858977,SP500_1X,False,0,5559,BAND_DRAWDOWN,UPRO,LAG2,25,drawdown,0.2,0.1,rule,23.86261092
2008-11-24,2008-11-21,2008-11-20,deployment,drawdown_50,-0.7177668156,0.7176361201,SP500_1X,False,0,5589,BAND_DRAWDOWN,UPRO,LAG2,25,drawdown,0.2,0.1,rule,32.07552128
2020-03-16,2020-03-13,2020-03-12,deployment,drawdown_20,-2.026150734,2.026039727,SP500_1X,False,0,8433,BAND_DRAWDOWN,UPRO,LAG2,25,drawdown,0.2,0.1,rule,10.83859711
2020-03-24,2020-03-23,2020-03-20,deployment,drawdown_30,-2.532790487,2.532584187,SP500_1X,False,0,8439,BAND_DRAWDOWN,UPRO,LAG2,25,drawdown,0.2,0.1,rule,16.41233671
2022-06-15,2022-06-14,2022-06-13,deployment,drawdown_20,-5.789934475,5.789503211,SP500_1X,False,0,9001,BAND_DRAWDOWN,UPRO,LAG2,25,drawdown,0.2,0.1,rule,16.37182841
1986-11-24,1986-11-21,1986-11-20,deployment,recovery_1_of_3,-0.005784047659,0.005755439282,UPRO,True,1,40,HWM_RESERVE,UPRO,LAG2,50,staged,0.15,0.1,rule,0.8899053928
1986-12-23,1986-12-22,1986-12-19,deployment,recovery_2_of_3,-0.00581165183,0.005811461509,UPRO,True,21,60,HWM_RESERVE,UPRO,LAG2,50,staged,0.15,0.1,rule,1.083481238
1987-02-20,1987-02-19,1987-02-18,deployment,recovery_3_of_3,-0.01431478926,0.01431397546,UPRO,True,61,100,HWM_RESERVE,UPRO,LAG2,50,staged,0.15,0.1,rule,1.890190489
1988-06-08,1988-06-07,1988-06-06,deployment,recovery_1_of_3,-0.02324655657,0.02313537159,UPRO,True,1,428,HWM_RESERVE,UPRO,LAG2,50,staged,0.15,0.1,rule,3.861385896
1988-06-10,1988-06-09,1988-06-08,deployment,recovery_1_of_3,-0.01535515529,0.01528046991,UPRO,True,1,430,HWM_RESERVE,UPRO,LAG2,50,staged,0.15,0.1,rule,2.414346859
1988-07-11,1988-07-08,1988-07-07,deployment,recovery_2_of_3,-0.01543687107,0.01543579387,UPRO,True,21,450,HWM_RESERVE,UPRO,LAG2,50,staged,0.15,0.1,rule,2.476493096
1988-08-26,1988-08-25,1988-08-24,deployment,recovery_1_of_3,-0.005117733674,0.005092421853,UPRO,True,1,484,HWM_RESERVE,UPRO,LAG2,50,staged,0.15,0.1,rule,0.9622701946
1988-09-07,1988-09-06,1988-09-02,deployment,recovery_1_of_3,-0.00338650381,0.003369686439,UPRO,True,1,491,HWM_RESERVE,UPRO,LAG2,50,staged,0.15,0.1,rule,0.6044565518
1988-10-05,1988-10-04,1988-10-03,deployment,recovery_2_of_3,-0.003405970178,0.003405914461,UPRO,True,21,511,HWM_RESERVE,UPRO,LAG2,50,staged,0.15,0.1,rule,0.5814565289
1988-11-25,1988-11-23,1988-11-22,deployment,recovery_1_of_3,-0.001130361901,0.00112472328,UPRO,True,1,547,HWM_RESERVE,UPRO,LAG2,50,staged,0.15,0.1,rule,0.2073997874
1988-12-23,1988-12-22,1988-12-21,deployment,recovery_2_of_3,-0.001137846825,0.001137840601,UPRO,True,21,567,HWM_RESERVE,UPRO,LAG2,50,staged,0.15,0.1,rule,0.1944648345
1989-02-22,1989-02-21,1989-02-17,deployment,recovery_3_of_3,-0.001142802278,0.001142797036,UPRO,True,61,607,HWM_RESERVE,UPRO,LAG2,50,staged,0.15,0.1,rule,0.1630337055
1990-03-12,1990-03-09,1990-03-08,deployment,recovery_1_of_3,-0.004042643235,0.004022536529,UPRO,True,1,872,HWM_RESERVE,UPRO,LAG2,50,staged,0.15,0.1,rule,0.4719330901
1990-03-20,1990-03-19,1990-03-16,deployment,recovery_1_of_3,-0.002674379426,0.002661053699,UPRO,True,1,878,HWM_RESERVE,UPRO,LAG2,50,staged,0.15,0.1,rule,0.3092117634
1990-03-29,1990-03-28,1990-03-27,deployment,recovery_1_of_3,-0.001768762084,0.001759939755,UPRO,True,1,885,HWM_RESERVE,UPRO,LAG2,50,staged,0.15,0.1,rule,0.2175623784
1990-04-05,1990-04-04,1990-04-03,deployment,recovery_1_of_3,-0.00116925155,0.001163414997,UPRO,True,1,890,HWM_RESERVE,UPRO,LAG2,50,staged,0.15,0.1,rule,0.1486922571
1990-04-11,1990-04-10,1990-04-09,deployment,recovery_1_of_3,-0.0007727582119,0.0007688987182,UPRO,True,1,894,HWM_RESERVE,UPRO,LAG2,50,staged,0.15,0.1,rule,0.09962843377
1990-05-10,1990-05-09,1990-05-08,deployment,recovery_1_of_3,-0.000513309564,0.0005107449757,UPRO,True,1,914,HWM_RESERVE,UPRO,LAG2,50,staged,0.15,0.1,rule,0.0683935221
1990-06-08,1990-06-07,1990-06-06,deployment,recovery_2_of_3,-0.000516568291,0.000516567445,UPRO,True,21,934,HWM_RESERVE,UPRO,LAG2,50,staged,0.15,0.1,rule,0.05867638264
1990-08-06,1990-08-03,1990-08-02,deployment,recovery_3_of_3,-0.0005177698847,0.0005177688664,UPRO,True,61,974,HWM_RESERVE,UPRO,LAG2,50,staged,0.15,0.1,rule,0.07047412766
1992-03-13,1992-03-12,1992-03-11,deployment,recovery_3_of_3,-0.006938182133,0.006938052303,UPRO,True,61,1380,HWM_RESERVE,UPRO,LAG2,50,staged,0.15,0.1,rule,0.6729945617
1993-01-18,1993-01-15,1993-01-14,deployment,recovery_3_of_3,-0.007993891644,0.007993740986,UPRO,True,61,1594,HWM_RESERVE,UPRO,LAG2,50,staged,0.15,0.1,rule,0.6803910952
1994-06-16,1994-06-15,1994-06-14,deployment,recovery_1_of_3,-0.02018997756,0.02009070973,UPRO,True,1,1951,HWM_RESERVE,UPRO,LAG2,50,staged,0.15,0.1,rule,1.542378544
1994-08-03,1994-08-02,1994-08-01,deployment,recovery_1_of_3,-0.01340466794,0.01333838716,UPRO,True,1,1984,HWM_RESERVE,UPRO,LAG2,50,staged,0.15,0.1,rule,1.025505839
1994-08-05,1994-08-04,1994-08-03,deployment,recovery_1_of_3,-0.008850438909,0.008806513872,UPRO,True,1,1986,HWM_RESERVE,UPRO,LAG2,50,staged,0.15,0.1,rule,0.6843245788
1994-08-16,1994-08-15,1994-08-12,deployment,recovery_1_of_3,-0.005849833776,0.005820728755,UPRO,True,1,1993,HWM_RESERVE,UPRO,LAG2,50,staged,0.15,0.1,rule,0.4561783922
1994-09-14,1994-09-13,1994-09-12,deployment,recovery_2_of_3,-0.005871611798,0.005871541425,UPRO,True,21,2013,HWM_RESERVE,UPRO,LAG2,50,staged,0.15,0.1,rule,0.4436884075
1994-09-29,1994-09-28,1994-09-27,deployment,recovery_1_of_3,-0.00193184891,0.001922205548,UPRO,True,1,2024,HWM_RESERVE,UPRO,LAG2,50,staged,0.15,0.1,rule,0.152195723
1994-10-13,1994-10-12,1994-10-11,deployment,recovery_1_of_3,-0.001277484436,0.001271104378,UPRO,True,1,2034,HWM_RESERVE,UPRO,LAG2,50,staged,0.15,0.1,rule,0.1067165504
1994-11-10,1994-11-09,1994-11-08,deployment,recovery_2_of_3,-0.001282545353,0.001282541607,UPRO,True,21,2054,HWM_RESERVE,UPRO,LAG2,50,staged,0.15,0.1,rule,0.1081593664
1994-12-20,1994-12-19,1994-12-16,deployment,recovery_1_of_3,-0.0004237320688,0.0004216143031,UPRO,True,1,2081,HWM_RESERVE,UPRO,LAG2,50,staged,0.15,0.1,rule,0.03908831956
1994-12-23,1994-12-22,1994-12-21,deployment,recovery_1_of_3,-0.0002798010286,0.0002784024174,UPRO,True,1,2084,HWM_RESERVE,UPRO,LAG2,50,staged,0.15,0.1,rule,0.02606732022
1995-01-24,1995-01-23,1995-01-20,deployment,recovery_2_of_3,-0.0002812215409,0.0002812213475,UPRO,True,21,2104,HWM_RESERVE,UPRO,LAG2,50,staged,0.15,0.1,rule,0.02546354994
1995-03-22,1995-03-21,1995-03-20,deployment,recovery_3_of_3,-0.0002809978889,0.0002809977266,UPRO,True,61,2144,HWM_RESERVE,UPRO,LAG2,50,staged,0.15,0.1,rule,0.02138077868
1996-07-19,1996-07-18,1996-07-17,deployment,recovery_1_of_3,-0.09471278007,0.09425930964,UPRO,True,1,2480,HWM_RESERVE,UPRO,LAG2,50,staged,0.15,0.1,rule,4.194704269
1996-07-30,1996-07-29,1996-07-26,deployment,recovery_1_of_3,-0.06263949232,0.06233583308,UPRO,True,1,2487,HWM_RESERVE,UPRO,LAG2,50,staged,0.15,0.1,rule,3.021005433
1996-08-01,1996-07-31,1996-07-30,deployment,recovery_1_of_3,-0.04136776069,0.04116501033,UPRO,True,1,2489,HWM_RESERVE,UPRO,LAG2,50,staged,0.15,0.1,rule,1.959147678
1996-08-29,1996-08-28,1996-08-27,deployment,recovery_2_of_3,-0.0415323772,0.04153051505,UPRO,True,21,2509,HWM_RESERVE,UPRO,LAG2,50,staged,0.15,0.1,rule,1.774111963
1996-10-25,1996-10-24,1996-10-23,deployment,recovery_3_of_3,-0.04685501099,0.04685296934,UPRO,True,61,2549,HWM_RESERVE,UPRO,LAG2,50,staged,0.15,0.1,rule,1.723866297
1998-09-25,1998-09-24,1998-09-23,deployment,recovery_1_of_3,-0.4605352495,0.4584025067,UPRO,True,1,3032,HWM_RESERVE,UPRO,LAG2,50,staged,0.15,0.1,rule,8.207599766
1998-10-26,1998-10-23,1998-10-22,deployment,recovery_1_of_3,-0.3051791966,0.3037264652,UPRO,True,1,3053,HWM_RESERVE,UPRO,LAG2,50,staged,0.15,0.1,rule,5.321911572
1998-10-28,1998-10-27,1998-10-26,deployment,recovery_1_of_3,-0.2016085465,0.2006328288,UPRO,True,1,3055,HWM_RESERVE,UPRO,LAG2,50,staged,0.15,0.1,rule,3.559758452
1998-11-02,1998-10-30,1998-10-29,deployment,recovery_1_of_3,-0.1331539136,0.1325018896,UPRO,True,1,3058,HWM_RESERVE,UPRO,LAG2,50,staged,0.15,0.1,rule,2.289332136
1998-12-01,1998-11-30,1998-11-27,deployment,recovery_2_of_3,-0.1336649665,0.1336590227,UPRO,True,21,3078,HWM_RESERVE,UPRO,LAG2,50,staged,0.15,0.1,rule,1.966389648
1999-01-29,1999-01-28,1999-01-27,deployment,recovery_3_of_3,-0.1891452407,0.1891356709,UPRO,True,61,3118,HWM_RESERVE,UPRO,LAG2,50,staged,0.15,0.1,rule,2.240300378
1999-10-08,1999-10-07,1999-10-06,deployment,recovery_1_of_3,-0.1649993242,0.1641897332,UPRO,True,1,3293,HWM_RESERVE,UPRO,LAG2,50,staged,0.15,0.1,rule,2.126693147
1999-11-01,1999-10-29,1999-10-28,deployment,recovery_1_of_3,-0.1092521894,0.1087129079,UPRO,True,1,3309,HWM_RESERVE,UPRO,LAG2,50,staged,0.15,0.1,rule,1.45585849
1999-11-30,1999-11-29,1999-11-26,deployment,recovery_2_of_3,-0.1097351438,0.1097318958,UPRO,True,21,3329,HWM_RESERVE,UPRO,LAG2,50,staged,0.15,0.1,rule,1.347697566
2000-01-27,2000-01-26,2000-01-25,deployment,recovery_3_of_3,-0.1095800984,0.1095767295,UPRO,True,61,3369,HWM_RESERVE,UPRO,LAG2,50,staged,0.15,0.1,rule,1.40023649
2014-10-23,2014-10-22,2014-10-21,deployment,recovery_1_of_3,-0.4383899184,0.4362595486,UPRO,True,1,7077,HWM_RESERVE,UPRO,LAG2,50,staged,0.15,0.1,rule,3.339560929
2014-11-20,2014-11-19,2014-11-18,deployment,recovery_2_of_3,-0.4383967382,0.438370923,UPRO,True,21,7097,HWM_RESERVE,UPRO,LAG2,50,staged,0.15,0.1,rule,2.786605067
2015-01-21,2015-01-20,2015-01-16,deployment,recovery_3_of_3,-0.6349436347,0.634887148,UPRO,True,61,7137,HWM_RESERVE,UPRO,LAG2,50,staged,0.15,0.1,rule,4.236234949
2015-07-14,2015-07-13,2015-07-10,deployment,recovery_1_of_3,-0.07630127423,0.07592130118,UPRO,True,1,7257,HWM_RESERVE,UPRO,LAG2,50,staged,0.15,0.1,rule,0.4813572795
2015-08-11,2015-08-10,2015-08-07,deployment,recovery_2_of_3,-0.076304136,0.07630337035,UPRO,True,21,7277,HWM_RESERVE,UPRO,LAG2,50,staged,0.15,0.1,rule,0.4806925415
2015-10-27,2015-10-26,2015-10-23,deployment,recovery_1_of_3,-0.02505710012,0.02493200659,UPRO,True,1,7331,HWM_RESERVE,UPRO,LAG2,50,staged,0.15,0.1,rule,0.183564333
2015-11-20,2015-11-19,2015-11-18,deployment,recovery_1_of_3,-0.01653938767,0.01645677868,UPRO,True,1,7349,HWM_RESERVE,UPRO,LAG2,50,staged,0.15,0.1,rule,0.1274180252
2015-12-08,2015-12-07,2015-12-04,deployment,recovery_1_of_3,-0.01091734,0.01086279172,UPRO,True,1,7360,HWM_RESERVE,UPRO,LAG2,50,staged,0.15,0.1,rule,0.08432338163
2015-12-18,2015-12-17,2015-12-16,deployment,recovery_1_of_3,-0.00720617917,0.00717016596,UPRO,True,1,7368,HWM_RESERVE,UPRO,LAG2,50,staged,0.15,0.1,rule,0.05880848353
2015-12-28,2015-12-24,2015-12-23,deployment,recovery_1_of_3,-0.004756414155,0.004732640083,UPRO,True,1,7373,HWM_RESERVE,UPRO,LAG2,50,staged,0.15,0.1,rule,0.04029535062
2015-12-31,2015-12-30,2015-12-29,deployment,recovery_1_of_3,-0.0031394332,0.003123739565,UPRO,True,1,7376,HWM_RESERVE,UPRO,LAG2,50,staged,0.15,0.1,rule,0.0269507487
2016-03-15,2016-03-14,2016-03-11,deployment,recovery_1_of_3,-0.00207328959,0.002062924805,UPRO,True,1,7426,HWM_RESERVE,UPRO,LAG2,50,staged,0.15,0.1,rule,0.01922161068
2016-03-18,2016-03-17,2016-03-16,deployment,recovery_1_of_3,-0.001368445541,0.001361604033,UPRO,True,1,7429,HWM_RESERVE,UPRO,LAG2,50,staged,0.15,0.1,rule,0.01258840156
2016-04-18,2016-04-15,2016-04-14,deployment,recovery_2_of_3,-0.001368725523,0.001368725182,UPRO,True,21,7449,HWM_RESERVE,UPRO,LAG2,50,staged,0.15,0.1,rule,0.01193929955
2016-06-14,2016-06-13,2016-06-10,deployment,recovery_3_of_3,-0.001355618408,0.001355618074,UPRO,True,61,7489,HWM_RESERVE,UPRO,LAG2,50,staged,0.15,0.1,rule,0.01181997056
2018-04-05,2018-04-04,2018-04-03,deployment,recovery_1_of_3,-0.9051829144,0.9008157745,UPRO,True,1,7944,HWM_RESERVE,UPRO,LAG2,50,staged,0.15,0.1,rule,4.436687393
2018-05-03,2018-05-02,2018-05-01,deployment,recovery_2_of_3,-0.906427614,0.9063463579,UPRO,True,21,7964,HWM_RESERVE,UPRO,LAG2,50,staged,0.15,0.1,rule,4.537726795
2018-06-29,2018-06-28,2018-06-27,deployment,recovery_3_of_3,-0.9002876523,0.9002141589,UPRO,True,61,8004,HWM_RESERVE,UPRO,LAG2,50,staged,0.15,0.1,rule,4.12620843
2018-10-16,2018-10-15,2018-10-12,deployment,recovery_1_of_3,-0.003223679231,0.003207562656,UPRO,True,1,8079,HWM_RESERVE,UPRO,LAG2,50,staged,0.15,0.1,rule,0.01427743067
2018-10-18,2018-10-17,2018-10-16,deployment,recovery_1_of_3,-0.002127953647,0.002117314632,UPRO,True,1,8081,HWM_RESERVE,UPRO,LAG2,50,staged,0.15,0.1,rule,0.008945435859
2018-11-09,2018-11-08,2018-11-07,deployment,recovery_1_of_3,-0.001406459828,0.001399427874,UPRO,True,1,8097,HWM_RESERVE,UPRO,LAG2,50,staged,0.15,0.1,rule,0.006211753497
2018-12-06,2018-12-04,2018-12-03,deployment,recovery_1_of_3,-0.0009298616132,0.0009252124738,UPRO,True,1,8114,HWM_RESERVE,UPRO,LAG2,50,staged,0.15,0.1,rule,0.004585550392
2019-02-14,2019-02-13,2019-02-12,deployment,recovery_1_of_3,-0.0006166156404,0.0006135326356,UPRO,True,1,8161,HWM_RESERVE,UPRO,LAG2,50,staged,0.15,0.1,rule,0.003009193554
2019-03-13,2019-03-12,2019-03-11,deployment,recovery_1_of_3,-0.0004077142554,0.0004056757164,UPRO,True,1,8179,HWM_RESERVE,UPRO,LAG2,50,staged,0.15,0.1,rule,0.002001811789
2019-04-10,2019-04-09,2019-04-08,deployment,recovery_2_of_3,-0.0004084784793,0.0004084784646,UPRO,True,21,8199,HWM_RESERVE,UPRO,LAG2,50,staged,0.15,0.1,rule,0.001828680266
2019-06-06,2019-06-05,2019-06-04,deployment,recovery_1_of_3,-0.0001346287072,0.0001339555673,UPRO,True,1,8238,HWM_RESERVE,UPRO,LAG2,50,staged,0.15,0.1,rule,0.0006836653801
2019-07-05,2019-07-03,2019-07-02,deployment,recovery_2_of_3,-0.0001348551756,0.000134855174,UPRO,True,21,8258,HWM_RESERVE,UPRO,LAG2,50,staged,0.15,0.1,rule,0.0005895505667
2019-08-30,2019-08-29,2019-08-28,deployment,recovery_3_of_3,-0.0001339369166,0.0001339369149,UPRO,True,61,8298,HWM_RESERVE,UPRO,LAG2,50,staged,0.15,0.1,rule,0.0006280900153
2020-03-04,2020-03-03,2020-03-02,deployment,recovery_1_of_3,-0.4500078774,0.4477945432,UPRO,True,1,8425,HWM_RESERVE,UPRO,LAG2,50,staged,0.15,0.1,rule,2.113462609
2020-03-06,2020-03-05,2020-03-04,deployment,recovery_1_of_3,-0.2970722616,0.2956017592,UPRO,True,1,8427,HWM_RESERVE,UPRO,LAG2,50,staged,0.15,0.1,rule,1.29430153
2020-05-29,2020-05-28,2020-05-27,deployment,recovery_1_of_3,-0.1961628228,0.1951887404,UPRO,True,1,8485,HWM_RESERVE,UPRO,LAG2,50,staged,0.15,0.1,rule,0.8882690699
2020-06-16,2020-06-15,2020-06-12,deployment,recovery_1_of_3,-0.1294897495,0.1288452463,UPRO,True,1,8497,HWM_RESERVE,UPRO,LAG2,50,staged,0.15,0.1,rule,0.5887719973
2020-07-01,2020-06-30,2020-06-29,deployment,recovery_1_of_3,-0.08547484825,0.0850487749,UPRO,True,1,8508,HWM_RESERVE,UPRO,LAG2,50,staged,0.15,0.1,rule,0.3939405995
2020-07-30,2020-07-29,2020-07-28,deployment,recovery_2_of_3,-0.08548382657,0.08548326126,UPRO,True,21,8528,HWM_RESERVE,UPRO,LAG2,50,staged,0.15,0.1,rule,0.3421997101
2020-09-25,2020-09-24,2020-09-23,deployment,recovery_3_of_3,-0.413938248,0.4139247239,UPRO,True,61,8568,HWM_RESERVE,UPRO,LAG2,50,staged,0.15,0.1,rule,1.699531536
2022-02-02,2022-02-01,2022-01-31,deployment,recovery_1_of_3,-3.467822386,3.451267743,UPRO,True,1,8909,HWM_RESERVE,UPRO,LAG2,50,staged,0.15,0.1,rule,6.31198749
2022-02-17,2022-02-16,2022-02-15,deployment,recovery_1_of_3,-2.290200708,2.279124116,UPRO,True,1,8920,HWM_RESERVE,UPRO,LAG2,50,staged,0.15,0.1,rule,4.57989558
2022-03-24,2022-03-23,2022-03-22,deployment,recovery_1_of_3,-1.512648785,1.505260457,UPRO,True,1,8944,HWM_RESERVE,UPRO,LAG2,50,staged,0.15,0.1,rule,3.246144878
2022-03-28,2022-03-25,2022-03-24,deployment,recovery_1_of_3,-0.9986285519,0.9937089123,UPRO,True,1,8946,HWM_RESERVE,UPRO,LAG2,50,staged,0.15,0.1,rule,2.064018359
2022-04-11,2022-04-08,2022-04-07,deployment,recovery_1_of_3,-0.659357956,0.6560945995,UPRO,True,1,8956,HWM_RESERVE,UPRO,LAG2,50,staged,0.15,0.1,rule,1.422611078
2022-12-02,2022-12-01,2022-11-30,deployment,recovery_1_of_3,-0.4422648312,0.4400706143,UPRO,True,1,9119,HWM_RESERVE,UPRO,LAG2,50,staged,0.15,0.1,rule,1.086847443
2023-01-18,2023-01-17,2023-01-13,deployment,recovery_1_of_3,-0.2935966565,0.2921369949,UPRO,True,1,9149,HWM_RESERVE,UPRO,LAG2,50,staged,0.15,0.1,rule,0.7970172195
2023-01-24,2023-01-23,2023-01-20,deployment,recovery_1_of_3,-0.193939179,0.1929733018,UPRO,True,1,9153,HWM_RESERVE,UPRO,LAG2,50,staged,0.15,0.1,rule,0.5538087727
2023-02-22,2023-02-21,2023-02-17,deployment,recovery_2_of_3,-0.1946699296,0.1946679433,UPRO,True,21,9173,HWM_RESERVE,UPRO,LAG2,50,staged,0.15,0.1,rule,0.5740153768
2023-03-20,2023-03-17,2023-03-16,deployment,recovery_1_of_3,-0.06412750174,0.06380734055,UPRO,True,1,9191,HWM_RESERVE,UPRO,LAG2,50,staged,0.15,0.1,rule,0.2089817332
2023-03-22,2023-03-21,2023-03-20,deployment,recovery_1_of_3,-0.04234692983,0.04213539707,UPRO,True,1,9193,HWM_RESERVE,UPRO,LAG2,50,staged,0.15,0.1,rule,0.1341251584
2023-04-20,2023-04-19,2023-04-18,deployment,recovery_2_of_3,-0.04251217529,0.04251208298,UPRO,True,21,9213,HWM_RESERVE,UPRO,LAG2,50,staged,0.15,0.1,rule,0.1221683383
2023-06-16,2023-06-15,2023-06-14,deployment,recovery_3_of_3,-0.04243358212,0.04243350467,UPRO,True,61,9253,HWM_RESERVE,UPRO,LAG2,50,staged,0.15,0.1,rule,0.1026761584
2025-03-26,2025-03-25,2025-03-24,deployment,recovery_1_of_3,-1.224772976,1.218735633,UPRO,True,1,9697,HWM_RESERVE,UPRO,LAG2,50,staged,0.15,0.1,rule,2.03019157
2025-05-14,2025-05-13,2025-05-12,deployment,recovery_1_of_3,-0.8131869636,0.8091599197,UPRO,True,1,9731,HWM_RESERVE,UPRO,LAG2,50,staged,0.15,0.1,rule,1.374738967
2025-06-12,2025-06-11,2025-06-10,deployment,recovery_2_of_3,-0.8160075618,0.8159890378,UPRO,True,21,9751,HWM_RESERVE,UPRO,LAG2,50,staged,0.15,0.1,rule,1.304369303
2025-08-11,2025-08-08,2025-08-07,deployment,recovery_3_of_3,-0.8134921691,0.8134764825,UPRO,True,61,9791,HWM_RESERVE,UPRO,LAG2,50,staged,0.15,0.1,rule,1.107281406
2026-04-10,2026-04-09,2026-04-08,deployment,recovery_1_of_3,-1.235376892,1.229269638,UPRO,True,1,9958,HWM_RESERVE,UPRO,LAG2,50,staged,0.15,0.1,rule,1.646109617
2026-05-08,2026-05-07,2026-05-06,deployment,recovery_2_of_3,-1.238876679,1.238848047,UPRO,True,21,9978,HWM_RESERVE,UPRO,LAG2,50,staged,0.15,0.1,rule,1.347105049
2026-07-08,2026-07-07,2026-07-06,deployment,recovery_3_of_3,-3.858881048,3.858616697,UPRO,True,61,10018,HWM_RESERVE,UPRO,LAG2,50,staged,0.15,0.1,rule,4.029935338
1986-10-03,1986-10-02,1986-10-01,deployment,recovery_1_of_3,-0.03336277949,0.03320701581,UPRO,True,1,4,ASYMMETRIC_RESERVE_BAND,UPRO,LAG2,50,staged,0.2,0.1,rule,0.6290311342
1986-10-31,1986-10-30,1986-10-29,deployment,recovery_2_of_3,-0.03349903666,0.0334940075,UPRO,True,21,24,ASYMMETRIC_RESERVE_BAND,UPRO,LAG2,50,staged,0.2,0.1,rule,0.5663145844
1986-11-24,1986-11-21,1986-11-20,deployment,recovery_1_of_3,-0.03802881886,0.03785217107,UPRO,True,1,40,ASYMMETRIC_RESERVE_BAND,UPRO,LAG2,50,staged,0.2,0.1,rule,0.7268455361
1986-12-23,1986-12-22,1986-12-19,deployment,recovery_2_of_3,-0.03821031011,0.03820217942,UPRO,True,21,60,ASYMMETRIC_RESERVE_BAND,UPRO,LAG2,50,staged,0.2,0.1,rule,0.8846843422
1987-02-20,1987-02-19,1987-02-18,deployment,recovery_3_of_3,-0.121327541,0.1212689848,UPRO,True,61,100,ASYMMETRIC_RESERVE_BAND,UPRO,LAG2,50,staged,0.2,0.1,rule,2.127311512
1988-06-08,1988-06-07,1988-06-06,deployment,recovery_1_of_3,-0.04718293508,0.04696765296,UPRO,True,1,428,ASYMMETRIC_RESERVE_BAND,UPRO,LAG2,50,staged,0.2,0.1,rule,1.109249431
1988-06-10,1988-06-09,1988-06-08,deployment,recovery_1_of_3,-0.03117934942,0.03103202418,UPRO,True,1,430,ASYMMETRIC_RESERVE_BAND,UPRO,LAG2,50,staged,0.2,0.1,rule,0.69356261
1988-07-11,1988-07-08,1988-07-07,deployment,recovery_2_of_3,-0.03134527706,0.03134086324,UPRO,True,21,450,ASYMMETRIC_RESERVE_BAND,UPRO,LAG2,50,staged,0.2,0.1,rule,0.7113159897
1988-08-26,1988-08-25,1988-08-24,deployment,recovery_1_of_3,-0.01039483324,0.01034399129,UPRO,True,1,484,ASYMMETRIC_RESERVE_BAND,UPRO,LAG2,50,staged,0.2,0.1,rule,0.2764675654
1988-09-07,1988-09-06,1988-09-02,deployment,recovery_1_of_3,-0.006879201132,0.006845276392,UPRO,True,1,491,ASYMMETRIC_RESERVE_BAND,UPRO,LAG2,50,staged,0.2,0.1,rule,0.1736649771
1988-10-05,1988-10-04,1988-10-03,deployment,recovery_2_of_3,-0.006918744292,0.006918516196,UPRO,True,21,511,ASYMMETRIC_RESERVE_BAND,UPRO,LAG2,50,staged,0.2,0.1,rule,0.1670511024
1988-11-25,1988-11-23,1988-11-22,deployment,recovery_1_of_3,-0.002296333062,0.002284905378,UPRO,True,1,547,ASYMMETRIC_RESERVE_BAND,UPRO,LAG2,50,staged,0.2,0.1,rule,0.05958962754
1988-12-23,1988-12-22,1988-12-21,deployment,recovery_2_of_3,-0.002311538704,0.002311513221,UPRO,True,21,567,ASYMMETRIC_RESERVE_BAND,UPRO,LAG2,50,staged,0.2,0.1,rule,0.05587252187
1989-02-22,1989-02-21,1989-02-17,deployment,recovery_3_of_3,-0.002321648358,0.002321626893,UPRO,True,61,607,ASYMMETRIC_RESERVE_BAND,UPRO,LAG2,50,staged,0.2,0.1,rule,0.04684303048
1990-03-12,1990-03-09,1990-03-08,deployment,recovery_1_of_3,-0.06685953142,0.06655335007,UPRO,True,1,872,ASYMMETRIC_RESERVE_BAND,UPRO,LAG2,50,staged,0.2,0.1,rule,1.219097887
1990-03-20,1990-03-19,1990-03-16,deployment,recovery_1_of_3,-0.04426538604,0.04405627326,UPRO,True,1,878,ASYMMETRIC_RESERVE_BAND,UPRO,LAG2,50,staged,0.2,0.1,rule,0.7987560422
1990-03-29,1990-03-28,1990-03-27,deployment,recovery_1_of_3,-0.0292916819,0.029150893,UPRO,True,1,885,ASYMMETRIC_RESERVE_BAND,UPRO,LAG2,50,staged,0.2,0.1,rule,0.562007287
1990-04-05,1990-04-04,1990-04-03,deployment,recovery_1_of_3,-0.01937062607,0.01927633286,UPRO,True,1,890,ASYMMETRIC_RESERVE_BAND,UPRO,LAG2,50,staged,0.2,0.1,rule,0.3841019421
1990-04-11,1990-04-10,1990-04-09,deployment,recovery_1_of_3,-0.01280524739,0.01274235488,UPRO,True,1,894,ASYMMETRIC_RESERVE_BAND,UPRO,LAG2,50,staged,0.2,0.1,rule,0.2573602394
1990-05-10,1990-05-09,1990-05-08,deployment,recovery_1_of_3,-0.008507415452,0.008465395172,UPRO,True,1,914,ASYMMETRIC_RESERVE_BAND,UPRO,LAG2,50,staged,0.2,0.1,rule,0.1766741939
1990-06-08,1990-06-07,1990-06-06,deployment,recovery_2_of_3,-0.008561424467,0.008561200989,UPRO,True,21,934,ASYMMETRIC_RESERVE_BAND,UPRO,LAG2,50,staged,0.2,0.1,rule,0.1515642007
1990-08-06,1990-08-03,1990-08-02,deployment,recovery_3_of_3,-0.008582116219,0.008581847424,UPRO,True,61,974,ASYMMETRIC_RESERVE_BAND,UPRO,LAG2,50,staged,0.2,0.1,rule,0.1820593361
1992-03-13,1992-03-12,1992-03-11,deployment,recovery_3_of_3,-0.2001849427,0.2000814088,UPRO,True,61,1380,ASYMMETRIC_RESERVE_BAND,UPRO,LAG2,50,staged,0.2,0.1,rule,3.353180934
1993-01-18,1993-01-15,1993-01-14,deployment,recovery_3_of_3,-0.2198344591,0.219725133,UPRO,True,61,1594,ASYMMETRIC_RESERVE_BAND,UPRO,LAG2,50,staged,0.2,0.1,rule,3.58040124
1994-06-16,1994-06-15,1994-06-14,deployment,recovery_1_of_3,-0.07931207337,0.07894060608,UPRO,True,1,1951,ASYMMETRIC_RESERVE_BAND,UPRO,LAG2,50,staged,0.2,0.1,rule,1.258342917
1994-08-03,1994-08-02,1994-08-01,deployment,recovery_1_of_3,-0.05268198953,0.0524296636,UPRO,True,1,1984,ASYMMETRIC_RESERVE_BAND,UPRO,LAG2,50,staged,0.2,0.1,rule,0.836654538
1994-08-05,1994-08-04,1994-08-03,deployment,recovery_1_of_3,-0.03479411968,0.03462503389,UPRO,True,1,1986,ASYMMETRIC_RESERVE_BAND,UPRO,LAG2,50,staged,0.2,0.1,rule,0.5583032713
1994-08-16,1994-08-15,1994-08-12,deployment,recovery_1_of_3,-0.02300251052,0.0228896507,UPRO,True,1,1993,ASYMMETRIC_RESERVE_BAND,UPRO,LAG2,50,staged,0.2,0.1,rule,0.3721711839
1994-09-14,1994-09-13,1994-09-12,deployment,recovery_2_of_3,-0.02308814529,0.02308709393,UPRO,True,21,2013,ASYMMETRIC_RESERVE_BAND,UPRO,LAG2,50,staged,0.2,0.1,rule,0.3619562034
1994-09-29,1994-09-28,1994-09-27,deployment,recovery_1_of_3,-0.007597417155,0.007559667363,UPRO,True,1,2024,ASYMMETRIC_RESERVE_BAND,UPRO,LAG2,50,staged,0.2,0.1,rule,0.1241769171
1994-10-13,1994-10-12,1994-10-11,deployment,recovery_1_of_3,-0.005024227592,0.00499921645,UPRO,True,1,2034,ASYMMETRIC_RESERVE_BAND,UPRO,LAG2,50,staged,0.2,0.1,rule,0.08707033266
1994-11-10,1994-11-09,1994-11-08,deployment,recovery_2_of_3,-0.005044131709,0.005044075749,UPRO,True,21,2054,ASYMMETRIC_RESERVE_BAND,UPRO,LAG2,50,staged,0.2,0.1,rule,0.08824609984
1994-12-20,1994-12-19,1994-12-16,deployment,recovery_1_of_3,-0.001666554599,0.001658235187,UPRO,True,1,2081,ASYMMETRIC_RESERVE_BAND,UPRO,LAG2,50,staged,0.2,0.1,rule,0.03189279169
1994-12-23,1994-12-22,1994-12-21,deployment,recovery_1_of_3,-0.001100481357,0.001094984834,UPRO,True,1,2084,ASYMMETRIC_RESERVE_BAND,UPRO,LAG2,50,staged,0.2,0.1,rule,0.02126874788
1995-01-24,1995-01-23,1995-01-20,deployment,recovery_2_of_3,-0.001106068354,0.001106065465,UPRO,True,21,2104,ASYMMETRIC_RESERVE_BAND,UPRO,LAG2,50,staged,0.2,0.1,rule,0.02077603971
1995-03-22,1995-03-21,1995-03-20,deployment,recovery_3_of_3,-0.001105195379,0.001105192955,UPRO,True,61,2144,ASYMMETRIC_RESERVE_BAND,UPRO,LAG2,50,staged,0.2,0.1,rule,0.01744499264
1996-07-19,1996-07-18,1996-07-17,deployment,recovery_1_of_3,-0.09509621544,0.09464099489,UPRO,True,1,2480,ASYMMETRIC_RESERVE_BAND,UPRO,LAG2,50,staged,0.2,0.1,rule,0.9053005108
1996-07-30,1996-07-29,1996-07-26,deployment,recovery_1_of_3,-0.06289320055,0.06258835196,UPRO,True,1,2487,ASYMMETRIC_RESERVE_BAND,UPRO,LAG2,50,staged,0.2,0.1,rule,0.6519929861
1996-08-01,1996-07-31,1996-07-30,deployment,recovery_1_of_3,-0.04153536552,0.04133181109,UPRO,True,1,2489,ASYMMETRIC_RESERVE_BAND,UPRO,LAG2,50,staged,0.2,0.1,rule,0.4228229882
1996-08-29,1996-08-28,1996-08-27,deployment,recovery_2_of_3,-0.04170064898,0.04169877135,UPRO,True,21,2509,ASYMMETRIC_RESERVE_BAND,UPRO,LAG2,50,staged,0.2,0.1,rule,0.382888444
1996-10-25,1996-10-24,1996-10-23,deployment,recovery_3_of_3,-0.558616229,0.5583269018,UPRO,True,61,2549,ASYMMETRIC_RESERVE_BAND,UPRO,LAG2,50,staged,0.2,0.1,rule,4.869461698
1998-09-25,1998-09-24,1998-09-23,deployment,recovery_1_of_3,-0.4318648232,0.4298603162,UPRO,True,1,3032,ASYMMETRIC_RESERVE_BAND,UPRO,LAG2,50,staged,0.2,0.1,rule,1.88825467
1998-10-26,1998-10-23,1998-10-22,deployment,recovery_1_of_3,-0.2861743681,0.2848101473,UPRO,True,1,3053,ASYMMETRIC_RESERVE_BAND,UPRO,LAG2,50,staged,0.2,0.1,rule,1.224368228
1998-10-28,1998-10-27,1998-10-26,deployment,recovery_1_of_3,-0.1890509159,0.1881351082,UPRO,True,1,3055,ASYMMETRIC_RESERVE_BAND,UPRO,LAG2,50,staged,0.2,0.1,rule,0.8189642179
1998-11-02,1998-10-30,1998-10-29,deployment,recovery_1_of_3,-0.1248589865,0.1242472128,UPRO,True,1,3058,ASYMMETRIC_RESERVE_BAND,UPRO,LAG2,50,staged,0.2,0.1,rule,0.526687731
1998-12-01,1998-11-30,1998-11-27,deployment,recovery_2_of_3,-0.125338203,0.1253327891,UPRO,True,21,3078,ASYMMETRIC_RESERVE_BAND,UPRO,LAG2,50,staged,0.2,0.1,rule,0.452392361
1999-01-29,1999-01-28,1999-01-27,deployment,recovery_3_of_3,-1.850246901,1.849300148,UPRO,True,61,3118,ASYMMETRIC_RESERVE_BAND,UPRO,LAG2,50,staged,0.2,0.1,rule,5.919037496
1999-10-08,1999-10-07,1999-10-06,deployment,recovery_1_of_3,-0.6453956347,0.6424104816,UPRO,True,1,3293,ASYMMETRIC_RESERVE_BAND,UPRO,LAG2,50,staged,0.2,0.1,rule,2.441607271
1999-11-01,1999-10-29,1999-10-28,deployment,recovery_1_of_3,-0.4275917362,0.4255632352,UPRO,True,1,3309,ASYMMETRIC_RESERVE_BAND,UPRO,LAG2,50,staged,0.2,0.1,rule,1.671437498
1999-11-30,1999-11-29,1999-11-26,deployment,recovery_2_of_3,-0.4294819257,0.4294308425,UPRO,True,21,3329,ASYMMETRIC_RESERVE_BAND,UPRO,LAG2,50,staged,0.2,0.1,rule,1.546961791
2000-01-27,2000-01-26,2000-01-25,deployment,recovery_3_of_3,-0.4290031939,0.4289502194,UPRO,True,61,3369,ASYMMETRIC_RESERVE_BAND,UPRO,LAG2,50,staged,0.2,0.1,rule,1.607892551
2007-08-08,2007-08-07,2007-08-06,deployment,recovery_1_of_3,-0.5603345428,0.5577469229,UPRO,True,1,5261,ASYMMETRIC_RESERVE_BAND,UPRO,LAG2,50,staged,0.2,0.1,rule,2.809029159
2007-08-24,2007-08-23,2007-08-22,deployment,recovery_1_of_3,-0.3708116934,0.3690597246,UPRO,True,1,5273,ASYMMETRIC_RESERVE_BAND,UPRO,LAG2,50,staged,0.2,0.1,rule,2.038133195
2007-08-31,2007-08-30,2007-08-29,deployment,recovery_1_of_3,-0.2450758417,0.2438957402,UPRO,True,1,5278,ASYMMETRIC_RESERVE_BAND,UPRO,LAG2,50,staged,0.2,0.1,rule,1.36821572
2007-09-05,2007-09-04,2007-08-31,deployment,recovery_1_of_3,-0.1619012724,0.1611109025,UPRO,True,1,5280,ASYMMETRIC_RESERVE_BAND,UPRO,LAG2,50,staged,0.2,0.1,rule,0.8739975414
2007-09-13,2007-09-12,2007-09-11,deployment,recovery_1_of_3,-0.1069815082,0.1064555854,UPRO,True,1,5286,ASYMMETRIC_RESERVE_BAND,UPRO,LAG2,50,staged,0.2,0.1,rule,0.6219981378
2007-10-11,2007-10-10,2007-10-09,deployment,recovery_2_of_3,-0.1073024429,0.1072986017,UPRO,True,21,5306,ASYMMETRIC_RESERVE_BAND,UPRO,LAG2,50,staged,0.2,0.1,rule,0.5288762736
2007-12-07,2007-12-06,2007-12-05,deployment,recovery_1_of_3,-0.03543619778,0.03526000731,UPRO,True,1,5346,ASYMMETRIC_RESERVE_BAND,UPRO,LAG2,50,staged,0.2,0.1,rule,0.2067523917
2007-12-14,2007-12-13,2007-12-12,deployment,recovery_1_of_3,-0.02340344564,0.02328688425,UPRO,True,1,5351,ASYMMETRIC_RESERVE_BAND,UPRO,LAG2,50,staged,0.2,0.1,rule,0.1441031501
2007-12-27,2007-12-26,2007-12-24,deployment,recovery_1_of_3,-0.01546381957,0.01538671249,UPRO,True,1,5359,ASYMMETRIC_RESERVE_BAND,UPRO,LAG2,50,staged,0.2,0.1,rule,0.1014628554
2009-06-03,2009-06-02,2009-06-01,deployment,recovery_1_of_3,-0.0103637074,0.01031203966,UPRO,True,1,5719,ASYMMETRIC_RESERVE_BAND,UPRO,LAG2,50,staged,0.2,0.1,rule,0.1078508633
2009-06-26,2009-06-25,2009-06-24,deployment,recovery_1_of_3,-0.006841217123,0.006807087207,UPRO,True,1,5736,ASYMMETRIC_RESERVE_BAND,UPRO,LAG2,50,staged,0.2,0.1,rule,0.08256273457
2009-07-13,2009-07-10,2009-07-09,deployment,recovery_1_of_3,-0.004515769668,0.0044932293,UPRO,True,1,5746,ASYMMETRIC_RESERVE_BAND,UPRO,LAG2,50,staged,0.2,0.1,rule,0.06320869508
2009-07-15,2009-07-14,2009-07-13,deployment,recovery_1_of_3,-0.002980592155,0.002965704865,UPRO,True,1,5748,ASYMMETRIC_RESERVE_BAND,UPRO,LAG2,50,staged,0.2,0.1,rule,0.03899432964
2009-08-12,2009-08-11,2009-08-10,deployment,recovery_2_of_3,-0.002981014629,0.002981008646,UPRO,True,21,5768,ASYMMETRIC_RESERVE_BAND,UPRO,LAG2,50,staged,0.2,0.1,rule,0.02976913832
2009-10-08,2009-10-07,2009-10-06,deployment,recovery_3_of_3,-0.002951863074,0.002951858167,UPRO,True,61,5808,ASYMMETRIC_RESERVE_BAND,UPRO,LAG2,50,staged,0.2,0.1,rule,0.02464849166
2012-11-21,2012-11-20,2012-11-19,deployment,recovery_1_of_3,-0.4888551808,0.4866014076,UPRO,True,1,6594,ASYMMETRIC_RESERVE_BAND,UPRO,LAG2,50,staged,0.2,0.1,rule,3.271899108
2012-12-20,2012-12-19,2012-12-18,deployment,recovery_2_of_3,-0.4888879153,0.4888010069,UPRO,True,21,6614,ASYMMETRIC_RESERVE_BAND,UPRO,LAG2,50,staged,0.2,0.1,rule,2.962118264
2013-02-20,2013-02-19,2013-02-15,deployment,recovery_3_of_3,-1.475915402,1.475253582,UPRO,True,61,6654,ASYMMETRIC_RESERVE_BAND,UPRO,LAG2,50,staged,0.2,0.1,rule,7.918836099
2014-10-23,2014-10-22,2014-10-21,deployment,recovery_1_of_3,-1.116410689,1.111245077,UPRO,True,1,7077,ASYMMETRIC_RESERVE_BAND,UPRO,LAG2,50,staged,0.2,0.1,rule,3.708717675
2014-11-20,2014-11-19,2014-11-18,deployment,recovery_2_of_3,-1.116428056,1.116252124,UPRO,True,21,7097,ASYMMETRIC_RESERVE_BAND,UPRO,LAG2,50,staged,0.2,0.1,rule,3.09391479
2015-01-21,2015-01-20,2015-01-16,deployment,recovery_3_of_3,-3.616593809,3.614676906,UPRO,True,61,7137,ASYMMETRIC_RESERVE_BAND,UPRO,LAG2,50,staged,0.2,0.1,rule,11.27667513
2015-07-14,2015-07-13,2015-07-10,deployment,recovery_1_of_3,-1.266057888,1.260167447,UPRO,True,1,7257,ASYMMETRIC_RESERVE_BAND,UPRO,LAG2,50,staged,0.2,0.1,rule,4.125740386
2015-08-11,2015-08-10,2015-08-07,deployment,recovery_2_of_3,-1.266105373,1.265885719,UPRO,True,21,7277,ASYMMETRIC_RESERVE_BAND,UPRO,LAG2,50,staged,0.2,0.1,rule,4.118688
2015-10-27,2015-10-26,2015-10-23,deployment,recovery_1_of_3,-0.4160583052,0.4140328819,UPRO,True,1,7331,ASYMMETRIC_RESERVE_BAND,UPRO,LAG2,50,staged,0.2,0.1,rule,1.573862848
2015-11-20,2015-11-19,2015-11-18,deployment,recovery_1_of_3,-0.2746976916,0.2733493216,UPRO,True,1,7349,ASYMMETRIC_RESERVE_BAND,UPRO,LAG2,50,staged,0.2,0.1,rule,1.092469832
2015-12-08,2015-12-07,2015-12-04,deployment,recovery_1_of_3,-0.1813539724,0.1804581785,UPRO,True,1,7360,ASYMMETRIC_RESERVE_BAND,UPRO,LAG2,50,staged,0.2,0.1,rule,0.7229805235
2015-12-18,2015-12-17,2015-12-16,deployment,recovery_1_of_3,-0.1197198396,0.1191262909,UPRO,True,1,7368,ASYMMETRIC_RESERVE_BAND,UPRO,LAG2,50,staged,0.2,0.1,rule,0.5042182534
2015-12-28,2015-12-24,2015-12-23,deployment,recovery_1_of_3,-0.07902716209,0.07863431005,UPRO,True,1,7373,ASYMMETRIC_RESERVE_BAND,UPRO,LAG2,50,staged,0.2,0.1,rule,0.3454884413
2015-12-31,2015-12-30,2015-12-29,deployment,recovery_1_of_3,-0.05216411098,0.05190429865,UPRO,True,1,7376,ASYMMETRIC_RESERVE_BAND,UPRO,LAG2,50,staged,0.2,0.1,rule,0.2310731143
2016-03-15,2016-03-14,2016-03-11,deployment,recovery_1_of_3,-0.03445061978,0.03427884145,UPRO,True,1,7426,ASYMMETRIC_RESERVE_BAND,UPRO,LAG2,50,staged,0.2,0.1,rule,0.164804232
2016-03-18,2016-03-17,2016-03-16,deployment,recovery_1_of_3,-0.02273923543,0.02262574449,UPRO,True,1,7429,ASYMMETRIC_RESERVE_BAND,UPRO,LAG2,50,staged,0.2,0.1,rule,0.1079317382
2016-04-18,2016-04-15,2016-04-14,deployment,recovery_2_of_3,-0.02274388784,0.02274379048,UPRO,True,21,7449,ASYMMETRIC_RESERVE_BAND,UPRO,LAG2,50,staged,0.2,0.1,rule,0.1023655258
2016-06-14,2016-06-13,2016-06-10,deployment,recovery_3_of_3,-0.02252638508,0.02252628961,UPRO,True,61,7489,ASYMMETRIC_RESERVE_BAND,UPRO,LAG2,50,staged,0.2,0.1,rule,0.1013441596
2018-04-05,2018-04-04,2018-04-03,deployment,recovery_1_of_3,-1.231907582,1.226061232,UPRO,True,1,7944,ASYMMETRIC_RESERVE_BAND,UPRO,LAG2,50,staged,0.2,0.1,rule,3.290774526
2018-05-03,2018-05-02,2018-05-01,deployment,recovery_2_of_3,-1.233601555,1.233441333,UPRO,True,21,7964,ASYMMETRIC_RESERVE_BAND,UPRO,LAG2,50,staged,0.2,0.1,rule,3.36545079
2018-06-29,2018-06-28,2018-06-27,deployment,recovery_3_of_3,-1.225391107,1.225246056,UPRO,True,61,8004,ASYMMETRIC_RESERVE_BAND,UPRO,LAG2,50,staged,0.2,0.1,rule,3.060731187
2020-03-04,2020-03-03,2020-03-02,deployment,recovery_1_of_3,-2.036457854,2.027066978,UPRO,True,1,8425,ASYMMETRIC_RESERVE_BAND,UPRO,LAG2,50,staged,0.2,0.1,rule,5.687403471
2020-03-06,2020-03-05,2020-03-04,deployment,recovery_1_of_3,-1.345152768,1.338749182,UPRO,True,1,8427,ASYMMETRIC_RESERVE_BAND,UPRO,LAG2,50,staged,0.2,0.1,rule,3.483011708
2020-05-29,2020-05-28,2020-05-27,deployment,recovery_1_of_3,-0.888578485,0.8842814462,UPRO,True,1,8485,ASYMMETRIC_RESERVE_BAND,UPRO,LAG2,50,staged,0.2,0.1,rule,2.390363837
2020-06-16,2020-06-15,2020-06-12,deployment,recovery_1_of_3,-0.5867160115,0.5838462775,UPRO,True,1,8497,ASYMMETRIC_RESERVE_BAND,UPRO,LAG2,50,staged,0.2,0.1,rule,1.584406503
2020-07-01,2020-06-30,2020-06-29,deployment,recovery_1_of_3,-0.3873528192,0.3854442559,UPRO,True,1,8508,ASYMMETRIC_RESERVE_BAND,UPRO,LAG2,50,staged,0.2,0.1,rule,1.060108243
2020-07-30,2020-07-29,2020-07-28,deployment,recovery_2_of_3,-0.3873935069,0.3873812336,UPRO,True,21,8528,ASYMMETRIC_RESERVE_BAND,UPRO,LAG2,50,staged,0.2,0.1,rule,0.9208183686
2020-09-25,2020-09-24,2020-09-23,deployment,recovery_3_of_3,-7.627033481,7.622297424,UPRO,True,61,8568,ASYMMETRIC_RESERVE_BAND,UPRO,LAG2,50,staged,0.2,0.1,rule,20.4778627
2022-02-02,2022-02-01,2022-01-31,deployment,recovery_1_of_3,-5.559872797,5.534210182,UPRO,True,1,8909,ASYMMETRIC_RESERVE_BAND,UPRO,LAG2,50,staged,0.2,0.1,rule,7.162811769
2022-02-17,2022-02-16,2022-02-15,deployment,recovery_1_of_3,-3.673042096,3.65569422,UPRO,True,1,8920,ASYMMETRIC_RESERVE_BAND,UPRO,LAG2,50,staged,0.2,0.1,rule,5.197242551
2022-03-24,2022-03-23,2022-03-22,deployment,recovery_1_of_3,-2.426574151,2.414915988,UPRO,True,1,8944,ASYMMETRIC_RESERVE_BAND,UPRO,LAG2,50,staged,0.2,0.1,rule,3.683708938
2022-03-28,2022-03-25,2022-03-24,deployment,recovery_1_of_3,-1.60224123,1.594429685,UPRO,True,1,8946,ASYMMETRIC_RESERVE_BAND,UPRO,LAG2,50,staged,0.2,0.1,rule,2.342237689
2022-04-11,2022-04-08,2022-04-07,deployment,recovery_1_of_3,-1.058011442,1.052812179,UPRO,True,1,8956,ASYMMETRIC_RESERVE_BAND,UPRO,LAG2,50,staged,0.2,0.1,rule,1.614371921
2022-12-02,2022-12-01,2022-11-30,deployment,recovery_1_of_3,-0.7097133349,0.7062111823,UPRO,True,1,9119,ASYMMETRIC_RESERVE_BAND,UPRO,LAG2,50,staged,0.2,0.1,rule,1.233349031
2023-01-18,2023-01-17,2023-01-13,deployment,recovery_1_of_3,-0.4711684932,0.4688352178,UPRO,True,1,9149,ASYMMETRIC_RESERVE_BAND,UPRO,LAG2,50,staged,0.2,0.1,rule,0.9044511462
2023-01-24,2023-01-23,2023-01-20,deployment,recovery_1_of_3,-0.3112492963,0.3097034041,UPRO,True,1,9153,ASYMMETRIC_RESERVE_BAND,UPRO,LAG2,50,staged,0.2,0.1,rule,0.6284594197
2023-02-22,2023-02-21,2023-02-17,deployment,recovery_2_of_3,-0.3124220639,0.3124166788,UPRO,True,21,9173,ASYMMETRIC_RESERVE_BAND,UPRO,LAG2,50,staged,0.2,0.1,rule,0.6513808847
2023-03-20,2023-03-17,2023-03-16,deployment,recovery_1_of_3,-0.1029199106,0.1024066024,UPRO,True,1,9191,ASYMMETRIC_RESERVE_BAND,UPRO,LAG2,50,staged,0.2,0.1,rule,0.2371546919
2023-03-22,2023-03-21,2023-03-20,deployment,recovery_1_of_3,-0.06796438975,0.06762511514,UPRO,True,1,9193,ASYMMETRIC_RESERVE_BAND,UPRO,LAG2,50,staged,0.2,0.1,rule,0.1522066553
2023-04-20,2023-04-19,2023-04-18,deployment,recovery_2_of_3,-0.06822959922,0.06822934894,UPRO,True,21,9213,ASYMMETRIC_RESERVE_BAND,UPRO,LAG2,50,staged,0.2,0.1,rule,0.1386374709
2023-06-16,2023-06-15,2023-06-14,deployment,recovery_3_of_3,-0.06810381182,0.06810360184,UPRO,True,61,9253,ASYMMETRIC_RESERVE_BAND,UPRO,LAG2,50,staged,0.2,0.1,rule,0.1165183844
2025-03-26,2025-03-25,2025-03-24,deployment,recovery_1_of_3,-5.780016278,5.753140941,UPRO,True,1,9697,ASYMMETRIC_RESERVE_BAND,UPRO,LAG2,50,staged,0.2,0.1,rule,7.396286846
2025-05-14,2025-05-13,2025-05-12,deployment,recovery_1_of_3,-3.839839344,3.821549976,UPRO,True,1,9731,ASYMMETRIC_RESERVE_BAND,UPRO,LAG2,50,staged,0.2,0.1,rule,5.008376497
2025-06-12,2025-06-11,2025-06-10,deployment,recovery_2_of_3,-3.853158107,3.852723914,UPRO,True,21,9751,ASYMMETRIC_RESERVE_BAND,UPRO,LAG2,50,staged,0.2,0.1,rule,4.751106452
2025-08-11,2025-08-08,2025-08-07,deployment,recovery_3_of_3,-3.842402172,3.842033299,UPRO,True,61,9791,ASYMMETRIC_RESERVE_BAND,UPRO,LAG2,50,staged,0.2,0.1,rule,4.03476344
2026-04-10,2026-04-09,2026-04-08,deployment,recovery_1_of_3,-7.376670362,7.342392147,UPRO,True,1,9958,ASYMMETRIC_RESERVE_BAND,UPRO,LAG2,50,staged,0.2,0.1,rule,8.300830988
2026-05-08,2026-05-07,2026-05-06,deployment,recovery_2_of_3,-7.397568258,7.396485389,UPRO,True,21,9978,ASYMMETRIC_RESERVE_BAND,UPRO,LAG2,50,staged,0.2,0.1,rule,6.791016188
2026-07-08,2026-07-07,2026-07-06,deployment,recovery_3_of_3,-26.1611092,26.14818806,UPRO,True,61,10018,ASYMMETRIC_RESERVE_BAND,UPRO,LAG2,50,staged,0.2,0.1,rule,24.68763972
1987-10-21,1987-10-20,1987-10-19,deployment,drawdown_20_30,-0.04154223965,0.04153311881,SP500_1X,False,0,269,HWM_DRAWDOWN,UPRO,LAG2,50,drawdown,0.15,0.1,rule,8.406232044
2001-03-14,2001-03-13,2001-03-12,deployment,drawdown_20,-0.4081719862,0.4080812794,SP500_1X,False,0,3653,HWM_DRAWDOWN,UPRO,LAG2,50,drawdown,0.15,0.1,rule,10.3524302
2001-09-19,2001-09-18,2001-09-17,deployment,drawdown_30,-0.5200294282,0.5198648585,SP500_1X,False,0,3780,HWM_DRAWDOWN,UPRO,LAG2,50,drawdown,0.15,0.1,rule,15.19916228
2002-07-22,2002-07-19,2002-07-18,deployment,drawdown_40,-0.5280152736,0.5278003747,SP500_1X,False,0,3990,HWM_DRAWDOWN,UPRO,LAG2,50,drawdown,0.15,0.1,rule,20.34160645
2008-07-16,2008-07-15,2008-07-14,deployment,drawdown_20,-0.1072085501,0.1072024446,SP500_1X,False,0,5497,HWM_DRAWDOWN,UPRO,LAG2,50,drawdown,0.15,0.1,rule,2.742323574
2008-10-08,2008-10-07,2008-10-06,deployment,drawdown_30,-0.1344541079,0.1344425696,SP500_1X,False,0,5556,HWM_DRAWDOWN,UPRO,LAG2,50,drawdown,0.15,0.1,rule,4.173257915
2008-10-13,2008-10-10,2008-10-09,deployment,drawdown_40,-0.1344618154,0.1344490896,SP500_1X,False,0,5559,HWM_DRAWDOWN,UPRO,LAG2,50,drawdown,0.15,0.1,rule,4.621149419
2008-11-24,2008-11-21,2008-11-20,deployment,drawdown_50,-0.1613765618,0.1613560851,SP500_1X,False,0,5589,HWM_DRAWDOWN,UPRO,LAG2,50,drawdown,0.15,0.1,rule,6.212530772
2020-03-16,2020-03-13,2020-03-12,deployment,drawdown_20,-1.167399411,1.167272265,SP500_1X,False,0,8433,HWM_DRAWDOWN,UPRO,LAG2,50,drawdown,0.15,0.1,rule,5.984316432
2020-03-24,2020-03-23,2020-03-20,deployment,drawdown_30,-1.459308073,1.459071738,SP500_1X,False,0,8439,HWM_DRAWDOWN,UPRO,LAG2,50,drawdown,0.15,0.1,rule,9.062236746
2022-06-15,2022-06-14,2022-06-13,deployment,drawdown_20,-2.663466454,2.663140662,SP500_1X,False,0,9001,HWM_DRAWDOWN,UPRO,LAG2,50,drawdown,0.15,0.1,rule,7.242900904
1987-10-21,1987-10-20,1987-10-19,deployment,drawdown_20_30,-0.04703870089,0.04702674882,SP500_1X,False,0,269,BAND_DRAWDOWN,UPRO,LAG2,50,drawdown,0.2,0.1,rule,8.308119938
2001-03-14,2001-03-13,2001-03-12,deployment,drawdown_20,-0.4089726343,0.4088815367,SP500_1X,False,0,3653,BAND_DRAWDOWN,UPRO,LAG2,50,drawdown,0.2,0.1,rule,8.788537616
2001-09-19,2001-09-18,2001-09-17,deployment,drawdown_30,-0.5210494898,0.5208842225,SP500_1X,False,0,3780,BAND_DRAWDOWN,UPRO,LAG2,50,drawdown,0.2,0.1,rule,12.90310355
2002-07-22,2002-07-19,2002-07-18,deployment,drawdown_40,-0.5290509998,0.5288352115,SP500_1X,False,0,3990,BAND_DRAWDOWN,UPRO,LAG2,50,drawdown,0.2,0.1,rule,17.26851355
2008-07-16,2008-07-15,2008-07-14,deployment,drawdown_20,-0.3373280615,0.3372711361,SP500_1X,False,0,5497,BAND_DRAWDOWN,UPRO,LAG2,50,drawdown,0.2,0.1,rule,7.807606798
2008-10-08,2008-10-07,2008-10-06,deployment,drawdown_30,-0.4230552838,0.4229497249,SP500_1X,False,0,5556,BAND_DRAWDOWN,UPRO,LAG2,50,drawdown,0.2,0.1,rule,11.8829159
2008-10-13,2008-10-10,2008-10-09,deployment,drawdown_40,-0.4230795353,0.4229639816,SP500_1X,False,0,5559,BAND_DRAWDOWN,UPRO,LAG2,50,drawdown,0.2,0.1,rule,13.1603947
2008-11-24,2008-11-21,2008-11-20,deployment,drawdown_50,-0.507371469,0.5071867429,SP500_1X,False,0,5589,BAND_DRAWDOWN,UPRO,LAG2,50,drawdown,0.2,0.1,rule,17.6818426
2020-03-16,2020-03-13,2020-03-12,deployment,drawdown_20,-1.209071019,1.208938537,SP500_1X,False,0,8433,BAND_DRAWDOWN,UPRO,LAG2,50,drawdown,0.2,0.1,rule,5.976296783
2020-03-24,2020-03-23,2020-03-20,deployment,drawdown_30,-1.511399683,1.511153457,SP500_1X,False,0,8439,BAND_DRAWDOWN,UPRO,LAG2,50,drawdown,0.2,0.1,rule,9.050098311
2022-06-15,2022-06-14,2022-06-13,deployment,drawdown_20,-3.331073983,3.330577751,SP500_1X,False,0,9001,BAND_DRAWDOWN,UPRO,LAG2,50,drawdown,0.2,0.1,rule,9.02728394
1986-11-21,1986-11-20,1986-11-20,deployment,recovery_1_of_3,-0.004167534902,0.004167534902,SSO,True,1,39,HWM_RESERVE,SSO,LAG1,0,staged,0.15,0.1,rule,0.6235231334
1986-12-22,1986-12-19,1986-12-19,deployment,recovery_2_of_3,-0.004186109162,0.004186109162,SSO,True,21,59,HWM_RESERVE,SSO,LAG1,0,staged,0.15,0.1,rule,0.6781204838
1987-02-19,1987-02-18,1987-02-18,deployment,recovery_3_of_3,-0.01531769679,0.01531769679,SSO,True,61,99,HWM_RESERVE,SSO,LAG1,0,staged,0.15,0.1,rule,1.977409819
1988-06-07,1988-06-06,1988-06-06,deployment,recovery_1_of_3,-0.01551326016,0.01551326016,SSO,True,1,427,HWM_RESERVE,SSO,LAG1,0,staged,0.15,0.1,rule,2.142741257
1988-06-09,1988-06-08,1988-06-08,deployment,recovery_1_of_3,-0.01034593818,0.01034593818,SSO,True,1,429,HWM_RESERVE,SSO,LAG1,0,staged,0.15,0.1,rule,1.415208589
1988-07-08,1988-07-07,1988-07-07,deployment,recovery_2_of_3,-0.01040094856,0.01040094856,SSO,True,21,449,HWM_RESERVE,SSO,LAG1,0,staged,0.15,0.1,rule,1.42604939
1988-08-25,1988-08-24,1988-08-24,deployment,recovery_1_of_3,-0.003499454916,0.003499454916,SSO,True,1,483,HWM_RESERVE,SSO,LAG1,0,staged,0.15,0.1,rule,0.5303535693
1988-09-06,1988-09-02,1988-09-02,deployment,recovery_1_of_3,-0.002337305857,0.002337305857,SSO,True,1,490,HWM_RESERVE,SSO,LAG1,0,staged,0.15,0.1,rule,0.3536030236
1988-10-04,1988-10-03,1988-10-03,deployment,recovery_2_of_3,-0.002352180799,0.002352180799,SSO,True,21,510,HWM_RESERVE,SSO,LAG1,0,staged,0.15,0.1,rule,0.3389357293
1988-11-23,1988-11-22,1988-11-22,deployment,recovery_1_of_3,-0.0007924084184,0.0007924084184,SSO,True,1,546,HWM_RESERVE,SSO,LAG1,0,staged,0.15,0.1,rule,0.1198357889
1988-12-22,1988-12-21,1988-12-21,deployment,recovery_2_of_3,-0.0007976532056,0.0007976532056,SSO,True,21,566,HWM_RESERVE,SSO,LAG1,0,staged,0.15,0.1,rule,0.1123893125
1989-02-21,1989-02-17,1989-02-17,deployment,recovery_3_of_3,-0.0008086116378,0.0008086116378,SSO,True,61,606,HWM_RESERVE,SSO,LAG1,0,staged,0.15,0.1,rule,0.100092051
1990-03-09,1990-03-08,1990-03-08,deployment,recovery_1_of_3,-0.007884662838,0.007884662838,SSO,True,1,871,HWM_RESERVE,SSO,LAG1,0,staged,0.15,0.1,rule,0.8154313126
1990-03-19,1990-03-16,1990-03-16,deployment,recovery_1_of_3,-0.005265947522,0.005265947522,SSO,True,1,877,HWM_RESERVE,SSO,LAG1,0,staged,0.15,0.1,rule,0.5453426379
1990-03-28,1990-03-27,1990-03-27,deployment,recovery_1_of_3,-0.003519300533,0.003519300533,SSO,True,1,884,HWM_RESERVE,SSO,LAG1,0,staged,0.15,0.1,rule,0.3674086795
1990-04-04,1990-04-03,1990-04-03,deployment,recovery_1_of_3,-0.002349843606,0.002349843606,SSO,True,1,889,HWM_RESERVE,SSO,LAG1,0,staged,0.15,0.1,rule,0.2449668853
1990-04-10,1990-04-09,1990-04-09,deployment,recovery_1_of_3,-0.001568632432,0.001568632432,SSO,True,1,893,HWM_RESERVE,SSO,LAG1,0,staged,0.15,0.1,rule,0.1659439385
1990-05-09,1990-05-08,1990-05-08,deployment,recovery_1_of_3,-0.001052461395,0.001052461395,SSO,True,1,913,HWM_RESERVE,SSO,LAG1,0,staged,0.15,0.1,rule,0.111285158
1990-06-07,1990-06-06,1990-06-06,deployment,recovery_2_of_3,-0.001059145662,0.001059145662,SSO,True,21,933,HWM_RESERVE,SSO,LAG1,0,staged,0.15,0.1,rule,0.09850141858
1990-08-03,1990-08-02,1990-08-02,deployment,recovery_3_of_3,-0.00107233452,0.00107233452,SSO,True,61,973,HWM_RESERVE,SSO,LAG1,0,staged,0.15,0.1,rule,0.1085978124
1991-04-23,1991-04-22,1991-04-22,deployment,recovery_3_of_3,-0.02346119395,0.02346119395,SSO,True,61,1154,HWM_RESERVE,SSO,LAG1,0,staged,0.15,0.1,rule,1.968744142
1991-12-16,1991-12-13,1991-12-13,deployment,recovery_1_of_3,-0.001898580152,0.001898580152,SSO,True,1,1319,HWM_RESERVE,SSO,LAG1,0,staged,0.15,0.1,rule,0.1602735197
1992-01-15,1992-01-14,1992-01-14,deployment,recovery_2_of_3,-0.001905207489,0.001905207489,SSO,True,21,1339,HWM_RESERVE,SSO,LAG1,0,staged,0.15,0.1,rule,0.1361453211
1992-03-12,1992-03-11,1992-03-11,deployment,recovery_3_of_3,-0.02354592728,0.02354592728,SSO,True,61,1379,HWM_RESERVE,SSO,LAG1,0,staged,0.15,0.1,rule,1.821359942
1992-09-16,1992-09-15,1992-09-15,deployment,recovery_3_of_3,-0.0002509645033,0.0002509645033,SSO,True,61,1509,HWM_RESERVE,SSO,LAG1,0,staged,0.15,0.1,rule,0.01838043341
1993-01-15,1993-01-14,1993-01-14,deployment,recovery_3_of_3,-0.01649590037,0.01649590037,SSO,True,61,1593,HWM_RESERVE,SSO,LAG1,0,staged,0.15,0.1,rule,1.136944492
1994-06-15,1994-06-14,1994-06-14,deployment,recovery_1_of_3,-0.01729536121,0.01729536121,SSO,True,1,1950,HWM_RESERVE,SSO,LAG1,0,staged,0.15,0.1,rule,1.07064469
1994-08-02,1994-08-01,1994-08-01,deployment,recovery_1_of_3,-0.01159655997,0.01159655997,SSO,True,1,1983,HWM_RESERVE,SSO,LAG1,0,staged,0.15,0.1,rule,0.7208831162
1994-08-04,1994-08-03,1994-08-03,deployment,recovery_1_of_3,-0.007732909444,0.007732909444,SSO,True,1,1985,HWM_RESERVE,SSO,LAG1,0,staged,0.15,0.1,rule,0.4804702055
1994-08-15,1994-08-12,1994-08-12,deployment,recovery_1_of_3,-0.005161020654,0.005161020654,SSO,True,1,1992,HWM_RESERVE,SSO,LAG1,0,staged,0.15,0.1,rule,0.3220466789
1994-09-13,1994-09-12,1994-09-12,deployment,recovery_2_of_3,-0.005181478127,0.005181478127,SSO,True,21,2012,HWM_RESERVE,SSO,LAG1,0,staged,0.15,0.1,rule,0.3176611786
1994-09-28,1994-09-27,1994-09-27,deployment,recovery_1_of_3,-0.001730564906,0.001730564906,SSO,True,1,2023,HWM_RESERVE,SSO,LAG1,0,staged,0.15,0.1,rule,0.1086376462
1994-10-12,1994-10-11,1994-10-11,deployment,recovery_1_of_3,-0.00115588468,0.00115588468,SSO,True,1,2033,HWM_RESERVE,SSO,LAG1,0,staged,0.15,0.1,rule,0.07314230782
1994-11-09,1994-11-08,1994-11-08,deployment,recovery_2_of_3,-0.001160452621,0.001160452621,SSO,True,21,2053,HWM_RESERVE,SSO,LAG1,0,staged,0.15,0.1,rule,0.0735414144
1994-12-19,1994-12-16,1994-12-16,deployment,recovery_1_of_3,-0.0003890831351,0.0003890831351,SSO,True,1,2080,HWM_RESERVE,SSO,LAG1,0,staged,0.15,0.1,rule,0.02539355488
1994-12-22,1994-12-21,1994-12-21,deployment,recovery_1_of_3,-0.0002595913882,0.0002595913882,SSO,True,1,2083,HWM_RESERVE,SSO,LAG1,0,staged,0.15,0.1,rule,0.01695276706
1995-01-23,1995-01-20,1995-01-20,deployment,recovery_2_of_3,-0.0002608222103,0.0002608222103,SSO,True,21,2103,HWM_RESERVE,SSO,LAG1,0,staged,0.15,0.1,rule,0.01669260448
1995-03-21,1995-03-20,1995-03-20,deployment,recovery_3_of_3,-0.005224146465,0.005224146465,SSO,True,61,2143,HWM_RESERVE,SSO,LAG1,0,staged,0.15,0.1,rule,0.2945596742
1996-07-18,1996-07-17,1996-07-17,deployment,recovery_1_of_3,-0.08475189272,0.08475189272,SSO,True,1,2479,HWM_RESERVE,SSO,LAG1,0,staged,0.15,0.1,rule,3.265061654
1996-07-29,1996-07-26,1996-07-26,deployment,recovery_1_of_3,-0.05657489653,0.05657489653,SSO,True,1,2486,HWM_RESERVE,SSO,LAG1,0,staged,0.15,0.1,rule,2.201177844
1996-07-31,1996-07-30,1996-07-30,deployment,recovery_1_of_3,-0.03773853395,0.03773853395,SSO,True,1,2488,HWM_RESERVE,SSO,LAG1,0,staged,0.15,0.1,rule,1.481845501
1996-08-28,1996-08-27,1996-08-27,deployment,recovery_2_of_3,-0.03788885974,0.03788885974,SSO,True,21,2508,HWM_RESERVE,SSO,LAG1,0,staged,0.15,0.1,rule,1.354632147
1996-10-24,1996-10-23,1996-10-23,deployment,recovery_3_of_3,-0.07129770977,0.07129770977,SSO,True,61,2548,HWM_RESERVE,SSO,LAG1,0,staged,0.15,0.1,rule,2.287412485
1998-09-24,1998-09-23,1998-09-23,deployment,recovery_1_of_3,-0.2980987656,0.2980987656,SSO,True,1,3031,HWM_RESERVE,SSO,LAG1,0,staged,0.15,0.1,rule,5.290855845
1998-10-23,1998-10-22,1998-10-22,deployment,recovery_1_of_3,-0.1993852676,0.1993852676,SSO,True,1,3052,HWM_RESERVE,SSO,LAG1,0,staged,0.15,0.1,rule,3.575382272
1998-10-27,1998-10-26,1998-10-26,deployment,recovery_1_of_3,-0.1329812806,0.1329812806,SSO,True,1,3054,HWM_RESERVE,SSO,LAG1,0,staged,0.15,0.1,rule,2.416319191
1998-10-30,1998-10-29,1998-10-29,deployment,recovery_1_of_3,-0.08868439577,0.08868439577,SSO,True,1,3057,HWM_RESERVE,SSO,LAG1,0,staged,0.15,0.1,rule,1.601493117
1998-11-30,1998-11-27,1998-11-27,deployment,recovery_2_of_3,-0.08900201145,0.08900201145,SSO,True,21,3077,HWM_RESERVE,SSO,LAG1,0,staged,0.15,0.1,rule,1.338030436
1999-01-28,1999-01-27,1999-01-27,deployment,recovery_3_of_3,-0.1804430864,0.1804430864,SSO,True,61,3117,HWM_RESERVE,SSO,LAG1,0,staged,0.15,0.1,rule,2.543964199
1999-10-07,1999-10-06,1999-10-06,deployment,recovery_1_of_3,-0.1002935924,0.1002935924,SSO,True,1,3292,HWM_RESERVE,SSO,LAG1,0,staged,0.15,0.1,rule,1.371620936
1999-10-29,1999-10-28,1999-10-28,deployment,recovery_1_of_3,-0.06706354561,0.06706354561,SSO,True,1,3308,HWM_RESERVE,SSO,LAG1,0,staged,0.15,0.1,rule,0.9351905753
1999-11-29,1999-11-26,1999-11-26,deployment,recovery_2_of_3,-0.06734017378,0.06734017378,SSO,True,21,3328,HWM_RESERVE,SSO,LAG1,0,staged,0.15,0.1,rule,0.8471687236
2000-01-26,2000-01-25,2000-01-25,deployment,recovery_3_of_3,-0.06793666335,0.06793666335,SSO,True,61,3368,HWM_RESERVE,SSO,LAG1,0,staged,0.15,0.1,rule,0.8741208988
2007-08-07,2007-08-06,2007-08-06,deployment,recovery_1_of_3,-0.01043977319,0.01043977319,SSO,True,1,5260,HWM_RESERVE,SSO,LAG1,0,staged,0.15,0.1,rule,0.1351429184
2007-08-23,2007-08-22,2007-08-22,deployment,recovery_1_of_3,-0.006972912728,0.006972912728,SSO,True,1,5272,HWM_RESERVE,SSO,LAG1,0,staged,0.15,0.1,rule,0.09144878096
2007-08-30,2007-08-29,2007-08-29,deployment,recovery_1_of_3,-0.004652333641,0.004652333641,SSO,True,1,5277,HWM_RESERVE,SSO,LAG1,0,staged,0.15,0.1,rule,0.06245754908
2007-09-04,2007-08-31,2007-08-31,deployment,recovery_1_of_3,-0.003102218678,0.003102218678,SSO,True,1,5279,HWM_RESERVE,SSO,LAG1,0,staged,0.15,0.1,rule,0.04153456994
2007-09-12,2007-09-11,2007-09-11,deployment,recovery_1_of_3,-0.002070709616,0.002070709616,SSO,True,1,5285,HWM_RESERVE,SSO,LAG1,0,staged,0.15,0.1,rule,0.02817367708
2007-10-10,2007-10-09,2007-10-09,deployment,recovery_2_of_3,-0.002076923908,0.002076923908,SSO,True,21,5305,HWM_RESERVE,SSO,LAG1,0,staged,0.15,0.1,rule,0.02506517991
2007-12-06,2007-12-05,2007-12-05,deployment,recovery_1_of_3,-0.0006962012208,0.0006962012208,SSO,True,1,5345,HWM_RESERVE,SSO,LAG1,0,staged,0.15,0.1,rule,0.009421975477
2007-12-13,2007-12-12,2007-12-12,deployment,recovery_1_of_3,-0.0004644068995,0.0004644068995,SSO,True,1,5350,HWM_RESERVE,SSO,LAG1,0,staged,0.15,0.1,rule,0.006318917303
2007-12-26,2007-12-24,2007-12-24,deployment,recovery_1_of_3,-0.0003099035223,0.0003099035223,SSO,True,1,5358,HWM_RESERVE,SSO,LAG1,0,staged,0.15,0.1,rule,0.004241493519
2009-06-02,2009-06-01,2009-06-01,deployment,recovery_1_of_3,-0.0002098187278,0.0002098187278,SSO,True,1,5718,HWM_RESERVE,SSO,LAG1,0,staged,0.15,0.1,rule,0.004458362247
2009-06-25,2009-06-24,2009-06-24,deployment,recovery_1_of_3,-0.0001398948573,0.0001398948573,SSO,True,1,5735,HWM_RESERVE,SSO,LAG1,0,staged,0.15,0.1,rule,0.00328571716
2009-07-10,2009-07-09,2009-07-09,deployment,recovery_1_of_3,-9.327034013e-05,9.327034013e-05,SSO,True,1,5745,HWM_RESERVE,SSO,LAG1,0,staged,0.15,0.1,rule,0.002288519581
2009-07-14,2009-07-13,2009-07-13,deployment,recovery_1_of_3,-6.218148822e-05,6.218148822e-05,SSO,True,1,5747,HWM_RESERVE,SSO,LAG1,0,staged,0.15,0.1,rule,0.001500578269
2009-08-11,2009-08-10,2009-08-10,deployment,recovery_2_of_3,-6.219028464e-05,6.219028464e-05,SSO,True,21,5767,HWM_RESERVE,SSO,LAG1,0,staged,0.15,0.1,rule,0.001202870673
2009-10-07,2009-10-06,2009-10-06,deployment,recovery_3_of_3,-6.220381741e-05,6.220381741e-05,SSO,True,61,5807,HWM_RESERVE,SSO,LAG1,0,staged,0.15,0.1,rule,0.001097032576
2012-11-20,2012-11-19,2012-11-19,deployment,recovery_1_of_3,-0.005758146127,0.005758146127,SSO,True,1,6593,HWM_RESERVE,SSO,LAG1,0,staged,0.15,0.1,rule,0.07200977267
2012-12-19,2012-12-18,2012-12-18,deployment,recovery_2_of_3,-0.005758536502,0.005758536502,SSO,True,21,6613,HWM_RESERVE,SSO,LAG1,0,staged,0.15,0.1,rule,0.06602261237
2013-02-19,2013-02-15,2013-02-15,deployment,recovery_3_of_3,-0.1519247609,0.1519247609,SSO,True,61,6653,HWM_RESERVE,SSO,LAG1,0,staged,0.15,0.1,rule,1.586129864
2014-10-22,2014-10-21,2014-10-21,deployment,recovery_1_of_3,-0.5172753989,0.5172753989,SSO,True,1,7076,HWM_RESERVE,SSO,LAG1,0,staged,0.15,0.1,rule,3.546706246
2014-11-19,2014-11-18,2014-11-18,deployment,recovery_2_of_3,-0.5172834459,0.5172834459,SSO,True,21,7096,HWM_RESERVE,SSO,LAG1,0,staged,0.15,0.1,rule,3.168151152
2015-01-20,2015-01-16,2015-01-16,deployment,recovery_3_of_3,-0.6556777739,0.6556777739,SSO,True,61,7136,HWM_RESERVE,SSO,LAG1,0,staged,0.15,0.1,rule,4.160003425
2015-07-13,2015-07-10,2015-07-10,deployment,recovery_1_of_3,-0.05584872038,0.05584872038,SSO,True,1,7256,HWM_RESERVE,SSO,LAG1,0,staged,0.15,0.1,rule,0.3392062044
2015-08-10,2015-08-07,2015-08-07,deployment,recovery_2_of_3,-0.0558505823,0.0558505823,SSO,True,21,7276,HWM_RESERVE,SSO,LAG1,0,staged,0.15,0.1,rule,0.3386416527
2015-10-26,2015-10-23,2015-10-23,deployment,recovery_1_of_3,-0.01861810214,0.01861810214,SSO,True,1,7330,HWM_RESERVE,SSO,LAG1,0,staged,0.15,0.1,rule,0.1148681738
2015-11-19,2015-11-18,2015-11-18,deployment,recovery_1_of_3,-0.0124128027,0.0124128027,SSO,True,1,7348,HWM_RESERVE,SSO,LAG1,0,staged,0.15,0.1,rule,0.07719508135
2015-12-07,2015-12-04,2015-12-04,deployment,recovery_1_of_3,-0.008275799731,0.008275799731,SSO,True,1,7359,HWM_RESERVE,SSO,LAG1,0,staged,0.15,0.1,rule,0.05207002602
2015-12-17,2015-12-16,2015-12-16,deployment,recovery_1_of_3,-0.005517643018,0.005517643018,SSO,True,1,7367,HWM_RESERVE,SSO,LAG1,0,staged,0.15,0.1,rule,0.03548462896
2015-12-24,2015-12-23,2015-12-23,deployment,recovery_1_of_3,-0.00367858408,0.00367858408,SSO,True,1,7372,HWM_RESERVE,SSO,LAG1,0,staged,0.15,0.1,rule,0.0241126649
2015-12-30,2015-12-29,2015-12-29,deployment,recovery_1_of_3,-0.002452473221,0.002452473221,SSO,True,1,7375,HWM_RESERVE,SSO,LAG1,0,staged,0.15,0.1,rule,0.01598995379
2016-03-14,2016-03-11,2016-03-11,deployment,recovery_1_of_3,-0.001635900927,0.001635900927,SSO,True,1,7425,HWM_RESERVE,SSO,LAG1,0,staged,0.15,0.1,rule,0.01109102352
2016-03-17,2016-03-16,2016-03-16,deployment,recovery_1_of_3,-0.001090650343,0.001090650343,SSO,True,1,7428,HWM_RESERVE,SSO,LAG1,0,staged,0.15,0.1,rule,0.007398646428
2016-04-15,2016-04-14,2016-04-14,deployment,recovery_2_of_3,-0.001090876219,0.001090876219,SSO,True,21,7448,HWM_RESERVE,SSO,LAG1,0,staged,0.15,0.1,rule,0.007006457145
2016-06-13,2016-06-10,2016-06-10,deployment,recovery_3_of_3,-0.001091326298,0.001091326298,SSO,True,61,7488,HWM_RESERVE,SSO,LAG1,0,staged,0.15,0.1,rule,0.006901016133
2018-04-04,2018-04-03,2018-04-03,deployment,recovery_1_of_3,-0.8834515408,0.8834515408,SSO,True,1,7943,HWM_RESERVE,SSO,LAG1,0,staged,0.15,0.1,rule,3.859550797
2018-05-02,2018-05-01,2018-05-01,deployment,recovery_2_of_3,-0.8846638786,0.8846638786,SSO,True,21,7963,HWM_RESERVE,SSO,LAG1,0,staged,0.15,0.1,rule,3.75560017
2018-06-28,2018-06-27,2018-06-27,deployment,recovery_3_of_3,-0.8873102131,0.8873102131,SSO,True,61,8003,HWM_RESERVE,SSO,LAG1,0,staged,0.15,0.1,rule,3.640568264
2018-10-15,2018-10-12,2018-10-12,deployment,recovery_1_of_3,-0.06042050876,0.06042050876,SSO,True,1,8078,HWM_RESERVE,SSO,LAG1,0,staged,0.15,0.1,rule,0.2403325512
2018-10-17,2018-10-16,2018-10-16,deployment,recovery_1_of_3,-0.04029042254,0.04029042254,SSO,True,1,8080,HWM_RESERVE,SSO,LAG1,0,staged,0.15,0.1,rule,0.1588002777
2018-11-08,2018-11-07,2018-11-07,deployment,recovery_1_of_3,-0.02689798696,0.02689798696,SSO,True,1,8096,HWM_RESERVE,SSO,LAG1,0,staged,0.15,0.1,rule,0.1074489444
2018-12-04,2018-12-03,2018-12-03,deployment,recovery_1_of_3,-0.01796239056,0.01796239056,SSO,True,1,8113,HWM_RESERVE,SSO,LAG1,0,staged,0.15,0.1,rule,0.0745413226
2019-02-13,2019-02-12,2019-02-12,deployment,recovery_1_of_3,-0.01203132736,0.01203132736,SSO,True,1,8160,HWM_RESERVE,SSO,LAG1,0,staged,0.15,0.1,rule,0.05231829013
2019-03-12,2019-03-11,2019-03-11,deployment,recovery_1_of_3,-0.00803541426,0.00803541426,SSO,True,1,8178,HWM_RESERVE,SSO,LAG1,0,staged,0.15,0.1,rule,0.03436867457
2019-04-09,2019-04-08,2019-04-08,deployment,recovery_2_of_3,-0.008050482716,0.008050482716,SSO,True,21,8198,HWM_RESERVE,SSO,LAG1,0,staged,0.15,0.1,rule,0.03184966385
2019-06-05,2019-06-04,2019-06-04,deployment,recovery_1_of_3,-0.002693599643,0.002693599643,SSO,True,1,8237,HWM_RESERVE,SSO,LAG1,0,staged,0.15,0.1,rule,0.01159660387
2019-07-03,2019-07-02,2019-07-02,deployment,recovery_2_of_3,-0.002698142106,0.002698142106,SSO,True,21,8257,HWM_RESERVE,SSO,LAG1,0,staged,0.15,0.1,rule,0.01033479043
2019-08-29,2019-08-28,2019-08-28,deployment,recovery_3_of_3,-0.002706853313,0.002706853313,SSO,True,61,8297,HWM_RESERVE,SSO,LAG1,0,staged,0.15,0.1,rule,0.01103404651
2020-03-03,2020-03-02,2020-03-02,deployment,recovery_1_of_3,-0.3927016331,0.3927016331,SSO,True,1,8424,HWM_RESERVE,SSO,LAG1,0,staged,0.15,0.1,rule,1.48153339
2020-03-05,2020-03-04,2020-03-04,deployment,recovery_1_of_3,-0.2618158898,0.2618158898,SSO,True,1,8426,HWM_RESERVE,SSO,LAG1,0,staged,0.15,0.1,rule,1.004169198
2020-05-28,2020-05-27,2020-05-27,deployment,recovery_1_of_3,-0.1746089022,0.1746089022,SSO,True,1,8484,HWM_RESERVE,SSO,LAG1,0,staged,0.15,0.1,rule,0.7119464598
2020-06-15,2020-06-12,2020-06-12,deployment,recovery_1_of_3,-0.1164139249,0.1164139249,SSO,True,1,8496,HWM_RESERVE,SSO,LAG1,0,staged,0.15,0.1,rule,0.4809539499
2020-06-30,2020-06-29,2020-06-29,deployment,recovery_1_of_3,-0.07761502022,0.07761502022,SSO,True,1,8507,HWM_RESERVE,SSO,LAG1,0,staged,0.15,0.1,rule,0.3233812368
2020-07-29,2020-07-28,2020-07-28,deployment,recovery_2_of_3,-0.07762323766,0.07762323766,SSO,True,21,8527,HWM_RESERVE,SSO,LAG1,0,staged,0.15,0.1,rule,0.2912732624
2020-09-24,2020-09-23,2020-09-23,deployment,recovery_3_of_3,-0.08315059614,0.08315059614,SSO,True,61,8567,HWM_RESERVE,SSO,LAG1,0,staged,0.15,0.1,rule,0.3090079239
2022-02-01,2022-01-31,2022-01-31,deployment,recovery_1_of_3,-1.986653541,1.986653541,SSO,True,1,8908,HWM_RESERVE,SSO,LAG1,0,staged,0.15,0.1,rule,4.154404915
2022-02-16,2022-02-15,2022-02-15,deployment,recovery_1_of_3,-1.324595128,1.324595128,SSO,True,1,8919,HWM_RESERVE,SSO,LAG1,0,staged,0.15,0.1,rule,2.861522295
2022-03-23,2022-03-22,2022-03-22,deployment,recovery_1_of_3,-0.883387826,0.883387826,SSO,True,1,8943,HWM_RESERVE,SSO,LAG1,0,staged,0.15,0.1,rule,1.927698818
2022-03-25,2022-03-24,2022-03-24,deployment,recovery_1_of_3,-0.5889417612,0.5889417612,SSO,True,1,8945,HWM_RESERVE,SSO,LAG1,0,staged,0.15,0.1,rule,1.298679123
2022-04-08,2022-04-07,2022-04-07,deployment,recovery_1_of_3,-0.3927136964,0.3927136964,SSO,True,1,8955,HWM_RESERVE,SSO,LAG1,0,staged,0.15,0.1,rule,0.8779302202
2022-12-01,2022-11-30,2022-11-30,deployment,recovery_1_of_3,-0.26601232,0.26601232,SSO,True,1,9118,HWM_RESERVE,SSO,LAG1,0,staged,0.15,0.1,rule,0.6504825295
2023-01-17,2023-01-13,2023-01-13,deployment,recovery_1_of_3,-0.178287389,0.178287389,SSO,True,1,9148,HWM_RESERVE,SSO,LAG1,0,staged,0.15,0.1,rule,0.4532691224
2023-01-23,2023-01-20,2023-01-20,deployment,recovery_1_of_3,-0.1189641392,0.1189641392,SSO,True,1,9152,HWM_RESERVE,SSO,LAG1,0,staged,0.15,0.1,rule,0.3101859699
2023-02-21,2023-02-17,2023-02-17,deployment,recovery_2_of_3,-0.1193952891,0.1193952891,SSO,True,21,9172,HWM_RESERVE,SSO,LAG1,0,staged,0.15,0.1,rule,0.2961860679
2023-03-17,2023-03-16,2023-03-16,deployment,recovery_1_of_3,-0.03994204804,0.03994204804,SSO,True,1,9190,HWM_RESERVE,SSO,LAG1,0,staged,0.15,0.1,rule,0.1064933219
2023-03-21,2023-03-20,2023-03-20,deployment,recovery_1_of_3,-0.02664123693,0.02664123693,SSO,True,1,9192,HWM_RESERVE,SSO,LAG1,0,staged,0.15,0.1,rule,0.07199751725
2023-04-19,2023-04-18,2023-04-18,deployment,recovery_2_of_3,-0.02674489898,0.02674489898,SSO,True,21,9212,HWM_RESERVE,SSO,LAG1,0,staged,0.15,0.1,rule,0.06563781901
2023-06-15,2023-06-14,2023-06-14,deployment,recovery_3_of_3,-0.02696485891,0.02696485891,SSO,True,61,9252,HWM_RESERVE,SSO,LAG1,0,staged,0.15,0.1,rule,0.06016422763
2025-03-25,2025-03-24,2025-03-24,deployment,recovery_1_of_3,-2.001524189,2.001524189,SSO,True,1,9696,HWM_RESERVE,SSO,LAG1,0,staged,0.15,0.1,rule,3.096205059
2025-05-13,2025-05-12,2025-05-12,deployment,recovery_1_of_3,-1.342100245,1.342100245,SSO,True,1,9730,HWM_RESERVE,SSO,LAG1,0,staged,0.15,0.1,rule,2.066645176
2025-06-11,2025-06-10,2025-06-10,deployment,recovery_2_of_3,-1.346757329,1.346757329,SSO,True,21,9750,HWM_RESERVE,SSO,LAG1,0,staged,0.15,0.1,rule,1.947790562
2025-08-08,2025-08-07,2025-08-07,deployment,recovery_3_of_3,-1.785155069,1.785155069,SSO,True,61,9790,HWM_RESERVE,SSO,LAG1,0,staged,0.15,0.1,rule,2.365268814
2026-04-09,2026-04-08,2026-04-08,deployment,recovery_1_of_3,-1.152118863,1.152118863,SSO,True,1,9957,HWM_RESERVE,SSO,LAG1,0,staged,0.15,0.1,rule,1.425169694
2026-05-07,2026-05-06,2026-05-06,deployment,recovery_2_of_3,-1.155382783,1.155382783,SSO,True,21,9977,HWM_RESERVE,SSO,LAG1,0,staged,0.15,0.1,rule,1.222140691
2026-07-07,2026-07-06,2026-07-06,deployment,recovery_3_of_3,-3.825658296,3.825658296,SSO,True,61,10017,HWM_RESERVE,SSO,LAG1,0,staged,0.15,0.1,rule,3.915007865
1986-10-02,1986-10-01,1986-10-01,deployment,recovery_1_of_3,-0.03335790646,0.03335790646,SSO,True,1,3,ASYMMETRIC_RESERVE_BAND,SSO,LAG1,0,staged,0.2,0.1,rule,0.4066827739
1986-10-30,1986-10-29,1986-10-29,deployment,recovery_2_of_3,-0.03349413418,0.03349413418,SSO,True,21,23,ASYMMETRIC_RESERVE_BAND,SSO,LAG1,0,staged,0.2,0.1,rule,0.3853318599
1986-11-21,1986-11-20,1986-11-20,deployment,recovery_1_of_3,-0.03632303159,0.03632303159,SSO,True,1,39,ASYMMETRIC_RESERVE_BAND,SSO,LAG1,0,staged,0.2,0.1,rule,0.4546168597
1986-12-22,1986-12-19,1986-12-19,deployment,recovery_2_of_3,-0.03648491948,0.03648491948,SSO,True,21,59,ASYMMETRIC_RESERVE_BAND,SSO,LAG1,0,staged,0.2,0.1,rule,0.4928611507
1987-02-19,1987-02-18,1987-02-18,deployment,recovery_3_of_3,-0.11865452,0.11865452,SSO,True,61,99,ASYMMETRIC_RESERVE_BAND,SSO,LAG1,0,staged,0.2,0.1,rule,1.366746832
1988-06-07,1988-06-06,1988-06-06,deployment,recovery_1_of_3,-0.04428386143,0.04428386143,SSO,True,1,427,ASYMMETRIC_RESERVE_BAND,SSO,LAG1,0,staged,0.2,0.1,rule,0.5881716592
1988-06-09,1988-06-08,1988-06-08,deployment,recovery_1_of_3,-0.02953332106,0.02953332106,SSO,True,1,429,ASYMMETRIC_RESERVE_BAND,SSO,LAG1,0,staged,0.2,0.1,rule,0.3884676142
1988-07-08,1988-07-07,1988-07-07,deployment,recovery_2_of_3,-0.02969035264,0.02969035264,SSO,True,21,449,ASYMMETRIC_RESERVE_BAND,SSO,LAG1,0,staged,0.2,0.1,rule,0.3914433593
1988-08-25,1988-08-24,1988-08-24,deployment,recovery_1_of_3,-0.009989478359,0.009989478359,SSO,True,1,483,ASYMMETRIC_RESERVE_BAND,SSO,LAG1,0,staged,0.2,0.1,rule,0.1455793778
1988-09-06,1988-09-02,1988-09-02,deployment,recovery_1_of_3,-0.006672029454,0.006672029454,SSO,True,1,490,ASYMMETRIC_RESERVE_BAND,SSO,LAG1,0,staged,0.2,0.1,rule,0.09706224512
1988-10-04,1988-10-03,1988-10-03,deployment,recovery_2_of_3,-0.006714491184,0.006714491184,SSO,True,21,510,ASYMMETRIC_RESERVE_BAND,SSO,LAG1,0,staged,0.2,0.1,rule,0.09303614687
1988-11-23,1988-11-22,1988-11-22,deployment,recovery_1_of_3,-0.002261994207,0.002261994207,SSO,True,1,546,ASYMMETRIC_RESERVE_BAND,SSO,LAG1,0,staged,0.2,0.1,rule,0.03289431916
1988-12-22,1988-12-21,1988-12-21,deployment,recovery_2_of_3,-0.002276965878,0.002276965878,SSO,True,21,566,ASYMMETRIC_RESERVE_BAND,SSO,LAG1,0,staged,0.2,0.1,rule,0.03085029898
1989-02-21,1989-02-17,1989-02-17,deployment,recovery_3_of_3,-0.002308247613,0.002308247613,SSO,True,61,606,ASYMMETRIC_RESERVE_BAND,SSO,LAG1,0,staged,0.2,0.1,rule,0.02747476278
1990-03-09,1990-03-08,1990-03-08,deployment,recovery_1_of_3,-0.06060043143,0.06060043143,SSO,True,1,871,ASYMMETRIC_RESERVE_BAND,SSO,LAG1,0,staged,0.2,0.1,rule,0.6611908284
1990-03-19,1990-03-16,1990-03-16,deployment,recovery_1_of_3,-0.04047334658,0.04047334658,SSO,True,1,877,ASYMMETRIC_RESERVE_BAND,SSO,LAG1,0,staged,0.2,0.1,rule,0.4421899736
1990-03-28,1990-03-27,1990-03-27,deployment,recovery_1_of_3,-0.02704885865,0.02704885865,SSO,True,1,884,ASYMMETRIC_RESERVE_BAND,SSO,LAG1,0,staged,0.2,0.1,rule,0.2979125837
1990-04-04,1990-04-03,1990-04-03,deployment,recovery_1_of_3,-0.01806057396,0.01806057396,SSO,True,1,889,ASYMMETRIC_RESERVE_BAND,SSO,LAG1,0,staged,0.2,0.1,rule,0.1986309029
1990-04-10,1990-04-09,1990-04-09,deployment,recovery_1_of_3,-0.01205629259,0.01205629259,SSO,True,1,893,ASYMMETRIC_RESERVE_BAND,SSO,LAG1,0,staged,0.2,0.1,rule,0.1345553065
1990-05-09,1990-05-08,1990-05-08,deployment,recovery_1_of_3,-0.008089073167,0.008089073167,SSO,True,1,913,ASYMMETRIC_RESERVE_BAND,SSO,LAG1,0,staged,0.2,0.1,rule,0.09023534499
1990-06-07,1990-06-06,1990-06-06,deployment,recovery_2_of_3,-0.008140447519,0.008140447519,SSO,True,21,933,ASYMMETRIC_RESERVE_BAND,SSO,LAG1,0,staged,0.2,0.1,rule,0.07986967578
1990-08-03,1990-08-02,1990-08-02,deployment,recovery_3_of_3,-0.008241815263,0.008241815263,SSO,True,61,973,ASYMMETRIC_RESERVE_BAND,SSO,LAG1,0,staged,0.2,0.1,rule,0.08805631628
1991-04-23,1991-04-22,1991-04-22,deployment,recovery_3_of_3,-0.1957553153,0.1957553153,SSO,True,61,1154,ASYMMETRIC_RESERVE_BAND,SSO,LAG1,0,staged,0.2,0.1,rule,1.903487556
1991-12-16,1991-12-13,1991-12-13,deployment,recovery_1_of_3,-0.07343688777,0.07343688777,SSO,True,1,1319,ASYMMETRIC_RESERVE_BAND,SSO,LAG1,0,staged,0.2,0.1,rule,0.7961205722
1992-01-15,1992-01-14,1992-01-14,deployment,recovery_2_of_3,-0.07369323249,0.07369323249,SSO,True,21,1339,ASYMMETRIC_RESERVE_BAND,SSO,LAG1,0,staged,0.2,0.1,rule,0.6701264687
1992-03-12,1992-03-11,1992-03-11,deployment,recovery_3_of_3,-0.2435188692,0.2435188692,SSO,True,61,1379,ASYMMETRIC_RESERVE_BAND,SSO,LAG1,0,staged,0.2,0.1,rule,2.581906064
1992-09-16,1992-09-15,1992-09-15,deployment,recovery_3_of_3,-0.2442986923,0.2442986923,SSO,True,61,1509,ASYMMETRIC_RESERVE_BAND,SSO,LAG1,0,staged,0.2,0.1,rule,2.724613041
1993-01-15,1993-01-14,1993-01-14,deployment,recovery_3_of_3,-0.2467968531,0.2467968531,SSO,True,61,1593,ASYMMETRIC_RESERVE_BAND,SSO,LAG1,0,staged,0.2,0.1,rule,2.859239302
1994-06-15,1994-06-14,1994-06-14,deployment,recovery_1_of_3,-0.09124825162,0.09124825162,SSO,True,1,1950,ASYMMETRIC_RESERVE_BAND,SSO,LAG1,0,staged,0.2,0.1,rule,1.036292539
1994-08-02,1994-08-01,1994-08-01,deployment,recovery_1_of_3,-0.06118205969,0.06118205969,SSO,True,1,1983,ASYMMETRIC_RESERVE_BAND,SSO,LAG1,0,staged,0.2,0.1,rule,0.6977532339
1994-08-04,1994-08-03,1994-08-03,deployment,recovery_1_of_3,-0.04079790286,0.04079790286,SSO,True,1,1985,ASYMMETRIC_RESERVE_BAND,SSO,LAG1,0,staged,0.2,0.1,rule,0.4650540874
1994-08-15,1994-08-12,1994-08-12,deployment,recovery_1_of_3,-0.02722892603,0.02722892603,SSO,True,1,1992,ASYMMETRIC_RESERVE_BAND,SSO,LAG1,0,staged,0.2,0.1,rule,0.311713656
1994-09-13,1994-09-12,1994-09-12,deployment,recovery_2_of_3,-0.02733685721,0.02733685721,SSO,True,21,2012,ASYMMETRIC_RESERVE_BAND,SSO,LAG1,0,staged,0.2,0.1,rule,0.3074688665
1994-09-28,1994-09-27,1994-09-27,deployment,recovery_1_of_3,-0.009130252906,0.009130252906,SSO,True,1,2023,ASYMMETRIC_RESERVE_BAND,SSO,LAG1,0,staged,0.2,0.1,rule,0.105151955
1994-10-12,1994-10-11,1994-10-11,deployment,recovery_1_of_3,-0.006098308955,0.006098308955,SSO,True,1,2033,ASYMMETRIC_RESERVE_BAND,SSO,LAG1,0,staged,0.2,0.1,rule,0.07079550162
1994-11-09,1994-11-08,1994-11-08,deployment,recovery_2_of_3,-0.00612240886,0.00612240886,SSO,True,21,2053,ASYMMETRIC_RESERVE_BAND,SSO,LAG1,0,staged,0.2,0.1,rule,0.07118180268
1994-12-19,1994-12-16,1994-12-16,deployment,recovery_1_of_3,-0.00205275596,0.00205275596,SSO,True,1,2080,ASYMMETRIC_RESERVE_BAND,SSO,LAG1,0,staged,0.2,0.1,rule,0.02457879044
1994-12-22,1994-12-21,1994-12-21,deployment,recovery_1_of_3,-0.001369573033,0.001369573033,SSO,True,1,2083,ASYMMETRIC_RESERVE_BAND,SSO,LAG1,0,staged,0.2,0.1,rule,0.01640882936
1995-01-23,1995-01-20,1995-01-20,deployment,recovery_2_of_3,-0.001376066702,0.001376066702,SSO,True,21,2103,ASYMMETRIC_RESERVE_BAND,SSO,LAG1,0,staged,0.2,0.1,rule,0.01615701422
1995-03-21,1995-03-20,1995-03-20,deployment,recovery_3_of_3,-0.3122152575,0.3122152575,SSO,True,61,2143,ASYMMETRIC_RESERVE_BAND,SSO,LAG1,0,staged,0.2,0.1,rule,3.581199728
1996-07-18,1996-07-17,1996-07-17,deployment,recovery_1_of_3,-0.114957203,0.114957203,SSO,True,1,2479,ASYMMETRIC_RESERVE_BAND,SSO,LAG1,0,staged,0.2,0.1,rule,0.9440645181
1996-07-29,1996-07-26,1996-07-26,deployment,recovery_1_of_3,-0.07673801323,0.07673801323,SSO,True,1,2486,ASYMMETRIC_RESERVE_BAND,SSO,LAG1,0,staged,0.2,0.1,rule,0.6364516572
1996-07-31,1996-07-30,1996-07-30,deployment,recovery_1_of_3,-0.05118842976,0.05118842976,SSO,True,1,2488,ASYMMETRIC_RESERVE_BAND,SSO,LAG1,0,staged,0.2,0.1,rule,0.4284628921
1996-08-28,1996-08-27,1996-08-27,deployment,recovery_2_of_3,-0.0513923312,0.0513923312,SSO,True,21,2508,ASYMMETRIC_RESERVE_BAND,SSO,LAG1,0,staged,0.2,0.1,rule,0.3916802438
1996-10-24,1996-10-23,1996-10-23,deployment,recovery_3_of_3,-0.5545025699,0.5545025699,SSO,True,61,2548,ASYMMETRIC_RESERVE_BAND,SSO,LAG1,0,staged,0.2,0.1,rule,4.150242687
1998-09-24,1998-09-23,1998-09-23,deployment,recovery_1_of_3,-0.4291805547,0.4291805547,SSO,True,1,3031,ASYMMETRIC_RESERVE_BAND,SSO,LAG1,0,staged,0.2,0.1,rule,1.902332314
1998-10-23,1998-10-22,1998-10-22,deployment,recovery_1_of_3,-0.2870601613,0.2870601613,SSO,True,1,3052,ASYMMETRIC_RESERVE_BAND,SSO,LAG1,0,staged,0.2,0.1,rule,1.285532139
1998-10-27,1998-10-26,1998-10-26,deployment,recovery_1_of_3,-0.1914566122,0.1914566122,SSO,True,1,3054,ASYMMETRIC_RESERVE_BAND,SSO,LAG1,0,staged,0.2,0.1,rule,0.8687898922
1998-10-30,1998-10-29,1998-10-29,deployment,recovery_1_of_3,-0.1276812338,0.1276812338,SSO,True,1,3057,ASYMMETRIC_RESERVE_BAND,SSO,LAG1,0,staged,0.2,0.1,rule,0.5758183925
1998-11-30,1998-11-27,1998-11-27,deployment,recovery_2_of_3,-0.1281385133,0.1281385133,SSO,True,21,3077,ASYMMETRIC_RESERVE_BAND,SSO,LAG1,0,staged,0.2,0.1,rule,0.4810901318
1999-01-28,1999-01-27,1999-01-27,deployment,recovery_3_of_3,-1.455621382,1.455621382,SSO,True,61,3117,ASYMMETRIC_RESERVE_BAND,SSO,LAG1,0,staged,0.2,0.1,rule,5.609999899
1999-10-07,1999-10-06,1999-10-06,deployment,recovery_1_of_3,-0.5053473021,0.5053473021,SSO,True,1,3292,ASYMMETRIC_RESERVE_BAND,SSO,LAG1,0,staged,0.2,0.1,rule,2.062488239
1999-10-29,1999-10-28,1999-10-28,deployment,recovery_1_of_3,-0.3379117352,0.3379117352,SSO,True,1,3308,ASYMMETRIC_RESERVE_BAND,SSO,LAG1,0,staged,0.2,0.1,rule,1.406233684
1999-11-29,1999-11-26,1999-11-26,deployment,recovery_2_of_3,-0.3393055759,0.3393055759,SSO,True,21,3328,ASYMMETRIC_RESERVE_BAND,SSO,LAG1,0,staged,0.2,0.1,rule,1.273876391
2000-01-26,2000-01-25,2000-01-25,deployment,recovery_3_of_3,-0.3423110959,0.3423110959,SSO,True,61,3368,ASYMMETRIC_RESERVE_BAND,SSO,LAG1,0,staged,0.2,0.1,rule,1.31440402
2007-08-07,2007-08-06,2007-08-06,deployment,recovery_1_of_3,-0.59044789,0.59044789,SSO,True,1,5260,ASYMMETRIC_RESERVE_BAND,SSO,LAG1,0,staged,0.2,0.1,rule,2.530163306
2007-08-23,2007-08-22,2007-08-22,deployment,recovery_1_of_3,-0.3943707906,0.3943707906,SSO,True,1,5272,ASYMMETRIC_RESERVE_BAND,SSO,LAG1,0,staged,0.2,0.1,rule,1.712115979
2007-08-30,2007-08-29,2007-08-29,deployment,recovery_1_of_3,-0.263124546,0.263124546,SSO,True,1,5277,ASYMMETRIC_RESERVE_BAND,SSO,LAG1,0,staged,0.2,0.1,rule,1.169338363
2007-09-04,2007-08-31,2007-08-31,deployment,recovery_1_of_3,-0.175453857,0.175453857,SSO,True,1,5279,ASYMMETRIC_RESERVE_BAND,SSO,LAG1,0,staged,0.2,0.1,rule,0.777615624
2007-09-12,2007-09-11,2007-09-11,deployment,recovery_1_of_3,-0.117114242,0.117114242,SSO,True,1,5285,ASYMMETRIC_RESERVE_BAND,SSO,LAG1,0,staged,0.2,0.1,rule,0.527471249
2007-10-10,2007-10-09,2007-10-09,deployment,recovery_2_of_3,-0.117465707,0.117465707,SSO,True,21,5305,ASYMMETRIC_RESERVE_BAND,SSO,LAG1,0,staged,0.2,0.1,rule,0.4692735604
2007-12-06,2007-12-05,2007-12-05,deployment,recovery_1_of_3,-0.0393754284,0.0393754284,SSO,True,1,5345,ASYMMETRIC_RESERVE_BAND,SSO,LAG1,0,staged,0.2,0.1,rule,0.1763994511
2007-12-13,2007-12-12,2007-12-12,deployment,recovery_1_of_3,-0.0262657118,0.0262657118,SSO,True,1,5350,ASYMMETRIC_RESERVE_BAND,SSO,LAG1,0,staged,0.2,0.1,rule,0.1183035921
2007-12-26,2007-12-24,2007-12-24,deployment,recovery_1_of_3,-0.01752738086,0.01752738086,SSO,True,1,5358,ASYMMETRIC_RESERVE_BAND,SSO,LAG1,0,staged,0.2,0.1,rule,0.07940979369
2009-06-02,2009-06-01,2009-06-01,deployment,recovery_1_of_3,-0.01186683109,0.01186683109,SSO,True,1,5718,ASYMMETRIC_RESERVE_BAND,SSO,LAG1,0,staged,0.2,0.1,rule,0.08347003824
2009-06-25,2009-06-24,2009-06-24,deployment,recovery_1_of_3,-0.00791210899,0.00791210899,SSO,True,1,5735,ASYMMETRIC_RESERVE_BAND,SSO,LAG1,0,staged,0.2,0.1,rule,0.06151562429
2009-07-10,2009-07-09,2009-07-09,deployment,recovery_1_of_3,-0.005275140993,0.005275140993,SSO,True,1,5745,ASYMMETRIC_RESERVE_BAND,SSO,LAG1,0,staged,0.2,0.1,rule,0.04284596143
2009-07-14,2009-07-13,2009-07-13,deployment,recovery_1_of_3,-0.003516832008,0.003516832008,SSO,True,1,5747,ASYMMETRIC_RESERVE_BAND,SSO,LAG1,0,staged,0.2,0.1,rule,0.02809402165
2009-08-11,2009-08-10,2009-08-10,deployment,recovery_2_of_3,-0.003517329511,0.003517329511,SSO,True,21,5767,ASYMMETRIC_RESERVE_BAND,SSO,LAG1,0,staged,0.2,0.1,rule,0.02252030128
2009-10-07,2009-10-06,2009-10-06,deployment,recovery_3_of_3,-0.003518094892,0.003518094892,SSO,True,61,5807,ASYMMETRIC_RESERVE_BAND,SSO,LAG1,0,staged,0.2,0.1,rule,0.02053878667
2012-11-20,2012-11-19,2012-11-19,deployment,recovery_1_of_3,-0.6039212663,0.6039212663,SSO,True,1,6593,ASYMMETRIC_RESERVE_BAND,SSO,LAG1,0,staged,0.2,0.1,rule,2.775305177
2012-12-19,2012-12-18,2012-12-18,deployment,recovery_2_of_3,-0.6039622093,0.6039622093,SSO,True,21,6613,ASYMMETRIC_RESERVE_BAND,SSO,LAG1,0,staged,0.2,0.1,rule,2.544555984
2013-02-19,2013-02-15,2013-02-15,deployment,recovery_3_of_3,-1.846249772,1.846249772,SSO,True,61,6653,ASYMMETRIC_RESERVE_BAND,SSO,LAG1,0,staged,0.2,0.1,rule,7.555692227
2014-10-22,2014-10-21,2014-10-21,deployment,recovery_1_of_3,-0.663427515,0.663427515,SSO,True,1,7076,ASYMMETRIC_RESERVE_BAND,SSO,LAG1,0,staged,0.2,0.1,rule,1.869490528
2014-11-19,2014-11-18,2014-11-18,deployment,recovery_2_of_3,-0.6634378356,0.6634378356,SSO,True,21,7096,ASYMMETRIC_RESERVE_BAND,SSO,LAG1,0,staged,0.2,0.1,rule,1.669951826
2015-01-20,2015-01-16,2015-01-16,deployment,recovery_3_of_3,-3.39684497,3.39684497,SSO,True,61,7136,ASYMMETRIC_RESERVE_BAND,SSO,LAG1,0,staged,0.2,0.1,rule,9.612519168
2015-07-13,2015-07-10,2015-07-10,deployment,recovery_1_of_3,-1.187061808,1.187061808,SSO,True,1,7256,ASYMMETRIC_RESERVE_BAND,SSO,LAG1,0,staged,0.2,0.1,rule,3.557442741
2015-08-10,2015-08-07,2015-08-07,deployment,recovery_2_of_3,-1.187101383,1.187101383,SSO,True,21,7276,ASYMMETRIC_RESERVE_BAND,SSO,LAG1,0,staged,0.2,0.1,rule,3.551521974
2015-10-26,2015-10-23,2015-10-23,deployment,recovery_1_of_3,-0.3957268466,0.3957268466,SSO,True,1,7330,ASYMMETRIC_RESERVE_BAND,SSO,LAG1,0,staged,0.2,0.1,rule,1.204685958
2015-11-19,2015-11-18,2015-11-18,deployment,recovery_1_of_3,-0.2638335116,0.2638335116,SSO,True,1,7348,ASYMMETRIC_RESERVE_BAND,SSO,LAG1,0,staged,0.2,0.1,rule,0.8095874373
2015-12-07,2015-12-04,2015-12-04,deployment,recovery_1_of_3,-0.1759017168,0.1759017168,SSO,True,1,7359,ASYMMETRIC_RESERVE_BAND,SSO,LAG1,0,staged,0.2,0.1,rule,0.5460871106
2015-12-17,2015-12-16,2015-12-16,deployment,recovery_1_of_3,-0.1172772313,0.1172772313,SSO,True,1,7367,ASYMMETRIC_RESERVE_BAND,SSO,LAG1,0,staged,0.2,0.1,rule,0.3721468949
2015-12-24,2015-12-23,2015-12-23,deployment,recovery_1_of_3,-0.07818812392,0.07818812392,SSO,True,1,7372,ASYMMETRIC_RESERVE_BAND,SSO,LAG1,0,staged,0.2,0.1,rule,0.2528828293
2015-12-30,2015-12-29,2015-12-29,deployment,recovery_1_of_3,-0.05212719785,0.05212719785,SSO,True,1,7375,ASYMMETRIC_RESERVE_BAND,SSO,LAG1,0,staged,0.2,0.1,rule,0.1676954734
2016-03-14,2016-03-11,2016-03-11,deployment,recovery_1_of_3,-0.03477099385,0.03477099385,SSO,True,1,7425,ASYMMETRIC_RESERVE_BAND,SSO,LAG1,0,staged,0.2,0.1,rule,0.116317687
2016-03-17,2016-03-16,2016-03-16,deployment,recovery_1_of_3,-0.02318171947,0.02318171947,SSO,True,1,7428,ASYMMETRIC_RESERVE_BAND,SSO,LAG1,0,staged,0.2,0.1,rule,0.07759368986
2016-04-15,2016-04-14,2016-04-14,deployment,recovery_2_of_3,-0.02318652045,0.02318652045,SSO,True,21,7448,ASYMMETRIC_RESERVE_BAND,SSO,LAG1,0,staged,0.2,0.1,rule,0.07348058433
2016-06-13,2016-06-10,2016-06-10,deployment,recovery_3_of_3,-0.02319608686,0.02319608686,SSO,True,61,7488,ASYMMETRIC_RESERVE_BAND,SSO,LAG1,0,staged,0.2,0.1,rule,0.07237476621
2018-04-04,2018-04-03,2018-04-03,deployment,recovery_1_of_3,-1.275029006,1.275029006,SSO,True,1,7943,ASYMMETRIC_RESERVE_BAND,SSO,LAG1,0,staged,0.2,0.1,rule,2.898076421
2018-05-02,2018-05-01,2018-05-01,deployment,recovery_2_of_3,-1.276778695,1.276778695,SSO,True,21,7963,ASYMMETRIC_RESERVE_BAND,SSO,LAG1,0,staged,0.2,0.1,rule,2.820021519
2018-06-28,2018-06-27,2018-06-27,deployment,recovery_3_of_3,-1.28059798,1.28059798,SSO,True,61,8003,ASYMMETRIC_RESERVE_BAND,SSO,LAG1,0,staged,0.2,0.1,rule,2.733645856
2018-10-15,2018-10-12,2018-10-12,deployment,recovery_1_of_3,-2.053794269,2.053794269,SSO,True,1,8078,ASYMMETRIC_RESERVE_BAND,SSO,LAG1,0,staged,0.2,0.1,rule,4.709747021
2018-10-17,2018-10-16,2018-10-16,deployment,recovery_1_of_3,-1.36953893,1.36953893,SSO,True,1,8080,ASYMMETRIC_RESERVE_BAND,SSO,LAG1,0,staged,0.2,0.1,rule,3.111976013
2018-11-08,2018-11-07,2018-11-07,deployment,recovery_1_of_3,-0.914307618,0.914307618,SSO,True,1,8096,ASYMMETRIC_RESERVE_BAND,SSO,LAG1,0,staged,0.2,0.1,rule,2.105654616
2018-12-04,2018-12-03,2018-12-03,deployment,recovery_1_of_3,-0.6105717337,0.6105717337,SSO,True,1,8113,ASYMMETRIC_RESERVE_BAND,SSO,LAG1,0,staged,0.2,0.1,rule,1.460770796
2019-02-13,2019-02-12,2019-02-12,deployment,recovery_1_of_3,-0.4089649637,0.4089649637,SSO,True,1,8160,ASYMMETRIC_RESERVE_BAND,SSO,LAG1,0,staged,0.2,0.1,rule,1.02527065
2019-03-12,2019-03-11,2019-03-11,deployment,recovery_1_of_3,-0.2731371862,0.2731371862,SSO,True,1,8178,ASYMMETRIC_RESERVE_BAND,SSO,LAG1,0,staged,0.2,0.1,rule,0.6735157674
2019-04-09,2019-04-08,2019-04-08,deployment,recovery_2_of_3,-0.2736493883,0.2736493883,SSO,True,21,8198,ASYMMETRIC_RESERVE_BAND,SSO,LAG1,0,staged,0.2,0.1,rule,0.6241512382
2019-06-05,2019-06-04,2019-06-04,deployment,recovery_1_of_3,-0.09155996237,0.09155996237,SSO,True,1,8237,ASYMMETRIC_RESERVE_BAND,SSO,LAG1,0,staged,0.2,0.1,rule,0.2272562341
2019-07-03,2019-07-02,2019-07-02,deployment,recovery_2_of_3,-0.09171436828,0.09171436828,SSO,True,21,8257,ASYMMETRIC_RESERVE_BAND,SSO,LAG1,0,staged,0.2,0.1,rule,0.2025287386
2019-08-29,2019-08-28,2019-08-28,deployment,recovery_3_of_3,-0.09201047681,0.09201047681,SSO,True,61,8297,ASYMMETRIC_RESERVE_BAND,SSO,LAG1,0,staged,0.2,0.1,rule,0.2162319145
2020-03-03,2020-03-02,2020-03-02,deployment,recovery_1_of_3,-2.127383509,2.127383509,SSO,True,1,8424,ASYMMETRIC_RESERVE_BAND,SSO,LAG1,0,staged,0.2,0.1,rule,5.058750596
2020-03-05,2020-03-04,2020-03-04,deployment,recovery_1_of_3,-1.418335854,1.418335854,SSO,True,1,8426,ASYMMETRIC_RESERVE_BAND,SSO,LAG1,0,staged,0.2,0.1,rule,3.428772894
2020-05-28,2020-05-27,2020-05-27,deployment,recovery_1_of_3,-0.9459092288,0.9459092288,SSO,True,1,8484,ASYMMETRIC_RESERVE_BAND,SSO,LAG1,0,staged,0.2,0.1,rule,2.430967538
2020-06-15,2020-06-12,2020-06-12,deployment,recovery_1_of_3,-0.6306494375,0.6306494375,SSO,True,1,8496,ASYMMETRIC_RESERVE_BAND,SSO,LAG1,0,staged,0.2,0.1,rule,1.642235063
2020-06-30,2020-06-29,2020-06-29,deployment,recovery_1_of_3,-0.4204640371,0.4204640371,SSO,True,1,8507,ASYMMETRIC_RESERVE_BAND,SSO,LAG1,0,staged,0.2,0.1,rule,1.104197202
2020-07-29,2020-07-28,2020-07-28,deployment,recovery_2_of_3,-0.4205085535,0.4205085535,SSO,True,21,8527,ASYMMETRIC_RESERVE_BAND,SSO,LAG1,0,staged,0.2,0.1,rule,0.9945633351
2020-09-24,2020-09-23,2020-09-23,deployment,recovery_3_of_3,-0.4205785459,0.4205785459,SSO,True,61,8567,ASYMMETRIC_RESERVE_BAND,SSO,LAG1,0,staged,0.2,0.1,rule,0.9850760494
2022-02-01,2022-01-31,2022-01-31,deployment,recovery_1_of_3,-2.539879716,2.539879716,SSO,True,1,8908,ASYMMETRIC_RESERVE_BAND,SSO,LAG1,0,staged,0.2,0.1,rule,3.5126144
2022-02-16,2022-02-15,2022-02-15,deployment,recovery_1_of_3,-1.693456976,1.693456976,SSO,True,1,8919,ASYMMETRIC_RESERVE_BAND,SSO,LAG1,0,staged,0.2,0.1,rule,2.419461902
2022-03-23,2022-03-22,2022-03-22,deployment,recovery_1_of_3,-1.129386063,1.129386063,SSO,True,1,8943,ASYMMETRIC_RESERVE_BAND,SSO,LAG1,0,staged,0.2,0.1,rule,1.629899532
2022-03-25,2022-03-24,2022-03-24,deployment,recovery_1_of_3,-0.7529451928,0.7529451928,SSO,True,1,8945,ASYMMETRIC_RESERVE_BAND,SSO,LAG1,0,staged,0.2,0.1,rule,1.098053531
2022-04-08,2022-04-07,2022-04-07,deployment,recovery_1_of_3,-0.5020732258,0.5020732258,SSO,True,1,8955,ASYMMETRIC_RESERVE_BAND,SSO,LAG1,0,staged,0.2,0.1,rule,0.7423037467
2022-12-01,2022-11-30,2022-11-30,deployment,recovery_1_of_3,-0.3400891408,0.3400891408,SSO,True,1,9118,ASYMMETRIC_RESERVE_BAND,SSO,LAG1,0,staged,0.2,0.1,rule,0.5499931631
2023-01-17,2023-01-13,2023-01-13,deployment,recovery_1_of_3,-0.2279353262,0.2279353262,SSO,True,1,9148,ASYMMETRIC_RESERVE_BAND,SSO,LAG1,0,staged,0.2,0.1,rule,0.3832461397
2023-01-23,2023-01-20,2023-01-20,deployment,recovery_1_of_3,-0.1520922486,0.1520922486,SSO,True,1,9152,ASYMMETRIC_RESERVE_BAND,SSO,LAG1,0,staged,0.2,0.1,rule,0.2622670941
2023-02-21,2023-02-17,2023-02-17,deployment,recovery_2_of_3,-0.1526434614,0.1526434614,SSO,True,21,9172,ASYMMETRIC_RESERVE_BAND,SSO,LAG1,0,staged,0.2,0.1,rule,0.2504299577
2023-03-17,2023-03-16,2023-03-16,deployment,recovery_1_of_3,-0.05106476573,0.05106476573,SSO,True,1,9190,ASYMMETRIC_RESERVE_BAND,SSO,LAG1,0,staged,0.2,0.1,rule,0.090041771
2023-03-21,2023-03-20,2023-03-20,deployment,recovery_1_of_3,-0.03406005925,0.03406005925,SSO,True,1,9192,ASYMMETRIC_RESERVE_BAND,SSO,LAG1,0,staged,0.2,0.1,rule,0.06087502808
2023-04-19,2023-04-18,2023-04-18,deployment,recovery_2_of_3,-0.03419258821,0.03419258821,SSO,True,21,9212,ASYMMETRIC_RESERVE_BAND,SSO,LAG1,0,staged,0.2,0.1,rule,0.05549780365
2023-06-15,2023-06-14,2023-06-14,deployment,recovery_3_of_3,-0.03447380069,0.03447380069,SSO,True,61,9252,ASYMMETRIC_RESERVE_BAND,SSO,LAG1,0,staged,0.2,0.1,rule,0.05086979644
2025-03-25,2025-03-24,2025-03-24,deployment,recovery_1_of_3,-4.628482409,4.628482409,SSO,True,1,9696,ASYMMETRIC_RESERVE_BAND,SSO,LAG1,0,staged,0.2,0.1,rule,5.078256967
2025-05-13,2025-05-12,2025-05-12,deployment,recovery_1_of_3,-3.103578468,3.103578468,SSO,True,1,9730,ASYMMETRIC_RESERVE_BAND,SSO,LAG1,0,staged,0.2,0.1,rule,3.389618924
2025-06-11,2025-06-10,2025-06-10,deployment,recovery_2_of_3,-3.114347876,3.114347876,SSO,True,21,9750,ASYMMETRIC_RESERVE_BAND,SSO,LAG1,0,staged,0.2,0.1,rule,3.194678906
2025-08-08,2025-08-07,2025-08-07,deployment,recovery_3_of_3,-18.12986986,18.12986986,SSO,True,61,9790,ASYMMETRIC_RESERVE_BAND,SSO,LAG1,0,staged,0.2,0.1,rule,18.56300234
2026-04-09,2026-04-08,2026-04-08,deployment,recovery_1_of_3,-6.342902879,6.342902879,SSO,True,1,9957,ASYMMETRIC_RESERVE_BAND,SSO,LAG1,0,staged,0.2,0.1,rule,6.632544336
2026-05-07,2026-05-06,2026-05-06,deployment,recovery_2_of_3,-6.360872141,6.360872141,SSO,True,21,9977,ASYMMETRIC_RESERVE_BAND,SSO,LAG1,0,staged,0.2,0.1,rule,5.663368289
2026-07-07,2026-07-06,2026-07-06,deployment,recovery_3_of_3,-23.01639233,23.01639233,SSO,True,61,10017,ASYMMETRIC_RESERVE_BAND,SSO,LAG1,0,staged,0.2,0.1,rule,21.28135371
1987-10-20,1987-10-19,1987-10-19,deployment,drawdown_20_30,-0.0308385879,0.0308385879,SP500_1X,False,0,268,HWM_DRAWDOWN,SSO,LAG1,0,drawdown,0.15,0.1,rule,5.06674873
2001-03-13,2001-03-12,2001-03-12,deployment,drawdown_20,-0.3660353855,0.3660353855,SP500_1X,False,0,3652,HWM_DRAWDOWN,SSO,LAG1,0,drawdown,0.15,0.1,rule,6.808360455
2001-09-18,2001-09-17,2001-09-17,deployment,drawdown_30,-0.4663718843,0.4663718843,SP500_1X,False,0,3779,HWM_DRAWDOWN,SSO,LAG1,0,drawdown,0.15,0.1,rule,9.788974165
2002-07-19,2002-07-18,2002-07-18,deployment,drawdown_40,-0.4735450369,0.4735450369,SP500_1X,False,0,3989,HWM_DRAWDOWN,SSO,LAG1,0,drawdown,0.15,0.1,rule,12.16529616
2008-07-15,2008-07-14,2008-07-14,deployment,drawdown_20,-0.1713013463,0.1713013463,SP500_1X,False,0,5496,HWM_DRAWDOWN,SSO,LAG1,0,drawdown,0.15,0.1,rule,2.834052156
2008-10-07,2008-10-06,2008-10-06,deployment,drawdown_30,-0.2148409529,0.2148409529,SP500_1X,False,0,5555,HWM_DRAWDOWN,SSO,LAG1,0,drawdown,0.15,0.1,rule,4.109950643
2008-10-10,2008-10-09,2008-10-09,deployment,drawdown_40,-0.2148530292,0.2148530292,SP500_1X,False,0,5558,HWM_DRAWDOWN,SSO,LAG1,0,drawdown,0.15,0.1,rule,4.771364479
2008-11-21,2008-11-20,2008-11-20,deployment,drawdown_50,-0.2579675122,0.2579675122,SP500_1X,False,0,5588,HWM_DRAWDOWN,SSO,LAG1,0,drawdown,0.15,0.1,rule,6.904391655
2020-03-13,2020-03-12,2020-03-12,deployment,drawdown_20,-1.184046391,1.184046391,SP500_1X,False,0,8432,HWM_DRAWDOWN,SSO,LAG1,0,drawdown,0.15,0.1,rule,5.900963455
2020-03-23,2020-03-20,2020-03-20,deployment,drawdown_30,-1.480125048,1.480125048,SP500_1X,False,0,8438,HWM_DRAWDOWN,SSO,LAG1,0,drawdown,0.15,0.1,rule,7.933859931
2022-06-14,2022-06-13,2022-06-13,deployment,drawdown_20,-1.786495475,1.786495475,SP500_1X,False,0,9000,HWM_DRAWDOWN,SSO,LAG1,0,drawdown,0.15,0.1,rule,4.776620731
1987-10-20,1987-10-19,1987-10-19,deployment,drawdown_20_30,-0.04788972958,0.04788972958,SP500_1X,False,0,268,BAND_DRAWDOWN,SSO,LAG1,0,drawdown,0.2,0.1,rule,7.810778515
2001-03-13,2001-03-12,2001-03-12,deployment,drawdown_20,-0.2505764114,0.2505764114,SP500_1X,False,0,3652,BAND_DRAWDOWN,SSO,LAG1,0,drawdown,0.2,0.1,rule,4.317718697
2001-09-18,2001-09-17,2001-09-17,deployment,drawdown_30,-0.3192636498,0.3192636498,SP500_1X,False,0,3779,BAND_DRAWDOWN,SSO,LAG1,0,drawdown,0.2,0.1,rule,6.207961088
2002-07-19,2002-07-18,2002-07-18,deployment,drawdown_40,-0.3241741664,0.3241741664,SP500_1X,False,0,3989,BAND_DRAWDOWN,SSO,LAG1,0,drawdown,0.2,0.1,rule,7.71497441
2008-07-15,2008-07-14,2008-07-14,deployment,drawdown_20,-0.3498149685,0.3498149685,SP500_1X,False,0,5496,BAND_DRAWDOWN,SSO,LAG1,0,drawdown,0.2,0.1,rule,5.736366548
2008-10-07,2008-10-06,2008-10-06,deployment,drawdown_30,-0.4387273235,0.4387273235,SP500_1X,False,0,5555,BAND_DRAWDOWN,SSO,LAG1,0,drawdown,0.2,0.1,rule,8.318895378
2008-10-10,2008-10-09,2008-10-09,deployment,drawdown_40,-0.4387519846,0.4387519846,SP500_1X,False,0,5558,BAND_DRAWDOWN,SSO,LAG1,0,drawdown,0.2,0.1,rule,9.657654155
2008-11-21,2008-11-20,2008-11-20,deployment,drawdown_50,-0.5267961935,0.5267961935,SP500_1X,False,0,5588,BAND_DRAWDOWN,SSO,LAG1,0,drawdown,0.2,0.1,rule,13.97508555
2020-03-13,2020-03-12,2020-03-12,deployment,drawdown_20,-0.8005412275,0.8005412275,SP500_1X,False,0,8432,BAND_DRAWDOWN,SSO,LAG1,0,drawdown,0.2,0.1,rule,3.990433765
2020-03-23,2020-03-20,2020-03-20,deployment,drawdown_30,-1.000721873,1.000721873,SP500_1X,False,0,8438,BAND_DRAWDOWN,SSO,LAG1,0,drawdown,0.2,0.1,rule,5.365148047
2022-06-14,2022-06-13,2022-06-13,deployment,drawdown_20,-1.516752652,1.516752652,SP500_1X,False,0,9000,BAND_DRAWDOWN,SSO,LAG1,0,drawdown,0.2,0.1,rule,4.12260644
1986-11-21,1986-11-20,1986-11-20,deployment,recovery_1_of_3,-0.004125444578,0.004121351436,SSO,True,1,39,HWM_RESERVE,SSO,LAG1,10,staged,0.15,0.1,rule,0.4891566846
1986-12-22,1986-12-19,1986-12-19,deployment,recovery_2_of_3,-0.004143831246,0.004143813662,SSO,True,21,59,HWM_RESERVE,SSO,LAG1,10,staged,0.15,0.1,rule,0.5324149943
1987-02-19,1987-02-18,1987-02-18,deployment,recovery_3_of_3,-0.01500784063,0.01500765765,SSO,True,61,99,HWM_RESERVE,SSO,LAG1,10,staged,0.15,0.1,rule,1.536657366
1988-06-07,1988-06-06,1988-06-06,deployment,recovery_1_of_3,-0.01544920294,0.01543415298,SSO,True,1,427,HWM_RESERVE,SSO,LAG1,10,staged,0.15,0.1,rule,1.69419878
1988-06-09,1988-06-08,1988-06-08,deployment,recovery_1_of_3,-0.01028315738,0.01027304978,SSO,True,1,429,HWM_RESERVE,SSO,LAG1,10,staged,0.15,0.1,rule,1.118961357
1988-07-08,1988-07-07,1988-07-07,deployment,recovery_2_of_3,-0.01033783394,0.01033774495,SSO,True,21,449,HWM_RESERVE,SSO,LAG1,10,staged,0.15,0.1,rule,1.128642214
1988-08-25,1988-08-24,1988-08-24,deployment,recovery_1_of_3,-0.003467914514,0.00346446874,SSO,True,1,483,HWM_RESERVE,SSO,LAG1,10,staged,0.15,0.1,rule,0.4189214697
1988-09-06,1988-09-02,1988-09-02,deployment,recovery_1_of_3,-0.002311639575,0.002309337775,SSO,True,1,490,HWM_RESERVE,SSO,LAG1,10,staged,0.15,0.1,rule,0.2793078182
1988-10-04,1988-10-03,1988-10-03,deployment,recovery_2_of_3,-0.002326351173,0.002326346422,SSO,True,21,510,HWM_RESERVE,SSO,LAG1,10,staged,0.15,0.1,rule,0.2679891039
1988-11-23,1988-11-22,1988-11-22,deployment,recovery_1_of_3,-0.0007813640981,0.0007805838601,SSO,True,1,546,HWM_RESERVE,SSO,LAG1,10,staged,0.15,0.1,rule,0.09456285349
1988-12-22,1988-12-21,1988-12-21,deployment,recovery_2_of_3,-0.0007865357852,0.000786535253,SSO,True,21,566,HWM_RESERVE,SSO,LAG1,10,staged,0.15,0.1,rule,0.08877545962
1989-02-21,1989-02-17,1989-02-17,deployment,recovery_3_of_3,-0.0007957485594,0.0007957480808,SSO,True,61,606,HWM_RESERVE,SSO,LAG1,10,staged,0.15,0.1,rule,0.0789040507
1990-03-09,1990-03-08,1990-03-08,deployment,recovery_1_of_3,-0.007207000697,0.007199858406,SSO,True,1,871,HWM_RESERVE,SSO,LAG1,10,staged,0.15,0.1,rule,0.5970744882
1990-03-19,1990-03-16,1990-03-16,deployment,recovery_1_of_3,-0.004803820814,0.004799045838,SSO,True,1,877,HWM_RESERVE,SSO,LAG1,10,staged,0.15,0.1,rule,0.3993103667
1990-03-28,1990-03-27,1990-03-27,deployment,recovery_1_of_3,-0.00320407641,0.003200885294,SSO,True,1,884,HWM_RESERVE,SSO,LAG1,10,staged,0.15,0.1,rule,0.2690237005
1990-04-04,1990-04-03,1990-04-03,deployment,recovery_1_of_3,-0.002135108649,0.002132979299,SSO,True,1,889,HWM_RESERVE,SSO,LAG1,10,staged,0.15,0.1,rule,0.1793694643
1990-04-10,1990-04-09,1990-04-09,deployment,recovery_1_of_3,-0.001422445228,0.001421025382,SSO,True,1,893,HWM_RESERVE,SSO,LAG1,10,staged,0.15,0.1,rule,0.1215073429
1990-05-09,1990-05-08,1990-05-08,deployment,recovery_1_of_3,-0.0009524739541,0.0009515226471,SSO,True,1,913,HWM_RESERVE,SSO,LAG1,10,staged,0.15,0.1,rule,0.08148513275
1990-06-07,1990-06-06,1990-06-06,deployment,recovery_2_of_3,-0.0009585231925,0.0009585226722,SSO,True,21,933,HWM_RESERVE,SSO,LAG1,10,staged,0.15,0.1,rule,0.0721967412
1990-08-03,1990-08-02,1990-08-02,deployment,recovery_3_of_3,-0.0009685199979,0.0009685194195,SSO,True,61,973,HWM_RESERVE,SSO,LAG1,10,staged,0.15,0.1,rule,0.07943790726
1991-04-23,1991-04-22,1991-04-22,deployment,recovery_3_of_3,-0.02020020139,0.0201999949,SSO,True,61,1154,HWM_RESERVE,SSO,LAG1,10,staged,0.15,0.1,rule,1.373675174
1991-12-16,1991-12-13,1991-12-13,deployment,recovery_1_of_3,-0.001840628947,0.001838791761,SSO,True,1,1319,HWM_RESERVE,SSO,LAG1,10,staged,0.15,0.1,rule,0.126044423
1992-01-15,1992-01-14,1992-01-14,deployment,recovery_2_of_3,-0.001847053995,0.001847052538,SSO,True,21,1339,HWM_RESERVE,SSO,LAG1,10,staged,0.15,0.1,rule,0.1071560335
1992-03-12,1992-03-11,1992-03-11,deployment,recovery_3_of_3,-0.02243932284,0.02243909037,SSO,True,61,1379,HWM_RESERVE,SSO,LAG1,10,staged,0.15,0.1,rule,1.409180751
1993-01-15,1993-01-14,1993-01-14,deployment,recovery_3_of_3,-0.01476112982,0.01476104025,SSO,True,61,1593,HWM_RESERVE,SSO,LAG1,10,staged,0.15,0.1,rule,0.830448037
1994-06-15,1994-06-14,1994-06-14,deployment,recovery_1_of_3,-0.01668115814,0.01666467894,SSO,True,1,1950,HWM_RESERVE,SSO,LAG1,10,staged,0.15,0.1,rule,0.8437364763
1994-08-02,1994-08-01,1994-08-01,deployment,recovery_1_of_3,-0.01116264941,0.01115157774,SSO,True,1,1983,HWM_RESERVE,SSO,LAG1,10,staged,0.15,0.1,rule,0.5681019914
1994-08-04,1994-08-03,1994-08-03,deployment,recovery_1_of_3,-0.007428807415,0.007421418964,SSO,True,1,1985,HWM_RESERVE,SSO,LAG1,10,staged,0.15,0.1,rule,0.3786412449
1994-08-15,1994-08-12,1994-08-12,deployment,recovery_1_of_3,-0.00494820294,0.004943272754,SSO,True,1,1992,HWM_RESERVE,SSO,LAG1,10,staged,0.15,0.1,rule,0.2537933758
1994-09-13,1994-09-12,1994-09-12,deployment,recovery_2_of_3,-0.004967816837,0.004967807907,SSO,True,21,2012,HWM_RESERVE,SSO,LAG1,10,staged,0.15,0.1,rule,0.2505869957
1994-09-28,1994-09-27,1994-09-27,deployment,recovery_1_of_3,-0.001654241914,0.001652589702,SSO,True,1,2023,HWM_RESERVE,SSO,LAG1,10,staged,0.15,0.1,rule,0.08552802517
1994-10-12,1994-10-11,1994-10-11,deployment,recovery_1_of_3,-0.00110270082,0.00110159903,SSO,True,1,2033,HWM_RESERVE,SSO,LAG1,10,staged,0.15,0.1,rule,0.05758332733
1994-11-09,1994-11-08,1994-11-08,deployment,recovery_2_of_3,-0.001107058583,0.001107058122,SSO,True,21,2053,HWM_RESERVE,SSO,LAG1,10,staged,0.15,0.1,rule,0.05795544272
1994-12-19,1994-12-16,1994-12-16,deployment,recovery_1_of_3,-0.0003700686968,0.0003696987342,SSO,True,1,2080,HWM_RESERVE,SSO,LAG1,10,staged,0.15,0.1,rule,0.01997179099
1994-12-22,1994-12-21,1994-12-21,deployment,recovery_1_of_3,-0.0002464117717,0.0002461654071,SSO,True,1,2083,HWM_RESERVE,SSO,LAG1,10,staged,0.15,0.1,rule,0.01333319112
1995-01-23,1995-01-20,1995-01-20,deployment,recovery_2_of_3,-0.0002475801041,0.0002475800808,SSO,True,21,2103,HWM_RESERVE,SSO,LAG1,10,staged,0.15,0.1,rule,0.01314171491
1995-03-21,1995-03-20,1995-03-20,deployment,recovery_3_of_3,-0.0002524596882,0.0002524596669,SSO,True,61,2143,HWM_RESERVE,SSO,LAG1,10,staged,0.15,0.1,rule,0.01178738383
1996-07-18,1996-07-17,1996-07-17,deployment,recovery_1_of_3,-0.0804579621,0.08038031448,SSO,True,1,2479,HWM_RESERVE,SSO,LAG1,10,staged,0.15,0.1,rule,2.569285869
1996-07-29,1996-07-26,1996-07-26,deployment,recovery_1_of_3,-0.05360497626,0.05355263308,SSO,True,1,2486,HWM_RESERVE,SSO,LAG1,10,staged,0.15,0.1,rule,1.732112814
1996-07-31,1996-07-30,1996-07-30,deployment,recovery_1_of_3,-0.03568765182,0.03565252956,SSO,True,1,2488,HWM_RESERVE,SSO,LAG1,10,staged,0.15,0.1,rule,1.166068243
1996-08-28,1996-08-27,1996-08-27,deployment,recovery_2_of_3,-0.03582980823,0.03582954817,SSO,True,21,2508,HWM_RESERVE,SSO,LAG1,10,staged,0.15,0.1,rule,1.067013819
1996-10-24,1996-10-23,1996-10-23,deployment,recovery_3_of_3,-0.06424380184,0.06424305531,SSO,True,61,2548,HWM_RESERVE,SSO,LAG1,10,staged,0.15,0.1,rule,1.715806648
1998-09-24,1998-09-23,1998-09-23,deployment,recovery_1_of_3,-0.2813323374,0.281065625,SSO,True,1,3031,HWM_RESERVE,SSO,LAG1,10,staged,0.15,0.1,rule,4.16094778
1998-10-23,1998-10-22,1998-10-22,deployment,recovery_1_of_3,-0.187814746,0.1876335222,SSO,True,1,3052,HWM_RESERVE,SSO,LAG1,10,staged,0.15,0.1,rule,2.811828438
1998-10-27,1998-10-26,1998-10-26,deployment,recovery_1_of_3,-0.1250226903,0.1249006313,SSO,True,1,3054,HWM_RESERVE,SSO,LAG1,10,staged,0.15,0.1,rule,1.900293312
1998-10-30,1998-10-29,1998-10-29,deployment,recovery_1_of_3,-0.08321416564,0.08313225904,SSO,True,1,3057,HWM_RESERVE,SSO,LAG1,10,staged,0.15,0.1,rule,1.259480399
1998-11-30,1998-11-27,1998-11-27,deployment,recovery_2_of_3,-0.08351219014,0.08351163999,SSO,True,21,3077,HWM_RESERVE,SSO,LAG1,10,staged,0.15,0.1,rule,1.053319222
1999-01-28,1999-01-27,1999-01-27,deployment,recovery_3_of_3,-0.1586451397,0.1586432888,SSO,True,61,3117,HWM_RESERVE,SSO,LAG1,10,staged,0.15,0.1,rule,1.875046616
1999-10-07,1999-10-06,1999-10-06,deployment,recovery_1_of_3,-0.09389288212,0.09380022347,SSO,True,1,3292,HWM_RESERVE,SSO,LAG1,10,staged,0.15,0.1,rule,1.077564653
1999-10-29,1999-10-28,1999-10-28,deployment,recovery_1_of_3,-0.06265976638,0.06259766803,SSO,True,1,3308,HWM_RESERVE,SSO,LAG1,10,staged,0.15,0.1,rule,0.734698838
1999-11-29,1999-11-26,1999-11-26,deployment,recovery_2_of_3,-0.06291822954,0.06291797373,SSO,True,21,3328,HWM_RESERVE,SSO,LAG1,10,staged,0.15,0.1,rule,0.666207875
2000-01-26,2000-01-25,2000-01-25,deployment,recovery_3_of_3,-0.06334947896,0.06334921377,SSO,True,61,3368,HWM_RESERVE,SSO,LAG1,10,staged,0.15,0.1,rule,0.6860403994
2014-10-22,2014-10-21,2014-10-21,deployment,recovery_1_of_3,-0.4215600408,0.4211517052,SSO,True,1,7076,HWM_RESERVE,SSO,LAG1,10,staged,0.15,0.1,rule,2.697430166
2014-11-19,2014-11-18,2014-11-18,deployment,recovery_2_of_3,-0.4215665988,0.4215606667,SSO,True,21,7096,HWM_RESERVE,SSO,LAG1,10,staged,0.15,0.1,rule,2.41185813
2015-01-20,2015-01-16,2015-01-16,deployment,recovery_3_of_3,-0.5358603298,0.5358504448,SSO,True,61,7136,HWM_RESERVE,SSO,LAG1,10,staged,0.15,0.1,rule,3.175923634
2015-07-13,2015-07-10,2015-07-10,deployment,recovery_1_of_3,-0.04636754223,0.04632131589,SSO,True,1,7256,HWM_RESERVE,SSO,LAG1,10,staged,0.15,0.1,rule,0.2633421113
2015-08-10,2015-08-07,2015-08-07,deployment,recovery_2_of_3,-0.04636908806,0.04636901751,SSO,True,21,7276,HWM_RESERVE,SSO,LAG1,10,staged,0.15,0.1,rule,0.2631661874
2015-10-26,2015-10-23,2015-10-23,deployment,recovery_1_of_3,-0.01541114704,0.01539575176,SSO,True,1,7330,HWM_RESERVE,SSO,LAG1,10,staged,0.15,0.1,rule,0.0890887001
2015-11-19,2015-11-18,2015-11-18,deployment,recovery_1_of_3,-0.01025418839,0.0102439413,SSO,True,1,7348,HWM_RESERVE,SSO,LAG1,10,staged,0.15,0.1,rule,0.05987045168
2015-12-07,2015-12-04,2015-12-04,deployment,recovery_1_of_3,-0.00682296275,0.006816142973,SSO,True,1,7359,HWM_RESERVE,SSO,LAG1,10,staged,0.15,0.1,rule,0.0403841271
2015-12-17,2015-12-16,2015-12-16,deployment,recovery_1_of_3,-0.004539918063,0.00453537959,SSO,True,1,7367,HWM_RESERVE,SSO,LAG1,10,staged,0.15,0.1,rule,0.02752093432
2015-12-24,2015-12-23,2015-12-23,deployment,recovery_1_of_3,-0.003020691407,0.003017671369,SSO,True,1,7372,HWM_RESERVE,SSO,LAG1,10,staged,0.15,0.1,rule,0.01870114149
2015-12-30,2015-12-29,2015-12-29,deployment,recovery_1_of_3,-0.002009838272,0.002007828722,SSO,True,1,7375,HWM_RESERVE,SSO,LAG1,10,staged,0.15,0.1,rule,0.01240138282
2016-03-14,2016-03-11,2016-03-11,deployment,recovery_1_of_3,-0.001337965576,0.001336627743,SSO,True,1,7425,HWM_RESERVE,SSO,LAG1,10,staged,0.15,0.1,rule,0.00860190282
2016-03-17,2016-03-16,2016-03-16,deployment,recovery_1_of_3,-0.0008902347538,0.0008893445781,SSO,True,1,7428,HWM_RESERVE,SSO,LAG1,10,staged,0.15,0.1,rule,0.005738193363
2016-04-15,2016-04-14,2016-04-14,deployment,recovery_2_of_3,-0.0008904191233,0.0008904190953,SSO,True,21,7448,HWM_RESERVE,SSO,LAG1,10,staged,0.15,0.1,rule,0.005439460888
2016-06-13,2016-06-10,2016-06-10,deployment,recovery_3_of_3,-0.0008890050142,0.0008890049867,SSO,True,61,7488,HWM_RESERVE,SSO,LAG1,10,staged,0.15,0.1,rule,0.005346887297
2018-04-04,2018-04-03,2018-04-03,deployment,recovery_1_of_3,-0.6992476901,0.6985708291,SSO,True,1,7943,HWM_RESERVE,SSO,LAG1,10,staged,0.15,0.1,rule,2.908456357
2018-05-02,2018-05-01,2018-05-01,deployment,recovery_2_of_3,-0.7002072497,0.7001963229,SSO,True,21,7963,HWM_RESERVE,SSO,LAG1,10,staged,0.15,0.1,rule,2.832864057
2018-06-28,2018-06-27,2018-06-27,deployment,recovery_3_of_3,-0.7009312378,0.7009206503,SSO,True,61,8003,HWM_RESERVE,SSO,LAG1,10,staged,0.15,0.1,rule,2.740778679
2018-10-15,2018-10-12,2018-10-12,deployment,recovery_1_of_3,-0.04526214018,0.04521696346,SSO,True,1,8078,HWM_RESERVE,SSO,LAG1,10,staged,0.15,0.1,rule,0.1717173688
2018-10-17,2018-10-16,2018-10-16,deployment,recovery_1_of_3,-0.03012209384,0.03009200931,SSO,True,1,8080,HWM_RESERVE,SSO,LAG1,10,staged,0.15,0.1,rule,0.1134626404
2018-11-08,2018-11-07,2018-11-07,deployment,recovery_1_of_3,-0.02006943708,0.02004938458,SSO,True,1,8096,HWM_RESERVE,SSO,LAG1,10,staged,0.15,0.1,rule,0.07677216391
2018-12-04,2018-12-03,2018-12-03,deployment,recovery_1_of_3,-0.01337553869,0.01336217098,SSO,True,1,8113,HWM_RESERVE,SSO,LAG1,10,staged,0.15,0.1,rule,0.05325970085
2019-02-13,2019-02-12,2019-02-12,deployment,recovery_1_of_3,-0.008941125552,0.0089321881,SSO,True,1,8160,HWM_RESERVE,SSO,LAG1,10,staged,0.15,0.1,rule,0.03738136625
2019-03-12,2019-03-11,2019-03-11,deployment,recovery_1_of_3,-0.005959615683,0.005953657676,SSO,True,1,8178,HWM_RESERVE,SSO,LAG1,10,staged,0.15,0.1,rule,0.02455638379
2019-04-09,2019-04-08,2019-04-08,deployment,recovery_2_of_3,-0.005970791486,0.005970790738,SSO,True,21,8198,HWM_RESERVE,SSO,LAG1,10,staged,0.15,0.1,rule,0.02277932632
2019-06-05,2019-06-04,2019-06-04,deployment,recovery_1_of_3,-0.001991770516,0.001989778926,SSO,True,1,8237,HWM_RESERVE,SSO,LAG1,10,staged,0.15,0.1,rule,0.008277470113
2019-07-03,2019-07-02,2019-07-02,deployment,recovery_2_of_3,-0.00199512942,0.001995129339,SSO,True,21,8257,HWM_RESERVE,SSO,LAG1,10,staged,0.15,0.1,rule,0.007384191409
2019-08-29,2019-08-28,2019-08-28,deployment,recovery_3_of_3,-0.001997568026,0.001997567939,SSO,True,61,8297,HWM_RESERVE,SSO,LAG1,10,staged,0.15,0.1,rule,0.007868042588
2020-03-03,2020-03-02,2020-03-02,deployment,recovery_1_of_3,-0.2898768223,0.2895902532,SSO,True,1,8424,HWM_RESERVE,SSO,LAG1,10,staged,0.15,0.1,rule,1.056288245
2020-03-05,2020-03-04,2020-03-04,deployment,recovery_1_of_3,-0.1928803453,0.1926889564,SSO,True,1,8426,HWM_RESERVE,SSO,LAG1,10,staged,0.15,0.1,rule,0.7159420953
2020-05-28,2020-05-27,2020-05-27,deployment,recovery_1_of_3,-0.1283796824,0.1282520062,SSO,True,1,8484,HWM_RESERVE,SSO,LAG1,10,staged,0.15,0.1,rule,0.5075961712
2020-06-15,2020-06-12,2020-06-12,deployment,recovery_1_of_3,-0.08542218014,0.08533707415,SSO,True,1,8496,HWM_RESERVE,SSO,LAG1,10,staged,0.15,0.1,rule,0.3429055374
2020-06-30,2020-06-29,2020-06-29,deployment,recovery_1_of_3,-0.05683890816,0.05678221071,SSO,True,1,8507,HWM_RESERVE,SSO,LAG1,10,staged,0.15,0.1,rule,0.2305609858
2020-07-29,2020-07-28,2020-07-28,deployment,recovery_2_of_3,-0.05684492595,0.05684486216,SSO,True,21,8527,HWM_RESERVE,SSO,LAG1,10,staged,0.15,0.1,rule,0.2078763356
2020-09-24,2020-09-23,2020-09-23,deployment,recovery_3_of_3,-0.05674089816,0.05674083521,SSO,True,61,8567,HWM_RESERVE,SSO,LAG1,10,staged,0.15,0.1,rule,0.2054826108
2022-02-01,2022-01-31,2022-01-31,deployment,recovery_1_of_3,-1.558576351,1.557068609,SSO,True,1,8908,HWM_RESERVE,SSO,LAG1,10,staged,0.15,0.1,rule,3.176235268
2022-02-16,2022-02-15,2022-02-15,deployment,recovery_1_of_3,-1.03716788,1.036153987,SSO,True,1,8919,HWM_RESERVE,SSO,LAG1,10,staged,0.15,0.1,rule,2.187766532
2022-03-23,2022-03-22,2022-03-22,deployment,recovery_1_of_3,-0.6903482094,0.6896682952,SSO,True,1,8943,HWM_RESERVE,SSO,LAG1,10,staged,0.15,0.1,rule,1.473815166
2022-03-25,2022-03-24,2022-03-24,deployment,recovery_1_of_3,-0.4593391088,0.4588844461,SSO,True,1,8945,HWM_RESERVE,SSO,LAG1,10,staged,0.15,0.1,rule,0.9929004311
2022-04-08,2022-04-07,2022-04-07,deployment,recovery_1_of_3,-0.3056870422,0.3053834587,SSO,True,1,8955,HWM_RESERVE,SSO,LAG1,10,staged,0.15,0.1,rule,0.6712183779
2022-12-01,2022-11-30,2022-11-30,deployment,recovery_1_of_3,-0.2066520453,0.2064464461,SSO,True,1,9118,HWM_RESERVE,SSO,LAG1,10,staged,0.15,0.1,rule,0.4973240677
2023-01-17,2023-01-13,2023-01-13,deployment,recovery_1_of_3,-0.1382273815,0.1380896447,SSO,True,1,9148,HWM_RESERVE,SSO,LAG1,10,staged,0.15,0.1,rule,0.3465452699
2023-01-23,2023-01-20,2023-01-20,deployment,recovery_1_of_3,-0.0920499683,0.09195814189,SSO,True,1,9152,HWM_RESERVE,SSO,LAG1,10,staged,0.15,0.1,rule,0.2371515626
2023-02-21,2023-02-17,2023-02-17,deployment,recovery_2_of_3,-0.09238357585,0.09238346861,SSO,True,21,9172,HWM_RESERVE,SSO,LAG1,10,staged,0.15,0.1,rule,0.2266741117
2023-03-17,2023-03-16,2023-03-16,deployment,recovery_1_of_3,-0.03081314973,0.03078236225,SSO,True,1,9190,HWM_RESERVE,SSO,LAG1,10,staged,0.15,0.1,rule,0.08133778205
2023-03-21,2023-03-20,2023-03-20,deployment,recovery_1_of_3,-0.02051123727,0.02049073759,SSO,True,1,9192,HWM_RESERVE,SSO,LAG1,10,staged,0.15,0.1,rule,0.0549904751
2023-04-19,2023-04-18,2023-04-18,deployment,recovery_2_of_3,-0.02059104726,0.02059104197,SSO,True,21,9212,HWM_RESERVE,SSO,LAG1,10,staged,0.15,0.1,rule,0.05018320105
2023-06-15,2023-06-14,2023-06-14,deployment,recovery_3_of_3,-0.02071889291,0.02071888804,SSO,True,61,9252,HWM_RESERVE,SSO,LAG1,10,staged,0.15,0.1,rule,0.04590643794
2025-03-25,2025-03-24,2025-03-24,deployment,recovery_1_of_3,-1.463803209,1.462372074,SSO,True,1,9696,HWM_RESERVE,SSO,LAG1,10,staged,0.15,0.1,rule,2.25453394
2025-05-13,2025-05-12,2025-05-12,deployment,recovery_1_of_3,-0.9796194025,0.9786543754,SSO,True,1,9730,HWM_RESERVE,SSO,LAG1,10,staged,0.15,0.1,rule,1.504849195
2025-06-11,2025-06-10,2025-06-10,deployment,recovery_2_of_3,-0.9830186789,0.9830117658,SSO,True,21,9750,HWM_RESERVE,SSO,LAG1,10,staged,0.15,0.1,rule,1.419702526
2025-08-08,2025-08-07,2025-08-07,deployment,recovery_3_of_3,-1.256786436,1.2567761,SSO,True,61,9790,HWM_RESERVE,SSO,LAG1,10,staged,0.15,0.1,rule,1.66216242
2026-04-09,2026-04-08,2026-04-08,deployment,recovery_1_of_3,-0.8900978923,0.8892173284,SSO,True,1,9957,HWM_RESERVE,SSO,LAG1,10,staged,0.15,0.1,rule,1.100146274
2026-05-07,2026-05-06,2026-05-06,deployment,recovery_2_of_3,-0.8926195142,0.8926154211,SSO,True,21,9977,HWM_RESERVE,SSO,LAG1,10,staged,0.15,0.1,rule,0.9441706345
2026-07-07,2026-07-06,2026-07-06,deployment,recovery_3_of_3,-2.916205132,2.91616312,SSO,True,61,10017,HWM_RESERVE,SSO,LAG1,10,staged,0.15,0.1,rule,2.984266098
1986-10-02,1986-10-01,1986-10-01,deployment,recovery_1_of_3,-0.03335790646,0.03332676112,SSO,True,1,3,ASYMMETRIC_RESERVE_BAND,SSO,LAG1,10,staged,0.2,0.1,rule,0.3135662334
1986-10-30,1986-10-29,1986-10-29,deployment,recovery_2_of_3,-0.03349413418,0.03349307703,SSO,True,21,23,ASYMMETRIC_RESERVE_BAND,SSO,LAG1,10,staged,0.2,0.1,rule,0.2973816103
1986-11-21,1986-11-20,1986-11-20,deployment,recovery_1_of_3,-0.03625302267,0.03621926707,SSO,True,1,39,ASYMMETRIC_RESERVE_BAND,SSO,LAG1,10,staged,0.2,0.1,rule,0.3505357077
1986-12-22,1986-12-19,1986-12-19,deployment,recovery_2_of_3,-0.03641459854,0.03641324532,SSO,True,21,59,ASYMMETRIC_RESERVE_BAND,SSO,LAG1,10,staged,0.2,0.1,rule,0.380378427
1987-02-19,1987-02-18,1987-02-18,deployment,recovery_3_of_3,-0.118303696,0.1182922682,SSO,True,61,99,ASYMMETRIC_RESERVE_BAND,SSO,LAG1,10,staged,0.2,0.1,rule,1.053878171
1988-06-07,1988-06-06,1988-06-06,deployment,recovery_1_of_3,-0.04410447527,0.04406363105,SSO,True,1,427,ASYMMETRIC_RESERVE_BAND,SSO,LAG1,10,staged,0.2,0.1,rule,0.4535304255
1988-06-09,1988-06-08,1988-06-08,deployment,recovery_1_of_3,-0.02935926184,0.02933133696,SSO,True,1,429,ASYMMETRIC_RESERVE_BAND,SSO,LAG1,10,staged,0.2,0.1,rule,0.2995416042
1988-07-08,1988-07-07,1988-07-07,deployment,recovery_2_of_3,-0.02951536794,0.02951464099,SSO,True,21,449,ASYMMETRIC_RESERVE_BAND,SSO,LAG1,10,staged,0.2,0.1,rule,0.30212352
1988-08-25,1988-08-24,1988-08-24,deployment,recovery_1_of_3,-0.00990183259,0.009892111296,SSO,True,1,483,ASYMMETRIC_RESERVE_BAND,SSO,LAG1,10,staged,0.2,0.1,rule,0.1121472233
1988-09-06,1988-09-02,1988-09-02,deployment,recovery_1_of_3,-0.006600513722,0.006593993446,SSO,True,1,490,ASYMMETRIC_RESERVE_BAND,SSO,LAG1,10,staged,0.2,0.1,rule,0.07477200026
1988-10-04,1988-10-03,1988-10-03,deployment,recovery_2_of_3,-0.006642520316,0.006642481558,SSO,True,21,510,ASYMMETRIC_RESERVE_BAND,SSO,LAG1,10,staged,0.2,0.1,rule,0.07174136059
1988-11-23,1988-11-22,1988-11-22,deployment,recovery_1_of_3,-0.002231095,0.002228873089,SSO,True,1,546,ASYMMETRIC_RESERVE_BAND,SSO,LAG1,10,staged,0.2,0.1,rule,0.02531511568
1988-12-22,1988-12-21,1988-12-21,deployment,recovery_2_of_3,-0.002245862156,0.002245857815,SSO,True,21,566,ASYMMETRIC_RESERVE_BAND,SSO,LAG1,10,staged,0.2,0.1,rule,0.02376572755
1989-02-21,1989-02-17,1989-02-17,deployment,recovery_3_of_3,-0.002272177496,0.002272173592,SSO,True,61,606,ASYMMETRIC_RESERVE_BAND,SSO,LAG1,10,staged,0.2,0.1,rule,0.02112320491
1990-03-09,1990-03-08,1990-03-08,deployment,recovery_1_of_3,-0.05976979609,0.05971443507,SSO,True,1,871,ASYMMETRIC_RESERVE_BAND,SSO,LAG1,10,staged,0.2,0.1,rule,0.5098335071
1990-03-19,1990-03-16,1990-03-16,deployment,recovery_1_of_3,-0.03984471127,0.03980683167,SSO,True,1,877,ASYMMETRIC_RESERVE_BAND,SSO,LAG1,10,staged,0.2,0.1,rule,0.3409655055
1990-03-28,1990-03-27,1990-03-27,deployment,recovery_1_of_3,-0.02657814566,0.02655245018,SSO,True,1,884,ASYMMETRIC_RESERVE_BAND,SSO,LAG1,10,staged,0.2,0.1,rule,0.2297155539
1990-04-04,1990-04-03,1990-04-03,deployment,recovery_1_of_3,-0.01771198669,0.01769466689,SSO,True,1,889,ASYMMETRIC_RESERVE_BAND,SSO,LAG1,10,staged,0.2,0.1,rule,0.1531610626
1990-04-10,1990-04-09,1990-04-09,deployment,recovery_1_of_3,-0.01180048614,0.01178886259,SSO,True,1,893,ASYMMETRIC_RESERVE_BAND,SSO,LAG1,10,staged,0.2,0.1,rule,0.103753411
1990-05-09,1990-05-08,1990-05-08,deployment,recovery_1_of_3,-0.007901853029,0.007894030625,SSO,True,1,913,ASYMMETRIC_RESERVE_BAND,SSO,LAG1,10,staged,0.2,0.1,rule,0.0695790087
1990-06-07,1990-06-06,1990-06-06,deployment,recovery_2_of_3,-0.007952038331,0.00795200287,SSO,True,21,933,ASYMMETRIC_RESERVE_BAND,SSO,LAG1,10,staged,0.2,0.1,rule,0.06164723696
1990-08-03,1990-08-02,1990-08-02,deployment,recovery_3_of_3,-0.008035083885,0.008035044478,SSO,True,61,973,ASYMMETRIC_RESERVE_BAND,SSO,LAG1,10,staged,0.2,0.1,rule,0.06783151235
1991-04-23,1991-04-22,1991-04-22,deployment,recovery_3_of_3,-0.1906324758,0.1906141862,SSO,True,61,1154,ASYMMETRIC_RESERVE_BAND,SSO,LAG1,10,staged,0.2,0.1,rule,1.467747669
1991-12-16,1991-12-13,1991-12-13,deployment,recovery_1_of_3,-0.07143732854,0.07137100832,SSO,True,1,1319,ASYMMETRIC_RESERVE_BAND,SSO,LAG1,10,staged,0.2,0.1,rule,0.613875363
1992-01-15,1992-01-14,1992-01-14,deployment,recovery_2_of_3,-0.07168669344,0.07168450547,SSO,True,21,1339,ASYMMETRIC_RESERVE_BAND,SSO,LAG1,10,staged,0.2,0.1,rule,0.5172035564
1992-03-12,1992-03-11,1992-03-11,deployment,recovery_3_of_3,-0.2366446723,0.2366190951,SSO,True,61,1379,ASYMMETRIC_RESERVE_BAND,SSO,LAG1,10,staged,0.2,0.1,rule,1.990923109
1992-09-16,1992-09-15,1992-09-15,deployment,recovery_3_of_3,-0.2364050961,0.236380893,SSO,True,61,1509,ASYMMETRIC_RESERVE_BAND,SSO,LAG1,10,staged,0.2,0.1,rule,2.100965307
1993-01-15,1993-01-14,1993-01-14,deployment,recovery_3_of_3,-0.2382968982,0.2382737798,SSO,True,61,1593,ASYMMETRIC_RESERVE_BAND,SSO,LAG1,10,staged,0.2,0.1,rule,2.204776417
1994-06-15,1994-06-14,1994-06-14,deployment,recovery_1_of_3,-0.08800853383,0.08792612381,SSO,True,1,1950,ASYMMETRIC_RESERVE_BAND,SSO,LAG1,10,staged,0.2,0.1,rule,0.7990913349
1994-08-02,1994-08-01,1994-08-01,deployment,recovery_1_of_3,-0.05889939244,0.05884301423,SSO,True,1,1983,ASYMMETRIC_RESERVE_BAND,SSO,LAG1,10,staged,0.2,0.1,rule,0.5380416652
1994-08-04,1994-08-03,1994-08-03,deployment,recovery_1_of_3,-0.03920060616,0.03916252393,SSO,True,1,1985,ASYMMETRIC_RESERVE_BAND,SSO,LAG1,10,staged,0.2,0.1,rule,0.3586059704
1994-08-15,1994-08-12,1994-08-12,deployment,recovery_1_of_3,-0.02611207562,0.0260864628,SSO,True,1,1992,ASYMMETRIC_RESERVE_BAND,SSO,LAG1,10,staged,0.2,0.1,rule,0.2403642525
1994-09-13,1994-09-12,1994-09-12,deployment,recovery_2_of_3,-0.02621557977,0.02621533226,SSO,True,21,2012,ASYMMETRIC_RESERVE_BAND,SSO,LAG1,10,staged,0.2,0.1,rule,0.2373238564
1994-09-28,1994-09-27,1994-09-27,deployment,recovery_1_of_3,-0.008729844006,0.008721170413,SSO,True,1,2023,ASYMMETRIC_RESERVE_BAND,SSO,LAG1,10,staged,0.2,0.1,rule,0.0810036863
1994-10-12,1994-10-11,1994-10-11,deployment,recovery_1_of_3,-0.005819286939,0.005813492896,SSO,True,1,2033,ASYMMETRIC_RESERVE_BAND,SSO,LAG1,10,staged,0.2,0.1,rule,0.05453723238
1994-11-09,1994-11-08,1994-11-08,deployment,recovery_2_of_3,-0.005842284177,0.005842271424,SSO,True,21,2053,ASYMMETRIC_RESERVE_BAND,SSO,LAG1,10,staged,0.2,0.1,rule,0.05488947031
1994-12-19,1994-12-16,1994-12-16,deployment,recovery_1_of_3,-0.001952978706,0.001951028665,SSO,True,1,2080,ASYMMETRIC_RESERVE_BAND,SSO,LAG1,10,staged,0.2,0.1,rule,0.01891537174
1994-12-22,1994-12-21,1994-12-21,deployment,recovery_1_of_3,-0.001300402124,0.001299103027,SSO,True,1,2083,ASYMMETRIC_RESERVE_BAND,SSO,LAG1,10,staged,0.2,0.1,rule,0.01262792439
1995-01-23,1995-01-20,1995-01-20,deployment,recovery_2_of_3,-0.001306567827,0.001306567181,SSO,True,21,2103,ASYMMETRIC_RESERVE_BAND,SSO,LAG1,10,staged,0.2,0.1,rule,0.01244656629
1995-03-21,1995-03-20,1995-03-20,deployment,recovery_3_of_3,-0.2967075592,0.2966781869,SSO,True,61,2143,ASYMMETRIC_RESERVE_BAND,SSO,LAG1,10,staged,0.2,0.1,rule,2.761487208
1996-07-18,1996-07-17,1996-07-17,deployment,recovery_1_of_3,-0.1091243058,0.1090204635,SSO,True,1,2479,ASYMMETRIC_RESERVE_BAND,SSO,LAG1,10,staged,0.2,0.1,rule,0.7279745025
1996-07-29,1996-07-26,1996-07-26,deployment,recovery_1_of_3,-0.07270586148,0.07263552686,SSO,True,1,2486,ASYMMETRIC_RESERVE_BAND,SSO,LAG1,10,staged,0.2,0.1,rule,0.4907721556
1996-07-31,1996-07-30,1996-07-30,deployment,recovery_1_of_3,-0.04840500199,0.04835765942,SSO,True,1,2488,ASYMMETRIC_RESERVE_BAND,SSO,LAG1,10,staged,0.2,0.1,rule,0.3303906192
1996-08-28,1996-08-27,1996-08-27,deployment,recovery_2_of_3,-0.04859781606,0.04859732711,SSO,True,21,2508,ASYMMETRIC_RESERVE_BAND,SSO,LAG1,10,staged,0.2,0.1,rule,0.3023229589
1996-10-24,1996-10-23,1996-10-23,deployment,recovery_3_of_3,-0.5237856369,0.5237347592,SSO,True,61,2548,ASYMMETRIC_RESERVE_BAND,SSO,LAG1,10,staged,0.2,0.1,rule,3.200311874
1998-09-24,1998-09-23,1998-09-23,deployment,recovery_1_of_3,-0.4049489109,0.4045757723,SSO,True,1,3031,ASYMMETRIC_RESERVE_BAND,SSO,LAG1,10,staged,0.2,0.1,rule,1.46691583
1998-10-23,1998-10-22,1998-10-22,deployment,recovery_1_of_3,-0.2703546504,0.2700986319,SSO,True,1,3052,ASYMMETRIC_RESERVE_BAND,SSO,LAG1,10,staged,0.2,0.1,rule,0.9912923363
1998-10-27,1998-10-26,1998-10-26,deployment,recovery_1_of_3,-0.1799735553,0.1798000268,SSO,True,1,3054,ASYMMETRIC_RESERVE_BAND,SSO,LAG1,10,staged,0.2,0.1,rule,0.6699363912
1998-10-30,1998-10-29,1998-10-29,deployment,recovery_1_of_3,-0.1197919711,0.119675023,SSO,True,1,3057,ASYMMETRIC_RESERVE_BAND,SSO,LAG1,10,staged,0.2,0.1,rule,0.4440218508
1998-11-30,1998-11-27,1998-11-27,deployment,recovery_2_of_3,-0.1202209959,0.1202197979,SSO,True,21,3077,ASYMMETRIC_RESERVE_BAND,SSO,LAG1,10,staged,0.2,0.1,rule,0.371338048
1999-01-28,1999-01-27,1999-01-27,deployment,recovery_3_of_3,-1.364210632,1.364067448,SSO,True,61,3117,ASYMMETRIC_RESERVE_BAND,SSO,LAG1,10,staged,0.2,0.1,rule,4.325994184
1999-10-07,1999-10-06,1999-10-06,deployment,recovery_1_of_3,-0.4730923173,0.4726519475,SSO,True,1,3292,ASYMMETRIC_RESERVE_BAND,SSO,LAG1,10,staged,0.2,0.1,rule,1.590429998
1999-10-29,1999-10-28,1999-10-28,deployment,recovery_1_of_3,-0.3157564081,0.3154555191,SSO,True,1,3308,ASYMMETRIC_RESERVE_BAND,SSO,LAG1,10,staged,0.2,0.1,rule,1.084377691
1999-11-29,1999-11-26,1999-11-26,deployment,recovery_2_of_3,-0.3170588611,0.3170520627,SSO,True,21,3328,ASYMMETRIC_RESERVE_BAND,SSO,LAG1,10,staged,0.2,0.1,rule,0.9832510292
2000-01-26,2000-01-25,2000-01-25,deployment,recovery_3_of_3,-0.3192508647,0.3192438197,SSO,True,61,3368,ASYMMETRIC_RESERVE_BAND,SSO,LAG1,10,staged,0.2,0.1,rule,1.012599057
2007-08-07,2007-08-06,2007-08-06,deployment,recovery_1_of_3,-0.5144257724,0.5139501432,SSO,True,1,5260,ASYMMETRIC_RESERVE_BAND,SSO,LAG1,10,staged,0.2,0.1,rule,1.95106325
2007-08-23,2007-08-22,2007-08-22,deployment,recovery_1_of_3,-0.3429597124,0.3426342353,SSO,True,1,5272,ASYMMETRIC_RESERVE_BAND,SSO,LAG1,10,staged,0.2,0.1,rule,1.320249392
2007-08-30,2007-08-29,2007-08-29,deployment,recovery_1_of_3,-0.2283894365,0.2281689886,SSO,True,1,5277,ASYMMETRIC_RESERVE_BAND,SSO,LAG1,10,staged,0.2,0.1,rule,0.901701918
2007-09-04,2007-08-31,2007-08-31,deployment,recovery_1_of_3,-0.1519983604,0.1518498771,SSO,True,1,5279,ASYMMETRIC_RESERVE_BAND,SSO,LAG1,10,staged,0.2,0.1,rule,0.5996361037
2007-09-12,2007-09-11,2007-09-11,deployment,recovery_1_of_3,-0.1012598008,0.1011601288,SSO,True,1,5285,ASYMMETRIC_RESERVE_BAND,SSO,LAG1,10,staged,0.2,0.1,rule,0.4067444054
2007-10-10,2007-10-09,2007-10-09,deployment,recovery_2_of_3,-0.101563686,0.1015629756,SSO,True,21,5305,ASYMMETRIC_RESERVE_BAND,SSO,LAG1,10,staged,0.2,0.1,rule,0.3622234618
2007-12-06,2007-12-05,2007-12-05,deployment,recovery_1_of_3,-0.03394397714,0.03391021114,SSO,True,1,5345,ASYMMETRIC_RESERVE_BAND,SSO,LAG1,10,staged,0.2,0.1,rule,0.1358913798
2007-12-13,2007-12-12,2007-12-12,deployment,recovery_1_of_3,-0.02259759244,0.0225750743,SSO,True,1,5350,ASYMMETRIC_RESERVE_BAND,SSO,LAG1,10,staged,0.2,0.1,rule,0.0911365555
2007-12-26,2007-12-24,2007-12-24,deployment,recovery_1_of_3,-0.0150495701,0.01503455605,SSO,True,1,5358,ASYMMETRIC_RESERVE_BAND,SSO,LAG1,10,staged,0.2,0.1,rule,0.06117426309
2009-06-02,2009-06-01,2009-06-01,deployment,recovery_1_of_3,-0.01016892135,0.01015877762,SSO,True,1,5718,ASYMMETRIC_RESERVE_BAND,SSO,LAG1,10,staged,0.2,0.1,rule,0.06430211995
2009-06-25,2009-06-24,2009-06-24,deployment,recovery_1_of_3,-0.006766524252,0.006759770078,SSO,True,1,5735,ASYMMETRIC_RESERVE_BAND,SSO,LAG1,10,staged,0.2,0.1,rule,0.04738928046
2009-07-10,2009-07-09,2009-07-09,deployment,recovery_1_of_3,-0.004502358311,0.004497861677,SSO,True,1,5745,ASYMMETRIC_RESERVE_BAND,SSO,LAG1,10,staged,0.2,0.1,rule,0.03300688738
2009-07-14,2009-07-13,2009-07-13,deployment,recovery_1_of_3,-0.002995640492,0.002992647348,SSO,True,1,5747,ASYMMETRIC_RESERVE_BAND,SSO,LAG1,10,staged,0.2,0.1,rule,0.02164255808
2009-08-11,2009-08-10,2009-08-10,deployment,recovery_2_of_3,-0.002996064266,0.002996063264,SSO,True,21,5767,ASYMMETRIC_RESERVE_BAND,SSO,LAG1,10,staged,0.2,0.1,rule,0.01736612907
2009-10-07,2009-10-06,2009-10-06,deployment,recovery_3_of_3,-0.002990726781,0.00299072587,SSO,True,61,5807,ASYMMETRIC_RESERVE_BAND,SSO,LAG1,10,staged,0.2,0.1,rule,0.01580646955
2012-11-20,2012-11-19,2012-11-19,deployment,recovery_1_of_3,-0.5037221471,0.5032553831,SSO,True,1,6593,ASYMMETRIC_RESERVE_BAND,SSO,LAG1,10,staged,0.2,0.1,rule,2.140092342
2012-12-19,2012-12-18,2012-12-18,deployment,recovery_2_of_3,-0.5037562971,0.5037392335,SSO,True,21,6613,ASYMMETRIC_RESERVE_BAND,SSO,LAG1,10,staged,0.2,0.1,rule,1.963976986
2013-02-19,2013-02-15,2013-02-15,deployment,recovery_3_of_3,-1.538349745,1.538204819,SSO,True,61,6653,ASYMMETRIC_RESERVE_BAND,SSO,LAG1,10,staged,0.2,0.1,rule,5.826531985
2014-10-22,2014-10-21,2014-10-21,deployment,recovery_1_of_3,-0.552164659,0.5516365535,SSO,True,1,7076,ASYMMETRIC_RESERVE_BAND,SSO,LAG1,10,staged,0.2,0.1,rule,1.441647705
2014-11-19,2014-11-18,2014-11-18,deployment,recovery_2_of_3,-0.5521732487,0.5521624424,SSO,True,21,7096,ASYMMETRIC_RESERVE_BAND,SSO,LAG1,10,staged,0.2,0.1,rule,1.289007335
2015-01-20,2015-01-16,2015-01-16,deployment,recovery_3_of_3,-2.824176507,2.823885705,SSO,True,61,7136,ASYMMETRIC_RESERVE_BAND,SSO,LAG1,10,staged,0.2,0.1,rule,7.412784687
2015-07-13,2015-07-10,2015-07-10,deployment,recovery_1_of_3,-0.9858525412,0.9849341162,SSO,True,1,7256,ASYMMETRIC_RESERVE_BAND,SSO,LAG1,10,staged,0.2,0.1,rule,2.743355473
2015-08-10,2015-08-07,2015-08-07,deployment,recovery_2_of_3,-0.9858854082,0.9858517142,SSO,True,21,7276,ASYMMETRIC_RESERVE_BAND,SSO,LAG1,10,staged,0.2,0.1,rule,2.741343468
2015-10-26,2015-10-23,2015-10-23,deployment,recovery_1_of_3,-0.3277104303,0.3273902993,SSO,True,1,7330,ASYMMETRIC_RESERVE_BAND,SSO,LAG1,10,staged,0.2,0.1,rule,0.9281386493
2015-11-19,2015-11-18,2015-11-18,deployment,recovery_1_of_3,-0.2180600256,0.2178453542,SSO,True,1,7348,ASYMMETRIC_RESERVE_BAND,SSO,LAG1,10,staged,0.2,0.1,rule,0.6237388142
2015-12-07,2015-12-04,2015-12-04,deployment,recovery_1_of_3,-0.1450978185,0.1449542414,SSO,True,1,7359,ASYMMETRIC_RESERVE_BAND,SSO,LAG1,10,staged,0.2,0.1,rule,0.4207275349
2015-12-17,2015-12-16,2015-12-16,deployment,recovery_1_of_3,-0.09654832008,0.09645246115,SSO,True,1,7367,ASYMMETRIC_RESERVE_BAND,SSO,LAG1,10,staged,0.2,0.1,rule,0.2867169773
2015-12-24,2015-12-23,2015-12-23,deployment,recovery_1_of_3,-0.06424052611,0.06417659724,SSO,True,1,7372,ASYMMETRIC_RESERVE_BAND,SSO,LAG1,10,staged,0.2,0.1,rule,0.194831131
2015-12-30,2015-12-29,2015-12-29,deployment,recovery_1_of_3,-0.04274328312,0.04270067736,SSO,True,1,7375,ASYMMETRIC_RESERVE_BAND,SSO,LAG1,10,staged,0.2,0.1,rule,0.1291993562
2016-03-14,2016-03-11,2016-03-11,deployment,recovery_1_of_3,-0.02845472698,0.02842633575,SSO,True,1,7425,ASYMMETRIC_RESERVE_BAND,SSO,LAG1,10,staged,0.2,0.1,rule,0.08961583743
2016-03-17,2016-03-16,2016-03-16,deployment,recovery_1_of_3,-0.01893284534,0.01891394068,SSO,True,1,7428,ASYMMETRIC_RESERVE_BAND,SSO,LAG1,10,staged,0.2,0.1,rule,0.0597813082
2016-04-15,2016-04-14,2016-04-14,deployment,recovery_2_of_3,-0.01893676638,0.01893675302,SSO,True,21,7448,ASYMMETRIC_RESERVE_BAND,SSO,LAG1,10,staged,0.2,0.1,rule,0.05666899044
2016-06-13,2016-06-10,2016-06-10,deployment,recovery_3_of_3,-0.0189067333,0.01890672019,SSO,True,61,7488,ASYMMETRIC_RESERVE_BAND,SSO,LAG1,10,staged,0.2,0.1,rule,0.05570470583
2018-04-04,2018-04-03,2018-04-03,deployment,recovery_1_of_3,-1.038119526,1.037134726,SSO,True,1,7943,ASYMMETRIC_RESERVE_BAND,SSO,LAG1,10,staged,0.2,0.1,rule,2.234876122
2018-05-02,2018-05-01,2018-05-01,deployment,recovery_2_of_3,-1.03954411,1.039518072,SSO,True,21,7963,ASYMMETRIC_RESERVE_BAND,SSO,LAG1,10,staged,0.2,0.1,rule,2.176748372
2018-06-28,2018-06-27,2018-06-27,deployment,recovery_3_of_3,-1.040649476,1.040624237,SSO,True,61,8003,ASYMMETRIC_RESERVE_BAND,SSO,LAG1,10,staged,0.2,0.1,rule,2.106072404
2018-10-15,2018-10-12,2018-10-12,deployment,recovery_1_of_3,-1.668868379,1.667323547,SSO,True,1,8078,ASYMMETRIC_RESERVE_BAND,SSO,LAG1,10,staged,0.2,0.1,rule,3.63196386
2018-10-17,2018-10-16,2018-10-16,deployment,recovery_1_of_3,-1.11079904,1.109742827,SSO,True,1,8080,ASYMMETRIC_RESERVE_BAND,SSO,LAG1,10,staged,0.2,0.1,rule,2.399828348
2018-11-08,2018-11-07,2018-11-07,deployment,recovery_1_of_3,-0.7401637038,0.739448133,SSO,True,1,8096,ASYMMETRIC_RESERVE_BAND,SSO,LAG1,10,staged,0.2,0.1,rule,1.623794534
2018-12-04,2018-12-03,2018-12-03,deployment,recovery_1_of_3,-0.4933247623,0.4928427935,SSO,True,1,8113,ASYMMETRIC_RESERVE_BAND,SSO,LAG1,10,staged,0.2,0.1,rule,1.126486564
2019-02-13,2019-02-12,2019-02-12,deployment,recovery_1_of_3,-0.329787348,0.3294628824,SSO,True,1,8160,ASYMMETRIC_RESERVE_BAND,SSO,LAG1,10,staged,0.2,0.1,rule,0.7906467017
2019-03-12,2019-03-11,2019-03-11,deployment,recovery_1_of_3,-0.2198232922,0.2196057997,SSO,True,1,8178,ASYMMETRIC_RESERVE_BAND,SSO,LAG1,10,staged,0.2,0.1,rule,0.5193877538
2019-04-09,2019-04-08,2019-04-08,deployment,recovery_2_of_3,-0.220235517,0.2202344331,SSO,True,21,8198,ASYMMETRIC_RESERVE_BAND,SSO,LAG1,10,staged,0.2,0.1,rule,0.4817965403
2019-06-05,2019-06-04,2019-06-04,deployment,recovery_1_of_3,-0.07346897426,0.07339576795,SSO,True,1,8237,ASYMMETRIC_RESERVE_BAND,SSO,LAG1,10,staged,0.2,0.1,rule,0.1750771288
2019-07-03,2019-07-02,2019-07-02,deployment,recovery_2_of_3,-0.07359287168,0.07359275428,SSO,True,21,8257,ASYMMETRIC_RESERVE_BAND,SSO,LAG1,10,staged,0.2,0.1,rule,0.1561828075
2019-08-29,2019-08-28,2019-08-28,deployment,recovery_3_of_3,-0.07368322267,0.07368309743,SSO,True,61,8297,ASYMMETRIC_RESERVE_BAND,SSO,LAG1,10,staged,0.2,0.1,rule,0.166417891
2020-03-03,2020-03-02,2020-03-02,deployment,recovery_1_of_3,-1.705336136,1.703752185,SSO,True,1,8424,ASYMMETRIC_RESERVE_BAND,SSO,LAG1,10,staged,0.2,0.1,rule,3.901100027
2020-03-05,2020-03-04,2020-03-04,deployment,recovery_1_of_3,-1.134848417,1.133768254,SSO,True,1,8426,ASYMMETRIC_RESERVE_BAND,SSO,LAG1,10,staged,0.2,0.1,rule,2.644128382
2020-05-28,2020-05-27,2020-05-27,deployment,recovery_1_of_3,-0.7554096847,0.7546800045,SSO,True,1,8484,ASYMMETRIC_RESERVE_BAND,SSO,LAG1,10,staged,0.2,0.1,rule,1.874662004
2020-06-15,2020-06-12,2020-06-12,deployment,recovery_1_of_3,-0.5026689646,0.5021778564,SSO,True,1,8496,ASYMMETRIC_RESERVE_BAND,SSO,LAG1,10,staged,0.2,0.1,rule,1.266424017
2020-06-30,2020-06-29,2020-06-29,deployment,recovery_1_of_3,-0.3344830521,0.3341537404,SSO,True,1,8507,ASYMMETRIC_RESERVE_BAND,SSO,LAG1,10,staged,0.2,0.1,rule,0.851511387
2020-07-29,2020-07-28,2020-07-28,deployment,recovery_2_of_3,-0.3345184653,0.3345161302,SSO,True,21,8527,ASYMMETRIC_RESERVE_BAND,SSO,LAG1,10,staged,0.2,0.1,rule,0.7677221182
2020-09-24,2020-09-23,2020-09-23,deployment,recovery_3_of_3,-0.3339130113,0.3339107071,SSO,True,61,8567,ASYMMETRIC_RESERVE_BAND,SSO,LAG1,10,staged,0.2,0.1,rule,0.7589014195
2022-02-01,2022-01-31,2022-01-31,deployment,recovery_1_of_3,-2.016403012,2.014479107,SSO,True,1,8908,ASYMMETRIC_RESERVE_BAND,SSO,LAG1,10,staged,0.2,0.1,rule,2.708783675
2022-02-16,2022-02-15,2022-02-15,deployment,recovery_1_of_3,-1.341868879,1.340569344,SSO,True,1,8919,ASYMMETRIC_RESERVE_BAND,SSO,LAG1,10,staged,0.2,0.1,rule,1.865789454
2022-03-23,2022-03-22,2022-03-22,deployment,recovery_1_of_3,-0.8931765246,0.8923023245,SSO,True,1,8943,ASYMMETRIC_RESERVE_BAND,SSO,LAG1,10,staged,0.2,0.1,rule,1.256911446
2022-03-25,2022-03-24,2022-03-24,deployment,recovery_1_of_3,-0.5943029917,0.5937171932,SSO,True,1,8945,ASYMMETRIC_RESERVE_BAND,SSO,LAG1,10,staged,0.2,0.1,rule,0.8467736964
2022-04-08,2022-04-07,2022-04-07,deployment,recovery_1_of_3,-0.3955078842,0.3951162017,SSO,True,1,8955,ASYMMETRIC_RESERVE_BAND,SSO,LAG1,10,staged,0.2,0.1,rule,0.5724341023
2022-12-01,2022-11-30,2022-11-30,deployment,recovery_1_of_3,-0.2673746667,0.267109206,SSO,True,1,9118,ASYMMETRIC_RESERVE_BAND,SSO,LAG1,10,staged,0.2,0.1,rule,0.4241320942
2023-01-17,2023-01-13,2023-01-13,deployment,recovery_1_of_3,-0.1788448592,0.1786669061,SSO,True,1,9148,ASYMMETRIC_RESERVE_BAND,SSO,LAG1,10,staged,0.2,0.1,rule,0.2955436517
2023-01-23,2023-01-20,2023-01-20,deployment,recovery_1_of_3,-0.1190987755,0.1189800831,SSO,True,1,9152,ASYMMETRIC_RESERVE_BAND,SSO,LAG1,10,staged,0.2,0.1,rule,0.2022495902
2023-02-21,2023-02-17,2023-02-17,deployment,recovery_2_of_3,-0.1195304134,0.1195302184,SSO,True,21,9172,ASYMMETRIC_RESERVE_BAND,SSO,LAG1,10,staged,0.2,0.1,rule,0.1933139321
2023-03-17,2023-03-16,2023-03-16,deployment,recovery_1_of_3,-0.03986764857,0.03982782758,SSO,True,1,9190,ASYMMETRIC_RESERVE_BAND,SSO,LAG1,10,staged,0.2,0.1,rule,0.06936723979
2023-03-21,2023-03-20,2023-03-20,deployment,recovery_1_of_3,-0.02653851894,0.02651200142,SSO,True,1,9192,ASYMMETRIC_RESERVE_BAND,SSO,LAG1,10,staged,0.2,0.1,rule,0.04689748573
2023-04-19,2023-04-18,2023-04-18,deployment,recovery_2_of_3,-0.02664178131,0.02664177169,SSO,True,21,9212,ASYMMETRIC_RESERVE_BAND,SSO,LAG1,10,staged,0.2,0.1,rule,0.04279769203
2023-06-15,2023-06-14,2023-06-14,deployment,recovery_3_of_3,-0.0268072042,0.02680719535,SSO,True,61,9252,ASYMMETRIC_RESERVE_BAND,SSO,LAG1,10,staged,0.2,0.1,rule,0.03915036206
2025-03-25,2025-03-24,2025-03-24,deployment,recovery_1_of_3,-3.588335375,3.584962755,SSO,True,1,9696,ASYMMETRIC_RESERVE_BAND,SSO,LAG1,10,staged,0.2,0.1,rule,3.916142737
2025-05-13,2025-05-12,2025-05-12,deployment,recovery_1_of_3,-2.401601108,2.399295866,SSO,True,1,9730,ASYMMETRIC_RESERVE_BAND,SSO,LAG1,10,staged,0.2,0.1,rule,2.613934588
2025-06-11,2025-06-10,2025-06-10,deployment,recovery_2_of_3,-2.409934657,2.409888941,SSO,True,21,9750,ASYMMETRIC_RESERVE_BAND,SSO,LAG1,10,staged,0.2,0.1,rule,2.4659719
2025-08-08,2025-08-07,2025-08-07,deployment,recovery_3_of_3,-14.01432876,14.01291445,SSO,True,61,9790,ASYMMETRIC_RESERVE_BAND,SSO,LAG1,10,staged,0.2,0.1,rule,14.31528899
2026-04-09,2026-04-08,2026-04-08,deployment,recovery_1_of_3,-4.897644904,4.893065981,SSO,True,1,9957,ASYMMETRIC_RESERVE_BAND,SSO,LAG1,10,staged,0.2,0.1,rule,5.114840108
2026-05-07,2026-05-06,2026-05-06,deployment,recovery_2_of_3,-4.911519792,4.911381893,SSO,True,21,9977,ASYMMETRIC_RESERVE_BAND,SSO,LAG1,10,staged,0.2,0.1,rule,4.371524603
2026-07-07,2026-07-06,2026-07-06,deployment,recovery_3_of_3,-17.7536153,17.75187833,SSO,True,61,10017,ASYMMETRIC_RESERVE_BAND,SSO,LAG1,10,staged,0.2,0.1,rule,16.41205181
1987-10-20,1987-10-19,1987-10-19,deployment,drawdown_20_30,-0.03056703404,0.030566095,SP500_1X,False,0,268,HWM_DRAWDOWN,SSO,LAG1,10,drawdown,0.15,0.1,rule,4.051651235
2001-03-13,2001-03-12,2001-03-12,deployment,drawdown_20,-0.3329494047,0.3329377748,SP500_1X,False,0,3652,HWM_DRAWDOWN,SSO,LAG1,10,drawdown,0.15,0.1,rule,5.372059601
2001-09-18,2001-09-17,2001-09-17,deployment,drawdown_30,-0.4242164758,0.4241956082,SP500_1X,False,0,3779,HWM_DRAWDOWN,SSO,LAG1,10,drawdown,0.15,0.1,rule,7.724148848
2002-07-19,2002-07-18,2002-07-18,deployment,drawdown_40,-0.4307412463,0.4307154015,SP500_1X,False,0,3989,HWM_DRAWDOWN,SSO,LAG1,10,drawdown,0.15,0.1,rule,9.669027671
2008-07-15,2008-07-14,2008-07-14,deployment,drawdown_20,-0.1266944293,0.1266929036,SP500_1X,False,0,5496,HWM_DRAWDOWN,SSO,LAG1,10,drawdown,0.15,0.1,rule,1.918201586
2008-10-07,2008-10-06,2008-10-06,deployment,drawdown_30,-0.1588963106,0.1588935569,SP500_1X,False,0,5555,HWM_DRAWDOWN,SSO,LAG1,10,drawdown,0.15,0.1,rule,2.781814994
2008-10-10,2008-10-09,2008-10-09,deployment,drawdown_40,-0.1589052422,0.1589020646,SP500_1X,False,0,5558,HWM_DRAWDOWN,SSO,LAG1,10,drawdown,0.15,0.1,rule,3.229548096
2008-11-21,2008-11-20,2008-11-20,deployment,drawdown_50,-0.1907766987,0.1907712059,SP500_1X,False,0,5588,HWM_DRAWDOWN,SSO,LAG1,10,drawdown,0.15,0.1,rule,4.673011367
2020-03-13,2020-03-12,2020-03-12,deployment,drawdown_20,-0.9155960751,0.9155740637,SP500_1X,False,0,8432,HWM_DRAWDOWN,SSO,LAG1,10,drawdown,0.15,0.1,rule,4.434934929
2020-03-23,2020-03-20,2020-03-20,deployment,drawdown_30,-1.144546949,1.144510221,SP500_1X,False,0,8438,HWM_DRAWDOWN,SSO,LAG1,10,drawdown,0.15,0.1,rule,5.962924312
2022-06-14,2022-06-13,2022-06-13,deployment,drawdown_20,-1.391055154,1.391028462,SP500_1X,False,0,9000,HWM_DRAWDOWN,SSO,LAG1,10,drawdown,0.15,0.1,rule,3.665381443
1987-10-20,1987-10-19,1987-10-19,deployment,drawdown_20_30,-0.0477164415,0.04771412903,SP500_1X,False,0,268,BAND_DRAWDOWN,SSO,LAG1,10,drawdown,0.2,0.1,rule,6.125022933
2001-03-13,2001-03-12,2001-03-12,deployment,drawdown_20,-0.2309003064,0.2308945507,SP500_1X,False,0,3652,BAND_DRAWDOWN,SSO,LAG1,10,drawdown,0.2,0.1,rule,3.385850205
2001-09-18,2001-09-17,2001-09-17,deployment,drawdown_30,-0.2941939912,0.2941836026,SP500_1X,False,0,3779,BAND_DRAWDOWN,SSO,LAG1,10,drawdown,0.2,0.1,rule,4.868253761
2002-07-19,2002-07-18,2002-07-18,deployment,drawdown_40,-0.2987189174,0.2987059547,SP500_1X,False,0,3989,BAND_DRAWDOWN,SSO,LAG1,10,drawdown,0.2,0.1,rule,6.095353461
2008-07-15,2008-07-14,2008-07-14,deployment,drawdown_20,-0.3035810589,0.3035722879,SP500_1X,False,0,5496,BAND_DRAWDOWN,SSO,LAG1,10,drawdown,0.2,0.1,rule,4.499858631
2008-10-07,2008-10-06,2008-10-06,deployment,drawdown_30,-0.3807421563,0.3807264931,SP500_1X,False,0,5555,BAND_DRAWDOWN,SSO,LAG1,10,drawdown,0.2,0.1,rule,6.525896561
2008-10-10,2008-10-09,2008-10-09,deployment,drawdown_40,-0.380763558,0.3807456334,SP500_1X,False,0,5558,BAND_DRAWDOWN,SSO,LAG1,10,drawdown,0.2,0.1,rule,7.57641995
2008-11-21,2008-11-20,2008-11-20,deployment,drawdown_50,-0.4570800297,0.4570492559,SP500_1X,False,0,5588,BAND_DRAWDOWN,SSO,LAG1,10,drawdown,0.2,0.1,rule,10.96176901
2020-03-13,2020-03-12,2020-03-12,deployment,drawdown_20,-0.6489071355,0.6488957537,SP500_1X,False,0,8432,BAND_DRAWDOWN,SSO,LAG1,10,drawdown,0.2,0.1,rule,3.130268491
2020-03-23,2020-03-20,2020-03-20,deployment,drawdown_30,-0.8111706706,0.8111516417,SP500_1X,False,0,8438,BAND_DRAWDOWN,SSO,LAG1,10,drawdown,0.2,0.1,rule,4.208727533
2022-06-14,2022-06-13,2022-06-13,deployment,drawdown_20,-1.211003495,1.210982476,SP500_1X,False,0,9000,BAND_DRAWDOWN,SSO,LAG1,10,drawdown,0.2,0.1,rule,3.233951845
1986-11-21,1986-11-20,1986-11-20,deployment,recovery_1_of_3,-0.004062465403,0.004052387783,SSO,True,1,39,HWM_RESERVE,SSO,LAG1,25,staged,0.15,0.1,rule,0.3395928308
1986-12-22,1986-12-19,1986-12-19,deployment,recovery_2_of_3,-0.004080571379,0.004080528556,SSO,True,21,59,HWM_RESERVE,SSO,LAG1,25,staged,0.15,0.1,rule,0.3700691936
1987-02-19,1987-02-18,1987-02-18,deployment,recovery_3_of_3,-0.01454498029,0.01454454868,SSO,True,61,99,HWM_RESERVE,SSO,LAG1,25,staged,0.15,0.1,rule,1.051214297
1988-06-07,1988-06-06,1988-06-06,deployment,recovery_1_of_3,-0.01535355721,0.01531616505,SSO,True,1,427,HWM_RESERVE,SSO,LAG1,25,staged,0.15,0.1,rule,1.19025786
1988-06-09,1988-06-08,1988-06-08,deployment,recovery_1_of_3,-0.01018962632,0.01016458706,SSO,True,1,429,HWM_RESERVE,SSO,LAG1,25,staged,0.15,0.1,rule,0.7861253156
1988-07-08,1988-07-07,1988-07-07,deployment,recovery_2_of_3,-0.01024380557,0.01024358482,SSO,True,21,449,HWM_RESERVE,SSO,LAG1,25,staged,0.15,0.1,rule,0.7940985647
1988-08-25,1988-08-24,1988-08-24,deployment,recovery_1_of_3,-0.00342107996,0.003412581772,SSO,True,1,483,HWM_RESERVE,SSO,LAG1,25,staged,0.15,0.1,rule,0.2938770486
1988-09-06,1988-09-02,1988-09-02,deployment,recovery_1_of_3,-0.00227362176,0.00226796186,SSO,True,1,490,HWM_RESERVE,SSO,LAG1,25,staged,0.15,0.1,rule,0.1959368598
1988-10-04,1988-10-03,1988-10-03,deployment,recovery_2_of_3,-0.002288091407,0.002288079726,SSO,True,21,510,HWM_RESERVE,SSO,LAG1,25,staged,0.15,0.1,rule,0.1882781822
1988-11-23,1988-11-22,1988-11-22,deployment,recovery_1_of_3,-0.0007650629412,0.0007631530316,SSO,True,1,546,HWM_RESERVE,SSO,LAG1,25,staged,0.15,0.1,rule,0.06623713473
1988-12-22,1988-12-21,1988-12-21,deployment,recovery_2_of_3,-0.0007701267343,0.0007701254339,SSO,True,21,566,HWM_RESERVE,SSO,LAG1,25,staged,0.15,0.1,rule,0.06227669332
1989-02-21,1989-02-17,1989-02-17,deployment,recovery_3_of_3,-0.0007768077597,0.0007768065973,SSO,True,61,606,HWM_RESERVE,SSO,LAG1,25,staged,0.15,0.1,rule,0.05518567196
1990-03-09,1990-03-08,1990-03-08,deployment,recovery_1_of_3,-0.006209560631,0.006194159382,SSO,True,1,871,HWM_RESERVE,SSO,LAG1,25,staged,0.15,0.1,rule,0.3685853384
1990-03-19,1990-03-16,1990-03-16,deployment,recovery_1_of_3,-0.004126647716,0.004116385607,SSO,True,1,877,HWM_RESERVE,SSO,LAG1,25,staged,0.15,0.1,rule,0.2465018177
1990-03-28,1990-03-27,1990-03-27,deployment,recovery_1_of_3,-0.002744192807,0.002737356745,SSO,True,1,884,HWM_RESERVE,SSO,LAG1,25,staged,0.15,0.1,rule,0.1660734023
1990-04-04,1990-04-03,1990-04-03,deployment,recovery_1_of_3,-0.001823185352,0.001818638206,SSO,True,1,889,HWM_RESERVE,SSO,LAG1,25,staged,0.15,0.1,rule,0.110728152
1990-04-10,1990-04-09,1990-04-09,deployment,recovery_1_of_3,-0.001210999807,0.001207977175,SSO,True,1,893,HWM_RESERVE,SSO,LAG1,25,staged,0.15,0.1,rule,0.07500877361
1990-05-09,1990-05-08,1990-05-08,deployment,recovery_1_of_3,-0.0008084597088,0.0008064407385,SSO,True,1,913,HWM_RESERVE,SSO,LAG1,25,staged,0.15,0.1,rule,0.05030230871
1990-06-07,1990-06-06,1990-06-06,deployment,recovery_2_of_3,-0.0008135943012,0.0008135933281,SSO,True,21,933,HWM_RESERVE,SSO,LAG1,25,staged,0.15,0.1,rule,0.04463536379
1990-08-03,1990-08-02,1990-08-02,deployment,recovery_3_of_3,-0.0008196102992,0.000819609224,SSO,True,61,973,HWM_RESERVE,SSO,LAG1,25,staged,0.15,0.1,rule,0.04896470071
1991-04-23,1991-04-22,1991-04-22,deployment,recovery_3_of_3,-0.01552239958,0.01552208214,SSO,True,61,1154,HWM_RESERVE,SSO,LAG1,25,staged,0.15,0.1,rule,0.7695670456
1991-12-16,1991-12-13,1991-12-13,deployment,recovery_1_of_3,-0.001756913775,0.00175252967,SSO,True,1,1319,HWM_RESERVE,SSO,LAG1,25,staged,0.15,0.1,rule,0.08784536866
1992-01-15,1992-01-14,1992-01-14,deployment,recovery_2_of_3,-0.0017630466,0.001763043135,SSO,True,21,1339,HWM_RESERVE,SSO,LAG1,25,staged,0.15,0.1,rule,0.07477217708
1992-03-12,1992-03-11,1992-03-11,deployment,recovery_3_of_3,-0.02085622639,0.02085570197,SSO,True,61,1379,HWM_RESERVE,SSO,LAG1,25,staged,0.15,0.1,rule,0.9574860263
1993-01-15,1993-01-14,1993-01-14,deployment,recovery_3_of_3,-0.0119809858,0.01198083031,SSO,True,61,1593,HWM_RESERVE,SSO,LAG1,25,staged,0.15,0.1,rule,0.4967723881
1994-06-15,1994-06-14,1994-06-14,deployment,recovery_1_of_3,-0.01579784718,0.01575883056,SSO,True,1,1950,HWM_RESERVE,SSO,LAG1,25,staged,0.15,0.1,rule,0.5897978942
1994-08-02,1994-08-01,1994-08-01,deployment,recovery_1_of_3,-0.01054022077,0.01051408493,SSO,True,1,1983,HWM_RESERVE,SSO,LAG1,25,staged,0.15,0.1,rule,0.3971208638
1994-08-04,1994-08-03,1994-08-03,deployment,recovery_1_of_3,-0.006993700247,0.006976310949,SSO,True,1,1985,HWM_RESERVE,SSO,LAG1,25,staged,0.15,0.1,rule,0.2646819418
1994-08-15,1994-08-12,1994-08-12,deployment,recovery_1_of_3,-0.004644483186,0.004632914243,SSO,True,1,1992,HWM_RESERVE,SSO,LAG1,25,staged,0.15,0.1,rule,0.1774094197
1994-09-13,1994-09-12,1994-09-12,deployment,recovery_2_of_3,-0.004662893186,0.004662872206,SSO,True,21,2012,HWM_RESERVE,SSO,LAG1,25,staged,0.15,0.1,rule,0.1754305104
1994-09-28,1994-09-27,1994-09-27,deployment,recovery_1_of_3,-0.001545730141,0.001541870549,SSO,True,1,2023,HWM_RESERVE,SSO,LAG1,25,staged,0.15,0.1,rule,0.05969697931
1994-10-12,1994-10-11,1994-10-11,deployment,recovery_1_of_3,-0.001027279949,0.001024713867,SSO,True,1,2033,HWM_RESERVE,SSO,LAG1,25,staged,0.15,0.1,rule,0.04019209719
1994-11-09,1994-11-08,1994-11-08,deployment,recovery_2_of_3,-0.001031339656,0.001031338584,SSO,True,21,2053,HWM_RESERVE,SSO,LAG1,25,staged,0.15,0.1,rule,0.04051260643
1994-12-19,1994-12-16,1994-12-16,deployment,recovery_1_of_3,-0.0003432057137,0.0003423479444,SSO,True,1,2080,HWM_RESERVE,SSO,LAG1,25,staged,0.15,0.1,rule,0.01391895369
1994-12-22,1994-12-21,1994-12-21,deployment,recovery_1_of_3,-0.0002278393934,0.0002272699035,SSO,True,1,2083,HWM_RESERVE,SSO,LAG1,25,staged,0.15,0.1,rule,0.009292309826
1995-01-23,1995-01-20,1995-01-20,deployment,recovery_2_of_3,-0.0002289196671,0.0002289196132,SSO,True,21,2103,HWM_RESERVE,SSO,LAG1,25,staged,0.15,0.1,rule,0.009172634284
1995-03-21,1995-03-20,1995-03-20,deployment,recovery_3_of_3,-0.0002299671795,0.0002299671317,SSO,True,61,2143,HWM_RESERVE,SSO,LAG1,25,staged,0.15,0.1,rule,0.008105233662
1996-07-18,1996-07-17,1996-07-17,deployment,recovery_1_of_3,-0.07235951215,0.07218475342,SSO,True,1,2479,HWM_RESERVE,SSO,LAG1,25,staged,0.15,0.1,rule,1.743064851
1996-07-29,1996-07-26,1996-07-26,deployment,recovery_1_of_3,-0.0480696093,0.04795218408,SSO,True,1,2486,HWM_RESERVE,SSO,LAG1,25,staged,0.15,0.1,rule,1.175106671
1996-07-31,1996-07-30,1996-07-30,deployment,recovery_1_of_3,-0.03190860774,0.03183006432,SSO,True,1,2488,HWM_RESERVE,SSO,LAG1,25,staged,0.15,0.1,rule,0.7910885252
1996-08-28,1996-08-27,1996-08-27,deployment,recovery_2_of_3,-0.0320357109,0.03203514519,SSO,True,21,2508,HWM_RESERVE,SSO,LAG1,25,staged,0.15,0.1,rule,0.7249597175
1996-10-24,1996-10-23,1996-10-23,deployment,recovery_3_of_3,-0.05366839784,0.05366698028,SSO,True,61,2548,HWM_RESERVE,SSO,LAG1,25,staged,0.15,0.1,rule,1.08824931
1998-09-24,1998-09-23,1998-09-23,deployment,recovery_1_of_3,-0.2580525063,0.257440895,SSO,True,1,3031,HWM_RESERVE,SSO,LAG1,25,staged,0.15,0.1,rule,2.902090074
1998-10-23,1998-10-22,1998-10-22,deployment,recovery_1_of_3,-0.1717838571,0.1713694658,SSO,True,1,3052,HWM_RESERVE,SSO,LAG1,25,staged,0.15,0.1,rule,1.961134778
1998-10-27,1998-10-26,1998-10-26,deployment,recovery_1_of_3,-0.1140203927,0.1137420977,SSO,True,1,3054,HWM_RESERVE,SSO,LAG1,25,staged,0.15,0.1,rule,1.325376488
1998-10-30,1998-10-29,1998-10-29,deployment,recovery_1_of_3,-0.07566882228,0.07548262226,SSO,True,1,3057,HWM_RESERVE,SSO,LAG1,25,staged,0.15,0.1,rule,0.8784358174
1998-11-30,1998-11-27,1998-11-27,deployment,recovery_2_of_3,-0.07593982378,0.07593857147,SSO,True,21,3077,HWM_RESERVE,SSO,LAG1,25,staged,0.15,0.1,rule,0.735734204
1999-01-28,1999-01-27,1999-01-27,deployment,recovery_3_of_3,-0.1295658963,0.1295624975,SSO,True,61,3117,HWM_RESERVE,SSO,LAG1,25,staged,0.15,0.1,rule,1.174973387
1999-10-07,1999-10-06,1999-10-06,deployment,recovery_1_of_3,-0.08508644504,0.08487652354,SSO,True,1,3292,HWM_RESERVE,SSO,LAG1,25,staged,0.15,0.1,rule,0.7503700257
1999-10-29,1999-10-28,1999-10-28,deployment,recovery_1_of_3,-0.0566146781,0.05647440884,SSO,True,1,3308,HWM_RESERVE,SSO,LAG1,25,staged,0.15,0.1,rule,0.511612908
1999-11-29,1999-11-26,1999-11-26,deployment,recovery_2_of_3,-0.05684820608,0.05684762772,SSO,True,21,3328,HWM_RESERVE,SSO,LAG1,25,staged,0.15,0.1,rule,0.464610087
2000-01-26,2000-01-25,2000-01-25,deployment,recovery_3_of_3,-0.0570669878,0.05706639179,SSO,True,61,3368,HWM_RESERVE,SSO,LAG1,25,staged,0.15,0.1,rule,0.4770158914
2014-10-22,2014-10-21,2014-10-21,deployment,recovery_1_of_3,-0.2409746661,0.2403863795,SSO,True,1,7076,HWM_RESERVE,SSO,LAG1,25,staged,0.15,0.1,rule,1.38994332
2014-11-19,2014-11-18,2014-11-18,deployment,recovery_2_of_3,-0.2409784148,0.2409720635,SSO,True,21,7096,HWM_RESERVE,SSO,LAG1,25,staged,0.15,0.1,rule,1.244627221
2015-01-20,2015-01-16,2015-01-16,deployment,recovery_3_of_3,-0.3278961727,0.3278840435,SSO,True,61,7136,HWM_RESERVE,SSO,LAG1,25,staged,0.15,0.1,rule,1.754435475
2015-07-13,2015-07-10,2015-07-10,deployment,recovery_1_of_3,-0.03510532764,0.03501782996,SSO,True,1,7256,HWM_RESERVE,SSO,LAG1,25,staged,0.15,0.1,rule,0.1802646734
2015-08-10,2015-08-07,2015-08-07,deployment,recovery_2_of_3,-0.035106498,0.03510636507,SSO,True,21,7276,HWM_RESERVE,SSO,LAG1,25,staged,0.15,0.1,rule,0.1804143237
2015-10-26,2015-10-23,2015-10-23,deployment,recovery_1_of_3,-0.01161549884,0.01158648978,SSO,True,1,7330,HWM_RESERVE,SSO,LAG1,25,staged,0.15,0.1,rule,0.06089197255
2015-11-19,2015-11-18,2015-11-18,deployment,recovery_1_of_3,-0.007705492,0.007686241506,SSO,True,1,7348,HWM_RESERVE,SSO,LAG1,25,staged,0.15,0.1,rule,0.04092135025
2015-12-07,2015-12-04,2015-12-04,deployment,recovery_1_of_3,-0.005111729017,0.005098955617,SSO,True,1,7359,HWM_RESERVE,SSO,LAG1,25,staged,0.15,0.1,rule,0.02760248108
2015-12-17,2015-12-16,2015-12-16,deployment,recovery_1_of_3,-0.003391081915,0.003382606888,SSO,True,1,7367,HWM_RESERVE,SSO,LAG1,25,staged,0.15,0.1,rule,0.01881051104
2015-12-24,2015-12-23,2015-12-23,deployment,recovery_1_of_3,-0.002249530447,0.002243907828,SSO,True,1,7372,HWM_RESERVE,SSO,LAG1,25,staged,0.15,0.1,rule,0.01278219789
2015-12-30,2015-12-29,2015-12-29,deployment,recovery_1_of_3,-0.001492250521,0.001488520426,SSO,True,1,7375,HWM_RESERVE,SSO,LAG1,25,staged,0.15,0.1,rule,0.008476323725
2016-03-14,2016-03-11,2016-03-11,deployment,recovery_1_of_3,-0.0009904227045,0.0009879468921,SSO,True,1,7425,HWM_RESERVE,SSO,LAG1,25,staged,0.15,0.1,rule,0.005879385711
2016-03-17,2016-03-16,2016-03-16,deployment,recovery_1_of_3,-0.0006570148016,0.0006553723727,SSO,True,1,7428,HWM_RESERVE,SSO,LAG1,25,staged,0.15,0.1,rule,0.003922045247
2016-04-15,2016-04-14,2016-04-14,deployment,recovery_2_of_3,-0.0006571508707,0.0006571508193,SSO,True,21,7448,HWM_RESERVE,SSO,LAG1,25,staged,0.15,0.1,rule,0.003723452519
2016-06-13,2016-06-10,2016-06-10,deployment,recovery_3_of_3,-0.0006541350567,0.0006541350066,SSO,True,61,7488,HWM_RESERVE,SSO,LAG1,25,staged,0.15,0.1,rule,0.003649081954
2018-04-04,2018-04-03,2018-04-03,deployment,recovery_1_of_3,-0.4935433637,0.4923471992,SSO,True,1,7943,HWM_RESERVE,SSO,LAG1,25,staged,0.15,0.1,rule,1.906913839
2018-05-02,2018-05-01,2018-05-01,deployment,recovery_2_of_3,-0.4942206406,0.4942022163,SSO,True,21,7963,HWM_RESERVE,SSO,LAG1,25,staged,0.15,0.1,rule,1.86006236
2018-06-28,2018-06-27,2018-06-27,deployment,recovery_3_of_3,-0.4932778569,0.4932601094,SSO,True,61,8003,HWM_RESERVE,SSO,LAG1,25,staged,0.15,0.1,rule,1.794349673
2018-10-15,2018-10-12,2018-10-12,deployment,recovery_1_of_3,-0.02904627205,0.02897377563,SSO,True,1,8078,HWM_RESERVE,SSO,LAG1,25,staged,0.15,0.1,rule,0.1026372956
2018-10-17,2018-10-16,2018-10-16,deployment,recovery_1_of_3,-0.01927246435,0.01922433547,SSO,True,1,8080,HWM_RESERVE,SSO,LAG1,25,staged,0.15,0.1,rule,0.0678178256
2018-11-08,2018-11-07,2018-11-07,deployment,recovery_1_of_3,-0.01280216485,0.01277018294,SSO,True,1,8096,HWM_RESERVE,SSO,LAG1,25,staged,0.15,0.1,rule,0.04588753799
2018-12-04,2018-12-03,2018-12-03,deployment,recovery_1_of_3,-0.00850658471,0.00848532908,SSO,True,1,8113,HWM_RESERVE,SSO,LAG1,25,staged,0.15,0.1,rule,0.03183388903
2019-02-13,2019-02-12,2019-02-12,deployment,recovery_1_of_3,-0.005669328152,0.005655159898,SSO,True,1,8160,HWM_RESERVE,SSO,LAG1,25,staged,0.15,0.1,rule,0.02234323975
2019-03-12,2019-03-11,2019-03-11,deployment,recovery_1_of_3,-0.003767496949,0.003758080419,SSO,True,1,8178,HWM_RESERVE,SSO,LAG1,25,staged,0.15,0.1,rule,0.01467761148
2019-04-09,2019-04-08,2019-04-08,deployment,recovery_2_of_3,-0.003774561969,0.00377456094,SSO,True,21,8198,HWM_RESERVE,SSO,LAG1,25,staged,0.15,0.1,rule,0.01363591536
2019-06-05,2019-06-04,2019-06-04,deployment,recovery_1_of_3,-0.001253470722,0.001250337293,SSO,True,1,8237,HWM_RESERVE,SSO,LAG1,25,staged,0.15,0.1,rule,0.004940078604
2019-07-03,2019-07-02,2019-07-02,deployment,recovery_2_of_3,-0.001255584564,0.001255584453,SSO,True,21,8257,HWM_RESERVE,SSO,LAG1,25,staged,0.15,0.1,rule,0.004413587297
2019-08-29,2019-08-28,2019-08-28,deployment,recovery_3_of_3,-0.001253340533,0.001253340416,SSO,True,61,8297,HWM_RESERVE,SSO,LAG1,25,staged,0.15,0.1,rule,0.00468865319
2020-03-03,2020-03-02,2020-03-02,deployment,recovery_1_of_3,-0.1815761505,0.181126704,SSO,True,1,8424,HWM_RESERVE,SSO,LAG1,25,staged,0.15,0.1,rule,0.6280309203
2020-03-05,2020-03-04,2020-03-04,deployment,recovery_1_of_3,-0.1204592329,0.1201601051,SSO,True,1,8426,HWM_RESERVE,SSO,LAG1,25,staged,0.15,0.1,rule,0.4256733664
2020-05-28,2020-05-27,2020-05-27,deployment,recovery_1_of_3,-0.07993765652,0.07973876254,SSO,True,1,8484,HWM_RESERVE,SSO,LAG1,25,staged,0.15,0.1,rule,0.301798389
2020-06-15,2020-06-12,2020-06-12,deployment,recovery_1_of_3,-0.05303056562,0.052898415,SSO,True,1,8496,HWM_RESERVE,SSO,LAG1,25,staged,0.15,0.1,rule,0.2038792738
2020-06-30,2020-06-29,2020-06-29,deployment,recovery_1_of_3,-0.03518033613,0.03509257521,SSO,True,1,8507,HWM_RESERVE,SSO,LAG1,25,staged,0.15,0.1,rule,0.1370832525
2020-07-29,2020-07-28,2020-07-28,deployment,recovery_2_of_3,-0.03518406083,0.03518397505,SSO,True,21,8527,HWM_RESERVE,SSO,LAG1,25,staged,0.15,0.1,rule,0.1237812738
2020-09-24,2020-09-23,2020-09-23,deployment,recovery_3_of_3,-0.03501426211,0.03501417798,SSO,True,61,8567,HWM_RESERVE,SSO,LAG1,25,staged,0.15,0.1,rule,0.1219888273
2022-02-01,2022-01-31,2022-01-31,deployment,recovery_1_of_3,-1.086603503,1.083973802,SSO,True,1,8908,HWM_RESERVE,SSO,LAG1,25,staged,0.15,0.1,rule,2.130269725
2022-02-16,2022-02-15,2022-02-15,deployment,recovery_1_of_3,-0.7209896364,0.7192267941,SSO,True,1,8919,HWM_RESERVE,SSO,LAG1,25,staged,0.15,0.1,rule,1.467313475
2022-03-23,2022-03-22,2022-03-22,deployment,recovery_1_of_3,-0.4784889708,0.4773104629,SSO,True,1,8943,HWM_RESERVE,SSO,LAG1,25,staged,0.15,0.1,rule,0.9884733229
2022-03-25,2022-03-24,2022-03-24,deployment,recovery_1_of_3,-0.3174324466,0.3166467815,SSO,True,1,8945,HWM_RESERVE,SSO,LAG1,25,staged,0.15,0.1,rule,0.6659285444
2022-04-08,2022-04-07,2022-04-07,deployment,recovery_1_of_3,-0.2106215164,0.2100985128,SSO,True,1,8955,HWM_RESERVE,SSO,LAG1,25,staged,0.15,0.1,rule,0.4501795582
2022-12-01,2022-11-30,2022-11-30,deployment,recovery_1_of_3,-0.1419609716,0.1416078408,SSO,True,1,9118,HWM_RESERVE,SSO,LAG1,25,staged,0.15,0.1,rule,0.3335503563
2023-01-17,2023-01-13,2023-01-13,deployment,recovery_1_of_3,-0.09467269513,0.09443683647,SSO,True,1,9148,HWM_RESERVE,SSO,LAG1,25,staged,0.15,0.1,rule,0.2324245009
2023-01-23,2023-01-20,2023-01-20,deployment,recovery_1_of_3,-0.06285700793,0.06270023935,SSO,True,1,9152,HWM_RESERVE,SSO,LAG1,25,staged,0.15,0.1,rule,0.1590552184
2023-02-21,2023-02-17,2023-02-17,deployment,recovery_2_of_3,-0.06308481433,0.06308463469,SSO,True,21,9172,HWM_RESERVE,SSO,LAG1,25,staged,0.15,0.1,rule,0.152256171
2023-03-17,2023-03-16,2023-03-16,deployment,recovery_1_of_3,-0.02094639327,0.02089406996,SSO,True,1,9190,HWM_RESERVE,SSO,LAG1,25,staged,0.15,0.1,rule,0.05447044533
2023-03-21,2023-03-20,2023-03-20,deployment,recovery_1_of_3,-0.01390147591,0.01386674137,SSO,True,1,9192,HWM_RESERVE,SSO,LAG1,25,staged,0.15,0.1,rule,0.03682612916
2023-04-19,2023-04-18,2023-04-18,deployment,recovery_2_of_3,-0.01395556707,0.01395555829,SSO,True,21,9212,HWM_RESERVE,SSO,LAG1,25,staged,0.15,0.1,rule,0.03365729347
2023-06-15,2023-06-14,2023-06-14,deployment,recovery_3_of_3,-0.01400002105,0.01400001301,SSO,True,61,9252,HWM_RESERVE,SSO,LAG1,25,staged,0.15,0.1,rule,0.03069641632
2025-03-25,2025-03-24,2025-03-24,deployment,recovery_1_of_3,-0.910800379,0.9085694176,SSO,True,1,9696,HWM_RESERVE,SSO,LAG1,25,staged,0.15,0.1,rule,1.393641948
2025-05-13,2025-05-12,2025-05-12,deployment,recovery_1_of_3,-0.6077396508,0.6062408062,SSO,True,1,9730,HWM_RESERVE,SSO,LAG1,25,staged,0.15,0.1,rule,0.9302237268
2025-06-11,2025-06-10,2025-06-10,deployment,recovery_2_of_3,-0.6098485056,0.6098387778,SSO,True,21,9750,HWM_RESERVE,SSO,LAG1,25,staged,0.15,0.1,rule,0.8788933079
2025-08-08,2025-08-07,2025-08-07,deployment,recovery_3_of_3,-0.7296001118,0.7295873776,SSO,True,61,9790,HWM_RESERVE,SSO,LAG1,25,staged,0.15,0.1,rule,0.9622959008
2026-04-09,2026-04-08,2026-04-08,deployment,recovery_1_of_3,-0.6075349222,0.6060323477,SSO,True,1,9957,HWM_RESERVE,SSO,LAG1,25,staged,0.15,0.1,rule,0.7499790969
2026-05-07,2026-05-06,2026-05-06,deployment,recovery_2_of_3,-0.6092560513,0.609249059,SSO,True,21,9977,HWM_RESERVE,SSO,LAG1,25,staged,0.15,0.1,rule,0.6444176571
2026-07-07,2026-07-06,2026-07-06,deployment,recovery_3_of_3,-1.950034303,1.949965419,SSO,True,61,10017,HWM_RESERVE,SSO,LAG1,25,staged,0.15,0.1,rule,1.99549903
1986-10-02,1986-10-01,1986-10-01,deployment,recovery_1_of_3,-0.03335790646,0.03328004311,SSO,True,1,3,ASYMMETRIC_RESERVE_BAND,SSO,LAG1,25,staged,0.2,0.1,rule,0.212194367
1986-10-30,1986-10-29,1986-10-29,deployment,recovery_2_of_3,-0.03349413418,0.0334914876,SSO,True,21,23,ASYMMETRIC_RESERVE_BAND,SSO,LAG1,25,staged,0.2,0.1,rule,0.2015245216
1986-11-21,1986-11-20,1986-11-20,deployment,recovery_1_of_3,-0.03614814041,0.03606399555,SSO,True,1,39,ASYMMETRIC_RESERVE_BAND,SSO,LAG1,25,staged,0.2,0.1,rule,0.2372229452
1986-12-22,1986-12-19,1986-12-19,deployment,recovery_2_of_3,-0.03630924883,0.03630587085,SSO,True,21,59,ASYMMETRIC_RESERVE_BAND,SSO,LAG1,25,staged,0.2,0.1,rule,0.2577791944
1987-02-19,1987-02-18,1987-02-18,deployment,recovery_3_of_3,-0.117778788,0.1177503454,SSO,True,61,99,ASYMMETRIC_RESERVE_BAND,SSO,LAG1,25,staged,0.2,0.1,rule,0.7132442861
1988-06-07,1988-06-06,1988-06-06,deployment,recovery_1_of_3,-0.04383645991,0.04373496987,SSO,True,1,427,ASYMMETRIC_RESERVE_BAND,SSO,LAG1,25,staged,0.2,0.1,rule,0.3069405871
1988-06-09,1988-06-08,1988-06-08,deployment,recovery_1_of_3,-0.02909980328,0.02903060803,SSO,True,1,429,ASYMMETRIC_RESERVE_BAND,SSO,LAG1,25,staged,0.2,0.1,rule,0.2027239424
1988-07-08,1988-07-07,1988-07-07,deployment,recovery_2_of_3,-0.02925452981,0.02925272593,SSO,True,21,449,ASYMMETRIC_RESERVE_BAND,SSO,LAG1,25,staged,0.2,0.1,rule,0.2047637507
1988-08-25,1988-08-24,1988-08-24,deployment,recovery_1_of_3,-0.00977162006,0.009747635783,SSO,True,1,483,ASYMMETRIC_RESERVE_BAND,SSO,LAG1,25,staged,0.2,0.1,rule,0.07579031209
1988-09-06,1988-09-02,1988-09-02,deployment,recovery_1_of_3,-0.006494528435,0.006478489206,SSO,True,1,490,ASYMMETRIC_RESERVE_BAND,SSO,LAG1,25,staged,0.2,0.1,rule,0.05053173027
1988-10-04,1988-10-03,1988-10-03,deployment,recovery_2_of_3,-0.006535860523,0.00653576518,SSO,True,21,510,ASYMMETRIC_RESERVE_BAND,SSO,LAG1,25,staged,0.2,0.1,rule,0.04855561232
1988-11-23,1988-11-22,1988-11-22,deployment,recovery_1_of_3,-0.002185466114,0.002180024873,SSO,True,1,546,ASYMMETRIC_RESERVE_BAND,SSO,LAG1,25,staged,0.2,0.1,rule,0.01708276606
1988-12-22,1988-12-21,1988-12-21,deployment,recovery_2_of_3,-0.002199931261,0.002199920647,SSO,True,21,566,ASYMMETRIC_RESERVE_BAND,SSO,LAG1,25,staged,0.2,0.1,rule,0.01606124834
1989-02-21,1989-02-17,1989-02-17,deployment,recovery_3_of_3,-0.002219038955,0.002219029465,SSO,True,61,606,ASYMMETRIC_RESERVE_BAND,SSO,LAG1,25,staged,0.2,0.1,rule,0.01423265457
1990-03-09,1990-03-08,1990-03-08,deployment,recovery_1_of_3,-0.05854370259,0.05840813919,SSO,True,1,871,ASYMMETRIC_RESERVE_BAND,SSO,LAG1,25,staged,0.2,0.1,rule,0.3450444884
1990-03-19,1990-03-16,1990-03-16,deployment,recovery_1_of_3,-0.03891893629,0.03882643759,SSO,True,1,877,ASYMMETRIC_RESERVE_BAND,SSO,LAG1,25,staged,0.2,0.1,rule,0.2307582118
1990-03-28,1990-03-27,1990-03-27,deployment,recovery_1_of_3,-0.025886583,0.02582401579,SSO,True,1,884,ASYMMETRIC_RESERVE_BAND,SSO,LAG1,25,staged,0.2,0.1,rule,0.1554666075
1990-04-04,1990-04-03,1990-04-03,deployment,recovery_1_of_3,-0.01720108324,0.01715903272,SSO,True,1,889,ASYMMETRIC_RESERVE_BAND,SSO,LAG1,25,staged,0.2,0.1,rule,0.1036561539
1990-04-10,1990-04-09,1990-04-09,deployment,recovery_1_of_3,-0.01142647951,0.01139834164,SSO,True,1,893,ASYMMETRIC_RESERVE_BAND,SSO,LAG1,25,staged,0.2,0.1,rule,0.0702181048
1990-05-09,1990-05-08,1990-05-08,deployment,recovery_1_of_3,-0.00762879608,0.00760991585,SSO,True,1,913,ASYMMETRIC_RESERVE_BAND,SSO,LAG1,25,staged,0.2,0.1,rule,0.04708959519
1990-06-07,1990-06-06,1990-06-06,deployment,recovery_2_of_3,-0.007677247175,0.007677161459,SSO,True,21,933,ASYMMETRIC_RESERVE_BAND,SSO,LAG1,25,staged,0.2,0.1,rule,0.04178364732
1990-08-03,1990-08-02,1990-08-02,deployment,recovery_3_of_3,-0.007734287158,0.007734192469,SSO,True,61,973,ASYMMETRIC_RESERVE_BAND,SSO,LAG1,25,staged,0.2,0.1,rule,0.04583845405
1991-04-23,1991-04-22,1991-04-22,deployment,recovery_3_of_3,-0.1831897701,0.1831458313,SSO,True,61,1154,ASYMMETRIC_RESERVE_BAND,SSO,LAG1,25,staged,0.2,0.1,rule,0.9933397711
1991-12-16,1991-12-13,1991-12-13,deployment,recovery_1_of_3,-0.06853624344,0.0683771761,SSO,True,1,1319,ASYMMETRIC_RESERVE_BAND,SSO,LAG1,25,staged,0.2,0.1,rule,0.415457524
1992-01-15,1992-01-14,1992-01-14,deployment,recovery_2_of_3,-0.06877548157,0.06877022646,SSO,True,21,1339,ASYMMETRIC_RESERVE_BAND,SSO,LAG1,25,staged,0.2,0.1,rule,0.3505207157
1992-03-12,1992-03-11,1992-03-11,deployment,recovery_3_of_3,-0.2266839537,0.2266227021,SSO,True,61,1379,ASYMMETRIC_RESERVE_BAND,SSO,LAG1,25,staged,0.2,0.1,rule,1.347472761
1992-09-16,1992-09-15,1992-09-15,deployment,recovery_3_of_3,-0.2250271747,0.2249695792,SSO,True,61,1509,ASYMMETRIC_RESERVE_BAND,SSO,LAG1,25,staged,0.2,0.1,rule,1.421950205
1993-01-15,1993-01-14,1993-01-14,deployment,recovery_3_of_3,-0.2260786197,0.2260237871,SSO,True,61,1593,ASYMMETRIC_RESERVE_BAND,SSO,LAG1,25,staged,0.2,0.1,rule,1.492210398
1994-06-15,1994-06-14,1994-06-14,deployment,recovery_1_of_3,-0.08335802184,0.0831628835,SSO,True,1,1950,ASYMMETRIC_RESERVE_BAND,SSO,LAG1,25,staged,0.2,0.1,rule,0.5408314375
1994-08-02,1994-08-01,1994-08-01,deployment,recovery_1_of_3,-0.05563034198,0.05549721924,SSO,True,1,1983,ASYMMETRIC_RESERVE_BAND,SSO,LAG1,25,staged,0.2,0.1,rule,0.3641509231
1994-08-04,1994-08-03,1994-08-03,deployment,recovery_1_of_3,-0.03691854136,0.03682887821,SSO,True,1,1985,ASYMMETRIC_RESERVE_BAND,SSO,LAG1,25,staged,0.2,0.1,rule,0.2427074028
1994-08-15,1994-08-12,1994-08-12,deployment,recovery_1_of_3,-0.02452028511,0.02446015645,SSO,True,1,1992,ASYMMETRIC_RESERVE_BAND,SSO,LAG1,25,staged,0.2,0.1,rule,0.1626804578
1994-09-13,1994-09-12,1994-09-12,deployment,recovery_2_of_3,-0.02461747965,0.02461689774,SSO,True,21,2012,ASYMMETRIC_RESERVE_BAND,SSO,LAG1,25,staged,0.2,0.1,rule,0.1608596017
1994-09-28,1994-09-27,1994-09-27,deployment,recovery_1_of_3,-0.008161233705,0.008140961895,SSO,True,1,2023,ASYMMETRIC_RESERVE_BAND,SSO,LAG1,25,staged,0.2,0.1,rule,0.05474292508
1994-10-12,1994-10-11,1994-10-11,deployment,recovery_1_of_3,-0.005424034973,0.005410533621,SSO,True,1,2033,ASYMMETRIC_RESERVE_BAND,SSO,LAG1,25,staged,0.2,0.1,rule,0.03685668841
1994-11-09,1994-11-08,1994-11-08,deployment,recovery_2_of_3,-0.005445470214,0.005445440496,SSO,True,21,2053,ASYMMETRIC_RESERVE_BAND,SSO,LAG1,25,staged,0.2,0.1,rule,0.03715027313
1994-12-19,1994-12-16,1994-12-16,deployment,recovery_1_of_3,-0.001812157308,0.00180763371,SSO,True,1,2080,ASYMMETRIC_RESERVE_BAND,SSO,LAG1,25,staged,0.2,0.1,rule,0.01276397865
1994-12-22,1994-12-21,1994-12-21,deployment,recovery_1_of_3,-0.00120302001,0.001200015472,SSO,True,1,2083,ASYMMETRIC_RESERVE_BAND,SSO,LAG1,25,staged,0.2,0.1,rule,0.008521247136
1995-01-23,1995-01-20,1995-01-20,deployment,recovery_2_of_3,-0.001208723988,0.001208722495,SSO,True,21,2103,ASYMMETRIC_RESERVE_BAND,SSO,LAG1,25,staged,0.2,0.1,rule,0.00841148501
1995-03-21,1995-03-20,1995-03-20,deployment,recovery_3_of_3,-0.2748531957,0.2747851735,SSO,True,61,2143,ASYMMETRIC_RESERVE_BAND,SSO,LAG1,25,staged,0.2,0.1,rule,1.868999592
1996-07-18,1996-07-17,1996-07-17,deployment,recovery_1_of_3,-0.1009158035,0.1006757257,SSO,True,1,2479,ASYMMETRIC_RESERVE_BAND,SSO,LAG1,25,staged,0.2,0.1,rule,0.4926997468
1996-07-29,1996-07-26,1996-07-26,deployment,recovery_1_of_3,-0.06704493732,0.0668827915,SSO,True,1,2486,ASYMMETRIC_RESERVE_BAND,SSO,LAG1,25,staged,0.2,0.1,rule,0.3321590467
1996-07-31,1996-07-30,1996-07-30,deployment,recovery_1_of_3,-0.04450662081,0.04439779644,SSO,True,1,2488,ASYMMETRIC_RESERVE_BAND,SSO,LAG1,25,staged,0.2,0.1,rule,0.223611368
1996-08-28,1996-08-27,1996-08-27,deployment,recovery_2_of_3,-0.04468390626,0.04468278068,SSO,True,21,2508,ASYMMETRIC_RESERVE_BAND,SSO,LAG1,25,staged,0.2,0.1,rule,0.2049158425
1996-10-24,1996-10-23,1996-10-23,deployment,recovery_3_of_3,-0.4808222181,0.4807054569,SSO,True,61,2548,ASYMMETRIC_RESERVE_BAND,SSO,LAG1,25,staged,0.2,0.1,rule,2.166032481
1998-09-24,1998-09-23,1998-09-23,deployment,recovery_1_of_3,-0.3711041344,0.3702492534,SSO,True,1,3031,ASYMMETRIC_RESERVE_BAND,SSO,LAG1,25,staged,0.2,0.1,rule,0.9928367792
1998-10-23,1998-10-22,1998-10-22,deployment,recovery_1_of_3,-0.24707517,0.2464902365,SSO,True,1,3052,ASYMMETRIC_RESERVE_BAND,SSO,LAG1,25,staged,0.2,0.1,rule,0.6709256732
1998-10-27,1998-10-26,1998-10-26,deployment,recovery_1_of_3,-0.164009348,0.1636140079,SSO,True,1,3054,ASYMMETRIC_RESERVE_BAND,SSO,LAG1,25,staged,0.2,0.1,rule,0.4534258037
1998-10-30,1998-10-29,1998-10-29,deployment,recovery_1_of_3,-0.1088502853,0.1085846198,SSO,True,1,3057,ASYMMETRIC_RESERVE_BAND,SSO,LAG1,25,staged,0.2,0.1,rule,0.3005225081
1998-11-30,1998-11-27,1998-11-27,deployment,recovery_2_of_3,-0.1092401234,0.1092373977,SSO,True,21,3077,ASYMMETRIC_RESERVE_BAND,SSO,LAG1,25,staged,0.2,0.1,rule,0.2516976595
1999-01-28,1999-01-27,1999-01-27,deployment,recovery_3_of_3,-1.237602056,1.237277317,SSO,True,61,3117,ASYMMETRIC_RESERVE_BAND,SSO,LAG1,25,staged,0.2,0.1,rule,2.927959131
1999-10-07,1999-10-06,1999-10-06,deployment,recovery_1_of_3,-0.4284786925,0.4274815875,SSO,True,1,3292,ASYMMETRIC_RESERVE_BAND,SSO,LAG1,25,staged,0.2,0.1,rule,1.076449444
1999-10-29,1999-10-28,1999-10-28,deployment,recovery_1_of_3,-0.2851829334,0.2845035458,SSO,True,1,3308,ASYMMETRIC_RESERVE_BAND,SSO,LAG1,25,staged,0.2,0.1,rule,0.7339384724
1999-11-29,1999-11-26,1999-11-26,deployment,recovery_2_of_3,-0.2863592749,0.2863439026,SSO,True,21,3328,ASYMMETRIC_RESERVE_BAND,SSO,LAG1,25,staged,0.2,0.1,rule,0.6664465045
2000-01-26,2000-01-25,2000-01-25,deployment,recovery_3_of_3,-0.2875039041,0.2874880659,SSO,True,61,3368,ASYMMETRIC_RESERVE_BAND,SSO,LAG1,25,staged,0.2,0.1,rule,0.6843727533
2007-08-07,2007-08-06,2007-08-06,deployment,recovery_1_of_3,-0.4182399885,0.4172732447,SSO,True,1,5260,ASYMMETRIC_RESERVE_BAND,SSO,LAG1,25,staged,0.2,0.1,rule,1.320535266
2007-08-23,2007-08-22,2007-08-22,deployment,recovery_1_of_3,-0.278061193,0.2774014759,SSO,True,1,5272,ASYMMETRIC_RESERVE_BAND,SSO,LAG1,25,staged,0.2,0.1,rule,0.8935824512
2007-08-30,2007-08-29,2007-08-29,deployment,recovery_1_of_3,-0.1846444456,0.1841988856,SSO,True,1,5277,ASYMMETRIC_RESERVE_BAND,SSO,LAG1,25,staged,0.2,0.1,rule,0.610297581
2007-09-04,2007-08-31,2007-08-31,deployment,recovery_1_of_3,-0.122529206,0.1222299668,SSO,True,1,5279,ASYMMETRIC_RESERVE_BAND,SSO,LAG1,25,staged,0.2,0.1,rule,0.4058508208
2007-09-12,2007-09-11,2007-09-11,deployment,recovery_1_of_3,-0.08138854571,0.0811882648,SSO,True,1,5285,ASYMMETRIC_RESERVE_BAND,SSO,LAG1,25,staged,0.2,0.1,rule,0.2752962167
2007-10-10,2007-10-09,2007-10-09,deployment,recovery_2_of_3,-0.08163279636,0.08163136689,SSO,True,21,5305,ASYMMETRIC_RESERVE_BAND,SSO,LAG1,25,staged,0.2,0.1,rule,0.2455260435
2007-12-06,2007-12-05,2007-12-05,deployment,recovery_1_of_3,-0.02716126948,0.0270937218,SSO,True,1,5345,ASYMMETRIC_RESERVE_BAND,SSO,LAG1,25,staged,0.2,0.1,rule,0.0918387594
2007-12-13,2007-12-12,2007-12-12,deployment,recovery_1_of_3,-0.01802815243,0.01798324029,SSO,True,1,5350,ASYMMETRIC_RESERVE_BAND,SSO,LAG1,25,staged,0.2,0.1,rule,0.06159234093
2007-12-26,2007-12-24,2007-12-24,deployment,recovery_1_of_3,-0.01197050911,0.01194065337,SSO,True,1,5358,ASYMMETRIC_RESERVE_BAND,SSO,LAG1,25,staged,0.2,0.1,rule,0.0413430818
2009-06-02,2009-06-01,2009-06-01,deployment,recovery_1_of_3,-0.008064201459,0.008044090828,SSO,True,1,5718,ASYMMETRIC_RESERVE_BAND,SSO,LAG1,25,staged,0.2,0.1,rule,0.04345696492
2009-06-25,2009-06-24,2009-06-24,deployment,recovery_1_of_3,-0.005349957998,0.005336607481,SSO,True,1,5735,ASYMMETRIC_RESERVE_BAND,SSO,LAG1,25,staged,0.2,0.1,rule,0.03202684919
2009-07-10,2009-07-09,2009-07-09,deployment,recovery_1_of_3,-0.003549131194,0.003540269629,SSO,True,1,5745,ASYMMETRIC_RESERVE_BAND,SSO,LAG1,25,staged,0.2,0.1,rule,0.02230687181
2009-07-14,2009-07-13,2009-07-13,deployment,recovery_1_of_3,-0.002354334617,0.002348453679,SSO,True,1,5747,ASYMMETRIC_RESERVE_BAND,SSO,LAG1,25,staged,0.2,0.1,rule,0.01462657666
2009-08-11,2009-08-10,2009-08-10,deployment,recovery_2_of_3,-0.002354667669,0.0023546657,SSO,True,21,5767,ASYMMETRIC_RESERVE_BAND,SSO,LAG1,25,staged,0.2,0.1,rule,0.01175409415
2009-10-07,2009-10-06,2009-10-06,deployment,recovery_3_of_3,-0.002343411993,0.002343410214,SSO,True,61,5807,ASYMMETRIC_RESERVE_BAND,SSO,LAG1,25,staged,0.2,0.1,rule,0.01066632101
2012-11-20,2012-11-19,2012-11-19,deployment,recovery_1_of_3,-0.3835863161,0.3826977097,SSO,True,1,6593,ASYMMETRIC_RESERVE_BAND,SSO,LAG1,25,staged,0.2,0.1,rule,1.44847039
2012-12-19,2012-12-18,2012-12-18,deployment,recovery_2_of_3,-0.3836123214,0.3835797912,SSO,True,21,6613,ASYMMETRIC_RESERVE_BAND,SSO,LAG1,25,staged,0.2,0.1,rule,1.33112282
2013-02-19,2013-02-15,2013-02-15,deployment,recovery_3_of_3,-1.169653429,1.169377951,SSO,True,61,6653,ASYMMETRIC_RESERVE_BAND,SSO,LAG1,25,staged,0.2,0.1,rule,3.943741628
2014-10-22,2014-10-21,2014-10-21,deployment,recovery_1_of_3,-0.4191174499,0.4181153113,SSO,True,1,7076,ASYMMETRIC_RESERVE_BAND,SSO,LAG1,25,staged,0.2,0.1,rule,0.9757924753
2014-11-19,2014-11-18,2014-11-18,deployment,recovery_2_of_3,-0.4191239699,0.4191034342,SSO,True,21,7096,ASYMMETRIC_RESERVE_BAND,SSO,LAG1,25,staged,0.2,0.1,rule,0.8737311312
2015-01-20,2015-01-16,2015-01-16,deployment,recovery_3_of_3,-2.14027527,2.139724317,SSO,True,61,7136,ASYMMETRIC_RESERVE_BAND,SSO,LAG1,25,staged,0.2,0.1,rule,5.017555346
2015-07-13,2015-07-10,2015-07-10,deployment,recovery_1_of_3,-0.7458866993,0.7441495201,SSO,True,1,7256,ASYMMETRIC_RESERVE_BAND,SSO,LAG1,25,staged,0.2,0.1,rule,1.856918621
2015-08-10,2015-08-07,2015-08-07,deployment,recovery_2_of_3,-0.7459115661,0.7458477455,SSO,True,21,7276,ASYMMETRIC_RESERVE_BAND,SSO,LAG1,25,staged,0.2,0.1,rule,1.858155759
2015-10-26,2015-10-23,2015-10-23,deployment,recovery_1_of_3,-0.2468775761,0.2462746369,SSO,True,1,7330,ASYMMETRIC_RESERVE_BAND,SSO,LAG1,25,staged,0.2,0.1,rule,0.6273555974
2015-11-19,2015-11-18,2015-11-18,deployment,recovery_1_of_3,-0.1637920571,0.1633889313,SSO,True,1,7348,ASYMMETRIC_RESERVE_BAND,SSO,LAG1,25,staged,0.2,0.1,rule,0.4216029972
2015-12-07,2015-12-04,2015-12-04,deployment,recovery_1_of_3,-0.1086658518,0.1083970303,SSO,True,1,7359,ASYMMETRIC_RESERVE_BAND,SSO,LAG1,25,staged,0.2,0.1,rule,0.2843818369
2015-12-17,2015-12-16,2015-12-16,deployment,recovery_1_of_3,-0.07209175774,0.07191281345,SSO,True,1,7367,ASYMMETRIC_RESERVE_BAND,SSO,LAG1,25,staged,0.2,0.1,rule,0.1938002482
2015-12-24,2015-12-23,2015-12-23,deployment,recovery_1_of_3,-0.04782492199,0.04770593892,SSO,True,1,7372,ASYMMETRIC_RESERVE_BAND,SSO,LAG1,25,staged,0.2,0.1,rule,0.1316919629
2015-12-30,2015-12-29,2015-12-29,deployment,recovery_1_of_3,-0.03172592034,0.03164686035,SSO,True,1,7375,ASYMMETRIC_RESERVE_BAND,SSO,LAG1,25,staged,0.2,0.1,rule,0.0873295594
2016-03-14,2016-03-11,2016-03-11,deployment,recovery_1_of_3,-0.02105716377,0.02100463816,SSO,True,1,7425,ASYMMETRIC_RESERVE_BAND,SSO,LAG1,25,staged,0.2,0.1,rule,0.060573921
2016-03-17,2016-03-16,2016-03-16,deployment,recovery_1_of_3,-0.01396879974,0.01393392964,SSO,True,1,7428,ASYMMETRIC_RESERVE_BAND,SSO,LAG1,25,staged,0.2,0.1,rule,0.04040790494
2016-04-15,2016-04-14,2016-04-14,deployment,recovery_2_of_3,-0.0139716927,0.01397166806,SSO,True,21,7448,ASYMMETRIC_RESERVE_BAND,SSO,LAG1,25,staged,0.2,0.1,rule,0.03836171444
2016-06-13,2016-06-10,2016-06-10,deployment,recovery_3_of_3,-0.01390764927,0.01390762523,SSO,True,61,7488,ASYMMETRIC_RESERVE_BAND,SSO,LAG1,25,staged,0.2,0.1,rule,0.03759576319
2018-04-04,2018-04-03,2018-04-03,deployment,recovery_1_of_3,-0.7623863718,0.7605782993,SSO,True,1,7943,ASYMMETRIC_RESERVE_BAND,SSO,LAG1,25,staged,0.2,0.1,rule,1.512736974
2018-05-02,2018-05-01,2018-05-01,deployment,recovery_2_of_3,-0.763432575,0.7633847016,SSO,True,21,7963,ASYMMETRIC_RESERVE_BAND,SSO,LAG1,25,staged,0.2,0.1,rule,1.475493176
2018-06-28,2018-06-27,2018-06-27,deployment,recovery_3_of_3,-0.7620365368,0.761990399,SSO,True,61,8003,ASYMMETRIC_RESERVE_BAND,SSO,LAG1,25,staged,0.2,0.1,rule,1.423515469
2018-10-15,2018-10-12,2018-10-12,deployment,recovery_1_of_3,-1.221955092,1.219127254,SSO,True,1,8078,ASYMMETRIC_RESERVE_BAND,SSO,LAG1,25,staged,0.2,0.1,rule,2.458396679
2018-10-17,2018-10-16,2018-10-16,deployment,recovery_1_of_3,-0.8110753565,0.8091473122,SSO,True,1,8080,ASYMMETRIC_RESERVE_BAND,SSO,LAG1,25,staged,0.2,0.1,rule,1.624391175
2018-11-08,2018-11-07,2018-11-07,deployment,recovery_1_of_3,-0.5389066209,0.5376041191,SSO,True,1,8096,ASYMMETRIC_RESERVE_BAND,SSO,LAG1,25,staged,0.2,0.1,rule,1.099110906
2018-12-04,2018-12-03,2018-12-03,deployment,recovery_1_of_3,-0.3581445028,0.3572697521,SSO,True,1,8113,ASYMMETRIC_RESERVE_BAND,SSO,LAG1,25,staged,0.2,0.1,rule,0.7624940484
2019-02-13,2019-02-12,2019-02-12,deployment,recovery_1_of_3,-0.2387180779,0.2381309131,SSO,True,1,8160,ASYMMETRIC_RESERVE_BAND,SSO,LAG1,25,staged,0.2,0.1,rule,0.5351714117
2019-03-12,2019-03-11,2019-03-11,deployment,recovery_1_of_3,-0.1586503121,0.1582578918,SSO,True,1,8178,ASYMMETRIC_RESERVE_BAND,SSO,LAG1,25,staged,0.2,0.1,rule,0.3515621792
2019-04-09,2019-04-08,2019-04-08,deployment,recovery_2_of_3,-0.158947822,0.1589458633,SSO,True,21,8198,ASYMMETRIC_RESERVE_BAND,SSO,LAG1,25,staged,0.2,0.1,rule,0.3266027008
2019-06-05,2019-06-04,2019-06-04,deployment,recovery_1_of_3,-0.05278680948,0.05265531357,SSO,True,1,8237,ASYMMETRIC_RESERVE_BAND,SSO,LAG1,25,staged,0.2,0.1,rule,0.1183292089
2019-07-03,2019-07-02,2019-07-02,deployment,recovery_2_of_3,-0.05287582869,0.0528756178,SSO,True,21,8257,ASYMMETRIC_RESERVE_BAND,SSO,LAG1,25,staged,0.2,0.1,rule,0.1057172903
2019-08-29,2019-08-28,2019-08-28,deployment,recovery_3_of_3,-0.05278204695,0.05278182333,SSO,True,61,8297,ASYMMETRIC_RESERVE_BAND,SSO,LAG1,25,staged,0.2,0.1,rule,0.1123078286
2020-03-03,2020-03-02,2020-03-02,deployment,recovery_1_of_3,-1.223435631,1.220594751,SSO,True,1,8424,ASYMMETRIC_RESERVE_BAND,SSO,LAG1,25,staged,0.2,0.1,rule,2.640567945
2020-03-05,2020-03-04,2020-03-04,deployment,recovery_1_of_3,-0.8118941947,0.8099622671,SSO,True,1,8426,ASYMMETRIC_RESERVE_BAND,SSO,LAG1,25,staged,0.2,0.1,rule,1.789751762
2020-05-28,2020-05-27,2020-05-27,deployment,recovery_1_of_3,-0.538894959,0.5375936089,SSO,True,1,8484,ASYMMETRIC_RESERVE_BAND,SSO,LAG1,25,staged,0.2,0.1,rule,1.268917065
2020-06-15,2020-06-12,2020-06-12,deployment,recovery_1_of_3,-0.3575555996,0.3566822691,SSO,True,1,8496,ASYMMETRIC_RESERVE_BAND,SSO,LAG1,25,staged,0.2,0.1,rule,0.8572142832
2020-06-30,2020-06-29,2020-06-29,deployment,recovery_1_of_3,-0.2372252293,0.2366413355,SSO,True,1,8507,ASYMMETRIC_RESERVE_BAND,SSO,LAG1,25,staged,0.2,0.1,rule,0.5763691414
2020-07-29,2020-07-28,2020-07-28,deployment,recovery_2_of_3,-0.2372503454,0.237246199,SSO,True,21,8527,ASYMMETRIC_RESERVE_BAND,SSO,LAG1,25,staged,0.2,0.1,rule,0.52042337
2020-09-24,2020-09-23,2020-09-23,deployment,recovery_3_of_3,-0.2361176026,0.2361135352,SSO,True,61,8567,ASYMMETRIC_RESERVE_BAND,SSO,LAG1,25,staged,0.2,0.1,rule,0.5129215273
2022-02-01,2022-01-31,2022-01-31,deployment,recovery_1_of_3,-1.425742121,1.422341271,SSO,True,1,8908,ASYMMETRIC_RESERVE_BAND,SSO,LAG1,25,staged,0.2,0.1,rule,1.833515674
2022-02-16,2022-02-15,2022-02-15,deployment,recovery_1_of_3,-0.9460842855,0.9437936938,SSO,True,1,8919,ASYMMETRIC_RESERVE_BAND,SSO,LAG1,25,staged,0.2,0.1,rule,1.262911557
2022-03-23,2022-03-22,2022-03-22,deployment,recovery_1_of_3,-0.6279050314,0.62636862,SSO,True,1,8943,ASYMMETRIC_RESERVE_BAND,SSO,LAG1,25,staged,0.2,0.1,rule,0.850775519
2022-03-25,2022-03-24,2022-03-24,deployment,recovery_1_of_3,-0.4165695587,0.4155430377,SSO,True,1,8945,ASYMMETRIC_RESERVE_BAND,SSO,LAG1,25,staged,0.2,0.1,rule,0.5731623604
2022-04-08,2022-04-07,2022-04-07,deployment,recovery_1_of_3,-0.2764066394,0.2757223063,SSO,True,1,8955,ASYMMETRIC_RESERVE_BAND,SSO,LAG1,25,staged,0.2,0.1,rule,0.3874679654
2022-12-01,2022-11-30,2022-11-30,deployment,recovery_1_of_3,-0.1863035339,0.1858411092,SSO,True,1,9118,ASYMMETRIC_RESERVE_BAND,SSO,LAG1,25,staged,0.2,0.1,rule,0.2870856207
2023-01-17,2023-01-13,2023-01-13,deployment,recovery_1_of_3,-0.1242457911,0.1239367255,SSO,True,1,9148,ASYMMETRIC_RESERVE_BAND,SSO,LAG1,25,staged,0.2,0.1,rule,0.200046952
2023-01-23,2023-01-20,2023-01-20,deployment,recovery_1_of_3,-0.08249241074,0.08228688338,SSO,True,1,9152,ASYMMETRIC_RESERVE_BAND,SSO,LAG1,25,staged,0.2,0.1,rule,0.1368982681
2023-02-21,2023-02-17,2023-02-17,deployment,recovery_2_of_3,-0.08279137978,0.08279104172,SSO,True,21,9172,ASYMMETRIC_RESERVE_BAND,SSO,LAG1,25,staged,0.2,0.1,rule,0.1310460128
2023-03-17,2023-03-16,2023-03-16,deployment,recovery_1_of_3,-0.02748981671,0.02742117247,SSO,True,1,9190,ASYMMETRIC_RESERVE_BAND,SSO,LAG1,25,staged,0.2,0.1,rule,0.04688264299
2023-03-21,2023-03-20,2023-03-20,deployment,recovery_1_of_3,-0.01824417716,0.01819860275,SSO,True,1,9192,ASYMMETRIC_RESERVE_BAND,SSO,LAG1,25,staged,0.2,0.1,rule,0.03169620252
2023-04-19,2023-04-18,2023-04-18,deployment,recovery_2_of_3,-0.01831516594,0.01831514941,SSO,True,21,9212,ASYMMETRIC_RESERVE_BAND,SSO,LAG1,25,staged,0.2,0.1,rule,0.02896877231
2023-06-15,2023-06-14,2023-06-14,deployment,recovery_3_of_3,-0.018373524,0.01837350888,SSO,True,61,9252,ASYMMETRIC_RESERVE_BAND,SSO,LAG1,25,staged,0.2,0.1,rule,0.02642038238
2025-03-25,2025-03-24,2025-03-24,deployment,recovery_1_of_3,-2.448347133,2.442594226,SSO,True,1,9696,ASYMMETRIC_RESERVE_BAND,SSO,LAG1,25,staged,0.2,0.1,rule,2.650750225
2025-05-13,2025-05-12,2025-05-12,deployment,recovery_1_of_3,-1.634011113,1.630089988,SSO,True,1,9730,ASYMMETRIC_RESERVE_BAND,SSO,LAG1,25,staged,0.2,0.1,rule,1.76931439
2025-06-11,2025-06-10,2025-06-10,deployment,recovery_2_of_3,-1.639681127,1.639603254,SSO,True,21,9750,ASYMMETRIC_RESERVE_BAND,SSO,LAG1,25,staged,0.2,0.1,rule,1.671570792
2025-08-08,2025-08-07,2025-08-07,deployment,recovery_3_of_3,-9.519953429,9.517551577,SSO,True,61,9790,ASYMMETRIC_RESERVE_BAND,SSO,LAG1,25,staged,0.2,0.1,rule,9.689972252
2026-04-09,2026-04-08,2026-04-08,deployment,recovery_1_of_3,-3.32147942,3.313716098,SSO,True,1,9957,ASYMMETRIC_RESERVE_BAND,SSO,LAG1,25,staged,0.2,0.1,rule,3.462218525
2026-05-07,2026-05-06,2026-05-06,deployment,recovery_2_of_3,-3.330889076,3.330654947,SSO,True,21,9977,ASYMMETRIC_RESERVE_BAND,SSO,LAG1,25,staged,0.2,0.1,rule,2.963230172
2026-07-07,2026-07-06,2026-07-06,deployment,recovery_3_of_3,-12.02141955,12.01847919,SSO,True,61,10017,ASYMMETRIC_RESERVE_BAND,SSO,LAG1,25,staged,0.2,0.1,rule,11.10971523
1987-10-20,1987-10-19,1987-10-19,deployment,drawdown_20_30,-0.03016187611,0.03015957646,SP500_1X,False,0,268,HWM_DRAWDOWN,SSO,LAG1,25,drawdown,0.15,0.1,rule,2.887999974
2001-03-13,2001-03-12,2001-03-12,deployment,drawdown_20,-0.2883806565,0.2883560581,SP500_1X,False,0,3652,HWM_DRAWDOWN,SSO,LAG1,25,drawdown,0.15,0.1,rule,3.750352499
2001-09-18,2001-09-17,2001-09-17,deployment,drawdown_30,-0.3674306789,0.3673865183,SP500_1X,False,0,3779,HWM_DRAWDOWN,SSO,LAG1,25,drawdown,0.15,0.1,rule,5.392669164
2002-07-19,2002-07-18,2002-07-18,deployment,drawdown_40,-0.3730820408,0.3730267145,SP500_1X,False,0,3989,HWM_DRAWDOWN,SSO,LAG1,25,drawdown,0.15,0.1,rule,6.824646453
2008-07-15,2008-07-14,2008-07-14,deployment,drawdown_20,-0.08943819644,0.08943584197,SP500_1X,False,0,5496,HWM_DRAWDOWN,SSO,LAG1,25,drawdown,0.15,0.1,rule,1.190827121
2008-10-07,2008-10-06,2008-10-06,deployment,drawdown_30,-0.1121706733,0.1121664196,SP500_1X,False,0,5555,HWM_DRAWDOWN,SSO,LAG1,25,drawdown,0.15,0.1,rule,1.726986401
2008-10-10,2008-10-09,2008-10-09,deployment,drawdown_40,-0.1121769785,0.1121720661,SP500_1X,False,0,5558,HWM_DRAWDOWN,SSO,LAG1,25,drawdown,0.15,0.1,rule,2.004986137
2008-11-21,2008-11-20,2008-11-20,deployment,drawdown_50,-0.1346627779,0.1346542825,SP500_1X,False,0,5588,HWM_DRAWDOWN,SSO,LAG1,25,drawdown,0.15,0.1,rule,2.900905061
2020-03-13,2020-03-12,2020-03-12,deployment,drawdown_20,-0.608570532,0.6085372486,SP500_1X,False,0,8432,HWM_DRAWDOWN,SSO,LAG1,25,drawdown,0.15,0.1,rule,2.823738794
2020-03-23,2020-03-20,2020-03-20,deployment,drawdown_30,-0.7607476317,0.7606920567,SP500_1X,False,0,8438,HWM_DRAWDOWN,SSO,LAG1,25,drawdown,0.15,0.1,rule,3.796731426
2022-06-14,2022-06-13,2022-06-13,deployment,drawdown_20,-0.9518946938,0.9518510725,SP500_1X,False,0,9000,HWM_DRAWDOWN,SSO,LAG1,25,drawdown,0.15,0.1,rule,2.45343509
1987-10-20,1987-10-19,1987-10-19,deployment,drawdown_20_30,-0.04745739168,0.04745164189,SP500_1X,False,0,268,BAND_DRAWDOWN,SSO,LAG1,25,drawdown,0.2,0.1,rule,4.25135151
2001-03-13,2001-03-12,2001-03-12,deployment,drawdown_20,-0.2042164367,0.2042037104,SP500_1X,False,0,3652,BAND_DRAWDOWN,SSO,LAG1,25,drawdown,0.2,0.1,rule,2.350103753
2001-09-18,2001-09-17,2001-09-17,deployment,drawdown_30,-0.2601956209,0.26017265,SP500_1X,False,0,3779,BAND_DRAWDOWN,SSO,LAG1,25,drawdown,0.2,0.1,rule,3.379159901
2002-07-19,2002-07-18,2002-07-18,deployment,drawdown_40,-0.2641976265,0.2641686407,SP500_1X,False,0,3989,BAND_DRAWDOWN,SSO,LAG1,25,drawdown,0.2,0.1,rule,4.278586698
2008-07-15,2008-07-14,2008-07-14,deployment,drawdown_20,-0.2453622214,0.245344499,SP500_1X,False,0,5496,BAND_DRAWDOWN,SSO,LAG1,25,drawdown,0.2,0.1,rule,3.124951554
2008-10-07,2008-10-06,2008-10-06,deployment,drawdown_30,-0.3077258562,0.3076942062,SP500_1X,False,0,5555,BAND_DRAWDOWN,SSO,LAG1,25,drawdown,0.2,0.1,rule,4.532141146
2008-10-10,2008-10-09,2008-10-09,deployment,drawdown_40,-0.3077431536,0.3077069319,SP500_1X,False,0,5558,BAND_DRAWDOWN,SSO,LAG1,25,drawdown,0.2,0.1,rule,5.262039252
2008-11-21,2008-11-20,2008-11-20,deployment,drawdown_50,-0.3693135571,0.3692514026,SP500_1X,False,0,5588,BAND_DRAWDOWN,SSO,LAG1,25,drawdown,0.2,0.1,rule,7.611519169
2020-03-13,2020-03-12,2020-03-12,deployment,drawdown_20,-0.4733768911,0.4733561335,SP500_1X,False,0,8432,BAND_DRAWDOWN,SSO,LAG1,25,drawdown,0.2,0.1,rule,2.173828457
2020-03-23,2020-03-20,2020-03-20,deployment,drawdown_30,-0.5917479238,0.591713219,SP500_1X,False,0,8438,BAND_DRAWDOWN,SSO,LAG1,25,drawdown,0.2,0.1,rule,2.922845892
2022-06-14,2022-06-13,2022-06-13,deployment,drawdown_20,-0.8635869767,0.8635495041,SP500_1X,False,0,9000,BAND_DRAWDOWN,SSO,LAG1,25,drawdown,0.2,0.1,rule,2.245833271
1986-11-21,1986-11-20,1986-11-20,deployment,recovery_1_of_3,-0.003957906948,0.003938267268,SSO,True,1,39,HWM_RESERVE,SSO,LAG1,50,staged,0.15,0.1,rule,0.1846717396
1986-12-22,1986-12-19,1986-12-19,deployment,recovery_2_of_3,-0.003975546918,0.003975465005,SSO,True,21,59,HWM_RESERVE,SSO,LAG1,50,staged,0.15,0.1,rule,0.2016487212
1987-02-19,1987-02-18,1987-02-18,deployment,recovery_3_of_3,-0.01377863732,0.01377785685,SSO,True,61,99,HWM_RESERVE,SSO,LAG1,50,staged,0.15,0.1,rule,0.5569679891
1988-06-07,1988-06-06,1988-06-06,deployment,recovery_1_of_3,-0.0151952948,0.01512128068,SSO,True,1,427,HWM_RESERVE,SSO,LAG1,50,staged,0.15,0.1,rule,0.6605093948
1988-06-09,1988-06-08,1988-06-08,deployment,recovery_1_of_3,-0.01003542121,0.009986100273,SSO,True,1,429,HWM_RESERVE,SSO,LAG1,50,staged,0.15,0.1,rule,0.4362442575
1988-07-08,1988-07-07,1988-07-07,deployment,recovery_2_of_3,-0.01008878054,0.01008834479,SSO,True,21,449,HWM_RESERVE,SSO,LAG1,50,staged,0.15,0.1,rule,0.4417570789
1988-08-25,1988-08-24,1988-08-24,deployment,recovery_1_of_3,-0.00334427223,0.003327657145,SSO,True,1,483,HWM_RESERVE,SSO,LAG1,50,staged,0.15,0.1,rule,0.1626763751
1988-09-06,1988-09-02,1988-09-02,deployment,recovery_1_of_3,-0.002211520643,0.002200509897,SSO,True,1,490,HWM_RESERVE,SSO,LAG1,50,staged,0.15,0.1,rule,0.1084613387
1988-10-04,1988-10-03,1988-10-03,deployment,recovery_2_of_3,-0.00222559507,0.002225572354,SSO,True,21,510,HWM_RESERVE,SSO,LAG1,50,staged,0.15,0.1,rule,0.1044826105
1988-11-23,1988-11-22,1988-11-22,deployment,recovery_1_of_3,-0.0007385870618,0.0007348994037,SSO,True,1,546,HWM_RESERVE,SSO,LAG1,50,staged,0.15,0.1,rule,0.03657353885
1988-12-22,1988-12-21,1988-12-21,deployment,recovery_2_of_3,-0.0007434756166,0.0007434731129,SSO,True,21,566,HWM_RESERVE,SSO,LAG1,50,staged,0.15,0.1,rule,0.03447301439
1989-02-21,1989-02-17,1989-02-17,deployment,recovery_3_of_3,-0.0007461610985,0.0007461588829,SSO,True,61,606,HWM_RESERVE,SSO,LAG1,50,staged,0.15,0.1,rule,0.03039452061
1990-03-09,1990-03-08,1990-03-08,deployment,recovery_1_of_3,-0.004599991475,0.00457713096,SSO,True,1,871,HWM_RESERVE,SSO,LAG1,50,staged,0.15,0.1,rule,0.1565685608
1990-03-19,1990-03-16,1990-03-16,deployment,recovery_1_of_3,-0.003041747981,0.003026600906,SSO,True,1,877,HWM_RESERVE,SSO,LAG1,50,staged,0.15,0.1,rule,0.1047096311
1990-03-28,1990-03-27,1990-03-27,deployment,recovery_1_of_3,-0.002012644398,0.002002608663,SSO,True,1,884,HWM_RESERVE,SSO,LAG1,50,staged,0.15,0.1,rule,0.07054505667
1990-04-04,1990-04-03,1990-04-03,deployment,recovery_1_of_3,-0.001330478308,0.001323838031,SSO,True,1,889,HWM_RESERVE,SSO,LAG1,50,staged,0.15,0.1,rule,0.04703536899
1990-04-10,1990-04-09,1990-04-09,deployment,recovery_1_of_3,-0.0008793144468,0.0008749232985,SSO,True,1,893,HWM_RESERVE,SSO,LAG1,50,staged,0.15,0.1,rule,0.03186240608
1990-05-09,1990-05-08,1990-05-08,deployment,recovery_1_of_3,-0.0005840913309,0.0005811732904,SSO,True,1,913,HWM_RESERVE,SSO,LAG1,50,staged,0.15,0.1,rule,0.02136753489
1990-06-07,1990-06-06,1990-06-06,deployment,recovery_2_of_3,-0.0005878009418,0.0005877998602,SSO,True,21,933,HWM_RESERVE,SSO,LAG1,50,staged,0.15,0.1,rule,0.01900792781
1990-08-03,1990-08-02,1990-08-02,deployment,recovery_3_of_3,-0.0005891730829,0.0005891718996,SSO,True,61,973,HWM_RESERVE,SSO,LAG1,50,staged,0.15,0.1,rule,0.02074685108
1991-04-23,1991-04-22,1991-04-22,deployment,recovery_3_of_3,-0.008287681672,0.008287487992,SSO,True,61,1154,HWM_RESERVE,SSO,LAG1,50,staged,0.15,0.1,rule,0.2425495434
1991-12-16,1991-12-13,1991-12-13,deployment,recovery_1_of_3,-0.00162587929,0.001617764924,SSO,True,1,1319,HWM_RESERVE,SSO,LAG1,50,staged,0.15,0.1,rule,0.04810821584
1992-01-15,1992-01-14,1992-01-14,deployment,recovery_2_of_3,-0.001631554715,0.001631548332,SSO,True,21,1339,HWM_RESERVE,SSO,LAG1,50,staged,0.15,0.1,rule,0.04103183152
1992-03-12,1992-03-11,1992-03-11,deployment,recovery_3_of_3,-0.01841535431,0.01841447481,SSO,True,61,1379,HWM_RESERVE,SSO,LAG1,50,staged,0.15,0.1,rule,0.5013265966
1993-01-15,1993-01-14,1993-01-14,deployment,recovery_3_of_3,-0.007838728813,0.007838583461,SSO,True,61,1593,HWM_RESERVE,SSO,LAG1,50,staged,0.15,0.1,rule,0.1953673792
1994-06-15,1994-06-14,1994-06-14,deployment,recovery_1_of_3,-0.01442473938,0.01435348816,SSO,True,1,1950,HWM_RESERVE,SSO,LAG1,50,staged,0.15,0.1,rule,0.3245206282
1994-08-02,1994-08-01,1994-08-01,deployment,recovery_1_of_3,-0.009576497112,0.009529004583,SSO,True,1,1983,HWM_RESERVE,SSO,LAG1,50,staged,0.15,0.1,rule,0.218505209
1994-08-04,1994-08-03,1994-08-03,deployment,recovery_1_of_3,-0.006322694007,0.006291252136,SSO,True,1,1985,HWM_RESERVE,SSO,LAG1,50,staged,0.15,0.1,rule,0.1456342094
1994-08-15,1994-08-12,1994-08-12,deployment,recovery_1_of_3,-0.004177965454,0.004157151628,SSO,True,1,1992,HWM_RESERVE,SSO,LAG1,50,staged,0.15,0.1,rule,0.09761482174
1994-09-13,1994-09-12,1994-09-12,deployment,recovery_2_of_3,-0.004194526252,0.00419448843,SSO,True,21,2012,HWM_RESERVE,SSO,LAG1,50,staged,0.15,0.1,rule,0.09676762075
1994-09-28,1994-09-27,1994-09-27,deployment,recovery_1_of_3,-0.001380039375,0.001373147604,SSO,True,1,2023,HWM_RESERVE,SSO,LAG1,50,staged,0.15,0.1,rule,0.03276403808
1994-10-12,1994-10-11,1994-10-11,deployment,recovery_1_of_3,-0.0009125773279,0.0009080181926,SSO,True,1,2033,HWM_RESERVE,SSO,LAG1,50,staged,0.15,0.1,rule,0.02205899558
1994-11-09,1994-11-08,1994-11-08,deployment,recovery_2_of_3,-0.0009161837418,0.000916181839,SSO,True,21,2053,HWM_RESERVE,SSO,LAG1,50,staged,0.15,0.1,rule,0.02229072417
1994-12-19,1994-12-16,1994-12-16,deployment,recovery_1_of_3,-0.0003025934219,0.0003010808844,SSO,True,1,2080,HWM_RESERVE,SSO,LAG1,50,staged,0.15,0.1,rule,0.007619991788
1994-12-22,1994-12-21,1994-12-21,deployment,recovery_1_of_3,-0.0001998732899,0.0001988741129,SSO,True,1,2083,HWM_RESERVE,SSO,LAG1,50,staged,0.15,0.1,rule,0.005087115466
1995-01-23,1995-01-20,1995-01-20,deployment,recovery_2_of_3,-0.0002008209656,0.0002008208714,SSO,True,21,2103,HWM_RESERVE,SSO,LAG1,50,staged,0.15,0.1,rule,0.00503421326
1995-03-21,1995-03-20,1995-03-20,deployment,recovery_3_of_3,-0.0002007262781,0.0002007261954,SSO,True,61,2143,HWM_RESERVE,SSO,LAG1,50,staged,0.15,0.1,rule,0.004426042704
1996-07-18,1996-07-17,1996-07-17,deployment,recovery_1_of_3,-0.06012126544,0.05983030709,SSO,True,1,2479,HWM_RESERVE,SSO,LAG1,50,staged,0.15,0.1,rule,0.9047033588
1996-07-29,1996-07-26,1996-07-26,deployment,recovery_1_of_3,-0.03974572589,0.03955129564,SSO,True,1,2486,HWM_RESERVE,SSO,LAG1,50,staged,0.15,0.1,rule,0.6099158913
1996-07-31,1996-07-30,1996-07-30,deployment,recovery_1_of_3,-0.0262538514,0.02612449315,SSO,True,1,2488,HWM_RESERVE,SSO,LAG1,50,staged,0.15,0.1,rule,0.4105988628
1996-08-28,1996-08-27,1996-08-27,deployment,recovery_2_of_3,-0.02635842968,0.02635754728,SSO,True,21,2508,HWM_RESERVE,SSO,LAG1,50,staged,0.15,0.1,rule,0.3772083894
1996-10-24,1996-10-23,1996-10-23,deployment,recovery_3_of_3,-0.03854899342,0.03854730835,SSO,True,61,2548,HWM_RESERVE,SSO,LAG1,50,staged,0.15,0.1,rule,0.4935869928
1998-09-24,1998-09-23,1998-09-23,deployment,recovery_1_of_3,-0.2233724693,0.2223136218,SSO,True,1,3031,HWM_RESERVE,SSO,LAG1,50,staged,0.15,0.1,rule,1.590260174
1998-10-23,1998-10-22,1998-10-22,deployment,recovery_1_of_3,-0.1479927163,0.1472787088,SSO,True,1,3052,HWM_RESERVE,SSO,LAG1,50,staged,0.15,0.1,rule,1.074644292
1998-10-27,1998-10-26,1998-10-26,deployment,recovery_1_of_3,-0.09775481181,0.09727761909,SSO,True,1,3054,HWM_RESERVE,SSO,LAG1,50,staged,0.15,0.1,rule,0.7262674111
1998-10-30,1998-10-29,1998-10-29,deployment,recovery_1_of_3,-0.06455726188,0.06423954544,SSO,True,1,3057,HWM_RESERVE,SSO,LAG1,50,staged,0.15,0.1,rule,0.4813570427
1998-11-30,1998-11-27,1998-11-27,deployment,recovery_2_of_3,-0.06478846826,0.06478632672,SSO,True,21,3077,HWM_RESERVE,SSO,LAG1,50,staged,0.15,0.1,rule,0.4041577294
1999-01-28,1999-01-27,1999-01-27,deployment,recovery_3_of_3,-0.08932645027,0.08932265442,SSO,True,61,3117,HWM_RESERVE,SSO,LAG1,50,staged,0.15,0.1,rule,0.5206010524
1999-10-07,1999-10-06,1999-10-06,deployment,recovery_1_of_3,-0.07217656801,0.07182042212,SSO,True,1,3292,HWM_RESERVE,SSO,LAG1,50,staged,0.15,0.1,rule,0.4100956688
1999-10-29,1999-10-28,1999-10-28,deployment,recovery_1_of_3,-0.04778756147,0.0475507614,SSO,True,1,3308,HWM_RESERVE,SSO,LAG1,50,staged,0.15,0.1,rule,0.2796090336
1999-11-29,1999-11-26,1999-11-26,deployment,recovery_2_of_3,-0.04798467878,0.04798370086,SSO,True,21,3328,HWM_RESERVE,SSO,LAG1,50,staged,0.15,0.1,rule,0.2545530969
2000-01-26,2000-01-25,2000-01-25,deployment,recovery_3_of_3,-0.04792897728,0.04792797954,SSO,True,61,3368,HWM_RESERVE,SSO,LAG1,50,staged,0.15,0.1,rule,0.2600485376
2014-10-22,2014-10-21,2014-10-21,deployment,recovery_1_of_3,-0.04256034964,0.04234894102,SSO,True,1,7076,HWM_RESERVE,SSO,LAG1,50,staged,0.15,0.1,rule,0.2064775164
2014-11-19,2014-11-18,2014-11-18,deployment,recovery_2_of_3,-0.04256101174,0.04256038597,SSO,True,21,7096,HWM_RESERVE,SSO,LAG1,50,staged,0.15,0.1,rule,0.1853600227
2015-01-20,2015-01-16,2015-01-16,deployment,recovery_3_of_3,-0.09360585836,0.09360273551,SSO,True,61,7136,HWM_RESERVE,SSO,LAG1,50,staged,0.15,0.1,rule,0.4221855986
2015-07-13,2015-07-10,2015-07-10,deployment,recovery_1_of_3,-0.02189228345,0.02178314923,SSO,True,1,7256,HWM_RESERVE,SSO,LAG1,50,staged,0.15,0.1,rule,0.09499308071
2015-08-10,2015-08-07,2015-08-07,deployment,recovery_2_of_3,-0.02189301331,0.02189284916,SSO,True,21,7276,HWM_RESERVE,SSO,LAG1,50,staged,0.15,0.1,rule,0.09531010674
2015-10-26,2015-10-23,2015-10-23,deployment,recovery_1_of_3,-0.007189269235,0.007153359091,SSO,True,1,7330,HWM_RESERVE,SSO,LAG1,50,staged,0.15,0.1,rule,0.0320071205
2015-11-19,2015-11-18,2015-11-18,deployment,recovery_1_of_3,-0.004745367029,0.004721656253,SSO,True,1,7348,HWM_RESERVE,SSO,LAG1,50,staged,0.15,0.1,rule,0.02150980718
2015-12-07,2015-12-04,2015-12-04,deployment,recovery_1_of_3,-0.003132269289,0.003116615093,SSO,True,1,7359,HWM_RESERVE,SSO,LAG1,50,staged,0.15,0.1,rule,0.01450890653
2015-12-17,2015-12-16,2015-12-16,deployment,recovery_1_of_3,-0.002067525622,0.00205719121,SSO,True,1,7367,HWM_RESERVE,SSO,LAG1,50,staged,0.15,0.1,rule,0.009887515028
2015-12-24,2015-12-23,2015-12-23,deployment,recovery_1_of_3,-0.001364663351,0.001357841477,SSO,True,1,7372,HWM_RESERVE,SSO,LAG1,50,staged,0.15,0.1,rule,0.00671880596
2015-12-30,2015-12-29,2015-12-29,deployment,recovery_1_of_3,-0.0009007332636,0.0008962302287,SSO,True,1,7375,HWM_RESERVE,SSO,LAG1,50,staged,0.15,0.1,rule,0.004455475878
2016-03-14,2016-03-11,2016-03-11,deployment,recovery_1_of_3,-0.0005948338977,0.0005918600174,SSO,True,1,7425,HWM_RESERVE,SSO,LAG1,50,staged,0.15,0.1,rule,0.003090427179
2016-03-17,2016-03-16,2016-03-16,deployment,recovery_1_of_3,-0.0003926185716,0.0003906556061,SSO,True,1,7428,HWM_RESERVE,SSO,LAG1,50,staged,0.15,0.1,rule,0.002061575107
2016-04-15,2016-04-14,2016-04-14,deployment,recovery_2_of_3,-0.0003926998837,0.0003926998231,SSO,True,21,7448,HWM_RESERVE,SSO,LAG1,50,staged,0.15,0.1,rule,0.001962104509
2016-06-13,2016-06-10,2016-06-10,deployment,recovery_3_of_3,-0.0003889334816,0.0003889334231,SSO,True,61,7488,HWM_RESERVE,SSO,LAG1,50,staged,0.15,0.1,rule,0.001913252051
2018-04-04,2018-04-03,2018-04-03,deployment,recovery_1_of_3,-0.2719336704,0.2706120711,SSO,True,1,7943,HWM_RESERVE,SSO,LAG1,50,staged,0.15,0.1,rule,0.9288454631
2018-05-02,2018-05-01,2018-05-01,deployment,recovery_2_of_3,-0.272306838,0.272288186,SSO,True,21,7963,HWM_RESERVE,SSO,LAG1,50,staged,0.15,0.1,rule,0.9082426092
2018-06-28,2018-06-27,2018-06-27,deployment,recovery_3_of_3,-0.2704481323,0.2704303422,SSO,True,61,8003,HWM_RESERVE,SSO,LAG1,50,staged,0.15,0.1,rule,0.8718659237
2018-10-15,2018-10-12,2018-10-12,deployment,recovery_1_of_3,-0.01299319815,0.01292831195,SSO,True,1,8078,HWM_RESERVE,SSO,LAG1,50,staged,0.15,0.1,rule,0.04077032443
2018-10-17,2018-10-16,2018-10-16,deployment,recovery_1_of_3,-0.008577980626,0.008535125528,SSO,True,1,8080,HWM_RESERVE,SSO,LAG1,50,staged,0.15,0.1,rule,0.02693908422
2018-11-08,2018-11-07,2018-11-07,deployment,recovery_1_of_3,-0.005669604652,0.005641272194,SSO,True,1,8096,HWM_RESERVE,SSO,LAG1,50,staged,0.15,0.1,rule,0.01822777772
2018-12-04,2018-12-03,2018-12-03,deployment,recovery_1_of_3,-0.003748398616,0.003729663762,SSO,True,1,8113,HWM_RESERVE,SSO,LAG1,50,staged,0.15,0.1,rule,0.01264528625
2019-02-13,2019-02-12,2019-02-12,deployment,recovery_1_of_3,-0.002485667643,0.002473242628,SSO,True,1,8160,HWM_RESERVE,SSO,LAG1,50,staged,0.15,0.1,rule,0.008875342316
2019-03-12,2019-03-11,2019-03-11,deployment,recovery_1_of_3,-0.001643558299,0.001635341951,SSO,True,1,8178,HWM_RESERVE,SSO,LAG1,50,staged,0.15,0.1,rule,0.005830346348
2019-04-09,2019-04-08,2019-04-08,deployment,recovery_2_of_3,-0.001646640391,0.001646639718,SSO,True,21,8198,HWM_RESERVE,SSO,LAG1,50,staged,0.15,0.1,rule,0.005430164168
2019-06-05,2019-06-04,2019-06-04,deployment,recovery_1_of_3,-0.0005427114107,0.0005399980136,SSO,True,1,8237,HWM_RESERVE,SSO,LAG1,50,staged,0.15,0.1,rule,0.001957378861
2019-07-03,2019-07-02,2019-07-02,deployment,recovery_2_of_3,-0.0005436266344,0.0005436265626,SSO,True,21,8257,HWM_RESERVE,SSO,LAG1,50,staged,0.15,0.1,rule,0.001753163969
2019-08-29,2019-08-28,2019-08-28,deployment,recovery_3_of_3,-0.0005399282169,0.0005399281416,SSO,True,61,8297,HWM_RESERVE,SSO,LAG1,50,staged,0.15,0.1,rule,0.001853067015
2020-03-03,2020-03-02,2020-03-02,deployment,recovery_1_of_3,-0.07726587273,0.07688236252,SSO,True,1,8424,HWM_RESERVE,SSO,LAG1,50,staged,0.15,0.1,rule,0.2449348379
2020-03-05,2020-03-04,2020-03-04,deployment,recovery_1_of_3,-0.0510034979,0.05074974158,SSO,True,1,8426,HWM_RESERVE,SSO,LAG1,50,staged,0.15,0.1,rule,0.1660144965
2020-05-28,2020-05-27,2020-05-27,deployment,recovery_1_of_3,-0.03367742417,0.03350962727,SSO,True,1,8484,HWM_RESERVE,SSO,LAG1,50,staged,0.15,0.1,rule,0.1177027072
2020-06-15,2020-06-12,2020-06-12,deployment,recovery_1_of_3,-0.02222998052,0.0221190938,SSO,True,1,8496,HWM_RESERVE,SSO,LAG1,50,staged,0.15,0.1,rule,0.07951381896
2020-06-30,2020-06-29,2020-06-29,deployment,recovery_1_of_3,-0.01467359549,0.01460034432,SSO,True,1,8507,HWM_RESERVE,SSO,LAG1,50,staged,0.15,0.1,rule,0.05346307506
2020-07-29,2020-07-28,2020-07-28,deployment,recovery_2_of_3,-0.01467514905,0.01467509617,SSO,True,21,8527,HWM_RESERVE,SSO,LAG1,50,staged,0.15,0.1,rule,0.04839641385
2020-09-24,2020-09-23,2020-09-23,deployment,recovery_3_of_3,-0.01453099708,0.01453094573,SSO,True,61,8567,HWM_RESERVE,SSO,LAG1,50,staged,0.15,0.1,rule,0.04745616895
2022-02-01,2022-01-31,2022-01-31,deployment,recovery_1_of_3,-0.5905354186,0.5876737581,SSO,True,1,8908,HWM_RESERVE,SSO,LAG1,50,staged,0.15,0.1,rule,1.085178804
2022-02-16,2022-02-15,2022-02-15,deployment,recovery_1_of_3,-0.3899335756,0.3880252609,SSO,True,1,8919,HWM_RESERVE,SSO,LAG1,50,staged,0.15,0.1,rule,0.7474628511
2022-03-23,2022-03-22,2022-03-22,deployment,recovery_1_of_3,-0.2575132158,0.2562440432,SSO,True,1,8943,HWM_RESERVE,SSO,LAG1,50,staged,0.15,0.1,rule,0.5035373154
2022-03-25,2022-03-24,2022-03-24,deployment,recovery_1_of_3,-0.1699924944,0.1691507107,SSO,True,1,8945,HWM_RESERVE,SSO,LAG1,50,staged,0.15,0.1,rule,0.339230067
2022-04-08,2022-04-07,2022-04-07,deployment,recovery_1_of_3,-0.1122333661,0.1116758492,SSO,True,1,8955,HWM_RESERVE,SSO,LAG1,50,staged,0.15,0.1,rule,0.229325568
2022-12-01,2022-11-30,2022-11-30,deployment,recovery_1_of_3,-0.07527006947,0.07489553148,SSO,True,1,9118,HWM_RESERVE,SSO,LAG1,50,staged,0.15,0.1,rule,0.16991359
2023-01-17,2023-01-13,2023-01-13,deployment,recovery_1_of_3,-0.04994693156,0.04969803473,SSO,True,1,9148,HWM_RESERVE,SSO,LAG1,50,staged,0.15,0.1,rule,0.1183991581
2023-01-23,2023-01-20,2023-01-20,deployment,recovery_1_of_3,-0.03299630697,0.03283170417,SSO,True,1,9152,HWM_RESERVE,SSO,LAG1,50,staged,0.15,0.1,rule,0.08102417719
2023-02-21,2023-02-17,2023-02-17,deployment,recovery_2_of_3,-0.0331158922,0.03311570979,SSO,True,21,9172,HWM_RESERVE,SSO,LAG1,50,staged,0.15,0.1,rule,0.07775512335
2023-03-17,2023-03-16,2023-03-16,deployment,recovery_1_of_3,-0.01091310027,0.01085857756,SSO,True,1,9190,HWM_RESERVE,SSO,LAG1,50,staged,0.15,0.1,rule,0.02767782939
2023-03-21,2023-03-20,2023-03-20,deployment,recovery_1_of_3,-0.007206457409,0.007170444225,SSO,True,1,9192,HWM_RESERVE,SSO,LAG1,50,staged,0.15,0.1,rule,0.01871230011
2023-04-19,2023-04-18,2023-04-18,deployment,recovery_2_of_3,-0.007234498004,0.007234489217,SSO,True,21,9212,HWM_RESERVE,SSO,LAG1,50,staged,0.15,0.1,rule,0.01714508165
2023-06-15,2023-06-14,2023-06-14,deployment,recovery_3_of_3,-0.007221087118,0.007221079159,SSO,True,61,9252,HWM_RESERVE,SSO,LAG1,50,staged,0.15,0.1,rule,0.01555826921
2025-03-25,2025-03-24,2025-03-24,deployment,recovery_1_of_3,-0.3959344983,0.3939876042,SSO,True,1,9696,HWM_RESERVE,SSO,LAG1,50,staged,0.15,0.1,rule,0.5992307482
2025-05-13,2025-05-12,2025-05-12,deployment,recovery_1_of_3,-0.2628854797,0.2615855787,SSO,True,1,9730,HWM_RESERVE,SSO,LAG1,50,staged,0.15,0.1,rule,0.3999726476
2025-06-11,2025-06-10,2025-06-10,deployment,recovery_2_of_3,-0.2637976915,0.2637907837,SSO,True,21,9750,HWM_RESERVE,SSO,LAG1,50,staged,0.15,0.1,rule,0.3788431444
2025-08-08,2025-08-07,2025-08-07,deployment,recovery_3_of_3,-0.2670191272,0.2670126545,SSO,True,61,9790,HWM_RESERVE,SSO,LAG1,50,staged,0.15,0.1,rule,0.3505800978
2026-04-09,2026-04-08,2026-04-08,deployment,recovery_1_of_3,-0.3192182215,0.3176392116,SSO,True,1,9957,HWM_RESERVE,SSO,LAG1,50,staged,0.15,0.1,rule,0.3932554193
2026-05-07,2026-05-06,2026-05-06,deployment,recovery_2_of_3,-0.3201225576,0.3201151953,SSO,True,21,9977,HWM_RESERVE,SSO,LAG1,50,staged,0.15,0.1,rule,0.3385766683
2026-07-07,2026-07-06,2026-07-06,deployment,recovery_3_of_3,-0.9890989564,0.989031367,SSO,True,61,10017,HWM_RESERVE,SSO,LAG1,50,staged,0.15,0.1,rule,1.012121711
1986-10-02,1986-10-01,1986-10-01,deployment,recovery_1_of_3,-0.03335790646,0.03320217975,SSO,True,1,3,ASYMMETRIC_RESERVE_BAND,SSO,LAG1,50,staged,0.2,0.1,rule,0.1105412641
1986-10-30,1986-10-29,1986-10-29,deployment,recovery_2_of_3,-0.03349413418,0.03348882861,SSO,True,21,23,ASYMMETRIC_RESERVE_BAND,SSO,LAG1,50,staged,0.2,0.1,rule,0.1052290763
1986-11-21,1986-11-20,1986-11-20,deployment,recovery_1_of_3,-0.03597368621,0.03580620868,SSO,True,1,39,ASYMMETRIC_RESERVE_BAND,SSO,LAG1,50,staged,0.2,0.1,rule,0.1235891952
1986-12-22,1986-12-19,1986-12-19,deployment,recovery_2_of_3,-0.03613401711,0.03612727803,SSO,True,21,59,ASYMMETRIC_RESERVE_BAND,SSO,LAG1,50,staged,0.2,0.1,rule,0.1346127376
1987-02-19,1987-02-18,1987-02-18,deployment,recovery_3_of_3,-0.1169074763,0.1168510118,SSO,True,61,99,ASYMMETRIC_RESERVE_BAND,SSO,LAG1,50,staged,0.2,0.1,rule,0.3716219521
1988-06-07,1988-06-06,1988-06-06,deployment,recovery_1_of_3,-0.04339259378,0.04319166897,SSO,True,1,427,ASYMMETRIC_RESERVE_BAND,SSO,LAG1,50,staged,0.2,0.1,rule,0.1599253753
1988-06-09,1988-06-08,1988-06-08,deployment,recovery_1_of_3,-0.02867168995,0.02853533543,SSO,True,1,429,ASYMMETRIC_RESERVE_BAND,SSO,LAG1,50,staged,0.2,0.1,rule,0.1056253358
1988-07-08,1988-07-07,1988-07-07,deployment,recovery_2_of_3,-0.02882414016,0.02882057699,SSO,True,21,449,ASYMMETRIC_RESERVE_BAND,SSO,LAG1,50,staged,0.2,0.1,rule,0.1069430396
1988-08-25,1988-08-24,1988-08-24,deployment,recovery_1_of_3,-0.009557912205,0.009510990654,SSO,True,1,483,ASYMMETRIC_RESERVE_BAND,SSO,LAG1,50,staged,0.2,0.1,rule,0.03939425727
1988-09-06,1988-09-02,1988-09-02,deployment,recovery_1_of_3,-0.006321272961,0.006290049347,SSO,True,1,490,ASYMMETRIC_RESERVE_BAND,SSO,LAG1,50,staged,0.2,0.1,rule,0.02626536199
1988-10-04,1988-10-03,1988-10-03,deployment,recovery_2_of_3,-0.006361502428,0.006361316814,SSO,True,21,510,ASYMMETRIC_RESERVE_BAND,SSO,LAG1,50,staged,0.2,0.1,rule,0.02530085893
1988-11-23,1988-11-22,1988-11-22,deployment,recovery_1_of_3,-0.002111301857,0.002100788463,SSO,True,1,546,ASYMMETRIC_RESERVE_BAND,SSO,LAG1,50,staged,0.2,0.1,rule,0.008857124855
1988-12-22,1988-12-21,1988-12-21,deployment,recovery_2_of_3,-0.002125276126,0.002125255667,SSO,True,21,566,ASYMMETRIC_RESERVE_BAND,SSO,LAG1,50,staged,0.2,0.1,rule,0.008348323083
1989-02-21,1989-02-17,1989-02-17,deployment,recovery_3_of_3,-0.002132996618,0.002132978509,SSO,True,61,606,ASYMMETRIC_RESERVE_BAND,SSO,LAG1,50,staged,0.2,0.1,rule,0.007360832469
1990-03-09,1990-03-08,1990-03-08,deployment,recovery_1_of_3,-0.05655213126,0.05629022779,SSO,True,1,871,ASYMMETRIC_RESERVE_BAND,SSO,LAG1,50,staged,0.2,0.1,rule,0.1797778534
1990-03-19,1990-03-16,1990-03-16,deployment,recovery_1_of_3,-0.03742074714,0.03724287124,SSO,True,1,877,ASYMMETRIC_RESERVE_BAND,SSO,LAG1,50,staged,0.2,0.1,rule,0.1202314987
1990-03-28,1990-03-27,1990-03-27,deployment,recovery_1_of_3,-0.02477166692,0.02465192194,SSO,True,1,884,ASYMMETRIC_RESERVE_BAND,SSO,LAG1,50,staged,0.2,0.1,rule,0.08100246176
1990-04-04,1990-04-03,1990-04-03,deployment,recovery_1_of_3,-0.01638059492,0.01630050549,SSO,True,1,889,ASYMMETRIC_RESERVE_BAND,SSO,LAG1,50,staged,0.2,0.1,rule,0.05400776266
1990-04-10,1990-04-09,1990-04-09,deployment,recovery_1_of_3,-0.01082818134,0.01077485224,SSO,True,1,893,ASYMMETRIC_RESERVE_BAND,SSO,LAG1,50,staged,0.2,0.1,rule,0.03658560149
1990-05-09,1990-05-08,1990-05-08,deployment,recovery_1_of_3,-0.00719370071,0.007158093854,SSO,True,1,913,ASYMMETRIC_RESERVE_BAND,SSO,LAG1,50,staged,0.2,0.1,rule,0.02453499947
1990-06-07,1990-06-06,1990-06-06,deployment,recovery_2_of_3,-0.00723938848,0.007239226423,SSO,True,21,933,ASYMMETRIC_RESERVE_BAND,SSO,LAG1,50,staged,0.2,0.1,rule,0.02182459876
1990-08-03,1990-08-02,1990-08-02,deployment,recovery_3_of_3,-0.00725681506,0.007256637815,SSO,True,61,973,ASYMMETRIC_RESERVE_BAND,SSO,LAG1,50,staged,0.2,0.1,rule,0.02382342288
1991-04-23,1991-04-22,1991-04-22,deployment,recovery_3_of_3,-0.1714035578,0.1713213342,SSO,True,61,1154,ASYMMETRIC_RESERVE_BAND,SSO,LAG1,50,staged,0.2,0.1,rule,0.5175572847
1991-12-16,1991-12-13,1991-12-13,deployment,recovery_1_of_3,-0.06395213848,0.06365528251,SSO,True,1,1319,ASYMMETRIC_RESERVE_BAND,SSO,LAG1,50,staged,0.2,0.1,rule,0.216464773
1992-01-15,1992-01-14,1992-01-14,deployment,recovery_2_of_3,-0.06417537497,0.06416554486,SSO,True,21,1339,ASYMMETRIC_RESERVE_BAND,SSO,LAG1,50,staged,0.2,0.1,rule,0.1830567625
1992-03-12,1992-03-11,1992-03-11,deployment,recovery_3_of_3,-0.210976948,0.2108629331,SSO,True,61,1379,ASYMMETRIC_RESERVE_BAND,SSO,LAG1,50,staged,0.2,0.1,rule,0.7021218966
1992-09-16,1992-09-15,1992-09-15,deployment,recovery_3_of_3,-0.2072353737,0.2071292903,SSO,True,61,1509,ASYMMETRIC_RESERVE_BAND,SSO,LAG1,50,staged,0.2,0.1,rule,0.7409295412
1993-01-15,1993-01-14,1993-01-14,deployment,recovery_3_of_3,-0.20705654,0.2069561019,SSO,True,61,1593,ASYMMETRIC_RESERVE_BAND,SSO,LAG1,50,staged,0.2,0.1,rule,0.7775397213
1994-06-15,1994-06-14,1994-06-14,deployment,recovery_1_of_3,-0.07613380737,0.07577735398,SSO,True,1,1950,ASYMMETRIC_RESERVE_BAND,SSO,LAG1,50,staged,0.2,0.1,rule,0.2818087353
1994-08-02,1994-08-01,1994-08-01,deployment,recovery_1_of_3,-0.05057104024,0.05032900845,SSO,True,1,1983,ASYMMETRIC_RESERVE_BAND,SSO,LAG1,50,staged,0.2,0.1,rule,0.1897465716
1994-08-04,1994-08-03,1994-08-03,deployment,recovery_1_of_3,-0.03340017574,0.03323793936,SSO,True,1,1985,ASYMMETRIC_RESERVE_BAND,SSO,LAG1,50,staged,0.2,0.1,rule,0.1264665134
1994-08-15,1994-08-12,1994-08-12,deployment,recovery_1_of_3,-0.02207561931,0.02196735163,SSO,True,1,1992,ASYMMETRIC_RESERVE_BAND,SSO,LAG1,50,staged,0.2,0.1,rule,0.08476721379
1994-09-13,1994-09-12,1994-09-12,deployment,recovery_2_of_3,-0.02216312359,0.0221620732,SSO,True,21,2012,ASYMMETRIC_RESERVE_BAND,SSO,LAG1,50,staged,0.2,0.1,rule,0.08402498064
1994-09-28,1994-09-27,1994-09-27,deployment,recovery_1_of_3,-0.007293027829,0.007256796727,SSO,True,1,2023,ASYMMETRIC_RESERVE_BAND,SSO,LAG1,50,staged,0.2,0.1,rule,0.0284540236
1994-10-12,1994-10-11,1994-10-11,deployment,recovery_1_of_3,-0.004822909728,0.004798899374,SSO,True,1,2033,ASYMMETRIC_RESERVE_BAND,SSO,LAG1,50,staged,0.2,0.1,rule,0.01915719849
1994-11-09,1994-11-08,1994-11-08,deployment,recovery_2_of_3,-0.004841969383,0.004841916532,SSO,True,21,2053,ASYMMETRIC_RESERVE_BAND,SSO,LAG1,50,staged,0.2,0.1,rule,0.01935810351
1994-12-19,1994-12-16,1994-12-16,deployment,recovery_1_of_3,-0.001599242796,0.001591258516,SSO,True,1,2080,ASYMMETRIC_RESERVE_BAND,SSO,LAG1,50,staged,0.2,0.1,rule,0.006617721418
1994-12-22,1994-12-21,1994-12-21,deployment,recovery_1_of_3,-0.001056367349,0.001051090774,SSO,True,1,2083,ASYMMETRIC_RESERVE_BAND,SSO,LAG1,50,staged,0.2,0.1,rule,0.00441799859
1995-01-23,1995-01-20,1995-01-20,deployment,recovery_2_of_3,-0.00106137599,0.001061373374,SSO,True,21,2103,ASYMMETRIC_RESERVE_BAND,SSO,LAG1,50,staged,0.2,0.1,rule,0.004372036976
1995-03-21,1995-03-20,1995-03-20,deployment,recovery_3_of_3,-0.2418885278,0.2417687999,SSO,True,61,2143,ASYMMETRIC_RESERVE_BAND,SSO,LAG1,50,staged,0.2,0.1,rule,0.9738741393
1996-07-18,1996-07-17,1996-07-17,deployment,recovery_1_of_3,-0.08856203583,0.08814065926,SSO,True,1,2479,ASYMMETRIC_RESERVE_BAND,SSO,LAG1,50,staged,0.2,0.1,rule,0.256729613
1996-07-29,1996-07-26,1996-07-26,deployment,recovery_1_of_3,-0.05855741666,0.05827417856,SSO,True,1,2486,ASYMMETRIC_RESERVE_BAND,SSO,LAG1,50,staged,0.2,0.1,rule,0.1730771409
1996-07-31,1996-07-30,1996-07-30,deployment,recovery_1_of_3,-0.0386841283,0.03849495304,SSO,True,1,2488,ASYMMETRIC_RESERVE_BAND,SSO,LAG1,50,staged,0.2,0.1,rule,0.1165165202
1996-08-28,1996-08-27,1996-08-27,deployment,recovery_2_of_3,-0.03883822073,0.03883625926,SSO,True,21,2508,ASYMMETRIC_RESERVE_BAND,SSO,LAG1,50,staged,0.2,0.1,rule,0.1070372587
1996-10-24,1996-10-23,1996-10-23,deployment,recovery_3_of_3,-0.4167908148,0.4165883909,SSO,True,61,2548,ASYMMETRIC_RESERVE_BAND,SSO,LAG1,50,staged,0.2,0.1,rule,1.128676422
1998-09-24,1998-09-23,1998-09-23,deployment,recovery_1_of_3,-0.3207761165,0.3192982272,SSO,True,1,3031,ASYMMETRIC_RESERVE_BAND,SSO,LAG1,50,staged,0.2,0.1,rule,0.5173474885
1998-10-23,1998-10-22,1998-10-22,deployment,recovery_1_of_3,-0.2125842787,0.2115777212,SSO,True,1,3052,ASYMMETRIC_RESERVE_BAND,SSO,LAG1,50,staged,0.2,0.1,rule,0.3496060171
1998-10-27,1998-10-26,1998-10-26,deployment,recovery_1_of_3,-0.1404454938,0.1397684137,SSO,True,1,3054,ASYMMETRIC_RESERVE_BAND,SSO,LAG1,50,staged,0.2,0.1,rule,0.2362711632
1998-10-30,1998-10-29,1998-10-29,deployment,recovery_1_of_3,-0.09276154615,0.09230874911,SSO,True,1,3057,ASYMMETRIC_RESERVE_BAND,SSO,LAG1,50,staged,0.2,0.1,rule,0.1565962986
1998-11-30,1998-11-27,1998-11-27,deployment,recovery_2_of_3,-0.09309376379,0.09308910683,SSO,True,21,3077,ASYMMETRIC_RESERVE_BAND,SSO,LAG1,50,staged,0.2,0.1,rule,0.1314763145
1999-01-28,1999-01-27,1999-01-27,deployment,recovery_3_of_3,-1.051833035,1.051281047,SSO,True,61,3117,ASYMMETRIC_RESERVE_BAND,SSO,LAG1,50,staged,0.2,0.1,rule,1.525738959
1999-10-07,1999-10-06,1999-10-06,deployment,recovery_1_of_3,-0.3631612195,0.3614710076,SSO,True,1,3292,ASYMMETRIC_RESERVE_BAND,SSO,LAG1,50,staged,0.2,0.1,rule,0.5609302521
1999-10-29,1999-10-28,1999-10-28,deployment,recovery_1_of_3,-0.2405858286,0.2394395396,SSO,True,1,3308,ASYMMETRIC_RESERVE_BAND,SSO,LAG1,50,staged,0.2,0.1,rule,0.3824501881
1999-11-29,1999-11-26,1999-11-26,deployment,recovery_2_of_3,-0.241578213,0.2415522141,SSO,True,21,3328,ASYMMETRIC_RESERVE_BAND,SSO,LAG1,50,staged,0.2,0.1,rule,0.34811188
2000-01-26,2000-01-25,2000-01-25,deployment,recovery_3_of_3,-0.2413696731,0.2413431436,SSO,True,61,3368,ASYMMETRIC_RESERVE_BAND,SSO,LAG1,50,staged,0.2,0.1,rule,0.3557641102
2007-08-07,2007-08-06,2007-08-06,deployment,recovery_1_of_3,-0.2960094967,0.2946410703,SSO,True,1,5260,ASYMMETRIC_RESERVE_BAND,SSO,LAG1,50,staged,0.2,0.1,rule,0.6881205366
2007-08-23,2007-08-22,2007-08-22,deployment,recovery_1_of_3,-0.195887841,0.1949583294,SSO,True,1,5272,ASYMMETRIC_RESERVE_BAND,SSO,LAG1,50,staged,0.2,0.1,rule,0.4656387844
2007-08-30,2007-08-29,2007-08-29,deployment,recovery_1_of_3,-0.1294606217,0.1288358266,SSO,True,1,5277,ASYMMETRIC_RESERVE_BAND,SSO,LAG1,50,staged,0.2,0.1,rule,0.3180212675
2007-09-04,2007-08-31,2007-08-31,deployment,recovery_1_of_3,-0.08549442467,0.08507683806,SSO,True,1,5279,ASYMMETRIC_RESERVE_BAND,SSO,LAG1,50,staged,0.2,0.1,rule,0.2114856694
2007-09-12,2007-09-11,2007-09-11,deployment,recovery_1_of_3,-0.05651101896,0.05623289437,SSO,True,1,5285,ASYMMETRIC_RESERVE_BAND,SSO,LAG1,50,staged,0.2,0.1,rule,0.1434546925
2007-10-10,2007-10-09,2007-10-09,deployment,recovery_2_of_3,-0.05668061105,0.05667862108,SSO,True,21,5305,ASYMMETRIC_RESERVE_BAND,SSO,LAG1,50,staged,0.2,0.1,rule,0.1282580855
2007-12-06,2007-12-05,2007-12-05,deployment,recovery_1_of_3,-0.01871878779,0.01862568263,SSO,True,1,5345,ASYMMETRIC_RESERVE_BAND,SSO,LAG1,50,staged,0.2,0.1,rule,0.04773752197
2007-12-13,2007-12-12,2007-12-12,deployment,recovery_1_of_3,-0.01236262501,0.01230102837,SSO,True,1,5350,ASYMMETRIC_RESERVE_BAND,SSO,LAG1,50,staged,0.2,0.1,rule,0.03201552098
2007-12-26,2007-12-24,2007-12-24,deployment,recovery_1_of_3,-0.008167707792,0.008126965256,SSO,True,1,5358,ASYMMETRIC_RESERVE_BAND,SSO,LAG1,50,staged,0.2,0.1,rule,0.02149001455
2009-06-02,2009-06-01,2009-06-01,deployment,recovery_1_of_3,-0.0054748786,0.005447571757,SSO,True,1,5718,ASYMMETRIC_RESERVE_BAND,SSO,LAG1,50,staged,0.2,0.1,rule,0.02258880489
2009-06-25,2009-06-24,2009-06-24,deployment,recovery_1_of_3,-0.003614011623,0.003595974419,SSO,True,1,5735,ASYMMETRIC_RESERVE_BAND,SSO,LAG1,50,staged,0.2,0.1,rule,0.01664746374
2009-07-10,2009-07-09,2009-07-09,deployment,recovery_1_of_3,-0.002385534163,0.002373621595,SSO,True,1,5745,ASYMMETRIC_RESERVE_BAND,SSO,LAG1,50,staged,0.2,0.1,rule,0.01159504756
2009-07-14,2009-07-13,2009-07-13,deployment,recovery_1_of_3,-0.001574544368,0.001566678183,SSO,True,1,5747,ASYMMETRIC_RESERVE_BAND,SSO,LAG1,50,staged,0.2,0.1,rule,0.007602852318
2009-08-11,2009-08-10,2009-08-10,deployment,recovery_2_of_3,-0.001574767109,0.001574764475,SSO,True,21,5767,ASYMMETRIC_RESERVE_BAND,SSO,LAG1,50,staged,0.2,0.1,rule,0.006125082538
2009-10-07,2009-10-06,2009-10-06,deployment,recovery_3_of_3,-0.001559369154,0.001559366799,SSO,True,61,5807,ASYMMETRIC_RESERVE_BAND,SSO,LAG1,50,staged,0.2,0.1,rule,0.005530334115
2012-11-20,2012-11-19,2012-11-19,deployment,recovery_1_of_3,-0.2433685978,0.2422410346,SSO,True,1,6593,ASYMMETRIC_RESERVE_BAND,SSO,LAG1,50,staged,0.2,0.1,rule,0.7547820255
2012-12-19,2012-12-18,2012-12-18,deployment,recovery_2_of_3,-0.2433850971,0.243343723,SSO,True,21,6613,ASYMMETRIC_RESERVE_BAND,SSO,LAG1,50,staged,0.2,0.1,rule,0.6952478283
2013-02-19,2013-02-15,2013-02-15,deployment,recovery_3_of_3,-0.7401843599,0.7398357021,SSO,True,61,6653,ASYMMETRIC_RESERVE_BAND,SSO,LAG1,50,staged,0.2,0.1,rule,2.055208388
2014-10-22,2014-10-21,2014-10-21,deployment,recovery_1_of_3,-0.2644792144,0.2632144385,SSO,True,1,7076,ASYMMETRIC_RESERVE_BAND,SSO,LAG1,50,staged,0.2,0.1,rule,0.5085162947
2014-11-19,2014-11-18,2014-11-18,deployment,recovery_2_of_3,-0.2644833287,0.2644573488,SSO,True,21,7096,ASYMMETRIC_RESERVE_BAND,SSO,LAG1,50,staged,0.2,0.1,rule,0.4564228571
2015-01-20,2015-01-16,2015-01-16,deployment,recovery_3_of_3,-1.347020987,1.346327483,SSO,True,61,7136,ASYMMETRIC_RESERVE_BAND,SSO,LAG1,50,staged,0.2,0.1,rule,2.614932223
2015-07-13,2015-07-10,2015-07-10,deployment,recovery_1_of_3,-0.4681456257,0.465964992,SSO,True,1,7256,ASYMMETRIC_RESERVE_BAND,SSO,LAG1,50,staged,0.2,0.1,rule,0.9677454463
2015-08-10,2015-08-07,2015-08-07,deployment,recovery_2_of_3,-0.468161233,0.4680809333,SSO,True,21,7276,ASYMMETRIC_RESERVE_BAND,SSO,LAG1,50,staged,0.2,0.1,rule,0.9706561365
2015-10-26,2015-10-23,2015-10-23,deployment,recovery_1_of_3,-0.153838113,0.1530866459,SSO,True,1,7330,ASYMMETRIC_RESERVE_BAND,SSO,LAG1,50,staged,0.2,0.1,rule,0.3261819119
2015-11-19,2015-11-18,2015-11-18,deployment,recovery_1_of_3,-0.1015655542,0.1010655885,SSO,True,1,7348,ASYMMETRIC_RESERVE_BAND,SSO,LAG1,50,staged,0.2,0.1,rule,0.219204662
2015-12-07,2015-12-04,2015-12-04,deployment,recovery_1_of_3,-0.06705040087,0.06671864923,SSO,True,1,7359,ASYMMETRIC_RESERVE_BAND,SSO,LAG1,50,staged,0.2,0.1,rule,0.1478590637
2015-12-17,2015-12-16,2015-12-16,deployment,recovery_1_of_3,-0.04426264424,0.04404290537,SSO,True,1,7367,ASYMMETRIC_RESERVE_BAND,SSO,LAG1,50,staged,0.2,0.1,rule,0.100762846
2015-12-24,2015-12-23,2015-12-23,deployment,recovery_1_of_3,-0.02921743773,0.02907205662,SSO,True,1,7372,ASYMMETRIC_RESERVE_BAND,SSO,LAG1,50,staged,0.2,0.1,rule,0.06847079459
2015-12-30,2015-12-29,2015-12-29,deployment,recovery_1_of_3,-0.01928559337,0.01918947447,SSO,True,1,7375,ASYMMETRIC_RESERVE_BAND,SSO,LAG1,50,staged,0.2,0.1,rule,0.04540538535
2016-03-14,2016-03-11,2016-03-11,deployment,recovery_1_of_3,-0.01273638324,0.01267284288,SSO,True,1,7425,ASYMMETRIC_RESERVE_BAND,SSO,LAG1,50,staged,0.2,0.1,rule,0.0314942872
2016-03-17,2016-03-16,2016-03-16,deployment,recovery_1_of_3,-0.008406796883,0.008364825229,SSO,True,1,7428,ASYMMETRIC_RESERVE_BAND,SSO,LAG1,50,staged,0.2,0.1,rule,0.02100934102
2016-04-15,2016-04-14,2016-04-14,deployment,recovery_2_of_3,-0.008408537949,0.008408508279,SSO,True,21,7448,ASYMMETRIC_RESERVE_BAND,SSO,LAG1,50,staged,0.2,0.1,rule,0.01999550193
2016-06-13,2016-06-10,2016-06-10,deployment,recovery_3_of_3,-0.008327982467,0.008327953812,SSO,True,61,7488,ASYMMETRIC_RESERVE_BAND,SSO,LAG1,50,staged,0.2,0.1,rule,0.01949793339
2018-04-04,2018-04-03,2018-04-03,deployment,recovery_1_of_3,-0.4552865479,0.4531270364,SSO,True,1,7943,ASYMMETRIC_RESERVE_BAND,SSO,LAG1,50,staged,0.2,0.1,rule,0.7883704118
2018-05-02,2018-05-01,2018-05-01,deployment,recovery_2_of_3,-0.4559113259,0.455854011,SSO,True,21,7963,ASYMMETRIC_RESERVE_BAND,SSO,LAG1,50,staged,0.2,0.1,rule,0.7707929759
2018-06-28,2018-06-27,2018-06-27,deployment,recovery_3_of_3,-0.4528802854,0.4528255773,SSO,True,61,8003,ASYMMETRIC_RESERVE_BAND,SSO,LAG1,50,staged,0.2,0.1,rule,0.7400959488
2018-10-15,2018-10-12,2018-10-12,deployment,recovery_1_of_3,-0.7261119054,0.7227511812,SSO,True,1,8078,ASYMMETRIC_RESERVE_BAND,SSO,LAG1,50,staged,0.2,0.1,rule,1.281208027
2018-10-17,2018-10-16,2018-10-16,deployment,recovery_1_of_3,-0.4797261204,0.4774453626,SSO,True,1,8080,ASYMMETRIC_RESERVE_BAND,SSO,LAG1,50,staged,0.2,0.1,rule,0.8465611059
2018-11-08,2018-11-07,2018-11-07,deployment,recovery_1_of_3,-0.3172306283,0.3156971772,SSO,True,1,8096,ASYMMETRIC_RESERVE_BAND,SSO,LAG1,50,staged,0.2,0.1,rule,0.5728081749
2018-12-04,2018-12-03,2018-12-03,deployment,recovery_1_of_3,-0.2098046975,0.2087798218,SSO,True,1,8113,ASYMMETRIC_RESERVE_BAND,SSO,LAG1,50,staged,0.2,0.1,rule,0.3973783008
2019-02-13,2019-02-12,2019-02-12,deployment,recovery_1_of_3,-0.1391600703,0.138475498,SSO,True,1,8160,ASYMMETRIC_RESERVE_BAND,SSO,LAG1,50,staged,0.2,0.1,rule,0.2789077589
2019-03-12,2019-03-11,2019-03-11,deployment,recovery_1_of_3,-0.09202924819,0.09157398092,SSO,True,1,8178,ASYMMETRIC_RESERVE_BAND,SSO,LAG1,50,staged,0.2,0.1,rule,0.1832187171
2019-04-09,2019-04-08,2019-04-08,deployment,recovery_2_of_3,-0.09220182656,0.0921995486,SSO,True,21,8198,ASYMMETRIC_RESERVE_BAND,SSO,LAG1,50,staged,0.2,0.1,rule,0.1706340453
2019-06-05,2019-06-04,2019-06-04,deployment,recovery_1_of_3,-0.03039181073,0.03024039281,SSO,True,1,8237,ASYMMETRIC_RESERVE_BAND,SSO,LAG1,50,staged,0.2,0.1,rule,0.06151391413
2019-07-03,2019-07-02,2019-07-02,deployment,recovery_2_of_3,-0.03044306321,0.03044282037,SSO,True,21,8257,ASYMMETRIC_RESERVE_BAND,SSO,LAG1,50,staged,0.2,0.1,rule,0.055095149
2019-08-29,2019-08-28,2019-08-28,deployment,recovery_3_of_3,-0.03023678441,0.03023652949,SSO,True,61,8297,ASYMMETRIC_RESERVE_BAND,SSO,LAG1,50,staged,0.2,0.1,rule,0.05823677457
2020-03-03,2020-03-02,2020-03-02,deployment,recovery_1_of_3,-0.70263695,0.6993738317,SSO,True,1,8424,ASYMMETRIC_RESERVE_BAND,SSO,LAG1,50,staged,0.2,0.1,rule,1.376146703
2020-03-05,2020-03-04,2020-03-04,deployment,recovery_1_of_3,-0.4641192999,0.4619105272,SSO,True,1,8426,ASYMMETRIC_RESERVE_BAND,SSO,LAG1,50,staged,0.2,0.1,rule,0.9327391068
2020-05-28,2020-05-27,2020-05-27,deployment,recovery_1_of_3,-0.3065940293,0.3051132726,SSO,True,1,8484,ASYMMETRIC_RESERVE_BAND,SSO,LAG1,50,staged,0.2,0.1,rule,0.661303201
2020-06-15,2020-06-12,2020-06-12,deployment,recovery_1_of_3,-0.2024412375,0.201452311,SSO,True,1,8496,ASYMMETRIC_RESERVE_BAND,SSO,LAG1,50,staged,0.2,0.1,rule,0.4467420017
2020-06-30,2020-06-29,2020-06-29,deployment,recovery_1_of_3,-0.1336557103,0.1329977639,SSO,True,1,8507,ASYMMETRIC_RESERVE_BAND,SSO,LAG1,50,staged,0.2,0.1,rule,0.3003779906
2020-07-29,2020-07-28,2020-07-28,deployment,recovery_2_of_3,-0.133669861,0.1336651772,SSO,True,21,8527,ASYMMETRIC_RESERVE_BAND,SSO,LAG1,50,staged,0.2,0.1,rule,0.2718924131
2020-09-24,2020-09-23,2020-09-23,deployment,recovery_3_of_3,-0.1323712203,0.1323666711,SSO,True,61,8567,ASYMMETRIC_RESERVE_BAND,SSO,LAG1,50,staged,0.2,0.1,rule,0.2666474394
2022-02-01,2022-01-31,2022-01-31,deployment,recovery_1_of_3,-0.7992053957,0.7953926764,SSO,True,1,8908,ASYMMETRIC_RESERVE_BAND,SSO,LAG1,50,staged,0.2,0.1,rule,0.9555470711
2022-02-16,2022-02-15,2022-02-15,deployment,recovery_1_of_3,-0.5278009062,0.5252451585,SSO,True,1,8919,ASYMMETRIC_RESERVE_BAND,SSO,LAG1,50,staged,0.2,0.1,rule,0.6581735058
2022-03-23,2022-03-22,2022-03-22,deployment,recovery_1_of_3,-0.3485981145,0.3468921556,SSO,True,1,8943,ASYMMETRIC_RESERVE_BAND,SSO,LAG1,50,staged,0.2,0.1,rule,0.443386477
2022-03-25,2022-03-24,2022-03-24,deployment,recovery_1_of_3,-0.230136765,0.2290025476,SSO,True,1,8945,ASYMMETRIC_RESERVE_BAND,SSO,LAG1,50,staged,0.2,0.1,rule,0.2987068082
2022-04-08,2022-04-07,2022-04-07,deployment,recovery_1_of_3,-0.1519493647,0.1511969662,SSO,True,1,8955,ASYMMETRIC_RESERVE_BAND,SSO,LAG1,50,staged,0.2,0.1,rule,0.2019311232
2022-12-01,2022-11-30,2022-11-30,deployment,recovery_1_of_3,-0.1019091267,0.1014032286,SSO,True,1,9118,ASYMMETRIC_RESERVE_BAND,SSO,LAG1,50,staged,0.2,0.1,rule,0.1496162961
2023-01-17,2023-01-13,2023-01-13,deployment,recovery_1_of_3,-0.06762542618,0.06728898514,SSO,True,1,9148,ASYMMETRIC_RESERVE_BAND,SSO,LAG1,50,staged,0.2,0.1,rule,0.1042556013
2023-01-23,2023-01-20,2023-01-20,deployment,recovery_1_of_3,-0.04467594963,0.04445333206,SSO,True,1,9152,ASYMMETRIC_RESERVE_BAND,SSO,LAG1,50,staged,0.2,0.1,rule,0.07134530724
2023-02-21,2023-02-17,2023-02-17,deployment,recovery_2_of_3,-0.04483786424,0.04483749714,SSO,True,21,9172,ASYMMETRIC_RESERVE_BAND,SSO,LAG1,50,staged,0.2,0.1,rule,0.06846637925
2023-03-17,2023-03-16,2023-03-16,deployment,recovery_1_of_3,-0.01477616044,0.01470236575,SSO,True,1,9190,ASYMMETRIC_RESERVE_BAND,SSO,LAG1,50,staged,0.2,0.1,rule,0.02437166904
2023-03-21,2023-03-20,2023-03-20,deployment,recovery_1_of_3,-0.009757464056,0.009708715181,SSO,True,1,9192,ASYMMETRIC_RESERVE_BAND,SSO,LAG1,50,staged,0.2,0.1,rule,0.01647708636
2023-04-19,2023-04-18,2023-04-18,deployment,recovery_2_of_3,-0.009795430713,0.009795413031,SSO,True,21,9212,ASYMMETRIC_RESERVE_BAND,SSO,LAG1,50,staged,0.2,0.1,rule,0.01509705506
2023-06-15,2023-06-14,2023-06-14,deployment,recovery_3_of_3,-0.009777292209,0.009777276193,SSO,True,61,9252,ASYMMETRIC_RESERVE_BAND,SSO,LAG1,50,staged,0.2,0.1,rule,0.01369982735
2025-03-25,2025-03-24,2025-03-24,deployment,recovery_1_of_3,-1.293103952,1.287027111,SSO,True,1,9696,ASYMMETRIC_RESERVE_BAND,SSO,LAG1,50,staged,0.2,0.1,rule,1.381453432
2025-05-13,2025-05-12,2025-05-12,deployment,recovery_1_of_3,-0.8589512953,0.854828857,SSO,True,1,9730,ASYMMETRIC_RESERVE_BAND,SSO,LAG1,50,staged,0.2,0.1,rule,0.9220881743
2025-06-11,2025-06-10,2025-06-10,deployment,recovery_2_of_3,-0.8619318537,0.8618497857,SSO,True,21,9750,ASYMMETRIC_RESERVE_BAND,SSO,LAG1,50,staged,0.2,0.1,rule,0.8732491172
2025-08-08,2025-08-07,2025-08-07,deployment,recovery_3_of_3,-4.991068197,4.988549737,SSO,True,61,9790,ASYMMETRIC_RESERVE_BAND,SSO,LAG1,50,staged,0.2,0.1,rule,5.050219479
2026-04-09,2026-04-08,2026-04-08,deployment,recovery_1_of_3,-1.73656622,1.728448439,SSO,True,1,9957,ASYMMETRIC_RESERVE_BAND,SSO,LAG1,50,staged,0.2,0.1,rule,1.804438958
2026-05-07,2026-05-06,2026-05-06,deployment,recovery_2_of_3,-1.741485862,1.741240468,SSO,True,21,9977,ASYMMETRIC_RESERVE_BAND,SSO,LAG1,50,staged,0.2,0.1,rule,1.548002858
2026-07-07,2026-07-06,2026-07-06,deployment,recovery_3_of_3,-6.268849613,6.265782972,SSO,True,61,10017,ASYMMETRIC_RESERVE_BAND,SSO,LAG1,50,staged,0.2,0.1,rule,5.790554385
1987-10-20,1987-10-19,1987-10-19,deployment,drawdown_20_30,-0.02949233709,0.02948789504,SP500_1X,False,0,268,HWM_DRAWDOWN,SSO,LAG1,50,drawdown,0.15,0.1,rule,1.628773512
2001-03-13,2001-03-12,2001-03-12,deployment,drawdown_20,-0.2259893732,0.2259523823,SP500_1X,False,0,3652,HWM_DRAWDOWN,SSO,LAG1,50,drawdown,0.15,0.1,rule,2.03859966
2001-09-18,2001-09-17,2001-09-17,deployment,drawdown_30,-0.2879368881,0.2878704205,SP500_1X,False,0,3779,HWM_DRAWDOWN,SSO,LAG1,50,drawdown,0.15,0.1,rule,2.931552542
2002-07-19,2002-07-18,2002-07-18,deployment,drawdown_40,-0.2923655753,0.2922806744,SP500_1X,False,0,3989,HWM_DRAWDOWN,SSO,LAG1,50,drawdown,0.15,0.1,rule,3.778743883
2008-07-15,2008-07-14,2008-07-14,deployment,drawdown_20,-0.05917217185,0.05916922825,SP500_1X,False,0,5496,HWM_DRAWDOWN,SSO,LAG1,50,drawdown,0.15,0.1,rule,0.6368784189
2008-10-07,2008-10-06,2008-10-06,deployment,drawdown_30,-0.07421194323,0.07420662306,SP500_1X,False,0,5555,HWM_DRAWDOWN,SSO,LAG1,50,drawdown,0.15,0.1,rule,0.9236488754
2008-10-10,2008-10-09,2008-10-09,deployment,drawdown_40,-0.07421611472,0.07420996877,SP500_1X,False,0,5558,HWM_DRAWDOWN,SSO,LAG1,50,drawdown,0.15,0.1,rule,1.072368449
2008-11-21,2008-11-20,2008-11-20,deployment,drawdown_50,-0.0890781278,0.08906749967,SP500_1X,False,0,5588,HWM_DRAWDOWN,SSO,LAG1,50,drawdown,0.15,0.1,rule,1.551358434
2020-03-13,2020-03-12,2020-03-12,deployment,drawdown_20,-0.2818625149,0.2818384074,SP500_1X,False,0,8432,HWM_DRAWDOWN,SSO,LAG1,50,drawdown,0.15,0.1,rule,1.216109555
2020-03-23,2020-03-20,2020-03-20,deployment,drawdown_30,-0.3523441071,0.3523037945,SP500_1X,False,0,8438,HWM_DRAWDOWN,SSO,LAG1,50,drawdown,0.15,0.1,rule,1.635202157
2022-06-14,2022-06-13,2022-06-13,deployment,drawdown_20,-0.4933451698,0.4933043338,SP500_1X,False,0,9000,HWM_DRAWDOWN,SSO,LAG1,50,drawdown,0.15,0.1,rule,1.22485303
1987-10-20,1987-10-19,1987-10-19,deployment,drawdown_20_30,-0.04702798764,0.04701659212,SP500_1X,False,0,268,BAND_DRAWDOWN,SSO,LAG1,50,drawdown,0.2,0.1,rule,2.310402832
2001-03-13,2001-03-12,2001-03-12,deployment,drawdown_20,-0.1663564761,0.1663357421,SP500_1X,False,0,3652,BAND_DRAWDOWN,SSO,LAG1,50,drawdown,0.2,0.1,rule,1.277167121
2001-09-18,2001-09-17,2001-09-17,deployment,drawdown_30,-0.2119576038,0.2119201769,SP500_1X,False,0,3779,BAND_DRAWDOWN,SSO,LAG1,50,drawdown,0.2,0.1,rule,1.836523557
2002-07-19,2002-07-18,2002-07-18,deployment,drawdown_40,-0.2152176722,0.2151695532,SP500_1X,False,0,3989,BAND_DRAWDOWN,SSO,LAG1,50,drawdown,0.2,0.1,rule,2.369261563
2008-07-15,2008-07-14,2008-07-14,deployment,drawdown_20,-0.1719374177,0.1719125798,SP500_1X,False,0,5496,BAND_DRAWDOWN,SSO,LAG1,50,drawdown,0.2,0.1,rule,1.699750927
2008-10-07,2008-10-06,2008-10-06,deployment,drawdown_30,-0.2156386944,0.2155943338,SP500_1X,False,0,5555,BAND_DRAWDOWN,SSO,LAG1,50,drawdown,0.2,0.1,rule,2.465339855
2008-10-10,2008-10-09,2008-10-09,deployment,drawdown_40,-0.2156508155,0.215600042,SP500_1X,False,0,5558,BAND_DRAWDOWN,SSO,LAG1,50,drawdown,0.2,0.1,rule,2.862675587
2008-11-21,2008-11-20,2008-11-20,deployment,drawdown_50,-0.2586670975,0.2585800492,SP500_1X,False,0,5588,BAND_DRAWDOWN,SSO,LAG1,50,drawdown,0.2,0.1,rule,4.13927018
2020-03-13,2020-03-12,2020-03-12,deployment,drawdown_20,-0.2795431168,0.279518601,SP500_1X,False,0,8432,BAND_DRAWDOWN,SSO,LAG1,50,drawdown,0.2,0.1,rule,1.182404396
2020-03-23,2020-03-20,2020-03-20,deployment,drawdown_30,-0.3494447281,0.349403738,SP500_1X,False,0,8438,BAND_DRAWDOWN,SSO,LAG1,50,drawdown,0.2,0.1,rule,1.589885061
2022-06-14,2022-06-13,2022-06-13,deployment,drawdown_20,-0.4909953636,0.4909527531,SP500_1X,False,0,9000,BAND_DRAWDOWN,SSO,LAG1,50,drawdown,0.2,0.1,rule,1.221571097
1986-11-24,1986-11-21,1986-11-20,deployment,recovery_1_of_3,-0.004117377732,0.004117377732,SSO,True,1,40,HWM_RESERVE,SSO,LAG2,0,staged,0.15,0.1,rule,0.6921614787
1986-12-23,1986-12-22,1986-12-19,deployment,recovery_2_of_3,-0.004137027777,0.004137027777,SSO,True,21,60,HWM_RESERVE,SSO,LAG2,0,staged,0.15,0.1,rule,0.7823692045
1987-02-20,1987-02-19,1987-02-18,deployment,recovery_3_of_3,-0.01377536251,0.01377536251,SSO,True,61,100,HWM_RESERVE,SSO,LAG2,0,staged,0.15,0.1,rule,2.057554071
1988-06-08,1988-06-07,1988-06-06,deployment,recovery_1_of_3,-0.0153202796,0.0153202796,SSO,True,1,428,HWM_RESERVE,SSO,LAG2,0,staged,0.15,0.1,rule,2.609064885
1988-06-10,1988-06-09,1988-06-08,deployment,recovery_1_of_3,-0.01021721712,0.01021721712,SSO,True,1,430,HWM_RESERVE,SSO,LAG2,0,staged,0.15,0.1,rule,1.668301734
1988-07-11,1988-07-08,1988-07-07,deployment,recovery_2_of_3,-0.01027159024,0.01027159024,SSO,True,21,450,HWM_RESERVE,SSO,LAG2,0,staged,0.15,0.1,rule,1.687817721
1988-08-26,1988-08-25,1988-08-24,deployment,recovery_1_of_3,-0.003455994241,0.003455994241,SSO,True,1,484,HWM_RESERVE,SSO,LAG2,0,staged,0.15,0.1,rule,0.6239451135
1988-09-07,1988-09-06,1988-09-02,deployment,recovery_1_of_3,-0.002309695807,0.002309695807,SSO,True,1,491,HWM_RESERVE,SSO,LAG2,0,staged,0.15,0.1,rule,0.3989894008
1988-10-05,1988-10-04,1988-10-03,deployment,recovery_2_of_3,-0.002322972446,0.002322972446,SSO,True,21,511,HWM_RESERVE,SSO,LAG2,0,staged,0.15,0.1,rule,0.387278939
1988-11-25,1988-11-23,1988-11-22,deployment,recovery_1_of_3,-0.0007825858099,0.0007825858099,SSO,True,1,547,HWM_RESERVE,SSO,LAG2,0,staged,0.15,0.1,rule,0.1348763874
1988-12-23,1988-12-22,1988-12-21,deployment,recovery_2_of_3,-0.0007877678628,0.0007877678628,SSO,True,21,567,HWM_RESERVE,SSO,LAG2,0,staged,0.15,0.1,rule,0.1286852664
1989-02-22,1989-02-21,1989-02-17,deployment,recovery_3_of_3,-0.0007991761234,0.0007991761234,SSO,True,61,607,HWM_RESERVE,SSO,LAG2,0,staged,0.15,0.1,rule,0.1149723305
1990-03-12,1990-03-09,1990-03-08,deployment,recovery_1_of_3,-0.00802035199,0.00802035199,SSO,True,1,872,HWM_RESERVE,SSO,LAG2,0,staged,0.15,0.1,rule,0.9611749052
1990-03-20,1990-03-19,1990-03-16,deployment,recovery_1_of_3,-0.005358977401,0.005358977401,SSO,True,1,878,HWM_RESERVE,SSO,LAG2,0,staged,0.15,0.1,rule,0.6307115668
1990-03-29,1990-03-28,1990-03-27,deployment,recovery_1_of_3,-0.003579864028,0.003579864028,SSO,True,1,885,HWM_RESERVE,SSO,LAG2,0,staged,0.15,0.1,rule,0.4331676626
1990-04-05,1990-04-04,1990-04-03,deployment,recovery_1_of_3,-0.002390276438,0.002390276438,SSO,True,1,890,HWM_RESERVE,SSO,LAG2,0,staged,0.15,0.1,rule,0.2928892119
1990-04-11,1990-04-10,1990-04-09,deployment,recovery_1_of_3,-0.001595623272,0.001595623272,SSO,True,1,894,HWM_RESERVE,SSO,LAG2,0,staged,0.15,0.1,rule,0.1955886557
1990-05-10,1990-05-09,1990-05-08,deployment,recovery_1_of_3,-0.001070569755,0.001070569755,SSO,True,1,914,HWM_RESERVE,SSO,LAG2,0,staged,0.15,0.1,rule,0.1323820504
1990-06-08,1990-06-07,1990-06-06,deployment,recovery_2_of_3,-0.001077366228,0.001077366228,SSO,True,21,934,HWM_RESERVE,SSO,LAG2,0,staged,0.15,0.1,rule,0.1189773383
1990-08-06,1990-08-03,1990-08-02,deployment,recovery_3_of_3,-0.001090773474,0.001090773474,SSO,True,61,974,HWM_RESERVE,SSO,LAG2,0,staged,0.15,0.1,rule,0.1349214466
1991-04-24,1991-04-23,1991-04-22,deployment,recovery_3_of_3,-0.01241942272,0.01241942272,SSO,True,61,1155,HWM_RESERVE,SSO,LAG2,0,staged,0.15,0.1,rule,1.257395661
1991-12-17,1991-12-16,1991-12-13,deployment,recovery_1_of_3,-0.001764792232,0.001764792232,SSO,True,1,1320,HWM_RESERVE,SSO,LAG2,0,staged,0.15,0.1,rule,0.1809123134
1992-01-16,1992-01-15,1992-01-14,deployment,recovery_2_of_3,-0.001770523438,0.001770523438,SSO,True,21,1340,HWM_RESERVE,SSO,LAG2,0,staged,0.15,0.1,rule,0.1532873713
1992-03-13,1992-03-12,1992-03-11,deployment,recovery_3_of_3,-0.02167684934,0.02167684934,SSO,True,61,1380,HWM_RESERVE,SSO,LAG2,0,staged,0.15,0.1,rule,2.036436115
1992-09-17,1992-09-16,1992-09-15,deployment,recovery_3_of_3,-0.003412143015,0.003412143015,SSO,True,61,1510,HWM_RESERVE,SSO,LAG2,0,staged,0.15,0.1,rule,0.2993220847
1993-01-18,1993-01-15,1993-01-14,deployment,recovery_3_of_3,-0.01371330722,0.01371330722,SSO,True,61,1594,HWM_RESERVE,SSO,LAG2,0,staged,0.15,0.1,rule,1.13462347
1994-06-16,1994-06-15,1994-06-14,deployment,recovery_1_of_3,-0.01631794804,0.01631794804,SSO,True,1,1951,HWM_RESERVE,SSO,LAG2,0,staged,0.15,0.1,rule,1.226100437
1994-08-03,1994-08-02,1994-08-01,deployment,recovery_1_of_3,-0.01094125607,0.01094125607,SSO,True,1,1984,HWM_RESERVE,SSO,LAG2,0,staged,0.15,0.1,rule,0.8174894244
1994-08-05,1994-08-04,1994-08-03,deployment,recovery_1_of_3,-0.00729594489,0.00729594489,SSO,True,1,1986,HWM_RESERVE,SSO,LAG2,0,staged,0.15,0.1,rule,0.5465199646
1994-08-16,1994-08-15,1994-08-12,deployment,recovery_1_of_3,-0.004870591304,0.004870591304,SSO,True,1,1993,HWM_RESERVE,SSO,LAG2,0,staged,0.15,0.1,rule,0.3632346368
1994-09-14,1994-09-13,1994-09-12,deployment,recovery_2_of_3,-0.004888723758,0.004888723758,SSO,True,21,2013,HWM_RESERVE,SSO,LAG2,0,staged,0.15,0.1,rule,0.3552089489
1994-09-29,1994-09-28,1994-09-27,deployment,recovery_1_of_3,-0.001632793275,0.001632793275,SSO,True,1,2024,HWM_RESERVE,SSO,LAG2,0,staged,0.15,0.1,rule,0.1210922254
1994-10-13,1994-10-12,1994-10-11,deployment,recovery_1_of_3,-0.001090586314,0.001090586314,SSO,True,1,2034,HWM_RESERVE,SSO,LAG2,0,staged,0.15,0.1,rule,0.08276828313
1994-11-10,1994-11-09,1994-11-08,deployment,recovery_2_of_3,-0.001094906811,0.001094906811,SSO,True,21,2054,HWM_RESERVE,SSO,LAG2,0,staged,0.15,0.1,rule,0.08317989048
1994-12-20,1994-12-19,1994-12-16,deployment,recovery_1_of_3,-0.0003672250442,0.0003672250442,SSO,True,1,2081,HWM_RESERVE,SSO,LAG2,0,staged,0.15,0.1,rule,0.02929580198
1994-12-23,1994-12-22,1994-12-21,deployment,recovery_1_of_3,-0.0002449301538,0.0002449301538,SSO,True,1,2084,HWM_RESERVE,SSO,LAG2,0,staged,0.15,0.1,rule,0.01950019047
1995-01-24,1995-01-23,1995-01-20,deployment,recovery_2_of_3,-0.0002461736314,0.0002461736314,SSO,True,21,2104,HWM_RESERVE,SSO,LAG2,0,staged,0.15,0.1,rule,0.01913191229
1995-03-22,1995-03-21,1995-03-20,deployment,recovery_3_of_3,-0.002004823163,0.002004823163,SSO,True,61,2144,HWM_RESERVE,SSO,LAG2,0,staged,0.15,0.1,rule,0.1383067853
1996-07-19,1996-07-18,1996-07-17,deployment,recovery_1_of_3,-0.07921024327,0.07921024327,SSO,True,1,2480,HWM_RESERVE,SSO,LAG2,0,staged,0.15,0.1,rule,3.670223961
1996-07-30,1996-07-29,1996-07-26,deployment,recovery_1_of_3,-0.05289102303,0.05289102303,SSO,True,1,2487,HWM_RESERVE,SSO,LAG2,0,staged,0.15,0.1,rule,2.570169625
1996-08-01,1996-07-31,1996-07-30,deployment,recovery_1_of_3,-0.03527101493,0.03527101493,SSO,True,1,2489,HWM_RESERVE,SSO,LAG2,0,staged,0.15,0.1,rule,1.677917591
1996-08-29,1996-08-28,1996-08-27,deployment,recovery_2_of_3,-0.0354113704,0.0354113704,SSO,True,21,2509,HWM_RESERVE,SSO,LAG2,0,staged,0.15,0.1,rule,1.564069754
1996-10-25,1996-10-24,1996-10-23,deployment,recovery_3_of_3,-0.06132715771,0.06132715771,SSO,True,61,2549,HWM_RESERVE,SSO,LAG2,0,staged,0.15,0.1,rule,2.452480557
1998-09-25,1998-09-24,1998-09-23,deployment,recovery_1_of_3,-0.2759953268,0.2759953268,SSO,True,1,3032,HWM_RESERVE,SSO,LAG2,0,staged,0.15,0.1,rule,6.2475889
1998-10-26,1998-10-23,1998-10-22,deployment,recovery_1_of_3,-0.1845977315,0.1845977315,SSO,True,1,3053,HWM_RESERVE,SSO,LAG2,0,staged,0.15,0.1,rule,4.058215717
1998-10-28,1998-10-27,1998-10-26,deployment,recovery_1_of_3,-0.1231190573,0.1231190573,SSO,True,1,3055,HWM_RESERVE,SSO,LAG2,0,staged,0.15,0.1,rule,2.717437609
1998-11-02,1998-10-30,1998-10-29,deployment,recovery_1_of_3,-0.08210785225,0.08210785225,SSO,True,1,3058,HWM_RESERVE,SSO,LAG2,0,staged,0.15,0.1,rule,1.752174952
1998-12-01,1998-11-30,1998-11-27,deployment,recovery_2_of_3,-0.08242298723,0.08242298723,SSO,True,21,3078,HWM_RESERVE,SSO,LAG2,0,staged,0.15,0.1,rule,1.575007093
1999-01-29,1999-01-28,1999-01-27,deployment,recovery_3_of_3,-0.1906331609,0.1906331609,SSO,True,61,3118,HWM_RESERVE,SSO,LAG2,0,staged,0.15,0.1,rule,3.143091964
1999-10-08,1999-10-07,1999-10-06,deployment,recovery_1_of_3,-0.09412312753,0.09412312753,SSO,True,1,3293,HWM_RESERVE,SSO,LAG2,0,staged,0.15,0.1,rule,1.572421865
1999-11-01,1999-10-29,1999-10-28,deployment,recovery_1_of_3,-0.06293802835,0.06293802835,SSO,True,1,3309,HWM_RESERVE,SSO,LAG2,0,staged,0.15,0.1,rule,1.045392811
1999-11-30,1999-11-29,1999-11-26,deployment,recovery_2_of_3,-0.06321624888,0.06321624888,SSO,True,21,3329,HWM_RESERVE,SSO,LAG2,0,staged,0.15,0.1,rule,0.9885583012
2000-01-27,2000-01-26,2000-01-25,deployment,recovery_3_of_3,-0.06375823486,0.06375823486,SSO,True,61,3369,HWM_RESERVE,SSO,LAG2,0,staged,0.15,0.1,rule,1.01548935
2007-08-08,2007-08-07,2007-08-06,deployment,recovery_1_of_3,-0.09798434123,0.09798434123,SSO,True,1,5261,HWM_RESERVE,SSO,LAG2,0,staged,0.15,0.1,rule,1.316524716
2007-08-24,2007-08-23,2007-08-22,deployment,recovery_1_of_3,-0.06544335444,0.06544335444,SSO,True,1,5273,HWM_RESERVE,SSO,LAG2,0,staged,0.15,0.1,rule,0.9197373546
2007-08-31,2007-08-30,2007-08-29,deployment,recovery_1_of_3,-0.0436642357,0.0436642357,SSO,True,1,5278,HWM_RESERVE,SSO,LAG2,0,staged,0.15,0.1,rule,0.6160727319
2007-09-05,2007-09-04,2007-08-31,deployment,recovery_1_of_3,-0.02912531962,0.02912531962,SSO,True,1,5280,HWM_RESERVE,SSO,LAG2,0,staged,0.15,0.1,rule,0.3978048027
2007-09-13,2007-09-12,2007-09-11,deployment,recovery_1_of_3,-0.01943460362,0.01943460362,SSO,True,1,5286,HWM_RESERVE,SSO,LAG2,0,staged,0.15,0.1,rule,0.275616742
2007-10-11,2007-10-10,2007-10-09,deployment,recovery_2_of_3,-0.01949290563,0.01949290563,SSO,True,21,5306,HWM_RESERVE,SSO,LAG2,0,staged,0.15,0.1,rule,0.2461685109
2007-12-07,2007-12-06,2007-12-05,deployment,recovery_1_of_3,-0.00653399787,0.00653399787,SSO,True,1,5346,HWM_RESERVE,SSO,LAG2,0,staged,0.15,0.1,rule,0.09090071597
2007-12-14,2007-12-13,2007-12-12,deployment,recovery_1_of_3,-0.004358535075,0.004358535075,SSO,True,1,5351,HWM_RESERVE,SSO,LAG2,0,staged,0.15,0.1,rule,0.06234635258
2007-12-27,2007-12-26,2007-12-24,deployment,recovery_1_of_3,-0.002908797979,0.002908797979,SSO,True,1,5359,HWM_RESERVE,SSO,LAG2,0,staged,0.15,0.1,rule,0.04258644228
2009-06-03,2009-06-02,2009-06-01,deployment,recovery_1_of_3,-0.001969035563,0.001969035563,SSO,True,1,5719,HWM_RESERVE,SSO,LAG2,0,staged,0.15,0.1,rule,0.0446694875
2009-06-26,2009-06-25,2009-06-24,deployment,recovery_1_of_3,-0.001312839952,0.001312839952,SSO,True,1,5736,HWM_RESERVE,SSO,LAG2,0,staged,0.15,0.1,rule,0.03228208505
2009-07-13,2009-07-10,2009-07-09,deployment,recovery_1_of_3,-0.0008752932827,0.0008752932827,SSO,True,1,5746,HWM_RESERVE,SSO,LAG2,0,staged,0.15,0.1,rule,0.02356939724
2009-07-15,2009-07-14,2009-07-13,deployment,recovery_1_of_3,-0.0005835405311,0.0005835405311,SSO,True,1,5748,HWM_RESERVE,SSO,LAG2,0,staged,0.15,0.1,rule,0.01488637846
2009-08-12,2009-08-11,2009-08-10,deployment,recovery_2_of_3,-0.0005836232431,0.0005836232431,SSO,True,21,5768,HWM_RESERVE,SSO,LAG2,0,staged,0.15,0.1,rule,0.01236568541
2009-10-08,2009-10-07,2009-10-06,deployment,recovery_3_of_3,-0.0005837484562,0.0005837484562,SSO,True,61,5808,HWM_RESERVE,SSO,LAG2,0,staged,0.15,0.1,rule,0.01092782599
2012-04-02,2012-03-30,2012-03-29,deployment,recovery_3_of_3,-0.05231411701,0.05231411701,SSO,True,61,6433,HWM_RESERVE,SSO,LAG2,0,staged,0.15,0.1,rule,0.6220867353
2012-06-08,2012-06-07,2012-06-06,deployment,recovery_1_of_3,-0.002810121138,0.002810121138,SSO,True,1,6480,HWM_RESERVE,SSO,LAG2,0,staged,0.15,0.1,rule,0.03938296555
2012-07-09,2012-07-06,2012-07-05,deployment,recovery_2_of_3,-0.002810330393,0.002810330393,SSO,True,21,6500,HWM_RESERVE,SSO,LAG2,0,staged,0.15,0.1,rule,0.03711176041
2012-09-04,2012-08-31,2012-08-30,deployment,recovery_3_of_3,-0.002810764576,0.002810764576,SSO,True,61,6540,HWM_RESERVE,SSO,LAG2,0,staged,0.15,0.1,rule,0.03435251277
2012-11-21,2012-11-20,2012-11-19,deployment,recovery_1_of_3,-0.02894524026,0.02894524026,SSO,True,1,6594,HWM_RESERVE,SSO,LAG2,0,staged,0.15,0.1,rule,0.3657547321
2012-12-20,2012-12-19,2012-12-18,deployment,recovery_2_of_3,-0.02894717848,0.02894717848,SSO,True,21,6614,HWM_RESERVE,SSO,LAG2,0,staged,0.15,0.1,rule,0.3409997183
2013-02-20,2013-02-19,2013-02-15,deployment,recovery_3_of_3,-0.1994140888,0.1994140888,SSO,True,61,6654,HWM_RESERVE,SSO,LAG2,0,staged,0.15,0.1,rule,2.076200679
2014-10-23,2014-10-22,2014-10-21,deployment,recovery_1_of_3,-0.5950131029,0.5950131029,SSO,True,1,7077,HWM_RESERVE,SSO,LAG2,0,staged,0.15,0.1,rule,4.15209884
2014-11-20,2014-11-19,2014-11-18,deployment,recovery_2_of_3,-0.5950223593,0.5950223593,SSO,True,21,7097,HWM_RESERVE,SSO,LAG2,0,staged,0.15,0.1,rule,3.668512377
2015-01-21,2015-01-20,2015-01-16,deployment,recovery_3_of_3,-0.7814139118,0.7814139118,SSO,True,61,7137,HWM_RESERVE,SSO,LAG2,0,staged,0.15,0.1,rule,4.961311111
2015-07-14,2015-07-13,2015-07-10,deployment,recovery_1_of_3,-0.06477303969,0.06477303969,SSO,True,1,7257,HWM_RESERVE,SSO,LAG2,0,staged,0.15,0.1,rule,0.3896498943
2015-08-11,2015-08-10,2015-08-07,deployment,recovery_2_of_3,-0.06477546908,0.06477546908,SSO,True,21,7277,HWM_RESERVE,SSO,LAG2,0,staged,0.15,0.1,rule,0.3877316171
2015-10-27,2015-10-26,2015-10-23,deployment,recovery_1_of_3,-0.02159317279,0.02159317279,SSO,True,1,7331,HWM_RESERVE,SSO,LAG2,0,staged,0.15,0.1,rule,0.1397144551
2015-11-20,2015-11-19,2015-11-18,deployment,recovery_1_of_3,-0.01439633652,0.01439633652,SSO,True,1,7349,HWM_RESERVE,SSO,LAG2,0,staged,0.15,0.1,rule,0.09470070575
2015-12-08,2015-12-07,2015-12-04,deployment,recovery_1_of_3,-0.009598395222,0.009598395222,SSO,True,1,7360,HWM_RESERVE,SSO,LAG2,0,staged,0.15,0.1,rule,0.06291870985
2015-12-18,2015-12-17,2015-12-16,deployment,recovery_1_of_3,-0.006399374815,0.006399374815,SSO,True,1,7368,HWM_RESERVE,SSO,LAG2,0,staged,0.15,0.1,rule,0.04325445092
2015-12-28,2015-12-24,2015-12-23,deployment,recovery_1_of_3,-0.004266421806,0.004266421806,SSO,True,1,7373,HWM_RESERVE,SSO,LAG2,0,staged,0.15,0.1,rule,0.0290901004
2015-12-31,2015-12-30,2015-12-29,deployment,recovery_1_of_3,-0.002844380808,0.002844380808,SSO,True,1,7376,HWM_RESERVE,SSO,LAG2,0,staged,0.15,0.1,rule,0.01941196167
2016-03-15,2016-03-14,2016-03-11,deployment,recovery_1_of_3,-0.001897357981,0.001897357981,SSO,True,1,7426,HWM_RESERVE,SSO,LAG2,0,staged,0.15,0.1,rule,0.01349744135
2016-03-18,2016-03-17,2016-03-16,deployment,recovery_1_of_3,-0.001264940135,0.001264940135,SSO,True,1,7429,HWM_RESERVE,SSO,LAG2,0,staged,0.15,0.1,rule,0.008872450845
2016-04-18,2016-04-15,2016-04-14,deployment,recovery_2_of_3,-0.001265198939,0.001265198939,SSO,True,21,7449,HWM_RESERVE,SSO,LAG2,0,staged,0.15,0.1,rule,0.008529932784
2016-06-14,2016-06-13,2016-06-10,deployment,recovery_3_of_3,-0.001265739588,0.001265739588,SSO,True,61,7489,HWM_RESERVE,SSO,LAG2,0,staged,0.15,0.1,rule,0.008519175677
2018-04-05,2018-04-04,2018-04-03,deployment,recovery_1_of_3,-0.9240850609,0.9240850609,SSO,True,1,7944,HWM_RESERVE,SSO,LAG2,0,staged,0.15,0.1,rule,4.108758159
2018-05-03,2018-05-02,2018-05-01,deployment,recovery_2_of_3,-0.9253557525,0.9253557525,SSO,True,21,7964,HWM_RESERVE,SSO,LAG2,0,staged,0.15,0.1,rule,4.151016056
2018-06-29,2018-06-28,2018-06-27,deployment,recovery_3_of_3,-0.9281256321,0.9281256321,SSO,True,61,8004,HWM_RESERVE,SSO,LAG2,0,staged,0.15,0.1,rule,3.916434109
2018-10-16,2018-10-15,2018-10-12,deployment,recovery_1_of_3,-0.06758741185,0.06758741185,SSO,True,1,8079,HWM_RESERVE,SSO,LAG2,0,staged,0.15,0.1,rule,0.2777298382
2018-10-18,2018-10-17,2018-10-16,deployment,recovery_1_of_3,-0.04506397723,0.04506397723,SSO,True,1,8081,HWM_RESERVE,SSO,LAG2,0,staged,0.15,0.1,rule,0.1775885551
2018-11-09,2018-11-08,2018-11-07,deployment,recovery_1_of_3,-0.03008487474,0.03008487474,SSO,True,1,8097,HWM_RESERVE,SSO,LAG2,0,staged,0.15,0.1,rule,0.1208927254
2018-12-06,2018-12-04,2018-12-03,deployment,recovery_1_of_3,-0.02009059543,0.02009059543,SSO,True,1,8114,HWM_RESERVE,SSO,LAG2,0,staged,0.15,0.1,rule,0.08644915716
2019-02-14,2019-02-13,2019-02-12,deployment,recovery_1_of_3,-0.01345682811,0.01345682811,SSO,True,1,8161,HWM_RESERVE,SSO,LAG2,0,staged,0.15,0.1,rule,0.05665350619
2019-03-13,2019-03-12,2019-03-11,deployment,recovery_1_of_3,-0.008987477149,0.008987477149,SSO,True,1,8179,HWM_RESERVE,SSO,LAG2,0,staged,0.15,0.1,rule,0.03752438973
2019-04-10,2019-04-09,2019-04-08,deployment,recovery_2_of_3,-0.009004323371,0.009004323371,SSO,True,21,8199,HWM_RESERVE,SSO,LAG2,0,staged,0.15,0.1,rule,0.03517969101
2019-06-06,2019-06-05,2019-06-04,deployment,recovery_1_of_3,-0.003012737067,0.003012737067,SSO,True,1,8238,HWM_RESERVE,SSO,LAG2,0,staged,0.15,0.1,rule,0.01259479605
2019-07-05,2019-07-03,2019-07-02,deployment,recovery_2_of_3,-0.003017805003,0.003017805003,SSO,True,21,8258,HWM_RESERVE,SSO,LAG2,0,staged,0.15,0.1,rule,0.01136613029
2019-08-30,2019-08-29,2019-08-28,deployment,recovery_3_of_3,-0.003027531278,0.003027531278,SSO,True,61,8298,HWM_RESERVE,SSO,LAG2,0,staged,0.15,0.1,rule,0.01187677963
2020-03-04,2020-03-03,2020-03-02,deployment,recovery_1_of_3,-0.5970191954,0.5970191954,SSO,True,1,8425,HWM_RESERVE,SSO,LAG2,0,staged,0.15,0.1,rule,2.318629273
2020-03-06,2020-03-05,2020-03-04,deployment,recovery_1_of_3,-0.3980309672,0.3980309672,SSO,True,1,8427,HWM_RESERVE,SSO,LAG2,0,staged,0.15,0.1,rule,1.475202012
2020-05-29,2020-05-28,2020-05-27,deployment,recovery_1_of_3,-0.2654486204,0.2654486204,SSO,True,1,8485,HWM_RESERVE,SSO,LAG2,0,staged,0.15,0.1,rule,0.994530762
2020-06-16,2020-06-15,2020-06-12,deployment,recovery_1_of_3,-0.1769795169,0.1769795169,SSO,True,1,8497,HWM_RESERVE,SSO,LAG2,0,staged,0.15,0.1,rule,0.6550075075
2020-07-01,2020-06-30,2020-06-29,deployment,recovery_1_of_3,-0.1179939514,0.1179939514,SSO,True,1,8508,HWM_RESERVE,SSO,LAG2,0,staged,0.15,0.1,rule,0.4345853243
2020-07-30,2020-07-29,2020-07-28,deployment,recovery_2_of_3,-0.1180063455,0.1180063455,SSO,True,21,8528,HWM_RESERVE,SSO,LAG2,0,staged,0.15,0.1,rule,0.3937737556
2020-09-25,2020-09-24,2020-09-23,deployment,recovery_3_of_3,-0.95033522,0.95033522,SSO,True,61,8568,HWM_RESERVE,SSO,LAG2,0,staged,0.15,0.1,rule,3.227079286
2022-02-02,2022-02-01,2022-01-31,deployment,recovery_1_of_3,-2.551196243,2.551196243,SSO,True,1,8909,HWM_RESERVE,SSO,LAG2,0,staged,0.15,0.1,rule,4.858593828
2022-02-17,2022-02-16,2022-02-15,deployment,recovery_1_of_3,-1.701010281,1.701010281,SSO,True,1,8920,HWM_RESERVE,SSO,LAG2,0,staged,0.15,0.1,rule,3.402247084
2022-03-24,2022-03-23,2022-03-22,deployment,recovery_1_of_3,-1.134426608,1.134426608,SSO,True,1,8944,HWM_RESERVE,SSO,LAG2,0,staged,0.15,0.1,rule,2.34157966
2022-03-28,2022-03-25,2022-03-24,deployment,recovery_1_of_3,-0.7563054399,0.7563054399,SSO,True,1,8946,HWM_RESERVE,SSO,LAG2,0,staged,0.15,0.1,rule,1.509713283
2022-04-11,2022-04-08,2022-04-07,deployment,recovery_1_of_3,-0.5043164095,0.5043164095,SSO,True,1,8956,HWM_RESERVE,SSO,LAG2,0,staged,0.15,0.1,rule,1.029186564
2022-12-02,2022-12-01,2022-11-30,deployment,recovery_1_of_3,-0.3416431016,0.3416431016,SSO,True,1,9119,HWM_RESERVE,SSO,LAG2,0,staged,0.15,0.1,rule,0.7724846357
2023-01-18,2023-01-17,2023-01-13,deployment,recovery_1_of_3,-0.2290654473,0.2290654473,SSO,True,1,9149,HWM_RESERVE,SSO,LAG2,0,staged,0.15,0.1,rule,0.5467965208
2023-01-24,2023-01-23,2023-01-20,deployment,recovery_1_of_3,-0.152827749,0.152827749,SSO,True,1,9153,HWM_RESERVE,SSO,LAG2,0,staged,0.15,0.1,rule,0.3708834633
2023-02-22,2023-02-21,2023-02-17,deployment,recovery_2_of_3,-0.1534035943,0.1534035943,SSO,True,21,9173,HWM_RESERVE,SSO,LAG2,0,staged,0.15,0.1,rule,0.3778322068
2023-03-20,2023-03-17,2023-03-16,deployment,recovery_1_of_3,-0.05129853182,0.05129853182,SSO,True,1,9191,HWM_RESERVE,SSO,LAG2,0,staged,0.15,0.1,rule,0.1336882493
2023-03-22,2023-03-21,2023-03-20,deployment,recovery_1_of_3,-0.03421605842,0.03421605842,SSO,True,1,9193,HWM_RESERVE,SSO,LAG2,0,staged,0.15,0.1,rule,0.08651864392
2023-04-20,2023-04-19,2023-04-18,deployment,recovery_2_of_3,-0.03434957574,0.03434957574,SSO,True,21,9213,HWM_RESERVE,SSO,LAG2,0,staged,0.15,0.1,rule,0.08095144974
2023-06-16,2023-06-15,2023-06-14,deployment,recovery_3_of_3,-0.03463213856,0.03463213856,SSO,True,61,9253,HWM_RESERVE,SSO,LAG2,0,staged,0.15,0.1,rule,0.072399545
2025-03-26,2025-03-25,2025-03-24,deployment,recovery_1_of_3,-2.131278663,2.131278663,SSO,True,1,9697,HWM_RESERVE,SSO,LAG2,0,staged,0.15,0.1,rule,3.196099874
2025-05-14,2025-05-13,2025-05-12,deployment,recovery_1_of_3,-1.429110562,1.429110562,SSO,True,1,9731,HWM_RESERVE,SSO,LAG2,0,staged,0.15,0.1,rule,2.13182736
2025-06-12,2025-06-11,2025-06-10,deployment,recovery_2_of_3,-1.434067536,1.434067536,SSO,True,21,9751,HWM_RESERVE,SSO,LAG2,0,staged,0.15,0.1,rule,2.0496561
2025-08-11,2025-08-08,2025-08-07,deployment,recovery_3_of_3,-1.48478323,1.48478323,SSO,True,61,9791,HWM_RESERVE,SSO,LAG2,0,staged,0.15,0.1,rule,1.899682413
2026-04-10,2026-04-09,2026-04-08,deployment,recovery_1_of_3,-1.375056988,1.375056988,SSO,True,1,9958,HWM_RESERVE,SSO,LAG2,0,staged,0.15,0.1,rule,1.683822324
2026-05-08,2026-05-07,2026-05-06,deployment,recovery_2_of_3,-1.378952485,1.378952485,SSO,True,21,9978,HWM_RESERVE,SSO,LAG2,0,staged,0.15,0.1,rule,1.469938444
2026-07-08,2026-07-07,2026-07-06,deployment,recovery_3_of_3,-3.908539716,3.908539716,SSO,True,61,10018,HWM_RESERVE,SSO,LAG2,0,staged,0.15,0.1,rule,4.036218195
1986-10-03,1986-10-02,1986-10-01,deployment,recovery_1_of_3,-0.03336277949,0.03336277949,SSO,True,1,4,ASYMMETRIC_RESERVE_BAND,SSO,LAG2,0,staged,0.2,0.1,rule,0.4151943444
1986-10-31,1986-10-30,1986-10-29,deployment,recovery_2_of_3,-0.03349903666,0.03349903666,SSO,True,21,24,ASYMMETRIC_RESERVE_BAND,SSO,LAG2,0,staged,0.2,0.1,rule,0.3855376683
1986-11-24,1986-11-21,1986-11-20,deployment,recovery_1_of_3,-0.03684043028,0.03684043028,SSO,True,1,40,ASYMMETRIC_RESERVE_BAND,SSO,LAG2,0,staged,0.2,0.1,rule,0.4633930302
1986-12-23,1986-12-22,1986-12-19,deployment,recovery_2_of_3,-0.03701624998,0.03701624998,SSO,True,21,60,ASYMMETRIC_RESERVE_BAND,SSO,LAG2,0,staged,0.2,0.1,rule,0.5227458383
1987-02-20,1987-02-19,1987-02-18,deployment,recovery_3_of_3,-0.1185524667,0.1185524667,SSO,True,61,100,ASYMMETRIC_RESERVE_BAND,SSO,LAG2,0,staged,0.2,0.1,rule,1.414209711
1988-06-08,1988-06-07,1988-06-06,deployment,recovery_1_of_3,-0.045168871,0.045168871,SSO,True,1,428,ASYMMETRIC_RESERVE_BAND,SSO,LAG2,0,staged,0.2,0.1,rule,0.6621950918
1988-06-10,1988-06-09,1988-06-08,deployment,recovery_1_of_3,-0.03012348169,0.03012348169,SSO,True,1,430,ASYMMETRIC_RESERVE_BAND,SSO,LAG2,0,staged,0.2,0.1,rule,0.4234242031
1988-07-11,1988-07-08,1988-07-07,deployment,recovery_2_of_3,-0.0302837903,0.0302837903,SSO,True,21,450,ASYMMETRIC_RESERVE_BAND,SSO,LAG2,0,staged,0.2,0.1,rule,0.4283774683
1988-08-26,1988-08-25,1988-08-24,deployment,recovery_1_of_3,-0.01018932827,0.01018932827,SSO,True,1,484,ASYMMETRIC_RESERVE_BAND,SSO,LAG2,0,staged,0.2,0.1,rule,0.1583607192
1988-09-07,1988-09-06,1988-09-02,deployment,recovery_1_of_3,-0.006809689816,0.006809689816,SSO,True,1,491,ASYMMETRIC_RESERVE_BAND,SSO,LAG2,0,staged,0.2,0.1,rule,0.1012657157
1988-10-05,1988-10-04,1988-10-03,deployment,recovery_2_of_3,-0.006848833409,0.006848833409,SSO,True,21,511,ASYMMETRIC_RESERVE_BAND,SSO,LAG2,0,staged,0.2,0.1,rule,0.09829353574
1988-11-25,1988-11-23,1988-11-22,deployment,recovery_1_of_3,-0.002307302374,0.002307302374,SSO,True,1,547,ASYMMETRIC_RESERVE_BAND,SSO,LAG2,0,staged,0.2,0.1,rule,0.03423237275
1988-12-23,1988-12-22,1988-12-21,deployment,recovery_2_of_3,-0.002322580652,0.002322580652,SSO,True,21,567,ASYMMETRIC_RESERVE_BAND,SSO,LAG2,0,staged,0.2,0.1,rule,0.03266103203
1989-02-22,1989-02-21,1989-02-17,deployment,recovery_3_of_3,-0.002356215694,0.002356215694,SSO,True,61,607,ASYMMETRIC_RESERVE_BAND,SSO,LAG2,0,staged,0.2,0.1,rule,0.02918061309
1990-03-12,1990-03-09,1990-03-08,deployment,recovery_1_of_3,-0.06052327081,0.06052327081,SSO,True,1,872,ASYMMETRIC_RESERVE_BAND,SSO,LAG2,0,staged,0.2,0.1,rule,0.6847764273
1990-03-20,1990-03-19,1990-03-16,deployment,recovery_1_of_3,-0.04043997581,0.04043997581,SSO,True,1,878,ASYMMETRIC_RESERVE_BAND,SSO,LAG2,0,staged,0.2,0.1,rule,0.4493421655
1990-03-29,1990-03-28,1990-03-27,deployment,recovery_1_of_3,-0.02701441038,0.02701441038,SSO,True,1,885,ASYMMETRIC_RESERVE_BAND,SSO,LAG2,0,staged,0.2,0.1,rule,0.3086046076
1990-04-05,1990-04-04,1990-04-03,deployment,recovery_1_of_3,-0.01803753107,0.01803753107,SSO,True,1,890,ASYMMETRIC_RESERVE_BAND,SSO,LAG2,0,staged,0.2,0.1,rule,0.2086650692
1990-04-11,1990-04-10,1990-04-09,deployment,recovery_1_of_3,-0.01204091036,0.01204091036,SSO,True,1,894,ASYMMETRIC_RESERVE_BAND,SSO,LAG2,0,staged,0.2,0.1,rule,0.1393445669
1990-05-10,1990-05-09,1990-05-08,deployment,recovery_1_of_3,-0.008078745582,0.008078745582,SSO,True,1,914,ASYMMETRIC_RESERVE_BAND,SSO,LAG2,0,staged,0.2,0.1,rule,0.09431385174
1990-06-08,1990-06-07,1990-06-06,deployment,recovery_2_of_3,-0.008130033202,0.008130033202,SSO,True,21,934,ASYMMETRIC_RESERVE_BAND,SSO,LAG2,0,staged,0.2,0.1,rule,0.08476384079
1990-08-06,1990-08-03,1990-08-02,deployment,recovery_3_of_3,-0.008231207112,0.008231207112,SSO,True,61,974,ASYMMETRIC_RESERVE_BAND,SSO,LAG2,0,staged,0.2,0.1,rule,0.09612301122
1991-04-24,1991-04-23,1991-04-22,deployment,recovery_3_of_3,-0.1934145084,0.1934145084,SSO,True,61,1155,ASYMMETRIC_RESERVE_BAND,SSO,LAG2,0,staged,0.2,0.1,rule,2.041269964
1991-12-17,1991-12-16,1991-12-13,deployment,recovery_1_of_3,-0.06974166313,0.06974166313,SSO,True,1,1320,ASYMMETRIC_RESERVE_BAND,SSO,LAG2,0,staged,0.2,0.1,rule,0.8259494565
1992-01-16,1992-01-15,1992-01-14,deployment,recovery_2_of_3,-0.06996815091,0.06996815091,SSO,True,21,1340,ASYMMETRIC_RESERVE_BAND,SSO,LAG2,0,staged,0.2,0.1,rule,0.6936607222
1992-03-13,1992-03-12,1992-03-11,deployment,recovery_3_of_3,-0.07040177956,0.07040177956,SSO,True,61,1380,ASYMMETRIC_RESERVE_BAND,SSO,LAG2,0,staged,0.2,0.1,rule,0.7572347375
1992-09-17,1992-09-16,1992-09-15,deployment,recovery_3_of_3,-0.2326280881,0.2326280881,SSO,True,61,1510,ASYMMETRIC_RESERVE_BAND,SSO,LAG2,0,staged,0.2,0.1,rule,2.592102614
1993-01-18,1993-01-15,1993-01-14,deployment,recovery_3_of_3,-0.2367442331,0.2367442331,SSO,True,61,1594,ASYMMETRIC_RESERVE_BAND,SSO,LAG2,0,staged,0.2,0.1,rule,2.748713619
1994-06-16,1994-06-15,1994-06-14,deployment,recovery_1_of_3,-0.08663714166,0.08663714166,SSO,True,1,1951,ASYMMETRIC_RESERVE_BAND,SSO,LAG2,0,staged,0.2,0.1,rule,0.9970332001
1994-08-03,1994-08-02,1994-08-01,deployment,recovery_1_of_3,-0.05809058525,0.05809058525,SSO,True,1,1984,ASYMMETRIC_RESERVE_BAND,SSO,LAG2,0,staged,0.2,0.1,rule,0.6647612806
1994-08-05,1994-08-04,1994-08-03,deployment,recovery_1_of_3,-0.03873647651,0.03873647651,SSO,True,1,1986,ASYMMETRIC_RESERVE_BAND,SSO,LAG2,0,staged,0.2,0.1,rule,0.4444159162
1994-08-16,1994-08-15,1994-08-12,deployment,recovery_1_of_3,-0.02585950805,0.02585950805,SSO,True,1,1993,ASYMMETRIC_RESERVE_BAND,SSO,LAG2,0,staged,0.2,0.1,rule,0.2953730227
1994-09-14,1994-09-13,1994-09-12,deployment,recovery_2_of_3,-0.02595577898,0.02595577898,SSO,True,21,2013,ASYMMETRIC_RESERVE_BAND,SSO,LAG2,0,staged,0.2,0.1,rule,0.2888467407
1994-09-29,1994-09-28,1994-09-27,deployment,recovery_1_of_3,-0.008669015366,0.008669015366,SSO,True,1,2024,ASYMMETRIC_RESERVE_BAND,SSO,LAG2,0,staged,0.2,0.1,rule,0.09846906935
1994-10-13,1994-10-12,1994-10-11,deployment,recovery_1_of_3,-0.005790267303,0.005790267303,SSO,True,1,2034,ASYMMETRIC_RESERVE_BAND,SSO,LAG2,0,staged,0.2,0.1,rule,0.06730502958
1994-11-10,1994-11-09,1994-11-08,deployment,recovery_2_of_3,-0.005813206184,0.005813206184,SSO,True,21,2054,ASYMMETRIC_RESERVE_BAND,SSO,LAG2,0,staged,0.2,0.1,rule,0.06763973804
1994-12-20,1994-12-19,1994-12-16,deployment,recovery_1_of_3,-0.001949713781,0.001949713781,SSO,True,1,2081,ASYMMETRIC_RESERVE_BAND,SSO,LAG2,0,staged,0.2,0.1,rule,0.02382258933
1994-12-23,1994-12-22,1994-12-21,deployment,recovery_1_of_3,-0.00130041157,0.00130041157,SSO,True,1,2084,ASYMMETRIC_RESERVE_BAND,SSO,LAG2,0,staged,0.2,0.1,rule,0.01585705111
1995-01-24,1995-01-23,1995-01-20,deployment,recovery_2_of_3,-0.001307013586,0.001307013586,SSO,True,21,2104,ASYMMETRIC_RESERVE_BAND,SSO,LAG2,0,staged,0.2,0.1,rule,0.01555757682
1995-03-22,1995-03-21,1995-03-20,deployment,recovery_3_of_3,-0.2961977587,0.2961977587,SSO,True,61,2144,ASYMMETRIC_RESERVE_BAND,SSO,LAG2,0,staged,0.2,0.1,rule,3.473745013
1996-07-19,1996-07-18,1996-07-17,deployment,recovery_1_of_3,-0.1090931483,0.1090931483,SSO,True,1,2480,ASYMMETRIC_RESERVE_BAND,SSO,LAG2,0,staged,0.2,0.1,rule,0.9005780681
1996-07-30,1996-07-29,1996-07-26,deployment,recovery_1_of_3,-0.07284472287,0.07284472287,SSO,True,1,2487,ASYMMETRIC_RESERVE_BAND,SSO,LAG2,0,staged,0.2,0.1,rule,0.6306531753
1996-08-01,1996-07-31,1996-07-30,deployment,recovery_1_of_3,-0.0485773797,0.0485773797,SSO,True,1,2489,ASYMMETRIC_RESERVE_BAND,SSO,LAG2,0,staged,0.2,0.1,rule,0.4117175951
1996-08-29,1996-08-28,1996-08-27,deployment,recovery_2_of_3,-0.04877068575,0.04877068575,SSO,True,21,2509,ASYMMETRIC_RESERVE_BAND,SSO,LAG2,0,staged,0.2,0.1,rule,0.3837822792
1996-10-25,1996-10-24,1996-10-23,deployment,recovery_3_of_3,-0.5300724446,0.5300724446,SSO,True,61,2549,ASYMMETRIC_RESERVE_BAND,SSO,LAG2,0,staged,0.2,0.1,rule,4.137443879
1998-09-25,1998-09-24,1998-09-23,deployment,recovery_1_of_3,-0.4116914104,0.4116914104,SSO,True,1,3032,ASYMMETRIC_RESERVE_BAND,SSO,LAG2,0,staged,0.2,0.1,rule,1.946891572
1998-10-26,1998-10-23,1998-10-22,deployment,recovery_1_of_3,-0.2753572001,0.2753572001,SSO,True,1,3053,ASYMMETRIC_RESERVE_BAND,SSO,LAG2,0,staged,0.2,0.1,rule,1.264632821
1998-10-28,1998-10-27,1998-10-26,deployment,recovery_1_of_3,-0.1836518718,0.1836518718,SSO,True,1,3055,ASYMMETRIC_RESERVE_BAND,SSO,LAG2,0,staged,0.2,0.1,rule,0.8468157015
1998-11-02,1998-10-30,1998-10-29,deployment,recovery_1_of_3,-0.1224770647,0.1224770647,SSO,True,1,3058,ASYMMETRIC_RESERVE_BAND,SSO,LAG2,0,staged,0.2,0.1,rule,0.5460177838
1998-12-01,1998-11-30,1998-11-27,deployment,recovery_2_of_3,-0.1229471392,0.1229471392,SSO,True,21,3078,ASYMMETRIC_RESERVE_BAND,SSO,LAG2,0,staged,0.2,0.1,rule,0.4908082277
1999-01-29,1999-01-28,1999-01-27,deployment,recovery_3_of_3,-1.306279726,1.306279726,SSO,True,61,3118,ASYMMETRIC_RESERVE_BAND,SSO,LAG2,0,staged,0.2,0.1,rule,4.913771072
1999-10-08,1999-10-07,1999-10-06,deployment,recovery_1_of_3,-0.4726730957,0.4726730957,SSO,True,1,3293,ASYMMETRIC_RESERVE_BAND,SSO,LAG2,0,staged,0.2,0.1,rule,1.966734818
1999-11-01,1999-10-29,1999-10-28,deployment,recovery_1_of_3,-0.3160659179,0.3160659179,SSO,True,1,3309,ASYMMETRIC_RESERVE_BAND,SSO,LAG2,0,staged,0.2,0.1,rule,1.307543787
1999-11-30,1999-11-29,1999-11-26,deployment,recovery_2_of_3,-0.3174631023,0.3174631023,SSO,True,21,3329,ASYMMETRIC_RESERVE_BAND,SSO,LAG2,0,staged,0.2,0.1,rule,1.236457006
2000-01-27,2000-01-26,2000-01-25,deployment,recovery_3_of_3,-0.3201848795,0.3201848795,SSO,True,61,3369,ASYMMETRIC_RESERVE_BAND,SSO,LAG2,0,staged,0.2,0.1,rule,1.270141497
2007-08-08,2007-08-07,2007-08-06,deployment,recovery_1_of_3,-0.5760538445,0.5760538445,SSO,True,1,5261,ASYMMETRIC_RESERVE_BAND,SSO,LAG2,0,staged,0.2,0.1,rule,2.108677538
2007-08-24,2007-08-23,2007-08-22,deployment,recovery_1_of_3,-0.3847440871,0.3847440871,SSO,True,1,5273,ASYMMETRIC_RESERVE_BAND,SSO,LAG2,0,staged,0.2,0.1,rule,1.473143251
2007-08-31,2007-08-30,2007-08-29,deployment,recovery_1_of_3,-0.2567037807,0.2567037807,SSO,True,1,5278,ASYMMETRIC_RESERVE_BAND,SSO,LAG2,0,staged,0.2,0.1,rule,0.9867636479
2007-09-05,2007-09-04,2007-08-31,deployment,recovery_1_of_3,-0.171228914,0.171228914,SSO,True,1,5280,ASYMMETRIC_RESERVE_BAND,SSO,LAG2,0,staged,0.2,0.1,rule,0.6371639223
2007-09-13,2007-09-12,2007-09-11,deployment,recovery_1_of_3,-0.1142568087,0.1142568087,SSO,True,1,5286,ASYMMETRIC_RESERVE_BAND,SSO,LAG2,0,staged,0.2,0.1,rule,0.4414553146
2007-10-11,2007-10-10,2007-10-09,deployment,recovery_2_of_3,-0.1145995685,0.1145995685,SSO,True,21,5306,ASYMMETRIC_RESERVE_BAND,SSO,LAG2,0,staged,0.2,0.1,rule,0.3942880851
2007-12-07,2007-12-06,2007-12-05,deployment,recovery_1_of_3,-0.03841363371,0.03841363371,SSO,True,1,5346,ASYMMETRIC_RESERVE_BAND,SSO,LAG2,0,staged,0.2,0.1,rule,0.1455956699
2007-12-14,2007-12-13,2007-12-12,deployment,recovery_1_of_3,-0.0256240013,0.0256240013,SSO,True,1,5351,ASYMMETRIC_RESERVE_BAND,SSO,LAG2,0,staged,0.2,0.1,rule,0.09986014819
2007-12-27,2007-12-26,2007-12-24,deployment,recovery_1_of_3,-0.01710093917,0.01710093917,SSO,True,1,5359,ASYMMETRIC_RESERVE_BAND,SSO,LAG2,0,staged,0.2,0.1,rule,0.06821070136
2009-06-03,2009-06-02,2009-06-01,deployment,recovery_1_of_3,-0.0115760385,0.0115760385,SSO,True,1,5719,ASYMMETRIC_RESERVE_BAND,SSO,LAG2,0,staged,0.2,0.1,rule,0.07154711473
2009-06-26,2009-06-25,2009-06-24,deployment,recovery_1_of_3,-0.007718238367,0.007718238367,SSO,True,1,5736,ASYMMETRIC_RESERVE_BAND,SSO,LAG2,0,staged,0.2,0.1,rule,0.05170621317
2009-07-13,2009-07-10,2009-07-09,deployment,recovery_1_of_3,-0.005145884069,0.005145884069,SSO,True,1,5746,ASYMMETRIC_RESERVE_BAND,SSO,LAG2,0,staged,0.2,0.1,rule,0.03775110177
2009-07-15,2009-07-14,2009-07-13,deployment,recovery_1_of_3,-0.003430658023,0.003430658023,SSO,True,1,5748,ASYMMETRIC_RESERVE_BAND,SSO,LAG2,0,staged,0.2,0.1,rule,0.02384351125
2009-08-12,2009-08-11,2009-08-10,deployment,recovery_2_of_3,-0.00343114429,0.00343114429,SSO,True,21,5768,ASYMMETRIC_RESERVE_BAND,SSO,LAG2,0,staged,0.2,0.1,rule,0.01980611739
2009-10-08,2009-10-07,2009-10-06,deployment,recovery_3_of_3,-0.003431880423,0.003431880423,SSO,True,61,5808,ASYMMETRIC_RESERVE_BAND,SSO,LAG2,0,staged,0.2,0.1,rule,0.01750309806
2012-04-02,2012-03-30,2012-03-29,deployment,recovery_3_of_3,-1.952095218,1.952095218,SSO,True,61,6433,ASYMMETRIC_RESERVE_BAND,SSO,LAG2,0,staged,0.2,0.1,rule,7.008874072
2012-06-08,2012-06-07,2012-06-06,deployment,recovery_1_of_3,-0.6592238663,0.6592238663,SSO,True,1,6480,ASYMMETRIC_RESERVE_BAND,SSO,LAG2,0,staged,0.2,0.1,rule,3.098208746
2012-07-09,2012-07-06,2012-07-05,deployment,recovery_2_of_3,-0.6592729551,0.6592729551,SSO,True,21,6500,ASYMMETRIC_RESERVE_BAND,SSO,LAG2,0,staged,0.2,0.1,rule,2.919535872
2012-09-04,2012-08-31,2012-08-30,deployment,recovery_3_of_3,-0.6593748096,0.6593748096,SSO,True,61,6540,ASYMMETRIC_RESERVE_BAND,SSO,LAG2,0,staged,0.2,0.1,rule,2.702469305
2012-11-21,2012-11-20,2012-11-19,deployment,recovery_1_of_3,-0.6651290106,0.6651290106,SSO,True,1,6594,ASYMMETRIC_RESERVE_BAND,SSO,LAG2,0,staged,0.2,0.1,rule,3.118964382
2012-12-20,2012-12-19,2012-12-18,deployment,recovery_2_of_3,-0.6651735486,0.6651735486,SSO,True,21,6614,ASYMMETRIC_RESERVE_BAND,SSO,LAG2,0,staged,0.2,0.1,rule,2.907866618
2013-02-20,2013-02-19,2013-02-15,deployment,recovery_3_of_3,-2.087275232,2.087275232,SSO,True,61,6654,ASYMMETRIC_RESERVE_BAND,SSO,LAG2,0,staged,0.2,0.1,rule,8.609182962
2014-10-23,2014-10-22,2014-10-21,deployment,recovery_1_of_3,-0.7699689749,0.7699689749,SSO,True,1,7077,ASYMMETRIC_RESERVE_BAND,SSO,LAG2,0,staged,0.2,0.1,rule,2.231776143
2014-11-20,2014-11-19,2014-11-18,deployment,recovery_2_of_3,-0.769980953,0.769980953,SSO,True,21,7097,ASYMMETRIC_RESERVE_BAND,SSO,LAG2,0,staged,0.2,0.1,rule,2.102411522
2015-01-21,2015-01-20,2015-01-16,deployment,recovery_3_of_3,-3.100056019,3.100056019,SSO,True,61,7137,ASYMMETRIC_RESERVE_BAND,SSO,LAG2,0,staged,0.2,0.1,rule,8.683718277
2015-07-14,2015-07-13,2015-07-10,deployment,recovery_1_of_3,-1.373076036,1.373076036,SSO,True,1,7257,ASYMMETRIC_RESERVE_BAND,SSO,LAG2,0,staged,0.2,0.1,rule,4.031363783
2015-08-11,2015-08-10,2015-08-07,deployment,recovery_2_of_3,-1.373127534,1.373127534,SSO,True,21,7277,ASYMMETRIC_RESERVE_BAND,SSO,LAG2,0,staged,0.2,0.1,rule,4.01151706
2015-10-27,2015-10-26,2015-10-23,deployment,recovery_1_of_3,-0.4577377907,0.4577377907,SSO,True,1,7331,ASYMMETRIC_RESERVE_BAND,SSO,LAG2,0,staged,0.2,0.1,rule,1.445502238
2015-11-20,2015-11-19,2015-11-18,deployment,recovery_1_of_3,-0.305177351,0.305177351,SSO,True,1,7349,ASYMMETRIC_RESERVE_BAND,SSO,LAG2,0,staged,0.2,0.1,rule,0.9797846759
2015-12-08,2015-12-07,2015-12-04,deployment,recovery_1_of_3,-0.2034693218,0.2034693218,SSO,True,1,7360,ASYMMETRIC_RESERVE_BAND,SSO,LAG2,0,staged,0.2,0.1,rule,0.6509643962
2015-12-18,2015-12-17,2015-12-16,deployment,recovery_1_of_3,-0.1356556407,0.1356556407,SSO,True,1,7368,ASYMMETRIC_RESERVE_BAND,SSO,LAG2,0,staged,0.2,0.1,rule,0.4475156531
2015-12-28,2015-12-24,2015-12-23,deployment,recovery_1_of_3,-0.09044073841,0.09044073841,SSO,True,1,7373,ASYMMETRIC_RESERVE_BAND,SSO,LAG2,0,staged,0.2,0.1,rule,0.3009696112
2015-12-31,2015-12-30,2015-12-29,deployment,recovery_1_of_3,-0.06029593705,0.06029593705,SSO,True,1,7376,ASYMMETRIC_RESERVE_BAND,SSO,LAG2,0,staged,0.2,0.1,rule,0.2008384459
2016-03-15,2016-03-14,2016-03-11,deployment,recovery_1_of_3,-0.04022069656,0.04022069656,SSO,True,1,7426,ASYMMETRIC_RESERVE_BAND,SSO,LAG2,0,staged,0.2,0.1,rule,0.1396461208
2016-03-18,2016-03-17,2016-03-16,deployment,recovery_1_of_3,-0.02681453571,0.02681453571,SSO,True,1,7429,ASYMMETRIC_RESERVE_BAND,SSO,LAG2,0,staged,0.2,0.1,rule,0.09179542335
2016-04-18,2016-04-15,2016-04-14,deployment,recovery_2_of_3,-0.02682002191,0.02682002191,SSO,True,21,7449,ASYMMETRIC_RESERVE_BAND,SSO,LAG2,0,staged,0.2,0.1,rule,0.08825169107
2016-06-14,2016-06-13,2016-06-10,deployment,recovery_3_of_3,-0.02683148273,0.02683148273,SSO,True,61,7489,ASYMMETRIC_RESERVE_BAND,SSO,LAG2,0,staged,0.2,0.1,rule,0.08814039678
2018-04-05,2018-04-04,2018-04-03,deployment,recovery_1_of_3,-1.426230532,1.426230532,SSO,True,1,7944,ASYMMETRIC_RESERVE_BAND,SSO,LAG2,0,staged,0.2,0.1,rule,3.277195199
2018-05-03,2018-05-02,2018-05-01,deployment,recovery_2_of_3,-1.428191714,1.428191714,SSO,True,21,7964,ASYMMETRIC_RESERVE_BAND,SSO,LAG2,0,staged,0.2,0.1,rule,3.310900609
2018-06-29,2018-06-28,2018-06-27,deployment,recovery_3_of_3,-1.432466739,1.432466739,SSO,True,61,8004,ASYMMETRIC_RESERVE_BAND,SSO,LAG2,0,staged,0.2,0.1,rule,3.123795211
2018-10-16,2018-10-15,2018-10-12,deployment,recovery_1_of_3,-2.25592878,2.25592878,SSO,True,1,8079,ASYMMETRIC_RESERVE_BAND,SSO,LAG2,0,staged,0.2,0.1,rule,5.308407707
2018-10-18,2018-10-17,2018-10-16,deployment,recovery_1_of_3,-1.504142863,1.504142863,SSO,True,1,8081,ASYMMETRIC_RESERVE_BAND,SSO,LAG2,0,staged,0.2,0.1,rule,3.394350641
2018-11-09,2018-11-08,2018-11-07,deployment,recovery_1_of_3,-1.004171234,1.004171234,SSO,True,1,8097,ASYMMETRIC_RESERVE_BAND,SSO,LAG2,0,staged,0.2,0.1,rule,2.310691136
2018-12-06,2018-12-04,2018-12-03,deployment,recovery_1_of_3,-0.670582749,0.670582749,SSO,True,1,8114,ASYMMETRIC_RESERVE_BAND,SSO,LAG2,0,staged,0.2,0.1,rule,1.652351706
2019-02-14,2019-02-13,2019-02-12,deployment,recovery_1_of_3,-0.4491612415,0.4491612415,SSO,True,1,8161,ASYMMETRIC_RESERVE_BAND,SSO,LAG2,0,staged,0.2,0.1,rule,1.082850553
2019-03-13,2019-03-12,2019-03-11,deployment,recovery_1_of_3,-0.2999834999,0.2999834999,SSO,True,1,8179,ASYMMETRIC_RESERVE_BAND,SSO,LAG2,0,staged,0.2,0.1,rule,0.717224915
2019-04-10,2019-04-09,2019-04-08,deployment,recovery_2_of_3,-0.3005457921,0.3005457921,SSO,True,21,8199,ASYMMETRIC_RESERVE_BAND,SSO,LAG2,0,staged,0.2,0.1,rule,0.6724093604
2019-06-06,2019-06-05,2019-06-04,deployment,recovery_1_of_3,-0.100558966,0.100558966,SSO,True,1,8238,ASYMMETRIC_RESERVE_BAND,SSO,LAG2,0,staged,0.2,0.1,rule,0.2407314707
2019-07-05,2019-07-03,2019-07-02,deployment,recovery_2_of_3,-0.1007281234,0.1007281234,SSO,True,21,8258,ASYMMETRIC_RESERVE_BAND,SSO,LAG2,0,staged,0.2,0.1,rule,0.2172472861
2019-08-30,2019-08-29,2019-08-28,deployment,recovery_3_of_3,-0.1010527664,0.1010527664,SSO,True,61,8298,ASYMMETRIC_RESERVE_BAND,SSO,LAG2,0,staged,0.2,0.1,rule,0.2270076162
2020-03-04,2020-03-03,2020-03-02,deployment,recovery_1_of_3,-2.325818738,2.325818738,SSO,True,1,8425,ASYMMETRIC_RESERVE_BAND,SSO,LAG2,0,staged,0.2,0.1,rule,5.624998855
2020-03-06,2020-03-05,2020-03-04,deployment,recovery_1_of_3,-1.550616611,1.550616611,SSO,True,1,8427,ASYMMETRIC_RESERVE_BAND,SSO,LAG2,0,staged,0.2,0.1,rule,3.578842779
2020-05-29,2020-05-28,2020-05-27,deployment,recovery_1_of_3,-1.034113107,1.034113107,SSO,True,1,8485,ASYMMETRIC_RESERVE_BAND,SSO,LAG2,0,staged,0.2,0.1,rule,2.412733447
2020-06-16,2020-06-15,2020-06-12,deployment,recovery_1_of_3,-0.6894623821,0.6894623821,SSO,True,1,8497,ASYMMETRIC_RESERVE_BAND,SSO,LAG2,0,staged,0.2,0.1,rule,1.589049411
2020-07-01,2020-06-30,2020-06-29,deployment,recovery_1_of_3,-0.4596712219,0.4596712219,SSO,True,1,8508,ASYMMETRIC_RESERVE_BAND,SSO,LAG2,0,staged,0.2,0.1,rule,1.054304791
2020-07-30,2020-07-29,2020-07-28,deployment,recovery_2_of_3,-0.459719506,0.459719506,SSO,True,21,8528,ASYMMETRIC_RESERVE_BAND,SSO,LAG2,0,staged,0.2,0.1,rule,0.955295851
2020-09-25,2020-09-24,2020-09-23,deployment,recovery_3_of_3,-8.840050828,8.840050828,SSO,True,61,8568,ASYMMETRIC_RESERVE_BAND,SSO,LAG2,0,staged,0.2,0.1,rule,20.48294856
2022-02-02,2022-02-01,2022-01-31,deployment,recovery_1_of_3,-3.201029205,3.201029205,SSO,True,1,8909,ASYMMETRIC_RESERVE_BAND,SSO,LAG2,0,staged,0.2,0.1,rule,4.364308999
2022-02-17,2022-02-16,2022-02-15,deployment,recovery_1_of_3,-2.134286457,2.134286457,SSO,True,1,8920,ASYMMETRIC_RESERVE_BAND,SSO,LAG2,0,staged,0.2,0.1,rule,3.056122428
2022-03-24,2022-03-23,2022-03-22,deployment,recovery_1_of_3,-1.42338431,1.42338431,SSO,True,1,8944,ASYMMETRIC_RESERVE_BAND,SSO,LAG2,0,staged,0.2,0.1,rule,2.103361085
2022-03-28,2022-03-25,2022-03-24,deployment,recovery_1_of_3,-0.9489492657,0.9489492657,SSO,True,1,8946,ASYMMETRIC_RESERVE_BAND,SSO,LAG2,0,staged,0.2,0.1,rule,1.356123911
2022-04-11,2022-04-08,2022-04-07,deployment,recovery_1_of_3,-0.6327743544,0.6327743544,SSO,True,1,8956,ASYMMETRIC_RESERVE_BAND,SSO,LAG2,0,staged,0.2,0.1,rule,0.9244831613
2022-12-02,2022-12-01,2022-11-30,deployment,recovery_1_of_3,-0.4286653953,0.4286653953,SSO,True,1,9119,ASYMMETRIC_RESERVE_BAND,SSO,LAG2,0,staged,0.2,0.1,rule,0.6938965813
2023-01-18,2023-01-17,2023-01-13,deployment,recovery_1_of_3,-0.2874123026,0.2874123026,SSO,True,1,9149,ASYMMETRIC_RESERVE_BAND,SSO,LAG2,0,staged,0.2,0.1,rule,0.491168651
2023-01-24,2023-01-23,2023-01-20,deployment,recovery_1_of_3,-0.1917555693,0.1917555693,SSO,True,1,9153,ASYMMETRIC_RESERVE_BAND,SSO,LAG2,0,staged,0.2,0.1,rule,0.3331519559
2023-02-22,2023-02-21,2023-02-17,deployment,recovery_2_of_3,-0.1924780922,0.1924780922,SSO,True,21,9173,ASYMMETRIC_RESERVE_BAND,SSO,LAG2,0,staged,0.2,0.1,rule,0.3393937749
2023-03-20,2023-03-17,2023-03-16,deployment,recovery_1_of_3,-0.06436513813,0.06436513813,SSO,True,1,9191,ASYMMETRIC_RESERVE_BAND,SSO,LAG2,0,staged,0.2,0.1,rule,0.1200875913
2023-03-22,2023-03-21,2023-03-20,deployment,recovery_1_of_3,-0.04293146896,0.04293146896,SSO,True,1,9193,ASYMMETRIC_RESERVE_BAND,SSO,LAG2,0,staged,0.2,0.1,rule,0.07771674472
2023-04-20,2023-04-19,2023-04-18,deployment,recovery_2_of_3,-0.0430989954,0.0430989954,SSO,True,21,9213,ASYMMETRIC_RESERVE_BAND,SSO,LAG2,0,staged,0.2,0.1,rule,0.07271592422
2023-06-16,2023-06-15,2023-06-14,deployment,recovery_3_of_3,-0.04345353176,0.04345353176,SSO,True,61,9253,ASYMMETRIC_RESERVE_BAND,SSO,LAG2,0,staged,0.2,0.1,rule,0.06503404009
2025-03-26,2025-03-25,2025-03-24,deployment,recovery_1_of_3,-5.731100382,5.731100382,SSO,True,1,9697,ASYMMETRIC_RESERVE_BAND,SSO,LAG2,0,staged,0.2,0.1,rule,6.632476622
2025-05-14,2025-05-13,2025-05-12,deployment,recovery_1_of_3,-3.842940029,3.842940029,SSO,True,1,9731,ASYMMETRIC_RESERVE_BAND,SSO,LAG2,0,staged,0.2,0.1,rule,4.423921554
2025-06-12,2025-06-11,2025-06-10,deployment,recovery_2_of_3,-3.856269546,3.856269546,SSO,True,21,9751,ASYMMETRIC_RESERVE_BAND,SSO,LAG2,0,staged,0.2,0.1,rule,4.253401553
2025-08-11,2025-08-08,2025-08-07,deployment,recovery_3_of_3,-3.882927505,3.882927505,SSO,True,61,9791,ASYMMETRIC_RESERVE_BAND,SSO,LAG2,0,staged,0.2,0.1,rule,3.833192916
2026-04-10,2026-04-09,2026-04-08,deployment,recovery_1_of_3,-7.573332135,7.573332135,SSO,True,1,9958,ASYMMETRIC_RESERVE_BAND,SSO,LAG2,0,staged,0.2,0.1,rule,7.827799692
2026-05-08,2026-05-07,2026-05-06,deployment,recovery_2_of_3,-7.594787168,7.594787168,SSO,True,21,9978,ASYMMETRIC_RESERVE_BAND,SSO,LAG2,0,staged,0.2,0.1,rule,6.819094259
2026-07-08,2026-07-07,2026-07-06,deployment,recovery_3_of_3,-26.87156655,26.87156655,SSO,True,61,10018,ASYMMETRIC_RESERVE_BAND,SSO,LAG2,0,staged,0.2,0.1,rule,25.07242376
1987-10-21,1987-10-20,1987-10-19,deployment,drawdown_20_30,-0.02984988946,0.02984988946,SP500_1X,False,0,269,HWM_DRAWDOWN,SSO,LAG2,0,drawdown,0.15,0.1,rule,5.704575224
2001-03-14,2001-03-13,2001-03-12,deployment,drawdown_20,-0.3429079522,0.3429079522,SP500_1X,False,0,3653,HWM_DRAWDOWN,SSO,LAG2,0,drawdown,0.15,0.1,rule,7.538887023
2001-09-19,2001-09-18,2001-09-17,deployment,drawdown_30,-0.4368801201,0.4368801201,SP500_1X,False,0,3780,HWM_DRAWDOWN,SSO,LAG2,0,drawdown,0.15,0.1,rule,11.06593343
2002-07-22,2002-07-19,2002-07-18,deployment,drawdown_40,-0.4435890809,0.4435890809,SP500_1X,False,0,3990,HWM_DRAWDOWN,SSO,LAG2,0,drawdown,0.15,0.1,rule,13.9005232
2008-07-16,2008-07-15,2008-07-14,deployment,drawdown_20,-0.2104010321,0.2104010321,SP500_1X,False,0,5497,HWM_DRAWDOWN,SSO,LAG2,0,drawdown,0.15,0.1,rule,3.764406132
2008-10-08,2008-10-07,2008-10-06,deployment,drawdown_30,-0.2638715201,0.2638715201,SP500_1X,False,0,5556,HWM_DRAWDOWN,SSO,LAG2,0,drawdown,0.15,0.1,rule,5.728333143
2008-10-13,2008-10-10,2008-10-09,deployment,drawdown_40,-0.2638866464,0.2638866464,SP500_1X,False,0,5559,HWM_DRAWDOWN,SSO,LAG2,0,drawdown,0.15,0.1,rule,6.342577487
2008-11-24,2008-11-21,2008-11-20,deployment,drawdown_50,-0.3168358404,0.3168358404,SP500_1X,False,0,5589,HWM_DRAWDOWN,SSO,LAG2,0,drawdown,0.15,0.1,rule,8.529402716
2020-03-16,2020-03-13,2020-03-12,deployment,drawdown_20,-1.412457737,1.412457737,SP500_1X,False,0,8433,HWM_DRAWDOWN,SSO,LAG2,0,drawdown,0.15,0.1,rule,5.908877424
2020-03-24,2020-03-23,2020-03-20,deployment,drawdown_30,-1.765643326,1.765643326,SP500_1X,False,0,8439,HWM_DRAWDOWN,SSO,LAG2,0,drawdown,0.15,0.1,rule,8.947022545
2022-06-15,2022-06-14,2022-06-13,deployment,drawdown_20,-2.336042711,2.336042711,SP500_1X,False,0,9001,HWM_DRAWDOWN,SSO,LAG2,0,drawdown,0.15,0.1,rule,5.790534872
1987-10-21,1987-10-20,1987-10-19,deployment,drawdown_20_30,-0.04789836957,0.04789836957,SP500_1X,False,0,269,BAND_DRAWDOWN,SSO,LAG2,0,drawdown,0.2,0.1,rule,9.206431726
2001-03-14,2001-03-13,2001-03-12,deployment,drawdown_20,-0.2490244736,0.2490244736,SP500_1X,False,0,3653,BAND_DRAWDOWN,SSO,LAG2,0,drawdown,0.2,0.1,rule,5.165057512
2001-09-19,2001-09-18,2001-09-17,deployment,drawdown_30,-0.317268355,0.317268355,SP500_1X,False,0,3780,BAND_DRAWDOWN,SSO,LAG2,0,drawdown,0.2,0.1,rule,7.581514672
2002-07-22,2002-07-19,2002-07-18,deployment,drawdown_40,-0.3221404947,0.3221404947,SP500_1X,False,0,3990,BAND_DRAWDOWN,SSO,LAG2,0,drawdown,0.2,0.1,rule,9.523554543
2008-07-16,2008-07-15,2008-07-14,deployment,drawdown_20,-0.3410219186,0.3410219186,SP500_1X,False,0,5497,BAND_DRAWDOWN,SSO,LAG2,0,drawdown,0.2,0.1,rule,6.070973459
2008-10-08,2008-10-07,2008-10-06,deployment,drawdown_30,-0.4276878831,0.4276878831,SP500_1X,False,0,5556,BAND_DRAWDOWN,SSO,LAG2,0,drawdown,0.2,0.1,rule,9.238258905
2008-10-13,2008-10-10,2008-10-09,deployment,drawdown_40,-0.4277124002,0.4277124002,SP500_1X,False,0,5559,BAND_DRAWDOWN,SSO,LAG2,0,drawdown,0.2,0.1,rule,10.22886964
2008-11-24,2008-11-21,2008-11-20,deployment,drawdown_50,-0.5135334417,0.5135334417,SP500_1X,False,0,5589,BAND_DRAWDOWN,SSO,LAG2,0,drawdown,0.2,0.1,rule,13.75562989
2020-03-16,2020-03-13,2020-03-12,deployment,drawdown_20,-0.8599841203,0.8599841203,SP500_1X,False,0,8433,BAND_DRAWDOWN,SSO,LAG2,0,drawdown,0.2,0.1,rule,3.581199919
2020-03-24,2020-03-23,2020-03-20,deployment,drawdown_30,-1.075023473,1.075023473,SP500_1X,False,0,8439,BAND_DRAWDOWN,SSO,LAG2,0,drawdown,0.2,0.1,rule,5.422531916
2022-06-15,2022-06-14,2022-06-13,deployment,drawdown_20,-1.754048242,1.754048242,SP500_1X,False,0,9001,BAND_DRAWDOWN,SSO,LAG2,0,drawdown,0.2,0.1,rule,4.373059745
1986-11-24,1986-11-21,1986-11-20,deployment,recovery_1_of_3,-0.004075400752,0.004071356331,SSO,True,1,40,HWM_RESERVE,SSO,LAG2,10,staged,0.15,0.1,rule,0.543023176
1986-12-23,1986-12-22,1986-12-19,deployment,recovery_2_of_3,-0.004094850464,0.004094832913,SSO,True,21,60,HWM_RESERVE,SSO,LAG2,10,staged,0.15,0.1,rule,0.6142840198
1987-02-20,1987-02-19,1987-02-18,deployment,recovery_3_of_3,-0.01347058277,0.01347043346,SSO,True,61,100,HWM_RESERVE,SSO,LAG2,10,staged,0.15,0.1,rule,1.59604911
1988-06-08,1988-06-07,1988-06-06,deployment,recovery_1_of_3,-0.0152571672,0.01524232922,SSO,True,1,428,HWM_RESERVE,SSO,LAG2,10,staged,0.15,0.1,rule,2.063182319
1988-06-10,1988-06-09,1988-06-08,deployment,recovery_1_of_3,-0.01015533311,0.01014535639,SSO,True,1,430,HWM_RESERVE,SSO,LAG2,10,staged,0.15,0.1,rule,1.319250686
1988-07-11,1988-07-08,1988-07-07,deployment,recovery_2_of_3,-0.01020937691,0.01020928601,SSO,True,21,450,HWM_RESERVE,SSO,LAG2,10,staged,0.15,0.1,rule,1.335995932
1988-08-26,1988-08-25,1988-08-24,deployment,recovery_1_of_3,-0.003424887765,0.003421485357,SSO,True,1,484,HWM_RESERVE,SSO,LAG2,10,staged,0.15,0.1,rule,0.4929147674
1988-09-07,1988-09-06,1988-09-02,deployment,recovery_1_of_3,-0.00228436079,0.00228208602,SSO,True,1,491,HWM_RESERVE,SSO,LAG2,10,staged,0.15,0.1,rule,0.3152004293
1988-10-05,1988-10-04,1988-10-03,deployment,recovery_2_of_3,-0.002297491798,0.002297487111,SSO,True,21,511,HWM_RESERVE,SSO,LAG2,10,staged,0.15,0.1,rule,0.3062541681
1988-11-25,1988-11-23,1988-11-22,deployment,recovery_1_of_3,-0.0007716877686,0.000770917175,SSO,True,1,547,HWM_RESERVE,SSO,LAG2,10,staged,0.15,0.1,rule,0.1064457309
1988-12-23,1988-12-22,1988-12-21,deployment,recovery_2_of_3,-0.0007767976579,0.0007767971319,SSO,True,21,567,HWM_RESERVE,SSO,LAG2,10,staged,0.15,0.1,rule,0.1016611562
1989-02-22,1989-02-21,1989-02-17,deployment,recovery_3_of_3,-0.0007864726587,0.0007864721839,SSO,True,61,607,HWM_RESERVE,SSO,LAG2,10,staged,0.15,0.1,rule,0.09064656028
1990-03-12,1990-03-09,1990-03-08,deployment,recovery_1_of_3,-0.00734791079,0.007340630979,SSO,True,1,872,HWM_RESERVE,SSO,LAG2,10,staged,0.15,0.1,rule,0.7055043609
1990-03-20,1990-03-19,1990-03-16,deployment,recovery_1_of_3,-0.004899947135,0.004895076991,SSO,True,1,878,HWM_RESERVE,SSO,LAG2,10,staged,0.15,0.1,rule,0.4629435896
1990-03-29,1990-03-28,1990-03-27,deployment,recovery_1_of_3,-0.003266723626,0.003263470547,SSO,True,1,885,HWM_RESERVE,SSO,LAG2,10,staged,0.15,0.1,rule,0.3179459569
1990-04-05,1990-04-04,1990-04-03,deployment,recovery_1_of_3,-0.002176850678,0.002174679974,SSO,True,1,890,HWM_RESERVE,SSO,LAG2,10,staged,0.15,0.1,rule,0.214981285
1990-04-11,1990-04-10,1990-04-09,deployment,recovery_1_of_3,-0.001450254797,0.001448807277,SSO,True,1,894,HWM_RESERVE,SSO,LAG2,10,staged,0.15,0.1,rule,0.1435624763
1990-05-10,1990-05-09,1990-05-08,deployment,recovery_1_of_3,-0.000971094641,0.0009701247857,SSO,True,1,914,HWM_RESERVE,SSO,LAG2,10,staged,0.15,0.1,rule,0.09716869776
1990-06-08,1990-06-07,1990-06-06,deployment,recovery_2_of_3,-0.0009772595997,0.0009772590386,SSO,True,21,934,HWM_RESERVE,SSO,LAG2,10,staged,0.15,0.1,rule,0.0874169168
1990-08-06,1990-08-03,1990-08-02,deployment,recovery_3_of_3,-0.0009874441887,0.0009874435471,SSO,True,61,974,HWM_RESERVE,SSO,LAG2,10,staged,0.15,0.1,rule,0.09893361474
1991-04-24,1991-04-23,1991-04-22,deployment,recovery_3_of_3,-0.009487559031,0.009487510767,SSO,True,61,1155,HWM_RESERVE,SSO,LAG2,10,staged,0.15,0.1,rule,0.7785175563
1991-12-17,1991-12-16,1991-12-13,deployment,recovery_1_of_3,-0.001711059924,0.001709352037,SSO,True,1,1320,HWM_RESERVE,SSO,LAG2,10,staged,0.15,0.1,rule,0.1423037813
1992-01-16,1992-01-15,1992-01-14,deployment,recovery_2_of_3,-0.001716616633,0.001716615294,SSO,True,21,1340,HWM_RESERVE,SSO,LAG2,10,staged,0.15,0.1,rule,0.1206721743
1992-03-13,1992-03-12,1992-03-11,deployment,recovery_3_of_3,-0.02064890083,0.02064869083,SSO,True,61,1380,HWM_RESERVE,SSO,LAG2,10,staged,0.15,0.1,rule,1.575074507
1992-09-17,1992-09-16,1992-09-15,deployment,recovery_3_of_3,-0.002412864086,0.002412861401,SSO,True,61,1510,HWM_RESERVE,SSO,LAG2,10,staged,0.15,0.1,rule,0.1724814664
1993-01-18,1993-01-15,1993-01-14,deployment,recovery_3_of_3,-0.01279349658,0.01279342567,SSO,True,61,1594,HWM_RESERVE,SSO,LAG2,10,staged,0.15,0.1,rule,0.8641350343
1994-06-16,1994-06-15,1994-06-14,deployment,recovery_1_of_3,-0.01573821982,0.01572267313,SSO,True,1,1951,HWM_RESERVE,SSO,LAG2,10,staged,0.15,0.1,rule,0.9663497069
1994-08-03,1994-08-02,1994-08-01,deployment,recovery_1_of_3,-0.01053170709,0.01052126083,SSO,True,1,1984,HWM_RESERVE,SSO,LAG2,10,staged,0.15,0.1,rule,0.6443033879
1994-08-05,1994-08-04,1994-08-03,deployment,recovery_1_of_3,-0.007008920804,0.007001949903,SSO,True,1,1986,HWM_RESERVE,SSO,LAG2,10,staged,0.15,0.1,rule,0.4307391071
1994-08-16,1994-08-15,1994-08-12,deployment,recovery_1_of_3,-0.004669678742,0.004665025899,SSO,True,1,1993,HWM_RESERVE,SSO,LAG2,10,staged,0.15,0.1,rule,0.2862829782
1994-09-14,1994-09-13,1994-09-12,deployment,recovery_2_of_3,-0.00468706323,0.004687054959,SSO,True,21,2013,HWM_RESERVE,SSO,LAG2,10,staged,0.15,0.1,rule,0.2802367676
1994-09-29,1994-09-28,1994-09-27,deployment,recovery_1_of_3,-0.001560758498,0.001559199614,SSO,True,1,2024,HWM_RESERVE,SSO,LAG2,10,staged,0.15,0.1,rule,0.09534351437
1994-10-13,1994-10-12,1994-10-11,deployment,recovery_1_of_3,-0.001040391022,0.001039351485,SSO,True,1,2034,HWM_RESERVE,SSO,LAG2,10,staged,0.15,0.1,rule,0.06516866766
1994-11-10,1994-11-09,1994-11-08,deployment,recovery_2_of_3,-0.001044512663,0.001044512232,SSO,True,21,2054,HWM_RESERVE,SSO,LAG2,10,staged,0.15,0.1,rule,0.06555825643
1994-12-20,1994-12-19,1994-12-16,deployment,recovery_1_of_3,-0.0003492734715,0.0003489242994,SSO,True,1,2081,HWM_RESERVE,SSO,LAG2,10,staged,0.15,0.1,rule,0.02304335431
1994-12-23,1994-12-22,1994-12-21,deployment,recovery_1_of_3,-0.0002324913469,0.0002322589005,SSO,True,1,2084,HWM_RESERVE,SSO,LAG2,10,staged,0.15,0.1,rule,0.01533836822
1995-01-24,1995-01-23,1995-01-20,deployment,recovery_2_of_3,-0.0002336716743,0.0002336716522,SSO,True,21,2104,HWM_RESERVE,SSO,LAG2,10,staged,0.15,0.1,rule,0.01506375054
1995-03-22,1995-03-21,1995-03-20,deployment,recovery_3_of_3,-0.0002353721535,0.0002353721336,SSO,True,61,2144,HWM_RESERVE,SSO,LAG2,10,staged,0.15,0.1,rule,0.01346084909
1996-07-19,1996-07-18,1996-07-17,deployment,recovery_1_of_3,-0.07444529846,0.07437339719,SSO,True,1,2480,HWM_RESERVE,SSO,LAG2,10,staged,0.15,0.1,rule,2.86016769
1996-07-30,1996-07-29,1996-07-26,deployment,recovery_1_of_3,-0.0496134467,0.04956501849,SSO,True,1,2487,HWM_RESERVE,SSO,LAG2,10,staged,0.15,0.1,rule,2.002906688
1996-08-01,1996-07-31,1996-07-30,deployment,recovery_1_of_3,-0.03302075509,0.03298824958,SSO,True,1,2489,HWM_RESERVE,SSO,LAG2,10,staged,0.15,0.1,rule,1.307583878
1996-08-29,1996-08-28,1996-08-27,deployment,recovery_2_of_3,-0.033152156,0.0331519144,SSO,True,21,2509,HWM_RESERVE,SSO,LAG2,10,staged,0.15,0.1,rule,1.220064459
1996-10-25,1996-10-24,1996-10-23,deployment,recovery_3_of_3,-0.05465984811,0.05465925596,SSO,True,61,2549,HWM_RESERVE,SSO,LAG2,10,staged,0.15,0.1,rule,1.820242248
1998-09-25,1998-09-24,1998-09-23,deployment,recovery_1_of_3,-0.2605098973,0.2602634004,SSO,True,1,3032,HWM_RESERVE,SSO,LAG2,10,staged,0.15,0.1,rule,4.915638489
1998-10-26,1998-10-23,1998-10-22,deployment,recovery_1_of_3,-0.1739107882,0.1737429624,SSO,True,1,3053,HWM_RESERVE,SSO,LAG2,10,staged,0.15,0.1,rule,3.193027213
1998-10-28,1998-10-27,1998-10-26,deployment,recovery_1_of_3,-0.1157675414,0.1156544857,SSO,True,1,3055,HWM_RESERVE,SSO,LAG2,10,staged,0.15,0.1,rule,2.13809537
1998-11-02,1998-10-30,1998-10-29,deployment,recovery_1_of_3,-0.07705441222,0.07697852256,SSO,True,1,3058,HWM_RESERVE,SSO,LAG2,10,staged,0.15,0.1,rule,1.37862122
1998-12-01,1998-11-30,1998-11-27,deployment,recovery_2_of_3,-0.07735015178,0.07734962496,SSO,True,21,3078,HWM_RESERVE,SSO,LAG2,10,staged,0.15,0.1,rule,1.240446237
1999-01-29,1999-01-28,1999-01-27,deployment,recovery_3_of_3,-0.1690185955,0.1690164398,SSO,True,61,3118,HWM_RESERVE,SSO,LAG2,10,staged,0.15,0.1,rule,2.336927715
1999-10-08,1999-10-07,1999-10-06,deployment,recovery_1_of_3,-0.08814508783,0.08805810848,SSO,True,1,3293,HWM_RESERVE,SSO,LAG2,10,staged,0.15,0.1,rule,1.236117589
1999-11-01,1999-10-29,1999-10-28,deployment,recovery_1_of_3,-0.05882442603,0.05876611884,SSO,True,1,3309,HWM_RESERVE,SSO,LAG2,10,staged,0.15,0.1,rule,0.8218077287
1999-11-30,1999-11-29,1999-11-26,deployment,recovery_2_of_3,-0.0590844622,0.0590842162,SSO,True,21,3329,HWM_RESERVE,SSO,LAG2,10,staged,0.15,0.1,rule,0.777899852
2000-01-27,2000-01-26,2000-01-25,deployment,recovery_3_of_3,-0.05947264249,0.05947238866,SSO,True,61,3369,HWM_RESERVE,SSO,LAG2,10,staged,0.15,0.1,rule,0.7975078533
2007-08-08,2007-08-07,2007-08-06,deployment,recovery_1_of_3,-0.04765558785,0.0476082221,SSO,True,1,5261,HWM_RESERVE,SSO,LAG2,10,staged,0.15,0.1,rule,0.5734784055
2007-08-24,2007-08-23,2007-08-22,deployment,recovery_1_of_3,-0.03176575369,0.03173412287,SSO,True,1,5273,HWM_RESERVE,SSO,LAG2,10,staged,0.15,0.1,rule,0.4006377588
2007-08-31,2007-08-30,2007-08-29,deployment,recovery_1_of_3,-0.02115213188,0.02113103993,SSO,True,1,5278,HWM_RESERVE,SSO,LAG2,10,staged,0.15,0.1,rule,0.268361394
2007-09-05,2007-09-04,2007-08-31,deployment,recovery_1_of_3,-0.01408096459,0.0140669095,SSO,True,1,5280,HWM_RESERVE,SSO,LAG2,10,staged,0.15,0.1,rule,0.1732838444
2007-09-13,2007-09-12,2007-09-11,deployment,recovery_1_of_3,-0.009377131586,0.009367766391,SSO,True,1,5286,HWM_RESERVE,SSO,LAG2,10,staged,0.15,0.1,rule,0.1200587029
2007-10-11,2007-10-10,2007-10-09,deployment,recovery_2_of_3,-0.009405262113,0.00940525676,SSO,True,21,5306,HWM_RESERVE,SSO,LAG2,10,staged,0.15,0.1,rule,0.1073382497
2007-12-07,2007-12-06,2007-12-05,deployment,recovery_1_of_3,-0.003143188893,0.003140047023,SSO,True,1,5346,HWM_RESERVE,SSO,LAG2,10,staged,0.15,0.1,rule,0.03955678289
2007-12-14,2007-12-13,2007-12-12,deployment,recovery_1_of_3,-0.002092489968,0.00209039808,SSO,True,1,5351,HWM_RESERVE,SSO,LAG2,10,staged,0.15,0.1,rule,0.02713093188
2007-12-27,2007-12-26,2007-12-24,deployment,recovery_1_of_3,-0.001393694651,0.00139230123,SSO,True,1,5359,HWM_RESERVE,SSO,LAG2,10,staged,0.15,0.1,rule,0.01853211642
2009-06-03,2009-06-02,2009-06-01,deployment,recovery_1_of_3,-0.0009415400172,0.0009405986713,SSO,True,1,5719,HWM_RESERVE,SSO,LAG2,10,staged,0.15,0.1,rule,0.01943858418
2009-06-26,2009-06-25,2009-06-24,deployment,recovery_1_of_3,-0.0006265102398,0.0006258838229,SSO,True,1,5736,HWM_RESERVE,SSO,LAG2,10,staged,0.15,0.1,rule,0.01404802389
2009-07-13,2009-07-10,2009-07-09,deployment,recovery_1_of_3,-0.000416870436,0.0004164536109,SSO,True,1,5746,HWM_RESERVE,SSO,LAG2,10,staged,0.15,0.1,rule,0.01025656971
2009-07-15,2009-07-14,2009-07-13,deployment,recovery_1_of_3,-0.0002773636833,0.0002770863387,SSO,True,1,5748,HWM_RESERVE,SSO,LAG2,10,staged,0.15,0.1,rule,0.006478026434
2009-08-12,2009-08-11,2009-08-10,deployment,recovery_2_of_3,-0.0002774029973,0.0002774029894,SSO,True,21,5768,HWM_RESERVE,SSO,LAG2,10,staged,0.15,0.1,rule,0.005386495922
2009-10-08,2009-10-07,2009-10-06,deployment,recovery_3_of_3,-0.0002769076177,0.0002769076108,SSO,True,61,5808,HWM_RESERVE,SSO,LAG2,10,staged,0.15,0.1,rule,0.004750644295
2012-11-21,2012-11-20,2012-11-19,deployment,recovery_1_of_3,-0.0152740625,0.01525881748,SSO,True,1,6594,HWM_RESERVE,SSO,LAG2,10,staged,0.15,0.1,rule,0.1798277325
2012-12-20,2012-12-19,2012-12-18,deployment,recovery_2_of_3,-0.01527508528,0.01527507172,SSO,True,21,6614,HWM_RESERVE,SSO,LAG2,10,staged,0.15,0.1,rule,0.167824136
2013-02-20,2013-02-19,2013-02-15,deployment,recovery_3_of_3,-0.1535640759,0.153562874,SSO,True,61,6654,HWM_RESERVE,SSO,LAG2,10,staged,0.15,0.1,rule,1.490868852
2014-10-23,2014-10-22,2014-10-21,deployment,recovery_1_of_3,-0.495040663,0.494561572,SSO,True,1,7077,HWM_RESERVE,SSO,LAG2,10,staged,0.15,0.1,rule,3.224458845
2014-11-20,2014-11-19,2014-11-18,deployment,recovery_2_of_3,-0.4950483641,0.495041289,SSO,True,21,7097,HWM_RESERVE,SSO,LAG2,10,staged,0.15,0.1,rule,2.851111474
2015-01-21,2015-01-20,2015-01-16,deployment,recovery_3_of_3,-0.6424199915,0.6424077754,SSO,True,61,7137,HWM_RESERVE,SSO,LAG2,10,staged,0.15,0.1,rule,3.810231087
2015-07-14,2015-07-13,2015-07-10,deployment,recovery_1_of_3,-0.05374195734,0.05368837681,SSO,True,1,7257,HWM_RESERVE,SSO,LAG2,10,staged,0.15,0.1,rule,0.302309471
2015-08-11,2015-08-10,2015-08-07,deployment,recovery_2_of_3,-0.05374397299,0.05374389259,SSO,True,21,7277,HWM_RESERVE,SSO,LAG2,10,staged,0.15,0.1,rule,0.3011213944
2015-10-27,2015-10-26,2015-10-23,deployment,recovery_1_of_3,-0.01786217728,0.01784433432,SSO,True,1,7331,HWM_RESERVE,SSO,LAG2,10,staged,0.15,0.1,rule,0.1082891372
2015-11-20,2015-11-19,2015-11-18,deployment,recovery_1_of_3,-0.01188507314,0.01187319673,SSO,True,1,7349,HWM_RESERVE,SSO,LAG2,10,staged,0.15,0.1,rule,0.07340011961
2015-12-08,2015-12-07,2015-12-04,deployment,recovery_1_of_3,-0.007908244802,0.007900340389,SSO,True,1,7360,HWM_RESERVE,SSO,LAG2,10,staged,0.15,0.1,rule,0.04876669918
2015-12-18,2015-12-17,2015-12-16,deployment,recovery_1_of_3,-0.00526199496,0.005256734717,SSO,True,1,7368,HWM_RESERVE,SSO,LAG2,10,staged,0.15,0.1,rule,0.0335254299
2015-12-28,2015-12-24,2015-12-23,deployment,recovery_1_of_3,-0.003501127621,0.003497627278,SSO,True,1,7373,HWM_RESERVE,SSO,LAG2,10,staged,0.15,0.1,rule,0.02254700039
2015-12-31,2015-12-30,2015-12-29,deployment,recovery_1_of_3,-0.002329501866,0.002327172712,SSO,True,1,7376,HWM_RESERVE,SSO,LAG2,10,staged,0.15,0.1,rule,0.01504572006
2016-03-15,2016-03-14,2016-03-11,deployment,recovery_1_of_3,-0.00155079971,0.001549249072,SSO,True,1,7426,HWM_RESERVE,SSO,LAG2,10,staged,0.15,0.1,rule,0.01046152509
2016-03-18,2016-03-17,2016-03-16,deployment,recovery_1_of_3,-0.001031828387,0.001030796629,SSO,True,1,7429,HWM_RESERVE,SSO,LAG2,10,staged,0.15,0.1,rule,0.006876812038
2016-04-18,2016-04-15,2016-04-14,deployment,recovery_2_of_3,-0.001032039497,0.001032039463,SSO,True,21,7449,HWM_RESERVE,SSO,LAG2,10,staged,0.15,0.1,rule,0.00661795246
2016-06-14,2016-06-13,2016-06-10,deployment,recovery_3_of_3,-0.001030415658,0.001030415624,SSO,True,61,7489,HWM_RESERVE,SSO,LAG2,10,staged,0.15,0.1,rule,0.006596388244
2018-04-05,2018-04-04,2018-04-03,deployment,recovery_1_of_3,-0.7283579487,0.7276509223,SSO,True,1,7944,HWM_RESERVE,SSO,LAG2,10,staged,0.15,0.1,rule,3.083322377
2018-05-03,2018-05-02,2018-05-01,deployment,recovery_2_of_3,-0.7293594997,0.7293487022,SSO,True,21,7964,HWM_RESERVE,SSO,LAG2,10,staged,0.15,0.1,rule,3.118060578
2018-06-29,2018-06-28,2018-06-27,deployment,recovery_3_of_3,-0.7301116565,0.73010147,SSO,True,61,8004,HWM_RESERVE,SSO,LAG2,10,staged,0.15,0.1,rule,2.936141555
2018-10-16,2018-10-15,2018-10-12,deployment,recovery_1_of_3,-0.05059597611,0.05054547522,SSO,True,1,8079,HWM_RESERVE,SSO,LAG2,10,staged,0.15,0.1,rule,0.1982996097
2018-10-18,2018-10-17,2018-10-16,deployment,recovery_1_of_3,-0.03366760772,0.03363398057,SSO,True,1,8081,HWM_RESERVE,SSO,LAG2,10,staged,0.15,0.1,rule,0.1267985514
2018-11-09,2018-11-08,2018-11-07,deployment,recovery_1_of_3,-0.02243174138,0.02240932799,SSO,True,1,8097,HWM_RESERVE,SSO,LAG2,10,staged,0.15,0.1,rule,0.08631762587
2018-12-06,2018-12-04,2018-12-03,deployment,recovery_1_of_3,-0.01494993486,0.01493499367,SSO,True,1,8114,HWM_RESERVE,SSO,LAG2,10,staged,0.15,0.1,rule,0.06172485547
2019-02-14,2019-02-13,2019-02-12,deployment,recovery_1_of_3,-0.009993570556,0.009983580816,SSO,True,1,8161,HWM_RESERVE,SSO,LAG2,10,staged,0.15,0.1,rule,0.04045070648
2019-03-13,2019-03-12,2019-03-11,deployment,recovery_1_of_3,-0.006661117402,0.006654457976,SSO,True,1,8179,HWM_RESERVE,SSO,LAG2,10,staged,0.15,0.1,rule,0.02679248252
2019-04-10,2019-04-09,2019-04-08,deployment,recovery_2_of_3,-0.006673603071,0.006673602276,SSO,True,21,8199,HWM_RESERVE,SSO,LAG2,10,staged,0.15,0.1,rule,0.02514350049
2019-06-06,2019-06-05,2019-06-04,deployment,recovery_1_of_3,-0.002226213313,0.00222398729,SSO,True,1,8238,HWM_RESERVE,SSO,LAG2,10,staged,0.15,0.1,rule,0.008983707869
2019-07-05,2019-07-03,2019-07-02,deployment,recovery_2_of_3,-0.002229958183,0.002229958098,SSO,True,21,8258,HWM_RESERVE,SSO,LAG2,10,staged,0.15,0.1,rule,0.008115430945
2019-08-30,2019-08-29,2019-08-28,deployment,recovery_3_of_3,-0.002232671262,0.002232671172,SSO,True,61,8298,HWM_RESERVE,SSO,LAG2,10,staged,0.15,0.1,rule,0.008463076574
2020-03-04,2020-03-03,2020-03-02,deployment,recovery_1_of_3,-0.450624853,0.4501812776,SSO,True,1,8425,HWM_RESERVE,SSO,LAG2,10,staged,0.15,0.1,rule,1.690362761
2020-03-06,2020-03-05,2020-03-04,deployment,recovery_1_of_3,-0.2998387535,0.2995419012,SSO,True,1,8427,HWM_RESERVE,SSO,LAG2,10,staged,0.15,0.1,rule,1.075474452
2020-05-29,2020-05-28,2020-05-27,deployment,recovery_1_of_3,-0.1995681182,0.19936989,SSO,True,1,8485,HWM_RESERVE,SSO,LAG2,10,staged,0.15,0.1,rule,0.7250481065
2020-06-16,2020-06-15,2020-06-12,deployment,recovery_1_of_3,-0.1327915676,0.1326593633,SSO,True,1,8497,HWM_RESERVE,SSO,LAG2,10,staged,0.15,0.1,rule,0.4775236436
2020-07-01,2020-06-30,2020-06-29,deployment,recovery_1_of_3,-0.08835722739,0.08826912942,SSO,True,1,8508,HWM_RESERVE,SSO,LAG2,10,staged,0.15,0.1,rule,0.3168280746
2020-07-30,2020-07-29,2020-07-28,deployment,recovery_2_of_3,-0.08836650848,0.08836639086,SSO,True,21,8528,HWM_RESERVE,SSO,LAG2,10,staged,0.15,0.1,rule,0.2873615158
2020-09-25,2020-09-24,2020-09-23,deployment,recovery_3_of_3,-0.6744352105,0.6744283073,SSO,True,61,8568,HWM_RESERVE,SSO,LAG2,10,staged,0.15,0.1,rule,2.229680836
2022-02-02,2022-02-01,2022-01-31,deployment,recovery_1_of_3,-2.023170732,2.021213879,SSO,True,1,8909,HWM_RESERVE,SSO,LAG2,10,staged,0.15,0.1,rule,3.754893232
2022-02-17,2022-02-16,2022-02-15,deployment,recovery_1_of_3,-1.346343936,1.345028444,SSO,True,1,8920,HWM_RESERVE,SSO,LAG2,10,staged,0.15,0.1,rule,2.629376935
2022-03-24,2022-03-23,2022-03-22,deployment,recovery_1_of_3,-0.8961422588,0.8952602398,SSO,True,1,8944,HWM_RESERVE,SSO,LAG2,10,staged,0.15,0.1,rule,1.809655618
2022-03-28,2022-03-25,2022-03-24,deployment,recovery_1_of_3,-0.5962690502,0.5956788431,SSO,True,1,8946,HWM_RESERVE,SSO,LAG2,10,staged,0.15,0.1,rule,1.166759846
2022-04-11,2022-04-08,2022-04-07,deployment,recovery_1_of_3,-0.3968149678,0.3964209024,SSO,True,1,8956,HWM_RESERVE,SSO,LAG2,10,staged,0.15,0.1,rule,0.7953917942
2022-12-02,2022-12-01,2022-11-30,deployment,recovery_1_of_3,-0.2682839598,0.2680170699,SSO,True,1,9119,HWM_RESERVE,SSO,LAG2,10,staged,0.15,0.1,rule,0.5970034608
2023-01-18,2023-01-17,2023-01-13,deployment,recovery_1_of_3,-0.1795218401,0.1793429783,SSO,True,1,9149,HWM_RESERVE,SSO,LAG2,10,staged,0.15,0.1,rule,0.4225836996
2023-01-24,2023-01-23,2023-01-20,deployment,recovery_1_of_3,-0.119534749,0.1194155123,SSO,True,1,9153,HWM_RESERVE,SSO,LAG2,10,staged,0.15,0.1,rule,0.2866318642
2023-02-22,2023-02-21,2023-02-17,deployment,recovery_2_of_3,-0.1199851484,0.1199849958,SSO,True,21,9173,HWM_RESERVE,SSO,LAG2,10,staged,0.15,0.1,rule,0.2922936637
2023-03-20,2023-03-17,2023-03-16,deployment,recovery_1_of_3,-0.04000323693,0.03996326962,SSO,True,1,9191,HWM_RESERVE,SSO,LAG2,10,staged,0.15,0.1,rule,0.1032158454
2023-03-22,2023-03-21,2023-03-20,deployment,recovery_1_of_3,-0.02662882038,0.02660220704,SSO,True,1,9193,HWM_RESERVE,SSO,LAG2,10,staged,0.15,0.1,rule,0.06679790496
2023-04-20,2023-04-19,2023-04-18,deployment,recovery_2_of_3,-0.0267327309,0.02673272363,SSO,True,21,9213,HWM_RESERVE,SSO,LAG2,10,staged,0.15,0.1,rule,0.06256220224
2023-06-16,2023-06-15,2023-06-14,deployment,recovery_3_of_3,-0.02689875558,0.02689874905,SSO,True,61,9253,HWM_RESERVE,SSO,LAG2,10,staged,0.15,0.1,rule,0.05584114064
2025-03-26,2025-03-25,2025-03-24,deployment,recovery_1_of_3,-1.538162679,1.536654355,SSO,True,1,9697,HWM_RESERVE,SSO,LAG2,10,staged,0.15,0.1,rule,2.296616514
2025-05-14,2025-05-13,2025-05-12,deployment,recovery_1_of_3,-1.029380541,1.02836448,SSO,True,1,9731,HWM_RESERVE,SSO,LAG2,10,staged,0.15,0.1,rule,1.531863869
2025-06-12,2025-06-11,2025-06-10,deployment,recovery_2_of_3,-1.032951022,1.032944587,SSO,True,21,9751,HWM_RESERVE,SSO,LAG2,10,staged,0.15,0.1,rule,1.474273392
2025-08-11,2025-08-08,2025-08-07,deployment,recovery_3_of_3,-1.038031963,1.038026144,SSO,True,61,9791,HWM_RESERVE,SSO,LAG2,10,staged,0.15,0.1,rule,1.326001825
2026-04-10,2026-04-09,2026-04-08,deployment,recovery_1_of_3,-1.045635142,1.044600639,SSO,True,1,9958,HWM_RESERVE,SSO,LAG2,10,staged,0.15,0.1,rule,1.279383695
2026-05-08,2026-05-07,2026-05-06,deployment,recovery_2_of_3,-1.048597397,1.048592523,SSO,True,21,9978,HWM_RESERVE,SSO,LAG2,10,staged,0.15,0.1,rule,1.117759381
2026-07-08,2026-07-07,2026-07-06,deployment,recovery_3_of_3,-2.953763503,2.953726267,SSO,True,61,10018,HWM_RESERVE,SSO,LAG2,10,staged,0.15,0.1,rule,3.050210008
1986-10-03,1986-10-02,1986-10-01,deployment,recovery_1_of_3,-0.03336277949,0.03333162675,SSO,True,1,4,ASYMMETRIC_RESERVE_BAND,SSO,LAG2,10,staged,0.2,0.1,rule,0.3201164732
1986-10-31,1986-10-30,1986-10-29,deployment,recovery_2_of_3,-0.03349903666,0.03349800052,SSO,True,21,24,ASYMMETRIC_RESERVE_BAND,SSO,LAG2,10,staged,0.2,0.1,rule,0.297528879
1986-11-24,1986-11-21,1986-11-20,deployment,recovery_1_of_3,-0.03676945602,0.0367352144,SSO,True,1,40,ASYMMETRIC_RESERVE_BAND,SSO,LAG2,10,staged,0.2,0.1,rule,0.3572884975
1986-12-23,1986-12-22,1986-12-19,deployment,recovery_2_of_3,-0.036944937,0.03694351558,SSO,True,21,60,ASYMMETRIC_RESERVE_BAND,SSO,LAG2,10,staged,0.2,0.1,rule,0.4034268018
1987-02-20,1987-02-19,1987-02-18,deployment,recovery_3_of_3,-0.1182020281,0.1181904925,SSO,True,61,100,ASYMMETRIC_RESERVE_BAND,SSO,LAG2,10,staged,0.2,0.1,rule,1.090434377
1988-06-08,1988-06-07,1988-06-06,deployment,recovery_1_of_3,-0.04498648616,0.04494511547,SSO,True,1,428,ASYMMETRIC_RESERVE_BAND,SSO,LAG2,10,staged,0.2,0.1,rule,0.5105892619
1988-06-10,1988-06-09,1988-06-08,deployment,recovery_1_of_3,-0.02994659144,0.02991818899,SSO,True,1,430,ASYMMETRIC_RESERVE_BAND,SSO,LAG2,10,staged,0.2,0.1,rule,0.3264836209
1988-07-11,1988-07-08,1988-07-07,deployment,recovery_2_of_3,-0.03010595869,0.03010517316,SSO,True,21,450,ASYMMETRIC_RESERVE_BAND,SSO,LAG2,10,staged,0.2,0.1,rule,0.3306164328
1988-08-26,1988-08-25,1988-08-24,deployment,recovery_1_of_3,-0.01010019997,0.0100902937,SSO,True,1,484,ASYMMETRIC_RESERVE_BAND,SSO,LAG2,10,staged,0.2,0.1,rule,0.1219890073
1988-09-07,1988-09-06,1988-09-02,deployment,recovery_1_of_3,-0.006736884658,0.006730230553,SSO,True,1,491,ASYMMETRIC_RESERVE_BAND,SSO,LAG2,10,staged,0.2,0.1,rule,0.07800737577
1988-10-05,1988-10-04,1988-10-03,deployment,recovery_2_of_3,-0.006775609752,0.006775569291,SSO,True,21,511,ASYMMETRIC_RESERVE_BAND,SSO,LAG2,10,staged,0.2,0.1,rule,0.07579269668
1988-11-25,1988-11-23,1988-11-22,deployment,recovery_1_of_3,-0.002275847583,0.00227358118,SSO,True,1,547,ASYMMETRIC_RESERVE_BAND,SSO,LAG2,10,staged,0.2,0.1,rule,0.02634393461
1988-12-23,1988-12-22,1988-12-21,deployment,recovery_2_of_3,-0.002290917576,0.002290913035,SSO,True,21,567,ASYMMETRIC_RESERVE_BAND,SSO,LAG2,10,staged,0.2,0.1,rule,0.02515974577
1989-02-22,1989-02-21,1989-02-17,deployment,recovery_3_of_3,-0.002319460586,0.002319456486,SSO,True,61,607,ASYMMETRIC_RESERVE_BAND,SSO,LAG2,10,staged,0.2,0.1,rule,0.02243390674
1990-03-12,1990-03-09,1990-03-08,deployment,recovery_1_of_3,-0.05969517845,0.05963989931,SSO,True,1,872,ASYMMETRIC_RESERVE_BAND,SSO,LAG2,10,staged,0.2,0.1,rule,0.5280001293
1990-03-20,1990-03-19,1990-03-16,deployment,recovery_1_of_3,-0.03981282145,0.03977494349,SSO,True,1,878,ASYMMETRIC_RESERVE_BAND,SSO,LAG2,10,staged,0.2,0.1,rule,0.3464674192
1990-03-29,1990-03-28,1990-03-27,deployment,recovery_1_of_3,-0.02654494147,0.02651928123,SSO,True,1,885,ASYMMETRIC_RESERVE_BAND,SSO,LAG2,10,staged,0.2,0.1,rule,0.2379510541
1990-04-05,1990-04-04,1990-04-03,deployment,recovery_1_of_3,-0.01768982867,0.01767253729,SSO,True,1,890,ASYMMETRIC_RESERVE_BAND,SSO,LAG2,10,staged,0.2,0.1,rule,0.1608921965
1990-04-11,1990-04-10,1990-04-09,deployment,recovery_1_of_3,-0.01178572986,0.0117741214,SSO,True,1,894,ASYMMETRIC_RESERVE_BAND,SSO,LAG2,10,staged,0.2,0.1,rule,0.1074422927
1990-05-10,1990-05-09,1990-05-08,deployment,recovery_1_of_3,-0.007891968156,0.007884156513,SSO,True,1,914,ASYMMETRIC_RESERVE_BAND,SSO,LAG2,10,staged,0.2,0.1,rule,0.07272114508
1990-06-08,1990-06-07,1990-06-06,deployment,recovery_2_of_3,-0.007942070027,0.007942033628,SSO,True,21,934,ASYMMETRIC_RESERVE_BAND,SSO,LAG2,10,staged,0.2,0.1,rule,0.06542232005
1990-08-06,1990-08-03,1990-08-02,deployment,recovery_3_of_3,-0.00802494993,0.008024908331,SSO,True,61,974,ASYMMETRIC_RESERVE_BAND,SSO,LAG2,10,staged,0.2,0.1,rule,0.07404267169
1991-04-24,1991-04-23,1991-04-22,deployment,recovery_3_of_3,-0.1883577063,0.1883390111,SSO,True,61,1155,ASYMMETRIC_RESERVE_BAND,SSO,LAG2,10,staged,0.2,0.1,rule,1.573929982
1991-12-17,1991-12-16,1991-12-13,deployment,recovery_1_of_3,-0.0678442346,0.06778125374,SSO,True,1,1320,ASYMMETRIC_RESERVE_BAND,SSO,LAG2,10,staged,0.2,0.1,rule,0.6368518797
1992-01-16,1992-01-15,1992-01-14,deployment,recovery_2_of_3,-0.06806456044,0.06806248587,SSO,True,21,1340,ASYMMETRIC_RESERVE_BAND,SSO,LAG2,10,staged,0.2,0.1,rule,0.5353470534
1992-03-13,1992-03-12,1992-03-11,deployment,recovery_3_of_3,-0.06835715403,0.06835489013,SSO,True,61,1380,ASYMMETRIC_RESERVE_BAND,SSO,LAG2,10,staged,0.2,0.1,rule,0.5833265817
1992-09-17,1992-09-16,1992-09-15,deployment,recovery_3_of_3,-0.2251485875,0.2251256426,SSO,True,61,1510,ASYMMETRIC_RESERVE_BAND,SSO,LAG2,10,staged,0.2,0.1,rule,1.998646697
1993-01-18,1993-01-15,1993-01-14,deployment,recovery_3_of_3,-0.2286281845,0.2286058869,SSO,True,61,1594,ASYMMETRIC_RESERVE_BAND,SSO,LAG2,10,staged,0.2,0.1,rule,2.119401974
1994-06-16,1994-06-15,1994-06-14,deployment,recovery_1_of_3,-0.08357489789,0.08349666875,SSO,True,1,1951,ASYMMETRIC_RESERVE_BAND,SSO,LAG2,10,staged,0.2,0.1,rule,0.7687647478
1994-08-03,1994-08-02,1994-08-01,deployment,recovery_1_of_3,-0.05593246177,0.05587891465,SSO,True,1,1984,ASYMMETRIC_RESERVE_BAND,SSO,LAG2,10,staged,0.2,0.1,rule,0.5125657181
1994-08-05,1994-08-04,1994-08-03,deployment,recovery_1_of_3,-0.03722599264,0.03718982786,SSO,True,1,1986,ASYMMETRIC_RESERVE_BAND,SSO,LAG2,10,staged,0.2,0.1,rule,0.3426679169
1994-08-16,1994-08-15,1994-08-12,deployment,recovery_1_of_3,-0.02480288873,0.02477855582,SSO,True,1,1993,ASYMMETRIC_RESERVE_BAND,SSO,LAG2,10,staged,0.2,0.1,rule,0.2277480502
1994-09-14,1994-09-13,1994-09-12,deployment,recovery_2_of_3,-0.02489522603,0.02489499505,SSO,True,21,2013,ASYMMETRIC_RESERVE_BAND,SSO,LAG2,10,staged,0.2,0.1,rule,0.2229346557
1994-09-29,1994-09-28,1994-09-27,deployment,recovery_1_of_3,-0.008290188796,0.008281950936,SSO,True,1,2024,ASYMMETRIC_RESERVE_BAND,SSO,LAG2,10,staged,0.2,0.1,rule,0.07585024368
1994-10-13,1994-10-12,1994-10-11,deployment,recovery_1_of_3,-0.005526241578,0.005520739175,SSO,True,1,2034,ASYMMETRIC_RESERVE_BAND,SSO,LAG2,10,staged,0.2,0.1,rule,0.0518447359
1994-11-10,1994-11-09,1994-11-08,deployment,recovery_2_of_3,-0.005548134487,0.00554812245,SSO,True,21,2054,ASYMMETRIC_RESERVE_BAND,SSO,LAG2,10,staged,0.2,0.1,rule,0.0521544897
1994-12-20,1994-12-19,1994-12-16,deployment,recovery_1_of_3,-0.001855247972,0.001853395554,SSO,True,1,2081,ASYMMETRIC_RESERVE_BAND,SSO,LAG2,10,staged,0.2,0.1,rule,0.01833213485
1994-12-23,1994-12-22,1994-12-21,deployment,recovery_1_of_3,-0.001234935383,0.001233701701,SSO,True,1,2084,ASYMMETRIC_RESERVE_BAND,SSO,LAG2,10,staged,0.2,0.1,rule,0.01220243506
1995-01-24,1995-01-23,1995-01-20,deployment,recovery_2_of_3,-0.001241204984,0.001241204366,SSO,True,21,2104,ASYMMETRIC_RESERVE_BAND,SSO,LAG2,10,staged,0.2,0.1,rule,0.01198395318
1995-03-22,1995-03-21,1995-03-20,deployment,recovery_3_of_3,-0.2815316514,0.2815034163,SSO,True,61,2144,ASYMMETRIC_RESERVE_BAND,SSO,LAG2,10,staged,0.2,0.1,rule,2.678441514
1996-07-19,1996-07-18,1996-07-17,deployment,recovery_1_of_3,-0.1035746775,0.1034760991,SSO,True,1,2480,ASYMMETRIC_RESERVE_BAND,SSO,LAG2,10,staged,0.2,0.1,rule,0.6943934212
1996-07-30,1996-07-29,1996-07-26,deployment,recovery_1_of_3,-0.06902847199,0.06896176966,SSO,True,1,2487,ASYMMETRIC_RESERVE_BAND,SSO,LAG2,10,staged,0.2,0.1,rule,0.4862670229
1996-08-01,1996-07-31,1996-07-30,deployment,recovery_1_of_3,-0.04594352736,0.04589859528,SSO,True,1,2489,ASYMMETRIC_RESERVE_BAND,SSO,LAG2,10,staged,0.2,0.1,rule,0.3174560869
1996-08-29,1996-08-28,1996-08-27,deployment,recovery_2_of_3,-0.04612635241,0.04612587795,SSO,True,21,2509,ASYMMETRIC_RESERVE_BAND,SSO,LAG2,10,staged,0.2,0.1,rule,0.2962061629
1996-10-25,1996-10-24,1996-10-23,deployment,recovery_3_of_3,-0.5007916666,0.5007412541,SSO,True,61,2549,ASYMMETRIC_RESERVE_BAND,SSO,LAG2,10,staged,0.2,0.1,rule,3.190220941
1998-09-25,1998-09-24,1998-09-23,deployment,recovery_1_of_3,-0.3885124696,0.388156184,SSO,True,1,3032,ASYMMETRIC_RESERVE_BAND,SSO,LAG2,10,staged,0.2,0.1,rule,1.501171845
1998-10-26,1998-10-23,1998-10-22,deployment,recovery_1_of_3,-0.2593776612,0.2591322889,SSO,True,1,3053,ASYMMETRIC_RESERVE_BAND,SSO,LAG2,10,staged,0.2,0.1,rule,0.9751088417
1998-10-28,1998-10-27,1998-10-26,deployment,recovery_1_of_3,-0.1726670086,0.1725005831,SSO,True,1,3055,ASYMMETRIC_RESERVE_BAND,SSO,LAG2,10,staged,0.2,0.1,rule,0.6529464237
1998-11-02,1998-10-30,1998-10-29,deployment,recovery_1_of_3,-0.1149293899,0.1148171424,SSO,True,1,3058,ASYMMETRIC_RESERVE_BAND,SSO,LAG2,10,staged,0.2,0.1,rule,0.4210129295
1998-12-01,1998-11-30,1998-11-27,deployment,recovery_2_of_3,-0.115370496,0.1153692819,SSO,True,21,3078,ASYMMETRIC_RESERVE_BAND,SSO,LAG2,10,staged,0.2,0.1,rule,0.3788129762
1999-01-29,1999-01-28,1999-01-27,deployment,recovery_3_of_3,-1.224460292,1.224342571,SSO,True,61,3118,ASYMMETRIC_RESERVE_BAND,SSO,LAG2,10,staged,0.2,0.1,rule,3.78885579
1999-10-08,1999-10-07,1999-10-06,deployment,recovery_1_of_3,-0.4425842085,0.4421721609,SSO,True,1,3293,ASYMMETRIC_RESERVE_BAND,SSO,LAG2,10,staged,0.2,0.1,rule,1.516487946
1999-11-01,1999-10-29,1999-10-28,deployment,recovery_1_of_3,-0.2953964369,0.2951145931,SSO,True,1,3309,ASYMMETRIC_RESERVE_BAND,SSO,LAG2,10,staged,0.2,0.1,rule,1.008206279
1999-11-30,1999-11-29,1999-11-26,deployment,recovery_2_of_3,-0.2967022509,0.2966957924,SSO,True,21,3329,ASYMMETRIC_RESERVE_BAND,SSO,LAG2,10,staged,0.2,0.1,rule,0.9543039975
2000-01-27,2000-01-26,2000-01-25,deployment,recovery_3_of_3,-0.2986684995,0.2986618378,SSO,True,61,3369,ASYMMETRIC_RESERVE_BAND,SSO,LAG2,10,staged,0.2,0.1,rule,0.9784312122
2007-08-08,2007-08-07,2007-08-06,deployment,recovery_1_of_3,-0.5019676222,0.5014991422,SSO,True,1,5261,ASYMMETRIC_RESERVE_BAND,SSO,LAG2,10,staged,0.2,0.1,rule,1.625934636
2007-08-24,2007-08-23,2007-08-22,deployment,recovery_1_of_3,-0.3346382226,0.3343191309,SSO,True,1,5273,ASYMMETRIC_RESERVE_BAND,SSO,LAG2,10,staged,0.2,0.1,rule,1.135894224
2007-08-31,2007-08-30,2007-08-29,deployment,recovery_1_of_3,-0.2228472267,0.2226313127,SSO,True,1,5278,ASYMMETRIC_RESERVE_BAND,SSO,LAG2,10,staged,0.2,0.1,rule,0.760862277
2007-09-05,2007-09-04,2007-08-31,deployment,recovery_1_of_3,-0.1483576048,0.1482122305,SSO,True,1,5280,ASYMMETRIC_RESERVE_BAND,SSO,LAG2,10,staged,0.2,0.1,rule,0.4912969724
2007-09-13,2007-09-12,2007-09-11,deployment,recovery_1_of_3,-0.09880154113,0.09870411505,SSO,True,1,5286,ASYMMETRIC_RESERVE_BAND,SSO,LAG2,10,staged,0.2,0.1,rule,0.3403922475
2007-10-11,2007-10-10,2007-10-09,deployment,recovery_2_of_3,-0.09909793661,0.09909731899,SSO,True,21,5306,ASYMMETRIC_RESERVE_BAND,SSO,LAG2,10,staged,0.2,0.1,rule,0.3043231734
2007-12-07,2007-12-06,2007-12-05,deployment,recovery_1_of_3,-0.03311887048,0.03308590365,SSO,True,1,5346,ASYMMETRIC_RESERVE_BAND,SSO,LAG2,10,staged,0.2,0.1,rule,0.112153411
2007-12-14,2007-12-13,2007-12-12,deployment,recovery_1_of_3,-0.02204814727,0.02202616853,SSO,True,1,5351,ASYMMETRIC_RESERVE_BAND,SSO,LAG2,10,staged,0.2,0.1,rule,0.07692300367
2007-12-27,2007-12-26,2007-12-24,deployment,recovery_1_of_3,-0.01468516776,0.01467051417,SSO,True,1,5359,ASYMMETRIC_RESERVE_BAND,SSO,LAG2,10,staged,0.2,0.1,rule,0.05254320293
2009-06-03,2009-06-02,2009-06-01,deployment,recovery_1_of_3,-0.009920916243,0.009911017675,SSO,True,1,5719,ASYMMETRIC_RESERVE_BAND,SSO,LAG2,10,staged,0.2,0.1,rule,0.05511326659
2009-06-26,2009-06-25,2009-06-24,deployment,recovery_1_of_3,-0.006601506491,0.00659491573,SSO,True,1,5736,ASYMMETRIC_RESERVE_BAND,SSO,LAG2,10,staged,0.2,0.1,rule,0.03982967478
2009-07-13,2009-07-10,2009-07-09,deployment,recovery_1_of_3,-0.004392556172,0.004388168834,SSO,True,1,5746,ASYMMETRIC_RESERVE_BAND,SSO,LAG2,10,staged,0.2,0.1,rule,0.02907995024
2009-07-15,2009-07-14,2009-07-13,deployment,recovery_1_of_3,-0.002922582232,0.002919661843,SSO,True,1,5748,ASYMMETRIC_RESERVE_BAND,SSO,LAG2,10,staged,0.2,0.1,rule,0.01836683138
2009-08-12,2009-08-11,2009-08-10,deployment,recovery_2_of_3,-0.002922996484,0.002922995572,SSO,True,21,5768,ASYMMETRIC_RESERVE_BAND,SSO,LAG2,10,staged,0.2,0.1,rule,0.01527205791
2009-10-08,2009-10-07,2009-10-06,deployment,recovery_3_of_3,-0.002917779827,0.002917779024,SSO,True,61,5808,ASYMMETRIC_RESERVE_BAND,SSO,LAG2,10,staged,0.2,0.1,rule,0.01346927853
2012-04-02,2012-03-30,2012-03-29,deployment,recovery_3_of_3,-1.633124022,1.632961609,SSO,True,61,6433,ASYMMETRIC_RESERVE_BAND,SSO,LAG2,10,staged,0.2,0.1,rule,5.404309686
2012-06-08,2012-06-07,2012-06-06,deployment,recovery_1_of_3,-0.5509115856,0.5504034672,SSO,True,1,6480,ASYMMETRIC_RESERVE_BAND,SSO,LAG2,10,staged,0.2,0.1,rule,2.38892572
2012-07-09,2012-07-06,2012-07-05,deployment,recovery_2_of_3,-0.550952609,0.5509323354,SSO,True,21,6500,ASYMMETRIC_RESERVE_BAND,SSO,LAG2,10,staged,0.2,0.1,rule,2.25323522
2012-09-04,2012-08-31,2012-08-30,deployment,recovery_3_of_3,-0.5500010197,0.5499822692,SSO,True,61,6540,ASYMMETRIC_RESERVE_BAND,SSO,LAG2,10,staged,0.2,0.1,rule,2.081860502
2012-11-21,2012-11-20,2012-11-19,deployment,recovery_1_of_3,-0.5547441199,0.5542284531,SSO,True,1,6594,ASYMMETRIC_RESERVE_BAND,SSO,LAG2,10,staged,0.2,0.1,rule,2.404935785
2012-12-20,2012-12-19,2012-12-18,deployment,recovery_2_of_3,-0.5547812664,0.5547629446,SSO,True,21,6614,ASYMMETRIC_RESERVE_BAND,SSO,LAG2,10,staged,0.2,0.1,rule,2.24425107
2013-02-20,2013-02-19,2013-02-15,deployment,recovery_3_of_3,-1.739078443,1.738918882,SSO,True,61,6654,ASYMMETRIC_RESERVE_BAND,SSO,LAG2,10,staged,0.2,0.1,rule,6.638482184
2014-10-23,2014-10-22,2014-10-21,deployment,recovery_1_of_3,-0.6408030296,0.6401906788,SSO,True,1,7077,ASYMMETRIC_RESERVE_BAND,SSO,LAG2,10,staged,0.2,0.1,rule,1.720907341
2014-11-20,2014-11-19,2014-11-18,deployment,recovery_2_of_3,-0.6408129983,0.6408003508,SSO,True,21,7097,ASYMMETRIC_RESERVE_BAND,SSO,LAG2,10,staged,0.2,0.1,rule,1.622803526
2015-01-21,2015-01-20,2015-01-16,deployment,recovery_3_of_3,-2.576684501,2.576475148,SSO,True,61,7137,ASYMMETRIC_RESERVE_BAND,SSO,LAG2,10,staged,0.2,0.1,rule,6.694264756
2015-07-14,2015-07-13,2015-07-10,deployment,recovery_1_of_3,-1.140322433,1.139259407,SSO,True,1,7257,ASYMMETRIC_RESERVE_BAND,SSO,LAG2,10,staged,0.2,0.1,rule,3.108555468
2015-08-11,2015-08-10,2015-08-07,deployment,recovery_2_of_3,-1.140365202,1.140326694,SSO,True,21,7277,ASYMMETRIC_RESERVE_BAND,SSO,LAG2,10,staged,0.2,0.1,rule,3.096138069
2015-10-27,2015-10-26,2015-10-23,deployment,recovery_1_of_3,-0.3790590118,0.3786891354,SSO,True,1,7331,ASYMMETRIC_RESERVE_BAND,SSO,LAG2,10,staged,0.2,0.1,rule,1.113576294
2015-11-20,2015-11-19,2015-11-18,deployment,recovery_1_of_3,-0.2522289149,0.2519808258,SSO,True,1,7349,ASYMMETRIC_RESERVE_BAND,SSO,LAG2,10,staged,0.2,0.1,rule,0.75479993
2015-12-08,2015-12-07,2015-12-04,deployment,recovery_1_of_3,-0.1678366045,0.1676705982,SSO,True,1,7360,ASYMMETRIC_RESERVE_BAND,SSO,LAG2,10,staged,0.2,0.1,rule,0.5014855741
2015-12-18,2015-12-17,2015-12-16,deployment,recovery_1_of_3,-0.1116776323,0.1115667916,SSO,True,1,7368,ASYMMETRIC_RESERVE_BAND,SSO,LAG2,10,staged,0.2,0.1,rule,0.3447540995
2015-12-28,2015-12-24,2015-12-23,deployment,recovery_1_of_3,-0.07430705551,0.07423312297,SSO,True,1,7373,ASYMMETRIC_RESERVE_BAND,SSO,LAG2,10,staged,0.2,0.1,rule,0.2318589452
2015-12-31,2015-12-30,2015-12-29,deployment,recovery_1_of_3,-0.04944124179,0.04939196683,SSO,True,1,7376,ASYMMETRIC_RESERVE_BAND,SSO,LAG2,10,staged,0.2,0.1,rule,0.1547205714
2016-03-15,2016-03-14,2016-03-11,deployment,recovery_1_of_3,-0.03291431976,0.0328814824,SSO,True,1,7426,ASYMMETRIC_RESERVE_BAND,SSO,LAG2,10,staged,0.2,0.1,rule,0.1075796395
2016-03-18,2016-03-17,2016-03-16,deployment,recovery_1_of_3,-0.02189972089,0.02187785483,SSO,True,1,7429,ASYMMETRIC_RESERVE_BAND,SSO,LAG2,10,staged,0.2,0.1,rule,0.07071674096
2016-04-18,2016-04-15,2016-04-14,deployment,recovery_2_of_3,-0.02190420153,0.02190418533,SSO,True,21,7449,ASYMMETRIC_RESERVE_BAND,SSO,LAG2,10,staged,0.2,0.1,rule,0.06805469441
2016-06-14,2016-06-13,2016-06-10,deployment,recovery_3_of_3,-0.02186978577,0.02186976965,SSO,True,61,7489,ASYMMETRIC_RESERVE_BAND,SSO,LAG2,10,staged,0.2,0.1,rule,0.06783314177
2018-04-05,2018-04-04,2018-04-03,deployment,recovery_1_of_3,-1.161218671,1.160116381,SSO,True,1,7944,ASYMMETRIC_RESERVE_BAND,SSO,LAG2,10,staged,0.2,0.1,rule,2.527013191
2018-05-03,2018-05-02,2018-05-01,deployment,recovery_2_of_3,-1.162815441,1.16278562,SSO,True,21,7964,ASYMMETRIC_RESERVE_BAND,SSO,LAG2,10,staged,0.2,0.1,rule,2.555428852
2018-06-29,2018-06-28,2018-06-27,deployment,recovery_3_of_3,-1.164052037,1.164023885,SSO,True,61,8004,ASYMMETRIC_RESERVE_BAND,SSO,LAG2,10,staged,0.2,0.1,rule,2.406439293
2018-10-16,2018-10-15,2018-10-12,deployment,recovery_1_of_3,-1.833098175,1.831399328,SSO,True,1,8079,ASYMMETRIC_RESERVE_BAND,SSO,LAG2,10,staged,0.2,0.1,rule,4.093266944
2018-10-18,2018-10-17,2018-10-16,deployment,recovery_1_of_3,-1.219952332,1.218789682,SSO,True,1,8081,ASYMMETRIC_RESERVE_BAND,SSO,LAG2,10,staged,0.2,0.1,rule,2.617354213
2018-11-09,2018-11-08,2018-11-07,deployment,recovery_1_of_3,-0.8128944136,0.8121074858,SSO,True,1,8097,ASYMMETRIC_RESERVE_BAND,SSO,LAG2,10,staged,0.2,0.1,rule,1.781753808
2018-12-06,2018-12-04,2018-12-03,deployment,recovery_1_of_3,-0.5417991875,0.5412697356,SSO,True,1,8114,ASYMMETRIC_RESERVE_BAND,SSO,LAG2,10,staged,0.2,0.1,rule,1.274114008
2019-02-14,2019-02-13,2019-02-12,deployment,recovery_1_of_3,-0.3621921752,0.3618353944,SSO,True,1,8161,ASYMMETRIC_RESERVE_BAND,SSO,LAG2,10,staged,0.2,0.1,rule,0.8349766292
2019-03-13,2019-03-12,2019-03-11,deployment,recovery_1_of_3,-0.2414227399,0.2411837065,SSO,True,1,8179,ASYMMETRIC_RESERVE_BAND,SSO,LAG2,10,staged,0.2,0.1,rule,0.5530458846
2019-04-10,2019-04-09,2019-04-08,deployment,recovery_2_of_3,-0.2418752653,0.2418741413,SSO,True,21,8199,ASYMMETRIC_RESERVE_BAND,SSO,LAG2,10,staged,0.2,0.1,rule,0.5190028671
2019-06-06,2019-06-05,2019-06-04,deployment,recovery_1_of_3,-0.08068753718,0.08060711748,SSO,True,1,8238,ASYMMETRIC_RESERVE_BAND,SSO,LAG2,10,staged,0.2,0.1,rule,0.1854419692
2019-07-05,2019-07-03,2019-07-02,deployment,recovery_2_of_3,-0.08082326736,0.08082314615,SSO,True,21,8258,ASYMMETRIC_RESERVE_BAND,SSO,LAG2,10,staged,0.2,0.1,rule,0.1675184284
2019-08-30,2019-08-29,2019-08-28,deployment,recovery_3_of_3,-0.08092200722,0.08092188066,SSO,True,61,8298,ASYMMETRIC_RESERVE_BAND,SSO,LAG2,10,staged,0.2,0.1,rule,0.174695649
2020-03-04,2020-03-03,2020-03-02,deployment,recovery_1_of_3,-1.864342839,1.862608174,SSO,True,1,8425,ASYMMETRIC_RESERVE_BAND,SSO,LAG2,10,staged,0.2,0.1,rule,4.337386956
2020-03-06,2020-03-05,2020-03-04,deployment,recovery_1_of_3,-1.240633762,1.239448207,SSO,True,1,8427,ASYMMETRIC_RESERVE_BAND,SSO,LAG2,10,staged,0.2,0.1,rule,2.759614071
2020-05-29,2020-05-28,2020-05-27,deployment,recovery_1_of_3,-0.8258048572,0.8250037565,SSO,True,1,8485,ASYMMETRIC_RESERVE_BAND,SSO,LAG2,10,staged,0.2,0.1,rule,1.860437459
2020-06-16,2020-06-15,2020-06-12,deployment,recovery_1_of_3,-0.5495116488,0.5489729678,SSO,True,1,8497,ASYMMETRIC_RESERVE_BAND,SSO,LAG2,10,staged,0.2,0.1,rule,1.225301971
2020-07-01,2020-06-30,2020-06-29,deployment,recovery_1_of_3,-0.3656468575,0.3652859926,SSO,True,1,8508,ASYMMETRIC_RESERVE_BAND,SSO,LAG2,10,staged,0.2,0.1,rule,0.8129651163
2020-07-30,2020-07-29,2020-07-28,deployment,recovery_2_of_3,-0.3656852652,0.3656830937,SSO,True,21,8528,ASYMMETRIC_RESERVE_BAND,SSO,LAG2,10,staged,0.2,0.1,rule,0.7373479015
2020-09-25,2020-09-24,2020-09-23,deployment,recovery_3_of_3,-7.024202569,7.023405738,SSO,True,61,8568,ASYMMETRIC_RESERVE_BAND,SSO,LAG2,10,staged,0.2,0.1,rule,15.79431391
2022-02-02,2022-02-01,2022-01-31,deployment,recovery_1_of_3,-2.540592028,2.538165949,SSO,True,1,8909,ASYMMETRIC_RESERVE_BAND,SSO,LAG2,10,staged,0.2,0.1,rule,3.365299978
2022-02-17,2022-02-16,2022-02-15,deployment,recovery_1_of_3,-1.690711235,1.689073766,SSO,True,1,8920,ASYMMETRIC_RESERVE_BAND,SSO,LAG2,10,staged,0.2,0.1,rule,2.356562916
2022-03-24,2022-03-23,2022-03-22,deployment,recovery_1_of_3,-1.125377014,1.124276004,SSO,True,1,8944,ASYMMETRIC_RESERVE_BAND,SSO,LAG2,10,staged,0.2,0.1,rule,1.621892724
2022-03-28,2022-03-25,2022-03-24,deployment,recovery_1_of_3,-0.7488044279,0.748066084,SSO,True,1,8946,ASYMMETRIC_RESERVE_BAND,SSO,LAG2,10,staged,0.2,0.1,rule,1.04570134
2022-04-11,2022-04-08,2022-04-07,deployment,recovery_1_of_3,-0.4983305593,0.497836973,SSO,True,1,8956,ASYMMETRIC_RESERVE_BAND,SSO,LAG2,10,staged,0.2,0.1,rule,0.7128650064
2022-12-02,2022-12-01,2022-11-30,deployment,recovery_1_of_3,-0.3369197539,0.3365852388,SSO,True,1,9119,ASYMMETRIC_RESERVE_BAND,SSO,LAG2,10,staged,0.2,0.1,rule,0.5350606821
2023-01-18,2023-01-17,2023-01-13,deployment,recovery_1_of_3,-0.2254502936,0.2252259818,SSO,True,1,9149,ASYMMETRIC_RESERVE_BAND,SSO,LAG2,10,staged,0.2,0.1,rule,0.3787380433
2023-01-24,2023-01-23,2023-01-20,deployment,recovery_1_of_3,-0.150116666,0.1499670634,SSO,True,1,9153,ASYMMETRIC_RESERVE_BAND,SSO,LAG2,10,staged,0.2,0.1,rule,0.2568920464
2023-02-22,2023-02-21,2023-02-17,deployment,recovery_2_of_3,-0.1506822961,0.150682033,SSO,True,21,9173,ASYMMETRIC_RESERVE_BAND,SSO,LAG2,10,staged,0.2,0.1,rule,0.2619661553
2023-03-20,2023-03-17,2023-03-16,deployment,recovery_1_of_3,-0.05023780972,0.05018763385,SSO,True,1,9191,ASYMMETRIC_RESERVE_BAND,SSO,LAG2,10,staged,0.2,0.1,rule,0.09250665337
2023-03-22,2023-03-21,2023-03-20,deployment,recovery_1_of_3,-0.03344165633,0.03340824136,SSO,True,1,9193,ASYMMETRIC_RESERVE_BAND,SSO,LAG2,10,staged,0.2,0.1,rule,0.05986726764
2023-04-20,2023-04-19,2023-04-18,deployment,recovery_2_of_3,-0.03357215178,0.03357213923,SSO,True,21,9213,ASYMMETRIC_RESERVE_BAND,SSO,LAG2,10,staged,0.2,0.1,rule,0.05607102938
2023-06-16,2023-06-15,2023-06-14,deployment,recovery_3_of_3,-0.0337806642,0.03378065293,SSO,True,61,9253,ASYMMETRIC_RESERVE_BAND,SSO,LAG2,10,staged,0.2,0.1,rule,0.05004733668
2025-03-26,2025-03-25,2025-03-24,deployment,recovery_1_of_3,-4.441960548,4.437793341,SSO,True,1,9697,ASYMMETRIC_RESERVE_BAND,SSO,LAG2,10,staged,0.2,0.1,rule,5.114274621
2025-05-14,2025-05-13,2025-05-12,deployment,recovery_1_of_3,-2.972937666,2.97008738,SSO,True,1,9731,ASYMMETRIC_RESERVE_BAND,SSO,LAG2,10,staged,0.2,0.1,rule,3.411267166
2025-06-12,2025-06-11,2025-06-10,deployment,recovery_2_of_3,-2.983249517,2.983190199,SSO,True,21,9751,ASYMMETRIC_RESERVE_BAND,SSO,LAG2,10,staged,0.2,0.1,rule,3.282927403
2025-08-11,2025-08-08,2025-08-07,deployment,recovery_3_of_3,-2.998052883,2.997999158,SSO,True,61,9791,ASYMMETRIC_RESERVE_BAND,SSO,LAG2,10,staged,0.2,0.1,rule,2.95292228
2026-04-10,2026-04-09,2026-04-08,deployment,recovery_1_of_3,-5.847146112,5.841684912,SSO,True,1,9958,ASYMMETRIC_RESERVE_BAND,SSO,LAG2,10,staged,0.2,0.1,rule,6.035994566
2026-05-08,2026-05-07,2026-05-06,deployment,recovery_2_of_3,-5.863710909,5.863540722,SSO,True,21,9978,ASYMMETRIC_RESERVE_BAND,SSO,LAG2,10,staged,0.2,0.1,rule,5.263100317
2026-07-08,2026-07-07,2026-07-06,deployment,recovery_3_of_3,-20.72529148,20.723241,SSO,True,61,10018,ASYMMETRIC_RESERVE_BAND,SSO,LAG2,10,staged,0.2,0.1,rule,19.33381595
1987-10-21,1987-10-20,1987-10-19,deployment,drawdown_20_30,-0.02958257307,0.02958167794,SP500_1X,False,0,269,HWM_DRAWDOWN,SSO,LAG2,10,drawdown,0.15,0.1,rule,4.560708146
2001-03-14,2001-03-13,2001-03-12,deployment,drawdown_20,-0.3118134076,0.3118028047,SP500_1X,False,0,3653,HWM_DRAWDOWN,SSO,LAG2,10,drawdown,0.15,0.1,rule,5.946713597
2001-09-19,2001-09-18,2001-09-17,deployment,drawdown_30,-0.3972642747,0.3972449047,SP500_1X,False,0,3780,HWM_DRAWDOWN,SSO,LAG2,10,drawdown,0.15,0.1,rule,8.729163114
2002-07-22,2002-07-19,2002-07-18,deployment,drawdown_40,-0.4033648738,0.4033406537,SP500_1X,False,0,3990,HWM_DRAWDOWN,SSO,LAG2,10,drawdown,0.15,0.1,rule,11.04517446
2008-07-16,2008-07-15,2008-07-14,deployment,drawdown_20,-0.161431415,0.1614290969,SP500_1X,False,0,5497,HWM_DRAWDOWN,SSO,LAG2,10,drawdown,0.15,0.1,rule,2.643448176
2008-10-08,2008-10-07,2008-10-06,deployment,drawdown_30,-0.2024569577,0.2024525882,SP500_1X,False,0,5556,HWM_DRAWDOWN,SSO,LAG2,10,drawdown,0.15,0.1,rule,4.022618365
2008-10-13,2008-10-10,2008-10-09,deployment,drawdown_40,-0.2024685635,0.2024637496,SP500_1X,False,0,5559,HWM_DRAWDOWN,SSO,LAG2,10,drawdown,0.15,0.1,rule,4.454056477
2008-11-24,2008-11-21,2008-11-20,deployment,drawdown_50,-0.2430694339,0.2430616894,SP500_1X,False,0,5589,HWM_DRAWDOWN,SSO,LAG2,10,drawdown,0.15,0.1,rule,5.989281737
2020-03-16,2020-03-13,2020-03-12,deployment,drawdown_20,-1.097629491,1.097606196,SP500_1X,False,0,8433,HWM_DRAWDOWN,SSO,LAG2,10,drawdown,0.15,0.1,rule,4.463217143
2020-03-24,2020-03-23,2020-03-20,deployment,drawdown_30,-1.372092159,1.372048841,SP500_1X,False,0,8439,HWM_DRAWDOWN,SSO,LAG2,10,drawdown,0.15,0.1,rule,6.758196027
2022-06-15,2022-06-14,2022-06-13,deployment,drawdown_20,-1.828991878,1.828954989,SP500_1X,False,0,9001,HWM_DRAWDOWN,SSO,LAG2,10,drawdown,0.15,0.1,rule,4.468324366
1987-10-21,1987-10-20,1987-10-19,deployment,drawdown_20_30,-0.04772542375,0.04772307299,SP500_1X,False,0,269,BAND_DRAWDOWN,SSO,LAG2,10,drawdown,0.2,0.1,rule,7.219711801
2001-03-14,2001-03-13,2001-03-12,deployment,drawdown_20,-0.229550853,0.2295449685,SP500_1X,False,0,3653,BAND_DRAWDOWN,SSO,LAG2,10,drawdown,0.2,0.1,rule,4.050453833
2001-09-19,2001-09-18,2001-09-17,deployment,drawdown_30,-0.2924580885,0.2924472767,SP500_1X,False,0,3780,BAND_DRAWDOWN,SSO,LAG2,10,drawdown,0.2,0.1,rule,5.945599314
2002-07-22,2002-07-19,2002-07-18,deployment,drawdown_40,-0.2969492287,0.2969356192,SP500_1X,False,0,3990,BAND_DRAWDOWN,SSO,LAG2,10,drawdown,0.2,0.1,rule,7.524427123
2008-07-16,2008-07-15,2008-07-14,deployment,drawdown_20,-0.2959713725,0.2959635014,SP500_1X,False,0,5497,BAND_DRAWDOWN,SSO,LAG2,10,drawdown,0.2,0.1,rule,4.762599037
2008-10-08,2008-10-07,2008-10-06,deployment,drawdown_30,-0.3711883691,0.3711736867,SP500_1X,False,0,5556,BAND_DRAWDOWN,SSO,LAG2,10,drawdown,0.2,0.1,rule,7.24748566
2008-10-13,2008-10-10,2008-10-09,deployment,drawdown_40,-0.3712096473,0.3711935393,SP500_1X,False,0,5559,BAND_DRAWDOWN,SSO,LAG2,10,drawdown,0.2,0.1,rule,8.024944877
2008-11-24,2008-11-21,2008-11-20,deployment,drawdown_50,-0.4456100751,0.4455842377,SP500_1X,False,0,5589,BAND_DRAWDOWN,SSO,LAG2,10,drawdown,0.2,0.1,rule,10.79027716
2020-03-16,2020-03-13,2020-03-12,deployment,drawdown_20,-0.6971980641,0.6971882776,SP500_1X,False,0,8433,BAND_DRAWDOWN,SSO,LAG2,10,drawdown,0.2,0.1,rule,2.809402689
2020-03-24,2020-03-23,2020-03-20,deployment,drawdown_30,-0.8715327025,0.8715143957,SP500_1X,False,0,8439,BAND_DRAWDOWN,SSO,LAG2,10,drawdown,0.2,0.1,rule,4.25396234
2022-06-15,2022-06-14,2022-06-13,deployment,drawdown_20,-1.400568415,1.400545569,SP500_1X,False,0,9001,BAND_DRAWDOWN,SSO,LAG2,10,drawdown,0.2,0.1,rule,3.430607026
1986-11-24,1986-11-21,1986-11-20,deployment,recovery_1_of_3,-0.004012591367,0.004002635192,SSO,True,1,40,HWM_RESERVE,SSO,LAG2,25,staged,0.15,0.1,rule,0.3771702886
1986-12-23,1986-12-22,1986-12-19,deployment,recovery_2_of_3,-0.004031741323,0.004031698593,SSO,True,21,60,HWM_RESERVE,SSO,LAG2,25,staged,0.15,0.1,rule,0.4271773892
1987-02-20,1987-02-19,1987-02-18,deployment,recovery_3_of_3,-0.01301531528,0.01301496525,SSO,True,61,100,HWM_RESERVE,SSO,LAG2,25,staged,0.15,0.1,rule,1.089192507
1988-06-08,1988-06-07,1988-06-06,deployment,recovery_1_of_3,-0.01516293199,0.01512606595,SSO,True,1,428,HWM_RESERVE,SSO,LAG2,25,staged,0.15,0.1,rule,1.450401416
1988-06-10,1988-06-09,1988-06-08,deployment,recovery_1_of_3,-0.01006313741,0.01003842195,SSO,True,1,430,HWM_RESERVE,SSO,LAG2,25,staged,0.15,0.1,rule,0.9274231589
1988-07-11,1988-07-08,1988-07-07,deployment,recovery_2_of_3,-0.01011669057,0.01011646509,SSO,True,21,450,HWM_RESERVE,SSO,LAG2,25,staged,0.15,0.1,rule,0.9405823694
1988-08-26,1988-08-25,1988-08-24,deployment,recovery_1_of_3,-0.003378697039,0.003370305645,SSO,True,1,484,HWM_RESERVE,SSO,LAG2,25,staged,0.15,0.1,rule,0.3460024183
1988-09-07,1988-09-06,1988-09-02,deployment,recovery_1_of_3,-0.002246833213,0.002241239673,SSO,True,1,491,HWM_RESERVE,SSO,LAG2,25,staged,0.15,0.1,rule,0.2212555152
1988-10-05,1988-10-04,1988-10-03,deployment,recovery_2_of_3,-0.002259748504,0.002259736982,SSO,True,21,511,HWM_RESERVE,SSO,LAG2,25,staged,0.15,0.1,rule,0.2152975858
1988-11-25,1988-11-23,1988-11-22,deployment,recovery_1_of_3,-0.0007556023143,0.0007537159783,SSO,True,1,547,HWM_RESERVE,SSO,LAG2,25,staged,0.15,0.1,rule,0.07460766234
1988-12-23,1988-12-22,1988-12-21,deployment,recovery_2_of_3,-0.0007606056904,0.0007606044051,SSO,True,21,567,HWM_RESERVE,SSO,LAG2,25,staged,0.15,0.1,rule,0.07136115833
1989-02-22,1989-02-21,1989-02-17,deployment,recovery_3_of_3,-0.0007677666475,0.000767765494,SSO,True,61,607,HWM_RESERVE,SSO,LAG2,25,staged,0.15,0.1,rule,0.06343845022
1990-03-12,1990-03-09,1990-03-08,deployment,recovery_1_of_3,-0.006358863982,0.006343097038,SSO,True,1,872,HWM_RESERVE,SSO,LAG2,25,staged,0.15,0.1,rule,0.4377127269
1990-03-20,1990-03-19,1990-03-16,deployment,recovery_1_of_3,-0.004227772855,0.00421726024,SSO,True,1,878,HWM_RESERVE,SSO,LAG2,25,staged,0.15,0.1,rule,0.2872218971
1990-03-29,1990-03-28,1990-03-27,deployment,recovery_1_of_3,-0.002810179408,0.002803179893,SSO,True,1,885,HWM_RESERVE,SSO,LAG2,25,staged,0.15,0.1,rule,0.1972617031
1990-04-05,1990-04-04,1990-04-03,deployment,recovery_1_of_3,-0.001867022608,0.001862366701,SSO,True,1,890,HWM_RESERVE,SSO,LAG2,25,staged,0.15,0.1,rule,0.1333798198
1990-04-11,1990-04-10,1990-04-09,deployment,recovery_1_of_3,-0.001240118163,0.001237023035,SSO,True,1,894,HWM_RESERVE,SSO,LAG2,25,staged,0.15,0.1,rule,0.08906978673
1990-05-10,1990-05-09,1990-05-08,deployment,recovery_1_of_3,-0.0008278986296,0.0008258312178,SSO,True,1,914,HWM_RESERVE,SSO,LAG2,25,staged,0.15,0.1,rule,0.06028591462
1990-06-08,1990-06-07,1990-06-06,deployment,recovery_2_of_3,-0.0008331545137,0.0008331534551,SSO,True,21,934,HWM_RESERVE,SSO,LAG2,25,staged,0.15,0.1,rule,0.05431713659
1990-08-06,1990-08-03,1990-08-02,deployment,recovery_3_of_3,-0.0008393087534,0.0008393075502,SSO,True,61,974,HWM_RESERVE,SSO,LAG2,25,staged,0.15,0.1,rule,0.06128852228
1991-04-24,1991-04-23,1991-04-22,deployment,recovery_3_of_3,-0.005274462935,0.005274424096,SSO,True,61,1155,HWM_RESERVE,SSO,LAG2,25,staged,0.15,0.1,rule,0.3157419453
1991-12-17,1991-12-16,1991-12-13,deployment,recovery_1_of_3,-0.001633661741,0.001629585129,SSO,True,1,1320,HWM_RESERVE,SSO,LAG2,25,staged,0.15,0.1,rule,0.09926639528
1992-01-16,1992-01-15,1992-01-14,deployment,recovery_2_of_3,-0.001638967098,0.00163896391,SSO,True,21,1340,HWM_RESERVE,SSO,LAG2,25,staged,0.15,0.1,rule,0.0842794537
1992-03-13,1992-03-12,1992-03-11,deployment,recovery_3_of_3,-0.01917826965,0.01917779656,SSO,True,61,1380,HWM_RESERVE,SSO,LAG2,25,staged,0.15,0.1,rule,1.07011844
1992-09-17,1992-09-16,1992-09-15,deployment,recovery_3_of_3,-0.001020338707,0.001020337446,SSO,True,61,1510,HWM_RESERVE,SSO,LAG2,25,staged,0.15,0.1,rule,0.05364463372
1993-01-18,1993-01-15,1993-01-14,deployment,recovery_3_of_3,-0.01149697868,0.01149682777,SSO,True,61,1594,HWM_RESERVE,SSO,LAG2,25,staged,0.15,0.1,rule,0.5726989773
1994-06-16,1994-06-15,1994-06-14,deployment,recovery_1_of_3,-0.01490407354,0.01486726671,SSO,True,1,1951,HWM_RESERVE,SSO,LAG2,25,staged,0.15,0.1,rule,0.6759080878
1994-08-03,1994-08-02,1994-08-01,deployment,recovery_1_of_3,-0.009943947972,0.009919289771,SSO,True,1,1984,HWM_RESERVE,SSO,LAG2,25,staged,0.15,0.1,rule,0.4506545278
1994-08-05,1994-08-04,1994-08-03,deployment,recovery_1_of_3,-0.006598065795,0.006581660087,SSO,True,1,1986,HWM_RESERVE,SSO,LAG2,25,staged,0.15,0.1,rule,0.3012781441
1994-08-16,1994-08-15,1994-08-12,deployment,recovery_1_of_3,-0.004382828081,0.004371910505,SSO,True,1,1993,HWM_RESERVE,SSO,LAG2,25,staged,0.15,0.1,rule,0.2002390842
1994-09-14,1994-09-13,1994-09-12,deployment,recovery_2_of_3,-0.004399144668,0.004399125235,SSO,True,21,2013,HWM_RESERVE,SSO,LAG2,25,staged,0.15,0.1,rule,0.196303782
1994-09-29,1994-09-28,1994-09-27,deployment,recovery_1_of_3,-0.001458303292,0.001454661904,SSO,True,1,2024,HWM_RESERVE,SSO,LAG2,25,staged,0.15,0.1,rule,0.06658738745
1994-10-13,1994-10-12,1994-10-11,deployment,recovery_1_of_3,-0.0009691816472,0.0009667606782,SSO,True,1,2034,HWM_RESERVE,SSO,LAG2,25,staged,0.15,0.1,rule,0.04551344003
1994-11-10,1994-11-09,1994-11-08,deployment,recovery_2_of_3,-0.0009730211837,0.0009730201798,SSO,True,21,2054,HWM_RESERVE,SSO,LAG2,25,staged,0.15,0.1,rule,0.04585432062
1994-12-20,1994-12-19,1994-12-16,deployment,recovery_1_of_3,-0.0003239031968,0.0003230936731,SSO,True,1,2081,HWM_RESERVE,SSO,LAG2,25,staged,0.15,0.1,rule,0.01606912315
1994-12-23,1994-12-22,1994-12-21,deployment,recovery_1_of_3,-0.0002149570223,0.0002144197333,SSO,True,1,2084,HWM_RESERVE,SSO,LAG2,25,staged,0.15,0.1,rule,0.0106961046
1995-01-24,1995-01-23,1995-01-20,deployment,recovery_2_of_3,-0.0002160483304,0.0002160482792,SSO,True,21,2104,HWM_RESERVE,SSO,LAG2,25,staged,0.15,0.1,rule,0.01052039522
1995-03-22,1995-03-21,1995-03-20,deployment,recovery_3_of_3,-0.0002169664858,0.0002169664401,SSO,True,61,2144,HWM_RESERVE,SSO,LAG2,25,staged,0.15,0.1,rule,0.009372688573
1996-07-19,1996-07-18,1996-07-17,deployment,recovery_1_of_3,-0.06673292766,0.06657161764,SSO,True,1,2480,HWM_RESERVE,SSO,LAG2,25,staged,0.15,0.1,rule,1.934923919
1996-07-30,1996-07-29,1996-07-26,deployment,recovery_1_of_3,-0.04434458976,0.04423629374,SSO,True,1,2487,HWM_RESERVE,SSO,LAG2,25,staged,0.15,0.1,rule,1.354980714
1996-08-01,1996-07-31,1996-07-30,deployment,recovery_1_of_3,-0.02942744018,0.02935498356,SSO,True,1,2489,HWM_RESERVE,SSO,LAG2,25,staged,0.15,0.1,rule,0.8845898551
1996-08-29,1996-08-28,1996-08-27,deployment,recovery_2_of_3,-0.02954454206,0.02954401992,SSO,True,21,2509,HWM_RESERVE,SSO,LAG2,25,staged,0.15,0.1,rule,0.826605116
1996-10-25,1996-10-24,1996-10-23,deployment,recovery_3_of_3,-0.04510621391,0.04510511658,SSO,True,61,2549,HWM_RESERVE,SSO,LAG2,25,staged,0.15,0.1,rule,1.14095177
1998-09-25,1998-09-24,1998-09-23,deployment,recovery_1_of_3,-0.238921595,0.2383564148,SSO,True,1,3032,HWM_RESERVE,SSO,LAG2,25,staged,0.15,0.1,rule,3.429542313
1998-10-26,1998-10-23,1998-10-22,deployment,recovery_1_of_3,-0.1590459874,0.1586622821,SSO,True,1,3053,HWM_RESERVE,SSO,LAG2,25,staged,0.15,0.1,rule,2.227711
1998-10-28,1998-10-27,1998-10-26,deployment,recovery_1_of_3,-0.1055658665,0.105308133,SSO,True,1,3055,HWM_RESERVE,SSO,LAG2,25,staged,0.15,0.1,rule,1.491706226
1998-11-02,1998-10-30,1998-10-29,deployment,recovery_1_of_3,-0.07005829927,0.06988580057,SSO,True,1,3058,HWM_RESERVE,SSO,LAG2,25,staged,0.15,0.1,rule,0.9618363552
1998-12-01,1998-11-30,1998-11-27,deployment,recovery_2_of_3,-0.07032718733,0.07032598829,SSO,True,21,3078,HWM_RESERVE,SSO,LAG2,25,staged,0.15,0.1,rule,0.8667161331
1999-01-29,1999-01-28,1999-01-27,deployment,recovery_3_of_3,-0.1400848414,0.1400807644,SSO,True,61,3118,HWM_RESERVE,SSO,LAG2,25,staged,0.15,0.1,rule,1.48675664
1999-10-08,1999-10-07,1999-10-06,deployment,recovery_1_of_3,-0.07989095953,0.07969387264,SSO,True,1,3293,HWM_RESERVE,SSO,LAG2,25,staged,0.15,0.1,rule,0.8612954296
1999-11-01,1999-10-29,1999-10-28,deployment,recovery_1_of_3,-0.05315814546,0.05302641821,SSO,True,1,3309,HWM_RESERVE,SSO,LAG2,25,staged,0.15,0.1,rule,0.5726148118
1999-11-30,1999-11-29,1999-11-26,deployment,recovery_2_of_3,-0.05339313356,0.05339257717,SSO,True,21,3329,HWM_RESERVE,SSO,LAG2,25,staged,0.15,0.1,rule,0.542828804
2000-01-27,2000-01-26,2000-01-25,deployment,recovery_3_of_3,-0.05358345462,0.05358288394,SSO,True,61,3369,HWM_RESERVE,SSO,LAG2,25,staged,0.15,0.1,rule,0.5548533762
2013-02-20,2013-02-19,2013-02-15,deployment,recovery_3_of_3,-0.008735313525,0.008735300731,SSO,True,61,6654,HWM_RESERVE,SSO,LAG2,25,staged,0.15,0.1,rule,0.07635350988
2014-10-23,2014-10-22,2014-10-21,deployment,recovery_1_of_3,-0.375597715,0.3746889733,SSO,True,1,7077,HWM_RESERVE,SSO,LAG2,25,staged,0.15,0.1,rule,2.205944196
2014-11-20,2014-11-19,2014-11-18,deployment,recovery_2_of_3,-0.375603558,0.3755901187,SSO,True,21,7097,HWM_RESERVE,SSO,LAG2,25,staged,0.15,0.1,rule,1.952785533
2015-01-21,2015-01-20,2015-01-16,deployment,recovery_3_of_3,-0.4786300061,0.4786076298,SSO,True,61,7137,HWM_RESERVE,SSO,LAG2,25,staged,0.15,0.1,rule,2.562719744
2015-07-14,2015-07-13,2015-07-10,deployment,recovery_1_of_3,-0.04060281891,0.0405016164,SSO,True,1,7257,HWM_RESERVE,SSO,LAG2,25,staged,0.15,0.1,rule,0.2065025655
2015-08-11,2015-08-10,2015-08-07,deployment,recovery_2_of_3,-0.04060434177,0.04060418986,SSO,True,21,7277,HWM_RESERVE,SSO,LAG2,25,staged,0.15,0.1,rule,0.2059993904
2015-10-27,2015-10-26,2015-10-23,deployment,recovery_1_of_3,-0.01343448808,0.0134009379,SSO,True,1,7331,HWM_RESERVE,SSO,LAG2,25,staged,0.15,0.1,rule,0.0738593852
2015-11-20,2015-11-19,2015-11-18,deployment,recovery_1_of_3,-0.008912198498,0.008889934205,SSO,True,1,7349,HWM_RESERVE,SSO,LAG2,25,staged,0.15,0.1,rule,0.05006307972
2015-12-08,2015-12-07,2015-12-04,deployment,recovery_1_of_3,-0.005912332814,0.005897559124,SSO,True,1,7360,HWM_RESERVE,SSO,LAG2,25,staged,0.15,0.1,rule,0.03326167807
2015-12-18,2015-12-17,2015-12-16,deployment,recovery_1_of_3,-0.003922154239,0.00391235211,SSO,True,1,7368,HWM_RESERVE,SSO,LAG2,25,staged,0.15,0.1,rule,0.02286626069
2015-12-28,2015-12-24,2015-12-23,deployment,recovery_1_of_3,-0.002601821248,0.002595318148,SSO,True,1,7373,HWM_RESERVE,SSO,LAG2,25,staged,0.15,0.1,rule,0.01537834385
2015-12-31,2015-12-30,2015-12-29,deployment,recovery_1_of_3,-0.001725947978,0.001721633751,SSO,True,1,7376,HWM_RESERVE,SSO,LAG2,25,staged,0.15,0.1,rule,0.01026204163
2016-03-15,2016-03-14,2016-03-11,deployment,recovery_1_of_3,-0.001145553514,0.001142689927,SSO,True,1,7426,HWM_RESERVE,SSO,LAG2,25,staged,0.15,0.1,rule,0.007135358463
2016-03-18,2016-03-17,2016-03-16,deployment,recovery_1_of_3,-0.0007599099118,0.0007580102665,SSO,True,1,7429,HWM_RESERVE,SSO,LAG2,25,staged,0.15,0.1,rule,0.004690379132
2016-04-18,2016-04-15,2016-04-14,deployment,recovery_2_of_3,-0.0007600653881,0.0007600653257,SSO,True,21,7449,HWM_RESERVE,SSO,LAG2,25,staged,0.15,0.1,rule,0.004520609333
2016-06-14,2016-06-13,2016-06-10,deployment,recovery_3_of_3,-0.0007565884277,0.000756588366,SSO,True,61,7489,HWM_RESERVE,SSO,LAG2,25,staged,0.15,0.1,rule,0.004492335385
2018-04-05,2018-04-04,2018-04-03,deployment,recovery_1_of_3,-0.5076363195,0.5064024955,SSO,True,1,7944,HWM_RESERVE,SSO,LAG2,25,staged,0.15,0.1,rule,1.996218194
2018-05-03,2018-05-02,2018-05-01,deployment,recovery_2_of_3,-0.5083343604,0.5083164828,SSO,True,21,7964,HWM_RESERVE,SSO,LAG2,25,staged,0.15,0.1,rule,2.021662674
2018-06-29,2018-06-28,2018-06-27,deployment,recovery_3_of_3,-0.5073596826,0.5073429162,SSO,True,61,8004,HWM_RESERVE,SSO,LAG2,25,staged,0.15,0.1,rule,1.898142558
2018-10-16,2018-10-15,2018-10-12,deployment,recovery_1_of_3,-0.03225241551,0.03217191637,SSO,True,1,8079,HWM_RESERVE,SSO,LAG2,25,staged,0.15,0.1,rule,0.1177364166
2018-10-18,2018-10-17,2018-10-16,deployment,recovery_1_of_3,-0.02139711621,0.02134367938,SSO,True,1,8081,HWM_RESERVE,SSO,LAG2,25,staged,0.15,0.1,rule,0.0752840971
2018-11-09,2018-11-08,2018-11-07,deployment,recovery_1_of_3,-0.01421353376,0.01417802523,SSO,True,1,8097,HWM_RESERVE,SSO,LAG2,25,staged,0.15,0.1,rule,0.05124935937
2018-12-06,2018-12-04,2018-12-03,deployment,recovery_1_of_3,-0.009444393521,0.00942079456,SSO,True,1,8114,HWM_RESERVE,SSO,LAG2,25,staged,0.15,0.1,rule,0.03664789512
2019-02-14,2019-02-13,2019-02-12,deployment,recovery_1_of_3,-0.006294350024,0.0062786194,SSO,True,1,8161,HWM_RESERVE,SSO,LAG2,25,staged,0.15,0.1,rule,0.02401679578
2019-03-13,2019-03-12,2019-03-11,deployment,recovery_1_of_3,-0.004182852228,0.004172397409,SSO,True,1,8179,HWM_RESERVE,SSO,LAG2,25,staged,0.15,0.1,rule,0.01590749921
2019-04-10,2019-04-09,2019-04-08,deployment,recovery_2_of_3,-0.004190692611,0.004190691523,SSO,True,21,8199,HWM_RESERVE,SSO,LAG2,25,staged,0.15,0.1,rule,0.01495089351
2019-06-06,2019-06-05,2019-06-04,deployment,recovery_1_of_3,-0.001391657719,0.001388178832,SSO,True,1,8238,HWM_RESERVE,SSO,LAG2,25,staged,0.15,0.1,rule,0.005325861028
2019-07-05,2019-07-03,2019-07-02,deployment,recovery_2_of_3,-0.001393998724,0.001393998608,SSO,True,21,8258,HWM_RESERVE,SSO,LAG2,25,staged,0.15,0.1,rule,0.004818349913
2019-08-30,2019-08-29,2019-08-28,deployment,recovery_3_of_3,-0.001391499474,0.001391499353,SSO,True,61,8298,HWM_RESERVE,SSO,LAG2,25,staged,0.15,0.1,rule,0.005009653016
2020-03-04,2020-03-03,2020-03-02,deployment,recovery_1_of_3,-0.2926014799,0.2918803399,SSO,True,1,8425,HWM_RESERVE,SSO,LAG2,25,staged,0.15,0.1,rule,1.041835295
2020-03-06,2020-03-05,2020-03-04,deployment,recovery_1_of_3,-0.1941156501,0.1936347382,SSO,True,1,8427,HWM_RESERVE,SSO,LAG2,25,staged,0.15,0.1,rule,0.6628560855
2020-05-29,2020-05-28,2020-05-27,deployment,recovery_1_of_3,-0.1288160414,0.1284959594,SSO,True,1,8485,HWM_RESERVE,SSO,LAG2,25,staged,0.15,0.1,rule,0.4468749108
2020-06-16,2020-06-15,2020-06-12,deployment,recovery_1_of_3,-0.0854577592,0.0852449704,SSO,True,1,8497,HWM_RESERVE,SSO,LAG2,25,staged,0.15,0.1,rule,0.2943161063
2020-07-01,2020-06-30,2020-06-29,deployment,recovery_1_of_3,-0.05669213513,0.05655078139,SSO,True,1,8508,HWM_RESERVE,SSO,LAG2,25,staged,0.15,0.1,rule,0.195273274
2020-07-30,2020-07-29,2020-07-28,deployment,recovery_2_of_3,-0.0566980901,0.05669791899,SSO,True,21,8528,HWM_RESERVE,SSO,LAG2,25,staged,0.15,0.1,rule,0.1773775789
2020-09-25,2020-09-24,2020-09-23,deployment,recovery_3_of_3,-0.3904499996,0.390441822,SSO,True,61,8568,HWM_RESERVE,SSO,LAG2,25,staged,0.15,0.1,rule,1.239949666
2022-02-02,2022-02-01,2022-01-31,deployment,recovery_1_of_3,-1.42800539,1.424552329,SSO,True,1,8909,HWM_RESERVE,SSO,LAG2,25,staged,0.15,0.1,rule,2.549604139
2022-02-17,2022-02-16,2022-02-15,deployment,recovery_1_of_3,-0.947528722,0.9452141516,SSO,True,1,8920,HWM_RESERVE,SSO,LAG2,25,staged,0.15,0.1,rule,1.785369091
2022-03-24,2022-03-23,2022-03-22,deployment,recovery_1_of_3,-0.6288382435,0.6272909095,SSO,True,1,8944,HWM_RESERVE,SSO,LAG2,25,staged,0.15,0.1,rule,1.228771411
2022-03-28,2022-03-25,2022-03-24,deployment,recovery_1_of_3,-0.4171760707,0.4161437272,SSO,True,1,8946,HWM_RESERVE,SSO,LAG2,25,staged,0.15,0.1,rule,0.7922397653
2022-04-11,2022-04-08,2022-04-07,deployment,recovery_1_of_3,-0.2768046672,0.2761174476,SSO,True,1,8956,HWM_RESERVE,SSO,LAG2,25,staged,0.15,0.1,rule,0.5400777294
2022-12-02,2022-12-01,2022-11-30,deployment,recovery_1_of_3,-0.1865881726,0.1861241246,SSO,True,1,9119,HWM_RESERVE,SSO,LAG2,25,staged,0.15,0.1,rule,0.4053703796
2023-01-18,2023-01-17,2023-01-13,deployment,recovery_1_of_3,-0.1244825728,0.1241725099,SSO,True,1,9149,HWM_RESERVE,SSO,LAG2,25,staged,0.15,0.1,rule,0.2869378923
2023-01-24,2023-01-23,2023-01-20,deployment,recovery_1_of_3,-0.08263902589,0.08243294323,SSO,True,1,9153,HWM_RESERVE,SSO,LAG2,25,staged,0.15,0.1,rule,0.1946254506
2023-02-22,2023-02-21,2023-02-17,deployment,recovery_2_of_3,-0.0829504045,0.08295014059,SSO,True,21,9173,HWM_RESERVE,SSO,LAG2,25,staged,0.15,0.1,rule,0.1987675657
2023-03-20,2023-03-17,2023-03-16,deployment,recovery_1_of_3,-0.02753147213,0.02746270512,SSO,True,1,9191,HWM_RESERVE,SSO,LAG2,25,staged,0.15,0.1,rule,0.06997909156
2023-03-22,2023-03-21,2023-03-20,deployment,recovery_1_of_3,-0.01827183733,0.01822618423,SSO,True,1,9193,HWM_RESERVE,SSO,LAG2,25,staged,0.15,0.1,rule,0.04528816956
2023-04-20,2023-04-19,2023-04-18,deployment,recovery_2_of_3,-0.01834313738,0.01834312491,SSO,True,21,9213,HWM_RESERVE,SSO,LAG2,25,staged,0.15,0.1,rule,0.04248016153
2023-06-16,2023-06-15,2023-06-14,deployment,recovery_3_of_3,-0.01840160071,0.01840158957,SSO,True,61,9253,HWM_RESERVE,SSO,LAG2,25,staged,0.15,0.1,rule,0.03780260356
2025-03-26,2025-03-25,2025-03-24,deployment,recovery_1_of_3,-0.9295608178,0.9272768896,SSO,True,1,9697,HWM_RESERVE,SSO,LAG2,25,staged,0.15,0.1,rule,1.378846395
2025-05-14,2025-05-13,2025-05-12,deployment,recovery_1_of_3,-0.620250624,0.6187177882,SSO,True,1,9731,HWM_RESERVE,SSO,LAG2,25,staged,0.15,0.1,rule,0.9197029455
2025-06-12,2025-06-11,2025-06-10,deployment,recovery_2_of_3,-0.6224020085,0.6223934012,SSO,True,21,9751,HWM_RESERVE,SSO,LAG2,25,staged,0.15,0.1,rule,0.8864436901
2025-08-11,2025-08-08,2025-08-07,deployment,recovery_3_of_3,-0.6235984085,0.6235906709,SSO,True,61,9791,HWM_RESERVE,SSO,LAG2,25,staged,0.15,0.1,rule,0.7949202558
2026-04-10,2026-04-09,2026-04-08,deployment,recovery_1_of_3,-0.6815498439,0.6798634182,SSO,True,1,9958,HWM_RESERVE,SSO,LAG2,25,staged,0.15,0.1,rule,0.8328880179
2026-05-08,2026-05-07,2026-05-06,deployment,recovery_2_of_3,-0.6834806551,0.6834730042,SSO,True,21,9978,HWM_RESERVE,SSO,LAG2,25,staged,0.15,0.1,rule,0.7285361144
2026-07-08,2026-07-07,2026-07-06,deployment,recovery_3_of_3,-1.926440755,1.926382234,SSO,True,61,10018,HWM_RESERVE,SSO,LAG2,25,staged,0.15,0.1,rule,1.989303792
1986-10-03,1986-10-02,1986-10-01,deployment,recovery_1_of_3,-0.03336277949,0.03328489765,SSO,True,1,4,ASYMMETRIC_RESERVE_BAND,SSO,LAG2,25,staged,0.2,0.1,rule,0.2166145636
1986-10-31,1986-10-30,1986-10-29,deployment,recovery_2_of_3,-0.03349903666,0.03349644266,SSO,True,21,24,ASYMMETRIC_RESERVE_BAND,SSO,LAG2,25,staged,0.2,0.1,rule,0.201612771
1986-11-24,1986-11-21,1986-11-20,deployment,recovery_1_of_3,-0.03666312761,0.0365777711,SSO,True,1,40,ASYMMETRIC_RESERVE_BAND,SSO,LAG2,25,staged,0.2,0.1,rule,0.241778747
1986-12-23,1986-12-22,1986-12-19,deployment,recovery_2_of_3,-0.03683810114,0.03683455288,SSO,True,21,60,ASYMMETRIC_RESERVE_BAND,SSO,LAG2,25,staged,0.2,0.1,rule,0.2733829853
1987-02-20,1987-02-19,1987-02-18,deployment,recovery_3_of_3,-0.1176776965,0.1176489855,SSO,True,61,100,ASYMMETRIC_RESERVE_BAND,SSO,LAG2,25,staged,0.2,0.1,rule,0.7379432274
1988-06-08,1988-06-07,1988-06-06,deployment,recovery_1_of_3,-0.04471398723,0.04461118699,SSO,True,1,428,ASYMMETRIC_RESERVE_BAND,SSO,LAG2,25,staged,0.2,0.1,rule,0.3455374258
1988-06-10,1988-06-09,1988-06-08,deployment,recovery_1_of_3,-0.02968290688,0.02961252598,SSO,True,1,430,ASYMMETRIC_RESERVE_BAND,SSO,LAG2,25,staged,0.2,0.1,rule,0.2209453241
1988-07-11,1988-07-08,1988-07-07,deployment,recovery_2_of_3,-0.02984087088,0.02983892156,SSO,True,21,450,ASYMMETRIC_RESERVE_BAND,SSO,LAG2,25,staged,0.2,0.1,rule,0.2240612378
1988-08-26,1988-08-25,1988-08-24,deployment,recovery_1_of_3,-0.009967780987,0.009943339312,SSO,True,1,484,ASYMMETRIC_RESERVE_BAND,SSO,LAG2,25,staged,0.2,0.1,rule,0.08243718878
1988-09-07,1988-09-06,1988-09-02,deployment,recovery_1_of_3,-0.006628985085,0.006612615965,SSO,True,1,491,ASYMMETRIC_RESERVE_BAND,SSO,LAG2,25,staged,0.2,0.1,rule,0.05271547743
1988-10-05,1988-10-04,1988-10-03,deployment,recovery_2_of_3,-0.006667089948,0.006666990412,SSO,True,21,511,ASYMMETRIC_RESERVE_BAND,SSO,LAG2,25,staged,0.2,0.1,rule,0.0512949258
1988-11-25,1988-11-23,1988-11-22,deployment,recovery_1_of_3,-0.002229396753,0.002223846323,SSO,True,1,547,ASYMMETRIC_RESERVE_BAND,SSO,LAG2,25,staged,0.2,0.1,rule,0.01777609279
1988-12-23,1988-12-22,1988-12-21,deployment,recovery_2_of_3,-0.002244159162,0.002244148057,SSO,True,21,567,ASYMMETRIC_RESERVE_BAND,SSO,LAG2,25,staged,0.2,0.1,rule,0.01700246154
1989-02-22,1989-02-21,1989-02-17,deployment,recovery_3_of_3,-0.002265311124,0.002265301157,SSO,True,61,607,ASYMMETRIC_RESERVE_BAND,SSO,LAG2,25,staged,0.2,0.1,rule,0.01511500938
1990-03-12,1990-03-09,1990-03-08,deployment,recovery_1_of_3,-0.05847280281,0.05833743483,SSO,True,1,872,ASYMMETRIC_RESERVE_BAND,SSO,LAG2,25,staged,0.2,0.1,rule,0.3573194888
1990-03-20,1990-03-19,1990-03-16,deployment,recovery_1_of_3,-0.03888920093,0.03879670287,SSO,True,1,878,ASYMMETRIC_RESERVE_BAND,SSO,LAG2,25,staged,0.2,0.1,rule,0.2344688084
1990-03-29,1990-03-28,1990-03-27,deployment,recovery_1_of_3,-0.02585518662,0.02579270295,SSO,True,1,885,ASYMMETRIC_RESERVE_BAND,SSO,LAG2,25,staged,0.2,0.1,rule,0.1610313034
1990-04-05,1990-04-04,1990-04-03,deployment,recovery_1_of_3,-0.01718020692,0.01713822385,SSO,True,1,890,ASYMMETRIC_RESERVE_BAND,SSO,LAG2,25,staged,0.2,0.1,rule,0.1088823927
1990-04-11,1990-04-10,1990-04-09,deployment,recovery_1_of_3,-0.011412627,0.01138452458,SSO,True,1,894,ASYMMETRIC_RESERVE_BAND,SSO,LAG2,25,staged,0.2,0.1,rule,0.0727106358
1990-05-10,1990-05-09,1990-05-08,deployment,recovery_1_of_3,-0.007619548415,0.007600693425,SSO,True,1,914,ASYMMETRIC_RESERVE_BAND,SSO,LAG2,25,staged,0.2,0.1,rule,0.04921340156
1990-06-08,1990-06-07,1990-06-06,deployment,recovery_2_of_3,-0.007667920839,0.007667832853,SSO,True,21,934,ASYMMETRIC_RESERVE_BAND,SSO,LAG2,25,staged,0.2,0.1,rule,0.0443398834
1990-08-06,1990-08-03,1990-08-02,deployment,recovery_3_of_3,-0.007724833729,0.00772473377,SSO,True,61,974,ASYMMETRIC_RESERVE_BAND,SSO,LAG2,25,staged,0.2,0.1,rule,0.0500330041
1991-04-24,1991-04-23,1991-04-22,deployment,recovery_3_of_3,-0.1810107176,0.1809658027,SSO,True,61,1155,ASYMMETRIC_RESERVE_BAND,SSO,LAG2,25,staged,0.2,0.1,rule,1.065142434
1991-12-17,1991-12-16,1991-12-13,deployment,recovery_1_of_3,-0.06509125329,0.06494019021,SSO,True,1,1320,ASYMMETRIC_RESERVE_BAND,SSO,LAG2,25,staged,0.2,0.1,rule,0.4309835691
1992-01-16,1992-01-15,1992-01-14,deployment,recovery_2_of_3,-0.06530263875,0.06529765584,SSO,True,21,1340,ASYMMETRIC_RESERVE_BAND,SSO,LAG2,25,staged,0.2,0.1,rule,0.3627967791
1992-03-13,1992-03-12,1992-03-11,deployment,recovery_3_of_3,-0.06539737647,0.06539196933,SSO,True,61,1380,ASYMMETRIC_RESERVE_BAND,SSO,LAG2,25,staged,0.2,0.1,rule,0.3942088255
1992-09-17,1992-09-16,1992-09-15,deployment,recovery_3_of_3,-0.2143653449,0.2143107299,SSO,True,61,1510,ASYMMETRIC_RESERVE_BAND,SSO,LAG2,25,staged,0.2,0.1,rule,1.352560251
1993-01-18,1993-01-15,1993-01-14,deployment,recovery_3_of_3,-0.2169593616,0.2169064627,SSO,True,61,1594,ASYMMETRIC_RESERVE_BAND,SSO,LAG2,25,staged,0.2,0.1,rule,1.43427994
1994-06-16,1994-06-15,1994-06-14,deployment,recovery_1_of_3,-0.07917824453,0.07899296024,SSO,True,1,1951,ASYMMETRIC_RESERVE_BAND,SSO,LAG2,25,staged,0.2,0.1,rule,0.5202523494
1994-08-03,1994-08-02,1994-08-01,deployment,recovery_1_of_3,-0.05284114054,0.05271467146,SSO,True,1,1984,ASYMMETRIC_RESERVE_BAND,SSO,LAG2,25,staged,0.2,0.1,rule,0.34687272
1994-08-05,1994-08-04,1994-08-03,deployment,recovery_1_of_3,-0.03506751767,0.03498234809,SSO,True,1,1986,ASYMMETRIC_RESERVE_BAND,SSO,LAG2,25,staged,0.2,0.1,rule,0.2318964148
1994-08-16,1994-08-15,1994-08-12,deployment,recovery_1_of_3,-0.02329663593,0.02323949794,SSO,True,1,1993,ASYMMETRIC_RESERVE_BAND,SSO,LAG2,25,staged,0.2,0.1,rule,0.1541257693
1994-09-14,1994-09-13,1994-09-12,deployment,recovery_2_of_3,-0.02338336568,0.02338282251,SSO,True,21,2013,ASYMMETRIC_RESERVE_BAND,SSO,LAG2,25,staged,0.2,0.1,rule,0.1510909225
1994-09-29,1994-09-28,1994-09-27,deployment,recovery_1_of_3,-0.007752117585,0.007732859439,SSO,True,1,2024,ASYMMETRIC_RESERVE_BAND,SSO,LAG2,25,staged,0.2,0.1,rule,0.05125487358
1994-10-13,1994-10-12,1994-10-11,deployment,recovery_1_of_3,-0.005152156795,0.005139331883,SSO,True,1,2034,ASYMMETRIC_RESERVE_BAND,SSO,LAG2,25,staged,0.2,0.1,rule,0.03503344558
1994-11-10,1994-11-09,1994-11-08,deployment,recovery_2_of_3,-0.00517256772,0.005172539662,SSO,True,21,2054,ASYMMETRIC_RESERVE_BAND,SSO,LAG2,25,staged,0.2,0.1,rule,0.03529552594
1994-12-20,1994-12-19,1994-12-16,deployment,recovery_1_of_3,-0.001721895811,0.001717597617,SSO,True,1,2081,ASYMMETRIC_RESERVE_BAND,SSO,LAG2,25,staged,0.2,0.1,rule,0.0123691309
1994-12-23,1994-12-22,1994-12-21,deployment,recovery_1_of_3,-0.001142736128,0.001139882179,SSO,True,1,2084,ASYMMETRIC_RESERVE_BAND,SSO,LAG2,25,staged,0.2,0.1,rule,0.008233275495
1995-01-24,1995-01-23,1995-01-20,deployment,recovery_2_of_3,-0.001148537646,0.001148536217,SSO,True,21,2104,ASYMMETRIC_RESERVE_BAND,SSO,LAG2,25,staged,0.2,0.1,rule,0.008098007404
1995-03-22,1995-03-21,1995-03-20,deployment,recovery_3_of_3,-0.2608591085,0.2607937041,SSO,True,61,2144,ASYMMETRIC_RESERVE_BAND,SSO,LAG2,25,staged,0.2,0.1,rule,1.812605709
1996-07-19,1996-07-18,1996-07-17,deployment,recovery_1_of_3,-0.09580708646,0.09557912275,SSO,True,1,2480,ASYMMETRIC_RESERVE_BAND,SSO,LAG2,25,staged,0.2,0.1,rule,0.4699230776
1996-07-30,1996-07-29,1996-07-26,deployment,recovery_1_of_3,-0.06366956816,0.06351575815,SSO,True,1,2487,ASYMMETRIC_RESERVE_BAND,SSO,LAG2,25,staged,0.2,0.1,rule,0.3290758365
1996-08-01,1996-07-31,1996-07-30,deployment,recovery_1_of_3,-0.04225387899,0.04215056985,SSO,True,1,2489,ASYMMETRIC_RESERVE_BAND,SSO,LAG2,25,staged,0.2,0.1,rule,0.2148349002
1996-08-29,1996-08-28,1996-08-27,deployment,recovery_2_of_3,-0.04242202166,0.04242092916,SSO,True,21,2509,ASYMMETRIC_RESERVE_BAND,SSO,LAG2,25,staged,0.2,0.1,rule,0.2007490314
1996-10-25,1996-10-24,1996-10-23,deployment,recovery_3_of_3,-0.4598285651,0.4597128428,SSO,True,61,2549,ASYMMETRIC_RESERVE_BAND,SSO,LAG2,25,staged,0.2,0.1,rule,2.158979779
1998-09-25,1998-09-24,1998-09-23,deployment,recovery_1_of_3,-0.3561312718,0.355314796,SSO,True,1,3032,ASYMMETRIC_RESERVE_BAND,SSO,LAG2,25,staged,0.2,0.1,rule,1.015916991
1998-10-26,1998-10-23,1998-10-22,deployment,recovery_1_of_3,-0.2371050534,0.2365442976,SSO,True,1,3053,ASYMMETRIC_RESERVE_BAND,SSO,LAG2,25,staged,0.2,0.1,rule,0.6599042231
1998-10-28,1998-10-27,1998-10-26,deployment,recovery_1_of_3,-0.1573921087,0.1570128519,SSO,True,1,3055,ASYMMETRIC_RESERVE_BAND,SSO,LAG2,25,staged,0.2,0.1,rule,0.4418810332
1998-11-02,1998-10-30,1998-10-29,deployment,recovery_1_of_3,-0.104459192,0.104204138,SSO,True,1,3058,ASYMMETRIC_RESERVE_BAND,SSO,LAG2,25,staged,0.2,0.1,rule,0.284920204
1998-12-01,1998-11-30,1998-11-27,deployment,recovery_2_of_3,-0.1048601128,0.1048573501,SSO,True,21,3078,ASYMMETRIC_RESERVE_BAND,SSO,LAG2,25,staged,0.2,0.1,rule,0.2567379032
1999-01-29,1999-01-28,1999-01-27,deployment,recovery_3_of_3,-1.11111173,1.110844671,SSO,True,61,3118,ASYMMETRIC_RESERVE_BAND,SSO,LAG2,25,staged,0.2,0.1,rule,2.564145538
1999-10-08,1999-10-07,1999-10-06,deployment,recovery_1_of_3,-0.4009572223,0.4000239905,SSO,True,1,3293,ASYMMETRIC_RESERVE_BAND,SSO,LAG2,25,staged,0.2,0.1,rule,1.02629818
1999-11-01,1999-10-29,1999-10-28,deployment,recovery_1_of_3,-0.2668669556,0.2662303975,SSO,True,1,3309,ASYMMETRIC_RESERVE_BAND,SSO,LAG2,25,staged,0.2,0.1,rule,0.6823135464
1999-11-30,1999-11-29,1999-11-26,deployment,recovery_2_of_3,-0.2680466536,0.2680320459,SSO,True,21,3329,ASYMMETRIC_RESERVE_BAND,SSO,LAG2,25,staged,0.2,0.1,rule,0.6467611621
2000-01-27,2000-01-26,2000-01-25,deployment,recovery_3_of_3,-0.2690403876,0.269025407,SSO,True,61,3369,ASYMMETRIC_RESERVE_BAND,SSO,LAG2,25,staged,0.2,0.1,rule,0.6612112194
2007-08-08,2007-08-07,2007-08-06,deployment,recovery_1_of_3,-0.4082121258,0.4072596777,SSO,True,1,5261,ASYMMETRIC_RESERVE_BAND,SSO,LAG2,25,staged,0.2,0.1,rule,1.100366372
2007-08-24,2007-08-23,2007-08-22,deployment,recovery_1_of_3,-0.2713755853,0.270728665,SSO,True,1,5273,ASYMMETRIC_RESERVE_BAND,SSO,LAG2,25,staged,0.2,0.1,rule,0.7687269697
2007-08-31,2007-08-30,2007-08-29,deployment,recovery_1_of_3,-0.1802013521,0.1797648648,SSO,True,1,5278,ASYMMETRIC_RESERVE_BAND,SSO,LAG2,25,staged,0.2,0.1,rule,0.5149206151
2007-09-05,2007-09-04,2007-08-31,deployment,recovery_1_of_3,-0.1196177707,0.1193247398,SSO,True,1,5280,ASYMMETRIC_RESERVE_BAND,SSO,LAG2,25,staged,0.2,0.1,rule,0.3324897907
2007-09-13,2007-09-12,2007-09-11,deployment,recovery_1_of_3,-0.0794275967,0.07923179208,SSO,True,1,5286,ASYMMETRIC_RESERVE_BAND,SSO,LAG2,25,staged,0.2,0.1,rule,0.2303636161
2007-10-11,2007-10-10,2007-10-09,deployment,recovery_2_of_3,-0.07966587214,0.07966462902,SSO,True,21,5306,ASYMMETRIC_RESERVE_BAND,SSO,LAG2,25,staged,0.2,0.1,rule,0.2062589174
2007-12-07,2007-12-06,2007-12-05,deployment,recovery_1_of_3,-0.02650586349,0.02643990258,SSO,True,1,5346,ASYMMETRIC_RESERVE_BAND,SSO,LAG2,25,staged,0.2,0.1,rule,0.07578809679
2007-12-14,2007-12-13,2007-12-12,deployment,recovery_1_of_3,-0.01759298167,0.01754913747,SSO,True,1,5351,ASYMMETRIC_RESERVE_BAND,SSO,LAG2,25,staged,0.2,0.1,rule,0.05198101416
2007-12-27,2007-12-26,2007-12-24,deployment,recovery_1_of_3,-0.01168275648,0.0116536123,SSO,True,1,5359,ASYMMETRIC_RESERVE_BAND,SSO,LAG2,25,staged,0.2,0.1,rule,0.0355062705
2009-06-03,2009-06-02,2009-06-01,deployment,recovery_1_of_3,-0.007868933382,0.007849305297,SSO,True,1,5719,ASYMMETRIC_RESERVE_BAND,SSO,LAG2,25,staged,0.2,0.1,rule,0.03724300085
2009-06-26,2009-06-25,2009-06-24,deployment,recovery_1_of_3,-0.005220415592,0.005207385764,SSO,True,1,5736,ASYMMETRIC_RESERVE_BAND,SSO,LAG2,25,staged,0.2,0.1,rule,0.02691505518
2009-07-13,2009-07-10,2009-07-09,deployment,recovery_1_of_3,-0.003463190669,0.003454542965,SSO,True,1,5746,ASYMMETRIC_RESERVE_BAND,SSO,LAG2,25,staged,0.2,0.1,rule,0.01965088768
2009-07-15,2009-07-14,2009-07-13,deployment,recovery_1_of_3,-0.002297323545,0.00229158454,SSO,True,1,5748,ASYMMETRIC_RESERVE_BAND,SSO,LAG2,25,staged,0.2,0.1,rule,0.01241145661
2009-08-12,2009-08-11,2009-08-10,deployment,recovery_2_of_3,-0.002297649171,0.002297647379,SSO,True,21,5768,ASYMMETRIC_RESERVE_BAND,SSO,LAG2,25,staged,0.2,0.1,rule,0.01033565896
2009-10-08,2009-10-07,2009-10-06,deployment,recovery_3_of_3,-0.002286658235,0.002286656666,SSO,True,61,5808,ASYMMETRIC_RESERVE_BAND,SSO,LAG2,25,staged,0.2,0.1,rule,0.009088212316
2012-04-02,2012-03-30,2012-03-29,deployment,recovery_3_of_3,-1.249265505,1.248954909,SSO,True,61,6433,ASYMMETRIC_RESERVE_BAND,SSO,LAG2,25,staged,0.2,0.1,rule,3.657404885
2012-06-08,2012-06-07,2012-06-06,deployment,recovery_1_of_3,-0.4207392796,0.4197691359,SSO,True,1,6480,ASYMMETRIC_RESERVE_BAND,SSO,LAG2,25,staged,0.2,0.1,rule,1.616722413
2012-07-09,2012-07-06,2012-07-05,deployment,recovery_2_of_3,-0.4207706098,0.420731848,SSO,True,21,6500,ASYMMETRIC_RESERVE_BAND,SSO,LAG2,25,staged,0.2,0.1,rule,1.527007447
2012-09-04,2012-08-31,2012-08-30,deployment,recovery_3_of_3,-0.4188562961,0.418820647,SSO,True,61,6540,ASYMMETRIC_RESERVE_BAND,SSO,LAG2,25,staged,0.2,0.1,rule,1.406956525
2012-11-21,2012-11-20,2012-11-19,deployment,recovery_1_of_3,-0.4224051989,0.4214235737,SSO,True,1,6594,ASYMMETRIC_RESERVE_BAND,SSO,LAG2,25,staged,0.2,0.1,rule,1.62756353
2012-12-20,2012-12-19,2012-12-18,deployment,recovery_2_of_3,-0.4224334838,0.4223985576,SSO,True,21,6614,ASYMMETRIC_RESERVE_BAND,SSO,LAG2,25,staged,0.2,0.1,rule,1.520941274
2013-02-20,2013-02-19,2013-02-15,deployment,recovery_3_of_3,-1.322159545,1.321856275,SSO,True,61,6654,ASYMMETRIC_RESERVE_BAND,SSO,LAG2,25,staged,0.2,0.1,rule,4.49287139
2014-10-23,2014-10-22,2014-10-21,deployment,recovery_1_of_3,-0.4863583129,0.485196404,SSO,True,1,7077,ASYMMETRIC_RESERVE_BAND,SSO,LAG2,25,staged,0.2,0.1,rule,1.164696258
2014-11-20,2014-11-19,2014-11-18,deployment,recovery_2_of_3,-0.486365879,0.4863418443,SSO,True,21,7097,ASYMMETRIC_RESERVE_BAND,SSO,LAG2,25,staged,0.2,0.1,rule,1.099977801
2015-01-21,2015-01-20,2015-01-16,deployment,recovery_3_of_3,-1.951876623,1.951480304,SSO,True,61,7137,ASYMMETRIC_RESERVE_BAND,SSO,LAG2,25,staged,0.2,0.1,rule,4.528903676
2015-07-14,2015-07-13,2015-07-10,deployment,recovery_1_of_3,-0.8627414479,0.8607307972,SSO,True,1,7257,ASYMMETRIC_RESERVE_BAND,SSO,LAG2,25,staged,0.2,0.1,rule,2.103843717
2015-08-11,2015-08-10,2015-08-07,deployment,recovery_2_of_3,-0.862773806,0.8627008674,SSO,True,21,7277,ASYMMETRIC_RESERVE_BAND,SSO,LAG2,25,staged,0.2,0.1,rule,2.098376672
2015-10-27,2015-10-26,2015-10-23,deployment,recovery_1_of_3,-0.285556189,0.284859568,SSO,True,1,7331,ASYMMETRIC_RESERVE_BAND,SSO,LAG2,25,staged,0.2,0.1,rule,0.7526006057
2015-11-20,2015-11-19,2015-11-18,deployment,recovery_1_of_3,-0.1894553039,0.1889894287,SSO,True,1,7349,ASYMMETRIC_RESERVE_BAND,SSO,LAG2,25,staged,0.2,0.1,rule,0.5101248002
2015-12-08,2015-12-07,2015-12-04,deployment,recovery_1_of_3,-0.1256940482,0.1253832352,SSO,True,1,7360,ASYMMETRIC_RESERVE_BAND,SSO,LAG2,25,staged,0.2,0.1,rule,0.3389245522
2015-12-18,2015-12-17,2015-12-16,deployment,recovery_1_of_3,-0.08338798642,0.08318107666,SSO,True,1,7368,ASYMMETRIC_RESERVE_BAND,SSO,LAG2,25,staged,0.2,0.1,rule,0.2329989831
2015-12-28,2015-12-24,2015-12-23,deployment,recovery_1_of_3,-0.05531872083,0.05518112008,SSO,True,1,7373,ASYMMETRIC_RESERVE_BAND,SSO,LAG2,25,staged,0.2,0.1,rule,0.1566998001
2015-12-31,2015-12-30,2015-12-29,deployment,recovery_1_of_3,-0.0366971949,0.03660576003,SSO,True,1,7376,ASYMMETRIC_RESERVE_BAND,SSO,LAG2,25,staged,0.2,0.1,rule,0.1045665182
2016-03-15,2016-03-14,2016-03-11,deployment,recovery_1_of_3,-0.02435721969,0.02429646882,SSO,True,1,7426,ASYMMETRIC_RESERVE_BAND,SSO,LAG2,25,staged,0.2,0.1,rule,0.0727067398
2016-03-18,2016-03-17,2016-03-16,deployment,recovery_1_of_3,-0.01615769031,0.01611735808,SSO,True,1,7429,ASYMMETRIC_RESERVE_BAND,SSO,LAG2,25,staged,0.2,0.1,rule,0.04779327862
2016-04-18,2016-04-15,2016-04-14,deployment,recovery_2_of_3,-0.01616099614,0.01616096626,SSO,True,21,7449,ASYMMETRIC_RESERVE_BAND,SSO,LAG2,25,staged,0.2,0.1,rule,0.04606321602
2016-06-14,2016-06-13,2016-06-10,deployment,recovery_3_of_3,-0.01608715693,0.01608712737,SSO,True,61,7489,ASYMMETRIC_RESERVE_BAND,SSO,LAG2,25,staged,0.2,0.1,rule,0.04577545309
2018-04-05,2018-04-04,2018-04-03,deployment,recovery_1_of_3,-0.8527812902,0.8507575266,SSO,True,1,7944,ASYMMETRIC_RESERVE_BAND,SSO,LAG2,25,staged,0.2,0.1,rule,1.710252404
2018-05-03,2018-05-02,2018-05-01,deployment,recovery_2_of_3,-0.8539539333,0.8538991054,SSO,True,21,7964,ASYMMETRIC_RESERVE_BAND,SSO,LAG2,25,staged,0.2,0.1,rule,1.73195222
2018-06-29,2018-06-28,2018-06-27,deployment,recovery_3_of_3,-0.8523901288,0.8523386649,SSO,True,61,8004,ASYMMETRIC_RESERVE_BAND,SSO,LAG2,25,staged,0.2,0.1,rule,1.626320488
2018-10-16,2018-10-15,2018-10-12,deployment,recovery_1_of_3,-1.342184055,1.33907434,SSO,True,1,8079,ASYMMETRIC_RESERVE_BAND,SSO,LAG2,25,staged,0.2,0.1,rule,2.770280012
2018-10-18,2018-10-17,2018-10-16,deployment,recovery_1_of_3,-0.8907543601,0.8886320725,SSO,True,1,8081,ASYMMETRIC_RESERVE_BAND,SSO,LAG2,25,staged,0.2,0.1,rule,1.7713978
2018-11-09,2018-11-08,2018-11-07,deployment,recovery_1_of_3,-0.591843166,0.5904108218,SSO,True,1,8097,ASYMMETRIC_RESERVE_BAND,SSO,LAG2,25,staged,0.2,0.1,rule,1.205872235
2018-12-06,2018-12-04,2018-12-03,deployment,recovery_1_of_3,-0.3933224499,0.3923615529,SSO,True,1,8114,ASYMMETRIC_RESERVE_BAND,SSO,LAG2,25,staged,0.2,0.1,rule,0.8623069587
2019-02-14,2019-02-13,2019-02-12,deployment,recovery_1_of_3,-0.2621646415,0.2615190221,SSO,True,1,8161,ASYMMETRIC_RESERVE_BAND,SSO,LAG2,25,staged,0.2,0.1,rule,0.5651033998
2019-03-13,2019-03-12,2019-03-11,deployment,recovery_1_of_3,-0.1742318988,0.1738006299,SSO,True,1,8179,ASYMMETRIC_RESERVE_BAND,SSO,LAG2,25,staged,0.2,0.1,rule,0.3742956374
2019-04-10,2019-04-09,2019-04-08,deployment,recovery_2_of_3,-0.1745584809,0.1745564501,SSO,True,21,8199,ASYMMETRIC_RESERVE_BAND,SSO,LAG2,25,staged,0.2,0.1,rule,0.3517786448
2019-06-06,2019-06-05,2019-06-04,deployment,recovery_1_of_3,-0.05797078801,0.0578263414,SSO,True,1,8238,ASYMMETRIC_RESERVE_BAND,SSO,LAG2,25,staged,0.2,0.1,rule,0.1253179463
2019-07-05,2019-07-03,2019-07-02,deployment,recovery_2_of_3,-0.05806830475,0.05806808703,SSO,True,21,8258,ASYMMETRIC_RESERVE_BAND,SSO,LAG2,25,staged,0.2,0.1,rule,0.1133752474
2019-08-30,2019-08-29,2019-08-28,deployment,recovery_3_of_3,-0.05796492758,0.05796470163,SSO,True,61,8298,ASYMMETRIC_RESERVE_BAND,SSO,LAG2,25,staged,0.2,0.1,rule,0.117878508
2020-03-04,2020-03-03,2020-03-02,deployment,recovery_1_of_3,-1.337444716,1.334333676,SSO,True,1,8425,ASYMMETRIC_RESERVE_BAND,SSO,LAG2,25,staged,0.2,0.1,rule,2.935497193
2020-03-06,2020-03-05,2020-03-04,deployment,recovery_1_of_3,-0.8875158336,0.8853955492,SSO,True,1,8427,ASYMMETRIC_RESERVE_BAND,SSO,LAG2,25,staged,0.2,0.1,rule,1.867677346
2020-05-29,2020-05-28,2020-05-27,deployment,recovery_1_of_3,-0.5890657859,0.5876371766,SSO,True,1,8485,ASYMMETRIC_RESERVE_BAND,SSO,LAG2,25,staged,0.2,0.1,rule,1.259124214
2020-06-16,2020-06-15,2020-06-12,deployment,recovery_1_of_3,-0.3908383211,0.3898804835,SSO,True,1,8497,ASYMMETRIC_RESERVE_BAND,SSO,LAG2,25,staged,0.2,0.1,rule,0.8292712949
2020-07-01,2020-06-30,2020-06-29,deployment,recovery_1_of_3,-0.2593001788,0.2586604063,SSO,True,1,8508,ASYMMETRIC_RESERVE_BAND,SSO,LAG2,25,staged,0.2,0.1,rule,0.5502061128
2020-07-30,2020-07-29,2020-07-28,deployment,recovery_2_of_3,-0.2593274158,0.2593235603,SSO,True,21,8528,ASYMMETRIC_RESERVE_BAND,SSO,LAG2,25,staged,0.2,0.1,rule,0.4997697704
2020-09-25,2020-09-24,2020-09-23,deployment,recovery_3_of_3,-4.973118212,4.971707826,SSO,True,61,8568,ASYMMETRIC_RESERVE_BAND,SSO,LAG2,25,staged,0.2,0.1,rule,10.68951782
2022-02-02,2022-02-01,2022-01-31,deployment,recovery_1_of_3,-1.795645098,1.791358325,SSO,True,1,8909,ASYMMETRIC_RESERVE_BAND,SSO,LAG2,25,staged,0.2,0.1,rule,2.277619294
2022-02-17,2022-02-16,2022-02-15,deployment,recovery_1_of_3,-1.191545639,1.188660583,SSO,True,1,8920,ASYMMETRIC_RESERVE_BAND,SSO,LAG2,25,staged,0.2,0.1,rule,1.594910765
2022-03-24,2022-03-23,2022-03-22,deployment,recovery_1_of_3,-0.7908178428,0.7888836044,SSO,True,1,8944,ASYMMETRIC_RESERVE_BAND,SSO,LAG2,25,staged,0.2,0.1,rule,1.097689414
2022-03-28,2022-03-25,2022-03-24,deployment,recovery_1_of_3,-0.5246498762,0.5233565745,SSO,True,1,8946,ASYMMETRIC_RESERVE_BAND,SSO,LAG2,25,staged,0.2,0.1,rule,0.7077257787
2022-04-11,2022-04-08,2022-04-07,deployment,recovery_1_of_3,-0.3481223981,0.3472603776,SSO,True,1,8956,ASYMMETRIC_RESERVE_BAND,SSO,LAG2,25,staged,0.2,0.1,rule,0.482463704
2022-12-02,2022-12-01,2022-11-30,deployment,recovery_1_of_3,-0.2346650524,0.2340825768,SSO,True,1,9119,ASYMMETRIC_RESERVE_BAND,SSO,LAG2,25,staged,0.2,0.1,rule,0.3621265685
2023-01-18,2023-01-17,2023-01-13,deployment,recovery_1_of_3,-0.156558713,0.1561692926,SSO,True,1,9149,ASYMMETRIC_RESERVE_BAND,SSO,LAG2,25,staged,0.2,0.1,rule,0.2563281372
2023-01-24,2023-01-23,2023-01-20,deployment,recovery_1_of_3,-0.1039338323,0.1036748876,SSO,True,1,9153,ASYMMETRIC_RESERVE_BAND,SSO,LAG2,25,staged,0.2,0.1,rule,0.1738633361
2023-02-22,2023-02-21,2023-02-17,deployment,recovery_2_of_3,-0.1043254484,0.1043249923,SSO,True,21,9173,ASYMMETRIC_RESERVE_BAND,SSO,LAG2,25,staged,0.2,0.1,rule,0.1775631667
2023-03-20,2023-03-17,2023-03-16,deployment,recovery_1_of_3,-0.03462607449,0.03453961588,SSO,True,1,9191,ASYMMETRIC_RESERVE_BAND,SSO,LAG2,25,staged,0.2,0.1,rule,0.06251405896
2023-03-22,2023-03-21,2023-03-20,deployment,recovery_1_of_3,-0.02298035687,0.02292295176,SSO,True,1,9193,ASYMMETRIC_RESERVE_BAND,SSO,LAG2,25,staged,0.2,0.1,rule,0.04045704566
2023-04-20,2023-04-19,2023-04-18,deployment,recovery_2_of_3,-0.02307003042,0.02307000887,SSO,True,21,9213,ASYMMETRIC_RESERVE_BAND,SSO,LAG2,25,staged,0.2,0.1,rule,0.03794856177
2023-06-16,2023-06-15,2023-06-14,deployment,recovery_3_of_3,-0.02314357866,0.02314355942,SSO,True,61,9253,ASYMMETRIC_RESERVE_BAND,SSO,LAG2,25,staged,0.2,0.1,rule,0.03377002225
2025-03-26,2025-03-25,2025-03-24,deployment,recovery_1_of_3,-3.029551551,3.022446147,SSO,True,1,9697,ASYMMETRIC_RESERVE_BAND,SSO,LAG2,25,staged,0.2,0.1,rule,3.461317464
2025-05-14,2025-05-13,2025-05-12,deployment,recovery_1_of_3,-2.021930816,2.017084531,SSO,True,1,9731,ASYMMETRIC_RESERVE_BAND,SSO,LAG2,25,staged,0.2,0.1,rule,2.308729877
2025-06-12,2025-06-11,2025-06-10,deployment,recovery_2_of_3,-2.02894403,2.028843029,SSO,True,21,9751,ASYMMETRIC_RESERVE_BAND,SSO,LAG2,25,staged,0.2,0.1,rule,2.225073101
2025-08-11,2025-08-08,2025-08-07,deployment,recovery_3_of_3,-2.033075254,2.032984305,SSO,True,61,9791,ASYMMETRIC_RESERVE_BAND,SSO,LAG2,25,staged,0.2,0.1,rule,1.995637623
2026-04-10,2026-04-09,2026-04-08,deployment,recovery_1_of_3,-3.964835187,3.955577356,SSO,True,1,9958,ASYMMETRIC_RESERVE_BAND,SSO,LAG2,25,staged,0.2,0.1,rule,4.08514486
2026-05-08,2026-05-07,2026-05-06,deployment,recovery_2_of_3,-3.976067452,3.975778544,SSO,True,21,9978,ASYMMETRIC_RESERVE_BAND,SSO,LAG2,25,staged,0.2,0.1,rule,3.567054197
2026-07-08,2026-07-07,2026-07-06,deployment,recovery_3_of_3,-14.03159738,14.0281268,SSO,True,61,10018,ASYMMETRIC_RESERVE_BAND,SSO,LAG2,25,staged,0.2,0.1,rule,13.08562377
1987-10-21,1987-10-20,1987-10-19,deployment,drawdown_20_30,-0.02918374079,0.02918154968,SP500_1X,False,0,269,HWM_DRAWDOWN,SSO,LAG2,25,drawdown,0.15,0.1,rule,3.251953819
2001-03-14,2001-03-13,2001-03-12,deployment,drawdown_20,-0.2699159548,0.2698935517,SP500_1X,False,0,3653,HWM_DRAWDOWN,SSO,LAG2,25,drawdown,0.15,0.1,rule,4.152356539
2001-09-19,2001-09-18,2001-09-17,deployment,drawdown_30,-0.3438850397,0.3438440879,SP500_1X,False,0,3780,HWM_DRAWDOWN,SSO,LAG2,25,drawdown,0.15,0.1,rule,6.09553042
2002-07-22,2002-07-19,2002-07-18,deployment,drawdown_40,-0.3491659192,0.349114117,SP500_1X,False,0,3990,HWM_DRAWDOWN,SSO,LAG2,25,drawdown,0.15,0.1,rule,7.797776659
2008-07-16,2008-07-15,2008-07-14,deployment,drawdown_20,-0.1028127679,0.1028098494,SP500_1X,False,0,5497,HWM_DRAWDOWN,SSO,LAG2,25,drawdown,0.15,0.1,rule,1.472901728
2008-10-08,2008-10-07,2008-10-06,deployment,drawdown_30,-0.1289411989,0.1289356835,SP500_1X,False,0,5556,HWM_DRAWDOWN,SSO,LAG2,25,drawdown,0.15,0.1,rule,2.241392401
2008-10-13,2008-10-10,2008-10-09,deployment,drawdown_40,-0.1289485905,0.1289425075,SP500_1X,False,0,5559,HWM_DRAWDOWN,SSO,LAG2,25,drawdown,0.15,0.1,rule,2.481841183
2008-11-24,2008-11-21,2008-11-20,deployment,drawdown_50,-0.1547911278,0.1547813365,SP500_1X,False,0,5589,HWM_DRAWDOWN,SSO,LAG2,25,drawdown,0.15,0.1,rule,3.337028294
2020-03-16,2020-03-13,2020-03-12,deployment,drawdown_20,-0.7444070017,0.744370136,SP500_1X,False,0,8433,HWM_DRAWDOWN,SSO,LAG2,25,drawdown,0.15,0.1,rule,2.899835139
2020-03-24,2020-03-23,2020-03-20,deployment,drawdown_30,-0.9305462526,0.9304776197,SP500_1X,False,0,8439,HWM_DRAWDOWN,SSO,LAG2,25,drawdown,0.15,0.1,rule,4.391049847
2022-06-15,2022-06-14,2022-06-13,deployment,drawdown_20,-1.259942954,1.259881456,SP500_1X,False,0,9001,HWM_DRAWDOWN,SSO,LAG2,25,drawdown,0.15,0.1,rule,3.011303331
1987-10-21,1987-10-20,1987-10-19,deployment,drawdown_20_30,-0.04746688369,0.04746103863,SP500_1X,False,0,269,BAND_DRAWDOWN,SSO,LAG2,25,drawdown,0.2,0.1,rule,5.011442242
2001-03-14,2001-03-13,2001-03-12,deployment,drawdown_20,-0.2031301772,0.203117159,SP500_1X,False,0,3653,BAND_DRAWDOWN,SSO,LAG2,25,drawdown,0.2,0.1,rule,2.811554809
2001-09-19,2001-09-18,2001-09-17,deployment,drawdown_30,-0.2587969618,0.2587730424,SP500_1X,False,0,3780,BAND_DRAWDOWN,SSO,LAG2,25,drawdown,0.2,0.1,rule,4.127197067
2002-07-22,2002-07-19,2002-07-18,deployment,drawdown_40,-0.2627711841,0.2627407366,SP500_1X,False,0,3990,BAND_DRAWDOWN,SSO,LAG2,25,drawdown,0.2,0.1,rule,5.281906188
2008-07-16,2008-07-15,2008-07-14,deployment,drawdown_20,-0.2392381711,0.2392222653,SP500_1X,False,0,5497,BAND_DRAWDOWN,SSO,LAG2,25,drawdown,0.2,0.1,rule,3.307691544
2008-10-08,2008-10-07,2008-10-06,deployment,drawdown_30,-0.3000372158,0.3000075447,SP500_1X,False,0,5556,BAND_DRAWDOWN,SSO,LAG2,25,drawdown,0.2,0.1,rule,5.03368081
2008-10-13,2008-10-10,2008-10-09,deployment,drawdown_40,-0.3000544153,0.3000218613,SP500_1X,False,0,5559,BAND_DRAWDOWN,SSO,LAG2,25,drawdown,0.2,0.1,rule,5.573989388
2008-11-24,2008-11-21,2008-11-20,deployment,drawdown_50,-0.3600924653,0.3600402742,SP500_1X,False,0,5589,BAND_DRAWDOWN,SSO,LAG2,25,drawdown,0.2,0.1,rule,7.493129185
2020-03-16,2020-03-13,2020-03-12,deployment,drawdown_20,-0.508723936,0.5087060837,SP500_1X,False,0,8433,BAND_DRAWDOWN,SSO,LAG2,25,drawdown,0.2,0.1,rule,1.951167665
2020-03-24,2020-03-23,2020-03-20,deployment,drawdown_30,-0.6359305476,0.6358971522,SP500_1X,False,0,8439,BAND_DRAWDOWN,SSO,LAG2,25,drawdown,0.2,0.1,rule,2.954495832
2022-06-15,2022-06-14,2022-06-13,deployment,drawdown_20,-0.998882225,0.9988414909,SP500_1X,False,0,9001,BAND_DRAWDOWN,SSO,LAG2,25,drawdown,0.2,0.1,rule,2.382603473
1986-11-24,1986-11-21,1986-11-20,deployment,recovery_1_of_3,-0.003908325035,0.003888927009,SSO,True,1,40,HWM_RESERVE,SSO,LAG2,50,staged,0.15,0.1,rule,0.2050334377
1986-12-23,1986-12-22,1986-12-19,deployment,recovery_2_of_3,-0.003926977383,0.003926895688,SSO,True,21,60,HWM_RESERVE,SSO,LAG2,50,staged,0.15,0.1,rule,0.2326817836
1987-02-20,1987-02-19,1987-02-18,deployment,recovery_3_of_3,-0.01226159212,0.01226096613,SSO,True,61,100,HWM_RESERVE,SSO,LAG2,50,staged,0.15,0.1,rule,0.5738449895
1988-06-08,1988-06-07,1988-06-06,deployment,recovery_1_of_3,-0.01500702296,0.01493404834,SSO,True,1,428,HWM_RESERVE,SSO,LAG2,50,staged,0.15,0.1,rule,0.8047924958
1988-06-10,1988-06-09,1988-06-08,deployment,recovery_1_of_3,-0.009911145317,0.009862460711,SSO,True,1,430,HWM_RESERVE,SSO,LAG2,50,staged,0.15,0.1,rule,0.5146045711
1988-07-11,1988-07-08,1988-07-07,deployment,recovery_2_of_3,-0.009963889616,0.00996344452,SSO,True,21,450,HWM_RESERVE,SSO,LAG2,50,staged,0.15,0.1,rule,0.523194462
1988-08-26,1988-08-25,1988-08-24,deployment,recovery_1_of_3,-0.003302948243,0.003286541415,SSO,True,1,484,HWM_RESERVE,SSO,LAG2,50,staged,0.15,0.1,rule,0.1915121297
1988-09-07,1988-09-06,1988-09-02,deployment,recovery_1_of_3,-0.002185534648,0.002174652647,SSO,True,1,491,HWM_RESERVE,SSO,LAG2,50,staged,0.15,0.1,rule,0.1224647941
1988-10-05,1988-10-04,1988-10-03,deployment,recovery_2_of_3,-0.002198097581,0.002198075173,SSO,True,21,511,HWM_RESERVE,SSO,LAG2,50,staged,0.15,0.1,rule,0.1194652444
1988-11-25,1988-11-23,1988-11-22,deployment,recovery_1_of_3,-0.000729477222,0.0007258349636,SSO,True,1,547,HWM_RESERVE,SSO,LAG2,50,staged,0.15,0.1,rule,0.04119145663
1988-12-23,1988-12-22,1988-12-21,deployment,recovery_2_of_3,-0.0007343076055,0.0007343051306,SSO,True,21,567,HWM_RESERVE,SSO,LAG2,50,staged,0.15,0.1,rule,0.03949789055
1989-02-22,1989-02-21,1989-02-17,deployment,recovery_3_of_3,-0.0007375002383,0.0007374980395,SSO,True,61,607,HWM_RESERVE,SSO,LAG2,50,staged,0.15,0.1,rule,0.03493653041
1990-03-12,1990-03-09,1990-03-08,deployment,recovery_1_of_3,-0.004764315267,0.004740645125,SSO,True,1,872,HWM_RESERVE,SSO,LAG2,50,staged,0.15,0.1,rule,0.1880275368
1990-03-20,1990-03-19,1990-03-16,deployment,recovery_1_of_3,-0.003151830514,0.003136137105,SSO,True,1,878,HWM_RESERVE,SSO,LAG2,50,staged,0.15,0.1,rule,0.1233814384
1990-03-29,1990-03-28,1990-03-27,deployment,recovery_1_of_3,-0.0020845498,0.00207415691,SSO,True,1,885,HWM_RESERVE,SSO,LAG2,50,staged,0.15,0.1,rule,0.08473738566
1990-04-05,1990-04-04,1990-04-03,deployment,recovery_1_of_3,-0.001378010967,0.001371134258,SSO,True,1,890,HWM_RESERVE,SSO,LAG2,50,staged,0.15,0.1,rule,0.05729575
1990-04-11,1990-04-10,1990-04-09,deployment,recovery_1_of_3,-0.0009107298041,0.0009061820451,SSO,True,1,894,HWM_RESERVE,SSO,LAG2,50,staged,0.15,0.1,rule,0.03826156193
1990-05-10,1990-05-09,1990-05-08,deployment,recovery_1_of_3,-0.0006049591409,0.0006019369933,SSO,True,1,914,HWM_RESERVE,SSO,LAG2,50,staged,0.15,0.1,rule,0.02589692128
1990-06-08,1990-06-07,1990-06-06,deployment,recovery_2_of_3,-0.0006087997019,0.0006087984982,SSO,True,21,934,HWM_RESERVE,SSO,LAG2,50,staged,0.15,0.1,rule,0.02339151177
1990-08-06,1990-08-03,1990-08-02,deployment,recovery_3_of_3,-0.000610216319,0.0006102149646,SSO,True,61,974,HWM_RESERVE,SSO,LAG2,50,staged,0.15,0.1,rule,0.0262611697
1991-12-17,1991-12-16,1991-12-13,deployment,recovery_1_of_3,-0.001098783795,0.001093297198,SSO,True,1,1320,HWM_RESERVE,SSO,LAG2,50,staged,0.15,0.1,rule,0.03950483863
1992-01-16,1992-01-15,1992-01-14,deployment,recovery_2_of_3,-0.001102352122,0.001102349021,SSO,True,21,1340,HWM_RESERVE,SSO,LAG2,50,staged,0.15,0.1,rule,0.03360866646
1992-03-13,1992-03-12,1992-03-11,deployment,recovery_3_of_3,-0.01650223021,0.01650147666,SSO,True,61,1380,HWM_RESERVE,SSO,LAG2,50,staged,0.15,0.1,rule,0.5459402214
1993-01-18,1993-01-15,1993-01-14,deployment,recovery_3_of_3,-0.00851882753,0.008518646584,SSO,True,61,1594,HWM_RESERVE,SSO,LAG2,50,staged,0.15,0.1,rule,0.2550312845
1994-06-16,1994-06-15,1994-06-14,deployment,recovery_1_of_3,-0.0136087454,0.01354152921,SSO,True,1,1951,HWM_RESERVE,SSO,LAG2,50,staged,0.15,0.1,rule,0.3718441252
1994-08-03,1994-08-02,1994-08-01,deployment,recovery_1_of_3,-0.009034805828,0.008989998107,SSO,True,1,1984,HWM_RESERVE,SSO,LAG2,50,staged,0.15,0.1,rule,0.2479231151
1994-08-05,1994-08-04,1994-08-03,deployment,recovery_1_of_3,-0.005965058062,0.005935394452,SSO,True,1,1986,HWM_RESERVE,SSO,LAG2,50,staged,0.15,0.1,rule,0.1657451804
1994-08-16,1994-08-15,1994-08-12,deployment,recovery_1_of_3,-0.003942618103,0.003922976038,SSO,True,1,1993,HWM_RESERVE,SSO,LAG2,50,staged,0.15,0.1,rule,0.1101595446
1994-09-14,1994-09-13,1994-09-12,deployment,recovery_2_of_3,-0.003957295857,0.003957260822,SSO,True,21,2013,HWM_RESERVE,SSO,LAG2,50,staged,0.15,0.1,rule,0.1082649381
1994-09-29,1994-09-28,1994-09-27,deployment,recovery_1_of_3,-0.001301992274,0.001295490093,SSO,True,1,2024,HWM_RESERVE,SSO,LAG2,50,staged,0.15,0.1,rule,0.03654022303
1994-10-13,1994-10-12,1994-10-11,deployment,recovery_1_of_3,-0.0008609714677,0.000856670127,SSO,True,1,2034,HWM_RESERVE,SSO,LAG2,50,staged,0.15,0.1,rule,0.02497576963
1994-11-10,1994-11-09,1994-11-08,deployment,recovery_2_of_3,-0.0008643823158,0.0008643805329,SSO,True,21,2054,HWM_RESERVE,SSO,LAG2,50,staged,0.15,0.1,rule,0.02522600131
1994-12-20,1994-12-19,1994-12-16,deployment,recovery_1_of_3,-0.0002855768026,0.0002841493294,SSO,True,1,2081,HWM_RESERVE,SSO,LAG2,50,staged,0.15,0.1,rule,0.00879577759
1994-12-23,1994-12-22,1994-12-21,deployment,recovery_1_of_3,-0.0001885733472,0.000187630661,SSO,True,1,2084,HWM_RESERVE,SSO,LAG2,50,staged,0.15,0.1,rule,0.005854741182
1995-01-24,1995-01-23,1995-01-20,deployment,recovery_2_of_3,-0.0001895307088,0.0001895306193,SSO,True,21,2104,HWM_RESERVE,SSO,LAG2,50,staged,0.15,0.1,rule,0.005773028884
1995-03-22,1995-03-21,1995-03-20,deployment,recovery_3_of_3,-0.0001893798458,0.0001893797666,SSO,True,61,2144,HWM_RESERVE,SSO,LAG2,50,staged,0.15,0.1,rule,0.005117388584
1996-07-19,1996-07-18,1996-07-17,deployment,recovery_1_of_3,-0.05537167506,0.05510347108,SSO,True,1,2480,HWM_RESERVE,SSO,LAG2,50,staged,0.15,0.1,rule,1.002765093
1996-07-30,1996-07-29,1996-07-26,deployment,recovery_1_of_3,-0.03661631433,0.03643723413,SSO,True,1,2487,HWM_RESERVE,SSO,LAG2,50,staged,0.15,0.1,rule,0.7022122925
1996-08-01,1996-07-31,1996-07-30,deployment,recovery_1_of_3,-0.02417973545,0.02406056258,SSO,True,1,2489,HWM_RESERVE,SSO,LAG2,50,staged,0.15,0.1,rule,0.4584344734
1996-08-29,1996-08-28,1996-08-27,deployment,recovery_2_of_3,-0.02427595491,0.02427514257,SSO,True,21,2509,HWM_RESERVE,SSO,LAG2,50,staged,0.15,0.1,rule,0.4294459644
1996-10-25,1996-10-24,1996-10-23,deployment,recovery_3_of_3,-0.03162349761,0.03162225473,SSO,True,61,2549,HWM_RESERVE,SSO,LAG2,50,staged,0.15,0.1,rule,0.5050166962
1998-09-25,1998-09-24,1998-09-23,deployment,recovery_1_of_3,-0.2067844176,0.2058060856,SSO,True,1,3032,HWM_RESERVE,SSO,LAG2,50,staged,0.15,0.1,rule,1.878684557
1998-10-26,1998-10-23,1998-10-22,deployment,recovery_1_of_3,-0.1370007203,0.1363396732,SSO,True,1,3053,HWM_RESERVE,SSO,LAG2,50,staged,0.15,0.1,rule,1.220327925
1998-10-28,1998-10-27,1998-10-26,deployment,recovery_1_of_3,-0.09049412916,0.09005225298,SSO,True,1,3055,HWM_RESERVE,SSO,LAG2,50,staged,0.15,0.1,rule,0.8171485276
1998-11-02,1998-10-30,1998-10-29,deployment,recovery_1_of_3,-0.05976238347,0.05946808635,SSO,True,1,3058,HWM_RESERVE,SSO,LAG2,50,staged,0.15,0.1,rule,0.5268887047
1998-12-01,1998-11-30,1998-11-27,deployment,recovery_2_of_3,-0.05999175517,0.05998970503,SSO,True,21,3078,HWM_RESERVE,SSO,LAG2,50,staged,0.15,0.1,rule,0.4759571786
1999-01-29,1999-01-28,1999-01-27,deployment,recovery_3_of_3,-0.09986164173,0.09985677352,SSO,True,61,3118,HWM_RESERVE,SSO,LAG2,50,staged,0.15,0.1,rule,0.6810058681
1999-10-08,1999-10-07,1999-10-06,deployment,recovery_1_of_3,-0.06779227596,0.0674577934,SSO,True,1,3293,HWM_RESERVE,SSO,LAG2,50,staged,0.15,0.1,rule,0.4707915819
1999-11-01,1999-10-29,1999-10-28,deployment,recovery_1_of_3,-0.04488512693,0.04466267286,SSO,True,1,3309,HWM_RESERVE,SSO,LAG2,50,staged,0.15,0.1,rule,0.3129962424
1999-11-30,1999-11-29,1999-11-26,deployment,recovery_2_of_3,-0.04508354376,0.04508260233,SSO,True,21,3329,HWM_RESERVE,SSO,LAG2,50,staged,0.15,0.1,rule,0.2974538878
2000-01-27,2000-01-26,2000-01-25,deployment,recovery_3_of_3,-0.04501842233,0.04501746633,SSO,True,61,3369,HWM_RESERVE,SSO,LAG2,50,staged,0.15,0.1,rule,0.3025286199
2014-10-23,2014-10-22,2014-10-21,deployment,recovery_1_of_3,-0.1385437652,0.1378639826,SSO,True,1,7077,HWM_RESERVE,SSO,LAG2,50,staged,0.15,0.1,rule,0.6842747816
2014-11-20,2014-11-19,2014-11-18,deployment,recovery_2_of_3,-0.1385459205,0.1385401685,SSO,True,21,7097,HWM_RESERVE,SSO,LAG2,50,staged,0.15,0.1,rule,0.6071717751
2015-01-21,2015-01-20,2015-01-16,deployment,recovery_3_of_3,-0.2018372629,0.2018247437,SSO,True,61,7137,HWM_RESERVE,SSO,LAG2,50,staged,0.15,0.1,rule,0.9109631527
2015-07-14,2015-07-13,2015-07-10,deployment,recovery_1_of_3,-0.02549583174,0.02536873132,SSO,True,1,7257,HWM_RESERVE,SSO,LAG2,50,staged,0.15,0.1,rule,0.1095756818
2015-08-11,2015-08-10,2015-08-07,deployment,recovery_2_of_3,-0.02549678799,0.02549659859,SSO,True,21,7277,HWM_RESERVE,SSO,LAG2,50,staged,0.15,0.1,rule,0.1095825167
2015-10-27,2015-10-26,2015-10-23,deployment,recovery_1_of_3,-0.008372653262,0.008330834365,SSO,True,1,7331,HWM_RESERVE,SSO,LAG2,50,staged,0.15,0.1,rule,0.03909305615
2015-11-20,2015-11-19,2015-11-18,deployment,recovery_1_of_3,-0.00552649181,0.005498879202,SSO,True,1,7349,HWM_RESERVE,SSO,LAG2,50,staged,0.15,0.1,rule,0.02649790248
2015-12-08,2015-12-07,2015-12-04,deployment,recovery_1_of_3,-0.003647921216,0.003629690315,SSO,True,1,7360,HWM_RESERVE,SSO,LAG2,50,staged,0.15,0.1,rule,0.01760508356
2015-12-18,2015-12-17,2015-12-16,deployment,recovery_1_of_3,-0.00240786783,0.002395832441,SSO,True,1,7368,HWM_RESERVE,SSO,LAG2,50,staged,0.15,0.1,rule,0.01210288998
2015-12-28,2015-12-24,2015-12-23,deployment,recovery_1_of_3,-0.001589302283,0.001581357525,SSO,True,1,7373,HWM_RESERVE,SSO,LAG2,50,staged,0.15,0.1,rule,0.008139608227
2015-12-31,2015-12-30,2015-12-29,deployment,recovery_1_of_3,-0.001049005061,0.001043760808,SSO,True,1,7376,HWM_RESERVE,SSO,LAG2,50,staged,0.15,0.1,rule,0.005431599091
2016-03-15,2016-03-14,2016-03-11,deployment,recovery_1_of_3,-0.0006927650074,0.000689301537,SSO,True,1,7426,HWM_RESERVE,SSO,LAG2,50,staged,0.15,0.1,rule,0.003776676021
2016-03-18,2016-03-17,2016-03-16,deployment,recovery_1_of_3,-0.0004572495044,0.0004549634107,SSO,True,1,7429,HWM_RESERVE,SSO,LAG2,50,staged,0.15,0.1,rule,0.002482572177
2016-04-18,2016-04-15,2016-04-14,deployment,recovery_2_of_3,-0.0004573430568,0.0004573429824,SSO,True,21,7449,HWM_RESERVE,SSO,LAG2,50,staged,0.15,0.1,rule,0.002398726114
2016-06-14,2016-06-13,2016-06-10,deployment,recovery_3_of_3,-0.0004529633395,0.0004529632667,SSO,True,61,7489,HWM_RESERVE,SSO,LAG2,50,staged,0.15,0.1,rule,0.00237174568
2018-04-05,2018-04-04,2018-04-03,deployment,recovery_1_of_3,-0.2776629236,0.2763095683,SSO,True,1,7944,HWM_RESERVE,SSO,LAG2,50,staged,0.15,0.1,rule,0.965300561
2018-05-03,2018-05-02,2018-05-01,deployment,recovery_2_of_3,-0.2780447325,0.2780269668,SSO,True,21,7964,HWM_RESERVE,SSO,LAG2,50,staged,0.15,0.1,rule,0.9800051549
2018-06-29,2018-06-28,2018-06-27,deployment,recovery_3_of_3,-0.2761408166,0.2761243201,SSO,True,61,8004,HWM_RESERVE,SSO,LAG2,50,staged,0.15,0.1,rule,0.9156097667
2018-10-16,2018-10-15,2018-10-12,deployment,recovery_1_of_3,-0.01450021359,0.0144278013,SSO,True,1,8079,HWM_RESERVE,SSO,LAG2,50,staged,0.15,0.1,rule,0.04700557407
2018-10-18,2018-10-17,2018-10-16,deployment,recovery_1_of_3,-0.009571709263,0.009523888192,SSO,True,1,8081,HWM_RESERVE,SSO,LAG2,50,staged,0.15,0.1,rule,0.03005673439
2018-11-09,2018-11-08,2018-11-07,deployment,recovery_1_of_3,-0.006326417292,0.006294802066,SSO,True,1,8097,HWM_RESERVE,SSO,LAG2,50,staged,0.15,0.1,rule,0.02046100626
2018-12-06,2018-12-04,2018-12-03,deployment,recovery_1_of_3,-0.004182644927,0.004161739673,SSO,True,1,8114,HWM_RESERVE,SSO,LAG2,50,staged,0.15,0.1,rule,0.01463145727
2019-02-14,2019-02-13,2019-02-12,deployment,recovery_1_of_3,-0.002773631252,0.00275976656,SSO,True,1,8161,HWM_RESERVE,SSO,LAG2,50,staged,0.15,0.1,rule,0.009588564911
2019-03-13,2019-03-12,2019-03-11,deployment,recovery_1_of_3,-0.001833965123,0.001824796814,SSO,True,1,8179,HWM_RESERVE,SSO,LAG2,50,staged,0.15,0.1,rule,0.006350975797
2019-04-10,2019-04-09,2019-04-08,deployment,recovery_2_of_3,-0.001837402727,0.00183740201,SSO,True,21,8199,HWM_RESERVE,SSO,LAG2,50,staged,0.15,0.1,rule,0.005984052549
2019-06-06,2019-06-05,2019-06-04,deployment,recovery_1_of_3,-0.0006055827865,0.0006025550399,SSO,True,1,8238,HWM_RESERVE,SSO,LAG2,50,staged,0.15,0.1,rule,0.002120950035
2019-07-05,2019-07-03,2019-07-02,deployment,recovery_2_of_3,-0.0006066014799,0.0006066014039,SSO,True,21,8258,HWM_RESERVE,SSO,LAG2,50,staged,0.15,0.1,rule,0.001923661827
2019-08-30,2019-08-29,2019-08-28,deployment,recovery_3_of_3,-0.0006024712297,0.0006024711516,SSO,True,61,8298,HWM_RESERVE,SSO,LAG2,50,staged,0.15,0.1,rule,0.001989986968
2020-03-04,2020-03-03,2020-03-02,deployment,recovery_1_of_3,-0.1391598773,0.1384721662,SSO,True,1,8425,HWM_RESERVE,SSO,LAG2,50,staged,0.15,0.1,rule,0.4541433176
2020-03-06,2020-03-05,2020-03-04,deployment,recovery_1_of_3,-0.09186234948,0.09140643656,SSO,True,1,8427,HWM_RESERVE,SSO,LAG2,50,staged,0.15,0.1,rule,0.2889436202
2020-05-29,2020-05-28,2020-05-27,deployment,recovery_1_of_3,-0.06065689639,0.06035512478,SSO,True,1,8485,HWM_RESERVE,SSO,LAG2,50,staged,0.15,0.1,rule,0.1947959102
2020-06-16,2020-06-15,2020-06-12,deployment,recovery_1_of_3,-0.04003968112,0.03984014048,SSO,True,1,8497,HWM_RESERVE,SSO,LAG2,50,staged,0.15,0.1,rule,0.1282944565
2020-07-01,2020-06-30,2020-06-29,deployment,recovery_1_of_3,-0.02642943797,0.02629757885,SSO,True,1,8508,HWM_RESERVE,SSO,LAG2,50,staged,0.15,0.1,rule,0.08512099076
2020-07-30,2020-07-29,2020-07-28,deployment,recovery_2_of_3,-0.02643221413,0.02643208293,SSO,True,21,8528,HWM_RESERVE,SSO,LAG2,50,staged,0.15,0.1,rule,0.07751407042
2020-09-25,2020-09-24,2020-09-23,deployment,recovery_3_of_3,-0.1371241579,0.1371205976,SSO,True,61,8568,HWM_RESERVE,SSO,LAG2,50,staged,0.15,0.1,rule,0.4071640727
2022-02-02,2022-02-01,2022-01-31,deployment,recovery_1_of_3,-0.8062815252,0.802382055,SSO,True,1,8909,HWM_RESERVE,SSO,LAG2,50,staged,0.15,0.1,rule,1.349311766
2022-02-17,2022-02-16,2022-02-15,deployment,recovery_1_of_3,-0.5324066518,0.5298055251,SSO,True,1,8920,HWM_RESERVE,SSO,LAG2,50,staged,0.15,0.1,rule,0.9448602176
2022-03-24,2022-03-23,2022-03-22,deployment,recovery_1_of_3,-0.3516104952,0.3498801061,SSO,True,1,8944,HWM_RESERVE,SSO,LAG2,50,staged,0.15,0.1,rule,0.6502953527
2022-03-28,2022-03-25,2022-03-24,deployment,recovery_1_of_3,-0.2321114382,0.2309626611,SSO,True,1,8946,HWM_RESERVE,SSO,LAG2,50,staged,0.15,0.1,rule,0.4192723178
2022-04-11,2022-04-08,2022-04-07,deployment,recovery_1_of_3,-0.1532474715,0.152486535,SSO,True,1,8956,HWM_RESERVE,SSO,LAG2,50,staged,0.15,0.1,rule,0.2858221101
2022-12-02,2022-12-01,2022-11-30,deployment,recovery_1_of_3,-0.1027873708,0.1022761003,SSO,True,1,9119,HWM_RESERVE,SSO,LAG2,50,staged,0.15,0.1,rule,0.2145317442
2023-01-18,2023-01-17,2023-01-13,deployment,recovery_1_of_3,-0.06823328766,0.06789337368,SSO,True,1,9149,HWM_RESERVE,SSO,LAG2,50,staged,0.15,0.1,rule,0.1518544265
2023-01-24,2023-01-23,2023-01-20,deployment,recovery_1_of_3,-0.04507144702,0.0448466509,SSO,True,1,9153,HWM_RESERVE,SSO,LAG2,50,staged,0.15,0.1,rule,0.1030004645
2023-02-22,2023-02-21,2023-02-17,deployment,recovery_2_of_3,-0.04524127338,0.04524098506,SSO,True,21,9173,HWM_RESERVE,SSO,LAG2,50,staged,0.15,0.1,rule,0.1054562135
2023-03-20,2023-03-17,2023-03-16,deployment,recovery_1_of_3,-0.014902997,0.01482854854,SSO,True,1,9191,HWM_RESERVE,SSO,LAG2,50,staged,0.15,0.1,rule,0.03694133211
2023-03-22,2023-03-21,2023-03-20,deployment,recovery_1_of_3,-0.009841214171,0.009792036534,SSO,True,1,9193,HWM_RESERVE,SSO,LAG2,50,staged,0.15,0.1,rule,0.02390721679
2023-04-20,2023-04-19,2023-04-18,deployment,recovery_2_of_3,-0.009879616386,0.009879602965,SSO,True,21,9213,HWM_RESERVE,SSO,LAG2,50,staged,0.15,0.1,rule,0.02248120599
2023-06-16,2023-06-15,2023-06-14,deployment,recovery_3_of_3,-0.009861322328,0.009861310466,SSO,True,61,9253,HWM_RESERVE,SSO,LAG2,50,staged,0.15,0.1,rule,0.01990529143
2025-03-26,2025-03-25,2025-03-24,deployment,recovery_1_of_3,-0.3845401286,0.3826431239,SSO,True,1,9697,HWM_RESERVE,SSO,LAG2,50,staged,0.15,0.1,rule,0.5641817537
2025-05-14,2025-05-13,2025-05-12,deployment,recovery_1_of_3,-0.2553128185,0.254047634,SSO,True,1,9731,HWM_RESERVE,SSO,LAG2,50,staged,0.15,0.1,rule,0.3763143035
2025-06-12,2025-06-11,2025-06-10,deployment,recovery_2_of_3,-0.2561983896,0.256192871,SSO,True,21,9751,HWM_RESERVE,SSO,LAG2,50,staged,0.15,0.1,rule,0.3636111225
2025-08-11,2025-08-08,2025-08-07,deployment,recovery_3_of_3,-0.2554072599,0.2554023489,SSO,True,61,9791,HWM_RESERVE,SSO,LAG2,50,staged,0.15,0.1,rule,0.324441013
2026-04-10,2026-04-09,2026-04-08,deployment,recovery_1_of_3,-0.3352224798,0.333562379,SSO,True,1,9958,HWM_RESERVE,SSO,LAG2,50,staged,0.15,0.1,rule,0.4088247293
2026-05-08,2026-05-07,2026-05-06,deployment,recovery_2_of_3,-0.3361721555,0.336165118,SSO,True,21,9978,HWM_RESERVE,SSO,LAG2,50,staged,0.15,0.1,rule,0.358314012
2026-07-08,2026-07-07,2026-07-06,deployment,recovery_3_of_3,-0.9494765285,0.949422478,SSO,True,61,10018,HWM_RESERVE,SSO,LAG2,50,staged,0.15,0.1,rule,0.9804300822
1986-10-03,1986-10-02,1986-10-01,deployment,recovery_1_of_3,-0.03336277949,0.03320701581,SSO,True,1,4,ASYMMETRIC_RESERVE_BAND,SSO,LAG2,50,staged,0.2,0.1,rule,0.1128334485
1986-10-31,1986-10-30,1986-10-29,deployment,recovery_2_of_3,-0.03349903666,0.03349383648,SSO,True,21,24,ASYMMETRIC_RESERVE_BAND,SSO,LAG2,50,staged,0.2,0.1,rule,0.1052653951
1986-11-24,1986-11-21,1986-11-20,deployment,recovery_1_of_3,-0.03648626809,0.03631637859,SSO,True,1,40,ASYMMETRIC_RESERVE_BAND,SSO,LAG2,50,staged,0.2,0.1,rule,0.1259507864
1986-12-23,1986-12-22,1986-12-19,deployment,recovery_2_of_3,-0.03666039757,0.03665331877,SSO,True,21,60,ASYMMETRIC_RESERVE_BAND,SSO,LAG2,50,staged,0.2,0.1,rule,0.1427476213
1987-02-20,1987-02-19,1987-02-18,deployment,recovery_3_of_3,-0.1168073404,0.1167503431,SSO,True,61,100,ASYMMETRIC_RESERVE_BAND,SSO,LAG2,50,staged,0.2,0.1,rule,0.3844557926
1988-06-08,1988-06-07,1988-06-06,deployment,recovery_1_of_3,-0.04426268685,0.0440591615,SSO,True,1,428,ASYMMETRIC_RESERVE_BAND,SSO,LAG2,50,staged,0.2,0.1,rule,0.1800190854
1988-06-10,1988-06-09,1988-06-08,deployment,recovery_1_of_3,-0.02924780477,0.0291091063,SSO,True,1,430,ASYMMETRIC_RESERVE_BAND,SSO,LAG2,50,staged,0.2,0.1,rule,0.1151087327
1988-07-11,1988-07-08,1988-07-07,deployment,recovery_2_of_3,-0.02940345328,0.02939960265,SSO,True,21,450,ASYMMETRIC_RESERVE_BAND,SSO,LAG2,50,staged,0.2,0.1,rule,0.1170101717
1988-08-26,1988-08-25,1988-08-24,deployment,recovery_1_of_3,-0.009750441537,0.009702621817,SSO,True,1,484,ASYMMETRIC_RESERVE_BAND,SSO,LAG2,50,staged,0.2,0.1,rule,0.04284555728
1988-09-07,1988-09-06,1988-09-02,deployment,recovery_1_of_3,-0.006452591448,0.006420723409,SSO,True,1,491,ASYMMETRIC_RESERVE_BAND,SSO,LAG2,50,staged,0.2,0.1,rule,0.02739812021
1988-10-05,1988-10-04,1988-10-03,deployment,recovery_2_of_3,-0.006489682362,0.00648948857,SSO,True,21,511,ASYMMETRIC_RESERVE_BAND,SSO,LAG2,50,staged,0.2,0.1,rule,0.02672597109
1988-11-25,1988-11-23,1988-11-22,deployment,recovery_1_of_3,-0.002153892586,0.002143167469,SSO,True,1,547,ASYMMETRIC_RESERVE_BAND,SSO,LAG2,50,staged,0.2,0.1,rule,0.009215829426
1988-12-23,1988-12-22,1988-12-21,deployment,recovery_2_of_3,-0.002168155029,0.002168133623,SSO,True,21,567,ASYMMETRIC_RESERVE_BAND,SSO,LAG2,50,staged,0.2,0.1,rule,0.008836804799
1989-02-22,1989-02-21,1989-02-17,deployment,recovery_3_of_3,-0.002177627252,0.002177608231,SSO,True,61,607,ASYMMETRIC_RESERVE_BAND,SSO,LAG2,50,staged,0.2,0.1,rule,0.007816512529
1990-03-12,1990-03-09,1990-03-08,deployment,recovery_1_of_3,-0.05648717722,0.05622563494,SSO,True,1,872,ASYMMETRIC_RESERVE_BAND,SSO,LAG2,50,staged,0.2,0.1,rule,0.1861568061
1990-03-20,1990-03-19,1990-03-16,deployment,recovery_1_of_3,-0.03739442967,0.03721654418,SSO,True,1,878,ASYMMETRIC_RESERVE_BAND,SSO,LAG2,50,staged,0.2,0.1,rule,0.1221538871
1990-03-29,1990-03-28,1990-03-27,deployment,recovery_1_of_3,-0.02474313342,0.02462354101,SSO,True,1,885,ASYMMETRIC_RESERVE_BAND,SSO,LAG2,50,staged,0.2,0.1,rule,0.08389431323
1990-04-05,1990-04-04,1990-04-03,deployment,recovery_1_of_3,-0.01636173788,0.0162817719,SSO,True,1,890,ASYMMETRIC_RESERVE_BAND,SSO,LAG2,50,staged,0.2,0.1,rule,0.05672570094
1990-04-11,1990-04-10,1990-04-09,deployment,recovery_1_of_3,-0.01081574537,0.01076248005,SSO,True,1,894,ASYMMETRIC_RESERVE_BAND,SSO,LAG2,50,staged,0.2,0.1,rule,0.03788088853
1990-05-10,1990-05-09,1990-05-08,deployment,recovery_1_of_3,-0.007185446743,0.00714988518,SSO,True,1,914,ASYMMETRIC_RESERVE_BAND,SSO,LAG2,50,staged,0.2,0.1,rule,0.02563926664
1990-06-08,1990-06-07,1990-06-06,deployment,recovery_2_of_3,-0.007231063288,0.007230896929,SSO,True,21,934,ASYMMETRIC_RESERVE_BAND,SSO,LAG2,50,staged,0.2,0.1,rule,0.0231577015
1990-08-06,1990-08-03,1990-08-02,deployment,recovery_3_of_3,-0.007248417881,0.007248230761,SSO,True,61,974,ASYMMETRIC_RESERVE_BAND,SSO,LAG2,50,staged,0.2,0.1,rule,0.02600111869
1991-04-24,1991-04-23,1991-04-22,deployment,recovery_3_of_3,-0.1693755103,0.1692914547,SSO,True,61,1155,ASYMMETRIC_RESERVE_BAND,SSO,LAG2,50,staged,0.2,0.1,rule,0.5549185439
1991-12-17,1991-12-16,1991-12-13,deployment,recovery_1_of_3,-0.06074098543,0.06045905138,SSO,True,1,1320,ASYMMETRIC_RESERVE_BAND,SSO,LAG2,50,staged,0.2,0.1,rule,0.2245340782
1992-01-16,1992-01-15,1992-01-14,deployment,recovery_2_of_3,-0.06093824329,0.06092892184,SSO,True,21,1340,ASYMMETRIC_RESERVE_BAND,SSO,LAG2,50,staged,0.2,0.1,rule,0.1894507816
1992-03-13,1992-03-12,1992-03-11,deployment,recovery_3_of_3,-0.0607374116,0.06072739137,SSO,True,61,1380,ASYMMETRIC_RESERVE_BAND,SSO,LAG2,50,staged,0.2,0.1,rule,0.2048940621
1992-09-17,1992-09-16,1992-09-15,deployment,recovery_3_of_3,-0.1974979418,0.1973973066,SSO,True,61,1510,ASYMMETRIC_RESERVE_BAND,SSO,LAG2,50,staged,0.2,0.1,rule,0.704653067
1993-01-18,1993-01-15,1993-01-14,deployment,recovery_3_of_3,-0.198786753,0.1986898168,SSO,True,61,1594,ASYMMETRIC_RESERVE_BAND,SSO,LAG2,50,staged,0.2,0.1,rule,0.7472271627
1994-06-16,1994-06-15,1994-06-14,deployment,recovery_1_of_3,-0.07234614594,0.07200755283,SSO,True,1,1951,ASYMMETRIC_RESERVE_BAND,SSO,LAG2,50,staged,0.2,0.1,rule,0.271039618
1994-08-03,1994-08-02,1994-08-01,deployment,recovery_1_of_3,-0.0480553353,0.04782530566,SSO,True,1,1984,ASYMMETRIC_RESERVE_BAND,SSO,LAG2,50,staged,0.2,0.1,rule,0.1807127822
1994-08-05,1994-08-04,1994-08-03,deployment,recovery_1_of_3,-0.03173861214,0.03158444301,SSO,True,1,1986,ASYMMETRIC_RESERVE_BAND,SSO,LAG2,50,staged,0.2,0.1,rule,0.1208127474
1994-08-16,1994-08-15,1994-08-12,deployment,recovery_1_of_3,-0.02098258624,0.02087966126,SSO,True,1,1993,ASYMMETRIC_RESERVE_BAND,SSO,LAG2,50,staged,0.2,0.1,rule,0.08029601344
1994-09-14,1994-09-13,1994-09-12,deployment,recovery_2_of_3,-0.02106070114,0.02105972029,SSO,True,21,2013,ASYMMETRIC_RESERVE_BAND,SSO,LAG2,50,staged,0.2,0.1,rule,0.07890893753
1994-09-29,1994-09-28,1994-09-27,deployment,recovery_1_of_3,-0.006930274699,0.006895841182,SSO,True,1,2024,ASYMMETRIC_RESERVE_BAND,SSO,LAG2,50,staged,0.2,0.1,rule,0.02663648221
1994-10-13,1994-10-12,1994-10-11,deployment,recovery_1_of_3,-0.004583039427,0.004560222689,SSO,True,1,2034,ASYMMETRIC_RESERVE_BAND,SSO,LAG2,50,staged,0.2,0.1,rule,0.01820641989
1994-11-10,1994-11-09,1994-11-08,deployment,recovery_2_of_3,-0.004601195721,0.004601145804,SSO,True,21,2054,ASYMMETRIC_RESERVE_BAND,SSO,LAG2,50,staged,0.2,0.1,rule,0.01838850806
1994-12-20,1994-12-19,1994-12-16,deployment,recovery_1_of_3,-0.001520208939,0.001512619394,SSO,True,1,2081,ASYMMETRIC_RESERVE_BAND,SSO,LAG2,50,staged,0.2,0.1,rule,0.006411912461
1994-12-23,1994-12-22,1994-12-21,deployment,recovery_1_of_3,-0.001003843527,0.0009988293642,SSO,True,1,2084,ASYMMETRIC_RESERVE_BAND,SSO,LAG2,50,staged,0.2,0.1,rule,0.004267966938
1995-01-24,1995-01-23,1995-01-20,deployment,recovery_2_of_3,-0.001008939906,0.001008937401,SSO,True,21,2104,ASYMMETRIC_RESERVE_BAND,SSO,LAG2,50,staged,0.2,0.1,rule,0.00420838337
1995-03-22,1995-03-21,1995-03-20,deployment,recovery_3_of_3,-0.2296669627,0.2295517953,SSO,True,61,2144,ASYMMETRIC_RESERVE_BAND,SSO,LAG2,50,staged,0.2,0.1,rule,0.9443283856
1996-07-19,1996-07-18,1996-07-17,deployment,recovery_1_of_3,-0.08411310822,0.08371283019,SSO,True,1,2480,ASYMMETRIC_RESERVE_BAND,SSO,LAG2,50,staged,0.2,0.1,rule,0.2448197637
1996-07-30,1996-07-29,1996-07-26,deployment,recovery_1_of_3,-0.05563225654,0.05536346885,SSO,True,1,2487,ASYMMETRIC_RESERVE_BAND,SSO,LAG2,50,staged,0.2,0.1,rule,0.1714413962
1996-08-01,1996-07-31,1996-07-30,deployment,recovery_1_of_3,-0.03674133653,0.03656167418,SSO,True,1,2489,ASYMMETRIC_RESERVE_BAND,SSO,LAG2,50,staged,0.2,0.1,rule,0.1119243383
1996-08-29,1996-08-28,1996-08-27,deployment,recovery_2_of_3,-0.03688754291,0.03688563831,SSO,True,21,2509,ASYMMETRIC_RESERVE_BAND,SSO,LAG2,50,staged,0.2,0.1,rule,0.1048428703
1996-10-25,1996-10-24,1996-10-23,deployment,recovery_3_of_3,-0.3987583599,0.3985576538,SSO,True,61,2549,ASYMMETRIC_RESERVE_BAND,SSO,LAG2,50,staged,0.2,0.1,rule,1.124810551
1998-09-25,1998-09-24,1998-09-23,deployment,recovery_1_of_3,-0.3079636135,0.3065515227,SSO,True,1,3032,ASYMMETRIC_RESERVE_BAND,SSO,LAG2,50,staged,0.2,0.1,rule,0.5292843225
1998-10-26,1998-10-23,1998-10-22,deployment,recovery_1_of_3,-0.2040946341,0.2031292625,SSO,True,1,3053,ASYMMETRIC_RESERVE_BAND,SSO,LAG2,50,staged,0.2,0.1,rule,0.3438046246
1998-10-28,1998-10-27,1998-10-26,deployment,recovery_1_of_3,-0.1348379281,0.134188109,SSO,True,1,3055,ASYMMETRIC_RESERVE_BAND,SSO,LAG2,50,staged,0.2,0.1,rule,0.2302163517
1998-11-02,1998-10-30,1998-10-29,deployment,recovery_1_of_3,-0.08905842446,0.08862352343,SSO,True,1,3058,ASYMMETRIC_RESERVE_BAND,SSO,LAG2,50,staged,0.2,0.1,rule,0.1484410622
1998-12-01,1998-11-30,1998-11-27,deployment,recovery_2_of_3,-0.08940023616,0.08939551388,SSO,True,21,3078,ASYMMETRIC_RESERVE_BAND,SSO,LAG2,50,staged,0.2,0.1,rule,0.1340865125
1999-01-29,1999-01-28,1999-01-27,deployment,recovery_3_of_3,-0.9447415273,0.9442873834,SSO,True,61,3118,ASYMMETRIC_RESERVE_BAND,SSO,LAG2,50,staged,0.2,0.1,rule,1.335933459
1999-10-08,1999-10-07,1999-10-06,deployment,recovery_1_of_3,-0.339990432,0.3384077699,SSO,True,1,3293,ASYMMETRIC_RESERVE_BAND,SSO,LAG2,50,staged,0.2,0.1,rule,0.5347068084
1999-11-01,1999-10-29,1999-10-28,deployment,recovery_1_of_3,-0.2252364758,0.224161962,SSO,True,1,3309,ASYMMETRIC_RESERVE_BAND,SSO,LAG2,50,staged,0.2,0.1,rule,0.3554889854
1999-11-30,1999-11-29,1999-11-26,deployment,recovery_2_of_3,-0.2262321443,0.2262074273,SSO,True,21,3329,ASYMMETRIC_RESERVE_BAND,SSO,LAG2,50,staged,0.2,0.1,rule,0.3377736226
2000-01-27,2000-01-26,2000-01-25,deployment,recovery_3_of_3,-0.2259700261,0.2259449219,SSO,True,61,3369,ASYMMETRIC_RESERVE_BAND,SSO,LAG2,50,staged,0.2,0.1,rule,0.3436649407
2007-08-08,2007-08-07,2007-08-06,deployment,recovery_1_of_3,-0.289031576,0.2876828284,SSO,True,1,5261,ASYMMETRIC_RESERVE_BAND,SSO,LAG2,50,staged,0.2,0.1,rule,0.5732959145
2007-08-24,2007-08-23,2007-08-22,deployment,recovery_1_of_3,-0.1912499952,0.1903381703,SSO,True,1,5273,ASYMMETRIC_RESERVE_BAND,SSO,LAG2,50,staged,0.2,0.1,rule,0.4005102687
2007-08-31,2007-08-30,2007-08-29,deployment,recovery_1_of_3,-0.1263894158,0.1257771299,SSO,True,1,5278,ASYMMETRIC_RESERVE_BAND,SSO,LAG2,50,staged,0.2,0.1,rule,0.2682759966
2007-09-05,2007-09-04,2007-08-31,deployment,recovery_1_of_3,-0.083490308,0.08308125103,SSO,True,1,5280,ASYMMETRIC_RESERVE_BAND,SSO,LAG2,50,staged,0.2,0.1,rule,0.1732287024
2007-09-13,2007-09-12,2007-09-11,deployment,recovery_1_of_3,-0.05516673465,0.05489474099,SSO,True,1,5286,ASYMMETRIC_RESERVE_BAND,SSO,LAG2,50,staged,0.2,0.1,rule,0.1200204981
2007-10-11,2007-10-10,2007-10-09,deployment,recovery_2_of_3,-0.05533222975,0.05533049864,SSO,True,21,5306,ASYMMETRIC_RESERVE_BAND,SSO,LAG2,50,staged,0.2,0.1,rule,0.1077280669
2007-12-07,2007-12-06,2007-12-05,deployment,recovery_1_of_3,-0.01827265371,0.01818170819,SSO,True,1,5346,ASYMMETRIC_RESERVE_BAND,SSO,LAG2,50,staged,0.2,0.1,rule,0.0393876376
2007-12-14,2007-12-13,2007-12-12,deployment,recovery_1_of_3,-0.0120678415,0.0120076915,SSO,True,1,5351,ASYMMETRIC_RESERVE_BAND,SSO,LAG2,50,staged,0.2,0.1,rule,0.02701491969
2007-12-27,2007-12-26,2007-12-24,deployment,recovery_1_of_3,-0.007973754785,0.007933971398,SSO,True,1,5359,ASYMMETRIC_RESERVE_BAND,SSO,LAG2,50,staged,0.2,0.1,rule,0.01845287287
2009-06-03,2009-06-02,2009-06-01,deployment,recovery_1_of_3,-0.005343902283,0.005317242722,SSO,True,1,5719,ASYMMETRIC_RESERVE_BAND,SSO,LAG2,50,staged,0.2,0.1,rule,0.01935546455
2009-06-26,2009-06-25,2009-06-24,deployment,recovery_1_of_3,-0.003527550557,0.003509941399,SSO,True,1,5736,ASYMMETRIC_RESERVE_BAND,SSO,LAG2,50,staged,0.2,0.1,rule,0.01398795437
2009-07-13,2009-07-10,2009-07-09,deployment,recovery_1_of_3,-0.002328459184,0.002316830666,SSO,True,1,5746,ASYMMETRIC_RESERVE_BAND,SSO,LAG2,50,staged,0.2,0.1,rule,0.01021271249
2009-07-15,2009-07-14,2009-07-13,deployment,recovery_1_of_3,-0.001536870465,0.001529191857,SSO,True,1,5748,ASYMMETRIC_RESERVE_BAND,SSO,LAG2,50,staged,0.2,0.1,rule,0.006450326314
2009-08-12,2009-08-11,2009-08-10,deployment,recovery_2_of_3,-0.001537088303,0.001537085905,SSO,True,21,5768,ASYMMETRIC_RESERVE_BAND,SSO,LAG2,50,staged,0.2,0.1,rule,0.005385005003
2009-10-08,2009-10-07,2009-10-06,deployment,recovery_3_of_3,-0.001522053014,0.001522050936,SSO,True,61,5808,ASYMMETRIC_RESERVE_BAND,SSO,LAG2,50,staged,0.2,0.1,rule,0.00471129352
2012-04-02,2012-03-30,2012-03-29,deployment,recovery_3_of_3,-0.7986104842,0.7982133782,SSO,True,61,6433,ASYMMETRIC_RESERVE_BAND,SSO,LAG2,50,staged,0.2,0.1,rule,1.9055143
2012-06-08,2012-06-07,2012-06-06,deployment,recovery_1_of_3,-0.2682362918,0.2669992894,SSO,True,1,6480,ASYMMETRIC_RESERVE_BAND,SSO,LAG2,50,staged,0.2,0.1,rule,0.8423151862
2012-07-09,2012-07-06,2012-07-05,deployment,recovery_2_of_3,-0.2682562659,0.2682067274,SSO,True,21,6500,ASYMMETRIC_RESERVE_BAND,SSO,LAG2,50,staged,0.2,0.1,rule,0.7974164711
2012-09-04,2012-08-31,2012-08-30,deployment,recovery_3_of_3,-0.2657740497,0.2657289149,SSO,True,61,6540,ASYMMETRIC_RESERVE_BAND,SSO,LAG2,50,staged,0.2,0.1,rule,0.7313208776
2012-11-21,2012-11-20,2012-11-19,deployment,recovery_1_of_3,-0.2679615172,0.2667160884,SSO,True,1,6594,ASYMMETRIC_RESERVE_BAND,SSO,LAG2,50,staged,0.2,0.1,rule,0.8479688232
2012-12-20,2012-12-19,2012-12-18,deployment,recovery_2_of_3,-0.2679794603,0.2679350446,SSO,True,21,6614,ASYMMETRIC_RESERVE_BAND,SSO,LAG2,50,staged,0.2,0.1,rule,0.794268184
2013-02-20,2013-02-19,2013-02-15,deployment,recovery_3_of_3,-0.8365754629,0.8361916841,SSO,True,61,6654,ASYMMETRIC_RESERVE_BAND,SSO,LAG2,50,staged,0.2,0.1,rule,2.34099559
2014-10-23,2014-10-22,2014-10-21,deployment,recovery_1_of_3,-0.3068698039,0.3054035813,SSO,True,1,7077,ASYMMETRIC_RESERVE_BAND,SSO,LAG2,50,staged,0.2,0.1,rule,0.6068610844
2014-11-20,2014-11-19,2014-11-18,deployment,recovery_2_of_3,-0.3068745777,0.3068441707,SSO,True,21,7097,ASYMMETRIC_RESERVE_BAND,SSO,LAG2,50,staged,0.2,0.1,rule,0.5746020528
2015-01-21,2015-01-20,2015-01-16,deployment,recovery_3_of_3,-1.227568594,1.227070407,SSO,True,61,7137,ASYMMETRIC_RESERVE_BAND,SSO,LAG2,50,staged,0.2,0.1,rule,2.358269873
2015-07-14,2015-07-13,2015-07-10,deployment,recovery_1_of_3,-0.5414728644,0.5389490195,SSO,True,1,7257,ASYMMETRIC_RESERVE_BAND,SSO,LAG2,50,staged,0.2,0.1,rule,1.096199292
2015-08-11,2015-08-10,2015-08-07,deployment,recovery_2_of_3,-0.541493173,0.5414014034,SSO,True,21,7277,ASYMMETRIC_RESERVE_BAND,SSO,LAG2,50,staged,0.2,0.1,rule,1.095910737
2015-10-27,2015-10-26,2015-10-23,deployment,recovery_1_of_3,-0.1779360423,0.1770678336,SSO,True,1,7331,ASYMMETRIC_RESERVE_BAND,SSO,LAG2,50,staged,0.2,0.1,rule,0.3912170382
2015-11-20,2015-11-19,2015-11-18,deployment,recovery_1_of_3,-0.1174771324,0.1168993515,SSO,True,1,7349,ASYMMETRIC_RESERVE_BAND,SSO,LAG2,50,staged,0.2,0.1,rule,0.2651732034
2015-12-08,2015-12-07,2015-12-04,deployment,recovery_1_of_3,-0.07755631104,0.0771727426,SSO,True,1,7360,ASYMMETRIC_RESERVE_BAND,SSO,LAG2,50,staged,0.2,0.1,rule,0.1761798469
2015-12-18,2015-12-17,2015-12-16,deployment,recovery_1_of_3,-0.05119768475,0.05094360767,SSO,True,1,7368,ASYMMETRIC_RESERVE_BAND,SSO,LAG2,50,staged,0.2,0.1,rule,0.1211175906
2015-12-28,2015-12-24,2015-12-23,deployment,recovery_1_of_3,-0.03379526939,0.0336271415,SSO,True,1,7373,ASYMMETRIC_RESERVE_BAND,SSO,LAG2,50,staged,0.2,0.1,rule,0.08145572991
2015-12-31,2015-12-30,2015-12-29,deployment,recovery_1_of_3,-0.02230735041,0.02219618738,SSO,True,1,7376,ASYMMETRIC_RESERVE_BAND,SSO,LAG2,50,staged,0.2,0.1,rule,0.05435579406
2016-03-15,2016-03-14,2016-03-11,deployment,recovery_1_of_3,-0.01473230451,0.01465881457,SSO,True,1,7426,ASYMMETRIC_RESERVE_BAND,SSO,LAG2,50,staged,0.2,0.1,rule,0.03779443597
2016-03-18,2016-03-17,2016-03-16,deployment,recovery_1_of_3,-0.009724060935,0.009675515081,SSO,True,1,7429,ASYMMETRIC_RESERVE_BAND,SSO,LAG2,50,staged,0.2,0.1,rule,0.02484391424
2016-04-18,2016-04-15,2016-04-14,deployment,recovery_2_of_3,-0.009726050461,0.009726014483,SSO,True,21,7449,ASYMMETRIC_RESERVE_BAND,SSO,LAG2,50,staged,0.2,0.1,rule,0.02400466259
2016-06-14,2016-06-13,2016-06-10,deployment,recovery_3_of_3,-0.009633017924,0.009632982691,SSO,True,61,7489,ASYMMETRIC_RESERVE_BAND,SSO,LAG2,50,staged,0.2,0.1,rule,0.0237350135
2018-04-05,2018-04-04,2018-04-03,deployment,recovery_1_of_3,-0.5092623879,0.5068452929,SSO,True,1,7944,ASYMMETRIC_RESERVE_BAND,SSO,LAG2,50,staged,0.2,0.1,rule,0.8911127319
2018-05-03,2018-05-02,2018-05-01,deployment,recovery_2_of_3,-0.5099626648,0.5098970246,SSO,True,21,7964,ASYMMETRIC_RESERVE_BAND,SSO,LAG2,50,staged,0.2,0.1,rule,0.9045710136
2018-06-29,2018-06-28,2018-06-27,deployment,recovery_3_of_3,-0.5065686035,0.506507581,SSO,True,61,8004,ASYMMETRIC_RESERVE_BAND,SSO,LAG2,50,staged,0.2,0.1,rule,0.8453505352
2018-10-16,2018-10-15,2018-10-12,deployment,recovery_1_of_3,-0.7975356745,0.7938400433,SSO,True,1,8079,ASYMMETRIC_RESERVE_BAND,SSO,LAG2,50,staged,0.2,0.1,rule,1.443436267
2018-10-18,2018-10-17,2018-10-16,deployment,recovery_1_of_3,-0.5268336189,0.5243231795,SSO,True,1,8081,ASYMMETRIC_RESERVE_BAND,SSO,LAG2,50,staged,0.2,0.1,rule,0.9229752287
2018-11-09,2018-11-08,2018-11-07,deployment,recovery_1_of_3,-0.3483751813,0.3466889469,SSO,True,1,8097,ASYMMETRIC_RESERVE_BAND,SSO,LAG2,50,staged,0.2,0.1,rule,0.6283118349
2018-12-06,2018-12-04,2018-12-03,deployment,recovery_1_of_3,-0.2303995902,0.2292738458,SSO,True,1,8114,ASYMMETRIC_RESERVE_BAND,SSO,LAG2,50,staged,0.2,0.1,rule,0.4492993964
2019-02-14,2019-02-13,2019-02-12,deployment,recovery_1_of_3,-0.1528190022,0.1520663233,SSO,True,1,8161,ASYMMETRIC_RESERVE_BAND,SSO,LAG2,50,staged,0.2,0.1,rule,0.2944434274
2019-03-13,2019-03-12,2019-03-11,deployment,recovery_1_of_3,-0.101061113,0.1005608084,SSO,True,1,8179,ASYMMETRIC_RESERVE_BAND,SSO,LAG2,50,staged,0.2,0.1,rule,0.1950242918
2019-04-10,2019-04-09,2019-04-08,deployment,recovery_2_of_3,-0.1012505431,0.1012481813,SSO,True,21,8199,ASYMMETRIC_RESERVE_BAND,SSO,LAG2,50,staged,0.2,0.1,rule,0.1837479122
2019-06-06,2019-06-05,2019-06-04,deployment,recovery_1_of_3,-0.03337414981,0.03320783077,SSO,True,1,8238,ASYMMETRIC_RESERVE_BAND,SSO,LAG2,50,staged,0.2,0.1,rule,0.06513285873
2019-07-05,2019-07-03,2019-07-02,deployment,recovery_2_of_3,-0.03343029082,0.03343004013,SSO,True,21,8258,ASYMMETRIC_RESERVE_BAND,SSO,LAG2,50,staged,0.2,0.1,rule,0.05907331391
2019-08-30,2019-08-29,2019-08-28,deployment,recovery_3_of_3,-0.03320351491,0.03320325734,SSO,True,61,8298,ASYMMETRIC_RESERVE_BAND,SSO,LAG2,50,staged,0.2,0.1,rule,0.06111208501
2020-03-04,2020-03-03,2020-03-02,deployment,recovery_1_of_3,-0.7680536779,0.7644805276,SSO,True,1,8425,ASYMMETRIC_RESERVE_BAND,SSO,LAG2,50,staged,0.2,0.1,rule,1.529521009
2020-03-06,2020-03-05,2020-03-04,deployment,recovery_1_of_3,-0.5072929185,0.5048690625,SSO,True,1,8427,ASYMMETRIC_RESERVE_BAND,SSO,LAG2,50,staged,0.2,0.1,rule,0.9731406815
2020-05-29,2020-05-28,2020-05-27,deployment,recovery_1_of_3,-0.3350931839,0.3334678399,SSO,True,1,8485,ASYMMETRIC_RESERVE_BAND,SSO,LAG2,50,staged,0.2,0.1,rule,0.6560581773
2020-06-16,2020-06-15,2020-06-12,deployment,recovery_1_of_3,-0.2212506766,0.220166227,SSO,True,1,8497,ASYMMETRIC_RESERVE_BAND,SSO,LAG2,50,staged,0.2,0.1,rule,0.4320862139
2020-07-01,2020-06-30,2020-06-29,deployment,recovery_1_of_3,-0.1460676293,0.1453468426,SSO,True,1,8508,ASYMMETRIC_RESERVE_BAND,SSO,LAG2,50,staged,0.2,0.1,rule,0.2866811834
2020-07-30,2020-07-29,2020-07-28,deployment,recovery_2_of_3,-0.1460829723,0.1460786178,SSO,True,21,8528,ASYMMETRIC_RESERVE_BAND,SSO,LAG2,50,staged,0.2,0.1,rule,0.2610473438
2020-09-25,2020-09-24,2020-09-23,deployment,recovery_3_of_3,-2.793802677,2.79221802,SSO,True,61,8568,ASYMMETRIC_RESERVE_BAND,SSO,LAG2,50,staged,0.2,0.1,rule,5.569783769
2022-02-02,2022-02-01,2022-01-31,deployment,recovery_1_of_3,-1.005870045,1.001067385,SSO,True,1,8909,ASYMMETRIC_RESERVE_BAND,SSO,LAG2,50,staged,0.2,0.1,rule,1.186755772
2022-02-17,2022-02-16,2022-02-15,deployment,recovery_1_of_3,-0.664284622,0.6610677947,SSO,True,1,8920,ASYMMETRIC_RESERVE_BAND,SSO,LAG2,50,staged,0.2,0.1,rule,0.8310298218
2022-03-24,2022-03-23,2022-03-22,deployment,recovery_1_of_3,-0.4387439911,0.4365977688,SSO,True,1,8944,ASYMMETRIC_RESERVE_BAND,SSO,LAG2,50,staged,0.2,0.1,rule,0.571952148
2022-03-28,2022-03-25,2022-03-24,deployment,recovery_1_of_3,-0.2896485557,0.2882205444,SSO,True,1,8946,ASYMMETRIC_RESERVE_BAND,SSO,LAG2,50,staged,0.2,0.1,rule,0.3687612126
2022-04-11,2022-04-08,2022-04-07,deployment,recovery_1_of_3,-0.1912427468,0.1902956365,SSO,True,1,8956,ASYMMETRIC_RESERVE_BAND,SSO,LAG2,50,staged,0.2,0.1,rule,0.2513881871
2022-12-02,2022-12-01,2022-11-30,deployment,recovery_1_of_3,-0.1282752786,0.1276384798,SSO,True,1,9119,ASYMMETRIC_RESERVE_BAND,SSO,LAG2,50,staged,0.2,0.1,rule,0.1886864044
2023-01-18,2023-01-17,2023-01-13,deployment,recovery_1_of_3,-0.08515463935,0.08473101619,SSO,True,1,9149,ASYMMETRIC_RESERVE_BAND,SSO,LAG2,50,staged,0.2,0.1,rule,0.1335600278
2023-01-24,2023-01-23,2023-01-20,deployment,recovery_1_of_3,-0.05624963125,0.05596934633,SSO,True,1,9153,ASYMMETRIC_RESERVE_BAND,SSO,LAG2,50,staged,0.2,0.1,rule,0.09059166217
2023-02-22,2023-02-21,2023-02-17,deployment,recovery_2_of_3,-0.0564615763,0.05646108138,SSO,True,21,9173,ASYMMETRIC_RESERVE_BAND,SSO,LAG2,50,staged,0.2,0.1,rule,0.09275112333
2023-03-20,2023-03-17,2023-03-16,deployment,recovery_1_of_3,-0.01859927291,0.01850639076,SSO,True,1,9191,ASYMMETRIC_RESERVE_BAND,SSO,LAG2,50,staged,0.2,0.1,rule,0.03249104339
2023-03-22,2023-03-21,2023-03-20,deployment,recovery_1_of_3,-0.01228209599,0.01222073432,SSO,True,1,9193,ASYMMETRIC_RESERVE_BAND,SSO,LAG2,50,staged,0.2,0.1,rule,0.0210271361
2023-04-20,2023-04-19,2023-04-18,deployment,recovery_2_of_3,-0.01233002298,0.01232999994,SSO,True,21,9213,ASYMMETRIC_RESERVE_BAND,SSO,LAG2,50,staged,0.2,0.1,rule,0.01977289396
2023-06-16,2023-06-15,2023-06-14,deployment,recovery_3_of_3,-0.0123072122,0.01230719184,SSO,True,61,9253,ASYMMETRIC_RESERVE_BAND,SSO,LAG2,50,staged,0.2,0.1,rule,0.01750733834
2025-03-26,2025-03-25,2025-03-24,deployment,recovery_1_of_3,-1.598989702,1.591489273,SSO,True,1,9697,ASYMMETRIC_RESERVE_BAND,SSO,LAG2,50,staged,0.2,0.1,rule,1.803523134
2025-05-14,2025-05-13,2025-05-12,deployment,recovery_1_of_3,-1.062163009,1.057071296,SSO,True,1,9731,ASYMMETRIC_RESERVE_BAND,SSO,LAG2,50,staged,0.2,0.1,rule,1.20296615
2025-06-12,2025-06-11,2025-06-10,deployment,recovery_2_of_3,-1.065847199,1.065740826,SSO,True,21,9751,ASYMMETRIC_RESERVE_BAND,SSO,LAG2,50,staged,0.2,0.1,rule,1.162168947
2025-08-11,2025-08-08,2025-08-07,deployment,recovery_3_of_3,-1.062819812,1.062724952,SSO,True,61,9791,ASYMMETRIC_RESERVE_BAND,SSO,LAG2,50,staged,0.2,0.1,rule,1.037312706
2026-04-10,2026-04-09,2026-04-08,deployment,recovery_1_of_3,-2.07243416,2.062755955,SSO,True,1,9958,ASYMMETRIC_RESERVE_BAND,SSO,LAG2,50,staged,0.2,0.1,rule,2.128579164
2026-05-08,2026-05-07,2026-05-06,deployment,recovery_2_of_3,-2.078305307,2.078002572,SSO,True,21,9978,ASYMMETRIC_RESERVE_BAND,SSO,LAG2,50,staged,0.2,0.1,rule,1.86298642
2026-07-08,2026-07-07,2026-07-06,deployment,recovery_3_of_3,-7.315365431,7.311746664,SSO,True,61,10018,ASYMMETRIC_RESERVE_BAND,SSO,LAG2,50,staged,0.2,0.1,rule,6.818789253
1987-10-21,1987-10-20,1987-10-19,deployment,drawdown_20_30,-0.02852470915,0.02852048011,SP500_1X,False,0,269,HWM_DRAWDOWN,SSO,LAG2,50,drawdown,0.15,0.1,rule,1.836150977
2001-03-14,2001-03-13,2001-03-12,deployment,drawdown_20,-0.2113188717,0.2112852394,SP500_1X,False,0,3653,HWM_DRAWDOWN,SSO,LAG2,50,drawdown,0.15,0.1,rule,2.259216265
2001-09-19,2001-09-18,2001-09-17,deployment,drawdown_30,-0.2692297261,0.2691681858,SP500_1X,False,0,3780,HWM_DRAWDOWN,SSO,LAG2,50,drawdown,0.15,0.1,rule,3.316711903
2002-07-22,2002-07-19,2002-07-18,deployment,drawdown_40,-0.2733641593,0.273284783,SP500_1X,False,0,3990,HWM_DRAWDOWN,SSO,LAG2,50,drawdown,0.15,0.1,rule,4.321802742
2008-07-16,2008-07-15,2008-07-14,deployment,drawdown_20,-0.05522931171,0.05522689498,SP500_1X,False,0,5497,HWM_DRAWDOWN,SSO,LAG2,50,drawdown,0.15,0.1,rule,0.6367798902
2008-10-08,2008-10-07,2008-10-06,deployment,drawdown_30,-0.06926507102,0.06926049349,SP500_1X,False,0,5556,HWM_DRAWDOWN,SSO,LAG2,50,drawdown,0.15,0.1,rule,0.9690365078
2008-10-13,2008-10-10,2008-10-09,deployment,drawdown_40,-0.06926904162,0.06926398837,SP500_1X,False,0,5559,HWM_DRAWDOWN,SSO,LAG2,50,drawdown,0.15,0.1,rule,1.07301639
2008-11-24,2008-11-21,2008-11-20,deployment,drawdown_50,-0.08314211718,0.08313397976,SP500_1X,False,0,5589,HWM_DRAWDOWN,SSO,LAG2,50,drawdown,0.15,0.1,rule,1.442633089
2020-03-16,2020-03-13,2020-03-12,deployment,drawdown_20,-0.3678543141,0.3678238079,SP500_1X,False,0,8433,HWM_DRAWDOWN,SSO,LAG2,50,drawdown,0.15,0.1,rule,1.332907471
2020-03-24,2020-03-23,2020-03-20,deployment,drawdown_30,-0.4598364238,0.4597794759,SP500_1X,False,0,8439,HWM_DRAWDOWN,SSO,LAG2,50,drawdown,0.15,0.1,rule,2.018410844
2022-06-15,2022-06-14,2022-06-13,deployment,drawdown_20,-0.6687726886,0.6687119223,SP500_1X,False,0,9001,HWM_DRAWDOWN,SSO,LAG2,50,drawdown,0.15,0.1,rule,1.540132733
1987-10-21,1987-10-20,1987-10-19,deployment,drawdown_20_30,-0.04703831963,0.04702673506,SP500_1X,False,0,269,BAND_DRAWDOWN,SSO,LAG2,50,drawdown,0.2,0.1,rule,2.723736695
2001-03-14,2001-03-13,2001-03-12,deployment,drawdown_20,-0.1656178349,0.1655966067,SP500_1X,False,0,3653,BAND_DRAWDOWN,SSO,LAG2,50,drawdown,0.2,0.1,rule,1.528090046
2001-09-19,2001-09-18,2001-09-17,deployment,drawdown_30,-0.2110045542,0.2109655473,SP500_1X,False,0,3780,BAND_DRAWDOWN,SSO,LAG2,50,drawdown,0.2,0.1,rule,2.243290072
2002-07-22,2002-07-19,2002-07-18,deployment,drawdown_40,-0.2142448511,0.2141942625,SP500_1X,False,0,3990,BAND_DRAWDOWN,SSO,LAG2,50,drawdown,0.2,0.1,rule,2.925041602
2008-07-16,2008-07-15,2008-07-14,deployment,drawdown_20,-0.1676778198,0.1676555236,SP500_1X,False,0,5497,BAND_DRAWDOWN,SSO,LAG2,50,drawdown,0.2,0.1,rule,1.799412268
2008-10-08,2008-10-07,2008-10-06,deployment,drawdown_30,-0.2102907992,0.2102492046,SP500_1X,False,0,5556,BAND_DRAWDOWN,SSO,LAG2,50,drawdown,0.2,0.1,rule,2.73854716
2008-10-13,2008-10-10,2008-10-09,deployment,drawdown_40,-0.2103028541,0.2102572134,SP500_1X,False,0,5559,BAND_DRAWDOWN,SSO,LAG2,50,drawdown,0.2,0.1,rule,3.032799143
2008-11-24,2008-11-21,2008-11-20,deployment,drawdown_50,-0.2522645533,0.2521914419,SP500_1X,False,0,5589,BAND_DRAWDOWN,SSO,LAG2,50,drawdown,0.2,0.1,rule,4.075537788
2020-03-16,2020-03-13,2020-03-12,deployment,drawdown_20,-0.300535818,0.300514725,SP500_1X,False,0,8433,BAND_DRAWDOWN,SSO,LAG2,50,drawdown,0.2,0.1,rule,1.061450191
2020-03-24,2020-03-23,2020-03-20,deployment,drawdown_30,-0.3756849124,0.3756454534,SP500_1X,False,0,8439,BAND_DRAWDOWN,SSO,LAG2,50,drawdown,0.2,0.1,rule,1.607324825
2022-06-15,2022-06-14,2022-06-13,deployment,drawdown_20,-0.5680290156,0.5679826876,SP500_1X,False,0,9001,BAND_DRAWDOWN,SSO,LAG2,50,drawdown,0.2,0.1,rule,1.296155585
