series,fund,lag,cost_bps,deployment,cap,harvest,rebalance,period,entry_close,first_return,last_return,observations,cagr,max_drawdown,terminal_multiple,years,annualized_volatility,sharpe,longest_underwater_calendar_days,max_drawdown_peak,max_drawdown_trough,max_drawdown_recovery,max_drawdown_recovered,max_drawdown_recovery_days_from_trough,max_drawdown_recovery_days_from_peak,worst_calendar_year,worst_calendar_year_return,best_calendar_year,best_calendar_year_return,worst_rolling_1y_cagr,worst_rolling_5y_cagr,worst_rolling_10y_cagr,switch_count,switches_per_year,terminal_ratio_vs_no_reserve
NO_RESERVE,UPRO,LAG1,0,staged,0.15,0.1,rule,1987_1999,1986-12-31,1987-01-02,1999-12-31,3286,0.330374224305,-0.550009909588,40.8860193396,12.9993155373,0.389108042457,0.788407856434,809,1987-08-25,1987-10-19,1989-07-31,True,651,706,1990,-0.304602761089,1995,1.22788602039,-0.521266474368,0.0243385575748,0.204077152043,0,0,1
NO_RESERVE,UPRO,LAG1,0,staged,0.15,0.1,rule,2000_2009,1999-12-31,2000-01-03,2009-12-31,2515,-0.041245974845,-0.722644643686,0.656216220539,10.0013689254,0.373803359452,0.00102799904076,3653,1999-12-31,2009-03-09,,False,,,2000,-0.430477003648,2009,0.783120825481,-0.538847212141,-0.161796889842,-0.041245974845,0,0,1
NO_RESERVE,UPRO,LAG1,0,staged,0.15,0.1,rule,2010_2019,2009-12-31,2010-01-04,2019-12-31,2516,0.247662608969,-0.471733986937,9.13776636581,9.99863107461,0.357257193556,0.784694966418,634,2010-04-23,2010-08-26,2011-04-27,True,244,369,2011,-0.198816304931,2013,1.18798751954,-0.276143141695,0.145916691217,0.247662608969,0,0,1
NO_RESERVE,UPRO,LAG1,0,staged,0.15,0.1,rule,2020_latest,2019-12-31,2020-01-02,2026-09-02,1676,0.292403030795,-0.557272556512,5.53685436806,6.67214236824,0.409967593799,0.764161389434,788,2020-02-19,2020-03-23,2020-11-16,True,238,271,2022,-0.41812103336,2021,0.982579332736,-0.434078911578,0.188089919408,,0,0,1
NO_RESERVE,UPRO,LAG1,0,staged,0.15,0.1,rule,2010_latest,2009-12-31,2010-01-04,2026-09-02,4192,0.265380102512,-0.557272556512,50.5944816168,16.6707734428,0.379167588867,0.774094174803,788,2020-02-19,2020-03-23,2020-11-16,True,238,271,2022,-0.41812103336,2013,1.18798751954,-0.434078911578,0.0483114018822,0.1485882701,0,0,1
FIXED_90_10,UPRO,LAG1,0,staged,0.15,0.1,quarterly,1987_1999,1986-12-31,1987-01-02,1999-12-31,3286,0.308793040233,-0.502391912125,33.0554219825,12.9993155373,0.350096729001,0.787649858589,702,1987-08-25,1987-10-19,1989-07-27,True,647,702,1990,-0.266938832744,1995,1.08085570789,-0.472927792852,0.035509683111,0.194186450624,0,0,0.808477384603
FIXED_90_10,UPRO,LAG1,0,staged,0.15,0.1,quarterly,2000_2009,1999-12-31,2000-01-03,2009-12-31,2515,-0.0302800311974,-0.663221272264,0.735267057047,10.0013689254,0.334490166231,-0.00672683622022,3570,2000-03-23,2009-03-09,,False,,,2000,-0.389818451632,2009,0.698539964211,-0.497400605501,-0.141386097319,-0.0302800311974,0,0,1.12046461827
FIXED_90_10,UPRO,LAG1,0,staged,0.15,0.1,quarterly,2010_2019,2009-12-31,2010-01-04,2019-12-31,2516,0.227627989554,-0.431363592065,7.77223441695,9.99863107461,0.321309873868,0.783499984753,566,2010-04-23,2010-08-26,2011-02-17,True,175,300,2011,-0.17689705725,2013,1.03948905368,-0.24495201736,0.135200185061,0.227627989554,0,0,0.850561735308
FIXED_90_10,UPRO,LAG1,0,staged,0.15,0.1,quarterly,2020_latest,2019-12-31,2020-01-02,2026-09-02,1676,0.274042822923,-0.507874064842,5.03272029563,6.67214236824,0.368916939199,0.766159655889,780,2020-02-19,2020-03-23,2020-09-02,True,163,196,2022,-0.380631206915,2021,0.864353934757,-0.396132030921,0.179029546604,,0,0,0.908949371085
FIXED_90_10,UPRO,LAG1,0,staged,0.15,0.1,quarterly,2010_latest,2009-12-31,2010-01-04,2026-09-02,4192,0.245998114097,-0.507874064842,39.1154818926,16.6707734428,0.341102784343,0.774265417111,780,2020-02-19,2020-03-23,2020-09-02,True,163,196,2022,-0.380631206915,2013,1.03948905368,-0.396132030921,0.0535517697255,0.142306641897,0,0,0.773117554378
FIXED_85_15,UPRO,LAG1,0,staged,0.15,0.1,quarterly,1987_1999,1986-12-31,1987-01-02,1999-12-31,3286,0.297390065656,-0.478033663497,29.5012211509,12.9993155373,0.330718529819,0.787120330556,702,1987-08-25,1987-10-19,1989-07-27,True,647,702,1990,-0.247983464475,1995,1.01009298483,-0.448012707923,0.0404476995843,0.188749642033,0,0,0.721547894057
FIXED_85_15,UPRO,LAG1,0,staged,0.15,0.1,quarterly,2000_2009,1999-12-31,2000-01-03,2009-12-31,2515,-0.0251076859024,-0.630334855857,0.775445620232,10.0013689254,0.31509140545,-0.0103628256145,3570,2000-03-23,2009-03-09,,False,,,2000,-0.368827758803,2009,0.656711289636,-0.475627474879,-0.131260403263,-0.0251076859024,0,0,1.1816922471
FIXED_85_15,UPRO,LAG1,0,staged,0.15,0.1,quarterly,2010_2019,2009-12-31,2010-01-04,2019-12-31,2516,0.217170635622,-0.410662452438,7.13506320002,9.99863107461,0.303401990544,0.782815068232,566,2010-04-23,2010-08-26,2011-02-16,True,174,299,2011,-0.166077383688,2013,0.96793920687,-0.229479284565,0.129548381613,0.217170635622,0,0,0.780832307851
FIXED_85_15,UPRO,LAG1,0,staged,0.15,0.1,quarterly,2020_latest,2019-12-31,2020-01-02,2026-09-02,1676,0.264030156752,-0.482699733345,4.77463409955,6.67214236824,0.34857330007,0.766874364105,780,2020-02-19,2020-03-23,2020-09-02,True,163,196,2022,-0.361372670566,2021,0.807008753141,-0.376576593609,0.173972541917,,0,0,0.862336948412
FIXED_85_15,UPRO,LAG1,0,staged,0.15,0.1,quarterly,2010_latest,2009-12-31,2010-01-04,2026-09-02,4192,0.235713029848,-0.482699733345,34.0673160573,16.6707734428,0.32218612585,0.774168180132,780,2020-02-19,2020-03-23,2020-09-02,True,163,196,2022,-0.361372670566,2013,0.96793920687,-0.376576593609,0.0552041453565,0.138313809959,0,0,0.673340549574
HWM_RESERVE,UPRO,LAG1,0,staged,0.15,0.1,rule,1987_1999,1986-12-31,1987-01-02,1999-12-31,3286,0.329070983354,-0.53659905633,40.3684179846,12.9993155373,0.378776858521,0.796551430412,809,1987-08-25,1987-10-19,1989-07-27,True,647,702,1990,-0.302184994176,1995,1.2018513434,-0.509816467116,0.0301471601024,0.205928383805,0,0,0.987340382768
HWM_RESERVE,UPRO,LAG1,0,staged,0.15,0.1,rule,2000_2009,1999-12-31,2000-01-03,2009-12-31,2515,-0.0411702766665,-0.722425550654,0.656734589477,10.0013689254,0.373754161829,0.00118807730228,3653,1999-12-31,2009-03-09,,False,,,2000,-0.430027116825,2009,0.783120825481,-0.538847212141,-0.161796889842,-0.0411702766665,0,0,1.00078993619
HWM_RESERVE,UPRO,LAG1,0,staged,0.15,0.1,rule,2010_2019,2009-12-31,2010-01-04,2019-12-31,2516,0.245107892135,-0.471733986937,8.95240101636,9.99863107461,0.352311867683,0.784795749127,634,2010-04-23,2010-08-26,2011-04-27,True,244,369,2011,-0.198816304931,2013,1.17041902003,-0.273536526427,0.145487173946,0.245107892135,0,0,0.979714369789
HWM_RESERVE,UPRO,LAG1,0,staged,0.15,0.1,rule,2020_latest,2019-12-31,2020-01-02,2026-09-02,1676,0.293078876009,-0.549458695471,5.55620173296,6.67214236824,0.402575766902,0.771895258,787,2020-02-19,2020-03-23,2020-09-02,True,163,196,2022,-0.406484683815,2021,0.936424658994,-0.422305089906,0.190277568141,,0,0,1.0034942882
HWM_RESERVE,UPRO,LAG1,0,staged,0.15,0.1,rule,2010_latest,2009-12-31,2010-01-04,2026-09-02,4192,0.264089934608,-0.549458695471,49.7413460413,16.6707734428,0.373178204307,0.777618260826,787,2020-02-19,2020-03-23,2020-09-02,True,163,196,2022,-0.406484683815,2013,1.17041902003,-0.422305089906,0.0500780589834,0.148006780362,0,0,0.983137774155
ASYMMETRIC_RESERVE_BAND,UPRO,LAG1,0,staged,0.2,0.1,rule,1987_1999,1986-12-31,1987-01-02,1999-12-31,3286,0.32462248819,-0.505675041579,38.6468447106,12.9993155373,0.363732036849,0.804528613934,694,1987-08-25,1987-10-19,1989-07-19,True,639,694,1990,-0.286343887252,1995,1.13779859007,-0.483439770082,0.0473546625369,0.206646090755,0,0,0.945233733555
ASYMMETRIC_RESERVE_BAND,UPRO,LAG1,0,staged,0.2,0.1,rule,2000_2009,1999-12-31,2000-01-03,2009-12-31,2515,-0.0409401978451,-0.722378007782,0.658312395349,10.0013689254,0.373606222569,0.00167656914217,3570,2000-03-23,2009-03-09,,False,,,2000,-0.428657756087,2009,0.783120825481,-0.538847212141,-0.161796889842,-0.0409401978451,0,0,1.00319433556
ASYMMETRIC_RESERVE_BAND,UPRO,LAG1,0,staged,0.2,0.1,rule,2010_2019,2009-12-31,2010-01-04,2019-12-31,2516,0.239616877763,-0.471733986937,8.5653892291,9.99863107461,0.346567703298,0.779191121863,634,2010-04-23,2010-08-26,2011-04-27,True,244,369,2011,-0.198816304931,2013,1.11409254069,-0.273536526427,0.144329865177,0.239616877763,0,0,0.937361373251
ASYMMETRIC_RESERVE_BAND,UPRO,LAG1,0,staged,0.2,0.1,rule,2020_latest,2019-12-31,2020-01-02,2026-09-02,1676,0.287282922519,-0.527742285555,5.39213298043,6.67214236824,0.388292405351,0.773829659432,780,2020-02-19,2020-03-23,2020-09-02,True,163,196,2022,-0.398041264027,2021,0.889895395964,-0.41374922255,0.185537353671,,0,0,0.973862164687
ASYMMETRIC_RESERVE_BAND,UPRO,LAG1,0,staged,0.2,0.1,rule,2010_latest,2009-12-31,2010-01-04,2026-09-02,4192,0.258478670237,-0.527742285555,46.1857177525,16.6707734428,0.363782580849,0.775767828506,780,2020-02-19,2020-03-23,2020-09-02,True,163,196,2022,-0.398041264027,2013,1.11409254069,-0.41374922255,0.0545730895542,0.14723499934,0,0,0.912860776048
HWM_DRAWDOWN,UPRO,LAG1,0,drawdown,0.15,0.1,rule,1987_1999,1986-12-31,1987-01-02,1999-12-31,3286,0.309724176108,-0.521188189633,33.3624372054,12.9993155373,0.356608250554,0.781918843816,809,1987-08-25,1987-10-19,1989-07-27,True,647,702,1990,-0.28666155183,1995,1.09813126838,-0.49088413596,0.0320118567405,0.196174877024,0,0,0.815986436056
HWM_DRAWDOWN,UPRO,LAG1,0,drawdown,0.15,0.1,rule,2000_2009,1999-12-31,2000-01-03,2009-12-31,2515,-0.022008860349,-0.673953757531,0.800453248215,10.0013689254,0.346327275462,0.0297340129274,2615,2007-07-13,2009-03-09,,False,,,2000,-0.372698274935,2009,0.783120825481,-0.515703781118,-0.152734205424,-0.022008860349,0,0,1.21980107038
HWM_DRAWDOWN,UPRO,LAG1,0,drawdown,0.15,0.1,rule,2010_2019,2009-12-31,2010-01-04,2019-12-31,2516,0.235307773781,-0.471733986937,8.27229685789,9.99863107461,0.341578180682,0.775208154819,634,2010-04-23,2010-08-26,2011-04-27,True,244,369,2011,-0.198816304931,2013,1.15259377343,-0.273536526427,0.137105820137,0.235307773781,0,0,0.90528653576
HWM_DRAWDOWN,UPRO,LAG1,0,drawdown,0.15,0.1,rule,2020_latest,2019-12-31,2020-01-02,2026-09-02,1676,0.281624897192,-0.509955588404,5.23595980201,6.67214236824,0.374205369442,0.776550264211,788,2020-02-19,2020-03-23,2020-09-02,True,163,196,2022,-0.384447636508,2021,0.894068603329,-0.399795682389,0.178543657683,,0,0,0.945656044742
HWM_DRAWDOWN,UPRO,LAG1,0,drawdown,0.15,0.1,rule,2010_latest,2009-12-31,2010-01-04,2026-09-02,4192,0.253640905298,-0.509955588404,43.3134138182,16.6707734428,0.354942144967,0.775082053434,788,2020-02-19,2020-03-23,2020-09-02,True,163,196,2022,-0.384447636508,2013,1.15259377343,-0.399795682389,0.0537557615786,0.147469680061,0,0,0.856089684765
BAND_DRAWDOWN,UPRO,LAG1,0,drawdown,0.2,0.1,rule,1987_1999,1986-12-31,1987-01-02,1999-12-31,3286,0.310215533056,-0.51976157202,33.5255069092,12.9993155373,0.355717768833,0.784017290386,702,1987-08-25,1987-10-19,1989-07-27,True,647,702,1990,-0.26472954826,1995,1.11120033184,-0.489383398182,0.0330530775169,0.195565302114,0,0,0.819974833714
BAND_DRAWDOWN,UPRO,LAG1,0,drawdown,0.2,0.1,rule,2000_2009,1999-12-31,2000-01-03,2009-12-31,2515,-0.026026233141,-0.67788476169,0.768169251216,10.0013689254,0.351870512029,0.0230976376522,2668,2007-07-13,2009-03-09,,False,,,2000,-0.385630656685,2009,0.783120825481,-0.520329290362,-0.154512803191,-0.026026233141,0,0,1.17060387594
BAND_DRAWDOWN,UPRO,LAG1,0,drawdown,0.2,0.1,rule,2010_2019,2009-12-31,2010-01-04,2019-12-31,2516,0.232768772279,-0.471733986937,8.10385824461,9.99863107461,0.337258335547,0.774624393673,634,2010-04-23,2010-08-26,2011-04-27,True,244,369,2011,-0.198816304931,2013,1.11409254069,-0.273536526427,0.137966966246,0.232768772279,0,0,0.886853298737
BAND_DRAWDOWN,UPRO,LAG1,0,drawdown,0.2,0.1,rule,2020_latest,2019-12-31,2020-01-02,2026-09-02,1676,0.281214253133,-0.514994309828,5.22477646044,6.67214236824,0.374030736847,0.775936226394,787,2020-02-19,2020-03-23,2020-09-02,True,163,196,2022,-0.376678363449,2021,0.889895395964,-0.391874312587,0.181167588367,,0,0,0.943636244179
BAND_DRAWDOWN,UPRO,LAG1,0,drawdown,0.2,0.1,rule,2010_latest,2009-12-31,2010-01-04,2026-09-02,4192,0.251934271258,-0.514994309828,42.3408477951,16.6707734428,0.352380831518,0.774262771548,787,2020-02-19,2020-03-23,2020-09-02,True,163,196,2022,-0.376678363449,2013,1.11409254069,-0.391874312587,0.0516269148726,0.14397392346,0,0,0.836866915958
NO_RESERVE,UPRO,LAG1,10,staged,0.15,0.1,rule,1987_1999,1986-12-31,1987-01-02,1999-12-31,3286,0.324958444948,-0.550459899678,38.7744553094,12.9993155373,0.389164158758,0.777898167061,812,1987-08-25,1987-10-19,1989-07-31,True,651,706,1990,-0.316330411345,1995,1.22788602039,-0.522218903932,0.0190253472729,0.199028803102,0,0,1
NO_RESERVE,UPRO,LAG1,10,staged,0.15,0.1,rule,2000_2009,1999-12-31,2000-01-03,2009-12-31,2515,-0.0492686804247,-0.744746279946,0.603320347027,10.0013689254,0.373782680648,-0.0215066264557,3653,1999-12-31,2009-03-09,,False,,,2000,-0.438960307036,2009,0.781337704656,-0.543884319018,-0.170308499621,-0.0492686804247,0,0,1
NO_RESERVE,UPRO,LAG1,10,staged,0.15,0.1,rule,2010_2019,2009-12-31,2010-01-04,2019-12-31,2516,0.240939118412,-0.47751594544,8.65717933373,9.99863107461,0.357278098737,0.769518384099,637,2010-04-23,2010-08-26,2011-04-27,True,244,369,2011,-0.208377807013,2013,1.18798751954,-0.282601052986,0.139513425347,0.240939118412,0,0,1
NO_RESERVE,UPRO,LAG1,10,staged,0.15,0.1,rule,2020_latest,2019-12-31,2020-01-02,2026-09-02,1676,0.285445090303,-0.55948177088,5.34097661999,6.67214236824,0.410017306064,0.75090593644,807,2020-02-19,2020-03-23,2020-11-16,True,238,271,2022,-0.426788384531,2021,0.982579332736,-0.442514293401,0.180978206875,,0,0,1
NO_RESERVE,UPRO,LAG1,10,staged,0.15,0.1,rule,2010_latest,2009-12-31,2010-01-04,2026-09-02,4192,0.258563740711,-0.55948177088,46.2377924165,16.6707734428,0.379200892691,0.759779531801,807,2020-02-19,2020-03-23,2020-11-16,True,238,271,2022,-0.426788384531,2013,1.18798751954,-0.442514293401,0.0418313992778,0.141829103133,0,0,1
FIXED_90_10,UPRO,LAG1,10,staged,0.15,0.1,quarterly,1987_1999,1986-12-31,1987-01-02,1999-12-31,3286,0.303981197094,-0.502822734672,31.5099982563,12.9993155373,0.350143552388,0.777099738087,702,1987-08-25,1987-10-19,1989-07-27,True,647,702,1990,-0.277983200186,1995,1.08073128924,-0.473893318974,0.030677684237,0.189675199426,0,0,0.812648379065
FIXED_90_10,UPRO,LAG1,10,staged,0.15,0.1,quarterly,2000_2009,1999-12-31,2000-01-03,2009-12-31,2515,-0.0375296418143,-0.687135889559,0.682104461172,10.0013689254,0.334475008842,-0.0292128463406,3653,1999-12-31,2009-03-09,,False,,,2000,-0.397782600047,2009,0.696856911515,-0.50229164356,-0.149160461547,-0.0375296418143,0,0,1.13058421539
FIXED_90_10,UPRO,LAG1,10,staged,0.15,0.1,quarterly,2010_2019,2009-12-31,2010-01-04,2019-12-31,2516,0.221681551784,-0.436875113724,7.40390979353,9.99863107461,0.321329839535,0.768332213204,634,2010-04-23,2010-08-26,2011-04-27,True,244,369,2011,-0.185757124515,2013,1.0393915921,-0.250910765038,0.129505591788,0.221681551784,0,0,0.855233501365
FIXED_90_10,UPRO,LAG1,10,staged,0.15,0.1,quarterly,2020_latest,2019-12-31,2020-01-02,2026-09-02,1676,0.267865249961,-0.510011923884,4.87212462932,6.67214236824,0.368960866778,0.752890658455,788,2020-02-19,2020-03-23,2020-09-02,True,163,196,2022,-0.388876900673,2021,0.864246491069,-0.404176830831,0.172681556864,,0,0,0.912216056345
FIXED_90_10,UPRO,LAG1,10,staged,0.15,0.1,quarterly,2010_latest,2009-12-31,2010-01-04,2026-09-02,4192,0.239960224845,-0.510011923884,36.0727712583,16.6707734428,0.341133057893,0.759950638812,788,2020-02-19,2020-03-23,2020-09-02,True,163,196,2022,-0.388876900673,2013,1.0393915921,-0.404176830831,0.0477267011493,0.136279512747,0,0,0.78015773187
FIXED_85_15,UPRO,LAG1,10,staged,0.15,0.1,quarterly,1987_1999,1986-12-31,1987-01-02,1999-12-31,3286,0.292876337955,-0.478452867125,28.1945051189,12.9993155373,0.330761087319,0.776552054909,702,1987-08-25,1987-10-19,1989-07-27,True,647,702,1990,-0.25864620598,1995,1.0099214031,-0.448977752724,0.0358627268333,0.18450539295,0,0,0.727141229811
FIXED_85_15,UPRO,LAG1,10,staged,0.15,0.1,quarterly,2000_2009,1999-12-31,2000-01-03,2009-12-31,2515,-0.0319674992183,-0.654829018465,0.722570239314,10.0013689254,0.315078623203,-0.032823600889,3653,1999-12-31,2009-03-09,,False,,,2000,-0.376509145257,2009,0.655089058797,-0.480423263741,-0.138655890936,-0.0319674992183,0,0,1.19765600957
FIXED_85_15,UPRO,LAG1,10,staged,0.15,0.1,quarterly,2010_2019,2009-12-31,2010-01-04,2019-12-31,2516,0.211604522208,-0.416015605939,6.81545322375,9.99863107461,0.303421366404,0.767650295581,566,2010-04-23,2010-08-26,2011-02-18,True,176,301,2011,-0.174565047039,2013,0.967804932361,-0.235174448028,0.124202740315,0.211604522208,0,0,0.787260256605
FIXED_85_15,UPRO,LAG1,10,staged,0.15,0.1,quarterly,2020_latest,2019-12-31,2020-01-02,2026-09-02,1676,0.25823771833,-0.484788028445,4.63053250344,6.67214236824,0.348614371383,0.753601457159,788,2020-02-19,2020-03-23,2020-09-02,True,163,196,2022,-0.369377290538,2021,0.806859540163,-0.384395964447,0.168003039787,,0,0,0.86698235789
FIXED_85_15,UPRO,LAG1,10,staged,0.15,0.1,quarterly,2010_latest,2009-12-31,2010-01-04,2026-09-02,4192,0.230057412638,-0.484788028445,31.5591776782,16.6707734428,0.322214833113,0.759854104866,788,2020-02-19,2020-03-23,2020-09-02,True,163,196,2022,-0.369377290538,2013,0.967804932361,-0.384395964447,0.0497094959613,0.132650447237,0,0,0.682540753545
HWM_RESERVE,UPRO,LAG1,10,staged,0.15,0.1,rule,1987_1999,1986-12-31,1987-01-02,1999-12-31,3286,0.323752502466,-0.537045712681,38.3181868973,12.9993155373,0.378868030482,0.78589705864,812,1987-08-25,1987-10-19,1989-07-27,True,647,702,1990,-0.313940236539,1995,1.20275357562,-0.510767857936,0.0248059478678,0.200936867853,0,0,0.988232757662
HWM_RESERVE,UPRO,LAG1,10,staged,0.15,0.1,rule,2000_2009,1999-12-31,2000-01-03,2009-12-31,2515,-0.049194263626,-0.744546386889,0.603792816335,10.0013689254,0.373733569272,-0.0213512436391,3653,1999-12-31,2009-03-09,,False,,,2000,-0.43852094835,2009,0.781337704656,-0.543884319018,-0.170308499621,-0.049194263626,0,0,1.00078311516
HWM_RESERVE,UPRO,LAG1,10,staged,0.15,0.1,rule,2010_2019,2009-12-31,2010-01-04,2019-12-31,2516,0.239074998408,-0.47751594544,8.5280256257,9.99863107461,0.35277393696,0.770440377301,637,2010-04-23,2010-08-26,2011-04-27,True,244,369,2011,-0.208377807013,2013,1.17790091694,-0.28218864127,0.139157032434,0.239074998408,0,0,0.985081317707
HWM_RESERVE,UPRO,LAG1,10,staged,0.15,0.1,rule,2020_latest,2019-12-31,2020-01-02,2026-09-02,1676,0.286264442023,-0.552050829617,5.36373220363,6.67214236824,0.402898915422,0.758444070038,788,2020-02-19,2020-03-23,2020-11-16,True,238,271,2022,-0.415178120946,2021,0.9368278834,-0.430774841541,0.183340684005,,0,0,1.00426056605
HWM_RESERVE,UPRO,LAG1,10,staged,0.15,0.1,rule,2010_latest,2009-12-31,2010-01-04,2026-09-02,4192,0.257750197761,-0.552050829617,45.7420456819,16.6707734428,0.37357925435,0.763696735979,788,2020-02-19,2020-03-23,2020-11-16,True,238,271,2022,-0.415178120946,2013,1.17790091694,-0.430774841541,0.043630765883,0.141803406643,0,0,0.989278321721
ASYMMETRIC_RESERVE_BAND,UPRO,LAG1,10,staged,0.2,0.1,rule,1987_1999,1986-12-31,1987-01-02,1999-12-31,3286,0.319260099822,-0.506103634391,36.6617505512,12.9993155373,0.363780594802,0.793347946392,694,1987-08-25,1987-10-19,1989-07-19,True,639,694,1990,-0.298017767223,1995,1.13758151159,-0.484378602973,0.0419719132405,0.201589061355,0,0,0.945512973907
ASYMMETRIC_RESERVE_BAND,UPRO,LAG1,10,staged,0.2,0.1,rule,2000_2009,1999-12-31,2000-01-03,2009-12-31,2515,-0.0489679723148,-0.743937673536,0.605231577544,10.0013689254,0.373585820304,-0.0208767110997,3653,1999-12-31,2009-03-09,,False,,,2000,-0.43718301544,2009,0.781337704656,-0.543884319018,-0.170308499621,-0.0489679723148,0,0,1.00316785357
ASYMMETRIC_RESERVE_BAND,UPRO,LAG1,10,staged,0.2,0.1,rule,2010_2019,2009-12-31,2010-01-04,2019-12-31,2516,0.233000289262,-0.47751594544,8.11908826936,9.99863107461,0.346587706825,0.763696359041,637,2010-04-23,2010-08-26,2011-04-27,True,244,369,2011,-0.208377807013,2013,1.11388113144,-0.28218864127,0.138098297616,0.233000289262,0,0,0.937844528382
ASYMMETRIC_RESERVE_BAND,UPRO,LAG1,10,staged,0.2,0.1,rule,2020_latest,2019-12-31,2020-01-02,2026-09-02,1676,0.280499675255,-0.52991790422,5.2053642978,6.67214236824,0.388341725157,0.760126803102,788,2020-02-19,2020-03-23,2020-09-02,True,163,196,2022,-0.406651096475,2021,0.889800388204,-0.422140085596,0.178575461807,,0,0,0.974609077732
ASYMMETRIC_RESERVE_BAND,UPRO,LAG1,10,staged,0.2,0.1,rule,2010_latest,2009-12-31,2010-01-04,2026-09-02,4192,0.251795743942,-0.52991790422,42.262812208,16.6707734428,0.363815066628,0.761058794282,788,2020-02-19,2020-03-23,2020-09-02,True,163,196,2022,-0.406651096475,2013,1.11388113144,-0.422140085596,0.0482979969456,0.140586466666,0,0,0.914031790862
HWM_DRAWDOWN,UPRO,LAG1,10,drawdown,0.15,0.1,rule,1987_1999,1986-12-31,1987-01-02,1999-12-31,3286,0.305194645154,-0.521753035825,31.8933036624,12.9993155373,0.357020997406,0.771754263635,812,1987-08-25,1987-10-19,1989-07-27,True,647,702,1990,-0.298069423756,1995,1.10177097852,-0.491986367002,0.0269275924161,0.191792733507,0,0,0.822533892685
HWM_DRAWDOWN,UPRO,LAG1,10,drawdown,0.15,0.1,rule,2000_2009,1999-12-31,2000-01-03,2009-12-31,2515,-0.0296301492702,-0.686830706848,0.740210197847,10.0013689254,0.346601516831,0.00737907062662,3653,1999-12-31,2009-03-09,,False,,,2000,-0.380973523365,2009,0.781337704656,-0.521028713101,-0.160955012253,-0.0296301492702,0,0,1.22689413923
HWM_DRAWDOWN,UPRO,LAG1,10,drawdown,0.15,0.1,rule,2010_2019,2009-12-31,2010-01-04,2019-12-31,2516,0.230117427037,-0.47751594544,7.93126720701,9.99863107461,0.34255794189,0.761667449707,637,2010-04-23,2010-08-26,2011-04-27,True,244,369,2011,-0.208377807013,2013,1.16255718584,-0.28218864127,0.131895149252,0.230117427037,0,0,0.916149117542
HWM_DRAWDOWN,UPRO,LAG1,10,drawdown,0.15,0.1,rule,2020_latest,2019-12-31,2020-01-02,2026-09-02,1676,0.275689510537,-0.513779265937,5.07628026093,6.67214236824,0.375150384319,0.763139311022,794,2020-02-19,2020-03-23,2020-09-02,True,163,196,2022,-0.393177299742,2021,0.895840731083,-0.408332524835,0.172493301179,,0,0,0.950440457262
HWM_DRAWDOWN,UPRO,LAG1,10,drawdown,0.15,0.1,rule,2010_latest,2009-12-31,2010-01-04,2026-09-02,4192,0.248158012271,-0.513779265937,40.2613351671,16.6707734428,0.355906096519,0.761613894183,794,2020-02-19,2020-03-23,2020-09-02,True,163,196,2022,-0.393177299742,2013,1.16255718584,-0.408332524835,0.0478843063651,0.141804851849,0,0,0.870745186197
BAND_DRAWDOWN,UPRO,LAG1,10,drawdown,0.2,0.1,rule,1987_1999,1986-12-31,1987-01-02,1999-12-31,3286,0.305460429115,-0.520197416875,31.9778323543,12.9993155373,0.355766933666,0.773766698088,812,1987-08-25,1987-10-19,1989-07-27,True,647,702,1990,-0.275432675162,1995,1.11109470221,-0.490350865416,0.0283809204048,0.191129009163,0,0,0.824713902469
BAND_DRAWDOWN,UPRO,LAG1,10,drawdown,0.2,0.1,rule,2000_2009,1999-12-31,2000-01-03,2009-12-31,2515,-0.0336147111251,-0.69945681728,0.710366991934,10.0013689254,0.351933104009,0.000896294800345,3653,1999-12-31,2009-03-09,,False,,,2000,-0.393597883242,2009,0.781337704656,-0.525472383329,-0.162741935507,-0.0336147111251,0,0,1.17742919733
BAND_DRAWDOWN,UPRO,LAG1,10,drawdown,0.2,0.1,rule,2010_2019,2009-12-31,2010-01-04,2019-12-31,2516,0.226496190103,-0.47751594544,7.70088534502,9.99863107461,0.337288155402,0.75943421382,637,2010-04-23,2010-08-26,2011-04-27,True,244,369,2011,-0.208377807013,2013,1.11388113144,-0.28218864127,0.132315027589,0.226496190103,0,0,0.889537463434
BAND_DRAWDOWN,UPRO,LAG1,10,drawdown,0.2,0.1,rule,2020_latest,2019-12-31,2020-01-02,2026-09-02,1676,0.275069080257,-0.517165344578,5.05983048805,6.67214236824,0.374073437168,0.762990656612,788,2020-02-19,2020-03-23,2020-09-02,True,163,196,2022,-0.384864093508,2021,0.889800388204,-0.399865916732,0.174898731273,,0,0,0.947360538728
BAND_DRAWDOWN,UPRO,LAG1,10,drawdown,0.2,0.1,rule,2010_latest,2009-12-31,2010-01-04,2026-09-02,4192,0.245710388143,-0.517165344578,38.9651744537,16.6707734428,0.352416114057,0.760042637011,788,2020-02-19,2020-03-23,2020-09-02,True,163,196,2022,-0.384864093508,2013,1.11388113144,-0.399865916732,0.0458700238157,0.137644304778,0,0,0.842712690578
NO_RESERVE,UPRO,LAG1,25,staged,0.15,0.1,rule,1987_1999,1986-12-31,1987-01-02,1999-12-31,3286,0.316865995308,-0.551134884814,35.806243499,12.9993155373,0.389267432051,0.762101935027,812,1987-08-25,1987-10-19,1989-07-31,True,651,706,1990,-0.333573380453,1995,1.22788602039,-0.523645778608,0.0110972838404,0.19148653506,0,0,1
NO_RESERVE,UPRO,LAG1,25,staged,0.15,0.1,rule,2000_2009,1999-12-31,2000-01-03,2009-12-31,2515,-0.0611918594903,-0.774675913412,0.531778686939,10.0013689254,0.373792586875,-0.0553070750225,3653,1999-12-31,2009-03-09,,False,,,2000,-0.451464385297,2009,0.778663023418,-0.551346261838,-0.182929794371,-0.0611918594903,0,0,1
NO_RESERVE,UPRO,LAG1,25,staged,0.15,0.1,rule,2010_2019,2009-12-31,2010-01-04,2019-12-31,2516,0.23090926267,-0.486081066004,7.98246246723,9.99863107461,0.357337230687,0.746698816423,641,2010-04-23,2010-08-26,2011-04-29,True,246,371,2011,-0.222524066148,2013,1.18798751954,-0.29498985396,0.129963658963,0.23090926267,0,0,1
NO_RESERVE,UPRO,LAG1,25,staged,0.15,0.1,rule,2020_latest,2019-12-31,2020-01-02,2026-09-02,1676,0.275065423631,-0.56277904818,5.05973367262,6.67214236824,0.410115977481,0.730985791462,814,2020-02-19,2020-03-23,2020-11-27,True,249,282,2022,-0.439563742477,2021,0.982579332736,-0.454947577358,0.170377176884,,0,0,1
NO_RESERVE,UPRO,LAG1,25,staged,0.15,0.1,rule,2010_latest,2009-12-31,2010-01-04,2026-09-02,4192,0.248395316737,-0.56277904818,40.3891341359,16.6707734428,0.379276968562,0.738261429118,814,2020-02-19,2020-03-23,2020-11-27,True,249,282,2022,-0.439563742477,2013,1.18798751954,-0.454947577358,0.0321743994189,0.131752311993,0,0,1
FIXED_90_10,UPRO,LAG1,25,staged,0.15,0.1,quarterly,1987_1999,1986-12-31,1987-01-02,1999-12-31,3286,0.296788697207,-0.503468952307,29.3239560827,12.9993155373,0.350230662281,0.761243183907,812,1987-08-25,1987-10-19,1989-07-27,True,647,702,1990,-0.294256348656,1995,1.08054467145,-0.475339813899,0.0234640224859,0.182932848199,0,0,0.818962092001
FIXED_90_10,UPRO,LAG1,25,staged,0.15,0.1,quarterly,2000_2009,1999-12-31,2000-01-03,2009-12-31,2515,-0.0483143975832,-0.72007555598,0.60940435084,10.0013689254,0.334488272985,-0.0629387884974,3653,1999-12-31,2009-03-09,,False,,,2000,-0.409546984493,2009,0.694332803009,-0.50954704942,-0.160702889528,-0.0483143975832,0,0,1.14597362739
FIXED_90_10,UPRO,LAG1,25,staged,0.15,0.1,quarterly,2010_2019,2009-12-31,2010-01-04,2019-12-31,2516,0.212806105308,-0.445051296424,6.88333713813,9.99863107461,0.32138424241,0.745527377403,637,2010-04-23,2010-08-26,2011-04-27,True,244,369,2011,-0.198883235172,2013,1.03924540557,-0.261403697635,0.121007846837,0.212806105308,0,0,0.862307485489
FIXED_90_10,UPRO,LAG1,25,staged,0.15,0.1,quarterly,2020_latest,2019-12-31,2020-01-02,2026-09-02,1676,0.258644935803,-0.513204775853,4.64054076366,6.67214236824,0.369047909117,0.732951046864,807,2020-02-19,2020-03-23,2020-09-02,True,163,196,2022,-0.401053381699,2021,0.864085333057,-0.416056514072,0.163213197291,,0,0,0.917151190936
FIXED_90_10,UPRO,LAG1,25,staged,0.15,0.1,quarterly,2010_latest,2009-12-31,2010-01-04,2026-09-02,4192,0.230948326721,-0.513204775853,31.9424065795,16.6707734428,0.341201434573,0.738433521493,807,2020-02-19,2020-03-23,2020-09-02,True,163,196,2022,-0.401053381699,2013,1.03924540557,-0.416056514072,0.0390398824805,0.127288528153,0,0,0.790866337269
FIXED_85_15,UPRO,LAG1,25,staged,0.15,0.1,quarterly,1987_1999,1986-12-31,1987-01-02,1999-12-31,3286,0.286128263446,-0.479081650273,26.3403091478,12.9993155373,0.330840719563,0.760668438763,812,1987-08-25,1987-10-19,1989-07-27,True,647,702,1990,-0.274373649139,1995,1.00966405056,-0.450423552555,0.0290161105455,0.178160896975,0,0,0.735634531125
FIXED_85_15,UPRO,LAG1,25,staged,0.15,0.1,quarterly,2000_2009,1999-12-31,2000-01-03,2009-12-31,2515,-0.0421773051975,-0.689117588645,0.649868686743,10.0013689254,0.315093077383,-0.066510955914,3653,1999-12-31,2009-03-09,,False,,,2000,-0.387867634701,2009,0.652656341511,-0.487542131374,-0.14964253824,-0.0421773051975,0,0,1.22206606377
FIXED_85_15,UPRO,LAG1,25,staged,0.15,0.1,quarterly,2010_2019,2009-12-31,2010-01-04,2019-12-31,2516,0.203294498904,-0.423962381468,6.36222888795,9.99863107461,0.303473288383,0.744850680721,637,2010-04-23,2010-08-26,2011-04-27,True,244,369,2011,-0.187147921334,2013,0.967603532018,-0.244754232108,0.116223428522,0.203294498904,0,0,0.797025844352
FIXED_85_15,UPRO,LAG1,25,staged,0.15,0.1,quarterly,2020_latest,2019-12-31,2020-01-02,2026-09-02,1676,0.249589978837,-0.487907820922,4.42228534232,6.67214236824,0.348695712749,0.733656406304,799,2020-02-19,2020-03-23,2020-09-02,True,163,196,2022,-0.381208609593,2021,0.806635735649,-0.395953349168,0.159096498839,,0,0,0.874015438056
FIXED_85_15,UPRO,LAG1,25,staged,0.15,0.1,quarterly,2010_latest,2009-12-31,2010-01-04,2026-09-02,4192,0.221613833332,-0.487907820922,28.1355915557,16.6707734428,0.322279344747,0.738338621553,799,2020-02-19,2020-03-23,2020-09-02,True,163,196,2022,-0.381208609593,2013,0.967603532018,-0.395953349168,0.0415126910209,0.124199520641,0,0,0.696612892493
HWM_RESERVE,UPRO,LAG1,25,staged,0.15,0.1,rule,1987_1999,1986-12-31,1987-01-02,1999-12-31,3286,0.315798991578,-0.537715691066,35.43093058,12.9993155373,0.379023715723,0.769874849327,812,1987-08-25,1987-10-19,1989-07-31,True,651,706,1990,-0.331226778995,1995,1.2040946299,-0.51219321928,0.0168243915653,0.1934716292,0,0,0.989518226923
HWM_RESERVE,UPRO,LAG1,25,staged,0.15,0.1,rule,2000_2009,1999-12-31,2000-01-03,2009-12-31,2515,-0.0611193327505,-0.774501757034,0.532189706689,10.0013689254,0.373743609755,-0.0551587239954,3653,1999-12-31,2009-03-09,,False,,,2000,-0.451040413865,2009,0.778663023418,-0.551346261838,-0.182929794371,-0.0611193327505,0,0,1.00077291505
HWM_RESERVE,UPRO,LAG1,25,staged,0.15,0.1,rule,2010_2019,2009-12-31,2010-01-04,2019-12-31,2516,0.229888702686,-0.486081066004,7.91653439453,9.99863107461,0.353391139794,0.748621252154,641,2010-04-23,2010-08-26,2011-04-29,True,246,371,2011,-0.222524066148,2013,1.18554631349,-0.29498985396,0.129678954766,0.229888702686,0,0,0.991740885351
HWM_RESERVE,UPRO,LAG1,25,staged,0.15,0.1,rule,2020_latest,2019-12-31,2020-01-02,2026-09-02,1676,0.276073243453,-0.55593612588,5.08647709796,6.67214236824,0.403380680922,0.738238954991,807,2020-02-19,2020-03-23,2020-11-16,True,238,271,2022,-0.428000351167,2021,0.937443079406,-0.44326696481,0.172976104296,,0,0,1.00528554012
HWM_RESERVE,UPRO,LAG1,25,staged,0.15,0.1,rule,2010_latest,2009-12-31,2010-01-04,2026-09-02,4192,0.248169049738,-0.55593612588,40.267270893,16.6707734428,0.374136599074,0.742633012993,807,2020-02-19,2020-03-23,2020-11-16,True,238,271,2022,-0.428000351167,2013,1.18554631349,-0.44326696481,0.0340018827586,0.132378816646,0,0,0.996982771593
ASYMMETRIC_RESERVE_BAND,UPRO,LAG1,25,staged,0.2,0.1,rule,1987_1999,1986-12-31,1987-01-02,1999-12-31,3286,0.311247812289,-0.50674652361,33.8704951168,12.9993155373,0.36387232366,0.776542022054,812,1987-08-25,1987-10-19,1989-07-26,True,646,701,1990,-0.315192136253,1995,1.13725592829,-0.485785262271,0.0339400438621,0.19403431714,0,0,0.945938244476
ASYMMETRIC_RESERVE_BAND,UPRO,LAG1,25,staged,0.2,0.1,rule,2000_2009,1999-12-31,2000-01-03,2009-12-31,2515,-0.0608986339174,-0.773971053768,0.533442199001,10.0013689254,0.37359616271,-0.0547051249366,3653,1999-12-31,2009-03-09,,False,,,2000,-0.449748454152,2009,0.778663023418,-0.551346261838,-0.182929794371,-0.0608986339174,0,0,1.00312820371
ASYMMETRIC_RESERVE_BAND,UPRO,LAG1,25,staged,0.2,0.1,rule,2010_2019,2009-12-31,2010-01-04,2019-12-31,2516,0.223129655468,-0.486081066004,7.49212848833,9.99863107461,0.346645164797,0.740398945994,641,2010-04-23,2010-08-26,2011-04-29,True,246,371,2011,-0.222524066148,2013,1.11356401756,-0.29498985396,0.128803572666,0.223129655468,0,0,0.938573594187
ASYMMETRIC_RESERVE_BAND,UPRO,LAG1,25,staged,0.2,0.1,rule,2020_latest,2019-12-31,2020-01-02,2026-09-02,1676,0.270379840617,-0.533166293447,4.9369614048,6.67214236824,0.388439178342,0.73953424374,807,2020-02-19,2020-03-23,2020-09-02,True,163,196,2022,-0.419350596201,2021,0.889657876563,-0.434516452954,0.168196855734,,0,0,0.975735428826
ASYMMETRIC_RESERVE_BAND,UPRO,LAG1,25,staged,0.2,0.1,rule,2010_latest,2009-12-31,2010-01-04,2026-09-02,4192,0.241825918122,-0.533166293447,36.9883491867,16.6707734428,0.363889504115,0.738947918103,807,2020-02-19,2020-03-23,2020-09-02,True,163,196,2022,-0.419350596201,2013,1.11356401756,-0.434516452954,0.0389442718224,0.130673928392,0,0,0.915799508408
HWM_DRAWDOWN,UPRO,LAG1,25,drawdown,0.15,0.1,rule,1987_1999,1986-12-31,1987-01-02,1999-12-31,3286,0.298401935698,-0.522601186224,29.8017235181,12.9993155373,0.357666277966,0.756464041908,812,1987-08-25,1987-10-19,1989-07-27,True,647,702,1990,-0.314880058572,1995,1.1073405147,-0.493638367037,0.0193144351948,0.185219109571,0,0,0.832305224058
HWM_DRAWDOWN,UPRO,LAG1,25,drawdown,0.15,0.1,rule,2000_2009,1999-12-31,2000-01-03,2009-12-31,2515,-0.0409960756035,-0.721223828771,0.657928890475,10.0013689254,0.347053293883,-0.0261777959887,3653,1999-12-31,2009-03-09,,False,,,2000,-0.393246501719,2009,0.778663023418,-0.528934131725,-0.173179901095,-0.0409960756035,0,0,1.23722312803
HWM_DRAWDOWN,UPRO,LAG1,25,drawdown,0.15,0.1,rule,2010_2019,2009-12-31,2010-01-04,2019-12-31,2516,0.222254370012,-0.486081066004,7.43869357984,9.99863107461,0.344156053696,0.741077670702,641,2010-04-23,2010-08-26,2011-04-29,True,246,371,2011,-0.222524066148,2013,1.1748477746,-0.29498985396,0.12410900399,0.222254370012,0,0,0.931879556012
HWM_DRAWDOWN,UPRO,LAG1,25,drawdown,0.15,0.1,rule,2020_latest,2019-12-31,2020-01-02,2026-09-02,1676,0.26677304423,-0.5197073371,4.84418927841,6.67214236824,0.376672177128,0.742918911064,807,2020-02-19,2020-03-23,2020-09-02,True,163,196,2022,-0.40614145437,2021,0.898694901261,-0.421011318326,0.163422676445,,0,0,0.957400051433
HWM_DRAWDOWN,UPRO,LAG1,25,drawdown,0.15,0.1,rule,2010_latest,2009-12-31,2010-01-04,2026-09-02,4192,0.239881148581,-0.5197073371,36.0344396848,16.6707734428,0.35747018416,0.741207803289,807,2020-02-19,2020-03-23,2020-09-02,True,163,196,2022,-0.40614145437,2013,1.1748477746,-0.421011318326,0.0390421541485,0.133197776791,0,0,0.892181534855
BAND_DRAWDOWN,UPRO,LAG1,25,drawdown,0.2,0.1,rule,1987_1999,1986-12-31,1987-01-02,1999-12-31,3286,0.298352289649,-0.520851184158,29.7869141074,12.9993155373,0.355857121624,0.758361094699,812,1987-08-25,1987-10-19,1989-07-27,True,647,702,1990,-0.291212777451,1995,1.11093625778,-0.491800266252,0.0214047671197,0.184498156645,0,0,0.831891625498
BAND_DRAWDOWN,UPRO,LAG1,25,drawdown,0.2,0.1,rule,2000_2009,1999-12-31,2000-01-03,2009-12-31,2515,-0.0449086164026,-0.73239227524,0.631570670683,10.0013689254,0.352066075253,-0.0324120660428,3653,1999-12-31,2009-03-09,,False,,,2000,-0.405368097606,2009,0.778663023418,-0.533102192195,-0.174963170057,-0.0449086164026,0,0,1.18765698249
BAND_DRAWDOWN,UPRO,LAG1,25,drawdown,0.2,0.1,rule,2010_2019,2009-12-31,2010-01-04,2019-12-31,2516,0.217136139793,-0.486081066004,7.13304158661,9.99863107461,0.337358950547,0.736597077687,641,2010-04-23,2010-08-26,2011-04-29,True,246,371,2011,-0.222524066148,2013,1.11356401756,-0.29498985396,0.123880441877,0.217136139793,0,0,0.893589116879
BAND_DRAWDOWN,UPRO,LAG1,25,drawdown,0.2,0.1,rule,2020_latest,2019-12-31,2020-01-02,2026-09-02,1676,0.265896512915,-0.520407205119,4.82186883295,6.67214236824,0.374158140276,0.743536764429,807,2020-02-19,2020-03-23,2020-09-02,True,163,196,2022,-0.396954700754,2021,0.889657876563,-0.411669659731,0.165547542316,,0,0,0.952988664015
BAND_DRAWDOWN,UPRO,LAG1,25,drawdown,0.2,0.1,rule,2010_latest,2009-12-31,2010-01-04,2026-09-02,4192,0.236421927222,-0.520407205119,34.3945909106,16.6707734428,0.352492769993,0.738668024892,807,2020-02-19,2020-03-23,2020-09-02,True,163,196,2022,-0.396954700754,2013,1.11356401756,-0.411669659731,0.0372843355891,0.128204490123,0,0,0.851580298673
NO_RESERVE,UPRO,LAG1,50,staged,0.15,0.1,rule,1987_1999,1986-12-31,1987-01-02,1999-12-31,3286,0.303461542715,-0.55225986004,31.3471534066,12.9993155373,0.389490436941,0.735697410826,1145,1987-08-25,1987-10-19,1989-07-31,True,651,706,1990,-0.361405263459,1995,1.22788602039,-0.52601918387,-0.00200540934421,0.178996473557,0,0,1
NO_RESERVE,UPRO,LAG1,50,staged,0.15,0.1,rule,2000_2009,1999-12-31,2000-01-03,2009-12-31,2515,-0.0807712871665,-0.817041639732,0.430710782227,10.0013689254,0.373918207496,-0.111604316525,3653,1999-12-31,2009-03-09,,False,,,2000,-0.471728141556,2009,0.774205221354,-0.563536635043,-0.203580928202,-0.0807712871665,0,0,1
NO_RESERVE,UPRO,LAG1,50,staged,0.15,0.1,rule,2010_2019,2009-12-31,2010-01-04,2019-12-31,2516,0.214339680594,-0.500073039178,6.97086079412,9.99863107461,0.35750980183,0.708536305286,1047,2010-04-23,2010-08-26,2013-03-05,True,922,1047,2011,-0.245587160195,2013,1.18798751954,-0.31586110366,0.114193520309,0.214339680594,0,0,1
NO_RESERVE,UPRO,LAG1,50,staged,0.15,0.1,rule,2020_latest,2019-12-31,2020-01-02,2026-09-02,1676,0.257917767106,-0.568230612766,4.62268188033,6.67214236824,0.410344649271,0.697697559904,891,2020-02-19,2020-03-23,2020-12-01,True,253,286,2022,-0.460267126937,2021,0.982579332736,-0.475096192148,0.15288504926,,0,0,1
NO_RESERVE,UPRO,LAG1,50,staged,0.15,0.1,rule,2010_latest,2009-12-31,2010-01-04,2026-09-02,4192,0.231596746667,-0.568230612766,32.2240718833,16.6707734428,0.379473364033,0.702288248895,1047,2020-02-19,2020-03-23,2020-12-01,True,253,286,2022,-0.460267126937,2013,1.18798751954,-0.475096192148,0.0162462373183,0.115121812916,0,0,1
FIXED_90_10,UPRO,LAG1,50,staged,0.15,0.1,quarterly,1987_1999,1986-12-31,1987-01-02,1999-12-31,3286,0.284868353436,-0.504545938535,26.0068475974,12.9993155373,0.350420805482,0.734738877993,816,1987-08-25,1987-10-19,1989-07-27,True,647,702,1990,-0.320613145224,1995,1.08023366901,-0.477745855767,0.0115323717806,0.171760776746,0,0,0.829639848317
FIXED_90_10,UPRO,LAG1,50,staged,0.15,0.1,quarterly,2000_2009,1999-12-31,2000-01-03,2009-12-31,2515,-0.0660521748265,-0.767526575413,0.504876928558,10.0013689254,0.334606357483,-0.119108264138,3653,1999-12-31,2009-03-09,,False,,,2000,-0.428678517978,2009,0.690127210101,-0.521425861798,-0.179626478689,-0.0660521748265,0,0,1.17219477522
FIXED_90_10,UPRO,LAG1,50,staged,0.15,0.1,quarterly,2010_2019,2009-12-31,2010-01-04,2019-12-31,2516,0.198130981161,-0.458438548176,6.09446400065,9.99863107461,0.321540083795,0.707393117808,1033,2010-04-23,2010-08-26,2013-02-19,True,908,1033,2011,-0.220329320677,2013,1.03900177685,-0.281136530905,0.106962019845,0.198130981161,0,0,0.87427710589
FIXED_90_10,UPRO,LAG1,50,staged,0.15,0.1,quarterly,2020_latest,2019-12-31,2020-01-02,2026-09-02,1676,0.243399897195,-0.518489193174,4.27815887033,6.67214236824,0.369249334721,0.699632381751,884,2020-02-19,2020-03-23,2020-11-16,True,238,271,2022,-0.420845194699,2021,0.863816756425,-0.43536555354,0.147574732981,,0,0,0.925471183414
FIXED_90_10,UPRO,LAG1,50,staged,0.15,0.1,quarterly,2010_latest,2009-12-31,2010-01-04,2026-09-02,4192,0.216047706727,-0.518489193174,26.0730852243,16.6707734428,0.341376594304,0.702464848579,1033,2020-02-19,2020-03-23,2020-11-16,True,238,271,2022,-0.420845194699,2013,1.03900177685,-0.43536555354,0.0246964243974,0.112435332939,0,0,0.80911826782
FIXED_85_15,UPRO,LAG1,50,staged,0.15,0.1,quarterly,1987_1999,1986-12-31,1987-01-02,1999-12-31,3286,0.274941332744,-0.480129562731,23.5125865615,12.9993155373,0.331015526837,0.734119428891,813,1987-08-25,1987-10-19,1989-07-27,True,647,702,1990,-0.299889736879,1995,1.00923518318,-0.452828508138,0.0176869506318,0.167644889206,0,0,0.750070867888
FIXED_85_15,UPRO,LAG1,50,staged,0.15,0.1,quarterly,2000_2009,1999-12-31,2000-01-03,2009-12-31,2515,-0.0589824592423,-0.738939926385,0.54442874303,10.0013689254,0.315206817884,-0.122614470416,3653,1999-12-31,2009-03-09,,False,,,2000,-0.406369873351,2009,0.648603489643,-0.499209893911,-0.167672641794,-0.0589824592423,0,0,1.26402394715
FIXED_85_15,UPRO,LAG1,50,staged,0.15,0.1,quarterly,2010_2019,2009-12-31,2010-01-04,2019-12-31,2516,0.18954834112,-0.436988539578,5.67175894139,9.99863107461,0.303620740853,0.706726889269,1022,2010-04-23,2010-08-26,2013-02-08,True,897,1022,2011,-0.207728669194,2013,0.967267895227,-0.263838236767,0.103028439506,0.18954834112,0,0,0.813638244816
FIXED_85_15,UPRO,LAG1,50,staged,0.15,0.1,quarterly,2020_latest,2019-12-31,2020-01-02,2026-09-02,1676,0.235285656548,-0.493073877567,4.0952945992,6.67214236824,0.348883862876,0.700329680809,869,2020-02-19,2020-03-23,2020-09-02,True,163,196,2022,-0.400467655559,2021,0.806262768,-0.414766159206,0.144378766036,,0,0,0.885913135538
FIXED_85_15,UPRO,LAG1,50,staged,0.15,0.1,quarterly,2010_latest,2009-12-31,2010-01-04,2026-09-02,4192,0.207646937133,-0.493073877567,23.2275237606,16.6707734428,0.322444024155,0.702374069996,1022,2020-02-19,2020-03-23,2020-09-02,True,163,196,2022,-0.400467655559,2013,0.967267895227,-0.414766159206,0.0279710849647,0.110231635057,0,0,0.720812808659
HWM_RESERVE,UPRO,LAG1,50,staged,0.15,0.1,rule,1987_1999,1986-12-31,1987-01-02,1999-12-31,3286,0.30260452974,-0.538832348748,31.0802861116,12.9993155373,0.379333418391,0.743063878346,1143,1987-08-25,1987-10-19,1989-07-31,True,651,706,1990,-0.3591366023,1995,1.2062652728,-0.514564258711,0.00360988367028,0.181089677595,0,0,0.991486713593
HWM_RESERVE,UPRO,LAG1,50,staged,0.15,0.1,rule,2000_2009,1999-12-31,2000-01-03,2009-12-31,2515,-0.0807018268091,-0.816903323598,0.431036398669,10.0013689254,0.373869467054,-0.111467639971,3653,1999-12-31,2009-03-09,,False,,,2000,-0.471328769146,2009,0.774205221354,-0.563536635043,-0.203580928202,-0.0807018268091,0,0,1.00075599789
HWM_RESERVE,UPRO,LAG1,50,staged,0.15,0.1,rule,2010_2019,2009-12-31,2010-01-04,2019-12-31,2516,0.21410479731,-0.500073039178,6.95739100017,9.99863107461,0.354282447174,0.711114599839,1047,2010-04-23,2010-08-26,2013-03-05,True,922,1047,2011,-0.245587160195,2013,1.18798751954,-0.31586110366,0.113913127853,0.21410479731,0,0,0.998067700051
HWM_RESERVE,UPRO,LAG1,50,staged,0.15,0.1,rule,2020_latest,2019-12-31,2020-01-02,2026-09-02,1676,0.25917369919,-0.562405037335,4.65356371776,6.67214236824,0.40423578115,0.704451896696,889,2020-02-19,2020-03-23,2020-12-01,True,253,286,2022,-0.44880161995,2021,0.938497144492,-0.463532225,0.155816005683,,0,0,1.00668050241
HWM_RESERVE,UPRO,LAG1,50,staged,0.15,0.1,rule,2010_latest,2009-12-31,2010-01-04,2026-09-02,4192,0.231945802589,-0.562405037335,32.3766623286,16.6707734428,0.375010227324,0.706815533179,1047,2020-02-19,2020-03-23,2020-12-01,True,253,286,2022,-0.44880161995,2013,1.18798751954,-0.463532225,0.0180661533302,0.116253751214,0,0,1.00473529372
ASYMMETRIC_RESERVE_BAND,UPRO,LAG1,50,staged,0.2,0.1,rule,1987_1999,1986-12-31,1987-01-02,1999-12-31,3286,0.297977147978,-0.507818005641,29.6752287996,12.9993155373,0.364075539515,0.748446946794,816,1987-08-25,1987-10-19,1989-07-26,True,646,701,1990,-0.342940370851,1995,1.13671338141,-0.488125454271,0.0205174147858,0.181524891959,0,0,0.946664228638
ASYMMETRIC_RESERVE_BAND,UPRO,LAG1,50,staged,0.2,0.1,rule,2000_2009,1999-12-31,2000-01-03,2009-12-31,2515,-0.0804902158854,-0.816481363322,0.432029754971,10.0013689254,0.373722566839,-0.111048868533,3653,1999-12-31,2009-03-09,,False,,,2000,-0.470110405915,2009,0.774205221354,-0.563536635043,-0.203580928202,-0.0804902158854,0,0,1.00306231652
ASYMMETRIC_RESERVE_BAND,UPRO,LAG1,50,staged,0.2,0.1,rule,2010_2019,2009-12-31,2010-01-04,2019-12-31,2516,0.206822440274,-0.500073039178,6.55121733114,9.99863107461,0.346814089005,0.701439130515,1047,2010-04-23,2010-08-26,2013-03-05,True,922,1047,2011,-0.245587160195,2013,1.11303549442,-0.31586110366,0.113451866875,0.206822440274,0,0,0.939800338097
ASYMMETRIC_RESERVE_BAND,UPRO,LAG1,50,staged,0.2,0.1,rule,2020_latest,2019-12-31,2020-01-02,2026-09-02,1676,0.253659383199,-0.538540357011,4.51926670843,6.67214236824,0.388664140369,0.705122497644,884,2020-02-19,2020-03-23,2020-09-02,True,163,196,2022,-0.439954250951,2021,0.889420357162,-0.454595461844,0.151069329101,,0,0,0.977628750025
ASYMMETRIC_RESERVE_BAND,UPRO,LAG1,50,staged,0.2,0.1,rule,2010_latest,2009-12-31,2010-01-04,2026-09-02,4192,0.225354219228,-0.538540357011,29.6066983843,16.6707734428,0.364082071967,0.70198433863,1047,2020-02-19,2020-03-23,2020-09-02,True,163,196,2022,-0.439954250951,2013,1.11303549442,-0.454595461844,0.0235107684788,0.114312688328,0,0,0.918775829806
HWM_DRAWDOWN,UPRO,LAG1,50,drawdown,0.15,0.1,rule,1987_1999,1986-12-31,1987-01-02,1999-12-31,3286,0.287089400133,-0.524017276199,26.5973430443,12.9993155373,0.358799175219,0.730896373675,1071,1987-08-25,1987-10-19,1989-07-27,True,647,702,1990,-0.342111202275,1995,1.11686891464,-0.496388267336,0.0066866430531,0.174269438437,0,0,0.848477139195
HWM_DRAWDOWN,UPRO,LAG1,50,drawdown,0.15,0.1,rule,2000_2009,1999-12-31,2000-01-03,2009-12-31,2515,-0.0597637215536,-0.77064937889,0.539924960398,10.0013689254,0.347914057077,-0.0821393188275,3653,1999-12-31,2009-03-09,,False,,,2000,-0.41333149234,2009,0.774205221354,-0.541892484651,-0.193272885205,-0.0597637215536,0,0,1.25356731867
HWM_DRAWDOWN,UPRO,LAG1,50,drawdown,0.15,0.1,rule,2010_2019,2009-12-31,2010-01-04,2019-12-31,2516,0.20890214091,-0.500073039178,6.66497737738,9.99863107461,0.347081883432,0.706075856093,1047,2010-04-23,2010-08-26,2013-03-05,True,922,1047,2011,-0.245587160195,2013,1.18685095874,-0.31586110366,0.111195845161,0.20890214091,0,0,0.956119706623
HWM_DRAWDOWN,UPRO,LAG1,50,drawdown,0.15,0.1,rule,2020_latest,2019-12-31,2020-01-02,2026-09-02,1676,0.251866352041,-0.530204755695,4.47631501411,6.67214236824,0.379510516729,0.708951063414,889,2020-02-19,2020-03-23,2020-09-02,True,163,196,2022,-0.427435702091,2021,0.904077877869,-0.441840074139,0.148317921649,,0,0,0.968337240154
HWM_DRAWDOWN,UPRO,LAG1,50,drawdown,0.15,0.1,rule,2010_latest,2009-12-31,2010-01-04,2026-09-02,4192,0.225917830751,-0.530204755695,29.8345383031,16.6707734428,0.360355828976,0.706686442677,1047,2020-02-19,2020-03-23,2020-09-02,True,163,196,2022,-0.427435702091,2013,1.18685095874,-0.441840074139,0.0241666282564,0.118499059127,0,0,0.925846317968
BAND_DRAWDOWN,UPRO,LAG1,50,drawdown,0.2,0.1,rule,1987_1999,1986-12-31,1987-01-02,1999-12-31,3286,0.286570563624,-0.521940796296,26.4583060114,12.9993155373,0.356051237738,0.732612326157,828,1987-08-25,1987-10-19,1989-07-27,True,647,702,1990,-0.316796330494,1995,1.11067218373,-0.49421113531,0.00986299821591,0.17350942844,0,0,0.844041743385
BAND_DRAWDOWN,UPRO,LAG1,50,drawdown,0.2,0.1,rule,2000_2009,1999-12-31,2000-01-03,2009-12-31,2515,-0.0634972943925,-0.779596809164,0.518861398796,10.0013689254,0.352392183418,-0.0879116291221,3653,1999-12-31,2009-03-09,,False,,,2000,-0.424512449864,2009,0.774205221354,-0.545595333795,-0.195009314916,-0.0634972943925,0,0,1.20466312943
BAND_DRAWDOWN,UPRO,LAG1,50,drawdown,0.2,0.1,rule,2010_2019,2009-12-31,2010-01-04,2019-12-31,2516,0.201665552398,-0.500073039178,6.27663535049,9.99863107461,0.337546396127,0.698412778041,1047,2010-04-23,2010-08-26,2013-03-05,True,922,1047,2011,-0.245587160195,2013,1.11303549442,-0.31586110366,0.109937706895,0.201665552398,0,0,0.900410370522
BAND_DRAWDOWN,UPRO,LAG1,50,drawdown,0.2,0.1,rule,2020_latest,2019-12-31,2020-01-02,2026-09-02,1676,0.250728799852,-0.525771307853,4.44924551412,6.67214236824,0.374354341236,0.711028549846,884,2020-02-19,2020-03-23,2020-09-02,True,163,196,2022,-0.416613899824,2021,0.889420357162,-0.430862073035,0.150100327915,,0,0,0.962481440276
BAND_DRAWDOWN,UPRO,LAG1,50,drawdown,0.2,0.1,rule,2010_latest,2009-12-31,2010-01-04,2026-09-02,4192,0.221066799427,-0.525771307853,27.9262916769,16.6707734428,0.35268376546,0.702938229618,1047,2020-02-19,2020-03-23,2020-09-02,True,163,196,2022,-0.416613899824,2013,1.11303549442,-0.430862073035,0.0231064286645,0.112616209739,0,0,0.86662827026
NO_RESERVE,UPRO,LAG2,0,staged,0.15,0.1,rule,1987_1999,1986-12-31,1987-01-02,1999-12-31,3286,0.243200381616,-0.782365596882,16.9422092809,12.9993155373,0.421201880905,0.625468030776,2858,1987-08-25,1987-10-19,1995-06-22,True,2803,2858,1987,-0.476786758558,1995,1.22788602039,-0.76517848706,-0.105944377005,0.109500451703,0,0,1
NO_RESERVE,UPRO,LAG2,0,staged,0.15,0.1,rule,2000_2009,1999-12-31,2000-01-03,2009-12-31,2515,-0.0268206000652,-0.7190567122,0.761926203932,10.0013689254,0.373856568771,0.0409761355616,2581,2007-07-13,2009-03-09,,False,,,2000,-0.422025036205,2003,0.935054038419,-0.600675818558,-0.155287472582,-0.0268206000652,0,0,1
NO_RESERVE,UPRO,LAG2,0,staged,0.15,0.1,rule,2010_2019,2009-12-31,2010-01-04,2019-12-31,2516,0.224944846563,-0.482587924934,7.60404580532,9.99863107461,0.358728947935,0.731710199322,867,2010-04-23,2010-08-26,2012-09-06,True,742,867,2018,-0.212552955358,2013,1.18798751954,-0.326766907458,0.0925566710813,0.224944846563,0,0,1
NO_RESERVE,UPRO,LAG2,0,staged,0.15,0.1,rule,2020_latest,2019-12-31,2020-01-02,2026-09-02,1676,0.287154329378,-0.545998462798,5.38854006782,6.67214236824,0.410371384336,0.753530313816,891,2022-01-03,2023-03-13,2024-06-12,True,457,891,2022,-0.467357296225,2021,0.982579332736,-0.481996251966,0.151494118639,,0,0,1
NO_RESERVE,UPRO,LAG2,0,staged,0.15,0.1,rule,2010_latest,2009-12-31,2010-01-04,2026-09-02,4192,0.249473691651,-0.545998462798,40.9747054995,16.6707734428,0.380176888236,0.739592773881,891,2022-01-03,2023-03-13,2024-06-12,True,457,891,2022,-0.467357296225,2013,1.18798751954,-0.481996251966,0.0387592226502,0.145641774159,0,0,1
FIXED_90_10,UPRO,LAG2,0,staged,0.15,0.1,quarterly,1987_1999,1986-12-31,1987-01-02,1999-12-31,3286,0.24023003886,-0.711184558378,16.4234804624,12.9993155373,0.37470661357,0.63239580427,2330,1987-08-25,1987-10-19,1994-01-10,True,2275,2330,1987,-0.366678259378,1995,1.08107893427,-0.696247319038,-0.067121531791,0.119646202581,0,0,0.969382457155
FIXED_90_10,UPRO,LAG2,0,staged,0.15,0.1,quarterly,2000_2009,1999-12-31,2000-01-03,2009-12-31,2515,-0.017468904977,-0.674885728281,0.838402491593,10.0013689254,0.334342291861,0.0323556957054,2317,2007-07-13,2009-03-09,,False,,,2000,-0.383227159584,2003,0.826194476205,-0.556112226918,-0.134828262794,-0.017468904977,0,0,1.10037230281
FIXED_90_10,UPRO,LAG2,0,staged,0.15,0.1,quarterly,2010_2019,2009-12-31,2010-01-04,2019-12-31,2516,0.208803265812,-0.440441488025,6.65952889948,9.99863107461,0.322170127928,0.734264513706,630,2010-04-23,2010-08-26,2011-04-28,True,245,370,2015,-0.184794707833,2013,1.03478766243,-0.294041409959,0.089338513149,0.208803265812,0,0,0.875787583344
FIXED_90_10,UPRO,LAG2,0,staged,0.15,0.1,quarterly,2020_latest,2019-12-31,2020-01-02,2026-09-02,1676,0.268471415224,-0.502882554466,4.88768753011,6.67214236824,0.369446407185,0.753445749652,890,2022-01-03,2023-03-13,2024-06-11,True,456,890,2022,-0.426916888466,2021,0.862871735568,-0.44120008011,0.146106992915,,0,0,0.907052275495
FIXED_90_10,UPRO,LAG2,0,staged,0.15,0.1,quarterly,2010_latest,2009-12-31,2010-01-04,2026-09-02,4192,0.232339757739,-0.502882554466,32.5496963584,16.6707734428,0.341819811437,0.740954050134,890,2022-01-03,2023-03-13,2024-06-11,True,456,890,2022,-0.426916888466,2013,1.03478766243,-0.44120008011,0.0449158192976,0.139847914129,0,0,0.794385120323
FIXED_85_15,UPRO,LAG2,0,staged,0.15,0.1,quarterly,1987_1999,1986-12-31,1987-01-02,1999-12-31,3286,0.236454880595,-0.67507151113,15.7853588295,12.9993155373,0.352330706408,0.635942797465,2191,1987-08-25,1987-10-19,1993-08-24,True,2136,2191,1987,-0.317073560694,1995,1.0104003752,-0.660727408136,-0.0508086691676,0.122419311841,0,0,0.93171785142
FIXED_85_15,UPRO,LAG2,0,staged,0.15,0.1,quarterly,2000_2009,1999-12-31,2000-01-03,2009-12-31,2515,-0.0131078635773,-0.650813838964,0.876373104573,10.0013689254,0.314863996434,0.0282469444845,2266,2007-07-13,2009-03-09,,False,,,2000,-0.363118787172,2003,0.773180437009,-0.532557573248,-0.124751393781,-0.0131078635773,0,0,1.15020732986
FIXED_85_15,UPRO,LAG2,0,staged,0.15,0.1,quarterly,2010_2019,2009-12-31,2010-01-04,2019-12-31,2516,0.200114501431,-0.418895395726,6.1960995286,9.99863107461,0.304005142076,0.735396720427,630,2010-04-23,2010-08-26,2011-04-28,True,245,370,2015,-0.174754357181,2013,0.961449196275,-0.279531020591,0.0872301350712,0.200114501431,0,0,0.814842478232
FIXED_85_15,UPRO,LAG2,0,staged,0.15,0.1,quarterly,2020_latest,2019-12-31,2020-01-02,2026-09-02,1676,0.258406581835,-0.480252825729,4.63468046424,6.67214236824,0.349111967361,0.753208233046,884,2022-01-03,2023-03-13,2024-06-05,True,450,884,2022,-0.406023012514,2021,0.804938552273,-0.420061778904,0.14288499227,,0,0,0.860099471455
FIXED_85_15,UPRO,LAG2,0,staged,0.15,0.1,quarterly,2010_latest,2009-12-31,2010-01-04,2026-09-02,4192,0.223113440552,-0.480252825729,28.7169414397,16.6707734428,0.322761541928,0.741462303011,884,2022-01-03,2023-03-13,2024-06-05,True,450,884,2022,-0.406023012514,2013,0.961449196275,-0.420061778904,0.0471167926829,0.136106783911,0,0,0.700845584846
HWM_RESERVE,UPRO,LAG2,0,staged,0.15,0.1,rule,1987_1999,1986-12-31,1987-01-02,1999-12-31,3286,0.2468120112,-0.763408090698,17.5932929454,12.9993155373,0.409319371113,0.634042028925,2836,1987-08-25,1987-10-19,1995-05-31,True,2781,2836,1987,-0.442004982471,1995,1.21550742121,-0.747891306698,-0.0932433257307,0.116558499109,0,0,1.03842967902
HWM_RESERVE,UPRO,LAG2,0,staged,0.15,0.1,rule,2000_2009,1999-12-31,2000-01-03,2009-12-31,2515,-0.0265374903347,-0.718377852031,0.764145948178,10.0013689254,0.373610062572,0.0415303733321,2581,2007-07-13,2009-03-09,,False,,,2000,-0.421507290713,2003,0.935054038419,-0.600442921052,-0.154918982179,-0.0265374903347,0,0,1.00291333233
HWM_RESERVE,UPRO,LAG2,0,staged,0.15,0.1,rule,2010_2019,2009-12-31,2010-01-04,2019-12-31,2516,0.222550272297,-0.482587924934,7.45671948337,9.99863107461,0.353722434065,0.731369910525,867,2010-04-23,2010-08-26,2012-09-06,True,742,867,2018,-0.206451621174,2013,1.16273889054,-0.321337344451,0.0932891426973,0.222550272297,0,0,0.980625271634
HWM_RESERVE,UPRO,LAG2,0,staged,0.15,0.1,rule,2020_latest,2019-12-31,2020-01-02,2026-09-02,1676,0.286749247584,-0.535041211863,5.37723531906,6.67214236824,0.403421786584,0.758618700776,890,2022-01-03,2023-03-13,2024-06-11,True,456,890,2022,-0.455238121737,2021,0.927027046263,-0.469749075292,0.154611505869,,0,0,0.997902075773
HWM_RESERVE,UPRO,LAG2,0,staged,0.15,0.1,rule,2010_latest,2009-12-31,2010-01-04,2026-09-02,4192,0.247850955096,-0.535041211863,40.0965353703,16.6707734428,0.374344417505,0.741649193672,890,2022-01-03,2023-03-13,2024-06-11,True,456,890,2022,-0.455238121737,2013,1.16273889054,-0.469749075292,0.0401585264522,0.144273153591,0,0,0.97856799412
ASYMMETRIC_RESERVE_BAND,UPRO,LAG2,0,staged,0.2,0.1,rule,1987_1999,1986-12-31,1987-01-02,1999-12-31,3286,0.25099711326,-0.718944722331,18.3766113167,12.9993155373,0.394468320837,0.643216521099,2242,1987-08-25,1987-10-19,1993-10-14,True,2187,2242,1987,-0.378975975236,1995,1.17506984412,-0.707389371272,-0.065967926423,0.126806432566,0,0,1.08466440309
ASYMMETRIC_RESERVE_BAND,UPRO,LAG2,0,staged,0.2,0.1,rule,2000_2009,1999-12-31,2000-01-03,2009-12-31,2515,-0.0242507281492,-0.710313362784,0.782289972559,10.0013689254,0.371081553055,0.0455632001831,2569,2007-07-13,2009-03-09,,False,,,2000,-0.419949798542,2003,0.935054038419,-0.597743520406,-0.151073938826,-0.0242507281492,0,0,1.02672669416
ASYMMETRIC_RESERVE_BAND,UPRO,LAG2,0,staged,0.2,0.1,rule,2010_2019,2009-12-31,2010-01-04,2019-12-31,2516,0.218467843331,-0.482587924934,7.21146082624,9.99863107461,0.347311553312,0.728681316286,867,2010-04-23,2010-08-26,2012-09-06,True,742,867,2018,-0.208413588207,2013,1.09943904411,-0.315050409193,0.0930666859541,0.218467843331,0,0,0.948371565725
ASYMMETRIC_RESERVE_BAND,UPRO,LAG2,0,staged,0.2,0.1,rule,2020_latest,2019-12-31,2020-01-02,2026-09-02,1676,0.282710850789,-0.530124229989,5.26563240912,6.67214236824,0.385529689488,0.766964868319,884,2022-01-03,2023-03-13,2024-06-05,True,450,884,2022,-0.449811742424,2021,0.888834403098,-0.464256857433,0.152176464328,,0,0,0.977190916807
ASYMMETRIC_RESERVE_BAND,UPRO,LAG2,0,staged,0.2,0.1,rule,2010_latest,2009-12-31,2010-01-04,2026-09-02,4192,0.243784331148,-0.530124229989,37.9729018437,16.6707734428,0.363035076139,0.744052641675,884,2022-01-03,2023-03-13,2024-06-05,True,450,884,2022,-0.449811742424,2013,1.09943904411,-0.464256857433,0.0461840875953,0.144728710222,0,0,0.926740079784
HWM_DRAWDOWN,UPRO,LAG2,0,drawdown,0.15,0.1,rule,1987_1999,1986-12-31,1987-01-02,1999-12-31,3286,0.235853515708,-0.742611102308,15.6858485665,12.9993155373,0.385495239491,0.621248498147,2820,1987-08-25,1987-12-04,1995-05-15,True,2719,2820,1987,-0.401685596045,1995,1.1424670319,-0.723258307949,-0.0856128977306,0.114153883333,0,0,0.925844339804
HWM_DRAWDOWN,UPRO,LAG2,0,drawdown,0.15,0.1,rule,2000_2009,1999-12-31,2000-01-03,2009-12-31,2515,-0.00691212888671,-0.694779380152,0.932980687141,10.0013689254,0.346946694423,0.074434213009,2036,2007-07-13,2009-03-09,,False,,,2008,-0.369971532707,2003,0.853376957432,-0.570341475776,-0.143384068628,-0.00691212888671,0,0,1.22450269111
HWM_DRAWDOWN,UPRO,LAG2,0,drawdown,0.15,0.1,rule,2010_2019,2009-12-31,2010-01-04,2019-12-31,2516,0.215444664879,-0.482587924934,7.03454351395,9.99863107461,0.342890786154,0.726234396314,867,2010-04-23,2010-08-26,2012-09-06,True,742,867,2015,-0.190616341908,2013,1.15509879253,-0.302190103661,0.0889337624873,0.215444664879,0,0,0.925105357602
HWM_DRAWDOWN,UPRO,LAG2,0,drawdown,0.15,0.1,rule,2020_latest,2019-12-31,2020-01-02,2026-09-02,1676,0.274665877964,-0.504194329078,5.04916450021,6.67214236824,0.37462998816,0.761307232522,890,2022-01-03,2023-03-13,2024-06-11,True,456,890,2022,-0.429798457508,2021,0.891556410214,-0.44394920662,0.145216444574,,0,0,0.937019013809
HWM_DRAWDOWN,UPRO,LAG2,0,drawdown,0.15,0.1,rule,2010_latest,2009-12-31,2010-01-04,2026-09-02,4192,0.238809164501,-0.504194329078,35.5185673859,16.6707734428,0.355880928034,0.740388727394,890,2022-01-03,2023-03-13,2024-06-11,True,456,890,2022,-0.429798457508,2013,1.15509879253,-0.44394920662,0.0416573320053,0.143570468541,0,0,0.866841309849
BAND_DRAWDOWN,UPRO,LAG2,0,drawdown,0.2,0.1,rule,1987_1999,1986-12-31,1987-01-02,1999-12-31,3286,0.233836246151,-0.74023837187,15.3562563423,12.9993155373,0.387219206566,0.615599942341,2820,1987-08-25,1987-12-04,1995-05-15,True,2719,2820,1987,-0.417135464123,1995,1.12158335193,-0.720750563606,-0.0844503904551,0.113469963183,0,0,0.906390429236
BAND_DRAWDOWN,UPRO,LAG2,0,drawdown,0.2,0.1,rule,2000_2009,1999-12-31,2000-01-03,2009-12-31,2515,-0.00462055140857,-0.674044056898,0.954737417911,10.0013689254,0.350243172106,0.0836093175095,2198,2007-07-13,2009-03-09,,False,,,2000,-0.38544576737,2003,0.878185394311,-0.544666645089,-0.131893874963,-0.00462055140857,0,0,1.25305759663
BAND_DRAWDOWN,UPRO,LAG2,0,drawdown,0.2,0.1,rule,2010_2019,2009-12-31,2010-01-04,2019-12-31,2516,0.211743884589,-0.482587924934,6.8232955468,9.99863107461,0.337236705926,0.723571029511,867,2010-04-23,2010-08-26,2012-09-06,True,742,867,2015,-0.184813294189,2013,1.09943904411,-0.293162106966,0.0897109327976,0.211743884589,0,0,0.897324361463
BAND_DRAWDOWN,UPRO,LAG2,0,drawdown,0.2,0.1,rule,2020_latest,2019-12-31,2020-01-02,2026-09-02,1676,0.274436810129,-0.49981834708,5.04311344334,6.67214236824,0.373242542185,0.762228624464,890,2022-01-03,2023-03-13,2024-06-11,True,456,890,2022,-0.425875690399,2021,0.888834403098,-0.439969066801,0.146982119056,,0,0,0.935896064587
BAND_DRAWDOWN,UPRO,LAG2,0,drawdown,0.2,0.1,rule,2010_latest,2009-12-31,2010-01-04,2026-09-02,4192,0.236456556309,-0.49981834708,34.4106534999,16.6707734428,0.352036034351,0.739134774499,890,2022-01-03,2023-03-13,2024-06-11,True,456,890,2022,-0.425875690399,2013,1.09943904411,-0.439969066801,0.0419852323133,0.140216213355,0,0,0.839802338552
NO_RESERVE,UPRO,LAG2,10,staged,0.15,0.1,rule,1987_1999,1986-12-31,1987-01-02,1999-12-31,3286,0.238139475564,-0.782448214197,16.0672265781,12.9993155373,0.421207154939,0.615804258756,2873,1987-08-25,1987-12-04,1995-07-07,True,2772,2873,1987,-0.477832661828,1995,1.22788602039,-0.76564565917,-0.110581814023,0.104848635645,0,0,1
NO_RESERVE,UPRO,LAG2,10,staged,0.15,0.1,rule,2000_2009,1999-12-31,2000-01-03,2009-12-31,2515,-0.0349640149526,-0.72379473018,0.700509325093,10.0013689254,0.373802485656,0.0184077169879,2667,2007-07-13,2009-03-09,,False,,,2000,-0.430634235482,2003,0.921549228625,-0.605037580285,-0.163865182831,-0.0349640149526,0,0,1
NO_RESERVE,UPRO,LAG2,10,staged,0.15,0.1,rule,2010_2019,2009-12-31,2010-01-04,2019-12-31,2516,0.218343779056,-0.488251085298,7.20412249157,9.99863107461,0.358801704224,0.716552424766,868,2010-04-23,2010-08-26,2012-09-07,True,743,868,2018,-0.219611696712,2013,1.18798751954,-0.332773177261,0.0864515755746,0.218343779056,0,0,1
NO_RESERVE,UPRO,LAG2,10,staged,0.15,0.1,rule,2020_latest,2019-12-31,2020-01-02,2026-09-02,1676,0.280224646443,-0.554101397312,5.19790924683,6.67214236824,0.410386397594,0.74032189744,896,2022-01-03,2023-03-13,2024-06-17,True,462,896,2022,-0.475291250924,2021,0.982579332736,-0.489717398058,0.144601462602,,0,0,1
NO_RESERVE,UPRO,LAG2,10,staged,0.15,0.1,rule,2010_latest,2009-12-31,2010-01-04,2026-09-02,4192,0.242743014658,-0.554101397312,37.4463749142,16.6707734428,0.380224559723,0.725311109144,896,2022-01-03,2023-03-13,2024-06-17,True,462,896,2022,-0.475291250924,2013,1.18798751954,-0.489717398058,0.0323382656177,0.138899946615,0,0,1
FIXED_90_10,UPRO,LAG2,10,staged,0.15,0.1,quarterly,1987_1999,1986-12-31,1987-01-02,1999-12-31,3286,0.23568207218,-0.711188901919,15.657585377,12.9993155373,0.374712416843,0.622611015527,2348,1987-08-25,1987-10-19,1994-01-28,True,2293,2348,1987,-0.367718180871,1995,1.08094484375,-0.696791130689,-0.0714548590501,0.11542999641,0,0,0.974504548181
FIXED_90_10,UPRO,LAG2,10,staged,0.15,0.1,quarterly,2000_2009,1999-12-31,2000-01-03,2009-12-31,2515,-0.0248113290351,-0.679734335922,0.777806443101,10.0013689254,0.334297081448,0.0098353139692,2589,2007-07-13,2009-03-09,,False,,,2000,-0.391297095928,2003,0.814639389552,-0.560395256015,-0.142653253602,-0.0248113290351,0,0,1.11034416708
FIXED_90_10,UPRO,LAG2,10,staged,0.15,0.1,quarterly,2010_2019,2009-12-31,2010-01-04,2019-12-31,2516,0.202942182506,-0.445859131627,6.34362778473,9.99863107461,0.322234660114,0.719074089718,710,2010-04-23,2010-08-26,2012-04-02,True,585,710,2015,-0.190650946631,2013,1.03470880924,-0.299749688681,0.0838763690271,0.202942182506,0,0,0.880555236555
FIXED_90_10,UPRO,LAG2,10,staged,0.15,0.1,quarterly,2020_latest,2019-12-31,2020-01-02,2026-09-02,1676,0.262327905061,-0.510805484545,4.73189618255,6.67214236824,0.36946268655,0.740243932642,891,2022-01-03,2023-03-13,2024-06-12,True,457,891,2022,-0.434519656212,2021,0.862760704922,-0.44861840461,0.139949830193,,0,0,0.910346056048
FIXED_90_10,UPRO,LAG2,10,staged,0.15,0.1,quarterly,2010_latest,2009-12-31,2010-01-04,2026-09-02,4192,0.226367230571,-0.510805484545,30.0173880981,16.6707734428,0.341863340675,0.72665908468,891,2022-01-03,2023-03-13,2024-06-12,True,457,891,2022,-0.434519656212,2013,1.03470880924,-0.44861840461,0.0391372799451,0.13382637103,0,0,0.801609986731
FIXED_85_15,UPRO,LAG2,10,staged,0.15,0.1,quarterly,1987_1999,1986-12-31,1987-01-02,1999-12-31,3286,0.232168758291,-0.675078492214,15.088652239,12.9993155373,0.352335907096,0.62610666676,2198,1987-08-25,1987-10-19,1993-08-31,True,2143,2198,1987,-0.3181048659,1995,1.0102157773,-0.661303521602,-0.0549648959176,0.118429838052,0,0,0.939095005951
FIXED_85_15,UPRO,LAG2,10,staged,0.15,0.1,quarterly,2000_2009,1999-12-31,2000-01-03,2009-12-31,2515,-0.0200478280176,-0.655690455744,0.816651489238,10.0013689254,0.314822868379,0.00575205664089,2540,2007-07-13,2009-03-09,,False,,,2000,-0.370897170015,2003,0.762544322021,-0.53677918339,-0.132190077643,-0.0200478280176,0,0,1.16579674243
FIXED_85_15,UPRO,LAG2,10,staged,0.15,0.1,quarterly,2010_2019,2009-12-31,2010-01-04,2019-12-31,2516,0.194618019614,-0.424165458785,5.91813534084,9.99863107461,0.304065687,0.720188820149,631,2010-04-23,2010-08-26,2011-04-29,True,246,371,2015,-0.180356927951,2013,0.961340724793,-0.28503726345,0.0820878957623,0.194618019614,0,0,0.821492881023
FIXED_85_15,UPRO,LAG2,10,staged,0.15,0.1,quarterly,2020_latest,2019-12-31,2020-01-02,2026-09-02,1676,0.252649619737,-0.488048163628,4.49503514608,6.67214236824,0.349128517005,0.740010452059,891,2022-01-03,2023-03-13,2024-06-12,True,457,891,2022,-0.413429187216,2021,0.804784542733,-0.427297828967,0.137092562547,,0,0,0.864777535086
FIXED_85_15,UPRO,LAG2,10,staged,0.15,0.1,quarterly,2010_latest,2009-12-31,2010-01-04,2026-09-02,4192,0.217514151141,-0.488048163628,26.6022263563,16.6707734428,0.322802915606,0.727160592805,891,2022-01-03,2023-03-13,2024-06-12,True,457,891,2022,-0.413429187216,2013,0.961340724793,-0.427297828967,0.0416624095025,0.130443931595,0,0,0.710408588742
HWM_RESERVE,UPRO,LAG2,10,staged,0.15,0.1,rule,1987_1999,1986-12-31,1987-01-02,1999-12-31,3286,0.241897875769,-0.763411680854,16.7129108582,12.9993155373,0.409392035337,0.62438011436,2855,1987-08-25,1987-10-19,1995-06-19,True,2800,2855,1987,-0.443074551366,1995,1.21778658181,-0.748364360601,-0.0979317679292,0.11202938074,0,0,1.0401864178
HWM_RESERVE,UPRO,LAG2,10,staged,0.15,0.1,rule,2000_2009,1999-12-31,2000-01-03,2009-12-31,2515,-0.0348594435123,-0.723736557255,0.701268872287,10.0013689254,0.373737718967,0.0186337212118,2667,2007-07-13,2009-03-09,,False,,,2000,-0.430128341604,2003,0.921549228625,-0.605017109163,-0.163830026324,-0.0348594435123,0,0,1.00108427849
HWM_RESERVE,UPRO,LAG2,10,staged,0.15,0.1,rule,2010_2019,2009-12-31,2010-01-04,2019-12-31,2516,0.216304725355,-0.488251085298,7.08447257046,9.99863107461,0.35400368877,0.716583314022,868,2010-04-23,2010-08-26,2012-09-07,True,743,868,2018,-0.213416493496,2013,1.16657761433,-0.327408946841,0.0872891273015,0.216304725355,0,0,0.983391464923
HWM_RESERVE,UPRO,LAG2,10,staged,0.15,0.1,rule,2020_latest,2019-12-31,2020-01-02,2026-09-02,1676,0.279914404304,-0.543203882523,5.18951058433,6.67214236824,0.403703234854,0.745142016337,891,2022-01-03,2023-03-13,2024-06-12,True,457,891,2022,-0.463195434429,2021,0.92736964203,-0.477503559191,0.147814502875,,0,0,0.998384222945
HWM_RESERVE,UPRO,LAG2,10,staged,0.15,0.1,rule,2010_latest,2009-12-31,2010-01-04,2026-09-02,4192,0.241374720801,-0.543203882523,36.7649453889,16.6707734428,0.374625086795,0.727458221514,891,2022-01-03,2023-03-13,2024-06-12,True,457,891,2022,-0.463195434429,2013,1.16657761433,-0.477503559191,0.0337323791315,0.137793407564,0,0,0.981802523557
ASYMMETRIC_RESERVE_BAND,UPRO,LAG2,10,staged,0.2,0.1,rule,1987_1999,1986-12-31,1987-01-02,1999-12-31,3286,0.245915582398,-0.718944722331,17.4295698436,12.9993155373,0.394478607259,0.63291647311,2317,1987-08-25,1987-10-19,1993-12-28,True,2262,2317,1987,-0.380171157454,1995,1.17485233713,-0.707865919405,-0.0707625918379,0.122062112794,0,0,1.08479019443
ASYMMETRIC_RESERVE_BAND,UPRO,LAG2,10,staged,0.2,0.1,rule,2000_2009,1999-12-31,2000-01-03,2009-12-31,2515,-0.0323808121652,-0.715060673552,0.719490640184,10.0013689254,0.371030443406,0.0229268650647,2667,2007-07-13,2009-03-09,,False,,,2000,-0.428605712441,2003,0.921549228625,-0.602104231108,-0.159629713386,-0.0323808121652,0,0,1.02709644884
ASYMMETRIC_RESERVE_BAND,UPRO,LAG2,10,staged,0.2,0.1,rule,2010_2019,2009-12-31,2010-01-04,2019-12-31,2516,0.211958459486,-0.488251085298,6.83538617447,9.99863107461,0.347384209283,0.713158826545,868,2010-04-23,2010-08-26,2012-09-07,True,743,868,2018,-0.215276833967,2013,1.0992291002,-0.320960892491,0.0870932237356,0.211958459486,0,0,0.948815929
ASYMMETRIC_RESERVE_BAND,UPRO,LAG2,10,staged,0.2,0.1,rule,2020_latest,2019-12-31,2020-01-02,2026-09-02,1676,0.275932423029,-0.538247483392,5.08273309208,6.67214236824,0.385547324066,0.753159398952,891,2022-01-03,2023-03-13,2024-06-12,True,457,891,2022,-0.457706089329,2021,0.888739463183,-0.471949166519,0.145407473368,,0,0,0.977841830382
ASYMMETRIC_RESERVE_BAND,UPRO,LAG2,10,staged,0.2,0.1,rule,2010_latest,2009-12-31,2010-01-04,2026-09-02,4192,0.237168479442,-0.538247483392,34.7424435061,16.6707734428,0.363084279309,0.729279439542,891,2022-01-03,2023-03-13,2024-06-12,True,457,891,2022,-0.457706089329,2013,1.0992291002,-0.471949166519,0.0399316202684,0.138079585224,0,0,0.927791904709
HWM_DRAWDOWN,UPRO,LAG2,10,drawdown,0.15,0.1,rule,1987_1999,1986-12-31,1987-01-02,1999-12-31,3286,0.231550929162,-0.743016030266,14.990598748,12.9993155373,0.385828265771,0.612063694568,2841,1987-08-25,1987-12-04,1995-06-05,True,2740,2841,1987,-0.403102978067,1995,1.14503336562,-0.723938060502,-0.0900470568733,0.110008148972,0,0,0.932992304252
HWM_DRAWDOWN,UPRO,LAG2,10,drawdown,0.15,0.1,rule,2000_2009,1999-12-31,2000-01-03,2009-12-31,2515,-0.0154773825982,-0.702478692618,0.855554544855,10.0013689254,0.347793053202,0.0501564475291,2201,2007-07-13,2009-03-09,,False,,,2008,-0.374817633185,2003,0.842837447977,-0.578297652175,-0.153065029069,-0.0154773825982,0,0,1.22133212822
HWM_DRAWDOWN,UPRO,LAG2,10,drawdown,0.15,0.1,rule,2010_2019,2009-12-31,2010-01-04,2019-12-31,2516,0.209763338329,-0.488251085298,6.71260327997,9.99863107461,0.343511234254,0.711891311938,868,2010-04-23,2010-08-26,2012-09-07,True,743,868,2015,-0.197059501413,2013,1.16015625937,-0.308671110896,0.0836181293471,0.209763338329,0,0,0.931772507731
HWM_DRAWDOWN,UPRO,LAG2,10,drawdown,0.15,0.1,rule,2020_latest,2019-12-31,2020-01-02,2026-09-02,1676,0.268818860285,-0.512567429392,4.89662699615,6.67214236824,0.375438230686,0.748202514434,891,2022-01-03,2023-03-13,2024-06-12,True,457,891,2022,-0.437826448191,2021,0.89294614881,-0.451800028319,0.139287905139,,0,0,0.942037800898
HWM_DRAWDOWN,UPRO,LAG2,10,drawdown,0.15,0.1,rule,2010_latest,2009-12-31,2010-01-04,2026-09-02,4192,0.2330618492,-0.512567429392,32.8691144352,16.6707734428,0.356579743532,0.726576404609,891,2022-01-03,2023-03-13,2024-06-12,True,457,891,2022,-0.437826448191,2013,1.16015625937,-0.451800028319,0.0357769150137,0.137514383258,0,0,0.87776492412
BAND_DRAWDOWN,UPRO,LAG2,10,drawdown,0.2,0.1,rule,1987_1999,1986-12-31,1987-01-02,1999-12-31,3286,0.22922484631,-0.740467080922,14.6266861109,12.9993155373,0.387225005102,0.60594992206,2841,1987-08-25,1987-12-04,1995-06-05,True,2740,2841,1987,-0.418172111168,1995,1.12145935277,-0.721244712786,-0.0887815293753,0.109156135047,0,0,0.910342929426
BAND_DRAWDOWN,UPRO,LAG2,10,drawdown,0.2,0.1,rule,2000_2009,1999-12-31,2000-01-03,2009-12-31,2515,-0.0123375084787,-0.678893165252,0.883238981428,10.0013689254,0.350234386337,0.0613383541329,2317,2007-07-13,2009-03-09,,False,,,2000,-0.393607218715,2003,0.8663021177,-0.548994157508,-0.140169591299,-0.0123375084787,0,0,1.26085256797
BAND_DRAWDOWN,UPRO,LAG2,10,drawdown,0.2,0.1,rule,2010_2019,2009-12-31,2010-01-04,2019-12-31,2516,0.205604286657,-0.488251085298,6.48539857221,9.99863107461,0.337313247504,0.708401469435,868,2010-04-23,2010-08-26,2012-09-07,True,743,868,2015,-0.190581255056,2013,1.0992291002,-0.298782271706,0.0843563018346,0.205604286657,0,0,0.900234356065
BAND_DRAWDOWN,UPRO,LAG2,10,drawdown,0.2,0.1,rule,2020_latest,2019-12-31,2020-01-02,2026-09-02,1676,0.268291647547,-0.507734080159,4.88306770956,6.67214236824,0.373262694911,0.749214678768,891,2022-01-03,2023-03-13,2024-06-12,True,457,891,2022,-0.433477218363,2021,0.888739463183,-0.447389040389,0.140848709623,,0,0,0.939429196947
BAND_DRAWDOWN,UPRO,LAG2,10,drawdown,0.2,0.1,rule,2010_latest,2009-12-31,2010-01-04,2026-09-02,4192,0.230312919765,-0.507734080159,31.6686403516,16.6707734428,0.352088614456,0.724897574508,891,2022-01-03,2023-03-13,2024-06-12,True,457,891,2022,-0.433477218363,2013,1.0992291002,-0.447389040389,0.0363193748086,0.133939776297,0,0,0.845706438183
NO_RESERVE,UPRO,LAG2,25,staged,0.15,0.1,rule,1987_1999,1986-12-31,1987-01-02,1999-12-31,3286,0.230577290205,-0.78277486853,14.8372690891,12.9993155373,0.421232906857,0.601283607813,2933,1987-08-25,1987-12-04,1995-09-05,True,2832,2933,1987,-0.479399554682,1995,1.22788602039,-0.766345549301,-0.117501527861,0.0978987904587,0,0,1
NO_RESERVE,UPRO,LAG2,25,staged,0.15,0.1,rule,2000_2009,1999-12-31,2000-01-03,2009-12-31,2515,-0.0470665896944,-0.73076095921,0.617443006725,10.0013689254,0.373762412251,-0.0154553209986,2709,2007-07-13,2009-03-09,,False,,,2000,-0.443323879669,2003,0.901443512998,-0.611499070462,-0.17658449353,-0.0470665896944,0,0,1
NO_RESERVE,UPRO,LAG2,25,staged,0.15,0.1,rule,2010_2019,2009-12-31,2010-01-04,2019-12-31,2516,0.208496549512,-0.496640223904,6.64265289898,9.99863107461,0.358938261882,0.693774291245,874,2010-04-23,2010-08-26,2012-09-13,True,749,874,2018,-0.230094367935,2013,1.18798751954,-0.341693341322,0.0773464974741,0.208496549512,0,0,1
NO_RESERVE,UPRO,LAG2,25,staged,0.15,0.1,rule,2020_latest,2019-12-31,2020-01-02,2026-09-02,1676,0.269887133627,-0.566000127632,4.92419988229,6.67214236824,0.41043313132,0.720468530139,912,2022-01-03,2023-03-13,2024-07-03,True,478,912,2022,-0.486985609353,2021,0.982579332736,-0.501097938246,0.134326967813,,0,0,1
NO_RESERVE,UPRO,LAG2,25,staged,0.15,0.1,rule,2010_latest,2009-12-31,2010-01-04,2026-09-02,4192,0.232702412458,-0.566000127632,32.7097506232,16.6707734428,0.380322046754,0.703847225325,912,2022-01-03,2023-03-13,2024-07-03,True,478,912,2022,-0.486985609353,2013,1.18798751954,-0.501097938246,0.022769260026,0.128849005665,0,0,1
FIXED_90_10,UPRO,LAG2,25,staged,0.15,0.1,quarterly,1987_1999,1986-12-31,1987-01-02,1999-12-31,3286,0.22888397018,-0.711195417231,14.5740469137,12.9993155373,0.374736870061,0.6079088752,2820,1987-08-25,1987-10-19,1995-05-15,True,2765,2820,1987,-0.369276387231,1995,1.08074372,-0.697605769301,-0.077924146368,0.109128567342,0,0,0.982259391952
FIXED_90_10,UPRO,LAG2,25,staged,0.15,0.1,quarterly,2000_2009,1999-12-31,2000-01-03,2009-12-31,2515,-0.0357342073256,-0.686879717427,0.694937857417,10.0013689254,0.334265407302,-0.023953941948,2681,2007-07-13,2009-03-09,,False,,,2000,-0.403217316479,2003,0.797424529252,-0.566749310487,-0.154270988504,-0.0357342073256,0,0,1.12550931802
FIXED_90_10,UPRO,LAG2,25,staged,0.15,0.1,quarterly,2010_2019,2009-12-31,2010-01-04,2019-12-31,2516,0.194194199856,-0.453896136558,5.89717567092,9.99863107461,0.322355659947,0.69624759759,868,2010-04-23,2010-08-26,2012-09-07,True,743,868,2015,-0.199366206547,2013,1.03459053324,-0.308235111753,0.0757255132662,0.194194199856,0,0,0.887774171044
FIXED_90_10,UPRO,LAG2,25,staged,0.15,0.1,quarterly,2020_latest,2019-12-31,2020-01-02,2026-09-02,1676,0.253158379724,-0.522466466173,4.50723015182,6.67214236824,0.369508262842,0.72040208509,896,2022-01-03,2023-03-13,2024-06-17,True,462,896,2022,-0.445747340824,2021,0.862594167447,-0.459573580238,0.130765988493,,0,0,0.915322338566
FIXED_90_10,UPRO,LAG2,25,staged,0.15,0.1,quarterly,2010_latest,2009-12-31,2010-01-04,2026-09-02,4192,0.217452909842,-0.522466466173,26.5799279946,16.6707734428,0.341951466648,0.705176353743,896,2022-01-03,2023-03-13,2024-06-17,True,462,896,2022,-0.445747340824,2013,1.03459053324,-0.459573580238,0.0305198986064,0.124843800601,0,0,0.812599530358
FIXED_85_15,UPRO,LAG2,25,staged,0.15,0.1,quarterly,1987_1999,1986-12-31,1987-01-02,1999-12-31,3286,0.225760909059,-0.675088963839,14.0998489976,12.9993155373,0.352358464874,0.61132743571,2316,1987-08-25,1987-10-19,1993-12-27,True,2261,2316,1987,-0.31965026924,1995,1.00993890404,-0.662166566657,-0.0611714064906,0.112466129963,0,0,0.9502994731
FIXED_85_15,UPRO,LAG2,25,staged,0.15,0.1,quarterly,2000_2009,1999-12-31,2000-01-03,2009-12-31,2515,-0.0303769951496,-0.662885215162,0.734532081165,10.0013689254,0.314794948362,-0.0279981373012,2672,2007-07-13,2009-03-09,,False,,,2000,-0.38239852842,2003,0.74669302204,-0.543046526187,-0.143241085099,-0.0303769951496,0,0,1.18963543706
FIXED_85_15,UPRO,LAG2,25,staged,0.15,0.1,quarterly,2010_2019,2009-12-31,2010-01-04,2019-12-31,2516,0.186412042193,-0.431989003113,5.5240021482,9.99863107461,0.304179155627,0.697336405827,867,2010-04-23,2010-08-26,2012-09-06,True,742,867,2015,-0.188698277878,2013,0.961178024994,-0.29322639702,0.0744122207819,0.186412042193,0,0,0.831595784426
FIXED_85_15,UPRO,LAG2,25,staged,0.15,0.1,quarterly,2020_latest,2019-12-31,2020-01-02,2026-09-02,1676,0.244054777747,-0.499534235225,4.2932153083,6.67214236824,0.349173043356,0.720175433651,896,2022-01-03,2023-03-13,2024-06-17,True,462,896,2022,-0.424376810661,2021,0.804553545285,-0.437993863544,0.128450068422,,0,0,0.871860487172
FIXED_85_15,UPRO,LAG2,25,staged,0.15,0.1,quarterly,2010_latest,2009-12-31,2010-01-04,2026-09-02,4192,0.20915469468,-0.499534235225,23.7157305857,16.6707734428,0.322886300173,0.705668272741,896,2022-01-03,2023-03-13,2024-06-17,True,462,896,2022,-0.424376810661,2013,0.961178024994,-0.437993863544,0.033525738295,0.12199387366,0,0,0.72503550574
HWM_RESERVE,UPRO,LAG2,25,staged,0.15,0.1,rule,1987_1999,1986-12-31,1987-01-02,1999-12-31,3286,0.23454141079,-0.76364105306,15.4707360669,12.9993155373,0.409521113867,0.609841744567,2872,1987-08-25,1987-12-04,1995-07-06,True,2771,2872,1987,-0.444676849237,1995,1.22088135655,-0.749073109952,-0.104927659873,0.105246482062,0,0,1.04269431079
HWM_RESERVE,UPRO,LAG2,25,staged,0.15,0.1,rule,2000_2009,1999-12-31,2000-01-03,2009-12-31,2515,-0.0469829999349,-0.73076095921,0.617984905673,10.0013689254,0.373711513858,-0.0152757456421,2709,2007-07-13,2009-03-09,,False,,,2000,-0.442835312788,2003,0.901443512998,-0.611499070462,-0.17658449353,-0.0469829999349,0,0,1.00087765015
HWM_RESERVE,UPRO,LAG2,25,staged,0.15,0.1,rule,2010_2019,2009-12-31,2010-01-04,2019-12-31,2516,0.207413370463,-0.496640223904,6.58336225134,9.99863107461,0.354781332805,0.695086427783,874,2010-04-23,2010-08-26,2012-09-13,True,749,874,2018,-0.223772449277,2013,1.17785944305,-0.336429297752,0.0782498961074,0.207413370463,0,0,0.991074251728
HWM_RESERVE,UPRO,LAG2,25,staged,0.15,0.1,rule,2020_latest,2019-12-31,2020-01-02,2026-09-02,1676,0.269689871356,-0.5551979371,4.9190984919,6.67214236824,0.40415784086,0.724858850219,897,2022-01-03,2023-03-13,2024-06-18,True,463,897,2022,-0.474932111239,2021,0.927892835008,-0.488940849516,0.137661722719,,0,0,0.998964016387
HWM_RESERVE,UPRO,LAG2,25,staged,0.15,0.1,rule,2010_latest,2009-12-31,2010-01-04,2026-09-02,4192,0.231963021873,-0.5551979371,32.3842073222,16.6707734428,0.375261765723,0.706543942044,897,2022-01-03,2023-03-13,2024-06-18,True,463,897,2022,-0.474932111239,2013,1.17785944305,-0.488940849516,0.0241375241441,0.128523756989,0,0,0.990047515043
ASYMMETRIC_RESERVE_BAND,UPRO,LAG2,25,staged,0.2,0.1,rule,1987_1999,1986-12-31,1987-01-02,1999-12-31,3286,0.238322862735,-0.718944722331,16.0981898433,12.9993155373,0.394512176643,0.617438950793,2348,1987-08-25,1987-10-19,1994-01-28,True,2293,2348,1987,-0.38196135469,1995,1.17452607666,-0.708580027819,-0.077917214633,0.114974453276,0,0,1.08498334475
ASYMMETRIC_RESERVE_BAND,UPRO,LAG2,25,staged,0.2,0.1,rule,2000_2009,1999-12-31,2000-01-03,2009-12-31,2515,-0.0444640393285,-0.72204465004,0.634517083221,10.0013689254,0.370994641043,-0.0110380631185,2709,2007-07-13,2009-03-09,,False,,,2000,-0.441363701415,2003,0.901443512998,-0.608564902627,-0.172317603726,-0.0444640393285,0,0,1.02765287858
ASYMMETRIC_RESERVE_BAND,UPRO,LAG2,25,staged,0.2,0.1,rule,2010_2019,2009-12-31,2010-01-04,2019-12-31,2516,0.202247745778,-0.496640223904,6.30710714205,9.99863107461,0.347520469559,0.689833065837,874,2010-04-23,2010-08-26,2012-09-13,True,749,874,2018,-0.225472545397,2013,1.09891418435,-0.329741681076,0.0781835921529,0.202247745778,0,0,0.949486182398
ASYMMETRIC_RESERVE_BAND,UPRO,LAG2,25,staged,0.2,0.1,rule,2020_latest,2019-12-31,2020-01-02,2026-09-02,1676,0.265820000071,-0.550184088649,4.81992462643,6.67214236824,0.385597523628,0.732408311062,896,2022-01-03,2023-03-13,2024-06-17,True,462,896,2022,-0.469349619147,2021,0.888597053311,-0.483294566408,0.13531646955,,0,0,0.978823918941
ASYMMETRIC_RESERVE_BAND,UPRO,LAG2,25,staged,0.2,0.1,rule,2010_latest,2009-12-31,2010-01-04,2026-09-02,4192,0.227298799445,-0.550184088649,30.3997810355,16.6707734428,0.363183827898,0.707076925139,896,2022-01-03,2023-03-13,2024-06-17,True,462,896,2022,-0.469349619147,2013,1.09891418435,-0.483294566408,0.0306118394402,0.12816628827,0,0,0.929379786036
HWM_DRAWDOWN,UPRO,LAG2,25,drawdown,0.15,0.1,rule,1987_1999,1986-12-31,1987-01-02,1999-12-31,3286,0.225099094525,-0.743624084834,14.0012076133,12.9993155373,0.386354477192,0.5982479443,2858,1987-08-25,1987-12-04,1995-06-22,True,2757,2858,1987,-0.405227377001,1995,1.14840882772,-0.724957330032,-0.0966716684594,0.103785078727,0,0,0.943651256115
HWM_DRAWDOWN,UPRO,LAG2,25,drawdown,0.15,0.1,rule,2000_2009,1999-12-31,2000-01-03,2009-12-31,2515,-0.0284538558852,-0.714155431525,0.749233458074,10.0013689254,0.349074049445,0.0131868766622,2590,2007-07-13,2009-03-09,,False,,,2000,-0.38740339953,2003,0.827075586386,-0.590537322283,-0.167794122692,-0.0284538558852,0,0,1.21344553248
HWM_DRAWDOWN,UPRO,LAG2,25,drawdown,0.15,0.1,rule,2010_2019,2009-12-31,2010-01-04,2019-12-31,2516,0.201229683472,-0.496640223904,6.25390892774,9.99863107461,0.344511728753,0.690258386528,874,2010-04-23,2010-08-26,2012-09-13,True,749,874,2015,-0.206770298716,2013,1.16694912382,-0.318449231087,0.0756421205037,0.201229683472,0,0,0.941477602827
HWM_DRAWDOWN,UPRO,LAG2,25,drawdown,0.15,0.1,rule,2020_latest,2019-12-31,2020-01-02,2026-09-02,1676,0.260038644736,-0.524933254086,4.67493350703,6.67214236824,0.376716873056,0.728467189089,897,2022-01-03,2023-03-13,2024-06-18,True,463,897,2022,-0.44972308147,2021,0.895117414503,-0.463434202022,0.130403194881,,0,0,0.94937931416
HWM_DRAWDOWN,UPRO,LAG2,25,drawdown,0.15,0.1,rule,2010_latest,2009-12-31,2010-01-04,2026-09-02,4192,0.224429972227,-0.524933254086,29.2366083962,16.6707734428,0.357696240896,0.705757509511,897,2022-01-03,2023-03-13,2024-06-18,True,463,897,2022,-0.44972308147,2013,1.16694912382,-0.463434202022,0.0269298533314,0.128403403838,0,0,0.893819360869
BAND_DRAWDOWN,UPRO,LAG2,25,drawdown,0.2,0.1,rule,1987_1999,1986-12-31,1987-01-02,1999-12-31,3286,0.222332222185,-0.740810074621,13.595672924,12.9993155373,0.387249893705,0.591450726267,2858,1987-08-25,1987-12-04,1995-06-22,True,2757,2858,1987,-0.419725195453,1995,1.12127335403,-0.721985045467,-0.0952471507498,0.102709348958,0,0,0.916319090958
BAND_DRAWDOWN,UPRO,LAG2,25,drawdown,0.2,0.1,rule,2000_2009,1999-12-31,2000-01-03,2009-12-31,2515,-0.0238184300283,-0.686039470247,0.785763241902,10.0013689254,0.350259547664,0.0279150651143,2667,2007-07-13,2009-03-09,,False,,,2000,-0.40565991778,2003,0.848581418332,-0.555415244165,-0.152455587405,-0.0238184300283,0,0,1.2726085377
BAND_DRAWDOWN,UPRO,LAG2,25,drawdown,0.2,0.1,rule,2010_2019,2009-12-31,2010-01-04,2019-12-31,2516,0.196442470965,-0.496640223904,6.0091297688,9.99863107461,0.337453717501,0.685607911404,874,2010-04-23,2010-08-26,2012-09-13,True,749,874,2015,-0.199166239545,2013,1.09891418435,-0.30713804612,0.0763649287841,0.196442470965,0,0,0.904627994295
BAND_DRAWDOWN,UPRO,LAG2,25,drawdown,0.2,0.1,rule,2020_latest,2019-12-31,2020-01-02,2026-09-02,1676,0.259119328497,-0.519386126254,4.65222318629,6.67214236824,0.373313926233,0.729655287233,897,2022-01-03,2023-03-13,2024-06-18,True,463,897,2022,-0.44470351076,2021,0.888597053311,-0.45834707979,0.131699948082,,0,0,0.944767332259
BAND_DRAWDOWN,UPRO,LAG2,25,drawdown,0.2,0.1,rule,2010_latest,2009-12-31,2010-01-04,2026-09-02,4192,0.221144190021,-0.519386126254,27.9558128399,16.6707734428,0.352191139744,0.703502467089,897,2022-01-03,2023-03-13,2024-06-18,True,463,897,2022,-0.44470351076,2013,1.09891418435,-0.45834707979,0.0278690959395,0.124578976189,0,0,0.854662976856
NO_RESERVE,UPRO,LAG2,50,staged,0.15,0.1,rule,1987_1999,1986-12-31,1987-01-02,1999-12-31,3286,0.218051175166,-0.783319292418,12.9895265412,12.9993155373,0.421323390663,0.577021374839,2977,1987-08-25,1987-12-04,1995-10-19,True,2876,2977,1987,-0.482005810641,1995,1.22788602039,-0.76750971806,-0.128937723864,0.0863897863583,0,0,1
NO_RESERVE,UPRO,LAG2,50,staged,0.15,0.1,rule,2000_2009,1999-12-31,2000-01-03,2009-12-31,2515,-0.0669406086576,-0.776899374852,0.500094055927,10.0013689254,0.373805120383,-0.0718884275931,3653,1999-12-31,2009-03-09,,False,,,2000,-0.46388835883,2003,0.868334626785,-0.62205503137,-0.197396002389,-0.0669406086576,0,0,1
NO_RESERVE,UPRO,LAG2,50,staged,0.15,0.1,rule,2010_2019,2009-12-31,2010-01-04,2019-12-31,2516,0.192228670658,-0.51034471311,5.8008426413,9.99863107461,0.359238888332,0.65571593561,1015,2010-04-23,2010-08-26,2013-02-01,True,890,1015,2018,-0.247287576518,2013,1.18798751954,-0.356325053213,0.062310700961,0.192228670658,0,0,1
NO_RESERVE,UPRO,LAG2,50,staged,0.15,0.1,rule,2020_latest,2019-12-31,2020-01-02,2026-09-02,1676,0.252809117088,-0.58516749717,4.49885528444,6.67214236824,0.410575562792,0.687281445082,925,2022-01-03,2023-03-13,2024-07-16,True,491,925,2022,-0.50593715651,2021,0.982579332736,-0.519540541275,0.117373636459,,0,0,1
NO_RESERVE,UPRO,LAG2,50,staged,0.15,0.1,rule,2010_latest,2009-12-31,2010-01-04,2026-09-02,4192,0.216115008154,-0.58516749717,26.097151571,16.6707734428,0.380553740716,0.667976966584,1015,2022-01-03,2023-03-13,2024-07-16,True,491,925,2022,-0.50593715651,2013,1.18798751954,-0.519540541275,0.00698623481784,0.112261169132,0,0,1
FIXED_90_10,UPRO,LAG2,50,staged,0.15,0.1,quarterly,1987_1999,1986-12-31,1987-01-02,1999-12-31,3286,0.217617189876,-0.711410769622,12.9294928379,12.9993155373,0.374819610019,0.583344282135,2858,1987-08-25,1987-12-04,1995-06-22,True,2757,2858,1987,-0.37186892992,1995,1.08040854582,-0.698960625384,-0.0886248139753,0.0986869929979,0,0,0.995378299352
FIXED_90_10,UPRO,LAG2,50,staged,0.15,0.1,quarterly,2000_2009,1999-12-31,2000-01-03,2009-12-31,2515,-0.0536992878432,-0.722205303038,0.575783022294,10.0013689254,0.334309014342,-0.0802600595751,3653,1999-12-31,2009-03-09,,False,,,2000,-0.422601151198,2003,0.769044768635,-0.577153906482,-0.17331841684,-0.0536992878432,0,0,1.15134946211
FIXED_90_10,UPRO,LAG2,50,staged,0.15,0.1,quarterly,2010_2019,2009-12-31,2010-01-04,2019-12-31,2516,0.179730007378,-0.467055736418,5.22069109206,9.99863107461,0.322621778287,0.658110040924,1008,2010-04-23,2010-08-26,2013-01-25,True,883,1008,2015,-0.213709036718,2013,1.03439341667,-0.322174319819,0.0622531007866,0.179730007378,0,0,0.899988400804
FIXED_90_10,UPRO,LAG2,50,staged,0.15,0.1,quarterly,2020_latest,2019-12-31,2020-01-02,2026-09-02,1676,0.237997179715,-0.541319692941,4.15564787225,6.67214236824,0.36964061623,0.687238211337,919,2022-01-03,2023-03-13,2024-07-10,True,485,919,2022,-0.463998576798,2021,0.862316627639,-0.477381511672,0.115597156366,,0,0,0.923712280015
FIXED_90_10,UPRO,LAG2,50,staged,0.15,0.1,quarterly,2010_latest,2009-12-31,2010-01-04,2026-09-02,4192,0.202713682643,-0.541319692941,21.6953538284,16.6707734428,0.342159172583,0.669277339835,1008,2022-01-03,2023-03-13,2024-07-10,True,485,919,2022,-0.463998576798,2013,1.03439341667,-0.477381511672,0.0162912227927,0.110004720192,0,0,0.831330337693
FIXED_85_15,UPRO,LAG2,50,staged,0.15,0.1,quarterly,1987_1999,1986-12-31,1987-01-02,1999-12-31,3286,0.215137875836,-0.675106416549,12.5914090073,12.9993155373,0.352435402445,0.58663415995,2353,1987-08-25,1987-10-19,1994-02-02,True,2298,2353,1987,-0.322221797621,1995,1.00947751151,-0.663601977136,-0.0714417213814,0.102581113609,0,0,0.969350881832
FIXED_85_15,UPRO,LAG2,50,staged,0.15,0.1,quarterly,2000_2009,1999-12-31,2000-01-03,2009-12-31,2515,-0.0473787948344,-0.691209066278,0.615422810653,10.0013689254,0.314838490803,-0.0842372516593,3653,1999-12-31,2009-03-09,,False,,,2000,-0.401132028029,2003,0.720546539933,-0.553320713979,-0.161377304886,-0.0473787948344,0,0,1.2306141282
FIXED_85_15,UPRO,LAG2,50,staged,0.15,0.1,quarterly,2010_2019,2009-12-31,2010-01-04,2019-12-31,2516,0.172838226894,-0.444813471298,4.9236406115,9.99863107461,0.304428593772,0.659156313935,874,2010-04-23,2010-08-26,2012-09-13,True,749,874,2015,-0.202435264712,2013,0.96090687846,-0.30668953219,0.0617194019589,0.172838226894,0,0,0.848780240383
FIXED_85_15,UPRO,LAG2,50,staged,0.15,0.1,quarterly,2020_latest,2019-12-31,2020-01-02,2026-09-02,1676,0.229837777666,-0.518138097415,3.97628503982,6.67214236824,0.349299767012,0.687024859086,914,2022-01-03,2023-03-13,2024-07-05,True,480,914,2022,-0.442199575365,2021,0.804168594504,-0.455406741515,0.114168274901,,0,0,0.883843730998
FIXED_85_15,UPRO,LAG2,50,staged,0.15,0.1,quarterly,2010_latest,2009-12-31,2010-01-04,2026-09-02,4192,0.195327023621,-0.518138097415,19.577798505,16.6707734428,0.323082085915,0.669754549238,914,2022-01-03,2023-03-13,2024-07-05,True,480,914,2022,-0.442199575365,2013,0.96090687846,-0.455406741515,0.020083648732,0.108027706877,0,0,0.750189094458
HWM_RESERVE,UPRO,LAG2,50,staged,0.15,0.1,rule,1987_1999,1986-12-31,1987-01-02,1999-12-31,3286,0.222310497881,-0.764181818239,13.5925321875,12.9993155373,0.409783085203,0.585479557895,2939,1987-08-25,1987-12-04,1995-09-11,True,2838,2939,1987,-0.447341896902,1995,1.22496904573,-0.750252141361,-0.116489945248,0.0939602837099,0,0,1.04642245
HWM_RESERVE,UPRO,LAG2,50,staged,0.15,0.1,rule,2000_2009,1999-12-31,2000-01-03,2009-12-31,2515,-0.0668604428638,-0.776707592789,0.500523947459,10.0013689254,0.373754460724,-0.0717211211384,3653,1999-12-31,2009-03-09,,False,,,2000,-0.463427505812,2003,0.868334626785,-0.62205503137,-0.197396002389,-0.0668604428638,0,0,1.00085962136
HWM_RESERVE,UPRO,LAG2,50,staged,0.15,0.1,rule,2010_2019,2009-12-31,2010-01-04,2019-12-31,2516,0.192309748319,-0.51034471311,5.80478817871,9.99863107461,0.35597109373,0.658550211284,1015,2010-04-23,2010-08-26,2013-02-01,True,890,1015,2018,-0.240791488346,2013,1.18784353186,-0.351227581022,0.0632271068986,0.192309748319,0,0,1.00068016625
HWM_RESERVE,UPRO,LAG2,50,staged,0.15,0.1,rule,2020_latest,2019-12-31,2020-01-02,2026-09-02,1676,0.252692691384,-0.574538346101,4.49606648786,6.67214236824,0.405001977171,0.690825343281,919,2022-01-03,2023-03-13,2024-07-10,True,485,919,2022,-0.493972615498,2021,0.928789055,-0.50749507251,0.120834020849,,0,0,0.999380109738
HWM_RESERVE,UPRO,LAG2,50,staged,0.15,0.1,rule,2010_latest,2009-12-31,2010-01-04,2026-09-02,4192,0.216119374343,-0.574538346101,26.0987135995,16.6707734428,0.376300021162,0.671174366809,1015,2022-01-03,2023-03-13,2024-07-10,True,485,919,2022,-0.493972615498,2013,1.18784353186,-0.50749507251,0.00824571704432,0.112807805821,0,0,1.00005985437
ASYMMETRIC_RESERVE_BAND,UPRO,LAG2,50,staged,0.2,0.1,rule,1987_1999,1986-12-31,1987-01-02,1999-12-31,3286,0.225746917344,-0.719235590016,14.0977569556,12.9993155373,0.394616482432,0.591576252426,2855,1987-08-25,1987-12-04,1995-06-19,True,2754,2855,1987,-0.384938153034,1995,1.1739823092,-0.709768305053,-0.0897424475708,0.103238249297,0,0,1.0853172293
ASYMMETRIC_RESERVE_BAND,UPRO,LAG2,50,staged,0.2,0.1,rule,2000_2009,1999-12-31,2000-01-03,2009-12-31,2515,-0.0643075118641,-0.770033688946,0.514389284013,10.0013689254,0.371043960298,-0.0676408366252,3653,1999-12-31,2009-03-09,,False,,,2000,-0.462037617759,2003,0.868334626785,-0.619121456023,-0.193080607466,-0.0643075118641,0,0,1.02858507898
ASYMMETRIC_RESERVE_BAND,UPRO,LAG2,50,staged,0.2,0.1,rule,2010_2019,2009-12-31,2010-01-04,2019-12-31,2516,0.186204714076,-0.51034471311,5.51435773976,9.99863107461,0.347820206209,0.650861338461,1015,2010-04-23,2010-08-26,2013-02-01,True,890,1015,2018,-0.242203948524,2013,1.09838932459,-0.344152360282,0.0634682356027,0.186204714076,0,0,0.950613226517
ASYMMETRIC_RESERVE_BAND,UPRO,LAG2,50,staged,0.2,0.1,rule,2020_latest,2019-12-31,2020-01-02,2026-09-02,1676,0.249112374072,-0.569433242647,4.41102005053,6.67214236824,0.385744485542,0.697720280871,919,2022-01-03,2023-03-13,2024-07-10,True,485,919,2022,-0.488238433567,2021,0.888359703524,-0.501699372663,0.118663646005,,0,0,0.980476092614
ASYMMETRIC_RESERVE_BAND,UPRO,LAG2,50,staged,0.2,0.1,rule,2010_latest,2009-12-31,2010-01-04,2026-09-02,4192,0.210992773464,-0.569433242647,24.3239425559,16.6707734428,0.363418324972,0.66997306084,1015,2022-01-03,2023-03-13,2024-07-10,True,485,919,2022,-0.488238433567,2013,1.09838932459,-0.501699372663,0.0152349240079,0.111804125899,0,0,0.932053541922
HWM_DRAWDOWN,UPRO,LAG2,50,drawdown,0.15,0.1,rule,1987_1999,1986-12-31,1987-01-02,1999-12-31,3286,0.2143721753,-0.744639338964,12.4886577819,12.9993155373,0.387306023141,0.575169008124,2933,1987-08-25,1987-12-04,1995-09-05,True,2832,2933,1987,-0.408767269111,1995,1.15326233999,-0.726655214708,-0.107641981936,0.0934260192602,0,0,0.961440568471
HWM_DRAWDOWN,UPRO,LAG2,50,drawdown,0.15,0.1,rule,2000_2009,1999-12-31,2000-01-03,2009-12-31,2515,-0.0483797006856,-0.728320675709,0.608986259478,10.0013689254,0.350313622645,-0.0448706026905,3653,1999-12-31,2009-03-09,,False,,,2000,-0.408082356075,2003,0.80092987431,-0.604477929096,-0.189401152482,-0.0483797006856,0,0,1.21774344698
HWM_DRAWDOWN,UPRO,LAG2,50,drawdown,0.15,0.1,rule,2010_2019,2009-12-31,2010-01-04,2019-12-31,2516,0.187744594922,-0.51034471311,5.5863525114,9.99863107461,0.347378268455,0.65491126479,1015,2010-04-23,2010-08-26,2013-02-01,True,890,1015,2015,-0.224393806613,2013,1.18197841941,-0.336709112354,0.0625789872589,0.187744594922,0,0,0.963024315058
HWM_DRAWDOWN,UPRO,LAG2,50,drawdown,0.15,0.1,rule,2020_latest,2019-12-31,2020-01-02,2026-09-02,1676,0.245398832636,-0.545334710477,4.32425778555,6.67214236824,0.379468967644,0.695078213237,919,2022-01-03,2023-03-13,2024-07-10,True,485,919,2022,-0.469442692591,2021,0.90000039683,-0.482727640805,0.115608321441,,0,0,0.961190683441
HWM_DRAWDOWN,UPRO,LAG2,50,drawdown,0.15,0.1,rule,2010_latest,2009-12-31,2010-01-04,2026-09-02,4192,0.210492080373,-0.545334710477,24.1568283403,16.6707734428,0.360511427276,0.671270062136,1015,2022-01-03,2023-03-13,2024-07-10,True,485,919,2022,-0.469442692591,2013,1.18197841941,-0.482727640805,0.0121368007894,0.113674812359,0,0,0.925649999561
BAND_DRAWDOWN,UPRO,LAG2,50,drawdown,0.2,0.1,rule,1987_1999,1986-12-31,1987-01-02,1999-12-31,3286,0.210909574105,-0.741381544443,12.0335947485,12.9993155373,0.387334539117,0.567226380502,2933,1987-08-25,1987-12-04,1995-09-05,True,2832,2933,1987,-0.422308641054,1995,1.12096335613,-0.723216557889,-0.10594069208,0.0920283699908,0,0,0.926407495327
BAND_DRAWDOWN,UPRO,LAG2,50,drawdown,0.2,0.1,rule,2000_2009,1999-12-31,2000-01-03,2009-12-31,2515,-0.0427037596656,-0.711672091757,0.646305105486,10.0013689254,0.350403898129,-0.0278036225481,3653,1999-12-31,2009-03-09,,False,,,2000,-0.425252138665,2003,0.819322316505,-0.565932334218,-0.172596294588,-0.0427037596656,0,0,1.2923671014
BAND_DRAWDOWN,UPRO,LAG2,50,drawdown,0.2,0.1,rule,2010_2019,2009-12-31,2010-01-04,2019-12-31,2516,0.181298984049,-0.51034471311,5.29053082799,9.99863107461,0.337756154464,0.647529809623,1015,2010-04-23,2010-08-26,2013-02-01,True,890,1015,2015,-0.213297574545,2013,1.09838932459,-0.320867789181,0.0631535979285,0.181298984049,0,0,0.912027985438
BAND_DRAWDOWN,UPRO,LAG2,50,drawdown,0.2,0.1,rule,2020_latest,2019-12-31,2020-01-02,2026-09-02,1676,0.24395264402,-0.538229193971,4.29086417891,6.67214236824,0.373455288978,0.696963594917,919,2022-01-03,2023-03-13,2024-07-10,True,485,919,2022,-0.462953621139,2021,0.888359703524,-0.476160777334,0.116588134268,,0,0,0.953767993772
BAND_DRAWDOWN,UPRO,LAG2,50,drawdown,0.2,0.1,rule,2010_latest,2009-12-31,2010-01-04,2026-09-02,4192,0.205986920441,-0.538229193971,22.7009492172,16.6707734428,0.352425030178,0.667752138524,1015,2022-01-03,2023-03-13,2024-07-10,True,485,919,2022,-0.462953621139,2013,1.09838932459,-0.476160777334,0.0139138541973,0.109120383434,0,0,0.869863101935
NO_RESERVE,SSO,LAG1,0,staged,0.15,0.1,rule,1987_1999,1986-12-31,1987-01-02,1999-12-31,3286,0.258199896195,-0.448819840058,19.8005434575,12.9993155373,0.271143814837,0.780869944705,694,1987-08-25,1987-10-19,1989-07-19,True,639,694,1990,-0.176959934839,1995,0.748832811145,-0.380861743523,0.0542399117978,0.168902787085,0,0,1
NO_RESERVE,SSO,LAG1,0,staged,0.15,0.1,rule,2000_2009,1999-12-31,2000-01-03,2009-12-31,2515,-0.0222946321231,-0.625548480047,0.798117055028,10.0013689254,0.288567730528,-0.0295539041204,2612,2007-07-13,2009-03-09,,False,,,2008,-0.374784077534,2009,0.511652729091,-0.486650234725,-0.121410896623,-0.0222946321231,0,0,1
NO_RESERVE,SSO,LAG1,0,staged,0.15,0.1,rule,2010_2019,2009-12-31,2010-01-04,2019-12-31,2516,0.193968198057,-0.320152589446,5.88602626378,9.99863107461,0.247985295005,0.817575391301,550,2010-04-23,2010-08-26,2011-02-01,True,159,284,2018,-0.0942677211198,2013,0.705373768395,-0.170308133776,0.117500724468,0.193968198057,0,0,1
NO_RESERVE,SSO,LAG1,0,staged,0.15,0.1,rule,2020_latest,2019-12-31,2020-01-02,2026-09-02,1676,0.227783737667,-0.456749412221,3.93218416264,6.67214236824,0.297919146483,0.743148883876,765,2020-02-19,2020-03-23,2020-09-01,True,162,195,2022,-0.307970196319,2021,0.604506432733,-0.324057826813,0.157786247023,,0,0,1
NO_RESERVE,SSO,LAG1,0,staged,0.15,0.1,rule,2010_latest,2009-12-31,2010-01-04,2026-09-02,4192,0.207388944858,-0.456749412221,23.1449392553,16.6707734428,0.269032082192,0.781343559051,765,2020-02-19,2020-03-23,2020-09-01,True,162,195,2022,-0.307970196319,2013,0.705373768395,-0.324057826813,0.0435852156587,0.122049534367,0,0,1
FIXED_90_10,SSO,LAG1,0,staged,0.15,0.1,quarterly,1987_1999,1986-12-31,1987-01-02,1999-12-31,3286,0.240498537118,-0.407496126424,16.4697600078,12.9993155373,0.243579166758,0.781510887404,689,1987-08-25,1987-10-19,1989-07-14,True,634,689,1990,-0.150609174186,1995,0.667878005055,-0.340754187142,0.0592441085207,0.160002335324,0,0,0.831783230754
FIXED_90_10,SSO,LAG1,0,staged,0.15,0.1,quarterly,2000_2009,1999-12-31,2000-01-03,2009-12-31,2515,-0.0148759486666,-0.581959554583,0.860796143216,10.0013689254,0.25805216483,-0.0360994536651,2589,2007-07-13,2009-03-09,,False,,,2008,-0.341215952385,2009,0.458340280632,-0.446491988543,-0.105262625999,-0.0148759486666,0,0,1.07853370354
FIXED_90_10,SSO,LAG1,0,staged,0.15,0.1,quarterly,2010_2019,2009-12-31,2010-01-04,2019-12-31,2516,0.176601837056,-0.290852835829,5.08391797237,9.99863107461,0.223029741907,0.816658258551,546,2010-04-23,2010-08-26,2011-02-01,True,159,284,2011,-0.0804251767539,2013,0.622873838143,-0.153932548738,0.108001044172,0.176601837056,0,0,0.863726688351
FIXED_90_10,SSO,LAG1,0,staged,0.15,0.1,quarterly,2020_latest,2019-12-31,2020-01-02,2026-09-02,1676,0.211449464771,-0.414625414637,3.59604268041,6.67214236824,0.267432394486,0.745044460831,760,2020-02-19,2020-03-23,2020-08-28,True,158,191,2022,-0.278126563356,2021,0.535554749652,-0.293387669008,0.148001234389,,0,0,0.914515325751
FIXED_90_10,SSO,LAG1,0,staged,0.15,0.1,quarterly,2010_latest,2009-12-31,2010-01-04,2026-09-02,4192,0.190426945632,-0.414625414637,18.2819860123,16.6707734428,0.24173501642,0.781775997512,760,2020-02-19,2020-03-23,2020-08-28,True,158,191,2022,-0.278126563356,2013,0.622873838143,-0.293387669008,0.045045147618,0.114149368018,0,0,0.789891293758
FIXED_85_15,SSO,LAG1,0,staged,0.15,0.1,quarterly,1987_1999,1986-12-31,1987-01-02,1999-12-31,3286,0.231395725499,-0.386510289262,14.9660595302,12.9993155373,0.229892167207,0.781749706435,672,1987-08-25,1987-10-19,1989-06-27,True,617,672,1990,-0.13746197712,1995,0.628456209299,-0.320357336778,0.0614112058408,0.155330937955,0,0,0.755840846608
FIXED_85_15,SSO,LAG1,0,staged,0.15,0.1,quarterly,2000_2009,1999-12-31,2000-01-03,2009-12-31,2515,-0.0113574086021,-0.558665862251,0.892044195242,10.0013689254,0.242988299522,-0.0392042614652,2581,2007-07-19,2009-03-09,,False,,,2008,-0.324011675455,2009,0.431827438498,-0.425621373476,-0.0972624329138,-0.0113574086021,0,0,1.11768592041
FIXED_85_15,SSO,LAG1,0,staged,0.15,0.1,quarterly,2010_2019,2009-12-31,2010-01-04,2019-12-31,2516,0.167768088206,-0.275987567815,4.71491452777,9.99863107461,0.210582938683,0.816157381784,496,2010-04-23,2010-08-26,2011-01-27,True,154,279,2011,-0.07504101963,2013,0.582687517529,-0.14568384756,0.103088539388,0.167768088206,0,0,0.801035251369
FIXED_85_15,SSO,LAG1,0,staged,0.15,0.1,quarterly,2020_latest,2019-12-31,2020-01-02,2026-09-02,1676,0.20293248536,-0.393284350946,3.43068675106,6.67214236824,0.252337624637,0.745855931102,756,2020-02-19,2020-03-23,2020-08-27,True,157,190,2022,-0.26295467622,2021,0.501822037158,-0.277750014553,0.142890805764,,0,0,0.872463396718
FIXED_85_15,SSO,LAG1,0,staged,0.15,0.1,quarterly,2010_latest,2009-12-31,2010-01-04,2026-09-02,4192,0.181716843057,-0.393284350946,16.1753948028,16.6707734428,0.228169424609,0.781893057603,756,2020-02-19,2020-03-23,2020-08-27,True,157,190,2022,-0.26295467622,2013,0.582687517529,-0.277750014553,0.045293294551,0.109817706571,0,0,0.698873936301
HWM_RESERVE,SSO,LAG1,0,staged,0.15,0.1,rule,1987_1999,1986-12-31,1987-01-02,1999-12-31,3286,0.256797442586,-0.440440380087,19.5155504123,12.9993155373,0.26541822455,0.787585480575,694,1987-08-25,1987-10-19,1989-07-19,True,639,694,1990,-0.175212840894,1995,0.736800594006,-0.374035011925,0.0571012594446,0.169407246124,0,0,0.985606806914
HWM_RESERVE,SSO,LAG1,0,staged,0.15,0.1,rule,2000_2009,1999-12-31,2000-01-03,2009-12-31,2515,-0.0221726603362,-0.625277913212,0.799113426499,10.0013689254,0.288481266113,-0.0292180740632,2612,2007-07-13,2009-03-09,,False,,,2008,-0.374750108286,2009,0.511633846046,-0.48658438802,-0.121290609455,-0.0221726603362,0,0,1.00124840268
HWM_RESERVE,SSO,LAG1,0,staged,0.15,0.1,rule,2010_2019,2009-12-31,2010-01-04,2019-12-31,2516,0.191903233107,-0.320152589446,5.78502992756,9.99863107461,0.245240641052,0.816858664436,546,2010-04-23,2010-08-26,2011-02-01,True,159,284,2018,-0.092222880784,2013,0.693309559972,-0.169940874141,0.115616989584,0.191903233107,0,0,0.982841337823
HWM_RESERVE,SSO,LAG1,0,staged,0.15,0.1,rule,2020_latest,2019-12-31,2020-01-02,2026-09-02,1676,0.227152872557,-0.45136859836,3.91872304994,6.67214236824,0.29342832822,0.748195466211,760,2020-02-19,2020-03-23,2020-08-28,True,158,191,2022,-0.301118954619,2021,0.582523985373,-0.317063170073,0.157566161799,,0,0,0.996576683049
HWM_RESERVE,SSO,LAG1,0,staged,0.15,0.1,rule,2010_latest,2009-12-31,2010-01-04,2026-09-02,4192,0.205888007974,-0.45136859836,22.6699301217,16.6707734428,0.265526967167,0.783393052639,760,2020-02-19,2020-03-23,2020-08-28,True,158,191,2022,-0.301118954619,2013,0.693309559972,-0.317063170073,0.0440437055607,0.121062765303,0,0,0.979476760411
ASYMMETRIC_RESERVE_BAND,SSO,LAG1,0,staged,0.2,0.1,rule,1987_1999,1986-12-31,1987-01-02,1999-12-31,3286,0.251217489733,-0.410205904137,18.4187376732,12.9993155373,0.25150900242,0.798841307894,652,1987-08-25,1987-10-19,1989-06-07,True,597,652,1990,-0.165132759071,1995,0.69361785986,-0.349421169053,0.0677479019145,0.167908537859,0,0,0.930213744521
ASYMMETRIC_RESERVE_BAND,SSO,LAG1,0,staged,0.2,0.1,rule,2000_2009,1999-12-31,2000-01-03,2009-12-31,2515,-0.018375731796,-0.617787167293,0.830695467149,10.0013689254,0.285560302224,-0.018930425101,2598,2007-07-13,2009-03-09,,False,,,2008,-0.373826165853,2009,0.511121024664,-0.48479013661,-0.118219604541,-0.018375731796,0,0,1.04081909028
ASYMMETRIC_RESERVE_BAND,SSO,LAG1,0,staged,0.2,0.1,rule,2010_2019,2009-12-31,2010-01-04,2019-12-31,2516,0.184743650302,-0.320152589446,5.44682110073,9.99863107461,0.239707774793,0.804899088704,496,2010-04-23,2010-08-26,2011-02-01,True,159,284,2018,-0.0934554843385,2013,0.637521792129,-0.16355882096,0.110061591539,0.184743650302,0,0,0.925381718774
ASYMMETRIC_RESERVE_BAND,SSO,LAG1,0,staged,0.2,0.1,rule,2020_latest,2019-12-31,2020-01-02,2026-09-02,1676,0.218929603152,-0.433143501433,3.74680959306,6.67214236824,0.280986662389,0.744436072842,760,2020-02-19,2020-03-23,2020-08-26,True,156,189,2022,-0.299320820439,2021,0.550308494637,-0.3152255668,0.152130417715,,0,0,0.952857098775
ASYMMETRIC_RESERVE_BAND,SSO,LAG1,0,staged,0.2,0.1,rule,2010_latest,2009-12-31,2010-01-04,2026-09-02,4192,0.198309284336,-0.433143501433,20.4082015519,16.6707734428,0.256978409942,0.776074816811,760,2020-02-19,2020-03-23,2020-08-26,True,156,189,2022,-0.299320820439,2013,0.637521792129,-0.3152255668,0.042965111597,0.117237348511,0,0,0.881756539811
HWM_DRAWDOWN,SSO,LAG1,0,drawdown,0.15,0.1,rule,1987_1999,1986-12-31,1987-01-02,1999-12-31,3286,0.243607815149,-0.429853760637,17.0145295922,12.9993155373,0.251447028672,0.774967484586,692,1987-08-25,1987-10-19,1989-07-17,True,637,692,1990,-0.166850333504,1995,0.683749593118,-0.361182704358,0.0578152889097,0.162721907337,0,0,0.859296090973
HWM_DRAWDOWN,SSO,LAG1,0,drawdown,0.15,0.1,rule,2000_2009,1999-12-31,2000-01-03,2009-12-31,2515,-0.00981400932584,-0.607242975907,0.906070336076,10.0013689254,0.271219905338,-0.00257026821753,2512,2007-07-13,2009-03-09,,False,,,2008,-0.35289745095,2009,0.511652729091,-0.466659552851,-0.114565611571,-0.00981400932584,0,0,1.13525996014
HWM_DRAWDOWN,SSO,LAG1,0,drawdown,0.15,0.1,rule,2010_2019,2009-12-31,2010-01-04,2019-12-31,2516,0.185696386046,-0.320152589446,5.49077562886,9.99863107461,0.238666019987,0.810716050057,546,2010-04-23,2010-08-26,2011-02-01,True,159,284,2011,-0.0908061806566,2013,0.684494025388,-0.160345592687,0.112860845832,0.185696386046,0,0,0.932849325298
HWM_DRAWDOWN,SSO,LAG1,0,drawdown,0.15,0.1,rule,2020_latest,2019-12-31,2020-01-02,2026-09-02,1676,0.219371448966,-0.421446898928,3.75588080979,6.67214236824,0.275044794792,0.755761008075,760,2020-02-19,2020-03-23,2020-08-26,True,156,189,2022,-0.284950879264,2021,0.558742039019,-0.300310072354,0.150879687133,,0,0,0.955164014308
HWM_DRAWDOWN,SSO,LAG1,0,drawdown,0.15,0.1,rule,2010_latest,2009-12-31,2010-01-04,2026-09-02,4192,0.199061069987,-0.421446898928,20.6226988153,16.6707734428,0.253807539585,0.785008357736,760,2020-02-19,2020-03-23,2020-08-26,True,156,189,2022,-0.284950879264,2013,0.684494025388,-0.300310072354,0.0457576649377,0.120490221852,0,0,0.891024106297
BAND_DRAWDOWN,SSO,LAG1,0,drawdown,0.2,0.1,rule,1987_1999,1986-12-31,1987-01-02,1999-12-31,3286,0.243209316138,-0.419167801399,16.9437921297,12.9993155373,0.249104851556,0.778511718167,689,1987-08-25,1987-10-19,1989-07-14,True,634,689,1990,-0.152122816698,1995,0.689659839613,-0.350101544416,0.0589536202438,0.162338964212,0,0,0.855723589913
BAND_DRAWDOWN,SSO,LAG1,0,drawdown,0.2,0.1,rule,2000_2009,1999-12-31,2000-01-03,2009-12-31,2515,-0.00791501384986,-0.587948102495,0.92360026312,10.0013689254,0.272708029645,0.0059519538121,2584,2007-07-13,2009-03-09,,False,,,2008,-0.330446325566,2009,0.511652729091,-0.44905606327,-0.10574864543,-0.00791501384986,0,0,1.15722406544
BAND_DRAWDOWN,SSO,LAG1,0,drawdown,0.2,0.1,rule,2010_2019,2009-12-31,2010-01-04,2019-12-31,2516,0.181685999533,-0.320152589446,5.30788678508,9.99863107461,0.236206107508,0.802312308455,546,2010-04-23,2010-08-26,2011-02-01,True,159,284,2011,-0.0915065823929,2013,0.630699277783,-0.1587183519,0.109172965524,0.181685999533,0,0,0.901777625041
BAND_DRAWDOWN,SSO,LAG1,0,drawdown,0.2,0.1,rule,2020_latest,2019-12-31,2020-01-02,2026-09-02,1676,0.215127475988,-0.43511536548,3.66951756679,6.67214236824,0.277090079219,0.739654486226,760,2020-02-19,2020-03-23,2020-08-27,True,157,190,2022,-0.289166313436,2021,0.550308494637,-0.304660409349,0.148654914987,,0,0,0.933200840809
BAND_DRAWDOWN,SSO,LAG1,0,drawdown,0.2,0.1,rule,2010_latest,2009-12-31,2010-01-04,2026-09-02,4192,0.194958374156,-0.43511536548,19.4773838004,16.6707734428,0.253315374192,0.772501692615,760,2020-02-19,2020-03-23,2020-08-27,True,157,190,2022,-0.289166313436,2013,0.630699277783,-0.304660409349,0.0402426901605,0.11432136666,0,0,0.841539637911
NO_RESERVE,SSO,LAG1,10,staged,0.15,0.1,rule,1987_1999,1986-12-31,1987-01-02,1999-12-31,3286,0.253077929082,-0.449371020218,18.7779416973,12.9993155373,0.271223054488,0.765727307372,694,1987-08-25,1987-10-19,1989-07-19,True,639,694,1990,-0.190840240211,1995,0.748832811145,-0.382093505136,0.0487716041581,0.164001914132,0,0,1
NO_RESERVE,SSO,LAG1,10,staged,0.15,0.1,rule,2000_2009,1999-12-31,2000-01-03,2009-12-31,2515,-0.0304759196111,-0.64119122485,0.733782926323,10.0013689254,0.288547976516,-0.0587476514636,3570,2000-03-23,2009-03-09,,False,,,2008,-0.376033884163,2009,0.510141076362,-0.492242286745,-0.130332609646,-0.0304759196111,0,0,1
NO_RESERVE,SSO,LAG1,10,staged,0.15,0.1,rule,2010_2019,2009-12-31,2010-01-04,2019-12-31,2516,0.187534059656,-0.327593631305,5.57645959512,9.99863107461,0.248022535328,0.79566327312,551,2010-04-23,2010-08-26,2011-02-07,True,165,290,2018,-0.102386781235,2013,0.705373768395,-0.177750632467,0.112368765114,0.187534059656,0,0,1
NO_RESERVE,SSO,LAG1,10,staged,0.15,0.1,rule,2020_latest,2019-12-31,2020-01-02,2026-09-02,1676,0.221173689578,-0.459460238084,3.79307496317,6.67214236824,0.297977877035,0.724878602105,780,2020-02-19,2020-03-23,2020-09-01,True,162,195,2022,-0.318278294176,2021,0.604506432733,-0.334133136672,0.151089924833,,0,0,1
NO_RESERVE,SSO,LAG1,10,staged,0.15,0.1,rule,2010_latest,2009-12-31,2010-01-04,2026-09-02,4192,0.200884970386,-0.459460238084,21.1519292734,16.6707734428,0.269078675219,0.761129362125,780,2020-02-19,2020-03-23,2020-09-01,True,162,195,2022,-0.318278294176,2013,0.705373768395,-0.334133136672,0.0371344273687,0.115446541506,0,0,1
FIXED_90_10,SSO,LAG1,10,staged,0.15,0.1,quarterly,1987_1999,1986-12-31,1987-01-02,1999-12-31,3286,0.235934980692,-0.408017567531,15.6992949115,12.9993155373,0.243648000431,0.766276204863,689,1987-08-25,1987-10-19,1989-07-14,True,634,689,1990,-0.163462429049,1995,0.667810737443,-0.341957882478,0.0542913927079,0.155615028459,0,0,0.836049827212
FIXED_90_10,SSO,LAG1,10,staged,0.15,0.1,quarterly,2000_2009,1999-12-31,2000-01-03,2009-12-31,2515,-0.0222752772176,-0.588273607329,0.79827508803,10.0013689254,0.258036109545,-0.0653877533719,2626,2007-07-13,2009-03-09,,False,,,2008,-0.342431749487,2009,0.456907186866,-0.451895867379,-0.113401277448,-0.0222752772176,0,0,1.08788997317
FIXED_90_10,SSO,LAG1,10,staged,0.15,0.1,quarterly,2010_2019,2009-12-31,2010-01-04,2019-12-31,2516,0.170881834455,-0.297786278101,4.84213499435,9.99863107461,0.223064493076,0.794678324102,551,2010-04-23,2010-08-26,2011-02-04,True,162,287,2011,-0.0903753608294,2013,0.622821348252,-0.160795592232,0.103425361754,0.170881834455,0,0,0.868317058834
FIXED_90_10,SSO,LAG1,10,staged,0.15,0.1,quarterly,2020_latest,2019-12-31,2020-01-02,2026-09-02,1676,0.205558574238,-0.41720625922,3.48096778736,6.67214236824,0.267485547633,0.726659091472,767,2020-02-19,2020-03-23,2020-08-28,True,158,191,2022,-0.28778991774,2021,0.535491480178,-0.302853165914,0.142013319273,,0,0,0.91771658118
FIXED_90_10,SSO,LAG1,10,staged,0.15,0.1,quarterly,2010_latest,2009-12-31,2010-01-04,2026-09-02,4192,0.184639151708,-0.41720625922,16.8553159373,16.6707734428,0.241777758007,0.761470165734,767,2020-02-19,2020-03-23,2020-08-28,True,158,191,2022,-0.28778991774,2013,0.622821348252,-0.302853165914,0.0392409050291,0.108244246425,0,0,0.796868962614
FIXED_85_15,SSO,LAG1,10,staged,0.15,0.1,quarterly,1987_1999,1986-12-31,1987-01-02,1999-12-31,3286,0.227108183727,-0.387014808308,14.3026412419,12.9993155373,0.229956008792,0.766471822085,672,1987-08-25,1987-10-19,1989-06-27,True,617,672,1990,-0.149771217166,1995,0.628362642836,-0.321540136063,0.0567201339424,0.151199064693,0,0,0.761672470415
FIXED_85_15,SSO,LAG1,10,staged,0.15,0.1,quarterly,2000_2009,1999-12-31,2000-01-03,2009-12-31,2515,-0.0183619112725,-0.564946211087,0.830812446179,10.0013689254,0.242973925789,-0.0685362980388,2612,2007-07-19,2009-03-09,,False,,,2008,-0.325204591112,2009,0.430442552395,-0.430906656016,-0.104999698272,-0.0183619112725,0,0,1.1322319127
FIXED_85_15,SSO,LAG1,10,staged,0.15,0.1,quarterly,2010_2019,2009-12-31,2010-01-04,2019-12-31,2516,0.162399549282,-0.282648861261,4.50261550174,9.99863107461,0.210616339563,0.794143155032,551,2010-04-23,2010-08-26,2011-02-01,True,159,284,2011,-0.0845285177192,2013,0.582614572065,-0.152244435065,0.0987874955,0.162399549282,0,0,0.807432641613
FIXED_85_15,SSO,LAG1,10,staged,0.15,0.1,quarterly,2020_latest,2019-12-31,2020-01-02,2026-09-02,1676,0.19739738939,-0.395787809533,3.32672669063,6.67214236824,0.252387933424,0.727417149972,765,2020-02-19,2020-03-23,2020-08-28,True,158,191,2022,-0.272267600501,2021,0.501733669992,-0.286882203561,0.137254343188,,0,0,0.877052713943
FIXED_85_15,SSO,LAG1,10,staged,0.15,0.1,quarterly,2010_latest,2009-12-31,2010-01-04,2026-09-02,4192,0.17628225265,-0.395787809533,14.9789711673,16.6707734428,0.228210158779,0.761543529861,765,2020-02-19,2020-03-23,2020-08-28,True,158,191,2022,-0.272267600501,2013,0.582614572065,-0.286882203561,0.0398141280131,0.104259675197,0,0,0.708160989653
HWM_RESERVE,SSO,LAG1,10,staged,0.15,0.1,rule,1987_1999,1986-12-31,1987-01-02,1999-12-31,3286,0.251772544306,-0.440987060994,18.5252351824,12.9993155373,0.265476217026,0.772426379552,694,1987-08-25,1987-10-19,1989-07-19,True,639,694,1990,-0.189091921785,1995,0.737363011502,-0.375260623829,0.0516671257645,0.164580755276,0,0,0.986542374078
HWM_RESERVE,SSO,LAG1,10,staged,0.15,0.1,rule,2000_2009,1999-12-31,2000-01-03,2009-12-31,2515,-0.0304371491921,-0.641178475363,0.734076452684,10.0013689254,0.288524790357,-0.0586374733706,3570,2000-03-23,2009-03-09,,False,,,2008,-0.376033884163,2009,0.510141076362,-0.492242286745,-0.130332609646,-0.0304371491921,0,0,1.00040001798
HWM_RESERVE,SSO,LAG1,10,staged,0.15,0.1,rule,2010_2019,2009-12-31,2010-01-04,2019-12-31,2516,0.185559959526,-0.327593631305,5.48446206283,9.99863107461,0.245336340036,0.794845502742,551,2010-04-23,2010-08-26,2011-02-07,True,165,290,2011,-0.102348742258,2013,0.693703889092,-0.177374020947,0.110616276581,0.185559959526,0,0,0.983502519704
HWM_RESERVE,SSO,LAG1,10,staged,0.15,0.1,rule,2020_latest,2019-12-31,2020-01-02,2026-09-02,1676,0.220684380232,-0.45437915603,3.78294589934,6.67214236824,0.293680675728,0.729745092293,767,2020-02-19,2020-03-23,2020-09-01,True,162,195,2022,-0.311399527134,2021,0.582768237191,-0.327118218791,0.151040290958,,0,0,0.997329590392
HWM_RESERVE,SSO,LAG1,10,staged,0.15,0.1,rule,2010_latest,2009-12-31,2010-01-04,2026-09-02,4192,0.199494840695,-0.45437915603,20.7474232707,16.6707734428,0.265691482099,0.763014868136,767,2020-02-19,2020-03-23,2020-09-01,True,162,195,2022,-0.311399527134,2013,0.693703889092,-0.327118218791,0.0376540629804,0.114495827702,0,0,0.980876165125
ASYMMETRIC_RESERVE_BAND,SSO,LAG1,10,staged,0.2,0.1,rule,1987_1999,1986-12-31,1987-01-02,1999-12-31,3286,0.246153983543,-0.410726086751,17.4729734196,12.9993155373,0.251581250949,0.782611711296,652,1987-08-25,1987-10-19,1989-06-07,True,597,652,1990,-0.178847632737,1995,0.693445589623,-0.350614568132,0.0622553375064,0.163010799065,0,0,0.930505254582
ASYMMETRIC_RESERVE_BAND,SSO,LAG1,10,staged,0.2,0.1,rule,2000_2009,1999-12-31,2000-01-03,2009-12-31,2515,-0.0265402172262,-0.626466286813,0.764124540039,10.0013689254,0.285549719218,-0.0482419553837,3570,2000-03-23,2009-03-09,,False,,,2008,-0.375075690068,2009,0.509611157513,-0.490363777261,-0.127109980835,-0.0265402172262,0,0,1.04134957714
ASYMMETRIC_RESERVE_BAND,SSO,LAG1,10,staged,0.2,0.1,rule,2010_2019,2009-12-31,2010-01-04,2019-12-31,2516,0.178382526808,-0.327593631305,5.16137430608,9.99863107461,0.239742798964,0.782319339047,550,2010-04-23,2010-08-26,2011-02-07,True,165,290,2011,-0.102348742258,2013,0.637095910713,-0.170776231869,0.105070983547,0.178382526808,0,0,0.925564727591
ASYMMETRIC_RESERVE_BAND,SSO,LAG1,10,staged,0.2,0.1,rule,2020_latest,2019-12-31,2020-01-02,2026-09-02,1676,0.212422868873,-0.435778568852,3.61536537946,6.67214236824,0.281043358325,0.725228227498,767,2020-02-19,2020-03-23,2020-08-28,True,158,191,2022,-0.30953024505,2021,0.550308494637,-0.325210031211,0.145269757956,,0,0,0.953148939732
ASYMMETRIC_RESERVE_BAND,SSO,LAG1,10,staged,0.2,0.1,rule,2010_latest,2009-12-31,2010-01-04,2026-09-02,4192,0.191890252118,-0.435778568852,18.6602539767,16.6707734428,0.257022796031,0.755033857681,767,2020-02-19,2020-03-23,2020-08-28,True,158,191,2022,-0.30953024505,2013,0.637095910713,-0.325210031211,0.0367046773807,0.110722737581,0,0,0.882201038757
HWM_DRAWDOWN,SSO,LAG1,10,drawdown,0.15,0.1,rule,1987_1999,1986-12-31,1987-01-02,1999-12-31,3286,0.239219912649,-0.430512373576,16.250443835,12.9993155373,0.25183742873,0.760166656878,692,1987-08-25,1987-10-19,1989-07-17,True,637,692,1990,-0.180331689841,1995,0.685901890021,-0.362541952834,0.0525831004688,0.158366850904,0,0,0.865400697099
HWM_DRAWDOWN,SSO,LAG1,10,drawdown,0.15,0.1,rule,2000_2009,1999-12-31,2000-01-03,2009-12-31,2515,-0.0182201533172,-0.615918682178,0.832013163467,10.0013689254,0.271916364831,-0.0332736026667,2597,2007-07-13,2009-03-09,,False,,,2008,-0.35699700033,2009,0.510141076362,-0.474771255886,-0.124095329158,-0.0182201533172,0,0,1.13386825125
HWM_DRAWDOWN,SSO,LAG1,10,drawdown,0.15,0.1,rule,2010_2019,2009-12-31,2010-01-04,2019-12-31,2516,0.180055176088,-0.327593631305,5.23509675709,9.99863107461,0.239279079699,0.789287883734,551,2010-04-23,2010-08-26,2011-02-07,True,165,290,2011,-0.102348742258,2013,0.687834980031,-0.167851594956,0.108410398635,0.180055176088,0,0,0.938785024403
HWM_DRAWDOWN,SSO,LAG1,10,drawdown,0.15,0.1,rule,2020_latest,2019-12-31,2020-01-02,2026-09-02,1676,0.213604784385,-0.425259908861,3.63894575261,6.67214236824,0.275734027781,0.737313013486,767,2020-02-19,2020-03-23,2020-08-26,True,156,189,2022,-0.295150123116,2021,0.559742591482,-0.310316581506,0.144813305494,,0,0,0.959365630247
HWM_DRAWDOWN,SSO,LAG1,10,drawdown,0.15,0.1,rule,2010_latest,2009-12-31,2010-01-04,2026-09-02,4192,0.193369955501,-0.425259908861,19.0502331087,16.6707734428,0.254452007764,0.764924070554,767,2020-02-19,2020-03-23,2020-08-26,True,156,189,2022,-0.295150123116,2013,0.687834980031,-0.310316581506,0.0397808053607,0.114452078639,0,0,0.900638086603
BAND_DRAWDOWN,SSO,LAG1,10,drawdown,0.2,0.1,rule,1987_1999,1986-12-31,1987-01-02,1999-12-31,3286,0.238642894176,-0.419695534376,16.1523562214,12.9993155373,0.249175274611,0.763637987688,689,1987-08-25,1987-10-19,1989-07-14,True,634,689,1990,-0.164784294125,1995,0.689659839613,-0.351333593018,0.0540487838071,0.157947368734,0,0,0.860177141976
BAND_DRAWDOWN,SSO,LAG1,10,drawdown,0.2,0.1,rule,2000_2009,1999-12-31,2000-01-03,2009-12-31,2515,-0.0156972529246,-0.594151861956,0.853645519947,10.0013689254,0.272717599571,-0.022967261811,2615,2007-07-13,2009-03-09,,False,,,2008,-0.331739051408,2009,0.510141076362,-0.451204973188,-0.114311587382,-0.0156972529246,0,0,1.16334884517
BAND_DRAWDOWN,SSO,LAG1,10,drawdown,0.2,0.1,rule,2010_2019,2009-12-31,2010-01-04,2019-12-31,2516,0.175612942995,-0.327593631305,5.04135640558,9.99863107461,0.236247388113,0.78036343539,551,2010-04-23,2010-08-26,2011-02-07,True,165,290,2011,-0.102348742258,2013,0.630699277783,-0.165707781649,0.104526596607,0.175612942995,0,0,0.904042487815
BAND_DRAWDOWN,SSO,LAG1,10,drawdown,0.2,0.1,rule,2020_latest,2019-12-31,2020-01-02,2026-09-02,1676,0.208997444073,-0.437774075795,3.54775718524,6.67214236824,0.277143892665,0.721249461348,767,2020-02-19,2020-03-23,2020-08-28,True,158,191,2022,-0.299076204366,2021,0.550308494637,-0.314360886749,0.142456824283,,0,0,0.935324827402
BAND_DRAWDOWN,SSO,LAG1,10,drawdown,0.2,0.1,rule,2010_latest,2009-12-31,2010-01-04,2026-09-02,4192,0.188862324955,-0.437774075795,17.8855084113,16.6707734428,0.253362012663,0.752167726375,767,2020-02-19,2020-03-23,2020-08-28,True,158,191,2022,-0.299076204366,2013,0.630699277783,-0.314360886749,0.0343382406757,0.108073268394,0,0,0.845573383879
NO_RESERVE,SSO,LAG1,25,staged,0.15,0.1,rule,1987_1999,1986-12-31,1987-01-02,1999-12-31,3286,0.24542450412,-0.450197790458,17.3404770605,12.9993155373,0.271369277845,0.74295504848,701,1987-08-25,1987-10-19,1989-07-26,True,646,701,1990,-0.211248222331,1995,0.748832811145,-0.38393885887,0.0406121134975,0.156679976231,0,0,1
NO_RESERVE,SSO,LAG1,25,staged,0.15,0.1,rule,2000_2009,1999-12-31,2000-01-03,2009-12-31,2515,-0.0426347798284,-0.680394607719,0.646771027997,10.0013689254,0.288571344794,-0.102526699617,3570,2000-03-23,2009-03-09,,False,,,2008,-0.377906249547,2009,0.507873597268,-0.500526632134,-0.143562018967,-0.0426347798284,0,0,1
NO_RESERVE,SSO,LAG1,25,staged,0.15,0.1,rule,2010_2019,2009-12-31,2010-01-04,2019-12-31,2516,0.177935848808,-0.338616439687,5.14184559452,9.99863107461,0.248118353275,0.762684640849,566,2010-04-23,2010-08-26,2011-02-08,True,166,291,2011,-0.118389736836,2013,0.705373768395,-0.188803122064,0.104705430109,0.177935848808,0,0,1
NO_RESERVE,SSO,LAG1,25,staged,0.15,0.1,rule,2020_latest,2019-12-31,2020-01-02,2026-09-02,1676,0.211312999346,-0.463506176183,3.5933407838,6.67214236824,0.298099155001,0.697408966132,788,2020-02-19,2020-03-23,2020-09-02,True,163,196,2022,-0.333472052601,2021,0.604506432733,-0.348983583403,0.141105556211,,0,0,1
NO_RESERVE,SSO,LAG1,25,staged,0.15,0.1,rule,2010_latest,2009-12-31,2010-01-04,2026-09-02,4192,0.19118255554,-0.463506176183,18.4764034788,16.6707734428,0.269185352903,0.730721294394,788,2020-02-19,2020-03-23,2020-09-02,True,163,196,2022,-0.333472052601,2013,0.705373768395,-0.348983583403,0.0275209649355,0.105602579922,0,0,1
FIXED_90_10,SSO,LAG1,25,staged,0.15,0.1,quarterly,1987_1999,1986-12-31,1987-01-02,1999-12-31,3286,0.22911356225,-0.408799714987,14.609482002,12.9993155373,0.243775682368,0.743365853342,689,1987-08-25,1987-10-19,1989-07-14,True,634,689,1990,-0.182399415988,1995,0.667709839707,-0.343761242159,0.0468975297599,0.149057899998,0,0,0.842507501441
FIXED_90_10,SSO,LAG1,25,staged,0.15,0.1,quarterly,2000_2009,1999-12-31,2000-01-03,2009-12-31,2515,-0.0332823640498,-0.623120477909,0.712814116503,10.0013689254,0.258059272423,-0.109306760379,3570,2000-03-23,2009-03-09,,False,,,2008,-0.344253261925,2009,0.454757907193,-0.459911778343,-0.125484015624,-0.0332823640498,0,0,1.10211200819
FIXED_90_10,SSO,LAG1,25,staged,0.15,0.1,quarterly,2010_2019,2009-12-31,2010-01-04,2019-12-31,2516,0.162344456664,-0.308070880772,4.50048220747,9.99863107461,0.223152279105,0.761599598488,566,2010-04-23,2010-08-26,2011-02-08,True,166,291,2011,-0.105115561462,2013,0.62274261549,-0.170997350455,0.0965896616438,0.162344456664,0,0,0.875265918578
FIXED_90_10,SSO,LAG1,25,staged,0.15,0.1,quarterly,2020_latest,2019-12-31,2020-01-02,2026-09-02,1676,0.196766200901,-0.421060450686,3.31504370151,6.67214236824,0.267594845757,0.699017405432,787,2020-02-19,2020-03-23,2020-09-01,True,162,195,2022,-0.302058678325,2021,0.535396579152,-0.316829611995,0.133080064915,,0,0,0.922551992968
FIXED_90_10,SSO,LAG1,25,staged,0.15,0.1,quarterly,2010_latest,2009-12-31,2010-01-04,2026-09-02,4192,0.176000616848,-0.421060450686,14.9192951956,16.6707734428,0.241874687212,0.730925674523,787,2020-02-19,2020-03-23,2020-09-01,True,162,195,2022,-0.302058678325,2013,0.62274261549,-0.316829611995,0.0305853371064,0.0994354339991,0,0,0.807478317562
FIXED_85_15,SSO,LAG1,25,staged,0.15,0.1,quarterly,1987_1999,1986-12-31,1987-01-02,1999-12-31,3286,0.220698199345,-0.387771567412,13.3612986417,12.9993155373,0.230074754315,0.743496668705,687,1987-08-25,1987-10-19,1989-07-12,True,632,687,1990,-0.167925311979,1995,0.628222300433,-0.323312236745,0.0497151047314,0.145022526402,0,0,0.770526589037
FIXED_85_15,SSO,LAG1,25,staged,0.15,0.1,quarterly,2000_2009,1999-12-31,2000-01-03,2009-12-31,2515,-0.0287865496625,-0.59163357152,0.746671402087,10.0013689254,0.242996776791,-0.112520015018,3570,2000-03-23,2009-03-09,,False,,,2008,-0.326991882586,2009,0.428365706774,-0.438751670794,-0.116493371505,-0.0287865496625,0,0,1.15446018725
FIXED_85_15,SSO,LAG1,25,staged,0.15,0.1,quarterly,2010_2019,2009-12-31,2010-01-04,2019-12-31,2516,0.154384626547,-0.292536296508,4.20165114645,9.99863107461,0.210699985845,0.761013788382,566,2010-04-23,2010-08-26,2011-02-07,True,165,290,2011,-0.0985924150659,2013,0.582505157974,-0.162001314753,0.0923606575887,0.154384626547,0,0,0.817148447813
FIXED_85_15,SSO,LAG1,25,staged,0.15,0.1,quarterly,2020_latest,2019-12-31,2020-01-02,2026-09-02,1676,0.189133913244,-0.399527496299,3.17651108276,6.67214236824,0.252491186378,0.69969565427,780,2020-02-19,2020-03-23,2020-08-28,True,158,191,2022,-0.286031087006,2021,0.501601125593,-0.300378436171,0.128842981353,,0,0,0.883999396074
FIXED_85_15,SSO,LAG1,25,staged,0.15,0.1,quarterly,2010_latest,2009-12-31,2010-01-04,2026-09-02,4192,0.168168760787,-0.399527496299,13.3465914326,16.6707734428,0.228302121677,0.730934016962,780,2020-02-19,2020-03-23,2020-08-28,True,158,191,2022,-0.286031087006,2013,0.582505157974,-0.300378436171,0.0316406717266,0.0959661416767,0,0,0.722358734369
HWM_RESERVE,SSO,LAG1,25,staged,0.15,0.1,rule,1987_1999,1986-12-31,1987-01-02,1999-12-31,3286,0.244228127922,-0.44180705353,17.1251837737,12.9993155373,0.265693051907,0.749330106381,694,1987-08-25,1987-10-19,1989-07-19,True,639,694,1990,-0.209501638991,1995,0.738177494944,-0.377096782403,0.0434835174916,0.15732595944,0,0,0.987584350419
HWM_RESERVE,SSO,LAG1,25,staged,0.15,0.1,rule,2000_2009,1999-12-31,2000-01-03,2009-12-31,2515,-0.0426005557433,-0.680394607719,0.647002305869,10.0013689254,0.288550696391,-0.102431241621,3570,2000-03-23,2009-03-09,,False,,,2008,-0.377906249547,2009,0.507873597268,-0.500526632134,-0.143562018967,-0.0426005557433,0,0,1.00035758848
HWM_RESERVE,SSO,LAG1,25,staged,0.15,0.1,rule,2010_2019,2009-12-31,2010-01-04,2019-12-31,2516,0.176703789795,-0.338616439687,5.08832431004,9.99863107461,0.245846392691,0.763154198226,566,2010-04-23,2010-08-26,2011-02-08,True,166,291,2011,-0.118389736836,2013,0.700354263587,-0.188414540115,0.103447822265,0.176703789795,0,0,0.989591036235
HWM_RESERVE,SSO,LAG1,25,staged,0.15,0.1,rule,2020_latest,2019-12-31,2020-01-02,2026-09-02,1676,0.211009615791,-0.458888191061,3.58734023608,6.67214236824,0.294093904007,0.70198102498,788,2020-02-19,2020-03-23,2020-09-02,True,163,196,2022,-0.32656157471,2021,0.583140525141,-0.341947441998,0.14128480541,,0,0,0.998330092224
HWM_RESERVE,SSO,LAG1,25,staged,0.15,0.1,rule,2010_latest,2009-12-31,2010-01-04,2026-09-02,4192,0.190315797571,-0.458888191061,18.2535505316,16.6707734428,0.266156606486,0.73321336189,788,2020-02-19,2020-03-23,2020-09-02,True,163,196,2022,-0.32656157471,2013,0.700354263587,-0.341947441998,0.0281131956979,0.105272096164,0,0,0.987938510469
ASYMMETRIC_RESERVE_BAND,SSO,LAG1,25,staged,0.2,0.1,rule,1987_1999,1986-12-31,1987-01-02,1999-12-31,3286,0.238588337713,-0.411506360672,16.1431104809,12.9993155373,0.251716627644,0.758203161179,652,1987-08-25,1987-10-19,1989-06-07,True,597,652,1990,-0.19902297231,1995,0.693187211419,-0.352402625793,0.0529385044651,0.155694135151,0,0,0.930949617166
ASYMMETRIC_RESERVE_BAND,SSO,LAG1,25,staged,0.2,0.1,rule,2000_2009,1999-12-31,2000-01-03,2009-12-31,2515,-0.0386747673003,-0.667012668707,0.674031150884,10.0013689254,0.285586370351,-0.092196402385,3570,2000-03-23,2009-03-09,,False,,,2008,-0.37694764768,2009,0.507346365514,-0.498621703966,-0.140294006735,-0.0386747673003,0,0,1.04214802721
ASYMMETRIC_RESERVE_BAND,SSO,LAG1,25,staged,0.2,0.1,rule,2010_2019,2009-12-31,2010-01-04,2019-12-31,2516,0.168893374157,-0.338616439687,4.76053968345,9.99863107461,0.239835112722,0.748337910042,554,2010-04-23,2010-08-26,2011-02-08,True,166,291,2011,-0.118389736836,2013,0.63645705016,-0.181498291625,0.097618298286,0.168893374157,0,0,0.925842597943
ASYMMETRIC_RESERVE_BAND,SSO,LAG1,25,staged,0.2,0.1,rule,2020_latest,2019-12-31,2020-01-02,2026-09-02,1676,0.202716297477,-0.439712789941,3.42657511076,6.67214236824,0.281161490149,0.696348769265,788,2020-02-19,2020-03-23,2020-08-28,True,158,191,2022,-0.324584356635,2021,0.550308494637,-0.33993224712,0.135043020603,,0,0,0.953590354193
ASYMMETRIC_RESERVE_BAND,SSO,LAG1,25,staged,0.2,0.1,rule,2010_latest,2009-12-31,2010-01-04,2026-09-02,4192,0.182314633399,-0.439712789941,16.3123467931,16.6707734428,0.257126100816,0.723382556808,788,2020-02-19,2020-03-23,2020-08-28,True,158,191,2022,-0.324584356635,2013,0.63645705016,-0.33993224712,0.0273732797191,0.101010297923,0,0,0.882874570899
HWM_DRAWDOWN,SSO,LAG1,25,drawdown,0.15,0.1,rule,1987_1999,1986-12-31,1987-01-02,1999-12-31,3286,0.232629109568,-0.431501284694,15.1620975075,12.9993155373,0.252452321724,0.737875160585,694,1987-08-25,1987-10-19,1989-07-19,True,639,694,1990,-0.200190943533,1995,0.689156568864,-0.364579178201,0.044739223199,0.151824914358,0,0,0.874376030982
HWM_DRAWDOWN,SSO,LAG1,25,drawdown,0.15,0.1,rule,2000_2009,1999-12-31,2000-01-03,2009-12-31,2515,-0.0305052454614,-0.63767588531,0.733560973874,10.0013689254,0.272719516142,-0.0786212980325,3570,2000-03-23,2009-03-09,,False,,,2008,-0.361989583426,2009,0.507873597268,-0.485816331867,-0.137956716498,-0.0305052454614,0,0,1.13418960052
HWM_DRAWDOWN,SSO,LAG1,25,drawdown,0.15,0.1,rule,2010_2019,2009-12-31,2010-01-04,2019-12-31,2516,0.171868283926,-0.338616439687,4.88307859456,9.99863107461,0.240238825729,0.75806791299,566,2010-04-23,2010-08-26,2011-02-08,True,166,291,2011,-0.118389736836,2013,0.694529163569,-0.179440938118,0.101920347193,0.171868283926,0,0,0.949674295893
HWM_DRAWDOWN,SSO,LAG1,25,drawdown,0.15,0.1,rule,2020_latest,2019-12-31,2020-01-02,2026-09-02,1676,0.204953176194,-0.43139815653,3.46932117746,6.67214236824,0.276949671611,0.70937739783,788,2020-02-19,2020-03-23,2020-08-28,True,158,191,2022,-0.310347725198,2021,0.561534841793,-0.325231105441,0.135729079417,,0,0,0.965486266458
HWM_DRAWDOWN,SSO,LAG1,25,drawdown,0.15,0.1,rule,2010_latest,2009-12-31,2010-01-04,2026-09-02,4192,0.184999395126,-0.43139815653,16.9409679793,16.6707734428,0.255520082463,0.735185207337,788,2020-02-19,2020-03-23,2020-08-28,True,158,191,2022,-0.310347725198,2013,0.694529163569,-0.325231105441,0.0308422534288,0.10558750472,0,0,0.916897490293
BAND_DRAWDOWN,SSO,LAG1,25,drawdown,0.2,0.1,rule,1987_1999,1986-12-31,1987-01-02,1999-12-31,3286,0.231817074357,-0.420487133841,15.0327653776,12.9993155373,0.249304967296,0.741271646716,689,1987-08-25,1987-10-19,1989-07-14,True,634,689,1990,-0.183443290011,1995,0.689659839613,-0.353179373579,0.0467260182235,0.151383750057,0,0,0.866917635838
BAND_DRAWDOWN,SSO,LAG1,25,drawdown,0.2,0.1,rule,2000_2009,1999-12-31,2000-01-03,2009-12-31,2515,-0.0272739614204,-0.625361650436,0.758383673802,10.0013689254,0.272781686466,-0.0663452339864,3570,2000-03-23,2009-03-09,,False,,,2008,-0.333675382957,2009,0.507873597268,-0.459178675945,-0.127023282874,-0.0272739614204,0,0,1.17256902516
BAND_DRAWDOWN,SSO,LAG1,25,drawdown,0.2,0.1,rule,2010_2019,2009-12-31,2010-01-04,2019-12-31,2516,0.16655109738,-0.338616439687,4.66601444855,9.99863107461,0.236347295088,0.74733442326,566,2010-04-23,2010-08-26,2011-02-08,True,166,291,2011,-0.118389736836,2013,0.630699277783,-0.176095217619,0.0975856523957,0.16655109738,0,0,0.907459075304
BAND_DRAWDOWN,SSO,LAG1,25,drawdown,0.2,0.1,rule,2020_latest,2019-12-31,2020-01-02,2026-09-02,1676,0.19984976033,-0.441743289026,3.37245167896,6.67214236824,0.277255613548,0.693577677029,788,2020-02-19,2020-03-23,2020-09-01,True,162,195,2022,-0.313699492719,2021,0.550308494637,-0.32867498717,0.133211649845,,0,0,0.938528205889
BAND_DRAWDOWN,SSO,LAG1,25,drawdown,0.2,0.1,rule,2010_latest,2009-12-31,2010-01-04,2026-09-02,4192,0.179765842383,-0.441743289026,15.7359082611,16.6707734428,0.253466778805,0.721581676657,788,2020-02-19,2020-03-23,2020-09-01,True,162,195,2022,-0.313699492719,2013,0.630699277783,-0.32867498717,0.0255343354894,0.0987557384306,0,0,0.851675937862
NO_RESERVE,SSO,LAG1,50,staged,0.15,0.1,rule,1987_1999,1986-12-31,1987-01-02,1999-12-31,3286,0.232747258461,-0.451575740858,15.1810003351,12.9993155373,0.271685815528,0.704866862631,812,1987-08-25,1987-10-19,1989-07-26,True,646,701,1990,-0.244188754047,1995,0.748832811145,-0.387008345165,0.0271269410366,0.144554783358,0,0,1
NO_RESERVE,SSO,LAG1,50,staged,0.15,0.1,rule,2000_2009,1999-12-31,2000-01-03,2009-12-31,2515,-0.0626012269428,-0.737517333489,0.52384810116,10.0013689254,0.288751559313,-0.175389573635,3653,1999-12-31,2009-03-09,,False,,,2008,-0.381020606361,2009,0.504094465446,-0.514061352669,-0.165208158114,-0.0626012269428,0,0,1
NO_RESERVE,SSO,LAG1,50,staged,0.15,0.1,rule,2010_2019,2009-12-31,2010-01-04,2019-12-31,2516,0.162079355305,-0.356623289448,4.49022967679,9.99863107461,0.248384448929,0.707473773536,634,2010-04-23,2010-08-26,2011-04-26,True,243,368,2011,-0.14454187805,2013,0.705373768395,-0.206930697438,0.0920250826869,0.162079355305,0,0,1
NO_RESERVE,SSO,LAG1,50,staged,0.15,0.1,rule,2020_latest,2019-12-31,2020-01-02,2026-09-02,1676,0.195022714258,-0.470195541636,3.28295369003,6.67214236824,0.29838964092,0.651482708878,884,2020-02-19,2020-03-23,2020-09-02,True,163,196,2022,-0.358094628608,2021,0.604506432733,-0.373049303424,0.124059893842,,0,0,1
NO_RESERVE,SSO,LAG1,50,staged,0.15,0.1,rule,2010_latest,2009-12-31,2010-01-04,2026-09-02,4192,0.175153847841,-0.470195541636,14.7412160865,16.6707734428,0.269461107902,0.679847417459,884,2020-02-19,2020-03-23,2020-09-02,True,163,196,2022,-0.358094628608,2013,0.705373768395,-0.373049303424,0.0116646130434,0.0893563372679,0,0,1
FIXED_90_10,SSO,LAG1,50,staged,0.15,0.1,quarterly,1987_1999,1986-12-31,1987-01-02,1999-12-31,3286,0.217808104363,-0.410103256201,12.9558706443,12.9993155373,0.244053515931,0.705047426611,694,1987-08-25,1987-10-19,1989-07-19,True,639,694,1990,-0.213066960009,1995,0.667541686628,-0.346761020941,0.0332953479,0.138192690619,0,0,0.85342667534
FIXED_90_10,SSO,LAG1,50,staged,0.15,0.1,quarterly,2000_2009,1999-12-31,2000-01-03,2009-12-31,2515,-0.0513847699677,-0.683585452911,0.590023850981,10.0013689254,0.258223805311,-0.182397922934,3653,1999-12-31,2009-03-09,,False,,,2008,-0.347283295043,2009,0.451176736886,-0.473035066518,-0.145292014366,-0.0513847699677,0,0,1.12632621875
FIXED_90_10,SSO,LAG1,50,staged,0.15,0.1,quarterly,2010_2019,2009-12-31,2010-01-04,2019-12-31,2516,0.148228577929,-0.324907831485,3.9829177922,9.99863107461,0.223393540815,0.706226037293,568,2010-04-23,2010-08-26,2011-02-17,True,175,300,2011,-0.129196444396,2013,0.622611399758,-0.187755398842,0.0852707324843,0.148228577929,0,0,0.887018722625
FIXED_90_10,SSO,LAG1,50,staged,0.15,0.1,quarterly,2020_latest,2019-12-31,2020-01-02,2026-09-02,1676,0.182228872625,-0.427438769681,3.05544991515,6.67214236824,0.267855742421,0.65280591566,863,2020-02-19,2020-03-23,2020-09-02,True,163,196,2022,-0.325248203925,2021,0.535238419271,-0.339543650049,0.118315603148,,0,0,0.930701497384
FIXED_90_10,SSO,LAG1,50,staged,0.15,0.1,quarterly,2010_latest,2009-12-31,2010-01-04,2026-09-02,4192,0.161717547957,-0.427438769681,12.1696058302,16.6707734428,0.242123618782,0.679827065351,863,2020-02-19,2020-03-23,2020-09-02,True,163,196,2022,-0.325248203925,2013,0.622611399758,-0.339543650049,0.0162939925621,0.0848836332526,0,0,0.825549653354
FIXED_85_15,SSO,LAG1,50,staged,0.15,0.1,quarterly,1987_1999,1986-12-31,1987-01-02,1999-12-31,3286,0.210071593871,-0.389032780683,11.9257905667,12.9993155373,0.230333840471,0.705070222553,689,1987-08-25,1987-10-19,1989-07-14,True,634,689,1990,-0.197373389506,1995,0.62798841587,-0.326260144535,0.0350290333617,0.134784838623,0,0,0.785573434126
FIXED_85_15,SSO,LAG1,50,staged,0.15,0.1,quarterly,2000_2009,1999-12-31,2000-01-03,2009-12-31,2515,-0.0459439502972,-0.65339049202,0.624756719402,10.0013689254,0.243153234002,-0.185716663879,3653,1999-12-31,2009-03-09,,False,,,2008,-0.329965150941,2009,0.424905586607,-0.451608379059,-0.135353668703,-0.0459439502972,0,0,1.19262953902
FIXED_85_15,SSO,LAG1,50,staged,0.15,0.1,quarterly,2010_2019,2009-12-31,2010-01-04,2019-12-31,2516,0.141126956426,-0.308740173791,3.74335625435,9.99863107461,0.210928717075,0.70555785056,568,2010-04-23,2010-08-26,2011-02-16,True,174,299,2011,-0.121592340828,2013,0.5823228121,-0.178041008378,0.0817149563561,0.141126956426,0,0,0.833666988951
FIXED_85_15,SSO,LAG1,50,staged,0.15,0.1,quarterly,2020_latest,2019-12-31,2020-01-02,2026-09-02,1676,0.175465386658,-0.405719142002,2.94069567491,6.67214236824,0.252737271632,0.653351939255,808,2020-02-19,2020-03-23,2020-09-02,True,163,196,2022,-0.308431176557,2021,0.501380235194,-0.322343187116,0.114938966894,,0,0,0.895746925654
FIXED_85_15,SSO,LAG1,50,staged,0.15,0.1,quarterly,2010_latest,2009-12-31,2010-01-04,2026-09-02,4192,0.154748155838,-0.405719142002,11.0080715468,16.6707734428,0.228537569388,0.67972837318,808,2020-02-19,2020-03-23,2020-09-02,True,163,196,2022,-0.308431176557,2013,0.5823228121,-0.322343187116,0.0181383070444,0.0822589748759,0,0,0.746754642373
HWM_RESERVE,SSO,LAG1,50,staged,0.15,0.1,rule,1987_1999,1986-12-31,1987-01-02,1999-12-31,3286,0.231723559023,-0.44317363004,15.0179368451,12.9993155373,0.266098139461,0.710753948922,812,1987-08-25,1987-10-19,1989-07-19,True,639,694,1990,-0.242453961402,1995,0.739501887161,-0.380151020902,0.029949291667,0.14530383278,0,0,0.989258712444
HWM_RESERVE,SSO,LAG1,50,staged,0.15,0.1,rule,2000_2009,1999-12-31,2000-01-03,2009-12-31,2515,-0.0625687859983,-0.737426468447,0.524029444485,10.0013689254,0.288731028619,-0.175303181688,3653,1999-12-31,2009-03-09,,False,,,2008,-0.381020606361,2009,0.504094465446,-0.514061352669,-0.165208158114,-0.0625687859983,0,0,1.0003461754
HWM_RESERVE,SSO,LAG1,50,staged,0.15,0.1,rule,2010_2019,2009-12-31,2010-01-04,2019-12-31,2516,0.161725752345,-0.356623289448,4.47658715362,9.99863107461,0.246728362384,0.709297699802,634,2010-04-23,2010-08-26,2011-04-26,True,243,368,2011,-0.14454187805,2013,0.705373768395,-0.206525231633,0.0917698703224,0.161725752345,0,0,0.996961731546
HWM_RESERVE,SSO,LAG1,50,staged,0.15,0.1,rule,2020_latest,2019-12-31,2020-01-02,2026-09-02,1676,0.194963268857,-0.466386745015,3.28186423103,6.67214236824,0.294877481205,0.655507002554,863,2020-02-19,2020-03-23,2020-09-02,True,163,196,2022,-0.351155804015,2021,0.583777414626,-0.366001239257,0.125072920898,,0,0,0.999668146705
HWM_RESERVE,SSO,LAG1,50,staged,0.15,0.1,rule,2010_latest,2009-12-31,2010-01-04,2026-09-02,4192,0.174915975864,-0.466386745015,14.6915512565,16.6707734428,0.266991473148,0.682864328024,863,2020-02-19,2020-03-23,2020-09-02,True,163,196,2022,-0.351155804015,2013,0.705373768395,-0.366001239257,0.0123258039763,0.0897141645428,0,0,0.99663088651
ASYMMETRIC_RESERVE_BAND,SSO,LAG1,50,staged,0.2,0.1,rule,1987_1999,1986-12-31,1987-01-02,1999-12-31,3286,0.226057606341,-0.412806817207,14.1442787142,12.9993155373,0.252014130378,0.717375133434,688,1987-08-25,1987-10-19,1989-06-23,True,613,668,1990,-0.231615412484,1995,0.692756653614,-0.355377279266,0.0332912339102,0.143579234439,0,0,0.931709268294
ASYMMETRIC_RESERVE_BAND,SSO,LAG1,50,staged,0.2,0.1,rule,2000_2009,1999-12-31,2000-01-03,2009-12-31,2515,-0.0586030365345,-0.725660195379,0.546628194272,10.0013689254,0.285787441501,-0.165347844591,3653,1999-12-31,2009-03-09,,False,,,2008,-0.380061367136,2009,0.503571735269,-0.512115502393,-0.161868734385,-0.0586030365345,0,0,1.04348606602
ASYMMETRIC_RESERVE_BAND,SSO,LAG1,50,staged,0.2,0.1,rule,2010_2019,2009-12-31,2010-01-04,2019-12-31,2516,0.15321740227,-0.356623289448,4.15936584954,9.99863107461,0.240094888828,0.691455010018,630,2010-04-23,2010-08-26,2011-04-26,True,243,368,2011,-0.14454187805,2013,0.635392178332,-0.199094028981,0.0852853749148,0.15321740227,0,0,0.926314720834
ASYMMETRIC_RESERVE_BAND,SSO,LAG1,50,staged,0.2,0.1,rule,2020_latest,2019-12-31,2020-01-02,2026-09-02,1676,0.186680605704,-0.446221039696,3.13304039246,6.67214236824,0.281446477344,0.648066610049,869,2020-02-19,2020-03-23,2020-09-01,True,162,195,2022,-0.348995687337,2021,0.550308494637,-0.36380490498,0.118168644015,,0,0,0.954335847618
ASYMMETRIC_RESERVE_BAND,SSO,LAG1,50,staged,0.2,0.1,rule,2010_latest,2009-12-31,2010-01-04,2026-09-02,4192,0.166495604098,-0.446221039696,13.0314612136,16.6707734428,0.257396065635,0.670431661657,869,2020-02-19,2020-03-23,2020-09-01,True,162,195,2022,-0.348995687337,2013,0.635392178332,-0.36380490498,0.0119778814958,0.0849804690433,0,0,0.884015344268
HWM_DRAWDOWN,SSO,LAG1,50,drawdown,0.15,0.1,rule,1987_1999,1986-12-31,1987-01-02,1999-12-31,3286,0.221641240308,-0.433152163487,13.4961034541,12.9993155373,0.25353363049,0.700608087043,812,1987-08-25,1987-10-19,1989-07-19,True,639,694,1990,-0.232342572557,1995,0.694656393306,-0.367970205432,0.0311597390813,0.140919065055,0,0,0.889012789421
HWM_DRAWDOWN,SSO,LAG1,50,drawdown,0.15,0.1,rule,2000_2009,1999-12-31,2000-01-03,2009-12-31,2515,-0.0498298267416,-0.699476248993,0.599768351986,10.0013689254,0.27348810547,-0.151372575711,3653,1999-12-31,2009-03-09,,False,,,2008,-0.365917795289,2009,0.504094465446,-0.499931323733,-0.159098708562,-0.0498298267416,0,0,1.14492798706
HWM_DRAWDOWN,SSO,LAG1,50,drawdown,0.15,0.1,rule,2010_2019,2009-12-31,2010-01-04,2019-12-31,2516,0.15871804997,-0.356623289448,4.36204500188,9.99863107461,0.242690996227,0.706284796641,634,2010-04-23,2010-08-26,2011-04-26,True,243,368,2011,-0.14454187805,2013,0.704370312753,-0.200237579155,0.0904158882549,0.15871804997,0,0,0.971452534918
HWM_DRAWDOWN,SSO,LAG1,50,drawdown,0.15,0.1,rule,2020_latest,2019-12-31,2020-01-02,2026-09-02,1676,0.190499973308,-0.443188559789,3.20093806875,6.67214236824,0.279621161893,0.661982645175,863,2020-02-19,2020-03-23,2020-09-02,True,163,196,2022,-0.335549672453,2021,0.565598709244,-0.349978420484,0.120618134338,,0,0,0.975017734326
HWM_DRAWDOWN,SSO,LAG1,50,drawdown,0.15,0.1,rule,2010_latest,2009-12-31,2010-01-04,2026-09-02,4192,0.171335002511,-0.443188559789,13.9626359041,16.6707734428,0.258060782967,0.685445166764,863,2020-02-19,2020-03-23,2020-09-02,True,163,196,2022,-0.335549672453,2013,0.704370312753,-0.349978420484,0.0159077355232,0.0910204894185,0,0,0.947183449601
BAND_DRAWDOWN,SSO,LAG1,50,drawdown,0.2,0.1,rule,1987_1999,1986-12-31,1987-01-02,1999-12-31,3286,0.220504009478,-0.421806466284,13.333694582,12.9993155373,0.249585159402,0.703865535672,689,1987-08-25,1987-10-19,1989-07-14,True,634,689,1990,-0.213672469776,1995,0.689659839613,-0.356249562904,0.0318865954441,0.140507573228,0,0,0.878314622731
BAND_DRAWDOWN,SSO,LAG1,50,drawdown,0.2,0.1,rule,2000_2009,1999-12-31,2000-01-03,2009-12-31,2515,-0.0463133286428,-0.688165477418,0.62234175194,10.0013689254,0.273021229348,-0.138570397321,3653,1999-12-31,2009-03-09,,False,,,2008,-0.336895255126,2009,0.504094465446,-0.472234044965,-0.147859993749,-0.0463133286428,0,0,1.18801948611
BAND_DRAWDOWN,SSO,LAG1,50,drawdown,0.2,0.1,rule,2010_2019,2009-12-31,2010-01-04,2019-12-31,2516,0.151574636849,-0.356623289448,4.10050179659,9.99863107461,0.236614944064,0.692052276761,634,2010-04-23,2010-08-26,2011-04-26,True,243,368,2011,-0.14454187805,2013,0.630699277783,-0.199083442726,0.0860934005495,0.151574636849,0,0,0.913205357352
BAND_DRAWDOWN,SSO,LAG1,50,drawdown,0.2,0.1,rule,2020_latest,2019-12-31,2020-01-02,2026-09-02,1676,0.184729251749,-0.448308611398,3.09882601787,6.67214236824,0.277524363433,0.647314733962,863,2020-02-19,2020-03-23,2020-09-02,True,163,196,2022,-0.337440447127,2021,0.550308494637,-0.351913527084,0.117653273533,,0,0,0.943914020864
BAND_DRAWDOWN,SSO,LAG1,50,drawdown,0.2,0.1,rule,2010_latest,2009-12-31,2010-01-04,2026-09-02,4192,0.164731265311,-0.448308611398,12.7067416536,16.6707734428,0.25373407105,0.670416033652,863,2020-02-19,2020-03-23,2020-09-02,True,163,196,2022,-0.337440447127,2013,0.630699277783,-0.351913527084,0.0110009728234,0.0833712655776,0,0,0.861987340732
NO_RESERVE,SSO,LAG2,0,staged,0.15,0.1,rule,1987_1999,1986-12-31,1987-01-02,1999-12-31,3286,0.222337736767,-0.591147008692,13.5964702874,12.9993155373,0.28856094798,0.658646883052,1588,1987-08-25,1987-10-19,1991-12-30,True,1533,1588,1987,-0.203385930766,1995,0.748832811145,-0.537633543021,-0.00222384209028,0.1293723021,0,0,1
NO_RESERVE,SSO,LAG2,0,staged,0.15,0.1,rule,2000_2009,1999-12-31,2000-01-03,2009-12-31,2515,-0.014973718345,-0.641205400488,0.85994210158,10.0013689254,0.288594477834,-0.00366872822917,2317,2007-07-13,2009-03-09,,False,,,2008,-0.385725479694,2003,0.584286557457,-0.522092100889,-0.117821238131,-0.014973718345,0,0,1
NO_RESERVE,SSO,LAG2,0,staged,0.15,0.1,rule,2010_2019,2009-12-31,2010-01-04,2019-12-31,2516,0.183137822638,-0.32703282621,5.37345234285,9.99863107461,0.248780685575,0.779090763645,566,2010-04-23,2010-08-26,2011-02-07,True,165,290,2018,-0.126301804017,2013,0.705373768395,-0.210157134075,0.0952559732918,0.183137822638,0,0,1
NO_RESERVE,SSO,LAG2,0,staged,0.15,0.1,rule,2020_latest,2019-12-31,2020-01-02,2026-09-02,1676,0.22527243853,-0.412174243066,3.87883136992,6.67214236824,0.298127177026,0.735817204698,794,2020-02-19,2020-03-23,2020-08-24,True,154,187,2022,-0.337761997233,2021,0.604506432733,-0.353176552524,0.140443437994,,0,0,1
NO_RESERVE,SSO,LAG2,0,staged,0.15,0.1,rule,2010_latest,2009-12-31,2010-01-04,2026-09-02,4192,0.199824602426,-0.412174243066,20.8427155122,16.6707734428,0.269565443094,0.756916376571,794,2020-02-19,2020-03-23,2020-08-24,True,154,187,2022,-0.337761997233,2013,0.705373768395,-0.353176552524,0.0389974479918,0.120675980929,0,0,1
FIXED_90_10,SSO,LAG2,0,staged,0.15,0.1,quarterly,1987_1999,1986-12-31,1987-01-02,1999-12-31,3286,0.210538039611,-0.535086956318,11.9856871947,12.9993155373,0.257583101229,0.663433781292,1582,1987-08-25,1987-10-19,1991-12-24,True,1527,1582,1990,-0.152518292166,1995,0.66795602684,-0.483466924113,0.0118216999428,0.126795075772,0,0,0.881529319108
FIXED_90_10,SSO,LAG2,0,staged,0.15,0.1,quarterly,2000_2009,1999-12-31,2000-01-03,2009-12-31,2515,-0.00846583258729,-0.597015007858,0.918484406752,10.0013689254,0.257954060524,-0.0110528813443,2203,2007-07-13,2009-03-09,,False,,,2008,-0.351469534501,2003,0.520355969493,-0.480237982776,-0.101801065663,-0.00846583258729,0,0,1.06807703108
FIXED_90_10,SSO,LAG2,0,staged,0.15,0.1,quarterly,2010_2019,2009-12-31,2010-01-04,2019-12-31,2516,0.167572751756,-0.296653088808,4.70703474543,9.99863107461,0.223551531018,0.780769815961,566,2010-04-23,2010-08-26,2011-02-07,True,165,290,2018,-0.106816276793,2013,0.621224702984,-0.190413937857,0.0887739423512,0.167572751756,0,0,0.875979620754
FIXED_90_10,SSO,LAG2,0,staged,0.15,0.1,quarterly,2020_latest,2019-12-31,2020-01-02,2026-09-02,1676,0.209102079125,-0.373577432159,3.54980635345,6.67214236824,0.267769386851,0.737076579101,788,2020-02-19,2020-03-23,2020-08-18,True,148,181,2022,-0.305885392135,2021,0.534984451852,-0.320514716653,0.132841532331,,0,0,0.915174189054
FIXED_90_10,SSO,LAG2,0,staged,0.15,0.1,quarterly,2010_latest,2009-12-31,2010-01-04,2026-09-02,4192,0.184020025782,-0.373577432159,16.7090618452,16.6707734428,0.242173923943,0.758424380369,788,2020-02-19,2020-03-23,2020-08-18,True,148,181,2022,-0.305885392135,2013,0.621224702984,-0.320514716653,0.040936046892,0.113110937398,0,0,0.801673939051
FIXED_85_15,SSO,LAG2,0,staged,0.15,0.1,quarterly,1987_1999,1986-12-31,1987-01-02,1999-12-31,3286,0.204095625433,-0.506770531625,11.1824640854,12.9993155373,0.242432072846,0.665779645373,1331,1987-08-25,1987-10-19,1991-04-17,True,1276,1331,1990,-0.139432406816,1995,0.628564744253,-0.45590762385,0.0180817638083,0.124983826672,0,0,0.822453463952
FIXED_85_15,SSO,LAG2,0,staged,0.15,0.1,quarterly,2000_2009,1999-12-31,2000-01-03,2009-12-31,2515,-0.00539252954133,-0.573351388384,0.947357623207,10.0013689254,0.242838568354,-0.0145888313015,2198,2007-07-19,2009-03-09,,False,,,2008,-0.333891036796,2003,0.488939735926,-0.45838357192,-0.0938877888247,-0.00539252954133,0,0,1.10165279903
FIXED_85_15,SSO,LAG2,0,staged,0.15,0.1,quarterly,2010_2019,2009-12-31,2010-01-04,2019-12-31,2516,0.159566783008,-0.281275979689,4.39409704633,9.99863107461,0.210987916128,0.781545027736,566,2010-04-23,2010-08-26,2011-02-07,True,165,290,2018,-0.0974688206433,2013,0.580391735877,-0.180432124288,0.0852932613525,0.159566783008,0,0,0.817741884728
FIXED_85_15,SSO,LAG2,0,staged,0.15,0.1,quarterly,2020_latest,2019-12-31,2020-01-02,2026-09-02,1676,0.20067870332,-0.354068682789,3.3880278195,6.67214236824,0.252711309346,0.737594074144,780,2020-02-19,2020-03-23,2020-08-12,True,142,175,2022,-0.289621372798,2021,0.50102215446,-0.303807026488,0.12878878948,,0,0,0.873466128425
FIXED_85_15,SSO,LAG2,0,staged,0.15,0.1,quarterly,2010_latest,2009-12-31,2010-01-04,2026-09-02,4192,0.175849290934,-0.354068682789,14.8873230346,16.6707734428,0.228559804611,0.759084490734,780,2020-02-19,2020-03-23,2020-08-12,True,142,175,2022,-0.289621372798,2013,0.580391735877,-0.303807026488,0.041447585053,0.108936597577,0,0,0.714269838104
HWM_RESERVE,SSO,LAG2,0,staged,0.15,0.1,rule,1987_1999,1986-12-31,1987-01-02,1999-12-31,3286,0.222046724304,-0.580178297198,13.5544511832,12.9993155373,0.282423775072,0.665048430047,1588,1987-08-25,1987-10-19,1991-12-30,True,1533,1588,1987,-0.189714137978,1995,0.739850956148,-0.527970551323,0.00194822688037,0.131021642728,0,0,0.996909557904
HWM_RESERVE,SSO,LAG2,0,staged,0.15,0.1,rule,2000_2009,1999-12-31,2000-01-03,2009-12-31,2515,-0.0147685640781,-0.640099243153,0.861735053013,10.0013689254,0.288269629054,-0.00327809259643,2317,2007-07-13,2009-03-09,,False,,,2008,-0.38555924994,2003,0.584286557457,-0.521765275874,-0.117478184632,-0.0147685640781,0,0,1.00208496762
HWM_RESERVE,SSO,LAG2,0,staged,0.15,0.1,rule,2010_2019,2009-12-31,2010-01-04,2019-12-31,2516,0.181305964685,-0.32703282621,5.2908434262,9.99863107461,0.246158576405,0.778410554415,566,2010-04-23,2010-08-26,2011-02-07,True,165,290,2018,-0.1239024032,2013,0.693462180041,-0.209637182999,0.0937412808072,0.181305964685,0,0,0.984626472633
HWM_RESERVE,SSO,LAG2,0,staged,0.15,0.1,rule,2020_latest,2019-12-31,2020-01-02,2026-09-02,1676,0.224320470446,-0.408165774641,3.85876822191,6.67214236824,0.293817651564,0.73957935224,788,2020-02-19,2020-03-23,2020-08-21,True,151,184,2022,-0.330522213356,2021,0.579523175863,-0.345793246656,0.14121408902,,0,0,0.994827527649
HWM_RESERVE,SSO,LAG2,0,staged,0.15,0.1,rule,2010_latest,2009-12-31,2010-01-04,2026-09-02,4192,0.198337234318,-0.408165774641,20.4161384801,16.6707734428,0.266208937693,0.758374518969,788,2020-02-19,2020-03-23,2020-08-21,True,151,184,2022,-0.330522213356,2013,0.693462180041,-0.345793246656,0.0394378863491,0.119596222414,0,0,0.979533519427
ASYMMETRIC_RESERVE_BAND,SSO,LAG2,0,staged,0.2,0.1,rule,1987_1999,1986-12-31,1987-01-02,1999-12-31,3286,0.220079998343,-0.540061932896,13.2736043279,12.9993155373,0.268337732917,0.676919956876,1459,1987-08-25,1987-10-19,1991-08-23,True,1404,1459,1990,-0.178692139013,1995,0.698838747604,-0.492650822818,0.0182201752924,0.1335753129,0,0,0.976253692858
ASYMMETRIC_RESERVE_BAND,SSO,LAG2,0,staged,0.2,0.1,rule,2000_2009,1999-12-31,2000-01-03,2009-12-31,2515,-0.0144394421889,-0.635017380227,0.8646184521,10.0013689254,0.286422705059,-0.0040071997558,2317,2007-07-13,2009-03-09,,False,,,2008,-0.384807325622,2003,0.584286557457,-0.520283909524,-0.116977228898,-0.0144394421889,0,0,1.00543798299
ASYMMETRIC_RESERVE_BAND,SSO,LAG2,0,staged,0.2,0.1,rule,2010_2019,2009-12-31,2010-01-04,2019-12-31,2516,0.175239853665,-0.32703282621,5.02538230655,9.99863107461,0.240831647576,0.76878260338,566,2010-04-23,2010-08-26,2011-02-07,True,165,290,2018,-0.124814777158,2013,0.643533641474,-0.199493722005,0.0900647273388,0.175239853665,0,0,0.935224132627
ASYMMETRIC_RESERVE_BAND,SSO,LAG2,0,staged,0.2,0.1,rule,2020_latest,2019-12-31,2020-01-02,2026-09-02,1676,0.216495918371,-0.388080516093,3.69717846402,6.67214236824,0.281451752762,0.736432095764,788,2020-02-19,2020-03-23,2020-08-12,True,142,175,2022,-0.329597690221,2021,0.552618568645,-0.344848875342,0.135450470967,,0,0,0.953168135301
ASYMMETRIC_RESERVE_BAND,SSO,LAG2,0,staged,0.2,0.1,rule,2010_latest,2009-12-31,2010-01-04,2026-09-02,4192,0.191581121312,-0.388080516093,18.5797352372,16.6707734428,0.257811983294,0.752466315397,788,2020-02-19,2020-03-23,2020-08-12,True,142,175,2022,-0.329597690221,2013,0.643533641474,-0.344848875342,0.0406480259823,0.116739945941,0,0,0.891425842585
HWM_DRAWDOWN,SSO,LAG2,0,drawdown,0.15,0.1,rule,1987_1999,1986-12-31,1987-01-02,1999-12-31,3286,0.212096011869,-0.566915471016,12.1877661222,12.9993155373,0.269331429102,0.652663576022,1588,1987-08-25,1987-12-04,1991-12-30,True,1487,1588,1987,-0.171187632368,1995,0.695273768852,-0.512467430887,0.00459802161208,0.127166451087,0,0,0.89639192118
HWM_DRAWDOWN,SSO,LAG2,0,drawdown,0.15,0.1,rule,2000_2009,1999-12-31,2000-01-03,2009-12-31,2515,-0.00231376477659,-0.620029508704,0.977098681235,10.0013689254,0.271216086264,0.0252648328888,2153,2007-07-13,2009-03-09,,False,,,2008,-0.360189531518,2003,0.546210431443,-0.497304458287,-0.109746816266,-0.00231376477659,0,0,1.13623775303
HWM_DRAWDOWN,SSO,LAG2,0,drawdown,0.15,0.1,rule,2010_2019,2009-12-31,2010-01-04,2019-12-31,2516,0.176256586055,-0.32703282621,5.06902191961,9.99863107461,0.239755616539,0.774739356842,566,2010-04-23,2010-08-26,2011-02-07,True,165,290,2018,-0.112479989507,2013,0.686577567613,-0.198356810143,0.0925328908678,0.176256586055,0,0,0.943345468832
HWM_DRAWDOWN,SSO,LAG2,0,drawdown,0.15,0.1,rule,2020_latest,2019-12-31,2020-01-02,2026-09-02,1676,0.216199029465,-0.382361182313,3.69116231695,6.67214236824,0.275507730397,0.745382287756,788,2020-02-19,2020-03-23,2020-08-12,True,142,175,2022,-0.312677791469,2021,0.558178686225,-0.327415116394,0.134426311536,,0,0,0.951617114775
HWM_DRAWDOWN,SSO,LAG2,0,drawdown,0.15,0.1,rule,2010_latest,2009-12-31,2010-01-04,2026-09-02,4192,0.192082839974,-0.382361182313,18.7105826934,16.6707734428,0.254623948837,0.760301625196,788,2020-02-19,2020-03-23,2020-08-12,True,142,175,2022,-0.312677791469,2013,0.686577567613,-0.327415116394,0.0402093834622,0.118892521487,0,0,0.897703693286
BAND_DRAWDOWN,SSO,LAG2,0,drawdown,0.2,0.1,rule,1987_1999,1986-12-31,1987-01-02,1999-12-31,3286,0.211358754107,-0.553168605039,12.0917503224,12.9993155373,0.26543157598,0.655129155703,1584,1987-08-25,1987-12-04,1991-12-26,True,1483,1584,1987,-0.173639628457,1995,0.679053323602,-0.49804689225,0.00887406117422,0.127336891483,0,0,0.889330103097
BAND_DRAWDOWN,SSO,LAG2,0,drawdown,0.2,0.1,rule,2000_2009,1999-12-31,2000-01-03,2009-12-31,2515,-0.000637752618934,-0.605940451642,0.993639877736,10.0013689254,0.270761268928,0.0310431063059,2175,2007-07-13,2009-03-09,,False,,,2008,-0.343662784732,2003,0.552679363912,-0.480940439319,-0.104108278722,-0.000637752618934,0,0,1.15547299744
BAND_DRAWDOWN,SSO,LAG2,0,drawdown,0.2,0.1,rule,2010_2019,2009-12-31,2010-01-04,2019-12-31,2516,0.171976590885,-0.32703282621,4.88759291542,9.99863107461,0.238710055551,0.761783506023,566,2010-04-23,2010-08-26,2011-02-07,True,165,290,2018,-0.115228257049,2013,0.644417770435,-0.198780274433,0.0891847077107,0.171976590885,0,0,0.909581513628
BAND_DRAWDOWN,SSO,LAG2,0,drawdown,0.2,0.1,rule,2020_latest,2019-12-31,2020-01-02,2026-09-02,1676,0.212454778167,-0.390218837222,3.61600029068,6.67214236824,0.276856025005,0.731944679081,788,2020-02-19,2020-03-23,2020-08-12,True,142,175,2022,-0.318366275136,2021,0.552618568645,-0.333259162855,0.132839891374,,0,0,0.932239622148
BAND_DRAWDOWN,SSO,LAG2,0,drawdown,0.2,0.1,rule,2010_latest,2009-12-31,2010-01-04,2026-09-02,4192,0.188012397153,-0.390218837222,17.6735374029,16.6707734428,0.254619123627,0.746853258685,788,2020-02-19,2020-03-23,2020-08-12,True,142,175,2022,-0.318366275136,2013,0.644417770435,-0.333259162855,0.0363333680788,0.113568342745,0,0,0.847947926578
NO_RESERVE,SSO,LAG2,10,staged,0.15,0.1,rule,1987_1999,1986-12-31,1987-01-02,1999-12-31,3286,0.217361759812,-0.591302215478,12.89427873,12.9993155373,0.28857012242,0.644535342293,1592,1987-08-25,1987-12-04,1992-01-03,True,1491,1592,1987,-0.204978362291,1995,0.748832811145,-0.538553410671,-0.00739927410148,0.124637169092,0,0,1
NO_RESERVE,SSO,LAG2,10,staged,0.15,0.1,rule,2000_2009,1999-12-31,2000-01-03,2009-12-31,2515,-0.0232162661087,-0.647256355743,0.790624417547,10.0013689254,0.288536138803,-0.0329054495376,2581,2007-07-13,2009-03-09,,False,,,2008,-0.386953414461,2003,0.573229766178,-0.527298075477,-0.126779402668,-0.0232162661087,0,0,1
NO_RESERVE,SSO,LAG2,10,staged,0.15,0.1,rule,2010_2019,2009-12-31,2010-01-04,2019-12-31,2516,0.176762047713,-0.334398562745,5.09084372603,9.99863107461,0.248860999496,0.757171000591,568,2010-04-23,2010-08-26,2011-02-11,True,169,294,2018,-0.134133707926,2013,0.705373768395,-0.217242179421,0.0902261697184,0.176762047713,0,0,1
NO_RESERVE,SSO,LAG2,10,staged,0.15,0.1,rule,2020_latest,2019-12-31,2020-01-02,2026-09-02,1676,0.218675910581,-0.415107499468,3.74160963654,6.67214236824,0.298162254149,0.71759991382,807,2020-02-19,2020-03-23,2020-08-24,True,154,187,2022,-0.3476263327,2021,0.604506432733,-0.362817830899,0.13361692953,,0,0,1
NO_RESERVE,SSO,LAG2,10,staged,0.15,0.1,rule,2010_latest,2009-12-31,2010-01-04,2026-09-02,4192,0.193361375628,-0.415107499468,19.0479499434,16.6707734428,0.269625426541,0.736728142627,807,2020-02-19,2020-03-23,2020-08-24,True,154,187,2022,-0.3476263327,2013,0.705373768395,-0.362817830899,0.0325750183999,0.114081071101,0,0,1
FIXED_90_10,SSO,LAG2,10,staged,0.15,0.1,quarterly,1987_1999,1986-12-31,1987-01-02,1999-12-31,3286,0.206092809454,-0.535091947464,11.4259880483,12.9993155373,0.257592107568,0.649174292586,1584,1987-08-25,1987-10-19,1991-12-26,True,1529,1584,1990,-0.165306709019,1995,0.667885468322,-0.484392282301,0.00710740143471,0.122543386605,0,0,0.886128513859
FIXED_90_10,SSO,LAG2,10,staged,0.15,0.1,quarterly,2000_2009,1999-12-31,2000-01-03,2009-12-31,2515,-0.0159102385514,-0.603079648062,0.851799927923,10.0013689254,0.257903963438,-0.0403817995184,2518,2007-07-13,2009-03-09,,False,,,2008,-0.352667332815,2003,0.510746812162,-0.485287060448,-0.109964946221,-0.0159102385514,0,0,1.07737619661
FIXED_90_10,SSO,LAG2,10,staged,0.15,0.1,quarterly,2010_2019,2009-12-31,2010-01-04,2019-12-31,2516,0.16189109623,-0.303524144111,4.48296171392,9.99863107461,0.223623641742,0.75873948058,568,2010-04-23,2010-08-26,2011-02-08,True,166,291,2018,-0.113929031721,2013,0.621181349124,-0.196971706868,0.0842780203982,0.16189109623,0,0,0.880593071635
FIXED_90_10,SSO,LAG2,10,staged,0.15,0.1,quarterly,2020_latest,2019-12-31,2020-01-02,2026-09-02,1676,0.203227695885,-0.376342680959,3.43630808301,6.67214236824,0.267802407938,0.718770227145,799,2020-02-19,2020-03-23,2020-08-21,True,151,184,2022,-0.315153691639,2021,0.534919292098,-0.329593847925,0.126734324551,,0,0,0.91840368633
FIXED_90_10,SSO,LAG2,10,staged,0.15,0.1,quarterly,2010_latest,2009-12-31,2010-01-04,2026-09-02,4192,0.178262003862,-0.376342680959,15.4048375734,16.6707734428,0.24222846164,0.738134428238,799,2020-02-19,2020-03-23,2020-08-21,True,151,184,2022,-0.315153691639,2013,0.621181349124,-0.329593847925,0.0351548415665,0.107205814699,0,0,0.808739923146
FIXED_85_15,SSO,LAG2,10,staged,0.15,0.1,quarterly,1987_1999,1986-12-31,1987-01-02,1999-12-31,3286,0.199914141152,-0.506778078084,10.6880396247,12.9993155373,0.242440608115,0.651452573584,1464,1987-08-25,1987-10-19,1991-08-28,True,1409,1464,1990,-0.151662203022,1995,0.628466675884,-0.456829957978,0.0136051461052,0.120974189197,0,0,0.828897827366
FIXED_85_15,SSO,LAG2,10,staged,0.15,0.1,quarterly,2000_2009,1999-12-31,2000-01-03,2009-12-31,2515,-0.012434897999,-0.579390105987,0.882368321389,10.0013689254,0.24279237635,-0.0439601866695,2317,2007-07-19,2009-03-09,,False,,,2008,-0.335067657586,2003,0.480023851202,-0.463330375189,-0.101645146432,-0.012434897999,0,0,1.11603980576
FIXED_85_15,SSO,LAG2,10,staged,0.15,0.1,quarterly,2010_2019,2009-12-31,2010-01-04,2019-12-31,2516,0.154228054832,-0.287880573377,4.19595661108,9.99863107461,0.211055957382,0.759459142374,568,2010-04-23,2010-08-26,2011-02-08,True,166,291,2018,-0.104214208944,2013,0.580331555318,-0.186712400702,0.0810620253315,0.154228054832,0,0,0.824216345442
FIXED_85_15,SSO,LAG2,10,staged,0.15,0.1,quarterly,2020_latest,2019-12-31,2020-01-02,2026-09-02,1676,0.19516107532,-0.356738882913,3.28549063121,6.67214236824,0.252743147648,0.71924600422,794,2020-02-19,2020-03-23,2020-08-18,True,148,181,2022,-0.29856343232,2021,0.500931215667,-0.312576485158,0.123057466738,,0,0,0.878095512455
FIXED_85_15,SSO,LAG2,10,staged,0.15,0.1,quarterly,2010_latest,2009-12-31,2010-01-04,2026-09-02,4192,0.170439666332,-0.356738882913,13.7857761347,16.6707734428,0.228611565991,0.738745147481,794,2020-02-19,2020-03-23,2020-08-18,True,148,181,2022,-0.29856343232,2013,0.580331555318,-0.312576485158,0.0359888187102,0.103375145611,0,0,0.723740674225
HWM_RESERVE,SSO,LAG2,10,staged,0.15,0.1,rule,1987_1999,1986-12-31,1987-01-02,1999-12-31,3286,0.217131925251,-0.580198913515,12.8626689591,12.9993155373,0.282456085086,0.650773699652,1588,1987-08-25,1987-12-04,1991-12-30,True,1487,1588,1990,-0.19254323132,1995,0.740369021377,-0.528885958199,-0.00325767712897,0.126319556982,0,0,0.997548542924
HWM_RESERVE,SSO,LAG2,10,staged,0.15,0.1,rule,2000_2009,1999-12-31,2000-01-03,2009-12-31,2515,-0.0230447153848,-0.646577128397,0.792014264945,10.0013689254,0.288354706158,-0.0324997029903,2581,2007-07-13,2009-03-09,,False,,,2008,-0.386851828353,2003,0.573229766178,-0.527096996972,-0.126514632861,-0.0230447153848,0,0,1.00175791105
HWM_RESERVE,SSO,LAG2,10,staged,0.15,0.1,rule,2010_2019,2009-12-31,2010-01-04,2019-12-31,2516,0.175031000519,-0.334398562745,5.01646000423,9.99863107461,0.246276616041,0.756494070246,568,2010-04-23,2010-08-26,2011-02-11,True,169,294,2018,-0.131608754374,2013,0.693741105045,-0.216714295891,0.0888263201608,0.175031000519,0,0,0.985388724188
HWM_RESERVE,SSO,LAG2,10,staged,0.15,0.1,rule,2020_latest,2019-12-31,2020-01-02,2026-09-02,1676,0.217853765556,-0.411408822074,3.72480020061,6.67214236824,0.294050953959,0.721157215676,807,2020-02-19,2020-03-23,2020-08-24,True,154,187,2022,-0.34035614679,2021,0.579748690268,-0.35541304343,0.134521797556,,0,0,0.995507431944
HWM_RESERVE,SSO,LAG2,10,staged,0.15,0.1,rule,2010_latest,2009-12-31,2010-01-04,2026-09-02,4192,0.191986197149,-0.411408822074,18.6853112301,16.6707734428,0.266377364906,0.738068804187,807,2020-02-19,2020-03-23,2020-08-24,True,154,187,2022,-0.34035614679,2013,0.693741105045,-0.35541304343,0.0330552197131,0.113050723527,0,0,0.980961798283
ASYMMETRIC_RESERVE_BAND,SSO,LAG2,10,staged,0.2,0.1,rule,1987_1999,1986-12-31,1987-01-02,1999-12-31,3286,0.215112967161,-0.540061932896,12.5880542085,12.9993155373,0.268351053339,0.661736506892,1584,1987-08-25,1987-10-19,1991-12-26,True,1529,1584,1990,-0.19254323132,1995,0.698665902734,-0.49354061705,0.0129137656208,0.128784910066,0,0,0.976251132162
ASYMMETRIC_RESERVE_BAND,SSO,LAG2,10,staged,0.2,0.1,rule,2000_2009,1999-12-31,2000-01-03,2009-12-31,2515,-0.0226578357132,-0.641023687458,0.795156711096,10.0013689254,0.286366808635,-0.0333600326476,2581,2007-07-13,2009-03-09,,False,,,2008,-0.386035072274,2003,0.573229766178,-0.525476984496,-0.12588885248,-0.0226578357132,0,0,1.00573254942
ASYMMETRIC_RESERVE_BAND,SSO,LAG2,10,staged,0.2,0.1,rule,2010_2019,2009-12-31,2010-01-04,2019-12-31,2516,0.168919581851,-0.334398562745,4.76160700299,9.99863107461,0.240912311536,0.746185988772,566,2010-04-23,2010-08-26,2011-02-11,True,169,294,2018,-0.132394057485,2013,0.643048329938,-0.206381965923,0.0851639917724,0.168919581851,0,0,0.935327670469
ASYMMETRIC_RESERVE_BAND,SSO,LAG2,10,staged,0.2,0.1,rule,2020_latest,2019-12-31,2020-01-02,2026-09-02,1676,0.210033309486,-0.390918713928,3.56808789671,6.67214236824,0.281488254419,0.717385616068,807,2020-02-19,2020-03-23,2020-08-12,True,142,175,2022,-0.339374599987,2021,0.552618568645,-0.354409863415,0.128725728306,,0,0,0.953623772471
ASYMMETRIC_RESERVE_BAND,SSO,LAG2,10,staged,0.2,0.1,rule,2010_latest,2009-12-31,2010-01-04,2026-09-02,4192,0.185204147101,-0.390918713928,16.9898323163,16.6707734428,0.257873136624,0.731491073594,807,2020-02-19,2020-03-23,2020-08-12,True,142,175,2022,-0.339374599987,2013,0.643048329938,-0.354409863415,0.0344120610729,0.11021972983,0,0,0.891950701609
HWM_DRAWDOWN,SSO,LAG2,10,drawdown,0.15,0.1,rule,1987_1999,1986-12-31,1987-01-02,1999-12-31,3286,0.207754251122,-0.5674797508,11.6322937619,12.9993155373,0.269639591061,0.638963379257,1588,1987-08-25,1987-12-04,1991-12-30,True,1487,1588,1990,-0.183834345958,1995,0.69764956946,-0.513551443542,-0.000477196555292,0.122862140487,0,0,0.902128300894
HWM_DRAWDOWN,SSO,LAG2,10,drawdown,0.15,0.1,rule,2000_2009,1999-12-31,2000-01-03,2009-12-31,2515,-0.0107330930816,-0.628535149792,0.897694154017,10.0013689254,0.271908869202,-0.00533000784692,2266,2007-07-13,2009-03-09,,False,,,2008,-0.364375418005,2003,0.536844212333,-0.505335996163,-0.119333372009,-0.0107330930816,0,0,1.13542427238
HWM_DRAWDOWN,SSO,LAG2,10,drawdown,0.15,0.1,rule,2010_2019,2009-12-31,2010-01-04,2019-12-31,2516,0.170618713762,-0.334398562745,4.83126622666,9.99863107461,0.240275984959,0.753556240354,568,2010-04-23,2010-08-26,2011-02-11,True,169,294,2018,-0.120141065212,2013,0.690052857628,-0.205659093329,0.0875349392421,0.170618713762,0,0,0.949010907948
HWM_DRAWDOWN,SSO,LAG2,10,drawdown,0.15,0.1,rule,2020_latest,2019-12-31,2020-01-02,2026-09-02,1676,0.210480283976,-0.386311255757,3.57689111069,6.67214236824,0.276211216069,0.727071757416,806,2020-02-19,2020-03-23,2020-08-12,True,142,175,2022,-0.322511675604,2021,0.559193147813,-0.337065855755,0.128427149847,,0,0,0.955976560396
HWM_DRAWDOWN,SSO,LAG2,10,drawdown,0.15,0.1,rule,2010_latest,2009-12-31,2010-01-04,2026-09-02,4192,0.186412487529,-0.386311255757,17.2809132195,16.6707734428,0.255222233792,0.740396542641,806,2020-02-19,2020-03-23,2020-08-12,True,142,175,2022,-0.322511675604,2013,0.690052857628,-0.337065855755,0.0342667975111,0.112848344526,0,0,0.907232183559
BAND_DRAWDOWN,SSO,LAG2,10,drawdown,0.2,0.1,rule,1987_1999,1986-12-31,1987-01-02,1999-12-31,3286,0.206817724219,-0.553578237423,11.5155837524,12.9993155373,0.26544128374,0.641002061661,1588,1987-08-25,1987-12-04,1991-12-30,True,1487,1588,1990,-0.179022430716,1995,0.679053323602,-0.498968960332,0.0039489313266,0.122946046667,0,0,0.893076998997
BAND_DRAWDOWN,SSO,LAG2,10,drawdown,0.2,0.1,rule,2000_2009,1999-12-31,2000-01-03,2009-12-31,2515,-0.00843835429921,-0.611940535588,0.918739012024,10.0013689254,0.270735645665,0.00202048320161,2287,2007-07-13,2009-03-09,,False,,,2008,-0.344931880857,2003,0.542675139286,-0.486029098301,-0.11270380778,-0.00843835429921,0,0,1.16204229421
BAND_DRAWDOWN,SSO,LAG2,10,drawdown,0.2,0.1,rule,2010_2019,2009-12-31,2010-01-04,2019-12-31,2516,0.165870631525,-0.334398562745,4.63887196023,9.99863107461,0.238792280515,0.739692577792,568,2010-04-23,2010-08-26,2011-02-11,True,169,294,2018,-0.122552457099,2013,0.644253328658,-0.205538003799,0.0845064335399,0.165870631525,0,0,0.911218691809
BAND_DRAWDOWN,SSO,LAG2,10,drawdown,0.2,0.1,rule,2020_latest,2019-12-31,2020-01-02,2026-09-02,1676,0.206345452363,-0.393051186583,3.49615536364,6.67214236824,0.276888723065,0.713585406476,807,2020-02-19,2020-03-23,2020-08-18,True,148,181,2022,-0.327888669058,2021,0.552618568645,-0.342579838658,0.126514062887,,0,0,0.934398749002
BAND_DRAWDOWN,SSO,LAG2,10,drawdown,0.2,0.1,rule,2010_latest,2009-12-31,2010-01-04,2026-09-02,4192,0.181904270335,-0.393051186583,16.218217085,16.6707734428,0.254679619989,0.726448873634,807,2020-02-19,2020-03-23,2020-08-18,True,148,181,2022,-0.327888669058,2013,0.644253328658,-0.342579838658,0.0303637700416,0.107252721292,0,0,0.851441605693
NO_RESERVE,SSO,LAG2,25,staged,0.15,0.1,rule,1987_1999,1986-12-31,1987-01-02,1999-12-31,3286,0.209926478522,-0.591915875815,11.9072126292,12.9993155373,0.288609906909,0.623313570524,1919,1987-08-25,1987-12-04,1992-11-25,True,1818,1919,1990,-0.212908261957,1995,0.748832811145,-0.539931502977,-0.0151217527808,0.117562847811,0,0,1
NO_RESERVE,SSO,LAG2,25,staged,0.15,0.1,rule,2000_2009,1999-12-31,2000-01-03,2009-12-31,2515,-0.0354661700803,-0.656152974609,0.696872261472,10.0013689254,0.288501771496,-0.076768261622,2695,2007-07-13,2009-03-09,,False,,,2008,-0.38879301308,2003,0.556768616068,-0.535010466459,-0.140062863491,-0.0354661700803,0,0,1
NO_RESERVE,SSO,LAG2,25,staged,0.15,0.1,rule,2010_2019,2009-12-31,2010-01-04,2019-12-31,2516,0.167250901351,-0.345309817372,4.69407729735,9.99863107461,0.249021077203,0.724202712918,572,2010-04-23,2010-08-26,2011-02-17,True,175,300,2018,-0.145764573772,2013,0.705373768395,-0.227763832597,0.082433719997,0.167250901351,0,0,1
NO_RESERVE,SSO,LAG2,25,staged,0.15,0.1,rule,2020_latest,2019-12-31,2020-01-02,2026-09-02,1676,0.208835389326,-0.419485417651,3.54458549715,6.67214236824,0.298248127303,0.690204913396,884,2020-02-19,2020-03-23,2020-08-24,True,154,187,2022,-0.362166001628,2021,0.604506432733,-0.377028539347,0.123441037208,,0,0,1
NO_RESERVE,SSO,LAG2,25,staged,0.15,0.1,rule,2010_latest,2009-12-31,2010-01-04,2026-09-02,4192,0.183719746818,-0.419485417651,16.6385583107,16.6707734428,0.269752044227,0.706366614649,884,2020-02-19,2020-03-23,2020-08-24,True,154,187,2022,-0.362166001628,2013,0.705373768395,-0.377028539347,0.0230038182865,0.104249159972,0,0,1
FIXED_90_10,SSO,LAG2,25,staged,0.15,0.1,quarterly,1987_1999,1986-12-31,1987-01-02,1999-12-31,3286,0.199448229654,-0.535107689183,10.634217563,12.9993155373,0.25762882852,0.627730437722,1588,1987-08-25,1987-12-04,1991-12-30,True,1487,1588,1990,-0.184149124903,1995,0.667779634661,-0.485778612674,6.93720826108e-05,0.116188905043,0,0,0.893090422935
FIXED_90_10,SSO,LAG2,25,staged,0.15,0.1,quarterly,2000_2009,1999-12-31,2000-01-03,2009-12-31,2515,-0.0269844279644,-0.612015674763,0.760644350741,10.0013689254,0.257876195576,-0.0843807112762,2672,2007-07-13,2009-03-09,,False,,,2008,-0.354461855296,2003,0.496430869703,-0.492777074563,-0.122085242021,-0.0269844279644,0,0,1.09151187785
FIXED_90_10,SSO,LAG2,25,staged,0.15,0.1,quarterly,2010_2019,2009-12-31,2010-01-04,2019-12-31,2516,0.153411012183,-0.313716293754,4.16635319388,9.99863107461,0.223767213627,0.725605825003,572,2010-04-23,2010-08-26,2011-02-16,True,174,299,2018,-0.12450365877,2013,0.621116319754,-0.206719789145,0.0772979433576,0.153411012183,0,0,0.887576605573
FIXED_90_10,SSO,LAG2,25,staged,0.15,0.1,quarterly,2020_latest,2019-12-31,2020-01-02,2026-09-02,1676,0.194459922619,-0.380472235985,3.27265169074,6.67214236824,0.26788148973,0.691242760816,863,2020-02-19,2020-03-23,2020-08-24,True,154,187,2022,-0.328839669054,2021,0.534821556028,-0.343000337007,0.117625114249,,0,0,0.923281916425
FIXED_90_10,SSO,LAG2,25,staged,0.15,0.1,quarterly,2010_latest,2009-12-31,2010-01-04,2026-09-02,4192,0.169667926014,-0.380472235985,13.6350228242,16.6707734428,0.242342945667,0.707621140649,863,2020-02-19,2020-03-23,2020-08-24,True,154,187,2022,-0.328839669054,2013,0.621116319754,-0.343000337007,0.0265336466533,0.0983970616241,0,0,0.819483429368
FIXED_85_15,SSO,LAG2,25,staged,0.15,0.1,quarterly,1987_1999,1986-12-31,1987-01-02,1999-12-31,3286,0.193662674157,-0.506789397772,9.986386153,12.9993155373,0.242475243488,0.629907208911,1584,1987-08-25,1987-10-19,1991-12-26,True,1529,1584,1990,-0.169700417067,1995,0.628319581469,-0.458211792931,0.00692022424955,0.114980317503,0,0,0.838683784695
FIXED_85_15,SSO,LAG2,25,staged,0.15,0.1,quarterly,2000_2009,1999-12-31,2000-01-03,2009-12-31,2515,-0.0229159536574,-0.588297420375,0.793058894215,10.0013689254,0.242767625796,-0.0880216823989,2664,2007-07-19,2009-03-09,,False,,,2008,-0.336830503163,2003,0.46673606675,-0.470673533093,-0.113168802742,-0.0229159536574,0,0,1.13802620374
FIXED_85_15,SSO,LAG2,25,staged,0.15,0.1,quarterly,2010_2019,2009-12-31,2010-01-04,2019-12-31,2516,0.146257716224,-0.297683965802,3.9150883689,9.99863107461,0.211191355687,0.726242397294,572,2010-04-23,2010-08-26,2011-02-14,True,172,297,2018,-0.114248122803,2013,0.580241287288,-0.196052550015,0.0745283521543,0.146257716224,0,0,0.834048551164
FIXED_85_15,SSO,LAG2,25,staged,0.15,0.1,quarterly,2020_latest,2019-12-31,2020-01-02,2026-09-02,1676,0.186923627932,-0.360727618989,3.13732386216,6.67214236824,0.252818640458,0.691656528445,808,2020-02-19,2020-03-23,2020-08-24,True,154,187,2022,-0.311779569181,2021,0.500794814569,-0.325537381835,0.11447825368,,0,0,0.885103170649
FIXED_85_15,SSO,LAG2,25,staged,0.15,0.1,quarterly,2010_latest,2009-12-31,2010-01-04,2026-09-02,4192,0.16236347493,-0.360727618989,12.2829001622,16.6707734428,0.228719936841,0.708158181117,808,2020-02-19,2020-03-23,2020-08-24,True,154,187,2022,-0.311779569181,2013,0.580241287288,-0.325537381835,0.0278458192615,0.095076589267,0,0,0.73821901711
HWM_RESERVE,SSO,LAG2,25,staged,0.15,0.1,rule,1987_1999,1986-12-31,1987-01-02,1999-12-31,3286,0.209784914903,-0.580804947021,11.8891151355,12.9993155373,0.282531032391,0.629301204923,1801,1987-08-25,1987-12-04,1992-07-30,True,1700,1801,1990,-0.212908261957,1995,0.741099818988,-0.530257383188,-0.0110318379126,0.119290922914,0,0,0.998480123414
HWM_RESERVE,SSO,LAG2,25,staged,0.15,0.1,rule,2000_2009,1999-12-31,2000-01-03,2009-12-31,2515,-0.0354275612937,-0.656152974609,0.697151297034,10.0013689254,0.288480651563,-0.0766566684151,2695,2007-07-13,2009-03-09,,False,,,2008,-0.38879301308,2003,0.556768616068,-0.535010466459,-0.140062863491,-0.0354275612937,0,0,1.00040041135
HWM_RESERVE,SSO,LAG2,25,staged,0.15,0.1,rule,2010_2019,2009-12-31,2010-01-04,2019-12-31,2516,0.165905291702,-0.345309817372,4.64025104649,9.99863107461,0.246638417203,0.724085053544,572,2010-04-23,2010-08-26,2011-02-17,True,175,300,2018,-0.143066806978,2013,0.696783231528,-0.227225182648,0.0816099666856,0.165905291702,0,0,0.988533156263
HWM_RESERVE,SSO,LAG2,25,staged,0.15,0.1,rule,2020_latest,2019-12-31,2020-01-02,2026-09-02,1676,0.20818480967,-0.416266206511,3.53187679375,6.67214236824,0.294438771001,0.693435862796,863,2020-02-19,2020-03-23,2020-08-24,True,154,187,2022,-0.354859502961,2021,0.580091995107,-0.369600329082,0.124522630971,,0,0,0.996414615078
HWM_RESERVE,SSO,LAG2,25,staged,0.15,0.1,rule,2010_latest,2009-12-31,2010-01-04,2026-09-02,4192,0.182646278301,-0.416266206511,16.3887949883,16.6707734428,0.26674916854,0.707855837857,863,2020-02-19,2020-03-23,2020-08-24,True,154,187,2022,-0.354859502961,2013,0.696783231528,-0.369600329082,0.0235299071691,0.103511832273,0,0,0.98498888439
ASYMMETRIC_RESERVE_BAND,SSO,LAG2,25,staged,0.2,0.1,rule,1987_1999,1986-12-31,1987-01-02,1999-12-31,3286,0.207691533272,-0.540141941014,11.6244438799,12.9993155373,0.268397247673,0.63890153997,1588,1987-08-25,1987-12-04,1991-12-30,True,1487,1588,1990,-0.212908261957,1995,0.698406664116,-0.494873859215,0.00499633239217,0.121628687997,0,0,0.976252313784
ASYMMETRIC_RESERVE_BAND,SSO,LAG2,25,staged,0.2,0.1,rule,2000_2009,1999-12-31,2000-01-03,2009-12-31,2515,-0.034872215593,-0.649859077818,0.701176063471,10.0013689254,0.286335960713,-0.0773962281621,2698,2007-07-13,2009-03-09,,False,,,2008,-0.38787440337,2003,0.556768616068,-0.533170989218,-0.139104232251,-0.034872215593,0,0,1.00617588364
ASYMMETRIC_RESERVE_BAND,SSO,LAG2,25,staged,0.2,0.1,rule,2010_2019,2009-12-31,2010-01-04,2019-12-31,2516,0.159491439641,-0.345309817372,4.39124318751,9.99863107461,0.241072883217,0.712202473171,568,2010-04-23,2010-08-26,2011-02-17,True,175,300,2018,-0.143653603319,2013,0.642320541736,-0.216615295849,0.0778455148539,0.159491439641,0,0,0.935485913279
ASYMMETRIC_RESERVE_BAND,SSO,LAG2,25,staged,0.2,0.1,rule,2020_latest,2019-12-31,2020-01-02,2026-09-02,1676,0.200392228883,-0.406283425689,3.38263795962,6.67214236824,0.281576097867,0.688743951622,863,2022-01-03,2023-03-13,2024-05-15,True,429,863,2022,-0.353790734435,2021,0.552618568645,-0.368507442305,0.118701153703,,0,0,0.954311290372
ASYMMETRIC_RESERVE_BAND,SSO,LAG2,25,staged,0.2,0.1,rule,2010_latest,2009-12-31,2010-01-04,2026-09-02,4192,0.175691178825,-0.406283425689,14.853985896,16.6707734428,0.258001496343,0.69994733074,863,2022-01-03,2023-03-13,2024-05-15,True,429,863,2022,-0.353790734435,2013,0.642320541736,-0.368507442305,0.0251170359631,0.100498997771,0,0,0.892744769025
HWM_DRAWDOWN,SSO,LAG2,25,drawdown,0.15,0.1,rule,1987_1999,1986-12-31,1987-01-02,1999-12-31,3286,0.201247634687,-0.568326888248,10.8434775936,12.9993155373,0.270135440485,0.618358545883,1603,1987-08-25,1987-12-04,1992-01-14,True,1502,1603,1990,-0.203716358091,1995,0.701257999297,-0.515176557258,-0.00805737679383,0.116411721959,0,0,0.910664647666
HWM_DRAWDOWN,SSO,LAG2,25,drawdown,0.15,0.1,rule,2000_2009,1999-12-31,2000-01-03,2009-12-31,2515,-0.0233998490184,-0.641299196803,0.789139521109,10.0013689254,0.272939832047,-0.0515773378013,2589,2007-07-13,2009-03-09,,False,,,2008,-0.370858625141,2003,0.522837799423,-0.517521186111,-0.133779924359,-0.0233998490184,0,0,1.13240196911
HWM_DRAWDOWN,SSO,LAG2,25,drawdown,0.15,0.1,rule,2010_2019,2009-12-31,2010-01-04,2019-12-31,2516,0.162175000026,-0.345309817372,4.49392621457,9.99863107461,0.241079154025,0.721777405527,572,2010-04-23,2010-08-26,2011-02-17,True,175,300,2018,-0.131627473482,2013,0.69446325884,-0.216636807695,0.0794105381779,0.162175000026,0,0,0.957360931638
HWM_DRAWDOWN,SSO,LAG2,25,drawdown,0.15,0.1,rule,2020_latest,2019-12-31,2020-01-02,2026-09-02,1676,0.201886766579,-0.392310021021,3.41083725724,6.67214236824,0.277327850382,0.699493231762,863,2020-02-19,2020-03-23,2020-08-21,True,151,184,2022,-0.33708545181,2021,0.560773277035,-0.351368294293,0.119420446436,,0,0,0.962266888466
HWM_DRAWDOWN,SSO,LAG2,25,drawdown,0.15,0.1,rule,2010_latest,2009-12-31,2010-01-04,2026-09-02,4192,0.177908874324,-0.392310021021,15.328050964,16.6707734428,0.256159019291,0.710485976573,863,2020-02-19,2020-03-23,2020-08-21,True,151,184,2022,-0.33708545181,2013,0.69446325884,-0.351368294293,0.0253340249703,0.10378761909,0,0,0.921236724826
BAND_DRAWDOWN,SSO,LAG2,25,drawdown,0.2,0.1,rule,1987_1999,1986-12-31,1987-01-02,1999-12-31,3286,0.200030344829,-0.554192596003,10.7015025859,12.9993155373,0.265479622648,0.619757916046,1589,1987-08-25,1987-12-04,1991-12-31,True,1488,1589,1990,-0.198498928949,1995,0.679053323602,-0.500350380356,-0.00340226172629,0.116384283221,0,0,0.89874120159
BAND_DRAWDOWN,SSO,LAG2,25,drawdown,0.2,0.1,rule,2000_2009,1999-12-31,2000-01-03,2009-12-31,2515,-0.020043209483,-0.620779441091,0.816689984275,10.0013689254,0.270746913252,-0.0415324203932,2608,2007-07-13,2009-03-09,,False,,,2008,-0.34683283819,2003,0.527758726002,-0.493576950743,-0.125464035118,-0.020043209483,0,0,1.17193642139
BAND_DRAWDOWN,SSO,LAG2,25,drawdown,0.2,0.1,rule,2010_2019,2009-12-31,2010-01-04,2019-12-31,2516,0.156760361524,-0.345309817372,4.28891468886,9.99863107461,0.238954004503,0.706471225449,572,2010-04-23,2010-08-26,2011-02-17,True,175,300,2018,-0.133437722627,2013,0.644006665992,-0.215579610334,0.0766132730764,0.156760361524,0,0,0.913686421671
BAND_DRAWDOWN,SSO,LAG2,25,drawdown,0.2,0.1,rule,2020_latest,2019-12-31,2020-01-02,2026-09-02,1676,0.197228611321,-0.397279934393,3.32359926835,6.67214236824,0.276968810491,0.685977599054,863,2020-02-19,2020-03-23,2020-08-24,True,154,187,2022,-0.341939679937,2021,0.552618568645,-0.35633303365,0.117080583029,,0,0,0.937655269149
BAND_DRAWDOWN,SSO,LAG2,25,drawdown,0.2,0.1,rule,2010_latest,2009-12-31,2010-01-04,2026-09-02,4192,0.172790143617,-0.397279934393,14.2546337219,16.6707734428,0.254805458072,0.695764565647,863,2020-02-19,2020-03-23,2020-08-24,True,154,187,2022,-0.341939679937,2013,0.644006665992,-0.35633303365,0.0214635052887,0.0978351322831,0,0,0.85672288763
NO_RESERVE,SSO,LAG2,50,staged,0.15,0.1,rule,1987_1999,1986-12-31,1987-01-02,1999-12-31,3286,0.19761056925,-0.592938643044,10.4243613531,12.9993155373,0.288745570476,0.587815889745,1989,1987-08-25,1987-12-04,1993-02-03,True,1888,1989,1990,-0.245779465666,1995,0.748832811145,-0.542223765631,-0.0278846764913,0.105847710214,0,0,1
NO_RESERVE,SSO,LAG2,50,staged,0.15,0.1,rule,2000_2009,1999-12-31,2000-01-03,2009-12-31,2515,-0.0555821230096,-0.710091820211,0.564427278156,10.0013689254,0.288586232777,-0.149821771178,3653,1999-12-31,2009-03-09,,False,,,2008,-0.391852868035,2003,0.529661381688,-0.547610744658,-0.161797442442,-0.0555821230096,0,0,1
NO_RESERVE,SSO,LAG2,50,staged,0.15,0.1,rule,2010_2019,2009-12-31,2010-01-04,2019-12-31,2516,0.151538240638,-0.36313443302,4.0992061699,9.99863107461,0.249393248831,0.669066952772,630,2010-04-23,2010-08-26,2011-04-28,True,245,370,2018,-0.16484099983,2013,0.705373768395,-0.24502076456,0.0673269245593,0.151538240638,0,0,1
NO_RESERVE,SSO,LAG2,50,staged,0.15,0.1,rule,2020_latest,2019-12-31,2020-01-02,2026-09-02,1676,0.192578424258,-0.440258171087,3.23840980793,6.67214236824,0.298479840879,0.644389960136,912,2022-01-03,2023-03-13,2024-07-03,True,478,912,2022,-0.385728578661,2021,0.604506432733,-0.40005753888,0.106650403907,,0,0,1
NO_RESERVE,SSO,LAG2,50,staged,0.15,0.1,rule,2010_latest,2009-12-31,2010-01-04,2026-09-02,4192,0.167791459646,-0.440258171087,13.2749094653,16.6707734428,0.270060621105,0.655590334378,912,2022-01-03,2023-03-13,2024-07-03,True,478,912,2022,-0.385728578661,2013,0.705373768395,-0.40005753888,0.00721717345555,0.0880228051049,0,0,1
FIXED_90_10,SSO,LAG2,50,staged,0.15,0.1,quarterly,1987_1999,1986-12-31,1987-01-02,1999-12-31,3286,0.18843577304,-0.536047516557,9.43263414014,12.9993155373,0.257751892322,0.59186235817,1847,1987-08-25,1987-12-04,1992-09-14,True,1746,1847,1990,-0.214665997794,1995,0.667603256201,-0.488084613413,-0.0115719926567,0.105659368559,0,0,0.904864463216
FIXED_90_10,SSO,LAG2,50,staged,0.15,0.1,quarterly,2000_2009,1999-12-31,2000-01-03,2009-12-31,2515,-0.0451973136894,-0.654110668679,0.62966394409,10.0013689254,0.257956278649,-0.15765516642,3653,1999-12-31,2009-03-09,,False,,,2008,-0.35744692735,2003,0.472829776633,-0.505040444031,-0.141955079756,-0.0451973136894,0,0,1.11558028546
FIXED_90_10,SSO,LAG2,50,staged,0.15,0.1,quarterly,2010_2019,2009-12-31,2010-01-04,2019-12-31,2516,0.139390019897,-0.330402119687,3.68677412248,9.99863107461,0.224100699022,0.670195742512,630,2010-04-23,2010-08-26,2011-04-27,True,244,369,2018,-0.141878630884,2013,0.62100794126,-0.222732885274,0.0637605967134,0.139390019897,0,0,0.89938733737
FIXED_90_10,SSO,LAG2,50,staged,0.15,0.1,quarterly,2020_latest,2019-12-31,2020-01-02,2026-09-02,1676,0.179963168216,-0.402596451649,3.0165917491,6.67214236824,0.268092006985,0.645209873356,896,2022-01-03,2023-03-13,2024-06-17,True,462,896,2022,-0.351083487814,2021,0.534658672076,-0.364789502157,0.102579869659,,0,0,0.931504018333
FIXED_90_10,SSO,LAG2,50,staged,0.15,0.1,quarterly,2010_latest,2009-12-31,2010-01-04,2026-09-02,4192,0.155458418367,-0.402596451649,11.1214923986,16.6707734428,0.242620743533,0.656594017966,896,2022-01-03,2023-03-13,2024-06-17,True,462,896,2022,-0.351083487814,2013,0.62100794126,-0.364789502157,0.0122991049367,0.08384552015,0,0,0.837782918798
FIXED_85_15,SSO,LAG2,50,staged,0.15,0.1,quarterly,1987_1999,1986-12-31,1987-01-02,1999-12-31,3286,0.183298752095,-0.507311558782,8.91614770166,12.9993155373,0.242591156082,0.59386965692,1592,1987-08-25,1987-12-04,1992-01-03,True,1491,1592,1990,-0.19896386517,1995,0.628074445814,-0.460510410221,-0.00414166733758,0.105045247933,0,0,0.855318364324
FIXED_85_15,SSO,LAG2,50,staged,0.15,0.1,quarterly,2000_2009,1999-12-31,2000-01-03,2009-12-31,2515,-0.0401663732742,-0.623050397273,0.663644098219,10.0013689254,0.242845159985,-0.161397590857,3653,1999-12-31,2009-03-09,,False,,,2008,-0.33976301911,2003,0.44481755906,-0.482709231862,-0.132078657869,-0.0401663732742,0,0,1.17578317686
FIXED_85_15,SSO,LAG2,50,staged,0.15,0.1,quarterly,2010_2019,2009-12-31,2010-01-04,2019-12-31,2516,0.133074001143,-0.313750419322,3.48745385936,9.99863107461,0.21150571295,0.670694461916,630,2010-04-23,2010-08-26,2011-04-27,True,244,369,2018,-0.130749046284,2013,0.580090848058,-0.211407554148,0.0617720690738,0.133074001143,0,0,0.850763224589
FIXED_85_15,SSO,LAG2,50,staged,0.15,0.1,quarterly,2020_latest,2019-12-31,2020-01-02,2026-09-02,1676,0.173298023652,-0.383064851926,2.90470692575,6.67214236824,0.253018341094,0.645521718225,892,2022-01-03,2023-03-13,2024-06-13,True,458,892,2022,-0.333290797973,2021,0.500567498317,-0.3466328032,0.100301442342,,0,0,0.896954708645
FIXED_85_15,SSO,LAG2,50,staged,0.15,0.1,quarterly,2010_latest,2009-12-31,2010-01-04,2026-09-02,4192,0.149004643333,-0.383064851926,10.1300313785,16.6707734428,0.228982358068,0.657009302111,892,2022-01-03,2023-03-13,2024-06-13,True,458,892,2022,-0.333290797973,2013,0.580090848058,-0.3466328032,0.0143938345835,0.0813613359387,0,0,0.763096080237
HWM_RESERVE,SSO,LAG2,50,staged,0.15,0.1,rule,1987_1999,1986-12-31,1987-01-02,1999-12-31,3286,0.197617791272,-0.581814900244,10.425178554,12.9993155373,0.2827173118,0.593412773526,1942,1987-08-25,1987-12-04,1992-12-18,True,1841,1942,1990,-0.245779465666,1995,0.742216899113,-0.532538596219,-0.0238369037616,0.107653907934,0,0,1.00007839338
HWM_RESERVE,SSO,LAG2,50,staged,0.15,0.1,rule,2000_2009,1999-12-31,2000-01-03,2009-12-31,2515,-0.0555454383841,-0.709979174222,0.564646590592,10.0013689254,0.288565227132,-0.149719519024,3653,1999-12-31,2009-03-09,,False,,,2008,-0.391852868035,2003,0.529661381688,-0.547610744658,-0.161797442442,-0.0555454383841,0,0,1.00038855747
HWM_RESERVE,SSO,LAG2,50,staged,0.15,0.1,rule,2010_2019,2009-12-31,2010-01-04,2019-12-31,2516,0.151253176117,-0.36313443302,4.08907122392,9.99863107461,0.247701269398,0.670908388568,630,2010-04-23,2010-08-26,2011-04-28,True,245,370,2018,-0.161896342964,2013,0.705125818801,-0.244468345363,0.0672966374867,0.151253176117,0,0,0.997527583255
HWM_RESERVE,SSO,LAG2,50,staged,0.15,0.1,rule,2020_latest,2019-12-31,2020-01-02,2026-09-02,1676,0.192149544341,-0.433212935481,3.23064728403,6.67214236824,0.295164129795,0.647046421716,896,2022-01-03,2023-03-13,2024-06-17,True,462,896,2022,-0.37838544107,2021,0.58067896729,-0.392612909691,0.107962562753,,0,0,0.997602982834
HWM_RESERVE,SSO,LAG2,50,staged,0.15,0.1,rule,2010_latest,2009-12-31,2010-01-04,2026-09-02,4192,0.167449988608,-0.433212935481,13.2103468438,16.6707734428,0.267658866236,0.657937060265,896,2022-01-03,2023-03-13,2024-06-17,True,462,896,2022,-0.37838544107,2013,0.705125818801,-0.392612909691,0.00776045560306,0.0881606416394,0,0,0.995136492515
ASYMMETRIC_RESERVE_BAND,SSO,LAG2,50,staged,0.2,0.1,rule,1987_1999,1986-12-31,1987-01-02,1999-12-31,3286,0.195399826948,-0.541078978696,10.1769677264,12.9993155373,0.26854409544,0.600703847047,1800,1987-08-25,1987-12-04,1992-07-29,True,1699,1800,1990,-0.245779465666,1995,0.697974676385,-0.497092064946,-0.00808752003389,0.109779699288,0,0,0.976267742615
ASYMMETRIC_RESERVE_BAND,SSO,LAG2,50,staged,0.2,0.1,rule,2000_2009,1999-12-31,2000-01-03,2009-12-31,2515,-0.054930818398,-0.707636500435,0.568332410542,10.0013689254,0.286425897908,-0.150735992844,3653,1999-12-31,2009-03-09,,False,,,2008,-0.390933851505,2003,0.529661381688,-0.545743120796,-0.160729861931,-0.054930818398,0,0,1.00691875205
ASYMMETRIC_RESERVE_BAND,SSO,LAG2,50,staged,0.2,0.1,rule,2010_2019,2009-12-31,2010-01-04,2019-12-31,2516,0.143916443031,-0.36313443302,3.835863019,9.99863107461,0.241445786763,0.655377821266,615,2010-04-23,2010-08-26,2011-04-28,True,245,370,2018,-0.162131119469,2013,0.641108038923,-0.233409713032,0.0648016111964,0.143916443031,0,0,0.935757524754
ASYMMETRIC_RESERVE_BAND,SSO,LAG2,50,staged,0.2,0.1,rule,2020_latest,2019-12-31,2020-01-02,2026-09-02,1676,0.184463846847,-0.432041874339,3.09419713267,6.67214236824,0.281810644248,0.640846357208,911,2022-01-03,2023-03-13,2024-07-02,True,477,911,2022,-0.377166965408,2021,0.552618568645,-0.391366665046,0.102159188832,,0,0,0.955468058765
ASYMMETRIC_RESERVE_BAND,SSO,LAG2,50,staged,0.2,0.1,rule,2010_latest,2009-12-31,2010-01-04,2026-09-02,4192,0.159975411904,-0.432041874339,11.8689163547,16.6707734428,0.258312932885,0.647199359804,911,2022-01-03,2023-03-13,2024-07-02,True,477,911,2022,-0.377166965408,2013,0.641108038923,-0.391366665046,0.00978138273802,0.0844556531629,0,0,0.894086425651
HWM_DRAWDOWN,SSO,LAG2,50,drawdown,0.15,0.1,rule,1987_1999,1986-12-31,1987-01-02,1999-12-31,3286,0.190396244933,-0.569740715379,9.63692144856,12.9993155373,0.270987866844,0.58389616685,1932,1987-08-25,1987-12-04,1992-12-08,True,1831,1932,1990,-0.235875702927,1995,0.707340266444,-0.517882678084,-0.020554192338,0.105660594384,0,0,0.92446156864
HWM_DRAWDOWN,SSO,LAG2,50,drawdown,0.15,0.1,rule,2000_2009,1999-12-31,2000-01-03,2009-12-31,2515,-0.0437890193956,-0.6717814519,0.639014400626,10.0013689254,0.274223187853,-0.127127707201,3653,1999-12-31,2009-03-09,,False,,,2008,-0.378480505105,2003,0.499600483957,-0.534508826331,-0.156581710225,-0.0437890193956,0,0,1.13214655874
HWM_DRAWDOWN,SSO,LAG2,50,drawdown,0.15,0.1,rule,2010_2019,2009-12-31,2010-01-04,2019-12-31,2516,0.14852903595,-0.36313443302,3.99335078016,9.99863107461,0.243170855625,0.669021924639,630,2010-04-23,2010-08-26,2011-04-28,True,245,370,2018,-0.151329896761,2013,0.702679117463,-0.236153899176,0.0660695559766,0.14852903595,0,0,0.97417661241
HWM_DRAWDOWN,SSO,LAG2,50,drawdown,0.15,0.1,rule,2020_latest,2019-12-31,2020-01-02,2026-09-02,1676,0.18757201599,-0.413255656107,3.14877661224,6.67214236824,0.279699683979,0.652968846519,896,2022-01-03,2023-03-13,2024-06-17,True,462,896,2022,-0.361182165262,2021,0.56423131724,-0.375027064914,0.104428475187,,0,0,0.972321848992
HWM_DRAWDOWN,SSO,LAG2,50,drawdown,0.15,0.1,rule,2010_latest,2009-12-31,2010-01-04,2026-09-02,4192,0.163998732961,-0.413255656107,12.5741695411,16.6707734428,0.25836661962,0.660551357638,896,2022-01-03,2023-03-13,2024-06-17,True,462,896,2022,-0.361182165262,2013,0.702679117463,-0.375027064914,0.0103939891309,0.0889247261514,0,0,0.947213205023
BAND_DRAWDOWN,SSO,LAG2,50,drawdown,0.2,0.1,rule,1987_1999,1986-12-31,1987-01-02,1999-12-31,3286,0.18878227974,-0.555216286979,9.4684478451,12.9993155373,0.265606890695,0.584225402124,1931,1987-08-25,1987-12-04,1992-12-07,True,1830,1931,1990,-0.229996545958,1995,0.679053323602,-0.502648262642,-0.0155574030414,0.105513129891,0,0,0.908300041065
BAND_DRAWDOWN,SSO,LAG2,50,drawdown,0.2,0.1,rule,2000_2009,1999-12-31,2000-01-03,2009-12-31,2515,-0.0391310626387,-0.655435697263,0.670838234661,10.0013689254,0.270898443442,-0.11410120225,3653,1999-12-31,2009-03-09,,False,,,2008,-0.349993940539,2003,0.503135701343,-0.505932717934,-0.146380703254,-0.0391310626387,0,0,1.18852908182
BAND_DRAWDOWN,SSO,LAG2,50,drawdown,0.2,0.1,rule,2010_2019,2009-12-31,2010-01-04,2019-12-31,2516,0.141705649861,-0.36313443302,3.7623804998,9.99863107461,0.239325661601,0.650924359078,630,2010-04-23,2010-08-26,2011-04-28,True,245,370,2018,-0.151313295968,2013,0.64359556155,-0.232065089609,0.0626024625441,0.141705649861,0,0,0.917831488308
BAND_DRAWDOWN,SSO,LAG2,50,drawdown,0.2,0.1,rule,2020_latest,2019-12-31,2020-01-02,2026-09-02,1676,0.182158933892,-0.417184483201,3.05424409146,6.67214236824,0.27718497478,0.639808758181,897,2022-01-03,2023-03-13,2024-06-18,True,463,897,2022,-0.364750298554,2021,0.552618568645,-0.378659743285,0.101504566865,,0,0,0.943130818088
BAND_DRAWDOWN,SSO,LAG2,50,drawdown,0.2,0.1,rule,2010_latest,2009-12-31,2010-01-04,2026-09-02,4192,0.157727406755,-0.417184483201,11.4912284113,16.6707734428,0.255108604238,0.644455107157,897,2022-01-03,2023-03-13,2024-06-18,True,463,897,2022,-0.364750298554,2013,0.64359556155,-0.378659743285,0.00677314212739,0.0822871321888,0,0,0.865635162435
