series,fund,lag,cost_bps,deployment,cap,harvest,rebalance,entry_close,first_return,last_return,observations,cagr,max_drawdown,terminal_multiple,years,annualized_volatility,sharpe,longest_underwater_calendar_days,max_drawdown_peak,max_drawdown_trough,max_drawdown_recovery,max_drawdown_recovered,max_drawdown_recovery_days_from_trough,max_drawdown_recovery_days_from_peak,worst_calendar_year,worst_calendar_year_return,best_calendar_year,best_calendar_year_return,worst_rolling_1y_cagr,worst_rolling_5y_cagr,worst_rolling_10y_cagr,worst_rolling_20y_cagr,cohort_20y_count,cohort_20y_min_cagr,cohort_20y_median_cagr,worst_rolling_30y_cagr,cohort_30y_count,cohort_30y_min_cagr,cohort_30y_median_cagr,switch_count,switches_per_year,average_reserve_weight,median_reserve_weight,fraction_reserve_zero,fraction_reserve_at_cap,fraction_reserve_above_cap,average_risky_exposure,average_effective_equity_exposure,average_leverage,average_total_safe_asset_weight,average_risky_sleeve_leverage,fraction_at_1x,fraction_at_2x,fraction_at_3x,fraction_sleeve_at_1x,fraction_sleeve_at_2x,fraction_sleeve_at_3x,reserve_accumulation_trades,reserve_deployment_trades,reserve_rebalance_sell_trades,leverage_state_trades,traded_transition_days,total_charged_transitions,reserve_turnover,risky_sleeve_turnover,net_asset_turnover,sum_dollar_costs,direct_log_cost_drag,direct_wealth_cost_drag,total_trading_cost_drag,cost_cagr_drag,rolling_20y_min_terminal_multiple,rolling_20y_median_terminal_multiple,rolling_30y_min_terminal_multiple,rolling_30y_median_terminal_multiple
NO_RESERVE,UPRO,LAG1,0,staged,0.15,0.1,rule,1986-09-26,1986-09-29,2026-09-02,10059,0.195900545046,-0.744882830999,1266.7687263,39.9342915811,0.382395837197,0.579402013843,5040,1999-07-16,2009-03-09,2013-05-03,True,1516,5040,2000,-0.430477003648,1995,1.22788602039,-0.538847212141,-0.161796889842,-0.10903261775,0.0572751815487,240,0.0681927817763,0.14895780929,0.146585232563,120,0.150827577942,0.182163949203,0,0,0,0,1,,,1,2.56397256188,2.56397256188,0,2.56397256188,0.218013719058,0,0.781986280942,0.218013719058,0,0.781986280942,0,0,0,230,230,0,0,230,230,0,-0,0,0,0,3.74104367728,16.0724609598,67.6692458146,151.438829565
FIXED_90_10,UPRO,LAG1,0,staged,0.15,0.1,quarterly,1986-09-26,1986-09-29,2026-09-02,10059,0.185535005359,-0.685085166918,894.784557901,39.9342915811,0.343664221649,0.577749570206,4981,1999-07-16,2009-03-09,2013-03-05,True,1457,4981,2000,-0.389818451632,1995,1.08085570789,-0.497400605501,-0.141386097319,-0.0921183196496,0.0595834270407,240,0.0688662989256,0.143484313731,0.14071360567,120,0.144556273465,0.172282708093,0,0,0.0985077522884,0.0973098330267,0,,,0.901492247712,2.31557197779,2.31557197779,0.0985077522884,2.56397256188,0,0,0,0.218013719058,0,0.781986280942,103,0,57,230,386,0,2.04912103999,204.491997551,206.517724352,0,-0,0,0,-6.66133814775e-16,3.7885034049,14.6085919715,57.4374001879,117.778477025
FIXED_85_15,UPRO,LAG1,0,staged,0.15,0.1,quarterly,1986-09-26,1986-09-29,2026-09-02,10059,0.179775640058,-0.651473122514,736.646549328,39.9342915811,0.324447539841,0.57686274369,4946,1999-07-16,2009-03-09,2013-01-29,True,1422,4946,2000,-0.368827758803,1995,1.01009298483,-0.475627474879,-0.131260403263,-0.0838798066965,0.0601383662009,240,0.0686720359805,0.139919803736,0.13726962264,120,0.140908863982,0.166831507815,0,0,0.147766177782,0.14618322581,0,,,0.852233822218,2.19096425878,2.19096425878,0.147766177782,2.56397256188,0,0,0,0.218013719058,0,0.781986280942,103,0,57,230,386,0,2.90110949199,191.998661764,194.866695936,0,-0,0,0,-8.881784197e-16,3.77475619442,13.7241733179,52.1923678917,102.430272583
HWM_RESERVE,UPRO,LAG1,0,staged,0.15,0.1,rule,1986-09-26,1986-09-29,2026-09-02,10059,0.195201459661,-0.743132241252,1237.53092729,39.9342915811,0.376402001306,0.580864704241,5040,1999-07-16,2009-03-09,2013-05-03,True,1516,5040,2000,-0.430027116825,1995,1.2018513434,-0.538847212141,-0.161796889842,-0.108471749584,0.0570074804598,240,0.0677688297872,0.147753669225,0.145960259101,120,0.150086274604,0.180613544901,0,0,0.013284722586,0.00105992649165,0.46247141863,0,0,0.986715277414,2.52850850754,2.52850850754,0.013284722586,2.56397256188,0.132518142957,0,0.329953275674,0.218013719058,0,0.781986280942,643,84,0,230,908,0,1.37745252839,228.026258249,229.011248517,0,-0,0,0,-6.66133814775e-16,3.71145993235,15.7418589339,66.3736576112,145.690212178
ASYMMETRIC_RESERVE_BAND,UPRO,LAG1,0,staged,0.2,0.1,rule,1986-09-26,1986-09-29,2026-09-02,10059,0.192008382572,-0.737670625476,1112.14186,39.9342915811,0.367232974405,0.578546439404,5017,1999-07-16,2009-03-09,2013-04-10,True,1493,5017,2000,-0.428657756087,1995,1.13779859007,-0.538847212141,-0.161796889842,-0.106770662581,0.0566520700409,240,0.0670080569986,0.144242813104,0.144857624113,120,0.148748822348,0.176433807325,0,0,0.0380181128728,0.00781749298971,0.468336812804,0,0,0.961981887127,2.46233268054,2.46233268054,0.0380181128728,2.56397256188,0.132418729496,0,0.335918083308,0.218013719058,0,0.781986280942,26,86,0,230,292,0,4.40954390329,224.880766904,228.272165678,0,-0,0,0,6.66133814775e-16,3.65892894772,14.8034968224,64.0965742928,130.896810977
HWM_DRAWDOWN,UPRO,LAG1,0,drawdown,0.15,0.1,rule,1986-09-26,1986-09-29,2026-09-02,10059,0.19128438148,-0.685068481258,1085.4830906,39.9342915811,0.354784554405,0.584423076202,4940,1999-07-16,2009-03-09,2013-01-23,True,1416,4940,2022,-0.384447636508,2013,1.15259377343,-0.515703781118,-0.152734205424,-0.0903551983405,0.0672237544616,240,0.0771041664802,0.147109310931,0.145223744772,120,0.149185520932,0.178411625634,0,0,0.0720974908463,0.0699525640663,0.104483547072,0,0.0430460284322,0.927902509154,2.38620975631,2.38620975631,0.0720974908463,2.56397256188,0.028332836266,0,0.0761507108062,0.218013719058,0,0.781986280942,664,11,0,230,905,0,1.1329815974,211.309210755,212.442192352,0,-0,0,0,-6.66133814775e-16,4.41727174002,15.5660682747,64.8316439896,137.723530576
BAND_DRAWDOWN,UPRO,LAG1,0,drawdown,0.2,0.1,rule,1986-09-26,1986-09-29,2026-09-02,10059,0.189617117362,-0.698581017583,1026.43935746,39.9342915811,0.354447270817,0.580647784945,4956,1999-07-16,2009-03-09,2013-02-08,True,1432,4956,2000,-0.385630656685,2013,1.11409254069,-0.520329290362,-0.154512803191,-0.0942752228457,0.0634248650209,240,0.0734320793237,0.146909479881,0.144153032748,120,0.148109742292,0.177381127232,0,0,0.075905726974,0.0795184801113,0.111144248931,0,0,0.924094273026,2.37424716377,2.37424716377,0.075905726974,2.56397256188,0.0282334228054,0,0.0829108261259,0.218013719058,0,0.781986280942,10,11,0,230,251,0,0.95847932828,210.139527137,211.098006466,0,-0,0,0,-6.66133814775e-16,4.12564066531,15.5090141148,63.0353513462,134.18622907
SP500_1X,UPRO,LAG1,0,none,0,0,none,1986-09-26,1986-09-29,2026-09-02,10059,0.112610960278,-0.552502410697,70.9068522733,39.9342915811,0.183480490505,0.503182502031,2243,2007-10-09,2009-03-09,2012-04-02,True,1120,1637,2008,-0.369976111327,1995,0.375762011774,-0.475191448321,-0.0819882366922,-0.0456206317854,0.0393487442999,240,0.0478816333553,0.0878386329462,0.0875454303093,120,0.0933527571049,0.103071862813,0,0,0,0,1,,,1,1,1,0,1,1,0,0,1,0,0,0,0,0,0,0,0,0,0,0,0,-0,0,0,0,2.54826487138,5.38753021325,14.5499731976,18.9771505948
UPRO_ALWAYS,UPRO,LAG1,0,none,0,0,none,1986-09-26,1986-09-29,2026-09-02,10059,0.137031711948,-0.982010922896,168.747896283,39.9342915811,0.550459443524,0.461466824148,6733,2000-03-23,2009-03-09,2018-08-29,True,3460,6733,2008,-0.85977473214,1995,1.22788602039,-0.922727364296,-0.391628546145,-0.309366009335,-0.0536605029174,240,-0.0318731056722,0.0609021503929,0.073481409059,120,0.077453271565,0.124421688364,0,0,0,0,1,,,1,3,3,0,3,0,0,1,0,0,1,0,0,0,0,0,0,0,0,0,0,-0,0,0,0,0.523173451691,3.26217003541,9.37556990637,33.7358413575
UPRO_SMA_TO_TBILL,UPRO,LAG1,0,none,0,0,none,1986-09-26,1986-09-29,2026-09-02,10059,0.185195377572,-0.643842852724,884.604896976,39.9342915811,0.35588993986,0.569499535469,3897,1999-07-16,2003-04-16,2010-03-17,True,2527,3897,2000,-0.442805874572,1995,1.22788602039,-0.484799080591,-0.117104115427,-0.0740246408383,0.0699362971381,240,0.0731940070285,0.147844921996,0.143510323177,120,0.147389808769,0.173890003038,0,0,0,0,1,,,1,2.34595884283,2.34595884283,0.218013719058,2.34595884283,0,0,0.781986280942,0,0,0.781986280942,0,0,0,230,230,0,0,230,230,0,-0,0,0,0,4.10737897839,15.7639261551,61.9067981874,122.777053104
NO_RESERVE,UPRO,LAG1,10,staged,0.15,0.1,rule,1986-09-26,1986-09-29,2026-09-02,10059,0.189029172791,-0.766150113952,1006.3745027,39.9342915811,0.382422800025,0.564311551403,5054,1999-07-16,2009-03-09,2013-05-17,True,1530,5054,2000,-0.438960307036,1995,1.22788602039,-0.543884319018,-0.170308499621,-0.116841557637,0.0500539961707,240,0.0608970292312,0.141610563554,0.139875251542,120,0.144092770109,0.175019120847,0,0,0,0,1,,,1,2.56397256188,2.56397256188,0,2.56397256188,0.218013719058,0,0.781986280942,0.218013719058,0,0.781986280942,0,0,0,230,230,230,0,230,230,17.059777474,0.230115076724,0.20555782456,0.20555782456,0.0068713722555,3.26185510744,14.1400613771,56.7436494663,126.284851592
FIXED_90_10,UPRO,LAG1,10,staged,0.15,0.1,quarterly,1986-09-26,1986-09-29,2026-09-02,10059,0.179417222137,-0.708623099823,727.762126401,39.9342915811,0.343688270739,0.562669647772,5037,1999-07-16,2009-03-09,2013-04-30,True,1513,5037,2000,-0.397782600047,1995,1.08073128924,-0.50229164356,-0.149160461547,-0.0992271533869,0.0531005126593,240,0.0623265885789,0.136718581746,0.134721040435,120,0.138543521361,0.165939188523,0,0,0.0985077522884,0.0973098330267,0,,,0.901492247712,2.31557197779,2.31557197779,0.0985077522884,2.56397256188,0,0,0,0.218013719058,0,0.781986280942,103,0,57,230,386,386,2.04912103999,204.491997551,206.517724352,12.3601824293,0.206608726515,0.186662174738,0.186662174738,0.00611778322249,3.35089661045,12.9760739343,49.0417805702,100.042920217
FIXED_85_15,UPRO,LAG1,10,staged,0.15,0.1,quarterly,1986-09-26,1986-09-29,2026-09-02,10059,0.174030372034,-0.676034299826,606.170461493,39.9342915811,0.324470138249,0.561789489842,4990,1999-07-16,2009-03-09,2013-03-14,True,1466,4990,2000,-0.376509145257,1995,1.0099214031,-0.480423263741,-0.138655890936,-0.0906311633452,0.0540252169926,240,0.0625096784818,0.133698989346,0.131633009278,120,0.135254213563,0.160856810754,0,0,0.147766177782,0.14618322581,0,,,0.852233822218,2.19096425878,2.19096425878,0.147766177782,2.56397256188,0,0,0,0.218013719058,0,0.781986280942,103,0,57,230,386,386,2.90110949199,191.998661764,194.866695936,10.3165943111,0.194946960759,0.177121698261,0.177121698261,0.00574526802454,3.36246595068,12.3015569705,44.9644300594,87.7548395509
HWM_RESERVE,UPRO,LAG1,10,staged,0.15,0.1,rule,1986-09-26,1986-09-29,2026-09-02,10059,0.188545694852,-0.76453024493,990.161774176,39.9342915811,0.376593136792,0.565926023318,5052,1999-07-16,2009-03-09,2013-05-15,True,1528,5052,2000,-0.43852094835,1995,1.20275357562,-0.543884319018,-0.170308499621,-0.116280110996,0.0500421789261,240,0.0607401150507,0.140518422194,0.139473306833,120,0.143577845403,0.173790795623,0,0,0.0127822287464,0.000970976544412,0.469430360871,0,0,0.987217771254,2.529974943,2.529974943,0.0127822287464,2.56397256188,0.132518142957,0,0.337011631375,0.218013719058,0,0.781986280942,629,84,0,230,894,894,1.33975006556,228.057868524,229.011415963,16.6553192559,0.229124591268,0.204770551313,0.199889269557,0.00665576480916,3.25221962423,13.8740342698,55.9824313403,122.383391914
ASYMMETRIC_RESERVE_BAND,UPRO,LAG1,10,staged,0.2,0.1,rule,1986-09-26,1986-09-29,2026-09-02,10059,0.185210830578,-0.759472967919,885.06560799,39.9342915811,0.367256652496,0.562951052126,5051,1999-07-16,2009-03-09,2013-05-14,True,1527,5051,2000,-0.43718301544,1995,1.13758151159,-0.543884319018,-0.170308499621,-0.114575069349,0.0494823829545,240,0.0597681015731,0.136793773991,0.138180101884,120,0.142048604229,0.169414458322,0,0,0.0380172820683,0.0078098673343,0.468336812804,0,0,0.961982717932,2.46233511271,2.46233511271,0.0380172820683,2.56397256188,0.132418729496,0,0.335918083308,0.218013719058,0,0.781986280942,26,86,0,230,292,292,4.40981673971,224.880849828,228.272537942,15.4684163617,0.22838282392,0.204180457244,0.204179215061,0.00679755199363,3.19313196318,12.9908128762,53.7794785152,109.38621178
HWM_DRAWDOWN,UPRO,LAG1,10,drawdown,0.15,0.1,rule,1986-09-26,1986-09-29,2026-09-02,10059,0.185351955182,-0.709503863509,889.283889969,39.9342915811,0.355389325558,0.56998468537,4984,1999-07-16,2009-03-09,2013-03-08,True,1460,4984,2022,-0.393177299742,2013,1.16255718584,-0.521028713101,-0.160955012253,-0.0977594812442,0.0606994000544,240,0.0705458651365,0.140532543462,0.139365392895,120,0.143315533728,0.172205300151,0,0,0.0703722562634,0.0676782870887,0.10756536435,0,0.0420518938264,0.929627743737,2.39083049925,2.39083049925,0.0703722562634,2.56397256188,0.028332836266,0,0.0792325280843,0.218013719058,0,0.781986280942,644,11,0,230,885,885,1.10828875834,211.636775235,212.745063993,14.7452312136,0.212842724401,0.191716749547,0.180748279115,0.00593242629785,3.9093591271,13.8750870258,55.5984581686,117.570799993
BAND_DRAWDOWN,UPRO,LAG1,10,drawdown,0.2,0.1,rule,1986-09-26,1986-09-29,2026-09-02,10059,0.183340184388,-0.721970460265,830.960906021,39.9342915811,0.35449330619,0.565685390558,5004,1999-07-16,2009-03-09,2013-03-28,True,1480,5004,2000,-0.393597883242,2013,1.11388113144,-0.525472383329,-0.162741935507,-0.101650526532,0.0566173465647,240,0.0665605085765,0.139829488777,0.137943490202,120,0.141878725908,0.17079128781,0,0,0.0758423154447,0.0794552284026,0.111144248931,0,0,0.924157684555,2.37439183158,2.37439183158,0.0758423154447,2.56397256188,0.0282334228054,0,0.0829108261259,0.218013719058,0,0.781986280942,10,11,0,230,251,251,0.95843002519,210.163875238,211.122305263,13.7426307481,0.211218635606,0.19040295921,0.190443254164,0.00627693297364,3.62835674881,13.702595713,53.5399955832,113.38326423
SP500_1X,UPRO,LAG1,10,none,0,0,none,1986-09-26,1986-09-29,2026-09-02,10059,0.112610960278,-0.552502410697,70.9068522733,39.9342915811,0.183480490505,0.503182502031,2243,2007-10-09,2009-03-09,2012-04-02,True,1120,1637,2008,-0.369976111327,1995,0.375762011774,-0.475191448321,-0.0819882366922,-0.0456206317854,0.0393487442999,240,0.0478816333553,0.0878386329462,0.0875454303093,120,0.0933527571049,0.103071862813,0,0,0,0,1,,,1,1,1,0,1,1,0,0,1,0,0,0,0,0,0,0,0,0,0,0,0,-0,0,0,0,2.54826487138,5.38753021325,14.5499731976,18.9771505948
UPRO_ALWAYS,UPRO,LAG1,10,none,0,0,none,1986-09-26,1986-09-29,2026-09-02,10059,0.137031711948,-0.982010922896,168.747896283,39.9342915811,0.550459443524,0.461466824148,6733,2000-03-23,2009-03-09,2018-08-29,True,3460,6733,2008,-0.85977473214,1995,1.22788602039,-0.922727364296,-0.391628546145,-0.309366009335,-0.0536605029174,240,-0.0318731056722,0.0609021503929,0.073481409059,120,0.077453271565,0.124421688364,0,0,0,0,1,,,1,3,3,0,3,0,0,1,0,0,1,0,0,0,0,0,0,0,0,0,0,-0,0,0,0,0.523173451691,3.26217003541,9.37556990637,33.7358413575
UPRO_SMA_TO_TBILL,UPRO,LAG1,10,none,0,0,none,1986-09-26,1986-09-29,2026-09-02,10059,0.178385514771,-0.656442653139,702.767438758,39.9342915811,0.355900754765,0.553289834413,3924,1999-07-16,2003-04-16,2010-04-13,True,2554,3924,2000,-0.451105533835,1995,1.22788602039,-0.485824061214,-0.124494066298,-0.082140410349,0.0626286363899,240,0.0658640961344,0.140432964521,0.136818336967,120,0.140220037566,0.166740892493,0,0,0,0,1,,,1,2.34595884283,2.34595884283,0.218013719058,2.34595884283,0,0,0.781986280942,0,0,0.781986280942,0,0,0,230,230,230,0,230,230,13.9321934287,0.230115076724,0.20555782456,0.20555782456,0.00680986280049,3.58126668775,13.848367857,51.2920585587,102.236445089
NO_RESERVE,UPRO,LAG1,25,staged,0.15,0.1,rule,1986-09-26,1986-09-29,2026-09-02,10059,0.178783311477,-0.794807082636,712.303921968,39.9342915811,0.38249080595,0.541640816194,5218,1999-07-16,2009-03-09,2013-10-28,True,1694,5218,2000,-0.451464385297,1995,1.22788602039,-0.551346261838,-0.182929794371,-0.12844123897,0.0393012091746,240,0.0500332071595,0.130325110278,0.129871378069,120,0.134051882478,0.164443876979,0,0,0,0,1,,,1,2.56397256188,2.56397256188,0,2.56397256188,0.218013719058,0,0.781986280942,0.218013719058,0,0.781986280942,0,0,0,230,230,230,0,230,230,31.9851263414,0.575719950167,0.43770010486,0.43770010486,0.0171172335697,2.65497646623,11.5935318099,43.5574556772,96.2854755483
FIXED_90_10,UPRO,LAG1,25,staged,0.15,0.1,quarterly,1986-09-26,1986-09-29,2026-09-02,10059,0.170289674411,-0.740706169147,533.638898831,39.9342915811,0.343748592489,0.540015628268,5117,1999-07-16,2009-03-09,2013-07-19,True,1593,5117,2000,-0.409546984493,1995,1.08054467145,-0.50954704942,-0.160702889528,-0.109797775525,0.0434398251301,240,0.0525812650291,0.126473901281,0.125781348955,120,0.129573715166,0.156485587822,0,0,0.0985077522884,0.0973098330267,0,,,0.901492247712,2.31557197779,2.31557197779,0.0985077522884,2.56397256188,0,0,0,0.218013719058,0,0.781986280942,103,0,57,230,386,386,2.04912103999,204.491997551,206.517724352,23.9331884295,0.516863581067,0.403611859281,0.403611859281,0.0152453309479,2.78684435585,10.8267939486,38.682076001,78.3811158539
FIXED_85_15,UPRO,LAG1,25,staged,0.15,0.1,quarterly,1986-09-26,1986-09-29,2026-09-02,10059,0.165456090121,-0.709702074721,452.342385102,39.9342915811,0.324526687676,0.539145914638,5052,1999-07-16,2009-03-09,2013-05-15,True,1528,5052,2000,-0.387867634701,1995,1.00966405056,-0.487542131374,-0.14964253824,-0.100675345141,0.0449121576692,240,0.053323262848,0.124110718726,0.123221785328,120,0.126816073856,0.152012912199,0,0,0.147766177782,0.14618322581,0,,,0.852233822218,2.19096425878,2.19096425878,0.147766177782,2.56397256188,0,0,0,0.218013719058,0,0.781986280942,103,0,57,230,386,386,2.90110949199,191.998661764,194.866695936,20.2997988252,0.487668814622,0.385943794193,0.385943794193,0.0143195499374,2.82639929027,10.3814306074,35.9469450649,69.7660218678
HWM_RESERVE,UPRO,LAG1,25,staged,0.15,0.1,rule,1986-09-26,1986-09-29,2026-09-02,10059,0.178570396699,-0.793365639332,707.184076155,39.9342915811,0.376878467703,0.543409958995,5215,1999-07-16,2009-03-09,2013-10-25,True,1691,5215,2000,-0.451040413865,1995,1.2040946299,-0.551346261838,-0.182929794371,-0.127879010525,0.0395888719804,240,0.0501916928351,0.129483249204,0.129743463859,120,0.133815795592,0.163557087366,0,0,0.0120925275952,0.00049303112387,0.483348245352,0,0,0.987907472405,2.53197955602,2.53197955602,0.0120925275952,2.56397256188,0.132518142957,0,0.350830102396,0.218013719058,0,0.781986280942,600,84,0,230,865,865,1.28106086205,228.108751436,229.013685471,31.4626385112,0.573242568792,0.436305346611,0.428552401751,0.0166310629621,2.66300249096,11.4223434012,43.2862292168,94.1099449736
ASYMMETRIC_RESERVE_BAND,UPRO,LAG1,25,staged,0.2,0.1,rule,1986-09-26,1986-09-29,2026-09-02,10059,0.175074885106,-0.788860816695,628.084203953,39.9342915811,0.367319676338,0.539521245757,5215,1999-07-16,2009-03-09,2013-10-25,True,1691,5215,2000,-0.449748454152,1995,1.13725592829,-0.551346261838,-0.182929794371,-0.126168359904,0.0388058773343,240,0.0489869581482,0.125475218152,0.128224663178,120,0.13205932849,0.158969005533,0,0,0.0380160330567,0.00779840092239,0.468336812804,0,0,0.961983966943,2.4623387692,2.4623387692,0.0380160330567,2.56397256188,0.132418729496,0,0.335918083308,0.218013719058,0,0.781986280942,26,86,0,230,292,292,4.41022695367,224.880974465,228.273097599,29.0953921374,0.571372708309,0.435250330195,0.435248122076,0.0169334974663,2.60256613607,10.6345779464,41.3189594555,83.6070472645
HWM_DRAWDOWN,UPRO,LAG1,25,drawdown,0.15,0.1,rule,1986-09-26,1986-09-29,2026-09-02,10059,0.176447806803,-0.742775611958,658.065857837,39.9342915811,0.356365248739,0.548240108981,5047,1999-07-16,2009-03-09,2013-05-10,True,1523,5047,2022,-0.40614145437,2013,1.1748477746,-0.528934131725,-0.173179901095,-0.108797207168,0.0508894371848,240,0.060687282678,0.130555677238,0.130566896538,120,0.134500743217,0.163190169053,0,0,0.0676574556927,0.0633640253862,0.112038970077,0,0.0402624515359,0.932342544307,2.39809434214,2.39809434214,0.0676574556927,2.56397256188,0.028332836266,0,0.0837061338105,0.218013719058,0,0.781986280942,622,11,0,230,863,863,1.07066777275,212.160504952,213.231172725,28.7185773863,0.533691853593,0.413564067346,0.393757614896,0.0148365746767,3.24898148511,11.6374234096,44.0776635494,93.2227061939
BAND_DRAWDOWN,UPRO,LAG1,25,drawdown,0.2,0.1,rule,1986-09-26,1986-09-29,2026-09-02,10059,0.173973449375,-0.753753477946,604.997896998,39.9342915811,0.35458765409,0.5432041569,5054,1999-07-16,2009-03-09,2013-05-17,True,1530,5054,2000,-0.405368097606,2013,1.11356401756,-0.533102192195,-0.174963170057,-0.112621900324,0.0464710485995,240,0.0563187434442,0.129307826476,0.128678161242,120,0.132581355591,0.160955598569,0,0,0.0757460524796,0.0793350072639,0.111144248931,0,0,0.92425394752,2.37461143193,2.37461143193,0.0757460524796,2.56397256188,0.0282334228054,0,0.0829108261259,0.218013719058,0,0.781986280942,10,11,0,230,251,251,0.958355144589,210.200838168,211.159193313,26.4077106661,0.528500820574,0.410511944074,0.410585834806,0.0156436679865,2.99157379701,11.3849568646,41.8944273487,88.0332913949
SP500_1X,UPRO,LAG1,25,none,0,0,none,1986-09-26,1986-09-29,2026-09-02,10059,0.112610960278,-0.552502410697,70.9068522733,39.9342915811,0.183480490505,0.503182502031,2243,2007-10-09,2009-03-09,2012-04-02,True,1120,1637,2008,-0.369976111327,1995,0.375762011774,-0.475191448321,-0.0819882366922,-0.0456206317854,0.0393487442999,240,0.0478816333553,0.0878386329462,0.0875454303093,120,0.0933527571049,0.103071862813,0,0,0,0,1,,,1,1,1,0,1,1,0,0,1,0,0,0,0,0,0,0,0,0,0,0,0,-0,0,0,0,2.54826487138,5.38753021325,14.5499731976,18.9771505948
UPRO_ALWAYS,UPRO,LAG1,25,none,0,0,none,1986-09-26,1986-09-29,2026-09-02,10059,0.137031711948,-0.982010922896,168.747896283,39.9342915811,0.550459443524,0.461466824148,6733,2000-03-23,2009-03-09,2018-08-29,True,3460,6733,2008,-0.85977473214,1995,1.22788602039,-0.922727364296,-0.391628546145,-0.309366009335,-0.0536605029174,240,-0.0318731056722,0.0609021503929,0.073481409059,120,0.077453271565,0.124421688364,0,0,0,0,1,,,1,3,3,0,3,0,0,1,0,0,1,0,0,0,0,0,0,0,0,0,0,-0,0,0,0,0.523173451691,3.26217003541,9.37556990637,33.7358413575
UPRO_SMA_TO_TBILL,UPRO,LAG1,25,none,0,0,none,1986-09-26,1986-09-29,2026-09-02,10059,0.168231369831,-0.674533554428,497.41324081,39.9342915811,0.355946667072,0.528933009177,5130,1999-07-16,2003-04-16,2013-08-01,True,3760,5130,2000,-0.463338927386,1995,1.22788602039,-0.487359627673,-0.135476826815,-0.0941958674882,0.0517470822749,240,0.0549494101904,0.12953862741,0.126841291856,120,0.129535997258,0.156328897514,0,0,0,0,1,,,1,2.34595884283,2.34595884283,0.218013719058,2.34595884283,0,0,0.781986280942,0,0,0.781986280942,0,0,0,230,230,230,0,230,230,26.2729724474,0.575719950167,0.43770010486,0.43770010486,0.016964007741,2.91496049397,11.4293594235,38.6691265457,78.1245639134
NO_RESERVE,UPRO,LAG1,50,staged,0.15,0.1,rule,1986-09-26,1986-09-29,2026-09-02,10059,0.161869047126,-0.835051750179,399.950187372,39.9342915811,0.382677598151,0.503777459039,5438,1999-07-16,2009-03-09,2014-06-05,True,1914,5438,2000,-0.471728141556,1995,1.22788602039,-0.563536635043,-0.203580928202,-0.147474186655,0.0215888419713,240,0.0321379390921,0.111761232861,0.11336013552,120,0.117479548619,0.147123551036,0,0,0,0,1,,,1,2.56397256188,2.56397256188,0,2.56397256188,0.218013719058,0,0.781986280942,0.218013719058,0,0.781986280942,0,0,0,230,230,230,0,230,230,39.9949846611,1.15288461942,0.684275291087,0.684275291087,0.0340314979201,1.88258607001,8.32453106852,28.0061588297,61.43286941
FIXED_90_10,UPRO,LAG1,50,staged,0.15,0.1,quarterly,1986-09-26,1986-09-29,2026-09-02,10059,0.155207356267,-0.786595117406,317.892693031,39.9342915811,0.343913748013,0.502182224452,5340,1999-07-16,2009-03-09,2014-02-27,True,1816,5340,2000,-0.428678517978,1995,1.08023366901,-0.521425861798,-0.179626478689,-0.127170968266,0.0275072687878,240,0.0365091256436,0.109574575789,0.111012182289,120,0.114754796309,0.1409747021,0,0,0.0985077522884,0.0973098330267,0,,,0.901492247712,2.31557197779,2.31557197779,0.0985077522884,2.56397256188,0,0,0,0.218013719058,0,0.781986280942,103,0,57,230,386,386,2.04912103999,204.491997551,206.517724352,31.5317321909,1.03486908934,0.644727113109,0.644727113109,0.0303276490925,2.04862562778,8.00195162562,26.0282562197,52.2744062894
FIXED_85_15,UPRO,LAG1,50,staged,0.15,0.1,quarterly,1986-09-26,1986-09-29,2026-09-02,10059,0.151281313759,-0.758294179738,277.484094225,39.9342915811,0.324681302277,0.501330937035,5271,1999-07-16,2009-03-09,2013-12-20,True,1747,5271,2000,-0.406369873351,1995,1.00923518318,-0.499209893911,-0.167672641794,-0.117196813206,0.0298737922529,240,0.0381638448894,0.108269068879,0.109318957504,120,0.112868757245,0.137366046381,0,0,0.147766177782,0.14618322581,0,,,0.852233822218,2.19096425878,2.19096425878,0.147766177782,2.56397256188,0,0,0,0.218013719058,0,0.781986280942,103,0,57,230,386,386,2.90110949199,191.998661764,194.866695936,27.4521852936,0.976344583432,0.623314472215,0.623314472215,0.0284943262993,2.11503715566,7.81569492298,24.7389967423,47.5347544056
HWM_RESERVE,UPRO,LAG1,50,staged,0.15,0.1,rule,1986-09-26,1986-09-29,2026-09-02,10059,0.161940806071,-0.833865993805,400.937814485,39.9342915811,0.377376007393,0.505521318147,5437,1999-07-16,2009-03-09,2014-06-04,True,1913,5437,2000,-0.471328769146,1995,1.2062652728,-0.563536635043,-0.203580928202,-0.146910879334,0.0221072788434,240,0.0325511285658,0.110893480559,0.113494462836,120,0.117513012214,0.146318151708,0,0,0.0111416092463,0,0.521721841137,0,0,0.988858390754,2.53471423457,2.53471423457,0.0111416092463,2.56397256188,0.13311462372,0,0.389700765484,0.218013719058,0,0.781986280942,527,81,0,230,790,790,1.17673261369,228.206972413,229.027029477,39.6469027387,1.14797566785,0.682721603413,0.676017943758,0.0332606535905,1.8977164148,8.19494715422,28.031330743,60.1511134835
ASYMMETRIC_RESERVE_BAND,UPRO,LAG1,50,staged,0.2,0.1,rule,1986-09-26,1986-09-29,2026-09-02,10059,0.158341648951,-0.830154088723,354.21934216,39.9342915811,0.367498020181,0.500389354404,5439,1999-07-16,2009-03-09,2014-06-06,True,1915,5439,2000,-0.470110405915,1995,1.13671338141,-0.563536635043,-0.203580928202,-0.14519172462,0.0212180951197,240,0.0312268024075,0.106824395983,0.111793465565,120,0.115572283717,0.141402546637,0,0,0.0380139438574,0.00777921539447,0.468336812804,0,0,0.961986056143,2.4623448854,2.4623448854,0.0380139438574,2.56397256188,0.132418729496,0,0.335918083308,0.218013719058,0,0.781986280942,26,86,0,230,292,292,4.41091321381,224.881182865,228.274033735,36.5925103932,1.14413455231,0.681500556844,0.681498058027,0.0336667336211,1.84962566537,7.61333297558,26.6070357142,52.8744192843
HWM_DRAWDOWN,UPRO,LAG1,50,drawdown,0.15,0.1,rule,1986-09-26,1986-09-29,2026-09-02,10059,0.161583095295,-0.790257520817,396.038102033,39.9342915811,0.358156431829,0.511786369804,5235,1999-07-16,2009-03-09,2013-11-14,True,1711,5235,2022,-0.427435702091,2013,1.18685095874,-0.541892484651,-0.193272885205,-0.127010821344,0.0344498601628,240,0.0441739962871,0.113708251736,0.115861827689,120,0.11977224258,0.147907671715,0,0,0.06283292788,0.057670959979,0.125260960334,0,0.0374788746396,0.93716707212,2.41094776953,2.41094776953,0.06283292788,2.56397256188,0.028332836266,0,0.096928124068,0.218013719058,0,0.781986280942,559,11,0,230,800,800,1.00587867892,213.136448433,214.142327112,38.0236399046,1.07319356819,0.658085156381,0.635150371792,0.029701286185,2.37387294096,8.61879103447,29.7822969157,62.6920134529
BAND_DRAWDOWN,UPRO,LAG1,50,drawdown,0.2,0.1,rule,1986-09-26,1986-09-29,2026-09-02,10059,0.158491188829,-0.798985146528,356.050098204,39.9342915811,0.354812391859,0.505648945235,5275,1999-07-16,2009-03-09,2013-12-24,True,1751,5275,2000,-0.424512449864,2013,1.11303549442,-0.545595333795,-0.195009314916,-0.130665831369,0.0297324642549,240,0.0394226643494,0.111972065793,0.113365720546,120,0.117215961419,0.144762995292,0,0,0.0755825065674,0.0791591717158,0.111144248931,0,0,0.924417493433,2.37498447995,2.37498447995,0.0755825065674,2.56397256188,0.0282334228054,0,0.0829108261259,0.218013719058,0,0.781986280942,10,11,0,230,251,251,0.958227829401,210.263638727,211.221866556,34.3554768888,1.05852587858,0.653033095123,0.653121155559,0.0311259285327,2.16692382914,8.35494540089,27.808646308,57.7506090882
SP500_1X,UPRO,LAG1,50,none,0,0,none,1986-09-26,1986-09-29,2026-09-02,10059,0.112610960278,-0.552502410697,70.9068522733,39.9342915811,0.183480490505,0.503182502031,2243,2007-10-09,2009-03-09,2012-04-02,True,1120,1637,2008,-0.369976111327,1995,0.375762011774,-0.475191448321,-0.0819882366922,-0.0456206317854,0.0393487442999,240,0.0478816333553,0.0878386329462,0.0875454303093,120,0.0933527571049,0.103071862813,0,0,0,0,1,,,1,1,1,0,1,1,0,0,1,0,0,0,0,0,0,0,0,0,0,0,0,-0,0,0,0,2.54826487138,5.38753021325,14.5499731976,18.9771505948
UPRO_ALWAYS,UPRO,LAG1,50,none,0,0,none,1986-09-26,1986-09-29,2026-09-02,10059,0.137031711948,-0.982010922896,168.747896283,39.9342915811,0.550459443524,0.461466824148,6733,2000-03-23,2009-03-09,2018-08-29,True,3460,6733,2008,-0.85977473214,1995,1.22788602039,-0.922727364296,-0.391628546145,-0.309366009335,-0.0536605029174,240,-0.0318731056722,0.0609021503929,0.073481409059,120,0.077453271565,0.124421688364,0,0,0,0,1,,,1,3,3,0,3,0,0,1,0,0,1,0,0,0,0,0,0,0,0,0,0,-0,0,0,0,0.523173451691,3.26217003541,9.37556990637,33.7358413575
UPRO_SMA_TO_TBILL,UPRO,LAG1,50,none,0,0,none,1986-09-26,1986-09-29,2026-09-02,10059,0.151468514419,-0.714344721675,279.2916236,39.9342915811,0.356102320152,0.488243743478,5345,1999-07-16,2009-07-10,2014-03-04,True,1698,5345,2000,-0.483164019645,1995,1.22788602039,-0.489913826424,-0.153511880504,-0.113976659602,0.033822605365,240,0.0369703573718,0.1107760744,0.110197914303,120,0.111916238047,0.138756186952,0,0,0,0,1,,,1,2.34595884283,2.34595884283,0.218013719058,2.34595884283,0,0,0.781986280942,0,0,0.781986280942,0,0,0,230,230,230,0,230,230,33.2010346844,1.15288461942,0.684275291087,0.684275291087,0.0337268631524,2.06693508978,8.17581838602,24.1255666771,49.3352751363
NO_RESERVE,UPRO,LAG2,0,staged,0.15,0.1,rule,1986-09-26,1986-09-29,2026-09-02,10059,0.16817959531,-0.782365596882,496.533659669,39.9342915811,0.393735079259,0.523570030547,2858,1987-08-25,1987-10-19,1995-06-22,True,2803,2858,1987,-0.476786758558,1995,1.22788602039,-0.76517848706,-0.155287472582,-0.0985906597899,0.0671900014081,240,0.0759549699477,0.142567374668,0.116570594779,120,0.120701886521,0.177812723234,0,0,0,0,1,,,1,2.56397256188,2.56397256188,0,2.56397256188,0.218013719058,0,0.781986280942,0.218013719058,0,0.781986280942,0,0,0,230,230,0,0,230,230,0,-0,0,0,0,4.32396250105,14.3759444443,30.5330956507,135.64568507
FIXED_90_10,UPRO,LAG2,0,staged,0.15,0.1,quarterly,1986-09-26,1986-09-29,2026-09-02,10059,0.163578005671,-0.711184558378,424.127878914,39.9342915811,0.352256250929,0.524515294629,2835,1987-08-25,1987-10-19,1994-01-10,True,2275,2330,2022,-0.426916888466,1995,1.08107893427,-0.696247319038,-0.134828262794,-0.0826828760581,0.0684843796697,240,0.0757818378094,0.138249182624,0.117331757127,120,0.121096323784,0.168793046074,0,0,0.0998251585842,0.0978119798319,0,,,0.900174841416,2.3133332519,2.3133332519,0.0998251585842,2.56397256188,0,0,0,0.218013719058,0,0.781986280942,101,0,59,230,386,0,2.20633712667,204.191976416,206.375439418,0,-0,0,0,-8.881784197e-16,4.31006835813,13.32986827,30.857149983,107.680099972
FIXED_85_15,UPRO,LAG2,0,staged,0.15,0.1,quarterly,1986-09-26,1986-09-29,2026-09-02,10059,0.160184695417,-0.67507151113,377.437729494,39.9342915811,0.331933552017,0.525007509609,2763,1987-08-25,1987-10-19,1993-08-24,True,2136,2191,2022,-0.406023012514,1995,1.0104003752,-0.660727408136,-0.124751393781,-0.0749644083412,0.0685344861156,240,0.0751795435868,0.136316104188,0.116567457515,120,0.120141447853,0.16365992897,0,0,0.149498109782,0.14689653229,0,,,0.850501890218,2.18792667244,2.18792667244,0.149498109782,2.56397256188,0,0,0,0.218013719058,0,0.781986280942,101,0,59,230,386,0,3.09887932108,191.611492264,194.678041334,0,-0,0,0,8.881784197e-16,4.26206292804,12.8835470124,30.0783129821,94.3594001286
HWM_RESERVE,UPRO,LAG2,0,staged,0.15,0.1,rule,1986-09-26,1986-09-29,2026-09-02,10059,0.168887045035,-0.763408090698,508.684594643,39.9342915811,0.387112844923,0.525765160714,2849,1987-08-25,1987-10-19,1995-05-31,True,2781,2836,2022,-0.455238121737,1995,1.21550742121,-0.747891306698,-0.154918982179,-0.0977885018868,0.0666596653932,240,0.0753448409961,0.141382063245,0.117789891922,120,0.121829778403,0.17638028778,0,0,0.0127454308597,0,0.514464658515,0,0,0.98725456914,2.53111735461,2.53111735461,0.0127454308597,2.56397256188,0.10746595089,0,0.406998707625,0.218013719058,0,0.781986280942,548,74,0,230,806,0,1.24516360149,228.150796895,229.031895277,0,-0,0,0,-4.4408920985e-16,4.27518702187,14.0805973206,31.4685886082,130.776652444
ASYMMETRIC_RESERVE_BAND,UPRO,LAG2,0,staged,0.2,0.1,rule,1986-09-26,1986-09-29,2026-09-02,10059,0.169539807356,-0.718944722331,520.1530824,39.9342915811,0.376493192674,0.528418754,2840,1987-08-25,1987-10-19,1993-10-14,True,2187,2242,2022,-0.449811742424,1995,1.17506984412,-0.707389371272,-0.151073938826,-0.0939861478393,0.0679809495042,240,0.0750177440703,0.142053842269,0.121507917067,120,0.125302799819,0.173606462052,0,0,0.0339831940842,0,0.516353514266,0,0.0156079133115,0.966016805916,2.47682020913,2.47682020913,0.0339831940842,2.56397256188,0.107366537429,0,0.408986976837,0.218013719058,0,0.781986280942,22,76,0,230,281,0,3.81728867828,225.314443091,228.208712034,0,-0,0,0,-4.4408920985e-16,4.24925363027,14.2473793806,34.5264690822,121.807719059
HWM_DRAWDOWN,UPRO,LAG2,0,drawdown,0.15,0.1,rule,1986-09-26,1986-09-29,2026-09-02,10059,0.167823044809,-0.742611102308,490.517381029,39.9342915811,0.365022681538,0.530565317028,2820,1987-08-25,1987-12-04,1995-05-15,True,2719,2820,2022,-0.429798457508,2013,1.15509879253,-0.723258307949,-0.143384068628,-0.0790387408313,0.0765839882455,240,0.0844810677307,0.144499923831,0.120448939698,120,0.124334883567,0.176290059461,0,0,0.0711452416803,0.0708548856205,0.105080027836,0,0.038572422706,0.92885475832,2.39057808827,2.39057808827,0.0711452416803,2.56397256188,0.028332836266,0,0.0767471915697,0.218013719058,0,0.781986280942,581,11,0,230,822,0,1.10140436083,211.509854024,212.611258385,0,-0,0,0,6.66133814775e-16,5.06336802686,14.8729012514,33.6465260494,130.447801609
BAND_DRAWDOWN,UPRO,LAG2,0,drawdown,0.2,0.1,rule,1986-09-26,1986-09-29,2026-09-02,10059,0.167032098233,-0.74023837187,477.423881947,39.9342915811,0.364509262942,0.52873416196,2820,1987-08-25,1987-12-04,1995-05-15,True,2719,2820,2022,-0.425875690399,1995,1.12158335193,-0.720750563606,-0.131893874963,-0.0772992081928,0.0764121208949,240,0.0844832464425,0.145740560941,0.120499232098,120,0.124370553305,0.176246441315,0,0,0.0728359968924,0.0743480329831,0.107267123969,0,9.94134605826e-05,0.927164003108,2.38461356721,2.38461356721,0.0728359968924,2.56397256188,0.0282334228054,0,0.0790337011631,0.218013719058,0,0.781986280942,10,11,0,230,251,0,1.12233681617,211.352175507,212.474512323,0,-0,0,0,8.881784197e-16,5.06357147587,15.1961135087,33.6785655213,130.30448618
SP500_1X,UPRO,LAG2,0,none,0,0,none,1986-09-26,1986-09-29,2026-09-02,10059,0.112610960278,-0.552502410697,70.9068522733,39.9342915811,0.183480490505,0.503182502031,2243,2007-10-09,2009-03-09,2012-04-02,True,1120,1637,2008,-0.369976111327,1995,0.375762011774,-0.475191448321,-0.0819882366922,-0.0456206317854,0.0393487442999,240,0.0478816333553,0.0878386329462,0.0875454303093,120,0.0933527571049,0.103071862813,0,0,0,0,1,,,1,1,1,0,1,1,0,0,1,0,0,0,0,0,0,0,0,0,0,0,0,-0,0,0,0,2.54826487138,5.38753021325,14.5499731976,18.9771505948
UPRO_ALWAYS,UPRO,LAG2,0,none,0,0,none,1986-09-26,1986-09-29,2026-09-02,10059,0.137031711948,-0.982010922896,168.747896283,39.9342915811,0.550459443524,0.461466824148,6733,2000-03-23,2009-03-09,2018-08-29,True,3460,6733,2008,-0.85977473214,1995,1.22788602039,-0.922727364296,-0.391628546145,-0.309366009335,-0.0536605029174,240,-0.0318731056722,0.0609021503929,0.073481409059,120,0.077453271565,0.124421688364,0,0,0,0,1,,,1,3,3,0,3,0,0,1,0,0,1,0,0,0,0,0,0,0,0,0,0,-0,0,0,0,0.523173451691,3.26217003541,9.37556990637,33.7358413575
UPRO_SMA_TO_TBILL,UPRO,LAG2,0,none,0,0,none,1986-09-26,1986-09-29,2026-09-02,10059,0.148125852619,-0.80082855474,248.678381221,39.9342915811,0.369539467354,0.485914080104,3023,1987-08-25,1988-08-22,1995-12-04,True,2660,3023,1987,-0.551680417543,1995,1.22788602039,-0.797849150301,-0.141642051969,-0.0577510746725,0.0670382200944,240,0.0723391921531,0.142110043183,0.103858946985,120,0.107943205852,0.166281174866,0,0,0,0,1,,,1,2.34595884283,2.34595884283,0.218013719058,2.34595884283,0,0,0.781986280942,0,0,0.781986280942,0,0,0,230,230,0,0,230,230,0,-0,0,0,0,4.04321303659,14.2615169508,21.6563818524,100.990901259
NO_RESERVE,UPRO,LAG2,10,staged,0.15,0.1,rule,1986-09-26,1986-09-29,2026-09-02,10059,0.16146750132,-0.782448214197,394.467280767,39.9342915811,0.393745051986,0.508922941133,5009,1987-08-25,1987-12-04,1995-07-07,True,2772,2873,1987,-0.477832661828,1995,1.22788602039,-0.76564565917,-0.163865182831,-0.106491118876,0.059901097849,240,0.0686062016876,0.135088231431,0.110036263718,120,0.114143378549,0.170511976632,0,0,0,0,1,,,1,2.56397256188,2.56397256188,0,2.56397256188,0.218013719058,0,0.781986280942,0.218013719058,0,0.781986280942,0,0,0,230,230,230,0,230,230,7.44522546838,0.230115076724,0.20555782456,0.20555782456,0.00671209398968,3.77010812627,12.606511446,25.6033484025,112.558545653
FIXED_90_10,UPRO,LAG2,10,staged,0.15,0.1,quarterly,1986-09-26,1986-09-29,2026-09-02,10059,0.157577659378,-0.711188901919,345.008410869,39.9342915811,0.35226675388,0.509823226903,2854,1987-08-25,1987-10-19,1994-01-28,True,2293,2348,2022,-0.434519656212,1995,1.08094484375,-0.696791130689,-0.142653253602,-0.0898634831682,0.0619454348743,240,0.0692009381907,0.132001180143,0.111464956441,120,0.115209756397,0.162267168027,0,0,0.0998251585842,0.0978119798319,0,,,0.900174841416,2.3133332519,2.3133332519,0.0998251585842,2.56397256188,0,0,0,0.218013719058,0,0.781986280942,101,0,59,230,386,386,2.20633712667,204.191976416,206.375439418,6.46455200776,0.206466214909,0.186546256398,0.186546256398,0.00600034629238,3.81229608668,11.9381771431,26.3488480699,91.0486420845
FIXED_85_15,UPRO,LAG2,10,staged,0.15,0.1,quarterly,1986-09-26,1986-09-29,2026-09-02,10059,0.154540292962,-0.675078492214,310.64399693,39.9342915811,0.33194389266,0.510298889589,2840,1987-08-25,1987-10-19,1993-08-31,True,2143,2198,2022,-0.413429187216,1995,1.0102157773,-0.661303521602,-0.132190077643,-0.0817784184456,0.0623706469416,240,0.0689811646404,0.130230741974,0.111037210997,120,0.114593499719,0.157556187909,0,0,0.149498109782,0.14689653229,0,,,0.850501890218,2.18792667244,2.18792667244,0.149498109782,2.56397256188,0,0,0,0.218013719058,0,0.781986280942,101,0,59,230,386,386,3.09887932108,191.611492264,194.678041334,5.80661053171,0.194758047999,0.176966231365,0.176966231365,0.00564440245473,3.79665435345,11.5707935374,25.9155050524,80.6031338182
HWM_RESERVE,UPRO,LAG2,10,staged,0.15,0.1,rule,1986-09-26,1986-09-29,2026-09-02,10059,0.162262665993,-0.763411680854,405.396939991,39.9342915811,0.387284558868,0.511022573476,2919,1987-08-25,1987-10-19,1995-06-19,True,2800,2855,2022,-0.463195434429,1995,1.21778658181,-0.748364360601,-0.163830026324,-0.105857609411,0.0593963687224,240,0.0680547376138,0.13413226579,0.111331322731,120,0.115349885416,0.169117228543,0,0,0.0123315002429,0,0.522914802664,0,0,0.987668499757,2.53228742494,2.53228742494,0.0123315002429,2.56397256188,0.10746595089,0,0.417536534447,0.218013719058,0,0.781986280942,518,74,0,230,776,776,1.20273856781,228.215764305,229.067340194,7.59546928695,0.229180676843,0.204815150963,0.203048521106,0.00662437904187,3.73138632476,12.3958065622,26.4483578439,108.601310976
ASYMMETRIC_RESERVE_BAND,UPRO,LAG2,10,staged,0.2,0.1,rule,1986-09-26,1986-09-29,2026-09-02,10059,0.162872078272,-0.718944722331,413.972709161,39.9342915811,0.376505500795,0.513218336514,2877,1987-08-25,1987-10-19,1993-12-28,True,2262,2317,2022,-0.457706089329,1995,1.17485233713,-0.707865919405,-0.159629713386,-0.101867703821,0.0607479105732,240,0.0677290968639,0.134833959245,0.114975874109,120,0.118748654175,0.166432220654,0,0,0.0339822429834,0,0.516353514266,0,0.0156079133115,0.966017757017,2.47682270118,2.47682270118,0.0339822429834,2.56397256188,0.107366537429,0,0.408986976837,0.218013719058,0,0.781986280942,22,76,0,230,281,281,3.81756738868,225.314539672,228.209106744,7.93614636309,0.228319826513,0.204130321097,0.204132930923,0.00666772908416,3.70869875354,12.5501275418,28.9762705231,101.36373853
HWM_DRAWDOWN,UPRO,LAG2,10,drawdown,0.15,0.1,rule,1986-09-26,1986-09-29,2026-09-02,10059,0.161625130095,-0.743016030266,396.610829008,39.9342915811,0.365625472855,0.51574866583,2841,1987-08-25,1987-12-04,1995-06-05,True,2740,2841,2022,-0.437826448191,2013,1.16015625937,-0.723938060502,-0.153065029069,-0.0873083764014,0.0693657820037,240,0.0772795814041,0.137372359649,0.114248375568,120,0.118118778685,0.169730091853,0,0,0.0695714762246,0.0690560603529,0.106670643205,0,0.0377771150214,0.930428523775,2.39442441555,2.39442441555,0.0695714762246,2.56397256188,0.028332836266,0,0.0783378069391,0.218013719058,0,0.781986280942,554,11,0,230,795,795,1.06254776453,211.895584238,212.958132003,7.28108764419,0.213056040585,0.191889151057,0.191443882833,0.00619791471402,4.43168177389,13.1259249456,28.4907984401,110.323067754
BAND_DRAWDOWN,UPRO,LAG2,10,drawdown,0.2,0.1,rule,1986-09-26,1986-09-29,2026-09-02,10059,0.16084573047,-0.740467080922,386.121607617,39.9342915811,0.364531859321,0.514133755715,2841,1987-08-25,1987-12-04,1995-06-05,True,2740,2841,2022,-0.433477218363,1995,1.12145935277,-0.721244712786,-0.140169591299,-0.0847851540769,0.0695638339186,240,0.0775672322498,0.138935090907,0.11438472014,120,0.118234915728,0.169607020725,0,0,0.0728005691849,0.0743480329831,0.107267123969,0,9.94134605826e-05,0.927199430815,2.38469896344,2.38469896344,0.0728005691849,2.56397256188,0.0282334228054,0,0.0790337011631,0.218013719058,0,0.781986280942,10,11,0,230,251,251,1.1230210457,211.364694458,212.487715504,7.04244240301,0.212585157214,0.191508535491,0.191239436865,0.00618636776283,4.45540849969,13.4893312085,28.5797150254,109.975134621
SP500_1X,UPRO,LAG2,10,none,0,0,none,1986-09-26,1986-09-29,2026-09-02,10059,0.112610960278,-0.552502410697,70.9068522733,39.9342915811,0.183480490505,0.503182502031,2243,2007-10-09,2009-03-09,2012-04-02,True,1120,1637,2008,-0.369976111327,1995,0.375762011774,-0.475191448321,-0.0819882366922,-0.0456206317854,0.0393487442999,240,0.0478816333553,0.0878386329462,0.0875454303093,120,0.0933527571049,0.103071862813,0,0,0,0,1,,,1,1,1,0,1,1,0,0,1,0,0,0,0,0,0,0,0,0,0,0,0,-0,0,0,0,2.54826487138,5.38753021325,14.5499731976,18.9771505948
UPRO_ALWAYS,UPRO,LAG2,10,none,0,0,none,1986-09-26,1986-09-29,2026-09-02,10059,0.137031711948,-0.982010922896,168.747896283,39.9342915811,0.550459443524,0.461466824148,6733,2000-03-23,2009-03-09,2018-08-29,True,3460,6733,2008,-0.85977473214,1995,1.22788602039,-0.922727364296,-0.391628546145,-0.309366009335,-0.0536605029174,240,-0.0318731056722,0.0609021503929,0.073481409059,120,0.077453271565,0.124421688364,0,0,0,0,1,,,1,3,3,0,3,0,0,1,0,0,1,0,0,0,0,0,0,0,0,0,0,-0,0,0,0,0.523173451691,3.26217003541,9.37556990637,33.7358413575
UPRO_SMA_TO_TBILL,UPRO,LAG2,10,none,0,0,none,1986-09-26,1986-09-29,2026-09-02,10059,0.141528982869,-0.801226698459,197.560594162,39.9342915811,0.369552128932,0.470306967877,3025,1987-08-25,1988-08-22,1995-12-06,True,2662,3025,1987,-0.552576608389,1995,1.22788602039,-0.798251324863,-0.146094326326,-0.0660094748816,0.0594863463309,240,0.0647498012032,0.13467945531,0.097399006308,120,0.101459363507,0.159417568888,0,0,0,0,1,,,1,2.34595884283,2.34595884283,0.218013719058,2.34595884283,0,0,0.781986280942,0,0,0.781986280942,0,0,0,230,230,230,0,230,230,4.65917801439,0.230115076724,0.20555782456,0.20555782456,0.00659686974991,3.50772835132,12.5181553367,18.1598320737,84.6003682082
NO_RESERVE,UPRO,LAG2,25,staged,0.15,0.1,rule,1986-09-26,1986-09-29,2026-09-02,10059,0.151459138858,-0.78277486853,279.200824766,39.9342915811,0.393786844892,0.48692052291,5054,1987-08-25,1987-12-04,1995-09-05,True,2832,2933,2022,-0.486985609353,1995,1.22788602039,-0.766345549301,-0.17658449353,-0.118226746135,0.0490474743367,240,0.0576634359715,0.124176596133,0.100294265795,120,0.104365335404,0.159794471049,0,0,0,0,1,,,1,2.56397256188,2.56397256188,0,2.56397256188,0.218013719058,0,0.781986280942,0.218013719058,0,0.781986280942,0,0,0,230,230,230,0,230,230,14.0038305117,0.575719950167,0.43770010486,0.43770010486,0.0167204564519,3.06866737506,10.3929575835,19.6535951374,85.4120597075
FIXED_90_10,UPRO,LAG2,25,staged,0.15,0.1,quarterly,1986-09-26,1986-09-29,2026-09-02,10059,0.148625301782,-0.711195417231,253.035187678,39.9342915811,0.352306149524,0.487754041899,5037,1987-08-25,1987-10-19,1995-05-15,True,2765,2820,2022,-0.445747340824,1995,1.08074372,-0.697605769301,-0.154270988504,-0.100540867791,0.0522012719236,240,0.0593942319318,0.122390316104,0.102712866857,120,0.106428178862,0.152586395697,0,0,0.0998251585842,0.0978119798319,0,,,0.900174841416,2.3133332519,2.3133332519,0.0998251585842,2.56397256188,0,0,0,0.218013719058,0,0.781986280942,101,0,59,230,386,386,2.20633712667,204.191976416,206.375439418,12.5524820687,0.516506450185,0.403398832622,0.403398832622,0.0149527038886,3.17067756882,10.0667567325,20.7853320743,70.8417214385
FIXED_85_15,UPRO,LAG2,25,staged,0.15,0.1,quarterly,1986-09-26,1986-09-29,2026-09-02,10059,0.146116513232,-0.675088963839,231.877690708,39.9342915811,0.331981509627,0.488205173008,4990,1987-08-25,1987-10-19,1993-12-27,True,2261,2316,2022,-0.424376810661,1995,1.00993890404,-0.662166566657,-0.143241085099,-0.0919158627309,0.0531820486939,240,0.059741046027,0.121154612935,0.10278469353,120,0.106314566994,0.148392536997,0,0,0.149498109782,0.14689653229,0,,,0.850501890218,2.18792667244,2.18792667244,0.149498109782,2.56397256188,0,0,0,0.218013719058,0,0.781986280942,101,0,59,230,386,386,3.09887932108,191.611492264,194.678041334,11.4552166263,0.487195562673,0.385653122121,0.385653122121,0.0140681821849,3.19150196546,9.84714841609,20.7213951128,63.5028440768
HWM_RESERVE,UPRO,LAG2,25,staged,0.15,0.1,rule,1986-09-26,1986-09-29,2026-09-02,10059,0.152551761407,-0.76364105306,289.978594993,39.9342915811,0.387584012608,0.489270522065,5052,1987-08-25,1987-12-04,1995-07-06,True,2771,2872,2022,-0.474932111239,1995,1.22088135655,-0.749073109952,-0.17658449353,-0.117611084567,0.0488963147979,240,0.0575198157531,0.123792733347,0.101919939419,120,0.1059075242,0.158654499003,0,0,0.0115417824405,0,0.581568744408,0,0,0.988458217559,2.5345881886,2.5345881886,0.0115417824405,2.56397256188,0.145143652451,0,0.436425091957,0.218013719058,0,0.781986280942,496,62,0,230,751,751,1.14613254506,228.272341489,229.078495469,14.4209808322,0.573405638827,0.436397260824,0.429944216816,0.0163352836287,3.0603442244,10.3211937301,20.4938821029,82.9291414477
ASYMMETRIC_RESERVE_BAND,UPRO,LAG2,25,staged,0.2,0.1,rule,1986-09-26,1986-09-29,2026-09-02,10059,0.152929642809,-0.74378049979,293.799634925,39.9342915811,0.376550938328,0.490384352748,5051,1999-07-16,2009-03-09,2013-05-14,True,1527,5051,2022,-0.469349619147,1995,1.17452607666,-0.708580027819,-0.172317603726,-0.113576099236,0.0499769141335,240,0.0568753870821,0.123749582747,0.105237178689,120,0.108977005615,0.155888748506,0,0,0.0339808130627,0,0.516353514266,0,0.0156079133115,0.966019186937,2.47682644775,2.47682644775,0.0339808130627,2.56397256188,0.107366537429,0,0.408986976837,0.218013719058,0,0.781986280942,22,76,0,230,281,281,3.81798643124,225.314684896,228.209700209,14.9692246406,0.571216930523,0.435162347889,0.435166982825,0.016610164547,3.02326126695,10.3134077593,22.2708982103,77.1911352261
HWM_DRAWDOWN,UPRO,LAG2,25,drawdown,0.15,0.1,rule,1986-09-26,1986-09-29,2026-09-02,10059,0.15227849829,-0.743624084834,287.245659483,39.9342915811,0.366570183624,0.493339750661,2863,1987-08-25,1987-12-04,1995-06-22,True,2757,2858,2022,-0.44972308147,2013,1.16694912382,-0.724957330032,-0.167794122692,-0.0998239462693,0.0584453573735,240,0.0663908303296,0.127011905898,0.104883485571,120,0.108730745244,0.159672368964,0,0,0.0671980359579,0.0653564800457,0.110150114325,0,0.035490605428,0.932801964042,2.40015727164,2.40015727164,0.0671980359579,2.56397256188,0.028332836266,0,0.0818172780594,0.218013719058,0,0.781986280942,520,11,0,230,761,761,1.00194781966,212.494129994,213.496077814,13.9624378014,0.534356122957,0.413953489416,0.414402688687,0.0155445465192,3.61682953345,10.9288011425,22.1230033789,85.1427180788
BAND_DRAWDOWN,UPRO,LAG2,25,drawdown,0.2,0.1,rule,1986-09-26,1986-09-29,2026-09-02,10059,0.151615787622,-0.740810074621,280.721693585,39.9342915811,0.364590454945,0.49220035276,4967,1987-08-25,1987-12-04,1995-06-22,True,2757,2858,2022,-0.44470351076,1995,1.12127335403,-0.721985045467,-0.152455587405,-0.0959171346393,0.0593588679823,240,0.0672615138306,0.128728122145,0.105263279059,120,0.109081960099,0.159747058446,0,0,0.0727467776282,0.0743480329831,0.107267123969,0,9.94134605826e-05,0.927253222372,2.38482861496,2.38482861496,0.0727467776282,2.56397256188,0.0282334228054,0,0.0790337011631,0.218013719058,0,0.781986280942,10,11,0,230,251,251,1.12406020827,211.383702743,212.507762951,13.5310756301,0.531879095889,0.412500036969,0.412007433645,0.0154163106112,3.67635105192,11.2667409926,22.33422003,85.3074129017
SP500_1X,UPRO,LAG2,25,none,0,0,none,1986-09-26,1986-09-29,2026-09-02,10059,0.112610960278,-0.552502410697,70.9068522733,39.9342915811,0.183480490505,0.503182502031,2243,2007-10-09,2009-03-09,2012-04-02,True,1120,1637,2008,-0.369976111327,1995,0.375762011774,-0.475191448321,-0.0819882366922,-0.0456206317854,0.0393487442999,240,0.0478816333553,0.0878386329462,0.0875454303093,120,0.0933527571049,0.103071862813,0,0,0,0,1,,,1,1,1,0,1,1,0,0,1,0,0,0,0,0,0,0,0,0,0,0,0,-0,0,0,0,2.54826487138,5.38753021325,14.5499731976,18.9771505948
UPRO_ALWAYS,UPRO,LAG2,25,none,0,0,none,1986-09-26,1986-09-29,2026-09-02,10059,0.137031711948,-0.982010922896,168.747896283,39.9342915811,0.550459443524,0.461466824148,6733,2000-03-23,2009-03-09,2018-08-29,True,3460,6733,2008,-0.85977473214,1995,1.22788602039,-0.922727364296,-0.391628546145,-0.309366009335,-0.0536605029174,240,-0.0318731056722,0.0609021503929,0.073481409059,120,0.077453271565,0.124421688364,0,0,0,0,1,,,1,3,3,0,3,0,0,1,0,0,1,0,0,0,0,0,0,0,0,0,0,-0,0,0,0,0.523173451691,3.26217003541,9.37556990637,33.7358413575
UPRO_SMA_TO_TBILL,UPRO,LAG2,25,none,0,0,none,1986-09-26,1986-09-29,2026-09-02,10059,0.131692430569,-0.801823167145,139.831827684,39.9342915811,0.369599701872,0.446863754873,3082,1987-08-25,1988-08-22,1996-02-01,True,2719,3082,1987,-0.553919213458,1995,1.22788602039,-0.79885383944,-0.152737751207,-0.0782768008113,0.0482446463466,240,0.0534522532311,0.123427103482,0.0877679165955,120,0.0917926389304,0.149185089811,0,0,0,0,1,,,1,2.34595884283,2.34595884283,0.218013719058,2.34595884283,0,0,0.781986280942,0,0,0.781986280942,0,0,0,230,230,230,0,230,230,8.83388103851,0.575719950167,0.43770010486,0.43770010486,0.0164334220501,2.83373375744,10.2557715647,13.9398168446,64.8434415774
NO_RESERVE,UPRO,LAG2,50,staged,0.15,0.1,rule,1986-09-26,1986-09-29,2026-09-02,10059,0.134936946803,-0.805356589551,156.767945164,39.9342915811,0.393928026397,0.450178464728,5274,1999-07-16,2009-03-09,2013-12-23,True,1750,5274,2022,-0.50593715651,1995,1.22788602039,-0.76750971806,-0.197396002389,-0.137482756127,0.0311690056934,240,0.039638129169,0.106127614635,0.0842152448989,120,0.0882268224105,0.142745809994,0,0,0,0,1,,,1,2.56397256188,2.56397256188,0,2.56397256188,0.218013719058,0,0.781986280942,0.218013719058,0,0.781986280942,0,0,0,230,230,230,0,230,230,17.6109745986,1.15288461942,0.684275291087,0.684275291087,0.0332426485068,2.17592529624,7.51805327368,12.6366817904,54.7737696749
FIXED_90_10,UPRO,LAG2,50,staged,0.15,0.1,quarterly,1986-09-26,1986-09-29,2026-09-02,10059,0.133832407804,-0.752362119212,150.789229836,39.9342915811,0.352434824454,0.450902412223,5212,1999-07-16,2009-03-09,2013-10-22,True,1688,5212,2022,-0.463998576798,1995,1.08040854582,-0.698960625384,-0.17331841684,-0.118089627275,0.036131098837,240,0.0432208499452,0.106414057478,0.0882535997105,120,0.0919201948732,0.137188439946,0,0,0.0998251585842,0.0978119798319,0,,,0.900174841416,2.3133332519,2.3133332519,0.0998251585842,2.56397256188,0,0,0,0.218013719058,0,0.781986280942,101,0,59,230,386,386,2.20633712667,204.191976416,206.375439418,16.618807604,1.03415197814,0.644472251572,0.644472251572,0.0297455978667,2.33090818442,7.55712126313,13.9887602979,47.3205247633
FIXED_85_15,UPRO,LAG2,50,staged,0.15,0.1,quarterly,1986-09-26,1986-09-29,2026-09-02,10059,0.132190462306,-0.721890321359,142.310425199,39.9342915811,0.332103127735,0.451313362272,5178,1999-07-16,2009-03-09,2013-09-18,True,1654,5178,2022,-0.442199575365,1995,1.00947751151,-0.663601977136,-0.161377304886,-0.108590870883,0.0380190980808,240,0.0444929947272,0.10579527756,0.0891441388793,120,0.0926303506634,0.133925830933,0,0,0.149498109782,0.14689653229,0,,,0.850501890218,2.18792667244,2.18792667244,0.149498109782,2.56397256188,0,0,0,0.218013719058,0,0.781986280942,101,0,59,230,386,386,3.09887932108,191.611492264,194.678041334,15.561042047,0.975394835573,0.622956545998,0.622956545998,0.0279942331113,2.38841962739,7.47618799452,14.2643001049,43.4124411406
HWM_RESERVE,UPRO,LAG2,50,staged,0.15,0.1,rule,1986-09-26,1986-09-29,2026-09-02,10059,0.136400308033,-0.803855686717,165.045935672,39.9342915811,0.388112355962,0.452756577862,5274,1999-07-16,2009-03-09,2013-12-23,True,1750,5274,2022,-0.493972615498,1995,1.22496904573,-0.750252141361,-0.197396002389,-0.136867176846,0.0314224006468,240,0.0400003730565,0.106559910615,0.0862550555779,120,0.0901911012993,0.142093824151,0,0,0.0103474322644,0,0.603539119197,0,0,0.989652567736,2.53805343928,2.53805343928,0.0103474322644,2.56397256188,0.145143652451,0,0.458395466746,0.218013719058,0,0.781986280942,444,62,0,230,699,699,1.04669505117,228.372209397,229.098643777,18.3530549512,1.14833796104,0.682836530398,0.675543672032,0.0324867370021,2.19113886256,7.5791495926,13.3392165026,53.853288224
ASYMMETRIC_RESERVE_BAND,UPRO,LAG2,50,staged,0.2,0.1,rule,1986-09-26,1986-09-29,2026-09-02,10059,0.136515681693,-0.793692007221,165.716414,39.9342915811,0.3766985681,0.452253379899,5271,1999-07-16,2009-03-09,2013-12-20,True,1747,5271,2022,-0.488238433567,1995,1.1739823092,-0.709768305053,-0.193080607466,-0.132789658756,0.0322330707887,240,0.0389955350727,0.105640260324,0.0891633148345,120,0.0928487521055,0.139046771101,0,0,0.033978421103,0,0.516353514266,0,0.0156079133115,0.966021578897,2.47683271477,2.47683271477,0.033978421103,2.56397256188,0.107366537429,0,0.408986976837,0.218013719058,0,0.781986280942,22,76,0,230,281,281,3.81868745298,225.314927879,228.210693067,18.916164646,1.14382874182,0.68140314148,0.681408378405,0.0330241256625,2.14918412963,7.45311854742,14.3500894,49.7052095769
HWM_DRAWDOWN,UPRO,LAG2,50,drawdown,0.15,0.1,rule,1986-09-26,1986-09-29,2026-09-02,10059,0.137371714054,-0.758934702798,170.774755992,39.9342915811,0.368347509599,0.457413369716,5130,1999-07-16,2009-03-09,2013-08-01,True,1606,5130,2022,-0.469442692591,2013,1.18197841941,-0.726655214708,-0.189401152482,-0.119086381999,0.0413602347021,240,0.0494167868242,0.11012532543,0.0900773221839,120,0.0938980731792,0.14381013463,0,0,0.0626792540184,0.0593947027837,0.118003777712,0,0.0313152400835,0.937320745982,2.41185874614,2.41185874614,0.0626792540184,2.56397256188,0.028332836266,0,0.0896709414455,0.218013719058,0,0.781986280942,469,11,0,230,710,710,0.925195557741,213.462164041,214.387359599,18.40665313,1.07442656348,0.658506475977,0.651847696746,0.0304513307553,2.62397770559,8.08169375233,14.7692716014,56.3155100469
BAND_DRAWDOWN,UPRO,LAG2,50,drawdown,0.2,0.1,rule,1986-09-26,1986-09-29,2026-09-02,10059,0.136364040478,-0.745476346353,164.835718608,39.9342915811,0.364753995162,0.455570279212,5116,1999-07-16,2009-03-09,2013-07-18,True,1592,5116,2022,-0.462953621139,1995,1.12096335613,-0.723216557889,-0.172596294588,-0.114214636466,0.0425291058102,240,0.0502660465896,0.111723203335,0.0901942352915,120,0.0939608528338,0.143425959094,0,0,0.0726553615482,0.0743480329831,0.107267123969,0,9.94134605826e-05,0.927344638452,2.38504892465,2.38504892465,0.0726553615482,2.56397256188,0.0282334228054,0,0.0790337011631,0.218013719058,0,0.781986280942,10,11,0,230,251,251,1.12582694539,211.416006843,212.541833788,17.5978999592,1.06515247086,0.655324702178,0.654739268728,0.0306680577554,2.66677584909,8.31757102029,14.7947225327,55.7510403649
SP500_1X,UPRO,LAG2,50,none,0,0,none,1986-09-26,1986-09-29,2026-09-02,10059,0.112610960278,-0.552502410697,70.9068522733,39.9342915811,0.183480490505,0.503182502031,2243,2007-10-09,2009-03-09,2012-04-02,True,1120,1637,2008,-0.369976111327,1995,0.375762011774,-0.475191448321,-0.0819882366922,-0.0456206317854,0.0393487442999,240,0.0478816333553,0.0878386329462,0.0875454303093,120,0.0933527571049,0.103071862813,0,0,0,0,1,,,1,1,1,0,1,1,0,0,1,0,0,0,0,0,0,0,0,0,0,0,0,-0,0,0,0,2.54826487138,5.38753021325,14.5499731976,18.9771505948
UPRO_ALWAYS,UPRO,LAG2,50,none,0,0,none,1986-09-26,1986-09-29,2026-09-02,10059,0.137031711948,-0.982010922896,168.747896283,39.9342915811,0.550459443524,0.461466824148,6733,2000-03-23,2009-03-09,2018-08-29,True,3460,6733,2008,-0.85977473214,1995,1.22788602039,-0.922727364296,-0.391628546145,-0.309366009335,-0.0536605029174,240,-0.0318731056722,0.0609021503929,0.073481409059,120,0.077453271565,0.124421688364,0,0,0,0,1,,,1,3,3,0,3,0,0,1,0,0,1,0,0,0,0,0,0,0,0,0,0,-0,0,0,0,0.523173451691,3.26217003541,9.37556990637,33.7358413575
UPRO_SMA_TO_TBILL,UPRO,LAG2,50,none,0,0,none,1986-09-26,1986-09-29,2026-09-02,10059,0.115453869378,-0.802815289906,78.5139095239,39.9342915811,0.36975516639,0.407721145155,5178,1987-08-25,1988-08-22,1996-02-12,True,2730,3093,1987,-0.556152405378,1995,1.22788602039,-0.799856037667,-0.163717325052,-0.0984052307173,0.0297361620548,240,0.0348518200697,0.105120764685,0.0718719480305,120,0.0758378555588,0.132297681718,0,0,0,0,1,,,1,2.34595884283,2.34595884283,0.218013719058,2.34595884283,0,0,0.781986280942,0,0,0.781986280942,0,0,0,230,230,230,0,230,230,11.2699934611,1.15288461942,0.684275291087,0.684275291087,0.0326719832408,1.98428518908,7.38541769685,8.96289093419,41.5889484793
NO_RESERVE,SSO,LAG1,0,staged,0.15,0.1,rule,1986-09-26,1986-09-29,2026-09-02,10059,0.157994975634,-0.625548480047,350.010390714,39.9342915811,0.275447578581,0.557701488579,2612,2007-07-13,2009-03-09,2012-09-13,True,1284,1889,2008,-0.374784077534,1995,0.748832811145,-0.486650234725,-0.121410896623,-0.073341156273,0.0514729758784,240,0.0612123498705,0.123051896324,0.123108442017,120,0.125849000571,0.146361047483,0,0,0,0,1,,,1,1.78198628094,1.78198628094,0,1.78198628094,0.218013719058,0.781986280942,0,0.218013719058,0.781986280942,0,0,0,0,230,230,0,0,230,230,0,-0,0,0,0,3.28129977644,10.1858554068,35.0328017427,60.2407806895
FIXED_90_10,SSO,LAG1,0,staged,0.15,0.1,quarterly,1986-09-26,1986-09-29,2026-09-02,10059,0.148220848156,-0.581959554583,249.501376632,39.9342915811,0.247196415308,0.556905799408,2589,2007-07-13,2009-03-09,2011-04-29,True,781,1386,2008,-0.341215952385,1995,0.667878005055,-0.446491988543,-0.105262625999,-0.0607609949802,0.0512825288918,240,0.0596651076085,0.116318984127,0.116734392647,120,0.119203847965,0.136870428465,0,0,0.0986467981955,0.0978581356569,0,,,0.901353201804,1.60770452403,1.60770452403,0.0986467981955,1.78198628094,0,0,0,0.218013719058,0.781986280942,0,106,0,54,230,386,0,1.46911983769,205.722819912,207.171979257,0,-0,0,0,6.66133814775e-16,3.18693117528,9.03300226944,29.3320753802,46.9416469079
FIXED_85_15,SSO,LAG1,0,staged,0.15,0.1,quarterly,1986-09-26,1986-09-29,2026-09-02,10059,0.143070021427,-0.558665862251,208.495901949,39.9342915811,0.23318420611,0.556490083977,2581,2007-07-19,2009-03-09,2011-04-27,True,779,1378,2008,-0.324011675455,1995,0.628456209299,-0.425621373476,-0.0972624329138,-0.0546330979706,0.0508822119098,240,0.0586295793529,0.112587076685,0.11330529563,120,0.115638144568,0.131868529377,0,0,0.148022266469,0.146962077281,0,,,0.851977733531,1.52033114519,1.52033114519,0.148022266469,1.78198628094,0,0,0,0.218013719058,0.781986280942,0,106,0,54,230,386,0,2.08149702049,193.709830618,195.763027451,0,-0,0,0,6.66133814775e-16,3.12521924809,8.44656908784,26.6542027986,41.1244853177
HWM_RESERVE,SSO,LAG1,0,staged,0.15,0.1,rule,1986-09-26,1986-09-29,2026-09-02,10059,0.157086666907,-0.625277913212,339.212538878,39.9342915811,0.272124101107,0.558214333149,2612,2007-07-13,2009-03-09,2012-09-13,True,1284,1889,2008,-0.374750108286,1995,0.736800594006,-0.48658438802,-0.121290609455,-0.0730898683859,0.05105663282,240,0.0606788517482,0.121873242959,0.12235889605,120,0.1250389435,0.144965943692,0,0,0.0108161337479,0.00262713680983,0.345064121682,0,0,0.989183866252,1.76190753103,1.76190753103,0.0108161337479,1.78198628094,0.0938463067899,0.251217814892,0,0.218013719058,0.781986280942,0,770,109,0,230,1045,0,1.11076364651,228.479255424,229.287772688,0,-0,0,0,-6.66133814775e-16,3.24846503004,9.97651533331,34.284413316,58.0789622132
ASYMMETRIC_RESERVE_BAND,SSO,LAG1,0,staged,0.2,0.1,rule,1986-09-26,1986-09-29,2026-09-02,10059,0.153690587166,-0.617787167293,301.643643823,39.9342915811,0.26323520989,0.556660947116,2598,2007-07-13,2009-03-09,2012-09-06,True,1277,1882,2008,-0.373826165853,1995,0.69361785986,-0.48479013661,-0.118219604541,-0.0695845942812,0.0512141502622,240,0.0602577610525,0.119826088782,0.120062520366,120,0.124082050458,0.141289874063,0,0,0.0431170496311,0.0281804223589,0.352420717765,0,0,0.956882950369,1.70149789131,1.70149789131,0.0431170496311,1.78198628094,0.0937468933294,0.258673824436,0,0.218013719058,0.781986280942,0,31,111,0,230,307,0,5.37929331263,224.259463961,228.498387563,0,-0,0,0,-4.4408920985e-16,3.22276919153,9.61663834103,33.4202679839,52.7274017474
HWM_DRAWDOWN,SSO,LAG1,0,drawdown,0.15,0.1,rule,1986-09-26,1986-09-29,2026-09-02,10059,0.154014301572,-0.607242975907,305.042141853,39.9342915811,0.258332759077,0.563422265704,2512,2007-07-13,2009-03-09,2011-04-26,True,778,1383,2008,-0.35289745095,2013,0.684494025388,-0.466659552851,-0.114565611571,-0.0626770079828,0.0575060176695,240,0.0664948227667,0.121613343799,0.121228060319,120,0.123812726859,0.142985670612,0,0,0.0616490429135,0.061054662525,0.0609404513371,0,0.00606422109554,0.938350957087,1.67397566257,1.67397566257,0.0616490429135,1.78198628094,0.0188885575107,0.0420518938264,0,0.218013719058,0.781986280942,0,796,11,0,230,1037,0,0.91729890692,214.759320706,215.676619613,0,-0,0,0,-8.881784197e-16,3.62389020125,9.92805127371,33.1808706623,55.1395357671
BAND_DRAWDOWN,SSO,LAG1,0,drawdown,0.2,0.1,rule,1986-09-26,1986-09-29,2026-09-02,10059,0.15289385719,-0.587948102495,293.435685896,39.9342915811,0.257535862419,0.560546706976,2584,2007-07-13,2009-03-09,2011-02-07,True,700,1305,2008,-0.330446325566,1995,0.689659839613,-0.44905606327,-0.10574864543,-0.0605673250082,0.0555743973792,240,0.0648428354912,0.122673040967,0.120697926518,120,0.124174065181,0.142350902338,0,0,0.0672795065082,0.0707794652897,0.0954369221593,0,0,0.932720493492,1.6630919161,1.6630919161,0.0672795065082,1.78198628094,0.0279351824237,0.0675017397356,0,0.218013719058,0.781986280942,0,8,11,0,230,249,0,0.891505396427,213.736023162,214.627528559,0,-0,0,0,4.4408920985e-16,3.51325978181,10.1175271532,33.5024403705,54.2285964923
SP500_1X,SSO,LAG1,0,none,0,0,none,1986-09-26,1986-09-29,2026-09-02,10059,0.112610960278,-0.552502410697,70.9068522733,39.9342915811,0.183480490505,0.503182502031,2243,2007-10-09,2009-03-09,2012-04-02,True,1120,1637,2008,-0.369976111327,1995,0.375762011774,-0.475191448321,-0.0819882366922,-0.0456206317854,0.0393487442999,240,0.0478816333553,0.0878386329462,0.0875454303093,120,0.0933527571049,0.103071862813,0,0,0,0,1,,,1,1,1,0,1,1,0,0,1,0,0,0,0,0,0,0,0,0,0,0,0,-0,0,0,0,2.54826487138,5.38753021325,14.5499731976,18.9771505948
SSO_ALWAYS,SSO,LAG1,0,none,0,0,none,1986-09-26,1986-09-29,2026-09-02,10059,0.140759411879,-0.88382474662,192.311074147,39.9342915811,0.366968976402,0.460298883961,5279,2000-03-23,2009-03-09,2014-09-05,True,2006,5279,2008,-0.676497683449,1995,0.748832811145,-0.778554211141,-0.23594133465,-0.171834067002,0.00727631095862,240,0.0232778552273,0.0903607865308,0.0968235380278,120,0.101020701297,0.128313937002,0,0,0,0,1,,,1,2,2,0,2,0,1,0,0,1,0,0,0,0,0,0,0,0,0,0,0,-0,0,0,0,1.58442436795,5.64230075798,17.9441029972,37.4211359002
SSO_SMA_TO_TBILL,SSO,LAG1,0,none,0,0,none,1986-09-26,1986-09-29,2026-09-02,10059,0.147629121884,-0.44925050655,244.417863489,39.9342915811,0.23725989299,0.567886360633,2835,1999-07-16,2003-04-16,2007-04-20,True,1465,2835,2000,-0.286658998191,1995,0.748832811145,-0.333699058245,-0.0521511570305,-0.029902099278,0.0640646087088,240,0.0661808930893,0.121501630247,0.119959085368,120,0.121163943142,0.137895507474,0,0,0,0,1,,,1,1.56397256188,1.56397256188,0.218013719058,1.56397256188,0,0.781986280942,0,0,0.781986280942,0,0,0,0,230,230,0,0,230,230,0,-0,0,0,0,3.60261544269,9.90827808716,30.9324013158,48.2282905853
NO_RESERVE,SSO,LAG1,10,staged,0.15,0.1,rule,1986-09-26,1986-09-29,2026-09-02,10059,0.15134140015,-0.641699123674,278.063016225,39.9342915811,0.275486371873,0.536732246212,4946,1999-07-16,2009-03-09,2013-01-29,True,1422,4946,2008,-0.376033884163,1995,0.748832811145,-0.492242286745,-0.130332609646,-0.0813688365348,0.0442914195425,240,0.0539642736482,0.11577215034,0.116535850538,120,0.11926037095,0.139372055007,0,0,0,0,1,,,1,1.78198628094,1.78198628094,0,1.78198628094,0.218013719058,0.781986280942,0,0.218013719058,0.781986280942,0,0,0,0,230,230,230,0,230,230,6.98122536611,0.230115076724,0.20555782456,0.20555782456,0.0066535754838,2.86099959213,8.94372164646,29.3765505731,50.1333977376
FIXED_90_10,SSO,LAG1,10,staged,0.15,0.1,quarterly,1986-09-26,1986-09-29,2026-09-02,10059,0.142276874089,-0.588273607329,202.79596493,39.9342915811,0.247231379314,0.535855424972,2626,2007-07-13,2009-03-09,2012-09-13,True,1284,1889,2008,-0.342431749487,1995,0.667810737443,-0.451895867379,-0.113401277448,-0.0680615179289,0.0448234195912,240,0.0531544955095,0.109846425696,0.110738978332,120,0.113305284447,0.130698961741,0,0,0.0986467981955,0.0978581356569,0,,,0.901353201804,1.60770452403,1.60770452403,0.0986467981955,1.78198628094,0,0,0,0.218013719058,0.781986280942,0,106,0,54,230,386,386,1.46911983769,205.722819912,207.171979257,5.11692818161,0.207264058012,0.187195006023,0.187195006023,0.00594397406717,2.8173559407,8.04003786503,25.0317911523,39.855226404
FIXED_85_15,SSO,LAG1,10,staged,0.15,0.1,quarterly,1986-09-26,1986-09-29,2026-09-02,10059,0.137477931476,-0.564946211087,171.41280312,39.9342915811,0.233217240803,0.535401966209,2612,2007-07-19,2009-03-09,2012-09-13,True,1284,1883,2008,-0.325204591112,1995,0.628362642836,-0.430906656016,-0.104999698272,-0.0615628913128,0.0447851915943,240,0.0524876102733,0.106247996113,0.107538580815,120,0.110082739336,0.126171002073,0,0,0.148022266469,0.146962077281,0,,,0.851977733531,1.52033114519,1.52033114519,0.148022266469,1.78198628094,0,0,0,0.218013719058,0.781986280942,0,106,0,54,230,386,386,2.08149702049,193.709830618,195.763027451,4.33487556374,0.195844685436,0.177860084935,0.177860084935,0.00559208995097,2.78188928518,7.53442242891,22.9468239689,35.340406558
HWM_RESERVE,SSO,LAG1,10,staged,0.15,0.1,rule,1986-09-26,1986-09-29,2026-09-02,10059,0.150482041289,-0.641178475363,269.89412765,39.9342915811,0.272221149608,0.537072218058,4695,2000-03-23,2009-03-09,2013-01-29,True,1422,4695,2008,-0.376033884163,1995,0.737363011502,-0.492242286745,-0.130332609646,-0.0811996429818,0.0438480847117,240,0.0534128902539,0.11472951637,0.115481527581,120,0.118465910227,0.138015145311,0,0,0.0106225987988,0.0026563241892,0.415150611393,0,0,0.989377401201,1.76227177276,1.76227177276,0.0106225987988,1.78198628094,0.131822248732,0.283726016503,0,0.218013719058,0.781986280942,0,742,94,0,230,1012,1012,1.07259774598,228.515566917,229.29309508,6.78012246805,0.229406710368,0.204994869086,0.204350969623,0.00660462561799,2.83121315368,8.78055710195,28.7573665777,48.3721601831
ASYMMETRIC_RESERVE_BAND,SSO,LAG1,10,staged,0.2,0.1,rule,1986-09-26,1986-09-29,2026-09-02,10059,0.147104924031,-0.626466286813,239.998944625,39.9342915811,0.263272573442,0.534860867583,4558,2000-03-23,2009-03-09,2012-09-14,True,1285,4558,2008,-0.375075690068,1995,0.693445589623,-0.490363777261,-0.127109980835,-0.077572565018,0.0440904278781,240,0.0530780188202,0.11252714399,0.113216831097,120,0.117542181144,0.134554544824,0,0,0.0431158096707,0.0281804223589,0.352420717765,0,0,0.956884190329,1.70150018976,1.70150018976,0.0431158096707,1.78198628094,0.0937468933294,0.258673824436,0,0.218013719058,0.781986280942,0,31,111,0,230,307,307,5.37967695015,224.259725548,228.499084935,6.36912902192,0.228608797828,0.204360271379,0.204362665882,0.00658566313418,2.81326701581,8.43787670818,28.0532899716,44.1556967488
HWM_DRAWDOWN,SSO,LAG1,10,drawdown,0.15,0.1,rule,1986-09-26,1986-09-29,2026-09-02,10059,0.147859886576,-0.615918682178,246.388233298,39.9342915811,0.258903717572,0.542088418456,2597,2007-07-13,2009-03-09,2012-09-13,True,1284,1889,2008,-0.35699700033,2013,0.687834980031,-0.474771255886,-0.124095329158,-0.0708502604038,0.0504394060621,240,0.0593906774833,0.11483621225,0.115029574359,120,0.117604041119,0.136493278193,0,0,0.0596491454046,0.0576565562795,0.095735162541,0,0.00338005765981,0.940350854595,1.67747761832,1.67747761832,0.0596491454046,1.78198628094,0.0280345958843,0.0677005666567,0,0.218013719058,0.781986280942,0,770,11,0,230,1011,1011,0.879940130654,215.248745244,216.128685374,6.07248206138,0.216229621198,0.194449690792,0.192281329388,0.00615441499661,3.17046481231,8.79483384672,28.0999150228,46.468689655
BAND_DRAWDOWN,SSO,LAG1,10,drawdown,0.2,0.1,rule,1986-09-26,1986-09-29,2026-09-02,10059,0.14671620465,-0.594151861956,236.77248505,39.9342915811,0.257579442085,0.539623686508,2615,2007-07-13,2009-03-09,2011-02-14,True,707,1312,2008,-0.331739051408,1995,0.689659839613,-0.451204973188,-0.114311587382,-0.0681827625763,0.048761147442,240,0.0579697646014,0.115815401603,0.114260948878,120,0.118038573921,0.135897091603,0,0,0.0672462302275,0.0707794652897,0.0954369221593,0,0,0.932753769772,1.66315000549,1.66315000549,0.0672462302275,1.78198628094,0.0279351824237,0.0675017397356,0,0.218013719058,0.781986280942,0,8,11,0,230,249,249,0.892075700891,213.747750813,214.639826514,5.94233192026,0.214739393275,0.193248342309,0.193102623743,0.00617765254067,3.08649179015,8.95051916279,28.4295484187,45.7268507902
SP500_1X,SSO,LAG1,10,none,0,0,none,1986-09-26,1986-09-29,2026-09-02,10059,0.112610960278,-0.552502410697,70.9068522733,39.9342915811,0.183480490505,0.503182502031,2243,2007-10-09,2009-03-09,2012-04-02,True,1120,1637,2008,-0.369976111327,1995,0.375762011774,-0.475191448321,-0.0819882366922,-0.0456206317854,0.0393487442999,240,0.0478816333553,0.0878386329462,0.0875454303093,120,0.0933527571049,0.103071862813,0,0,0,0,1,,,1,1,1,0,1,1,0,0,1,0,0,0,0,0,0,0,0,0,0,0,0,-0,0,0,0,2.54826487138,5.38753021325,14.5499731976,18.9771505948
SSO_ALWAYS,SSO,LAG1,10,none,0,0,none,1986-09-26,1986-09-29,2026-09-02,10059,0.140759411879,-0.88382474662,192.311074147,39.9342915811,0.366968976402,0.460298883961,5279,2000-03-23,2009-03-09,2014-09-05,True,2006,5279,2008,-0.676497683449,1995,0.748832811145,-0.778554211141,-0.23594133465,-0.171834067002,0.00727631095862,240,0.0232778552273,0.0903607865308,0.0968235380278,120,0.101020701297,0.128313937002,0,0,0,0,1,,,1,2,2,0,2,0,1,0,0,1,0,0,0,0,0,0,0,0,0,0,0,-0,0,0,0,1.58442436795,5.64230075798,17.9441029972,37.4211359002
SSO_SMA_TO_TBILL,SSO,LAG1,10,none,0,0,none,1986-09-26,1986-09-29,2026-09-02,10059,0.141035106236,-0.468734416249,194.175859186,39.9342915811,0.23727768883,0.54355685843,2877,1999-07-16,2003-04-16,2007-06-01,True,1507,2877,2000,-0.297284536012,1995,0.748832811145,-0.335024648958,-0.0600847724263,-0.0384045835906,0.0567970515697,240,0.0588988817361,0.11394895933,0.112958812222,120,0.114158051254,0.131011984372,0,0,0,0,1,,,1,1.56397256188,1.56397256188,0.218013719058,1.56397256188,0,0.781986280942,0,0,0.781986280942,0,0,0,0,230,230,230,0,230,230,5.86620645948,0.230115076724,0.20555782456,0.20555782456,0.0065940156482,3.14115808196,8.65577650052,25.6286318483,40.1941787103
NO_RESERVE,SSO,LAG1,25,staged,0.15,0.1,rule,1986-09-26,1986-09-29,2026-09-02,10059,0.141420294275,-0.685606850831,196.810805996,39.9342915811,0.275582797649,0.505219349468,5051,1999-07-16,2009-03-09,2013-05-14,True,1527,5051,2008,-0.377906249547,1995,0.748832811145,-0.500526632134,-0.143562018967,-0.0932949694686,0.0335976426158,240,0.0431714445392,0.10512859348,0.106274010879,120,0.109437419606,0.128884552604,0,0,0,0,1,,,1,1.78198628094,1.78198628094,0,1.78198628094,0.218013719058,0.781986280942,0,0.218013719058,0.781986280942,0,0,0,0,230,230,230,0,230,230,13.3041995313,0.575719950167,0.43770010486,0.43770010486,0.0165746813583,2.32870140972,7.38365612435,22.549973637,37.9803131571
FIXED_90_10,SSO,LAG1,25,staged,0.15,0.1,quarterly,1986-09-26,1986-09-29,2026-09-02,10059,0.133408742251,-0.626260034987,148.55547785,39.9342915811,0.247317914885,0.504221519542,5017,1999-07-16,2009-03-09,2013-04-10,True,1493,5017,2008,-0.344253261925,1995,0.667709839707,-0.459911778343,-0.125484015624,-0.0789180468855,0.0351984283098,240,0.0434527577353,0.100020548139,0.101518133117,120,0.10450593188,0.121507999269,0,0,0.0986467981955,0.0978581356569,0,,,0.901353201804,1.60770452403,1.60770452403,0.0986467981955,1.78198628094,0,0,0,0.218013719058,0.781986280942,0,106,0,54,230,386,386,1.46911983769,205.722819912,207.171979257,10.0560995749,0.518505956049,0.404590548336,0.404590548336,0.0148121059055,2.3412933078,6.73002644947,19.7288001348,31.1940189591
FIXED_85_15,SSO,LAG1,25,staged,0.15,0.1,quarterly,1986-09-26,1986-09-29,2026-09-02,10059,0.129132379468,-0.593494549006,127.740520712,39.9342915811,0.23329884033,0.503711792164,4982,1999-07-16,2009-03-09,2013-03-06,True,1458,4982,2008,-0.326991882586,1995,0.628222300433,-0.438751670794,-0.116493371505,-0.0718731610848,0.0356964661606,240,0.0433318804743,0.0968929658309,0.098853008715,120,0.101792836681,0.117554984748,0,0,0.148022266469,0.146962077281,0,,,0.851977733531,1.52033114519,1.52033114519,0.148022266469,1.78198628094,0,0,0,0.218013719058,0.781986280942,0,106,0,54,230,386,386,2.08149702049,193.709830618,195.763027451,8.65033174047,0.489918361653,0.387323589968,0.387323589968,0.013937641959,2.33587479927,6.35748713613,18.3255056129,28.0586864429
HWM_RESERVE,SSO,LAG1,25,staged,0.15,0.1,rule,1986-09-26,1986-09-29,2026-09-02,10059,0.140801743172,-0.684628274075,192.596262325,39.9342915811,0.272487138363,0.505787832245,5047,1999-07-16,2009-03-09,2013-05-10,True,1523,5047,2008,-0.377906249547,1995,0.738177494944,-0.500526632134,-0.143562018967,-0.0931270009332,0.0334431298048,240,0.0429226281687,0.104322341665,0.105432690979,120,0.108889696385,0.127873252529,0,0,0.00983876881545,0.0018433173883,0.436723332339,0,0,0.990161231185,1.76380972295,1.76380972295,0.00983876881545,1.78198628094,0.132219902575,0.309374689333,0,0.218013719058,0.781986280942,0,695,87,0,230,961,961,1.01251602611,228.570105465,229.298360909,13.0052953635,0.573957036904,0.436707944627,0.432225403688,0.016284923735,2.3176177477,7.27645056698,22.2183545051,36.9726594895
ASYMMETRIC_RESERVE_BAND,SSO,LAG1,25,staged,0.2,0.1,rule,1986-09-26,1986-09-29,2026-09-02,10059,0.137285038423,-0.667012668707,170.255812469,39.9342915811,0.263366744819,0.502099404528,4789,2000-03-23,2009-03-09,2013-05-03,True,1516,4789,2008,-0.37694764768,1995,0.693187211419,-0.498621703966,-0.140294006735,-0.0894407177809,0.033482306604,240,0.0423864014602,0.101895368522,0.103014329638,120,0.107791877238,0.124390462238,0,0,0.043113945574,0.0281804223589,0.352420717765,0,0,0.956886054426,1.70150364512,1.70150364512,0.043113945574,1.78198628094,0.0937468933294,0.258673824436,0,0.218013719058,0.781986280942,0,31,111,0,230,307,307,5.38025375457,224.260118812,228.500133403,12.1853588167,0.571936712151,0.435568761372,0.435573014863,0.0164055487421,2.29390137819,6.96331068242,21.5678151208,33.7034532435
HWM_DRAWDOWN,SSO,LAG1,25,drawdown,0.15,0.1,rule,1986-09-26,1986-09-29,2026-09-02,10059,0.13878055702,-0.641454646403,179.429215485,39.9342915811,0.259748293447,0.510585410668,4981,1999-07-16,2009-03-09,2013-03-05,True,1457,4981,2008,-0.361989583426,2013,0.694529163569,-0.485816331867,-0.137956716498,-0.0827986764061,0.0400942750909,240,0.0489950391533,0.104651422543,0.105519528689,120,0.108473125038,0.126765035937,0,0,0.0566962922623,0.0529445565381,0.107267123969,0,0.0016900288299,0.943303707738,1.68277037342,1.68277037342,0.0566962922623,1.78198628094,0.028332836266,0.0789342877026,0,0.218013719058,0.781986280942,0,716,11,0,230,957,957,0.829307011795,215.892119455,216.721426467,11.8532321281,0.542438754152,0.4186711958,0.411788763365,0.015233744552,2.60296714944,7.32091647404,21.9693024754,35.9039960506
BAND_DRAWDOWN,SSO,LAG1,25,drawdown,0.2,0.1,rule,1986-09-26,1986-09-29,2026-09-02,10059,0.137499850783,-0.629987479819,171.544761204,39.9342915811,0.257680355683,0.508178264637,4956,1999-07-16,2009-03-09,2013-02-08,True,1432,4956,2008,-0.333675382957,1995,0.689659839613,-0.459178675945,-0.127023282874,-0.0795074406485,0.0386094948588,240,0.0477289795511,0.10586251701,0.104662018888,120,0.108885881013,0.126235823968,0,0,0.0671956796215,0.0707794652897,0.0954369221593,0,0,0.932804320378,1.66323824816,1.66323824816,0.0671956796215,1.78198628094,0.0279351824237,0.0675017397356,0,0.218013719058,0.781986280942,0,8,11,0,230,249,249,0.892942144648,213.765566996,214.658509141,11.550305923,0.53726925406,0.415658235454,0.415392300771,0.0153940064076,2.54085059048,7.48209086096,22.2160611046,35.3958778103
SP500_1X,SSO,LAG1,25,none,0,0,none,1986-09-26,1986-09-29,2026-09-02,10059,0.112610960278,-0.552502410697,70.9068522733,39.9342915811,0.183480490505,0.503182502031,2243,2007-10-09,2009-03-09,2012-04-02,True,1120,1637,2008,-0.369976111327,1995,0.375762011774,-0.475191448321,-0.0819882366922,-0.0456206317854,0.0393487442999,240,0.0478816333553,0.0878386329462,0.0875454303093,120,0.0933527571049,0.103071862813,0,0,0,0,1,,,1,1,1,0,1,1,0,0,1,0,0,0,0,0,0,0,0,0,0,0,0,-0,0,0,0,2.54826487138,5.38753021325,14.5499731976,18.9771505948
SSO_ALWAYS,SSO,LAG1,25,none,0,0,none,1986-09-26,1986-09-29,2026-09-02,10059,0.140759411879,-0.88382474662,192.311074147,39.9342915811,0.366968976402,0.460298883961,5279,2000-03-23,2009-03-09,2014-09-05,True,2006,5279,2008,-0.676497683449,1995,0.748832811145,-0.778554211141,-0.23594133465,-0.171834067002,0.00727631095862,240,0.0232778552273,0.0903607865308,0.0968235380278,120,0.101020701297,0.128313937002,0,0,0,0,1,,,1,2,2,0,2,0,1,0,0,1,0,0,0,0,0,0,0,0,0,0,0,-0,0,0,0,1.58442436795,5.64230075798,17.9441029972,37.4211359002
SSO_SMA_TO_TBILL,SSO,LAG1,25,none,0,0,none,1986-09-26,1986-09-29,2026-09-02,10059,0.131202809669,-0.496709580576,137.43613901,39.9342915811,0.237348892466,0.506974359685,3896,1999-07-16,2003-04-16,2010-03-16,True,2526,3896,2000,-0.312946189308,1995,0.748832811145,-0.337010572002,-0.0718755135897,-0.051034480863,0.0459752141833,240,0.0480555211402,0.102849799138,0.102527371962,120,0.103718215839,0.120814788313,0,0,0,0,1,,,1,1.56397256188,1.56397256188,0.218013719058,1.56397256188,0,0.781986280942,0,0,0.781986280942,0,0,0,0,230,230,230,0,230,230,11.258131577,0.575719950167,0.43770010486,0.43770010486,0.0164263122147,2.55673551081,7.08479635023,19.3214473348,30.616016119
NO_RESERVE,SSO,LAG1,50,staged,0.15,0.1,rule,1986-09-26,1986-09-29,2026-09-02,10059,0.125042148772,-0.747269055982,110.506928724,39.9342915811,0.27584533657,0.45257970102,5347,1999-07-16,2009-03-09,2014-03-06,True,1823,5347,2008,-0.381020606361,1995,0.748832811145,-0.514061352669,-0.165208158114,-0.11286757723,0.0159824788644,240,0.0253931185653,0.0873749005333,0.0892903691724,120,0.0932247863062,0.112033424257,0,0,0,0,1,,,1,1.78198628094,1.78198628094,0,1.78198628094,0.218013719058,0.781986280942,0,0.218013719058,0.781986280942,0,0,0,0,230,230,230,0,230,230,17.1538294172,1.15288461942,0.684275291087,0.684275291087,0.0329528268617,1.65123152348,5.3405524031,14.4989677075,24.1914994726
FIXED_90_10,SSO,LAG1,50,staged,0.15,0.1,quarterly,1986-09-26,1986-09-29,2026-09-02,10059,0.118755342593,-0.692685979966,88.3491923852,39.9342915811,0.247552927892,0.451381917219,5243,1999-07-16,2009-03-09,2013-11-22,True,1719,5243,2008,-0.347283295043,1995,0.667541686628,-0.473035066518,-0.145292014366,-0.0967634268231,0.0193253326402,240,0.0274530952578,0.0842525157787,0.0862929123063,120,0.0899689036168,0.106386651596,0,0,0.0986467981955,0.0978581356569,0,,,0.901353201804,1.60770452403,1.60770452403,0.0986467981955,1.78198628094,0,0,0,0.218013719058,0.781986280942,0,106,0,54,230,386,386,1.46911983769,205.722819912,207.171979257,13.620166267,1.0381673751,0.645896974285,0.645896974285,0.0294655055632,1.71885838231,5.04207015587,13.2578912746,20.7649188573
FIXED_85_15,SSO,LAG1,50,staged,0.15,0.1,quarterly,1986-09-26,1986-09-29,2026-09-02,10059,0.115336068571,-0.661968436902,78.1834664485,39.9342915811,0.233520188241,0.450779266317,5219,1999-07-16,2009-03-09,2013-10-29,True,1695,5219,2008,-0.329965150941,1995,0.62798841587,-0.451608379059,-0.135353668703,-0.0888339487366,0.0206990257949,240,0.0282238752138,0.0818486810165,0.0845043131747,120,0.0880909087662,0.103312338292,0,0,0.148022266469,0.146962077281,0,,,0.851977733531,1.52033114519,1.52033114519,0.148022266469,1.78198628094,0,0,0,0.218013719058,0.781986280942,0,106,0,54,230,386,386,2.08149702049,193.709830618,195.763027451,12.0065382417,0.980861187416,0.62501197521,0.62501197521,0.0277339528562,1.74483224326,4.8236673049,12.5894176868,19.1018512509
HWM_RESERVE,SSO,LAG1,50,staged,0.15,0.1,rule,1986-09-26,1986-09-29,2026-09-02,10059,0.124725712096,-0.7464530473,109.272467362,39.9342915811,0.273006717245,0.453335460389,5345,1999-07-16,2009-03-09,2014-03-04,True,1821,5345,2008,-0.381020606361,1995,0.739501887161,-0.514061352669,-0.165208158114,-0.112696358391,0.0161493508727,240,0.0254866503755,0.0866251855175,0.0887442406506,120,0.092978056032,0.111430533531,0,0,0.0086352392115,0.000299252560187,0.482354110747,0,0,0.991364760788,1.76616202918,1.76616202918,0.0086352392115,1.78198628094,0.132518142957,0.354607813898,0,0.218013719058,0.781986280942,0,621,84,0,230,886,886,0.910290750698,228.672837122,229.319225107,16.9031339649,1.14944791628,0.683188372353,0.677864303827,0.0323609548115,1.65424649552,5.26741466085,14.40111553,23.8010127154
ASYMMETRIC_RESERVE_BAND,SSO,LAG1,50,staged,0.2,0.1,rule,1986-09-26,1986-09-29,2026-09-02,10059,0.12107386586,-0.731776723669,95.9638702958,39.9342915811,0.263625232076,0.447375960523,5340,1999-07-16,2009-03-09,2014-02-27,True,1816,5340,2008,-0.380061367136,1995,0.692756653614,-0.512115502393,-0.161868734385,-0.108920841073,0.0160070094858,240,0.0247733581469,0.0842170726981,0.0861850196461,120,0.0914956860448,0.107588090451,0,0,0.0431108276137,0.0281804223589,0.352420717765,0,0,0.956889172386,1.70150942458,1.70150942458,0.0431108276137,1.78198628094,0.0937468933294,0.258673824436,0,0.218013719058,0.781986280942,0,31,111,0,230,307,307,5.38121870718,224.260776624,228.501887303,15.8186982848,1.14525945149,0.681858635171,0.68186344297,0.032616721305,1.63138522101,5.03882058963,13.8331457789,21.455136255
HWM_DRAWDOWN,SSO,LAG1,50,drawdown,0.15,0.1,rule,1986-09-26,1986-09-29,2026-09-02,10059,0.12408553918,-0.708744069863,106.81604379,39.9342915811,0.261338817188,0.459352330406,5212,1999-07-16,2009-03-09,2013-10-22,True,1688,5212,2008,-0.365917795289,2013,0.704370312753,-0.499931323733,-0.159098708562,-0.101612509921,0.023544398078,240,0.0323880845377,0.0882753835908,0.0900194127043,120,0.0937805445218,0.1116438386,0,0,0.0510949283318,0.0457208117601,0.123570931504,0,0.000795307684661,0.948905071668,1.69308722972,1.69308722972,0.0510949283318,1.78198628094,0.028332836266,0.0952380952381,0,0.218013719058,0.781986280942,0,642,11,0,230,883,883,0.761624184525,216.981644464,217.743268648,16.0170311664,1.09128658963,0.664215800793,0.649831845721,0.0299287623924,1.89173225354,5.42974574401,14.721739107,23.9385895024
BAND_DRAWDOWN,SSO,LAG1,50,drawdown,0.2,0.1,rule,1986-09-26,1986-09-29,2026-09-02,10059,0.122272112352,-0.69838362538,100.146315182,39.9342915811,0.257943256993,0.455645461477,5212,1999-07-16,2009-03-09,2013-10-22,True,1688,5212,2022,-0.337440447127,1995,0.689659839613,-0.472234044965,-0.147859993749,-0.0981220362149,0.0218705739802,240,0.0308430892724,0.0890934856905,0.0888135515576,120,0.0937653246176,0.110435446291,0,0,0.0671097008826,0.0707794652897,0.0954369221593,0,0,0.932890299117,1.66338832972,1.66338832972,0.0671097008826,1.78198628094,0.0279351824237,0.0675017397356,0,0.218013719058,0.781986280942,0,8,11,0,230,249,249,0.894416061601,213.795870919,214.690286981,15.364220306,1.07594798171,0.659025635421,0.658711192963,0.0306217448386,1.83590952746,5.51264468044,14.7155944975,23.1707035683
SP500_1X,SSO,LAG1,50,none,0,0,none,1986-09-26,1986-09-29,2026-09-02,10059,0.112610960278,-0.552502410697,70.9068522733,39.9342915811,0.183480490505,0.503182502031,2243,2007-10-09,2009-03-09,2012-04-02,True,1120,1637,2008,-0.369976111327,1995,0.375762011774,-0.475191448321,-0.0819882366922,-0.0456206317854,0.0393487442999,240,0.0478816333553,0.0878386329462,0.0875454303093,120,0.0933527571049,0.103071862813,0,0,0,0,1,,,1,1,1,0,1,1,0,0,1,0,0,0,0,0,0,0,0,0,0,0,0,-0,0,0,0,2.54826487138,5.38753021325,14.5499731976,18.9771505948
SSO_ALWAYS,SSO,LAG1,50,none,0,0,none,1986-09-26,1986-09-29,2026-09-02,10059,0.140759411879,-0.88382474662,192.311074147,39.9342915811,0.366968976402,0.460298883961,5279,2000-03-23,2009-03-09,2014-09-05,True,2006,5279,2008,-0.676497683449,1995,0.748832811145,-0.778554211141,-0.23594133465,-0.171834067002,0.00727631095862,240,0.0232778552273,0.0903607865308,0.0968235380278,120,0.101020701297,0.128313937002,0,0,0,0,1,,,1,2,2,0,2,0,1,0,0,1,0,0,0,0,0,0,0,0,0,0,0,-0,0,0,0,1.58442436795,5.64230075798,17.9441029972,37.4211359002
SSO_SMA_TO_TBILL,SSO,LAG1,50,none,0,0,none,1986-09-26,1986-09-29,2026-09-02,10059,0.114971274008,-0.540183011014,77.1687588031,39.9342915811,0.237586117386,0.445829709642,5235,1999-07-16,2003-04-16,2013-11-14,True,3865,5235,2000,-0.338327022537,1995,0.748832811145,-0.340394440036,-0.0912373716185,-0.0717578237841,0.0281491047593,240,0.0301939579321,0.0844625280334,0.0853242513747,120,0.0865011911078,0.104158066885,0,0,0,0,1,,,1,1.56397256188,1.56397256188,0.218013719058,1.56397256188,0,0.781986280942,0,0,0.781986280942,0,0,0,0,230,230,230,0,230,230,14.695925691,1.15288461942,0.684275291087,0.684275291087,0.0326578478755,1.81292554513,5.06163712677,12.0546003392,19.5380118216
NO_RESERVE,SSO,LAG2,0,staged,0.15,0.1,rule,1986-09-26,1986-09-29,2026-09-02,10059,0.146364548359,-0.641205400488,233.890117943,39.9342915811,0.281372195553,0.518565725483,2698,2007-07-13,2009-03-09,2013-01-18,True,1411,2016,2008,-0.385725479694,1995,0.748832811145,-0.537633543021,-0.117821238131,-0.0656341844326,0.0564314607596,240,0.0662167632158,0.122266296269,0.110711824598,120,0.113422133485,0.144051929852,0,0,0,0,1,,,1,1.78198628094,1.78198628094,0,1.78198628094,0.218013719058,0.781986280942,0,0.218013719058,0.781986280942,0,0,0,0,230,230,0,0,230,230,0,-0,0,0,0,3.60504031418,10.0443690928,25.1107325818,56.6934149134
FIXED_90_10,SSO,LAG2,0,staged,0.15,0.1,quarterly,1986-09-26,1986-09-29,2026-09-02,10059,0.138480538702,-0.597015007858,177.551104724,39.9342915811,0.251922223543,0.51910350665,2485,2007-07-13,2009-03-09,2012-09-13,True,1284,1889,2008,-0.351469534501,1995,0.66795602684,-0.483466924113,-0.101801065663,-0.0537717773991,0.0557392886957,240,0.064214239406,0.116103811944,0.106410494832,120,0.108857452505,0.13500824821,0,0,0.0992917994766,0.0981869130315,0,,,0.900708200523,1.60676623263,1.60676623263,0.0992917994766,1.78198628094,0,0,0,0.218013719058,0.781986280942,0,107,0,53,230,386,0,1.53415688683,205.557331237,207.073694932,0,-0,0,0,6.66133814775e-16,3.47201275171,8.99689953293,22.198980081,44.6889101337
FIXED_85_15,SSO,LAG2,0,staged,0.15,0.1,quarterly,1986-09-26,1986-09-29,2026-09-02,10059,0.134183272857,-0.573351388384,152.66390555,39.9342915811,0.237394220211,0.519374111056,2434,2007-07-19,2009-03-09,2012-09-07,True,1278,1877,2008,-0.333891036796,1995,0.628564744253,-0.45838357192,-0.0938877888247,-0.0480118413898,0.0550896866282,240,0.062944514612,0.112564250265,0.103910049092,120,0.106223697799,0.130171738995,0,0,0.148909779889,0.147428870305,0,,,0.851090220111,1.51902794019,1.51902794019,0.148909779889,1.78198628094,0,0,0,0.218013719058,0.781986280942,0,107,0,53,230,386,0,2.16885530916,193.485530113,195.629165572,0,-0,0,0,6.66133814775e-16,3.39009525692,8.44310205506,20.6703938489,39.3080854945
HWM_RESERVE,SSO,LAG2,0,staged,0.15,0.1,rule,1986-09-26,1986-09-29,2026-09-02,10059,0.14581459119,-0.640099243153,229.450826125,39.9342915811,0.277861453613,0.519549479213,2686,2007-07-13,2009-03-09,2013-01-17,True,1410,2015,2008,-0.38555924994,1995,0.739850956148,-0.527970551323,-0.117478184632,-0.0652722693183,0.0560105401952,240,0.0657126950393,0.121479629083,0.110423596083,120,0.113080377137,0.142762100708,0,0,0.0105065384581,0.00190586242444,0.409881697982,0,0,0.989493461542,1.76265032828,1.76265032828,0.0105065384581,1.78198628094,0.0983199125162,0.311561785466,0,0.218013719058,0.781986280942,0,729,89,0,230,995,0,1.05319869985,228.516938786,229.277355134,0,-0,0,0,4.4408920985e-16,3.57110635583,9.90439296238,24.8805219155,54.8171941425
ASYMMETRIC_RESERVE_BAND,SSO,LAG2,0,staged,0.2,0.1,rule,1986-09-26,1986-09-29,2026-09-02,10059,0.142823830734,-0.635017380227,206.710144175,39.9342915811,0.269153514678,0.516885577756,2679,2007-07-13,2009-03-09,2012-09-13,True,1284,1889,2008,-0.384807325622,1995,0.698838747604,-0.520283909524,-0.116977228898,-0.065012166487,0.0547470378134,240,0.0640551948257,0.118196482316,0.109901722166,120,0.112372091351,0.138364697178,0,0,0.0397551650099,0.0132228321304,0.411969380654,0,0,0.96024483499,1.70857667801,1.70857667801,0.0397551650099,1.78198628094,0.0982204990556,0.313748881599,0,0.218013719058,0.781986280942,0,25,91,0,230,292,0,4.42437758894,225.426932026,228.949238103,0,-0,0,0,6.66133814775e-16,3.46164977219,9.3403429731,24.409890898,48.8118813321
HWM_DRAWDOWN,SSO,LAG2,0,drawdown,0.15,0.1,rule,1986-09-26,1986-09-29,2026-09-02,10059,0.143868629185,-0.620029508704,214.392790701,39.9342915811,0.264468067634,0.525285198407,2366,2007-07-13,2009-03-09,2012-09-06,True,1277,1882,2008,-0.360189531518,1995,0.695273768852,-0.512467430887,-0.109746816266,-0.0545906124342,0.0622492085407,240,0.0713356494669,0.122116043915,0.1106463334,120,0.113211530973,0.141629013158,0,0,0.0584419000425,0.0572509870914,0.0953375086987,0,0.00178944229049,0.941558099957,1.68014966567,1.68014966567,0.0584419000425,1.78198628094,0.0280345958843,0.0673029128144,0,0.218013719058,0.781986280942,0,753,11,0,230,994,0,0.894206736467,215.47845768,216.372664416,0,-0,0,0,4.4408920985e-16,3.96744698589,10.0200947123,24.9686262449,53.1898358285
BAND_DRAWDOWN,SSO,LAG2,0,drawdown,0.2,0.1,rule,1986-09-26,1986-09-29,2026-09-02,10059,0.142580949326,-0.605940451642,204.963006772,39.9342915811,0.262816685666,0.522320162231,2369,2007-07-13,2009-03-09,2012-03-16,True,1103,1708,2008,-0.343662784732,1995,0.679053323602,-0.49804689225,-0.104108278722,-0.0529349618174,0.0606276577391,240,0.0698749345801,0.122601129644,0.110915117753,120,0.11341266723,0.140483023085,0,0,0.0655949327678,0.067882946321,0.103986479769,0,0,0.934405067232,1.66630831404,1.66630831404,0.0655949327678,1.78198628094,0.0282334228054,0.0757530569639,0,0.218013719058,0.781986280942,0,8,11,0,230,249,0,0.902124639126,215.044020781,215.94614542,0,-0,0,0,-4.4408920985e-16,3.86064844943,10.1043812208,25.1043283757,51.6206016267
SP500_1X,SSO,LAG2,0,none,0,0,none,1986-09-26,1986-09-29,2026-09-02,10059,0.112610960278,-0.552502410697,70.9068522733,39.9342915811,0.183480490505,0.503182502031,2243,2007-10-09,2009-03-09,2012-04-02,True,1120,1637,2008,-0.369976111327,1995,0.375762011774,-0.475191448321,-0.0819882366922,-0.0456206317854,0.0393487442999,240,0.0478816333553,0.0878386329462,0.0875454303093,120,0.0933527571049,0.103071862813,0,0,0,0,1,,,1,1,1,0,1,1,0,0,1,0,0,0,0,0,0,0,0,0,0,0,0,-0,0,0,0,2.54826487138,5.38753021325,14.5499731976,18.9771505948
SSO_ALWAYS,SSO,LAG2,0,none,0,0,none,1986-09-26,1986-09-29,2026-09-02,10059,0.140759411879,-0.88382474662,192.311074147,39.9342915811,0.366968976402,0.460298883961,5279,2000-03-23,2009-03-09,2014-09-05,True,2006,5279,2008,-0.676497683449,1995,0.748832811145,-0.778554211141,-0.23594133465,-0.171834067002,0.00727631095862,240,0.0232778552273,0.0903607865308,0.0968235380278,120,0.101020701297,0.128313937002,0,0,0,0,1,,,1,2,2,0,2,0,1,0,0,1,0,0,0,0,0,0,0,0,0,0,0,-0,0,0,0,1.58442436795,5.64230075798,17.9441029972,37.4211359002
SSO_SMA_TO_TBILL,SSO,LAG2,0,none,0,0,none,1986-09-26,1986-09-29,2026-09-02,10059,0.126685297176,-0.605705627159,117.138918542,39.9342915811,0.246352809527,0.484368659172,2191,1987-08-25,1988-08-22,1993-08-24,True,1828,2191,2022,-0.326402025916,1995,0.748832811145,-0.601962482141,-0.0437244575804,-0.0186046111474,0.0630915306205,240,0.0666255383516,0.116893492229,0.0980668762351,120,0.10074632949,0.13328167312,0,0,0,0,1,,,1,1.56397256188,1.56397256188,0.218013719058,1.56397256188,0,0.781986280942,0,0,0.781986280942,0,0,0,0,230,230,0,0,230,230,0,-0,0,0,0,3.63342541291,9.12795500825,17.8104316577,42.6786182397
NO_RESERVE,SSO,LAG2,10,staged,0.15,0.1,rule,1986-09-26,1986-09-29,2026-09-02,10059,0.139777798662,-0.647256355743,185.812174112,39.9342915811,0.281386293803,0.49806193789,2832,2007-07-13,2009-03-09,2013-02-08,True,1432,2037,2008,-0.386953414461,1995,0.748832811145,-0.538553410671,-0.126779402668,-0.0737286304799,0.0492160379913,240,0.0589345068698,0.114920335183,0.1042117799,120,0.106906227671,0.137169942099,0,0,0,0,1,,,1,1.78198628094,1.78198628094,0,1.78198628094,0.218013719058,0.781986280942,0,0.218013719058,0.781986280942,0,0,0,0,230,230,230,0,230,230,4.95308726061,0.230115076724,0.20555782456,0.20555782456,0.00658674969663,3.14327235278,8.8080022072,21.0564576317,47.2974420505
FIXED_90_10,SSO,LAG2,10,staged,0.15,0.1,quarterly,1986-09-26,1986-09-29,2026-09-02,10059,0.132589778539,-0.603079648062,144.32862925,39.9342915811,0.251936109958,0.498483594607,2737,2007-07-13,2009-03-09,2013-01-22,True,1415,2020,2008,-0.352667332815,1995,0.667885468322,-0.485287060448,-0.109964946221,-0.0611243618122,0.0492520285223,240,0.0576749027297,0.109686527992,0.100581498348,120,0.103015564506,0.128865479705,0,0,0.0992917994766,0.0981869130315,0,,,0.900708200523,1.60676623263,1.60676623263,0.0992917994766,1.78198628094,0,0,0,0.218013719058,0.781986280942,0,107,0,53,230,386,386,1.53415688683,205.557331237,207.073694932,3.84539350928,0.207165634412,0.187115002892,0.187115002892,0.0058907601625,3.06933282855,8.01689657165,18.9455629187,37.9610805032
FIXED_85_15,SSO,LAG2,10,staged,0.15,0.1,quarterly,1986-09-26,1986-09-29,2026-09-02,10059,0.128638446506,-0.579390105987,125.527914327,39.9342915811,0.237407785412,0.498700819749,2699,2007-07-19,2009-03-09,2012-09-14,True,1285,1884,2008,-0.335067657586,1995,0.628466675884,-0.463330375189,-0.101645146432,-0.0549869330301,0.048967125145,240,0.056776372485,0.10672228775,0.0984159031027,120,0.10071803681,0.124477150926,0,0,0.148909779889,0.147428870305,0,,,0.851090220111,1.51902794019,1.51902794019,0.148909779889,1.78198628094,0,0,0,0.218013719058,0.781986280942,0,107,0,53,230,386,386,2.16885530916,193.485530113,195.629165572,3.34285083122,0.195710650611,0.17774988217,0.17774988217,0.00554482635098,3.01760155105,7.59929325287,17.7967026074,33.7745373531
HWM_RESERVE,SSO,LAG2,10,staged,0.15,0.1,rule,1986-09-26,1986-09-29,2026-09-02,10059,0.139281249488,-0.646577128397,182.606763544,39.9342915811,0.277964058608,0.498875890437,2831,2007-07-13,2009-03-09,2013-02-08,True,1432,2037,2008,-0.386851828353,1995,0.740369021377,-0.528885958199,-0.126514632861,-0.0734069452243,0.0488014139207,240,0.0584436525312,0.11420806972,0.103948871158,120,0.10659150566,0.135966723376,0,0,0.0101883484281,0.00110039921806,0.423700169003,0,0,0.989811651572,1.76325827303,1.76325827303,0.0101883484281,1.78198628094,0.0983199125162,0.325479669947,0,0.218013719058,0.781986280942,0,692,89,0,230,958,958,1.00879116084,228.566727761,229.292630372,4.86769067561,0.229406296626,0.204994540158,0.204157306262,0.00653334170133,3.11425991685,8.69616217467,20.8775811808,45.8189875635
ASYMMETRIC_RESERVE_BAND,SSO,LAG2,10,staged,0.2,0.1,rule,1986-09-26,1986-09-29,2026-09-02,10059,0.136287426334,-0.641023687458,164.392499079,39.9342915811,0.26916925394,0.49554712235,2770,2007-07-13,2009-03-09,2013-01-29,True,1422,2027,2008,-0.386035072274,1995,0.698665902734,-0.525476984496,-0.12588885248,-0.0730596914185,0.0475840406518,240,0.0568289841164,0.1110212676,0.103420898805,120,0.105876843267,0.13150554157,0,0,0.0397542593895,0.0132099844033,0.411969380654,0,0,0.960245740611,1.70857833542,1.70857833542,0.0397542593895,1.78198628094,0.0982204990556,0.313748881599,0,0.218013719058,0.781986280942,0,25,91,0,230,292,292,4.42471096406,225.427062443,228.949727925,4.60200241801,0.229060547321,0.204719620049,0.20471973093,0.00653640439959,3.02060759952,8.21198232386,20.4768314757,40.716905567
HWM_DRAWDOWN,SSO,LAG2,10,drawdown,0.15,0.1,rule,1986-09-26,1986-09-29,2026-09-02,10059,0.137757994077,-0.628535149792,173.1063003,39.9342915811,0.264990966315,0.504551580694,2485,2007-07-13,2009-03-09,2012-09-14,True,1285,1890,2008,-0.364375418005,1995,0.69764956946,-0.513551443542,-0.119333372009,-0.0627893537792,0.0551741230069,240,0.0642202377199,0.114908288772,0.104490044984,120,0.107045375628,0.135172157925,0,0,0.0564336354726,0.0544292992047,0.0959339894622,0,0.00159061536932,0.943566364527,1.683721903,1.683721903,0.0564336354726,1.78198628094,0.0280345958843,0.0678993935779,0,0.218013719058,0.781986280942,0,725,11,0,230,966,966,0.857457420811,215.952752035,216.810209456,4.5137748635,0.216911804773,0.194999036583,0.192574061218,0.00611063510839,3.4724041642,8.80609763895,21.1360157044,44.8672578642
BAND_DRAWDOWN,SSO,LAG2,10,drawdown,0.2,0.1,rule,1986-09-26,1986-09-29,2026-09-02,10059,0.136422427434,-0.611940535588,165.174274305,39.9342915811,0.262839485339,0.50172179788,2698,2007-07-13,2009-03-09,2012-09-06,True,1277,1882,2008,-0.344931880857,1995,0.679053323602,-0.498968960332,-0.11270380778,-0.060569300979,0.0537624184855,240,0.0629485755431,0.115779658711,0.104799540576,120,0.107283341066,0.134037869866,0,0,0.0655612187679,0.067882946321,0.103986479769,0,0,0.934438781232,1.66636607602,1.66636607602,0.0655612187679,1.78198628094,0.0282334228054,0.0757530569639,0,0.218013719058,0.781986280942,0,8,11,0,230,249,249,0.902803381414,215.056670379,215.959473761,4.4042241567,0.216060238776,0.194313233173,0.194126408923,0.00615852189212,3.39035430041,8.94480549108,21.2727466946,43.5413258725
SP500_1X,SSO,LAG2,10,none,0,0,none,1986-09-26,1986-09-29,2026-09-02,10059,0.112610960278,-0.552502410697,70.9068522733,39.9342915811,0.183480490505,0.503182502031,2243,2007-10-09,2009-03-09,2012-04-02,True,1120,1637,2008,-0.369976111327,1995,0.375762011774,-0.475191448321,-0.0819882366922,-0.0456206317854,0.0393487442999,240,0.0478816333553,0.0878386329462,0.0875454303093,120,0.0933527571049,0.103071862813,0,0,0,0,1,,,1,1,1,0,1,1,0,0,1,0,0,0,0,0,0,0,0,0,0,0,0,-0,0,0,0,2.54826487138,5.38753021325,14.5499731976,18.9771505948
SSO_ALWAYS,SSO,LAG2,10,none,0,0,none,1986-09-26,1986-09-29,2026-09-02,10059,0.140759411879,-0.88382474662,192.311074147,39.9342915811,0.366968976402,0.460298883961,5279,2000-03-23,2009-03-09,2014-09-05,True,2006,5279,2008,-0.676497683449,1995,0.748832811145,-0.778554211141,-0.23594133465,-0.171834067002,0.00727631095862,240,0.0232778552273,0.0903607865308,0.0968235380278,120,0.101020701297,0.128313937002,0,0,0,0,1,,,1,2,2,0,2,0,1,0,0,1,0,0,0,0,0,0,0,0,0,0,0,-0,0,0,0,1.58442436795,5.64230075798,17.9441029972,37.4211359002
SSO_SMA_TO_TBILL,SSO,LAG2,10,none,0,0,none,1986-09-26,1986-09-29,2026-09-02,10059,0.120211619976,-0.60649382161,93.0600972755,39.9342915811,0.246371965894,0.460945314819,2242,1987-08-25,1988-08-22,1993-10-14,True,1879,2242,2022,-0.336435573309,1995,0.748832811145,-0.602754368816,-0.0536244593088,-0.0272061130082,0.0555675892217,240,0.0590765853086,0.109821637165,0.0916408315859,120,0.0943046042962,0.126499265135,0,0,0,0,1,,,1,1.56397256188,1.56397256188,0.218013719058,1.56397256188,0,0.781986280942,0,0,0.781986280942,0,0,0,0,230,230,230,0,230,230,3.20217808993,0.230115076724,0.20555782456,0.20555782456,0.0064736771998,3.15221315769,8.03873417469,14.9348330791,35.6449913583
NO_RESERVE,SSO,LAG2,25,staged,0.15,0.1,rule,1986-09-26,1986-09-29,2026-09-02,10059,0.129956336312,-0.658446682055,131.516388794,39.9342915811,0.281444978704,0.467247798788,5004,1999-07-16,2009-03-09,2013-03-28,True,1480,5004,2008,-0.38879301308,1995,0.748832811145,-0.539931502977,-0.140062863491,-0.085753952421,0.0384718318739,240,0.0480907814646,0.104192127822,0.0945208993244,120,0.0971916998461,0.126951694936,0,0,0,0,1,,,1,1.78198628094,1.78198628094,0,1.78198628094,0.218013719058,0.781986280942,0,0.218013719058,0.781986280942,0,0,0,0,230,230,230,0,230,230,9.45726147372,0.575719950167,0.43770010486,0.43770010486,0.016408212047,2.55845641474,7.25991757286,16.1633192197,36.0828770015
FIXED_90_10,SSO,LAG2,25,staged,0.15,0.1,quarterly,1986-09-26,1986-09-29,2026-09-02,10059,0.123801022389,-0.612015674763,105.741676731,39.9342915811,0.25199041917,0.46749588418,2863,2007-07-13,2009-03-09,2013-03-05,True,1457,2062,2008,-0.354461855296,1995,0.667779634661,-0.492777074563,-0.122085242021,-0.0720583453418,0.0395851004704,240,0.0479303733801,0.0999849964861,0.0918859121912,120,0.0943007470319,0.119785431219,0,0,0.0992917994766,0.0981869130315,0,,,0.900708200523,1.60676623263,1.60676623263,0.0992917994766,1.78198628094,0,0,0,0.218013719058,0.781986280942,0,107,0,53,230,386,386,1.53415688683,205.557331237,207.073694932,7.56970593021,0.518259373621,0.404443712725,0.404443712725,0.0146795163131,2.55063646348,6.72575421376,14.9332537945,29.7976532645
FIXED_85_15,SSO,LAG2,25,staged,0.15,0.1,quarterly,1986-09-26,1986-09-29,2026-09-02,10059,0.120363407612,-0.588297420375,93.564981542,39.9342915811,0.23745961515,0.467633321038,2848,2007-07-19,2009-03-09,2013-02-19,True,1443,2042,2008,-0.336830503163,1995,0.628319581469,-0.470673533093,-0.113168802742,-0.065364644906,0.0398403421317,240,0.0475816432946,0.0976131799704,0.0902173967794,120,0.0925023475071,0.115889943132,0,0,0.148909779889,0.147428870305,0,,,0.851090220111,1.51902794019,1.51902794019,0.148909779889,1.78198628094,0,0,0,0.218013719058,0.781986280942,0,107,0,53,230,386,386,2.16885530916,193.485530113,195.629165572,6.68088371387,0.489582624708,0.387117857328,0.387117857328,0.0138198652448,2.53371401748,6.44156854779,14.2142504175,26.8394189911
HWM_RESERVE,SSO,LAG2,25,staged,0.15,0.1,rule,1986-09-26,1986-09-29,2026-09-02,10059,0.129567565569,-0.657321412641,129.721440858,39.9342915811,0.278174606319,0.467909100488,5004,1999-07-16,2009-03-09,2013-03-28,True,1480,5004,2008,-0.38879301308,1995,0.741099818988,-0.535010466459,-0.140062863491,-0.0855712076301,0.0381250230414,240,0.0476786875997,0.103335218502,0.0943380135482,120,0.0969596713073,0.125855634332,0,0,0.0096127373405,0.000198063615548,0.496172581768,0,0,0.990387262659,1.7643625013,1.7643625013,0.0096127373405,1.78198628094,0.135997614077,0.360274381151,0,0.218013719058,0.781986280942,0,640,75,0,230,901,901,0.943226702434,228.652801061,229.330228131,9.32401112808,0.574037223918,0.436753111524,0.434643827401,0.016247025621,2.53841243934,7.14743395964,16.0610842853,35.0503752825
ASYMMETRIC_RESERVE_BAND,SSO,LAG2,25,staged,0.2,0.1,rule,1986-09-26,1986-09-29,2026-09-02,10059,0.126541055424,-0.65049874709,116.541534536,39.9342915811,0.269230620182,0.463478958468,4990,1999-07-16,2009-03-09,2013-03-14,True,1466,4990,2008,-0.38787440337,1995,0.698406664116,-0.533170989218,-0.139104232251,-0.0850160372465,0.036917594661,240,0.046068406594,0.100255541176,0.0937587944725,120,0.0961932334579,0.121410415566,0,0,0.0397528978556,0.0131906661868,0.411969380654,0,0,0.960247102144,1.70858082721,1.70858082721,0.0397528978556,1.78198628094,0.0982204990556,0.313748881599,0,0.218013719058,0.781986280942,0,25,91,0,230,292,292,4.42521220205,225.427258491,228.950464341,8.82041030119,0.573069464237,0.436207760053,0.436207956791,0.0162827753094,2.46151062223,6.75900980779,15.727804817,31.1273412928
HWM_DRAWDOWN,SSO,LAG2,25,drawdown,0.15,0.1,rule,1986-09-26,1986-09-29,2026-09-02,10059,0.128577092168,-0.641299196803,125.255696093,39.9342915811,0.265801049006,0.473333265394,2835,2007-07-13,2009-03-09,2013-03-05,True,1457,2062,2008,-0.370858625141,1995,0.701257999297,-0.517521186111,-0.133779924359,-0.0751183112743,0.0445344939554,240,0.0535209616367,0.104353543084,0.0952392327506,120,0.0977799559449,0.125497619063,0,0,0.0535915327662,0.0500246850924,0.107664777811,0,0.000894721145243,0.946408467234,1.68873335406,1.68873335406,0.0535915327662,1.78198628094,0.028332836266,0.0793319415449,0,0.218013719058,0.781986280942,0,670,11,0,230,911,911,0.800542140575,216.593814943,217.394357083,8.78019698235,0.544125200076,0.419650749179,0.415765354407,0.0152915370173,2.83702799637,7.28152048357,16.4253400014,34.7118705284
BAND_DRAWDOWN,SSO,LAG2,25,drawdown,0.2,0.1,rule,1986-09-26,1986-09-29,2026-09-02,10059,0.127234837088,-0.620779441091,119.442339552,39.9342915811,0.262908991062,0.470763457792,2848,2007-07-13,2009-03-09,2013-01-22,True,1415,2020,2008,-0.34683283819,1995,0.679053323602,-0.500350380356,-0.125464035118,-0.0719229786805,0.0435333438683,240,0.0526284515041,0.105328821614,0.0956769067006,120,0.0981401977665,0.124449055351,0,0,0.0655100173254,0.067882946321,0.103986479769,0,0,0.934489982675,1.66645379616,1.66645379616,0.0655100173254,1.78198628094,0.0282334228054,0.0757530569639,0,0.218013719058,0.781986280942,0,8,11,0,230,249,249,0.903834352615,215.075881223,215.979715576,8.56170544422,0.540579777638,0.417589514107,0.417249281063,0.0153461122382,2.78934406555,7.410269467,16.5878208814,33.7546184955
SP500_1X,SSO,LAG2,25,none,0,0,none,1986-09-26,1986-09-29,2026-09-02,10059,0.112610960278,-0.552502410697,70.9068522733,39.9342915811,0.183480490505,0.503182502031,2243,2007-10-09,2009-03-09,2012-04-02,True,1120,1637,2008,-0.369976111327,1995,0.375762011774,-0.475191448321,-0.0819882366922,-0.0456206317854,0.0393487442999,240,0.0478816333553,0.0878386329462,0.0875454303093,120,0.0933527571049,0.103071862813,0,0,0,0,1,,,1,1,1,0,1,1,0,0,1,0,0,0,0,0,0,0,0,0,0,0,0,-0,0,0,0,2.54826487138,5.38753021325,14.5499731976,18.9771505948
SSO_ALWAYS,SSO,LAG2,25,none,0,0,none,1986-09-26,1986-09-29,2026-09-02,10059,0.140759411879,-0.88382474662,192.311074147,39.9342915811,0.366968976402,0.460298883961,5279,2000-03-23,2009-03-09,2014-09-05,True,2006,5279,2008,-0.676497683449,1995,0.748832811145,-0.778554211141,-0.23594133465,-0.171834067002,0.00727631095862,240,0.0232778552273,0.0903607865308,0.0968235380278,120,0.101020701297,0.128313937002,0,0,0,0,1,,,1,2,2,0,2,0,1,0,0,1,0,0,0,0,0,0,0,0,0,0,0,-0,0,0,0,1.58442436795,5.64230075798,17.9441029972,37.4211359002
SSO_SMA_TO_TBILL,SSO,LAG2,25,none,0,0,none,1986-09-26,1986-09-29,2026-09-02,10059,0.110558759337,-0.607674634683,65.8672016133,39.9342915811,0.246443555205,0.425743105194,2347,1987-08-25,1988-08-22,1994-01-27,True,1984,2347,2022,-0.351224654414,1995,0.748832811145,-0.603940727456,-0.0683008357943,-0.0399830945227,0.0443674692841,240,0.0478392331014,0.0993225191217,0.082060277273,120,0.0847006719469,0.11638909951,0,0,0,0,1,,,1,1.56397256188,1.56397256188,0.218013719058,1.56397256188,0,0.781986280942,0,0,0.781986280942,0,0,0,0,230,230,230,0,230,230,6.17088789856,0.575719950167,0.43770010486,0.43770010486,0.0161265378389,2.54652924655,6.64511488142,11.4642490571,27.1978553158
NO_RESERVE,SSO,LAG2,50,staged,0.15,0.1,rule,1986-09-26,1986-09-29,2026-09-02,10059,0.113742686194,-0.725435835021,73.844889405,39.9342915811,0.281642804072,0.415771784844,5243,1999-07-16,2009-03-09,2013-11-22,True,1719,5243,2008,-0.391852868035,1995,0.748832811145,-0.547610744658,-0.161797442442,-0.10548934451,0.0207735993941,240,0.0302286173298,0.0859046104906,0.0785262468402,120,0.0811580179325,0.109661474869,0,0,0,0,1,,,1,1.78198628094,1.78198628094,0,1.78198628094,0.218013719058,0.781986280942,0,0.218013719058,0.781986280942,0,0,0,0,230,230,230,0,230,230,12.2340732237,1.15288461942,0.684275291087,0.684275291087,0.0326218621646,1.81414580068,5.19808195834,10.3925373565,22.6903055055
FIXED_90_10,SSO,LAG2,50,staged,0.15,0.1,quarterly,1986-09-26,1986-09-29,2026-09-02,10059,0.109278735277,-0.668989164221,62.9025071421,39.9342915811,0.252170137481,0.415732293819,5207,1999-07-16,2009-03-09,2013-10-17,True,1683,5207,2008,-0.35744692735,1995,0.667603256201,-0.505040444031,-0.141955079756,-0.090031131781,0.0236428762857,240,0.0318601729369,0.0840774860438,0.0775202793667,120,0.0799033429113,0.104405667431,0,0,0.0992917994766,0.0981869130315,0,,,0.900708200523,1.60676623263,1.60676623263,0.0992917994766,1.78198628094,0,0,0,0.218013719058,0.781986280942,0,107,0,53,230,386,386,1.53415688683,205.557331237,207.073694932,10.2813380237,1.03767245933,0.64572167974,0.64572167974,0.0292018034248,1.87247920484,5.02641015475,10.0367306243,19.6779158675
FIXED_85_15,SSO,LAG2,50,staged,0.15,0.1,quarterly,1986-09-26,1986-09-29,2026-09-02,10059,0.106683604791,-0.637464464948,57.285713769,39.9342915811,0.237629877718,0.415737515989,5130,1999-07-16,2009-03-09,2013-08-01,True,1606,5130,2008,-0.33976301911,1995,0.628074445814,-0.482709231862,-0.132078657869,-0.0824364997806,0.0247801451168,240,0.0324093276055,0.0822995995807,0.0766664900079,120,0.0789230398365,0.101511725546,0,0,0.148909779889,0.147428870305,0,,,0.851090220111,1.51902794019,1.51902794019,0.148909779889,1.78198628094,0,0,0,0.218013719058,0.781986280942,0,107,0,53,230,386,386,2.16885530916,193.485530113,195.629165572,9.29677763055,0.980187540132,0.624759280442,0.624759280442,0.0274996680666,1.89251091524,4.86351600633,9.76695487744,18.1883408592
HWM_RESERVE,SSO,LAG2,50,staged,0.15,0.1,rule,1986-09-26,1986-09-29,2026-09-02,10059,0.113688797609,-0.724500090354,73.7023387133,39.9342915811,0.278631098132,0.416762082968,5243,1999-07-16,2009-03-09,2013-11-22,True,1719,5243,2008,-0.391852868035,1995,0.742216899113,-0.547610744658,-0.161797442442,-0.105303652753,0.0208382647208,240,0.0302490997998,0.0853989532015,0.0786946014286,120,0.0812822085974,0.109123390059,0,0,0.0083858895338,0,0.530271398747,0,0,0.991614110466,1.76676166564,1.76676166564,0.0083858895338,1.78198628094,0.13659409484,0.393776717368,0,0.218013719058,0.781986280942,0,565,73,0,230,825,825,0.840883711983,228.741955186,229.334632811,12.1728525865,1.14952669488,0.683213329345,0.678788087374,0.0321257935807,1.81486729502,5.14979100839,10.428411869,22.3624558667
ASYMMETRIC_RESERVE_BAND,SSO,LAG2,50,staged,0.2,0.1,rule,1986-09-26,1986-09-29,2026-09-02,10059,0.110451418404,-0.71864711088,65.6134422454,39.9342915811,0.269433493617,0.409910977647,5271,1999-07-16,2009-03-09,2013-12-20,True,1747,5271,2008,-0.390933851505,1995,0.697974676385,-0.545743120796,-0.160729861931,-0.104640155182,0.01934664069,240,0.0283423887143,0.0821964770735,0.077811944809,120,0.0802108900157,0.104427949813,0,0,0.0397506203188,0.0131583442203,0.411969380654,0,0,0.960249379681,1.70858499536,1.70858499536,0.0397506203188,1.78198628094,0.0982204990556,0.313748881599,0,0.218013719058,0.781986280942,0,25,91,0,230,292,292,4.42605074761,225.427586373,228.951696211,11.4880883715,1.14753625581,0.682582156832,0.682582378782,0.0323724123294,1.74885885194,4.85510044419,10.1228408352,19.6897919275
HWM_DRAWDOWN,SSO,LAG2,50,drawdown,0.15,0.1,rule,1986-09-26,1986-09-29,2026-09-02,10059,0.113570253792,-0.686700106314,73.3897000592,39.9342915811,0.26731019757,0.422079072346,5117,1999-07-16,2009-03-09,2013-07-19,True,1593,5117,2008,-0.378480505105,1995,0.707340266444,-0.534508826331,-0.156581710225,-0.0949703186573,0.0272761914809,240,0.0361852961328,0.0867908965774,0.080163779136,120,0.0826864454693,0.10947198399,0,0,0.0484365020644,0.0424067292197,0.117109056566,0,9.94134605826e-05,0.951563497936,1.69798667352,1.69798667352,0.0484365020644,1.78198628094,0.028332836266,0.0887762203002,0,0.218013719058,0.781986280942,0,584,11,0,230,825,825,0.71682275151,217.707206158,218.42402891,11.7552734629,1.09470755904,0.66536254566,0.657685784026,0.0302983753926,2.03586278559,5.28408178455,10.8424698578,22.5743262578
BAND_DRAWDOWN,SSO,LAG2,50,drawdown,0.2,0.1,rule,1986-09-26,1986-09-29,2026-09-02,10059,0.112055212666,-0.671419019059,69.5061313738,39.9342915811,0.263118954297,0.419040964158,5109,1999-07-16,2009-03-09,2013-07-11,True,1585,5109,2022,-0.364750298554,1995,0.679053323602,-0.505932717934,-0.146380703254,-0.0905875955107,0.0266668708412,240,0.0356118964802,0.088266102963,0.0806069406605,120,0.0830363515629,0.108402101659,0,0,0.0654229703416,0.067882946321,0.103986479769,0,0,0.934577029658,1.66660291984,1.66660291984,0.0654229703416,1.78198628094,0.0282334228054,0.0757530569639,0,0.218013719058,0.781986280942,0,8,11,0,230,249,249,0.905587551835,215.10854108,216.014128632,11.392736602,1.08259734385,0.661285376209,0.660884505607,0.0305257366604,2.01344890962,5.42940924278,10.9480919434,21.9307273119
SP500_1X,SSO,LAG2,50,none,0,0,none,1986-09-26,1986-09-29,2026-09-02,10059,0.112610960278,-0.552502410697,70.9068522733,39.9342915811,0.183480490505,0.503182502031,2243,2007-10-09,2009-03-09,2012-04-02,True,1120,1637,2008,-0.369976111327,1995,0.375762011774,-0.475191448321,-0.0819882366922,-0.0456206317854,0.0393487442999,240,0.0478816333553,0.0878386329462,0.0875454303093,120,0.0933527571049,0.103071862813,0,0,0,0,1,,,1,1,1,0,1,1,0,0,1,0,0,0,0,0,0,0,0,0,0,0,0,-0,0,0,0,2.54826487138,5.38753021325,14.5499731976,18.9771505948
SSO_ALWAYS,SSO,LAG2,50,none,0,0,none,1986-09-26,1986-09-29,2026-09-02,10059,0.140759411879,-0.88382474662,192.311074147,39.9342915811,0.366968976402,0.460298883961,5279,2000-03-23,2009-03-09,2014-09-05,True,2006,5279,2008,-0.676497683449,1995,0.748832811145,-0.778554211141,-0.23594133465,-0.171834067002,0.00727631095862,240,0.0232778552273,0.0903607865308,0.0968235380278,120,0.101020701297,0.128313937002,0,0,0,0,1,,,1,2,2,0,2,0,1,0,0,1,0,0,0,0,0,0,0,0,0,0,0,-0,0,0,0,1.58442436795,5.64230075798,17.9441029972,37.4211359002
SSO_SMA_TO_TBILL,SSO,LAG2,50,none,0,0,none,1986-09-26,1986-09-29,2026-09-02,10059,0.0946234434487,-0.609638713528,36.9836509591,39.9342915811,0.246677019682,0.366948352612,5051,1987-08-25,1988-08-22,1995-07-17,True,2520,2883,2022,-0.375191421781,1995,0.748832811145,-0.605914068133,-0.092304905135,-0.0609477756845,0.0259274429339,240,0.0293379070476,0.0818671304482,0.0662477166242,120,0.068849526201,0.099631918688,0,0,0,0,1,,,1,1.56397256188,1.56397256188,0.218013719058,1.56397256188,0,0.781986280942,0,0,0.781986280942,0,0,0,0,230,230,230,0,230,230,8.11160778954,1.15288461942,0.684275291087,0.684275291087,0.0320618537271,1.78317396764,4.8247922162,7.37117388892,17.2795821852
