series,signal_index,sma_days,spread_bps,lag,execution,switch_cost_bps,fraction_days_leveraged,entry_close,first_return,last_return,observations,cagr,max_drawdown,terminal_multiple,years,annualized_volatility,sharpe,longest_underwater_calendar_days,max_drawdown_peak,max_drawdown_trough,max_drawdown_recovery,max_drawdown_recovered,max_drawdown_recovery_days_from_trough,max_drawdown_recovery_days_from_peak,worst_calendar_year,worst_calendar_year_return,best_calendar_year,best_calendar_year_return,worst_rolling_1y_cagr,worst_rolling_5y_cagr,worst_rolling_10y_cagr,worst_rolling_20y_cagr,cohort_20y_count,cohort_20y_min_cagr,cohort_20y_median_cagr,worst_rolling_30y_cagr,cohort_30y_count,cohort_30y_min_cagr,cohort_30y_median_cagr,switch_count,switches_per_year
TQQQ_SP500_SMA_TO_NASDAQ,SP500,150,0,LAG1,IMMEDIATE_NEXT_RETURN,0,0.741425589,1986-09-26,1986-09-29,2026-09-02,10059,0.2284940625,-0.9773260925,3707.233237,39.93429158,0.5520598892,0.594789245,6492,2000-03-27,2003-04-09,2018-01-04,True,5384,6492,2000,-0.8546186955,1999,3.367692119,-0.9189087274,-0.4620294946,-0.2376066993,-0.0196616015,240,-0.004799654193,0.1522004581,0.1674929126,120,0.1745452326,0.2041178969,377,9.440508021
TQQQ_SP500_SMA_TO_TBILL,SP500,150,0,LAG1,IMMEDIATE_NEXT_RETURN,0,0.741425589,1986-09-26,1986-09-29,2026-09-02,10059,0.1981670014,-0.9532716672,1366.264964,39.93429158,0.5162653345,0.5505806577,6379,2000-03-27,2003-04-09,2017-09-13,True,5271,6379,2000,-0.8477762431,1999,2.889249892,-0.8653572157,-0.3882786611,-0.1878483824,-0.01828404699,240,-0.007501739771,0.1457802017,0.1392799201,120,0.147473582,0.1750735098,377,9.440508021
TQQQ_NDX_SMA_TO_NASDAQ,NASDAQ100,150,0,LAG1,IMMEDIATE_NEXT_RETURN,0,0.7394373198,1986-09-26,1986-09-29,2026-09-02,10059,0.2235552564,-0.9905625148,3156.355242,39.93429158,0.5606159154,0.5878245255,7463,2000-03-27,2003-03-11,2020-09-01,True,6384,7463,2000,-0.8613784441,1999,4.288122096,-0.9398182842,-0.5561536428,-0.2870058225,-0.05543905658,240,-0.04111949612,0.09725427449,0.1341923132,120,0.1381150903,0.1814977344,335,8.388780337
TQQQ_NDX_SMA_TO_TBILL,NASDAQ100,150,0,LAG1,IMMEDIATE_NEXT_RETURN,0,0.7394373198,1986-09-26,1986-09-29,2026-09-02,10059,0.1933356098,-0.9872468405,1162.679641,39.93429158,0.5265355687,0.5432283308,7777,2000-03-27,2003-03-31,2021-07-12,True,6678,7777,2000,-0.8661534938,1999,4.288122096,-0.9197022508,-0.5435479084,-0.2615902674,-0.06834184658,240,-0.05810933033,0.07212488394,0.1075814931,120,0.1114122327,0.143006268,335,8.388780337
TQQQ_SP500_SMA_TO_NASDAQ,SP500,150,0,LAG1,IMMEDIATE_NEXT_RETURN,10,0.741425589,1986-09-26,1986-09-29,2026-09-02,10059,0.2169452781,-0.9788711578,2542.371265,39.93429158,0.5520296439,0.5776727657,6514,2000-03-27,2008-11-20,2018-01-26,True,3354,6514,2000,-0.8576413653,1999,3.324211221,-0.9199516475,-0.4669565655,-0.2456482937,-0.03063405977,240,-0.01593845512,0.14042722,0.1556000343,120,0.1629295316,0.1918195815,377,9.440508021
TQQQ_SP500_SMA_TO_TBILL,SP500,150,0,LAG1,IMMEDIATE_NEXT_RETURN,10,0.741425589,1986-09-26,1986-09-29,2026-09-02,10059,0.1869033146,-0.9548782638,936.9663475,39.93429158,0.5162551114,0.5322758022,6451,2000-03-27,2003-04-10,2017-11-24,True,5342,6451,2000,-0.8509411766,1999,2.850531944,-0.8670982922,-0.3938811883,-0.196414819,-0.02927192357,240,-0.01861029755,0.1341788046,0.1276744386,120,0.1359014329,0.1630880998,377,9.440508021
TQQQ_NDX_SMA_TO_NASDAQ,NASDAQ100,150,0,LAG1,IMMEDIATE_NEXT_RETURN,10,0.7394373198,1986-09-26,1986-09-29,2026-09-02,10059,0.2133289592,-0.9912602786,2257.482706,39.93429158,0.560571407,0.5728516309,7609,2000-03-27,2008-11-20,2021-01-25,True,4449,7609,2000,-0.8656118721,1999,4.288122096,-0.9416475722,-0.5641592915,-0.2952339799,-0.06563721763,240,-0.05147226147,0.08695681314,0.1237259435,120,0.1276125211,0.1704972728,335,8.388780337
TQQQ_NDX_SMA_TO_TBILL,NASDAQ100,150,0,LAG1,IMMEDIATE_NEXT_RETURN,10,0.7394373198,1986-09-26,1986-09-29,2026-09-02,10059,0.1833618841,-0.9880856325,831.569637,39.93429158,0.5265078623,0.5272834953,7891,2000-03-27,2003-03-31,2021-11-03,True,6792,7891,2000,-0.8702410943,1999,4.288122096,-0.9221561547,-0.5517809265,-0.2701117275,-0.0784006998,240,-0.06827866118,0.06191968365,0.0973606891,120,0.1011560785,0.1322917701,335,8.388780337
TQQQ_SP500_SMA_TO_NASDAQ,SP500,150,0,LAG1,IMMEDIATE_NEXT_RETURN,25,0.741425589,1986-09-26,1986-09-29,2026-09-02,10059,0.1998040586,-0.9817368761,1442.828969,39.93429158,0.5520153444,0.5519634799,7463,2000-03-27,2008-11-20,2020-09-01,True,4303,7463,2000,-0.8620633885,1999,3.259720076,-0.9214928411,-0.4742717778,-0.2575667137,-0.04688306159,240,-0.03243379209,0.1230991502,0.1379655981,120,0.1455605385,0.1734412342,377,9.440508021
TQQQ_SP500_SMA_TO_TBILL,SP500,150,0,LAG1,IMMEDIATE_NEXT_RETURN,25,0.741425589,1986-09-26,1986-09-29,2026-09-02,10059,0.1701852496,-0.9571899863,531.7406657,39.93429158,0.5162729132,0.5047847767,6556,2000-03-27,2003-04-10,2018-03-09,True,5447,6556,2000,-0.8555713248,1999,2.793105236,-0.8696709706,-0.4021992492,-0.2091111059,-0.0455437582,240,-0.03506084775,0.1165600388,0.1104661465,120,0.1187403596,0.1453941114,377,9.440508021
TQQQ_NDX_SMA_TO_NASDAQ,NASDAQ100,150,0,LAG1,IMMEDIATE_NEXT_RETURN,25,0.7394373198,1986-09-26,1986-09-29,2026-09-02,10059,0.1981306564,-0.9926251089,1364.610902,39.93429158,0.5605320036,0.5503609423,7819,2000-03-27,2008-11-20,2021-08-23,True,4659,7819,2000,-0.8717283137,1999,4.288122096,-0.9442910087,-0.5759123346,-0.3074136189,-0.08074712611,240,-0.06681123643,0.07084639541,0.1081879061,120,0.1120207431,0.1541680461,335,8.388780337
TQQQ_NDX_SMA_TO_TBILL,NASDAQ100,150,0,LAG1,IMMEDIATE_NEXT_RETURN,25,0.7394373198,1986-09-26,1986-09-29,2026-09-02,10059,0.1685389525,-0.989242898,502.670071,39.93429158,0.5264953609,0.5033352825,8478,2000-03-27,2003-03-31,2023-06-13,True,7379,8478,2000,-0.8761468449,1999,4.288122096,-0.9257014523,-0.5638677693,-0.2827255248,-0.09330420553,240,-0.08334585395,0.04661886492,0.08218721065,120,0.08593012024,0.1162989814,335,8.388780337
TQQQ_SP500_SMA_TO_NASDAQ,SP500,150,0,LAG1,IMMEDIATE_NEXT_RETURN,50,0.741425589,1986-09-26,1986-09-29,2026-09-02,10059,0.1717145911,-0.9856826654,560.2106377,39.93429158,0.5520743632,0.5090353507,7826,2000-03-27,2008-11-20,2021-08-30,True,4666,7826,2000,-0.8691441155,1999,3.154156221,-0.9240007842,-0.4862651471,-0.2770522911,-0.07341413225,240,-0.05936707425,0.09584764963,0.1091137665,120,0.1168041473,0.1440300617,377,9.440508021
TQQQ_SP500_SMA_TO_TBILL,SP500,150,0,LAG1,IMMEDIATE_NEXT_RETURN,50,0.741425589,1986-09-26,1986-09-29,2026-09-02,10059,0.1427892092,-0.9636795296,206.4602138,39.93429158,0.5163909311,0.4588921369,9025,2000-03-27,2009-05-13,2024-12-11,True,5691,9025,2000,-0.8629853102,1999,2.699104973,-0.8738568273,-0.4158367998,-0.2298684279,-0.07211210987,240,-0.06192100289,0.0881002352,0.08231153241,120,0.0906572209,0.1165116818,377,9.440508021
TQQQ_NDX_SMA_TO_NASDAQ,NASDAQ100,150,0,LAG1,IMMEDIATE_NEXT_RETURN,50,0.7394373198,1986-09-26,1986-09-29,2026-09-02,10059,0.1731725416,-0.9944460043,588.7323849,39.93429158,0.5605393027,0.5128026023,8702,2000-03-27,2008-11-20,2024-01-23,True,5542,8702,2000,-0.8813285436,1999,4.288122096,-0.9484413116,-0.5948377318,-0.327286315,-0.1054380737,240,-0.09187649924,0.04402214798,0.08271669875,120,0.08646143966,0.1273340959,335,8.388780337
TQQQ_NDX_SMA_TO_TBILL,NASDAQ100,150,0,LAG1,IMMEDIATE_NEXT_RETURN,50,0.7394373198,1986-09-26,1986-09-29,2026-09-02,10059,0.1441972588,-0.9909304178,216.8663239,39.93429158,0.5265520158,0.4633507822,8843,2000-03-27,2003-03-31,2024-06-12,True,7744,8843,2000,-0.885416379,1999,4.288122096,-0.9312658364,-0.583330669,-0.3033066076,-0.1176578725,240,-0.1079670003,0.02043795365,0.05731361774,120,0.06097049821,0.09009292984,335,8.388780337
TQQQ_SP500_SMA_TO_NASDAQ,SP500,150,50,LAG1,IMMEDIATE_NEXT_RETURN,0,0.741425589,1986-09-26,1986-09-29,2026-09-02,10059,0.2192925606,-0.9777753905,2745.737056,39.93429158,0.552056925,0.5811662236,6510,2000-03-27,2008-11-20,2018-01-22,True,3350,6510,2000,-0.8555410257,1999,3.329010505,-0.9192728743,-0.4646154561,-0.2418072535,-0.02641284119,240,-0.01164198623,0.1441754244,0.158915227,120,0.1659076243,0.1951935766,377,9.440508021
TQQQ_SP500_SMA_TO_TBILL,SP500,150,50,LAG1,IMMEDIATE_NEXT_RETURN,0,0.741425589,1986-09-26,1986-09-29,2026-09-02,10059,0.1891926512,-0.9536084943,1011.914844,39.93429158,0.5162596133,0.5360154218,6430,2000-03-27,2003-04-09,2017-11-03,True,5322,6430,2000,-0.8487419833,1999,2.854805509,-0.8659540486,-0.3912191342,-0.1923230897,-0.02503941236,240,-0.01432549408,0.1377473899,0.1309095182,120,0.1390403608,0.1663818548,377,9.440508021
TQQQ_NDX_SMA_TO_NASDAQ,NASDAQ100,150,50,LAG1,IMMEDIATE_NEXT_RETURN,0,0.7394373198,1986-09-26,1986-09-29,2026-09-02,10059,0.2144162843,-0.9906825529,2339.69703,39.93429158,0.5606126336,0.5744482161,7604,2000-03-27,2008-11-20,2021-01-20,True,4444,7604,2000,-0.8621010304,1999,4.235072003,-0.9399916644,-0.5582924188,-0.2911950617,-0.06219934942,240,-0.04797143232,0.08959822853,0.1259309675,120,0.1298241108,0.1726400997,335,8.388780337
TQQQ_NDX_SMA_TO_TBILL,NASDAQ100,150,50,LAG1,IMMEDIATE_NEXT_RETURN,0,0.7394373198,1986-09-26,1986-09-29,2026-09-02,10059,0.1844223542,-0.9873468666,861.8542259,39.93429158,0.5265296137,0.5289883284,7830,2000-03-27,2003-03-31,2021-09-03,True,6731,7830,2000,-0.8668511894,1999,4.235072003,-0.9199282213,-0.5457474281,-0.2659288372,-0.07500470688,240,-0.06483986114,0.06453543984,0.09951397809,120,0.1033157791,0.1344134334,335,8.388780337
TQQQ_SP500_SMA_TO_NASDAQ,SP500,150,50,LAG1,IMMEDIATE_NEXT_RETURN,10,0.741425589,1986-09-26,1986-09-29,2026-09-02,10059,0.2078302774,-0.979830901,1882.989968,39.93429158,0.5520265226,0.5640494424,7451,2000-03-27,2008-11-20,2020-08-20,True,4291,7451,2000,-0.858544519,1999,3.285914687,-0.920311111,-0.4695188431,-0.2498045412,-0.03730973607,240,-0.02270420421,0.1324056382,0.1471097269,120,0.1543773452,0.1830867363,377,9.440508021
TQQQ_SP500_SMA_TO_TBILL,SP500,150,50,LAG1,IMMEDIATE_NEXT_RETURN,10,0.741425589,1986-09-26,1986-09-29,2026-09-02,10059,0.1780133302,-0.9552035102,693.957746,39.93429158,0.5162492229,0.5177106481,6496,2000-03-27,2003-04-10,2018-01-08,True,5387,6496,2000,-0.8518868378,1999,2.816430459,-0.8676874074,-0.3967947307,-0.2008423279,-0.03595167937,240,-0.02535767684,0.1259067153,0.1193893033,120,0.1275532598,0.1545596685,377,9.440508021
TQQQ_NDX_SMA_TO_NASDAQ,NASDAQ100,150,50,LAG1,IMMEDIATE_NEXT_RETURN,10,0.7394373198,1986-09-26,1986-09-29,2026-09-02,10059,0.2042663693,-0.9916785865,1673.393892,39.93429158,0.5605679613,0.5594746241,7763,2000-03-27,2008-11-20,2021-06-28,True,4603,7763,2000,-0.866312391,1999,4.235072003,-0.9418156823,-0.5662594904,-0.2993748741,-0.07232452147,240,-0.05825021922,0.07937261593,0.1155408338,120,0.1193980511,0.1617221122,335,8.388780337
TQQQ_NDX_SMA_TO_TBILL,NASDAQ100,150,50,LAG1,IMMEDIATE_NEXT_RETURN,10,0.7394373198,1986-09-26,1986-09-29,2026-09-02,10059,0.1745231241,-0.9881790798,616.4138258,39.93429158,0.5265017333,0.5130430412,8460,2000-03-27,2003-03-31,2023-05-26,True,7361,8460,2000,-0.8709174827,1999,4.235072003,-0.9223752195,-0.5539407735,-0.2744002291,-0.08499162306,240,-0.07493652432,0.05443888261,0.08936762139,120,0.09313433925,0.1238167246,335,8.388780337
TQQQ_SP500_SMA_TO_NASDAQ,SP500,150,50,LAG1,IMMEDIATE_NEXT_RETURN,25,0.741425589,1986-09-26,1986-09-29,2026-09-02,10059,0.1908174467,-0.9825664488,1068.621452,39.93429158,0.5520119862,0.538340453,7604,2000-03-27,2008-11-20,2021-01-20,True,4444,7604,2000,-0.862938488,1999,3.221994695,-0.9218453838,-0.476798892,-0.2616572943,-0.05344683683,240,-0.03908613028,0.1150258872,0.1296048527,120,0.137141377,0.1648865255,377,9.440508021
TQQQ_SP500_SMA_TO_TBILL,SP500,150,50,LAG1,IMMEDIATE_NEXT_RETURN,25,0.741425589,1986-09-26,1986-09-29,2026-09-02,10059,0.1614204846,-0.9574985694,393.8301037,39.93429158,0.5162667728,0.4902206583,7767,2000-03-27,2003-04-10,2021-07-02,True,6658,7767,2000,-0.8564876113,1999,2.759512339,-0.8702486819,-0.4050728077,-0.2134686622,-0.05211154456,240,-0.04169512406,0.1086436756,0.1023074422,120,0.1105183098,0.1370496999,377,9.440508021
TQQQ_NDX_SMA_TO_NASDAQ,NASDAQ100,150,50,LAG1,IMMEDIATE_NEXT_RETURN,25,0.7394373198,1986-09-26,1986-09-29,2026-09-02,10059,0.1891815856,-0.9929780921,1011.538889,39.93429158,0.5605283112,0.5369835263,7892,2000-03-27,2008-11-20,2021-11-04,True,4732,7892,2000,-0.8723969497,1999,4.235072003,-0.9444515032,-0.5779558988,-0.311482951,-0.08732628721,240,-0.07347958544,0.06306026693,0.100115974,120,0.1039198566,0.1454842993,335,8.388780337
TQQQ_NDX_SMA_TO_TBILL,NASDAQ100,150,50,LAG1,IMMEDIATE_NEXT_RETURN,25,0.7394373198,1986-09-26,1986-09-29,2026-09-02,10059,0.1598109078,-0.9893272685,372.6119471,39.93429158,0.5264889702,0.4890949173,8513,2000-03-27,2003-03-31,2023-07-18,True,7414,8513,2000,-0.8767924487,1999,4.235072003,-0.9259105401,-0.565969373,-0.2869399132,-0.09978854466,240,-0.08989605044,0.03910910235,0.07430466506,120,0.07801929959,0.1079436428,335,8.388780337
TQQQ_SP500_SMA_TO_NASDAQ,SP500,150,50,LAG1,IMMEDIATE_NEXT_RETURN,50,0.741425589,1986-09-26,1986-09-29,2026-09-02,10059,0.1629383712,-0.986333007,414.9161946,39.93429158,0.5520706074,0.4954148151,7893,2000-03-27,2008-11-20,2021-11-05,True,4733,7893,2000,-0.8699742934,1999,3.117365747,-0.9243420648,-0.4887346106,-0.2810355122,-0.0797951975,240,-0.0658342372,0.08815102737,0.1009649983,120,0.1085963274,0.1356483096,377,9.440508021
TQQQ_SP500_SMA_TO_TBILL,SP500,150,50,LAG1,IMMEDIATE_NEXT_RETURN,50,0.741425589,1986-09-26,1986-09-29,2026-09-02,10059,0.1342296423,-0.9653427855,152.9133517,39.93429158,0.5163843684,0.4443321775,9346,2000-03-27,2009-05-13,2025-10-28,True,6012,9346,2000,-0.8638545608,1999,2.666344571,-0.8744159839,-0.4186448041,-0.2341116176,-0.07849707458,240,-0.06837060674,0.08013008326,0.07435968284,120,0.0826415648,0.108378714,377,9.440508021
TQQQ_NDX_SMA_TO_NASDAQ,NASDAQ100,150,50,LAG1,IMMEDIATE_NEXT_RETURN,50,0.7394373198,1986-09-26,1986-09-29,2026-09-02,10059,0.1644098878,-0.9947118343,436.4069654,39.93429158,0.5605351968,0.4994262032,8824,2000-03-27,2008-11-20,2024-05-24,True,5664,8824,2000,-0.881947137,1999,4.235072003,-0.9485898493,-0.5967900996,-0.3312388838,-0.1118405199,240,-0.09836573774,0.03651146124,0.07483029643,120,0.07854674843,0.118867873,335,8.388780337
TQQQ_NDX_SMA_TO_TBILL,NASDAQ100,150,50,LAG1,IMMEDIATE_NEXT_RETURN,50,0.7394373198,1986-09-26,1986-09-29,2026-09-02,10059,0.135651027,-0.991239921,160.7555091,39.93429158,0.5265451871,0.4491126087,8871,2000-03-27,2009-04-08,2024-07-10,True,5572,8871,2000,-0.8860136639,1999,4.235072003,-0.9314592651,-0.5853384862,-0.3074000706,-0.1239680436,240,-0.1143412598,0.01297837147,0.04961224897,120,0.05324150427,0.08193374473,335,8.388780337
TQQQ_SP500_SMA_TO_NASDAQ,SP500,150,100,LAG1,IMMEDIATE_NEXT_RETURN,0,0.741425589,1986-09-26,1986-09-29,2026-09-02,10059,0.2101594775,-0.9787849624,2033.57783,39.93429158,0.5520543033,0.5675427359,7434,2000-03-27,2008-11-20,2020-08-03,True,4274,7434,2000,-0.8564575555,1999,3.290669324,-0.9196354064,-0.4671891304,-0.2459848962,-0.03311795724,240,-0.01843764977,0.1362058467,0.1504000949,120,0.1573330661,0.1863349297,377,9.440508021
TQQQ_SP500_SMA_TO_TBILL,SP500,150,100,LAG1,IMMEDIATE_NEXT_RETURN,0,0.741425589,1986-09-26,1986-09-29,2026-09-02,10059,0.1802850308,-0.9539429124,749.4554465,39.93429158,0.5162542582,0.5214495326,6491,2000-03-27,2003-04-09,2018-01-03,True,5383,6491,2000,-0.8497016501,1999,2.820664266,-0.8665482692,-0.3941456358,-0.1967733902,-0.03174866272,240,-0.02110270659,0.1296981922,0.122600158,120,0.1306686585,0.1577540175,377,9.440508021
TQQQ_NDX_SMA_TO_NASDAQ,NASDAQ100,150,100,LAG1,IMMEDIATE_NEXT_RETURN,0,0.7394373198,1986-09-26,1986-09-29,2026-09-02,10059,0.2053450754,-0.9911285366,1734.307942,39.93429158,0.5606096887,0.5610714394,7689,2000-03-27,2008-11-20,2021-04-15,True,4529,7689,2000,-0.8628198927,1999,4.182551226,-0.9401645558,-0.5604210077,-0.2953599181,-0.06891162756,240,-0.05477478047,0.08199518705,0.1177293467,120,0.1215930779,0.163848394,335,8.388780337
TQQQ_NDX_SMA_TO_TBILL,NASDAQ100,150,100,LAG1,IMMEDIATE_NEXT_RETURN,0,0.7394373198,1986-09-26,1986-09-29,2026-09-02,10059,0.1755751881,-0.987446114,638.8522144,39.93429158,0.5265240174,0.5147476852,8452,2000-03-27,2003-03-31,2023-05-18,True,7353,8452,2000,-0.8675452893,1999,4.182551226,-0.9201535696,-0.5479364714,-0.270242155,-0.08162028081,240,-0.07152266481,0.05699930902,0.09150478661,120,0.09527786553,0.1258847318,335,8.388780337
TQQQ_SP500_SMA_TO_NASDAQ,SP500,150,100,LAG1,IMMEDIATE_NEXT_RETURN,10,0.741425589,1986-09-26,1986-09-29,2026-09-02,10059,0.1987830522,-0.9807470996,1394.600638,39.93429158,0.5520237437,0.5504256557,7457,2000-03-27,2008-11-20,2020-08-26,True,4297,7457,2000,-0.859441993,1999,3.247955196,-0.9206689806,-0.4720689462,-0.2539381188,-0.04393980496,240,-0.02942380714,0.1244400508,0.1386813357,120,0.1458875854,0.1743496931,377,9.440508021
TQQQ_SP500_SMA_TO_TBILL,SP500,150,100,LAG1,IMMEDIATE_NEXT_RETURN,10,0.741425589,1986-09-26,1986-09-29,2026-09-02,10059,0.1691894482,-0.9555264304,513.9665809,39.93429158,0.5162437006,0.5031448441,6511,2000-03-27,2003-04-10,2018-01-23,True,5402,6511,2000,-0.8528265518,1999,2.782629096,-0.8682739441,-0.3996944296,-0.2052456873,-0.0425858363,240,-0.03205903525,0.1178901854,0.111164588,120,0.1192659853,0.1460192772,377,9.440508021
TQQQ_NDX_SMA_TO_NASDAQ,NASDAQ100,150,100,LAG1,IMMEDIATE_NEXT_RETURN,10,0.7394373198,1986-09-26,1986-09-29,2026-09-02,10059,0.1952709763,-0.9920768946,1240.4086,39.93429158,0.5605648525,0.546097151,7801,2000-03-27,2008-11-20,2021-08-05,True,4641,7801,2000,-0.8670092996,1999,4.182551226,-0.9419833185,-0.568349686,-0.3034916669,-0.07896432902,240,-0.06498011352,0.07183649837,0.1074148979,120,0.1112429744,0.1529816852,335,8.388780337
TQQQ_NDX_SMA_TO_TBILL,NASDAQ100,150,100,LAG1,IMMEDIATE_NEXT_RETURN,10,0.7394373198,1986-09-26,1986-09-29,2026-09-02,10059,0.1657499013,-0.9882717995,456.9187291,39.93429158,0.5264959631,0.4988019477,8478,2000-03-27,2003-03-31,2023-06-13,True,7379,8478,2000,-0.8715903851,1999,4.182551226,-0.9225936812,-0.556090333,-0.27866377,-0.09153577049,240,-0.08154717562,0.04697423464,0.08143233902,120,0.08517059983,0.1153824598,335,8.388780337
TQQQ_SP500_SMA_TO_NASDAQ,SP500,150,100,LAG1,IMMEDIATE_NEXT_RETURN,25,0.741425589,1986-09-26,1986-09-29,2026-09-02,10059,0.1818976558,-0.9833583827,791.4541155,39.93429158,0.5520089705,0.524716967,7689,2000-03-27,2008-11-20,2021-04-15,True,4529,7689,2000,-0.8638080841,1999,3.184601331,-0.9221963632,-0.4793139987,-0.2657255632,-0.05996576915,240,-0.04569309583,0.107176058,0.1213050786,120,0.1287836318,0.1563937165,377,9.440508021
TQQQ_SP500_SMA_TO_TBILL,SP500,150,100,LAG1,IMMEDIATE_NEXT_RETURN,25,0.741425589,1986-09-26,1986-09-29,2026-09-02,10059,0.1527208909,-0.9578049454,291.6827617,39.93429158,0.5162609985,0.4756558955,7823,2000-03-27,2003-04-10,2021-08-27,True,6714,7823,2000,-0.8573981354,1999,2.726215089,-0.8708238645,-0.4079327126,-0.2178024505,-0.0586344964,240,-0.04828415092,0.1006439572,0.0942082359,120,0.1023562385,0.128765624,377,9.440508021
TQQQ_NDX_SMA_TO_NASDAQ,NASDAQ100,150,100,LAG1,IMMEDIATE_NEXT_RETURN,25,0.7394373198,1986-09-26,1986-09-29,2026-09-02,10059,0.18029887,-0.9933141988,749.8064518,39.93429158,0.5605249557,0.5236056457,8508,2000-03-27,2008-11-20,2023-07-13,True,5348,8508,2000,-0.8730621397,1999,4.182551226,-0.9446115453,-0.5799897294,-0.3155285981,-0.0938587201,240,-0.08010064826,0.05533032922,0.0921023974,120,0.09587754212,0.1368120802,335,8.388780337
TQQQ_NDX_SMA_TO_TBILL,NASDAQ100,150,100,LAG1,IMMEDIATE_NEXT_RETURN,25,0.7394373198,1986-09-26,1986-09-29,2026-09-02,10059,0.1511475795,-0.9894109822,276.1998031,39.93429158,0.5264829383,0.4748539148,8708,2000-03-27,2003-03-31,2024-01-29,True,7609,8708,2000,-0.8774347251,1999,4.182551226,-0.9261190522,-0.5680609667,-0.2911297724,-0.1062268644,240,-0.09639979859,0.0316528166,0.06647910582,120,0.07016567676,0.09965038785,335,8.388780337
TQQQ_SP500_SMA_TO_NASDAQ,SP500,150,100,LAG1,IMMEDIATE_NEXT_RETURN,50,0.741425589,1986-09-26,1986-09-29,2026-09-02,10059,0.1542274079,-0.9869538418,307.2997731,39.93429158,0.5520671939,0.4817938276,9030,2000-03-27,2008-11-20,2024-12-16,True,5870,9030,2000,-0.8707992503,1999,3.08089906,-0.924681832,-0.4911923406,-0.2849970071,-0.08613266809,240,-0.07225729051,0.08061098531,0.09287565557,120,0.1004483823,0.1273275111,377,9.440508021
TQQQ_SP500_SMA_TO_TBILL,SP500,150,100,LAG1,IMMEDIATE_NEXT_RETURN,50,0.741425589,1986-09-26,1986-09-29,2026-09-02,10059,0.125733721,-0.9669512577,113.2523601,39.93429158,0.5163781717,0.4297715828,9577,2000-02-17,2009-05-13,2026-05-08,True,6204,9577,2000,-0.8647183448,1999,2.633872489,-0.874972693,-0.4214394664,-0.2383316633,-0.0848384528,240,-0.0747762207,0.07231912349,0.06646582273,120,0.0746843816,0.1003045454,377,9.440508021
TQQQ_NDX_SMA_TO_NASDAQ,NASDAQ100,150,100,LAG1,IMMEDIATE_NEXT_RETURN,50,0.7394373198,1986-09-26,1986-09-29,2026-09-02,10059,0.1557122069,-0.9949649546,323.4880654,39.93429158,0.5605314278,0.4860493425,8864,2000-03-27,2008-11-20,2024-07-03,True,5704,8864,2000,-0.8825625422,1999,4.182551226,-0.9487379683,-0.5987331682,-0.3351684473,-0.1181974929,240,-0.1048089601,0.02905439725,0.06700090833,120,0.07068928302,0.1104305674,335,8.388780337
TQQQ_NDX_SMA_TO_TBILL,NASDAQ100,150,100,LAG1,IMMEDIATE_NEXT_RETURN,50,0.7394373198,1986-09-26,1986-09-29,2026-09-02,10059,0.1271681635,-0.9916601792,119.1605377,39.93429158,0.5265387171,0.4348738017,9346,2000-03-27,2009-04-08,2025-10-28,True,6047,9346,2000,-0.8866078704,1999,4.182551226,-0.9316521613,-0.5873367402,-0.3114697082,-0.1302334313,240,-0.1206703186,0.00563623585,0.04196655673,120,0.04556839348,0.07383518577,335,8.388780337
TQQQ_SP500_SMA_TO_NASDAQ,SP500,150,0,LAG2,WAIT_ONE_TRADING_DAY,0,0.7413261756,1986-09-26,1986-09-29,2026-09-02,10059,0.2454695945,-0.9757161216,6412.996394,39.93429158,0.5561643961,0.6188524737,6261,2000-03-10,2002-10-07,2017-05-01,True,5320,6261,2000,-0.8249903437,1999,2.928435327,-0.9006169066,-0.4468169259,-0.2160661207,0.0314197672,240,0.04705610896,0.1701710609,0.1760920231,120,0.1801597168,0.2348185403,377,9.440508021
TQQQ_SP500_SMA_TO_TBILL,SP500,150,0,LAG2,WAIT_ONE_TRADING_DAY,0,0.7413261756,1986-09-26,1986-09-29,2026-09-02,10059,0.2240395296,-0.9458982034,3206.629857,39.93429158,0.521188628,0.5909381788,5204,2000-03-06,2003-04-09,2014-06-05,True,4075,5204,2000,-0.7971201149,1999,2.316918919,-0.8193296701,-0.364585096,-0.1520648246,0.05399987434,240,0.06439419105,0.1766383512,0.1681153432,120,0.1721554483,0.2178639446,377,9.440508021
TQQQ_NDX_SMA_TO_NASDAQ,NASDAQ100,150,0,LAG2,WAIT_ONE_TRADING_DAY,0,0.7393379064,1986-09-26,1986-09-29,2026-09-02,10059,0.228020482,-0.9825698602,3650.588289,39.93429158,0.5677530227,0.5936929573,7227,2000-03-27,2003-03-11,2020-01-09,True,6148,7227,2000,-0.7280851546,1999,4.288122096,-0.8823284503,-0.487981212,-0.2332911763,-0.03221949607,240,-0.01754792667,0.1294567217,0.1468998948,120,0.1508666231,0.1974515591,335,8.388780337
TQQQ_NDX_SMA_TO_TBILL,NASDAQ100,150,0,LAG2,WAIT_ONE_TRADING_DAY,0,0.7393379064,1986-09-26,1986-09-29,2026-09-02,10059,0.2016073801,-0.9674704093,1532.012852,39.93429158,0.5350671023,0.5556665996,7234,2000-03-27,2003-03-31,2020-01-16,True,6135,7234,2002,-0.6421264705,1999,4.288122096,-0.7742569629,-0.4325654213,-0.175360955,-0.03194529083,240,-0.02131302674,0.118872731,0.1275112118,120,0.1314108814,0.1703550115,335,8.388780337
TQQQ_SP500_SMA_TO_NASDAQ,SP500,150,0,LAG2,WAIT_ONE_TRADING_DAY,10,0.7413261756,1986-09-26,1986-09-29,2026-09-02,10059,0.2337612271,-0.9764341724,4397.947664,39.93429158,0.5561888513,0.6018580806,6383,2000-03-10,2002-10-07,2017-08-31,True,5442,6383,2000,-0.8286290261,1999,2.889327283,-0.9021876996,-0.4518833231,-0.2241797165,0.01987557964,240,0.0353369113,0.1583726765,0.1647727871,120,0.1688013315,0.2222678656,377,9.440508021
TQQQ_SP500_SMA_TO_TBILL,SP500,150,0,LAG2,WAIT_ONE_TRADING_DAY,10,0.7413261756,1986-09-26,1986-09-29,2026-09-02,10059,0.2125326212,-0.9479164906,2199.064123,39.93429158,0.5212157804,0.5728016879,5251,2000-03-06,2003-04-09,2014-07-22,True,4122,5251,2000,-0.8013382564,1999,2.283898594,-0.8223786862,-0.3709115892,-0.1608408241,0.04204656152,240,0.05232628247,0.1652817167,0.1568728782,120,0.1608740996,0.2056411251,377,9.440508021
TQQQ_NDX_SMA_TO_NASDAQ,NASDAQ100,150,0,LAG2,WAIT_ONE_TRADING_DAY,10,0.7393379064,1986-09-26,1986-09-29,2026-09-02,10059,0.2177568651,-0.983683647,2610.967175,39.93429158,0.5677690081,0.5789082715,7268,2000-03-27,2003-03-11,2020-02-19,True,6189,7268,2000,-0.7363892882,1999,4.288122096,-0.8859052036,-0.4972164856,-0.2421392162,-0.04266835224,240,-0.02815518768,0.1184850609,0.136316259,120,0.1402463822,0.1864269848,335,8.388780337
TQQQ_NDX_SMA_TO_TBILL,NASDAQ100,150,0,LAG2,WAIT_ONE_TRADING_DAY,10,0.7393379064,1986-09-26,1986-09-29,2026-09-02,10059,0.1915645201,-0.9696099232,1095.723471,39.93429158,0.5350843481,0.5399761339,7456,2000-03-27,2003-03-31,2020-08-25,True,6357,7456,2002,-0.6499175679,1999,4.288122096,-0.7811556833,-0.4428002285,-0.1848775262,-0.04239710752,240,-0.03187963701,0.1077260466,0.1171064955,120,0.1209701788,0.1592456171,335,8.388780337
TQQQ_SP500_SMA_TO_NASDAQ,SP500,150,0,LAG2,WAIT_ONE_TRADING_DAY,25,0.7413261756,1986-09-26,1986-09-29,2026-09-02,10059,0.2163831474,-0.9774729056,2495.892862,39.93429158,0.5562561739,0.5763375355,6509,2000-03-10,2002-10-07,2018-01-04,True,5568,6509,2000,-0.8339522468,1999,2.831321983,-0.9045003193,-0.4594053927,-0.2362078569,0.00277990971,240,0.01798207072,0.1417514353,0.1479770151,120,0.1519474688,0.2035842478,377,9.440508021
TQQQ_SP500_SMA_TO_TBILL,SP500,150,0,LAG2,WAIT_ONE_TRADING_DAY,25,0.7413261756,1986-09-26,1986-09-29,2026-09-02,10059,0.1954535559,-0.9508071422,1247.997672,39.93429158,0.5212891963,0.5455662688,6261,2000-03-06,2003-04-09,2017-04-27,True,5132,6261,2000,-0.8075091981,1999,2.234922637,-0.8268615387,-0.3802950681,-0.1738509562,0.0243483419,240,0.03445832128,0.146768738,0.1401910212,120,0.1441345459,0.1874071386,377,9.440508021
TQQQ_NDX_SMA_TO_NASDAQ,NASDAQ100,150,0,LAG2,WAIT_ONE_TRADING_DAY,25,0.7393379064,1986-09-26,1986-09-29,2026-09-02,10059,0.2025030978,-0.9852241471,1578.286408,39.93429158,0.5678197807,0.556706517,7464,2000-03-27,2003-03-11,2020-09-02,True,6385,7464,2000,-0.7483870706,1999,4.288122096,-0.8910738377,-0.5107747335,-0.2552364293,-0.0581496983,240,-0.04387123121,0.1018942617,0.1206041322,120,0.1244799126,0.1700798449,335,8.388780337
TQQQ_NDX_SMA_TO_TBILL,NASDAQ100,150,0,LAG2,WAIT_ONE_TRADING_DAY,25,0.7393379064,1986-09-26,1986-09-29,2026-09-02,10059,0.1766388413,-0.9725617698,662.3466878,39.93429158,0.5351386464,0.5164148762,7605,2000-03-27,2003-03-31,2021-01-21,True,6506,7605,2002,-0.6613013447,1999,4.288122096,-0.7911226656,-0.4578258854,-0.1989643255,-0.05788283997,240,-0.04753545117,0.09175475059,0.1016599869,120,0.1054702461,0.1427584647,335,8.388780337
TQQQ_SP500_SMA_TO_NASDAQ,SP500,150,0,LAG2,WAIT_ONE_TRADING_DAY,50,0.7413261756,1986-09-26,1986-09-29,2026-09-02,10059,0.1879055351,-0.9808376012,969.0862618,39.93429158,0.5564500465,0.5337386435,7278,2000-03-10,2008-11-20,2020-02-12,True,4101,7278,2000,-0.8424760086,1999,2.736374637,-0.9082411654,-0.471737907,-0.255880694,-0.02513358503,240,-0.01035459308,0.1134084907,0.1204660752,120,0.1243413781,0.1730729483,377,9.440508021
TQQQ_SP500_SMA_TO_TBILL,SP500,150,0,LAG2,WAIT_ONE_TRADING_DAY,50,0.7413261756,1986-09-26,1986-09-29,2026-09-02,10059,0.1674659411,-0.9552813427,484.5630265,39.93429158,0.5214986759,0.5001073483,6512,2000-03-06,2003-04-09,2018-01-03,True,5383,6512,2000,-0.8173903661,1999,2.154755186,-0.834097144,-0.3956545952,-0.1951299071,-0.004540307395,240,0.005292422089,0.1167003377,0.1128666705,120,0.1167156897,0.1575229759,377,9.440508021
TQQQ_NDX_SMA_TO_NASDAQ,NASDAQ100,150,0,LAG2,WAIT_ONE_TRADING_DAY,50,0.7393379064,1986-09-26,1986-09-29,2026-09-02,10059,0.1774539012,-0.9883484577,680.918143,39.93429158,0.5679758292,0.5196470147,7826,2000-03-27,2008-11-20,2021-08-30,True,4666,7826,2000,-0.7672185217,1999,4.288122096,-0.8991888036,-0.5326069706,-0.2766062692,-0.08344760829,240,-0.06955265796,0.07493235514,0.09484754344,120,0.09863424072,0.1429987189,335,8.388780337
TQQQ_NDX_SMA_TO_TBILL,NASDAQ100,150,0,LAG2,WAIT_ONE_TRADING_DAY,50,0.7393379064,1986-09-26,1986-09-29,2026-09-02,10059,0.1521284199,-0.9768661407,285.7554082,39.93429158,0.5353049256,0.4770891342,7906,2000-03-27,2003-03-31,2021-11-18,True,6807,7906,2002,-0.6794931227,1999,4.288122096,-0.8067659553,-0.4820210254,-0.2219488065,-0.08318791772,240,-0.0731184577,0.06504726389,0.0763388209,120,0.08006150294,0.1157458218,335,8.388780337
TQQQ_SP500_SMA_TO_NASDAQ,SP500,150,50,LAG2,WAIT_ONE_TRADING_DAY,0,0.7413261756,1986-09-26,1986-09-29,2026-09-02,10059,0.2361433802,-0.9758860278,4750.115833,39.93429158,0.5561606271,0.6053335366,6292,2000-03-10,2002-10-07,2017-06-01,True,5351,6292,2000,-0.8261549748,1999,2.894042574,-0.9011178931,-0.4494974624,-0.2204039922,0.02431993568,240,0.03986048699,0.1619470864,0.1675288873,120,0.1715658642,0.2257272827,377,9.440508021
TQQQ_SP500_SMA_TO_TBILL,SP500,150,50,LAG2,WAIT_ONE_TRADING_DAY,0,0.7413261756,1986-09-26,1986-09-29,2026-09-02,10059,0.214873786,-0.9463263244,2375.155437,39.93429158,0.5211825327,0.5765141456,5230,2000-03-06,2003-04-09,2014-07-01,True,4101,5230,2000,-0.7984702132,1999,2.287879884,-0.8202554499,-0.3676541779,-0.1567568451,0.0467232216,240,0.05704368053,0.168294823,0.1596102856,120,0.1636198823,0.2088979337,377,9.440508021
TQQQ_NDX_SMA_TO_NASDAQ,NASDAQ100,150,50,LAG2,WAIT_ONE_TRADING_DAY,0,0.7393379064,1986-09-26,1986-09-29,2026-09-02,10059,0.2188416029,-0.9827009181,2705.473764,39.93429158,0.5677503779,0.5804755542,7255,2000-03-27,2003-03-11,2020-02-06,True,6176,7255,2000,-0.7295148812,1999,4.235072003,-0.8826727776,-0.4904549984,-0.2377945794,-0.03915091301,240,-0.02457331472,0.1212456708,0.1385362377,120,0.1424729664,0.1884995238,335,8.388780337
TQQQ_NDX_SMA_TO_TBILL,NASDAQ100,150,50,LAG2,WAIT_ONE_TRADING_DAY,0,0.7393379064,1986-09-26,1986-09-29,2026-09-02,10059,0.1926259267,-0.9677305154,1135.384286,39.93429158,0.5350620822,0.5416436664,7261,2000-03-27,2003-03-31,2020-02-12,True,6162,7261,2002,-0.643041429,1999,4.235072003,-0.7749025058,-0.4353069456,-0.1802046217,-0.0388733867,240,-0.02831149104,0.1105238634,0.1192889448,120,0.1231591219,0.1613942978,335,8.388780337
TQQQ_SP500_SMA_TO_NASDAQ,SP500,150,50,LAG2,WAIT_ONE_TRADING_DAY,10,0.7413261756,1986-09-26,1986-09-29,2026-09-02,10059,0.2245226864,-0.9765990546,3257.566284,39.93429158,0.5561849085,0.5883401601,6443,2000-03-10,2002-10-07,2017-10-30,True,5502,6443,2000,-0.8297694431,1999,2.855276914,-0.9026807678,-0.4545393095,-0.2284726918,0.01285521312,240,0.02822182649,0.1502538612,0.1562920667,120,0.1602901899,0.2132325846,377,9.440508021
TQQQ_SP500_SMA_TO_TBILL,SP500,150,50,LAG2,WAIT_ONE_TRADING_DAY,10,0.7413261756,1986-09-26,1986-09-29,2026-09-02,10059,0.2034530426,-0.9483286403,1628.85002,39.93429158,0.5212094998,0.5583787723,5286,2000-03-06,2003-04-09,2014-08-26,True,4157,5286,2000,-0.8026602843,1999,2.255148645,-0.8232888425,-0.3739501139,-0.1654842829,0.03485243261,240,0.04505911072,0.1571450515,0.1484496772,120,0.1524206837,0.1967112677,377,9.440508021
TQQQ_NDX_SMA_TO_NASDAQ,NASDAQ100,150,50,LAG2,WAIT_ONE_TRADING_DAY,10,0.7393379064,1986-09-26,1986-09-29,2026-09-02,10059,0.2086547018,-0.9838063303,1935.004068,39.93429158,0.5677662291,0.5656916214,7455,2000-03-27,2003-03-11,2020-08-24,True,6376,7455,2000,-0.7377753516,1999,4.235072003,-0.8862390647,-0.4996456524,-0.2465906487,-0.0495249326,240,-0.03510472457,0.1102252063,0.1280297821,120,0.1319301825,0.1775707816,335,8.388780337
TQQQ_NDX_SMA_TO_TBILL,NASDAQ100,150,50,LAG2,WAIT_ONE_TRADING_DAY,10,0.7393379064,1986-09-26,1986-09-29,2026-09-02,10059,0.1826581323,-0.9698529218,812.0475022,39.93429158,0.5350791859,0.5259539822,7463,2000-03-27,2003-03-31,2020-09-01,True,6364,7463,2002,-0.6508126073,1999,4.235072003,-0.7817814984,-0.4454923039,-0.1896652956,-0.04925040266,240,-0.03880254085,0.0998537914,0.1089601039,120,0.1127945669,0.1503699614,335,8.388780337
TQQQ_SP500_SMA_TO_NASDAQ,SP500,150,50,LAG2,WAIT_ONE_TRADING_DAY,25,0.7413261756,1986-09-26,1986-09-29,2026-09-02,10059,0.2072747356,-0.9776305201,1848.711503,39.93429158,0.5562519694,0.5628218651,6527,2000-03-10,2002-10-07,2018-01-22,True,5586,6527,2000,-0.8350572395,1999,2.79777944,-0.9049817297,-0.4620249298,-0.2404342749,-0.004122777872,240,0.01098625255,0.133701177,0.1396185849,120,0.1435590561,0.1947619054,377,9.440508021
TQQQ_SP500_SMA_TO_TBILL,SP500,150,50,LAG2,WAIT_ONE_TRADING_DAY,25,0.7413261756,1986-09-26,1986-09-29,2026-09-02,10059,0.1865018672,-0.9511964175,924.3937058,39.93429158,0.521282637,0.5311459099,6289,2000-03-06,2003-04-09,2017-05-25,True,5160,6289,2000,-0.8087901605,1999,2.206601465,-0.8277487241,-0.3832882702,-0.1784224239,0.01727639878,240,0.02731454238,0.1387854056,0.1318892809,120,0.1358030264,0.178571628,377,9.440508021
TQQQ_NDX_SMA_TO_NASDAQ,NASDAQ100,150,50,LAG2,WAIT_ONE_TRADING_DAY,25,0.7393379064,1986-09-26,1986-09-29,2026-09-02,10059,0.1935149493,-0.9853352474,1169.677907,39.93429158,0.5678167997,0.5434916077,7604,2000-03-27,2003-03-11,2021-01-20,True,6525,7604,2000,-0.7497100498,1999,4.235072003,-0.8913925745,-0.5131383944,-0.259610933,-0.06489539849,240,-0.05070838471,0.09390111533,0.1124322345,120,0.1162787031,0.1613456629,335,8.388780337
TQQQ_NDX_SMA_TO_TBILL,NASDAQ100,150,50,LAG2,WAIT_ONE_TRADING_DAY,25,0.7393379064,1986-09-26,1986-09-29,2026-09-02,10059,0.167844016,-0.9727811655,490.8692639,39.93429158,0.53513327,0.5023946266,7759,2000-03-27,2003-03-31,2021-06-24,True,6660,7759,2002,-0.6621672797,1999,4.235072003,-0.7917199788,-0.4604453653,-0.2036693536,-0.06462530808,240,-0.0543464023,0.08367670832,0.09362623749,120,0.09740768042,0.1340090414,335,8.388780337
TQQQ_SP500_SMA_TO_NASDAQ,SP500,150,50,LAG2,WAIT_ONE_TRADING_DAY,50,0.7413261756,1986-09-26,1986-09-29,2026-09-02,10059,0.1790103668,-0.9817192677,717.8036151,39.93429158,0.5564454036,0.5202286533,7468,2000-03-10,2008-11-20,2020-08-20,True,4291,7468,2000,-0.8435242784,1999,2.703663341,-0.9087037183,-0.4742976849,-0.259998253,-0.03184412862,240,-0.01715567487,0.1056943367,0.1123079524,120,0.1161539913,0.1644742436,377,9.440508021
TQQQ_SP500_SMA_TO_TBILL,SP500,150,50,LAG2,WAIT_ONE_TRADING_DAY,50,0.7413261756,1986-09-26,1986-09-29,2026-09-02,10059,0.1587238268,-0.9556352125,358.9165442,39.93429158,0.5214916501,0.4856935936,6528,2000-03-06,2003-04-09,2018-01-19,True,5399,6528,2000,-0.8186055726,1999,2.127135865,-0.8349472532,-0.3985736101,-0.1995836285,-0.01141280773,240,-0.001649942481,0.1088507721,0.104763879,120,0.1085838327,0.1488891358,377,9.440508021
TQQQ_NDX_SMA_TO_NASDAQ,NASDAQ100,150,50,LAG2,WAIT_ONE_TRADING_DAY,50,0.7393379064,1986-09-26,1986-09-29,2026-09-02,10059,0.1686529837,-0.9889068462,504.6326853,39.93429158,0.567972509,0.5064366343,7893,2000-03-27,2008-11-20,2021-11-05,True,4733,7893,2000,-0.7684424852,1999,4.235072003,-0.8994837947,-0.5348651505,-0.2808552532,-0.09001212033,240,-0.07620616688,0.06711233674,0.08686347309,120,0.09062153234,0.1344581291,335,8.388780337
TQQQ_NDX_SMA_TO_TBILL,NASDAQ100,150,50,LAG2,WAIT_ONE_TRADING_DAY,50,0.7393379064,1986-09-26,1986-09-29,2026-09-02,10059,0.1435167985,-0.9770511187,211.7751163,39.93429158,0.5352991901,0.4630739977,8508,2000-03-27,2003-03-31,2023-07-13,True,7409,8508,2002,-0.6803125476,1999,4.235072003,-0.8073185343,-0.4845236081,-0.226518831,-0.08974928449,240,-0.07974646806,0.0573798637,0.06848972363,120,0.07218425177,0.1072032183,335,8.388780337
TQQQ_SP500_SMA_TO_NASDAQ,SP500,150,100,LAG2,WAIT_ONE_TRADING_DAY,0,0.7413261756,1986-09-26,1986-09-29,2026-09-02,10059,0.2268864935,-0.976054755,3518.359572,39.93429158,0.5561571983,0.5918140862,6424,2000-03-10,2002-10-07,2017-10-11,True,5483,6424,2000,-0.827311923,1999,2.859949038,-0.9016163832,-0.4521651602,-0.2247181013,0.01726858771,240,0.03271392125,0.1537804672,0.1590276322,120,0.1630341219,0.2167433043,377,9.440508021
TQQQ_SP500_SMA_TO_TBILL,SP500,150,100,LAG2,WAIT_ONE_TRADING_DAY,0,0.7413261756,1986-09-26,1986-09-29,2026-09-02,10059,0.2057761771,-0.9467510824,1759.252019,39.93429158,0.5211768005,0.5620894225,5278,2000-03-06,2003-04-09,2014-08-18,True,4149,5278,2000,-0.799811405,1999,2.259093487,-0.8211765392,-0.3707086083,-0.1614231633,0.03949640753,240,0.04974352891,0.1600119624,0.1511666891,120,0.1551460054,0.1999351474,377,9.440508021
TQQQ_NDX_SMA_TO_NASDAQ,NASDAQ100,150,100,LAG2,WAIT_ONE_TRADING_DAY,0,0.7393379064,1986-09-26,1986-09-29,2026-09-02,10059,0.2097308316,-0.9828309983,2005.01039,39.93429158,0.5677480661,0.5672577207,7449,2000-03-27,2003-03-11,2020-08-18,True,6370,7449,2000,-0.7309371745,1999,4.182551226,-0.8830161187,-0.4929169712,-0.2422717798,-0.0460330647,240,-0.03154884915,0.1130902377,0.1302331155,120,0.1341400693,0.1796273661,335,8.388780337
TQQQ_NDX_SMA_TO_TBILL,NASDAQ100,150,100,LAG2,WAIT_ONE_TRADING_DAY,0,0.7393379064,1986-09-26,1986-09-29,2026-09-02,10059,0.183711116,-0.967988557,841.4264888,39.93429158,0.5350574155,0.527620152,7462,2000-03-27,2003-03-31,2020-08-31,True,6363,7462,2002,-0.6439541027,1999,4.182551226,-0.7755462423,-0.4380353777,-0.1850201059,-0.04575227868,240,-0.03526029278,0.1025749086,0.1111261894,120,0.114967095,0.1525017027,335,8.388780337
TQQQ_SP500_SMA_TO_NASDAQ,SP500,150,100,LAG2,WAIT_ONE_TRADING_DAY,10,0.7413261756,1986-09-26,1986-09-29,2026-09-02,10059,0.2153528215,-0.9767627928,2412.844217,39.93429158,0.5561813059,0.5748217283,6492,2000-03-10,2002-10-07,2017-12-18,True,5551,6492,2000,-0.8309023368,1999,2.821522783,-0.903171379,-0.4571825749,-0.2327421505,0.005882787521,240,0.02115524884,0.1422207646,0.1478726315,120,0.151840561,0.2043096772,377,9.440508021
TQQQ_SP500_SMA_TO_TBILL,SP500,150,100,LAG2,WAIT_ONE_TRADING_DAY,10,0.7413261756,1986-09-26,1986-09-29,2026-09-02,10059,0.1944409582,-0.9487375526,1206.471645,39.93429158,0.5212035823,0.5439551692,5380,2000-03-06,2003-04-09,2014-11-28,True,4251,5380,2000,-0.803973591,1999,2.226648821,-0.8241943873,-0.3769741329,-0.1701023053,0.02770757716,240,0.03784172689,0.1490543053,0.1400873456,120,0.1440283632,0.1878060368,377,9.440508021
TQQQ_NDX_SMA_TO_NASDAQ,NASDAQ100,150,100,LAG2,WAIT_ONE_TRADING_DAY,10,0.7393379064,1986-09-26,1986-09-29,2026-09-02,10059,0.1996200769,-0.9839280983,1434.019916,39.93429158,0.5677637833,0.5524745434,7463,2000-03-27,2003-03-11,2020-09-01,True,6384,7463,2000,-0.7391542089,1999,4.182551226,-0.8865719696,-0.5020632186,-0.2510161809,-0.05633277962,240,-0.0420049461,0.1021650392,0.1198032815,120,0.1236741817,0.1687802046,335,8.388780337
TQQQ_NDX_SMA_TO_TBILL,NASDAQ100,150,100,LAG2,WAIT_ONE_TRADING_DAY,10,0.7393379064,1986-09-26,1986-09-29,2026-09-02,10059,0.1738178304,-0.9700939916,601.8035365,39.93429158,0.535074377,0.5119312524,7604,2000-03-27,2003-03-31,2021-01-20,True,6505,7604,2002,-0.6517054115,1999,4.182551226,-0.7824055622,-0.4481715234,-0.1944252077,-0.05605502517,240,-0.04567631831,0.09181863606,0.1008726748,120,0.1046781363,0.1415617778,335,8.388780337
TQQQ_SP500_SMA_TO_NASDAQ,SP500,150,100,LAG2,WAIT_ONE_TRADING_DAY,25,0.7413261756,1986-09-26,1986-09-29,2026-09-02,10059,0.1982340324,-0.977787041,1369.320673,39.93429158,0.5562481051,0.5493056864,6746,2000-03-10,2002-10-07,2018-08-29,True,5805,6746,2000,-0.8361549426,1999,2.764528717,-0.9054607412,-0.4646319203,-0.2446375409,-0.01097832815,240,0.004038128452,0.1257072392,0.1313205561,120,0.1352312689,0.1859777486,377,9.440508021
TQQQ_SP500_SMA_TO_TBILL,SP500,150,100,LAG2,WAIT_ONE_TRADING_DAY,25,0.7413261756,1986-09-26,1986-09-29,2026-09-02,10059,0.1776167221,-0.951582635,684.6884492,39.93429158,0.5212764407,0.5167248673,6422,2000-03-06,2003-04-09,2017-10-05,True,5293,6422,2000,-0.8100626725,1999,2.178526686,-0.8286314146,-0.386267183,-0.1829688496,0.01025289224,240,0.02021970603,0.1308660654,0.1236475324,120,0.1275317213,0.169801386,377,9.440508021
TQQQ_NDX_SMA_TO_NASDAQ,NASDAQ100,150,100,LAG2,WAIT_ONE_TRADING_DAY,25,0.7393379064,1986-09-26,1986-09-29,2026-09-02,10059,0.1845934933,-0.9859758829,866.8412856,39.93429158,0.5678141517,0.5302762742,7757,2000-03-27,2008-11-20,2021-06-22,True,4597,7757,2000,-0.7510261508,1999,4.182551226,-0.8917103983,-0.5154907676,-0.2639599839,-0.07159315343,240,-0.05749702033,0.0860503917,0.1043194837,120,0.1081368601,0.1526748645,335,8.388780337
TQQQ_NDX_SMA_TO_TBILL,NASDAQ100,150,100,LAG2,WAIT_ONE_TRADING_DAY,25,0.7393379064,1986-09-26,1986-09-29,2026-09-02,10059,0.1591144487,-0.9729988197,363.7802692,39.93429158,0.5351282469,0.4883738033,7791,2000-03-27,2003-03-31,2021-07-26,True,6692,7791,2002,-0.6630310523,1999,4.182551226,-0.7923156204,-0.4630523359,-0.2083470058,-0.07131989064,240,-0.0611090215,0.07602240413,0.08565063522,120,0.0894034777,0.1253261305,335,8.388780337
TQQQ_SP500_SMA_TO_NASDAQ,SP500,150,100,LAG2,WAIT_ONE_TRADING_DAY,50,0.7413261756,1986-09-26,1986-09-29,2026-09-02,10059,0.1701813219,-0.9825604146,531.6693969,39.93429158,0.5564411007,0.5067181601,7476,2000-03-10,2008-11-20,2020-08-28,True,4299,7476,2000,-0.844565633,1999,2.671236633,-0.9091639663,-0.4768452025,-0.2640932563,-0.03850884703,240,-0.0239103902,0.09803320691,0.1042087835,120,0.1080257772,0.1559381007,377,9.440508021
TQQQ_SP500_SMA_TO_TBILL,SP500,150,100,LAG2,WAIT_ONE_TRADING_DAY,50,0.7413261756,1986-09-26,1986-09-29,2026-09-02,10059,0.1500466981,-0.9568065831,265.8456138,39.93429158,0.5214849869,0.4712791615,7274,2000-03-06,2006-08-23,2020-02-04,True,4913,7274,2000,-0.8198127624,1999,2.099756832,-0.8357930553,-0.4014786898,-0.2040129528,-0.01823823749,240,-0.008544744396,0.1010664596,0.09671964156,120,0.100510747,0.1403397804,377,9.440508021
TQQQ_NDX_SMA_TO_NASDAQ,NASDAQ100,150,100,LAG2,WAIT_ONE_TRADING_DAY,50,0.7393379064,1986-09-26,1986-09-29,2026-09-02,10059,0.1599173694,-0.9894385035,373.9802583,39.93429158,0.5679695217,0.4932258359,8708,2000-03-27,2008-11-20,2024-01-29,True,5548,8708,2000,-0.7696600853,1999,4.182551226,-0.8997779407,-0.5371125464,-0.2850795149,-0.09652997491,240,-0.08281246112,0.05934878361,0.07893719034,120,0.08266682599,0.1259456701,335,8.388780337
TQQQ_NDX_SMA_TO_TBILL,NASDAQ100,150,100,LAG2,WAIT_ONE_TRADING_DAY,50,0.7393379064,1986-09-26,1986-09-29,2026-09-02,10059,0.1349690758,-0.9772346284,156.9452693,39.93429158,0.5352938077,0.449058295,8719,2000-03-27,2003-03-31,2024-02-09,True,7620,8719,2000,-0.6814724133,1999,4.182551226,-0.8078695671,-0.4870142396,-0.2310622652,-0.09626405191,240,-0.08632744466,0.04976724351,0.06069743704,120,0.0643640221,0.0987255549,335,8.388780337
TQQQ_SP500_SMA_TO_NASDAQ,SP500,200,0,LAG1,IMMEDIATE_NEXT_RETURN,0,0.7574311562,1986-09-26,1986-09-29,2026-09-02,10059,0.2522021672,-0.9773696829,7953.531575,39.93429158,0.5591664683,0.6285660357,6412,2000-03-27,2002-10-07,2017-10-16,True,5488,6412,2000,-0.8765686322,1999,3.56040118,-0.9403227611,-0.4604894602,-0.2268053886,0.006324471329,240,0.02158036796,0.1749598677,0.1860551658,120,0.1901573185,0.2328708133,261,6.535736323
TQQQ_SP500_SMA_TO_TBILL,SP500,200,0,LAG1,IMMEDIATE_NEXT_RETURN,0,0.7574311562,1986-09-26,1986-09-29,2026-09-02,10059,0.2350165361,-0.9436130343,4580.229403,39.93429158,0.5247857632,0.6079390575,6175,2000-03-27,2006-08-11,2017-02-21,True,3847,6175,2000,-0.8785780496,1999,3.197740277,-0.9138299362,-0.3864386413,-0.1707201831,0.02210079184,240,0.03332665072,0.18368001,0.1837533739,120,0.186908379,0.2179335781,261,6.535736323
TQQQ_NDX_SMA_TO_NASDAQ,NASDAQ100,200,0,LAG1,IMMEDIATE_NEXT_RETURN,0,0.7545481658,1986-09-26,1986-09-29,2026-09-02,10059,0.2373000922,-0.97785432,4930.891223,39.93429158,0.5738211927,0.6063194099,6729,2000-03-27,2003-02-13,2018-08-29,True,5676,6729,2000,-0.8087584536,1999,4.288122096,-0.917100931,-0.4656775626,-0.2358100631,-0.02385630314,240,-0.009057947584,0.1443665473,0.152243376,120,0.1562285855,0.2112962532,273,6.836229947
TQQQ_NDX_SMA_TO_TBILL,NASDAQ100,200,0,LAG1,IMMEDIATE_NEXT_RETURN,0,0.7545481658,1986-09-26,1986-09-29,2026-09-02,10059,0.2168866517,-0.9531794606,2537.484738,39.93429158,0.5422952175,0.578478645,6514,2000-03-27,2003-03-31,2018-01-26,True,5415,6514,2000,-0.7676817306,1999,4.288122096,-0.8605740151,-0.3954003584,-0.1803391638,-0.01986094297,240,-0.009095954992,0.1441611853,0.1376880239,120,0.1416228915,0.1935108546,273,6.836229947
TQQQ_SP500_SMA_TO_NASDAQ,SP500,200,0,LAG1,IMMEDIATE_NEXT_RETURN,10,0.7574311562,1986-09-26,1986-09-29,2026-09-02,10059,0.2440407222,-0.9778844946,6125.653632,39.93429158,0.5591700285,0.6168639033,6451,2000-03-27,2002-10-07,2017-11-24,True,5527,6451,2000,-0.8791349337,1999,3.542186919,-0.9412074735,-0.4643603311,-0.2338887188,-0.00124844178,240,0.01389264935,0.1666948375,0.1780922805,120,0.1821668924,0.2243278216,261,6.535736323
TQQQ_SP500_SMA_TO_TBILL,SP500,200,0,LAG1,IMMEDIATE_NEXT_RETURN,10,0.7574311562,1986-09-26,1986-09-29,2026-09-02,10059,0.2269671015,-0.9469293338,3527.602627,39.93429158,0.5248040663,0.5954671556,6244,2000-03-27,2006-08-14,2017-05-01,True,3913,6244,2000,-0.8811025727,1999,3.180974486,-0.9151143509,-0.3908408107,-0.1783173167,0.01440915688,240,0.02555053759,0.1753617307,0.1758059423,120,0.1787817735,0.2096961632,261,6.535736323
TQQQ_NDX_SMA_TO_NASDAQ,NASDAQ100,200,0,LAG1,IMMEDIATE_NEXT_RETURN,10,0.7545481658,1986-09-26,1986-09-29,2026-09-02,10059,0.2288662673,-0.9794873758,3752.353174,39.93429158,0.5738239988,0.5943940823,7231,2000-03-27,2008-11-20,2020-01-13,True,4071,7231,2000,-0.8116070832,1999,4.288122096,-0.918329906,-0.4711004338,-0.2428128086,-0.03217089418,240,-0.01749858797,0.1352225291,0.1432867833,120,0.147241015,0.2023616953,273,6.836229947
TQQQ_NDX_SMA_TO_TBILL,NASDAQ100,200,0,LAG1,IMMEDIATE_NEXT_RETURN,10,0.7545481658,1986-09-26,1986-09-29,2026-09-02,10059,0.2085919712,-0.9547453706,1930.997557,39.93429158,0.5423031283,0.5658577815,6727,2000-03-27,2003-03-31,2018-08-27,True,5628,6727,2000,-0.7711422166,1999,4.288122096,-0.8626522402,-0.4015364772,-0.1878502235,-0.02820956567,240,-0.01753627164,0.1349262657,0.1288445725,120,0.1327488537,0.1846684037,273,6.836229947
TQQQ_SP500_SMA_TO_NASDAQ,SP500,200,0,LAG1,IMMEDIATE_NEXT_RETURN,25,0.7574311562,1986-09-26,1986-09-29,2026-09-02,10059,0.2318830528,-0.9786357604,4138.357899,39.93429158,0.5591967737,0.5992880528,6510,2000-03-27,2002-10-07,2018-01-22,True,5586,6510,2000,-0.8828893118,1999,3.514967898,-0.9425116238,-0.4701217933,-0.2444052918,-0.01251510385,240,0.002455184488,0.154366427,0.166233322,120,0.1702669179,0.2116414091,261,6.535736323
TQQQ_SP500_SMA_TO_TBILL,SP500,200,0,LAG1,IMMEDIATE_NEXT_RETURN,25,0.7574311562,1986-09-26,1986-09-29,2026-09-02,10059,0.2149762879,-0.9515775317,2383.171343,39.93429158,0.5248542708,0.5767359438,6366,2000-03-27,2006-08-14,2017-08-31,True,4035,6366,2000,-0.8847958308,1999,3.155920027,-0.9170075069,-0.3973930655,-0.1895967302,0.002965865428,240,0.01398156305,0.1629786527,0.1639699986,120,0.1666810175,0.1972048519,261,6.535736323
TQQQ_NDX_SMA_TO_NASDAQ,NASDAQ100,200,0,LAG1,IMMEDIATE_NEXT_RETURN,25,0.7545481658,1986-09-26,1986-09-29,2026-09-02,10059,0.2163075695,-0.982055091,2489.70741,39.93429158,0.5738499981,0.5764844075,7420,2000-03-27,2008-11-20,2020-07-20,True,4260,7420,2000,-0.8158058588,1999,4.288122096,-0.9201415321,-0.4791417015,-0.2532097052,-0.04452553165,240,-0.03004052196,0.1214928798,0.1299657008,120,0.1338738596,0.1890667752,273,6.836229947
TQQQ_NDX_SMA_TO_TBILL,NASDAQ100,200,0,LAG1,IMMEDIATE_NEXT_RETURN,25,0.7545481658,1986-09-26,1986-09-29,2026-09-02,10059,0.1962404715,-0.9583413646,1281.227727,39.93429158,0.5423380321,0.5469039295,7435,2000-03-27,2009-05-22,2020-08-04,True,4092,7435,2000,-0.7762428462,1999,4.288122096,-0.8657154285,-0.4106353794,-0.1990018084,-0.04061477072,240,-0.03007772459,0.1211826348,0.1156917645,120,0.1195505547,0.1715110477,273,6.836229947
TQQQ_SP500_SMA_TO_NASDAQ,SP500,200,0,LAG1,IMMEDIATE_NEXT_RETURN,50,0.7574311562,1986-09-26,1986-09-29,2026-09-02,10059,0.2118438993,-0.9799169804,2149.730826,39.93429158,0.5592984176,0.5699405676,7253,2000-03-27,2008-11-20,2020-02-04,True,4093,7253,2000,-0.8889009776,1999,3.469874939,-0.9446253954,-0.4796056784,-0.2616472397,-0.0310479332,240,-0.01635860288,0.1336653018,0.1466942512,120,0.1506602682,0.1907936513,261,6.535736323
TQQQ_SP500_SMA_TO_TBILL,SP500,200,0,LAG1,IMMEDIATE_NEXT_RETURN,50,0.7574311562,1986-09-26,1986-09-29,2026-09-02,10059,0.1952121583,-0.95845032,1237.973377,39.93429158,0.5249985892,0.545462229,6499,2000-03-27,2006-08-14,2018-01-11,True,4168,6499,2000,-0.890709629,1999,3.114413036,-0.9200754389,-0.4081786666,-0.208089357,-0.01585750625,240,-0.005048548036,0.1417957568,0.1444688475,120,0.1467489067,0.1766771354,261,6.535736323
TQQQ_NDX_SMA_TO_NASDAQ,NASDAQ100,200,0,LAG1,IMMEDIATE_NEXT_RETURN,50,0.7545481658,1986-09-26,1986-09-29,2026-09-02,10059,0.195619872,-0.9856468587,1254.950123,39.93429158,0.5739514258,0.5465831942,7584,2000-03-27,2008-11-20,2020-12-31,True,4424,7584,2000,-0.822610276,1999,4.288122096,-0.9230778224,-0.4922990801,-0.2702553574,-0.06480732893,240,-0.05062979164,0.09942014671,0.1080644579,120,0.1118968679,0.1671911264,273,6.836229947
TQQQ_NDX_SMA_TO_TBILL,NASDAQ100,200,0,LAG1,IMMEDIATE_NEXT_RETURN,50,0.7545481658,1986-09-26,1986-09-29,2026-09-02,10059,0.1758940874,-0.9669294615,645.8095789,39.93429158,0.5424576234,0.5152612123,7604,2000-03-27,2009-05-22,2021-01-20,True,4261,7604,2000,-0.7845087824,1999,4.288122096,-0.8706794429,-0.4255232931,-0.2172847678,-0.06097958148,240,-0.05066620457,0.09854352736,0.09406718209,120,0.09785118038,0.1498418129,273,6.836229947
TQQQ_SP500_SMA_TO_NASDAQ,SP500,200,50,LAG1,IMMEDIATE_NEXT_RETURN,0,0.7574311562,1986-09-26,1986-09-29,2026-09-02,10059,0.242637488,-0.9774974982,5855.700121,39.93429158,0.55916297,0.6148481026,6448,2000-03-27,2002-10-07,2017-11-21,True,5524,6448,2000,-0.8774171881,1999,3.518126589,-0.9406147692,-0.4630267273,-0.231077544,-0.0007532154251,240,0.01440693659,0.1665615146,0.1772509734,120,0.1813215664,0.223611809,261,6.535736323
TQQQ_SP500_SMA_TO_TBILL,SP500,200,50,LAG1,IMMEDIATE_NEXT_RETURN,0,0.7574311562,1986-09-26,1986-09-29,2026-09-02,10059,0.2255831258,-0.9455738246,3372.143509,39.93429158,0.5247801532,0.5933243889,6240,2000-03-27,2006-08-11,2017-04-27,True,3912,6240,2000,-0.8794127914,1999,3.158827527,-0.9142467826,-0.3893241624,-0.1753022278,0.01491772775,240,0.02607073817,0.1751603393,0.1749662679,120,0.1779591992,0.2087813297,261,6.535736323
TQQQ_NDX_SMA_TO_NASDAQ,NASDAQ100,200,50,LAG1,IMMEDIATE_NEXT_RETURN,0,0.7545481658,1986-09-26,1986-09-29,2026-09-02,10059,0.2278931509,-0.9786069477,3635.50274,39.93429158,0.5738164158,0.5930159667,7227,2000-03-27,2008-11-20,2020-01-09,True,4067,7227,2000,-0.8099984724,1999,4.235072003,-0.9174448994,-0.4680660614,-0.2400807508,-0.03082114429,240,-0.01611717025,0.1360377061,0.1436854065,120,0.1476399396,0.2020638106,273,6.836229947
TQQQ_NDX_SMA_TO_TBILL,NASDAQ100,200,50,LAG1,IMMEDIATE_NEXT_RETURN,0,0.7545481658,1986-09-26,1986-09-29,2026-09-02,10059,0.2076349097,-0.9534458666,1870.865184,39.93429158,0.5422882503,0.5644034911,6694,2000-03-27,2003-03-31,2018-07-25,True,5595,6694,2000,-0.7691880928,1999,4.235072003,-0.8611441956,-0.3981030064,-0.1849198515,-0.02684894014,240,-0.0161549069,0.1359586072,0.1292381603,120,0.133142739,0.1843433561,273,6.836229947
TQQQ_SP500_SMA_TO_NASDAQ,SP500,200,50,LAG1,IMMEDIATE_NEXT_RETURN,10,0.7574311562,1986-09-26,1986-09-29,2026-09-02,10059,0.2345383825,-0.9780094022,4509.945096,39.93429158,0.5591664007,0.6031463675,6496,2000-03-27,2002-10-07,2018-01-08,True,5572,6496,2000,-0.8799658471,1999,3.500081174,-0.9414951526,-0.4668793939,-0.2381217365,-0.00827286668,240,0.006773200344,0.1582784044,0.1693471973,120,0.1733904614,0.2151329751,261,6.535736323
TQQQ_SP500_SMA_TO_TBILL,SP500,200,50,LAG1,IMMEDIATE_NEXT_RETURN,10,0.7574311562,1986-09-26,1986-09-29,2026-09-02,10059,0.217595175,-0.9487748037,2597.158625,39.93429158,0.5247983189,0.5808532772,6275,2000-03-27,2006-08-14,2017-06-01,True,3944,6275,2000,-0.8819199591,1999,3.142217154,-0.915524984,-0.3937056288,-0.1828573847,0.007280147637,240,0.0183492281,0.1668023131,0.1670778308,120,0.1698938676,0.2005239634,261,6.535736323
TQQQ_NDX_SMA_TO_NASDAQ,NASDAQ100,200,50,LAG1,IMMEDIATE_NEXT_RETURN,10,0.7545481658,1986-09-26,1986-09-29,2026-09-02,10059,0.2195234467,-0.9804295323,2766.576999,39.93429158,0.5738190859,0.5810909763,7261,2000-03-27,2008-11-20,2020-02-12,True,4101,7261,2000,-0.8128286314,1999,4.235072003,-0.9186687751,-0.4734646915,-0.2470443613,-0.03907641025,240,-0.02449768163,0.126888873,0.1347953364,120,0.1387191301,0.1931973583,273,6.836229947
TQQQ_NDX_SMA_TO_TBILL,NASDAQ100,200,50,LAG1,IMMEDIATE_NEXT_RETURN,10,0.7545481658,1986-09-26,1986-09-29,2026-09-02,10059,0.1994032919,-0.9550028667,1423.707519,39.93429158,0.5422960173,0.5517830653,7255,2000-03-27,2003-03-31,2020-02-06,True,6156,7255,2000,-0.7726261409,1999,4.235072003,-0.8632139218,-0.4042116959,-0.1923889355,-0.03513804052,240,-0.02453509685,0.1267899215,0.1204603912,120,0.1243346189,0.1755688287,273,6.836229947
TQQQ_SP500_SMA_TO_NASDAQ,SP500,200,50,LAG1,IMMEDIATE_NEXT_RETURN,25,0.7574311562,1986-09-26,1986-09-29,2026-09-02,10059,0.2224735769,-0.9787564249,3046.820475,39.93429158,0.5591929509,0.5855716285,6681,2000-03-27,2002-10-07,2018-07-12,True,5757,6681,2000,-0.8836944148,1999,3.473114471,-0.9427929215,-0.4726137604,-0.248580202,-0.019460288,240,-0.004583951827,0.1460837003,0.1575762689,120,0.1615788325,0.2025298864,261,6.535736323
TQQQ_SP500_SMA_TO_TBILL,SP500,200,50,LAG1,IMMEDIATE_NEXT_RETURN,25,0.7574311562,1986-09-26,1986-09-29,2026-09-02,10059,0.2056959507,-0.953261366,1754.583683,39.93429158,0.5248483167,0.5621238721,6430,2000-03-27,2006-08-14,2017-11-03,True,4099,6430,2000,-0.8855878271,1999,3.117394948,-0.9174089818,-0.400227069,-0.1940744758,-0.004082723278,240,0.006861489704,0.1545092836,0.1553297464,120,0.1578843502,0.1881969668,261,6.535736323
TQQQ_NDX_SMA_TO_NASDAQ,NASDAQ100,200,50,LAG1,IMMEDIATE_NEXT_RETURN,25,0.7545481658,1986-09-26,1986-09-29,2026-09-02,10059,0.2070602301,-0.9828793109,1835.639381,39.93429158,0.5738448805,0.5631823022,7451,2000-03-27,2008-11-20,2020-08-20,True,4291,7451,2000,-0.8170001819,1999,4.235072003,-0.9204728843,-0.4814700136,-0.2573831547,-0.05134289667,240,-0.03695027003,0.1133305341,0.1215731926,120,0.125451268,0.1800037815,273,6.836229947
TQQQ_NDX_SMA_TO_TBILL,NASDAQ100,200,50,LAG1,IMMEDIATE_NEXT_RETURN,25,0.7545481658,1986-09-26,1986-09-29,2026-09-02,10059,0.1871456982,-0.9602736087,944.6379369,39.93429158,0.542330705,0.5328304555,7456,2000-03-27,2009-05-22,2020-08-25,True,4113,7456,2000,-0.7776936977,1999,4.235072003,-0.8662645832,-0.4132699247,-0.2034781996,-0.04745480145,240,-0.03698720763,0.113051517,0.107405272,120,0.1112343589,0.1625125411,273,6.836229947
TQQQ_SP500_SMA_TO_NASDAQ,SP500,200,50,LAG1,IMMEDIATE_NEXT_RETURN,50,0.7574311562,1986-09-26,1986-09-29,2026-09-02,10059,0.2025874881,-0.9808513929,1582.715671,39.93429158,0.5592942681,0.5562273691,7452,2000-03-27,2008-11-20,2020-08-21,True,4292,7452,2000,-0.8896647522,1999,3.42843952,-0.9448963501,-0.4820530437,-0.2657268825,-0.03786277215,240,-0.02326563073,0.1254051488,0.1381822383,120,0.142117743,0.1818038177,261,6.535736323
TQQQ_SP500_SMA_TO_TBILL,SP500,200,50,LAG1,IMMEDIATE_NEXT_RETURN,50,0.7574311562,1986-09-26,1986-09-29,2026-09-02,10059,0.1860827851,-0.9598951612,911.444279,39.93429158,0.524992289,0.5308548234,6514,2000-03-27,2006-08-14,2018-01-26,True,4183,6514,2000,-0.8914609695,1999,3.076272724,-0.9204620727,-0.4109619464,-0.2124649247,-0.0227738091,240,-0.01203499392,0.1333562008,0.135973354,120,0.1381025257,0.1677592681,261,6.535736323
TQQQ_NDX_SMA_TO_NASDAQ,NASDAQ100,200,50,LAG1,IMMEDIATE_NEXT_RETURN,50,0.7545481658,1986-09-26,1986-09-29,2026-09-02,10059,0.186529817,-0.9863061067,925.2636907,39.93429158,0.5739459654,0.5332840754,7623,2000-03-27,2008-11-20,2021-02-08,True,4463,7623,2000,-0.823760479,1999,4.235072003,-0.9233969912,-0.4945685768,-0.274333547,-0.07147998217,240,-0.05739286692,0.09136139593,0.09983461511,120,0.1036375248,0.1582948842,273,6.836229947
TQQQ_NDX_SMA_TO_TBILL,NASDAQ100,200,50,LAG1,IMMEDIATE_NEXT_RETURN,50,0.7545481658,1986-09-26,1986-09-29,2026-09-02,10059,0.1669540035,-0.9684633656,476.1497237,39.93429158,0.5424499346,0.5011913685,7689,2000-03-27,2009-05-22,2021-04-15,True,4346,7689,2000,-0.7859060372,1999,4.235072003,-0.8712082974,-0.4280912873,-0.2216589843,-0.0676744193,240,-0.05742902045,0.09056673396,0.08594130023,120,0.08969617087,0.1409707287,273,6.836229947
TQQQ_SP500_SMA_TO_NASDAQ,SP500,200,100,LAG1,IMMEDIATE_NEXT_RETURN,0,0.7574311562,1986-09-26,1986-09-29,2026-09-02,10059,0.2331453469,-0.9776245987,4311.122236,39.93429158,0.559159807,0.6011296704,6493,2000-03-27,2002-10-07,2018-01-05,True,5569,6493,2000,-0.8782599573,1999,3.47624157,-0.9409053647,-0.4655522031,-0.2353263291,-0.007781509137,240,0.007283485225,0.1582227378,0.1685116563,120,0.1725509301,0.2144218375,261,6.535736323
TQQQ_SP500_SMA_TO_TBILL,SP500,200,100,LAG1,IMMEDIATE_NEXT_RETURN,0,0.7574311562,1986-09-26,1986-09-29,2026-09-02,10059,0.2162212579,-0.9474665344,2482.661776,39.93429158,0.5247749003,0.5787090539,6269,2000-03-27,2006-08-11,2017-05-26,True,3941,6269,2000,-0.8802418405,1999,3.120273368,-0.9146616356,-0.3921962737,-0.1798592069,0.00778475294,240,0.01886538031,0.1668411862,0.1662439113,120,0.1690770088,0.1997527792,261,6.535736323
TQQQ_NDX_SMA_TO_NASDAQ,NASDAQ100,200,100,LAG1,IMMEDIATE_NEXT_RETURN,0,0.7545481658,1986-09-26,1986-09-29,2026-09-02,10059,0.2185572182,-0.9795895956,2680.379352,39.93429158,0.5738119651,0.5797119996,7259,2000-03-27,2008-11-20,2020-02-10,True,4099,7259,2000,-0.81123052,1999,4.182551226,-0.9177874598,-0.4704440134,-0.2443278048,-0.03773666976,240,-0.02312648886,0.1277690305,0.1351905344,120,0.1391146248,0.1929012378,273,6.836229947
TQQQ_NDX_SMA_TO_TBILL,NASDAQ100,200,100,LAG1,IMMEDIATE_NEXT_RETURN,0,0.7545481658,1986-09-26,1986-09-29,2026-09-02,10059,0.1984530047,-0.9537107715,1379.349369,39.93429158,0.5422816282,0.5503276575,7254,2000-03-27,2003-03-31,2020-02-05,True,6155,7254,2000,-0.7706847715,1999,4.182551226,-0.8617120759,-0.4007937206,-0.1894751901,-0.03378749577,240,-0.02316395667,0.1278143962,0.120850597,120,0.1247251176,0.1752457863,273,6.836229947
TQQQ_SP500_SMA_TO_NASDAQ,SP500,200,100,LAG1,IMMEDIATE_NEXT_RETURN,10,0.7574311562,1986-09-26,1986-09-29,2026-09-02,10059,0.225108108,-0.9781336114,3320.341579,39.93429158,0.5591631081,0.5894283334,6511,2000-03-27,2002-10-07,2018-01-23,True,5587,6511,2000,-0.880791094,1999,3.458363444,-0.9417814401,-0.4693867499,-0.242331598,-0.01524827024,240,-0.0002966447697,0.1499222277,0.1606665539,120,0.164678709,0.2060066832,261,6.535736323
TQQQ_SP500_SMA_TO_TBILL,SP500,200,100,LAG1,IMMEDIATE_NEXT_RETURN,10,0.7574311562,1986-09-26,1986-09-29,2026-09-02,10059,0.2082943247,-0.9505561971,1912.097285,39.93429158,0.5247929286,0.5662387333,6409,2000-03-27,2006-08-14,2017-10-13,True,4078,6409,2000,-0.8827317712,1999,3.10381698,-0.9159336534,-0.3965571334,-0.1873726169,0.0002008507459,240,0.01119809286,0.1583048143,0.158414034,120,0.1610724923,0.1914208141,261,6.535736323
TQQQ_NDX_SMA_TO_NASDAQ,NASDAQ100,200,100,LAG1,IMMEDIATE_NEXT_RETURN,10,0.7545481658,1986-09-26,1986-09-29,2026-09-02,10059,0.2102511506,-0.9813284633,2039.738764,39.93429158,0.5738144992,0.5677873469,7434,2000-03-27,2008-11-20,2020-08-03,True,4274,7434,2000,-0.814042327,1999,4.182551226,-0.919006257,-0.4758185096,-0.251252497,-0.0459330307,240,-0.03144729631,0.1186159462,0.1263664964,120,0.1302600842,0.1841023756,273,6.836229947
TQQQ_NDX_SMA_TO_TBILL,NASDAQ100,200,100,LAG1,IMMEDIATE_NEXT_RETURN,10,0.7545481658,1986-09-26,1986-09-29,2026-09-02,10059,0.1902839737,-0.9564999483,1049.669471,39.93429158,0.5422892514,0.5377076701,7437,2000-03-27,2009-05-22,2020-08-06,True,4094,7437,2000,-0.7741005259,1999,4.182551226,-0.8637733376,-0.4068751018,-0.1969025306,-0.04201749496,240,-0.03148444498,0.1187114729,0.1121380259,120,0.1159824292,0.1665386643,273,6.836229947
TQQQ_SP500_SMA_TO_NASDAQ,SP500,200,100,LAG1,IMMEDIATE_NEXT_RETURN,25,0.7574311562,1986-09-26,1986-09-29,2026-09-02,10059,0.2131354619,-0.9788764147,2243.150303,39.93429158,0.5591894633,0.571854707,7231,2000-03-27,2002-10-07,2020-01-13,True,6307,7231,2000,-0.8844940274,1999,3.431646734,-0.9430728584,-0.4750941467,-0.2527322738,-0.02635700381,240,-0.01157404382,0.1378599537,0.1489830069,120,0.1529547747,0.1934863865,261,6.535736323
TQQQ_SP500_SMA_TO_TBILL,SP500,200,100,LAG1,IMMEDIATE_NEXT_RETURN,25,0.7574311562,1986-09-26,1986-09-29,2026-09-02,10059,0.1964859951,-0.9548867359,1291.771193,39.93429158,0.5248427196,0.5475111364,6491,2000-03-27,2006-08-14,2018-01-03,True,4160,6491,2000,-0.8863744223,1999,3.079224888,-0.9178085369,-0.4030479021,-0.1985277263,-0.01108216042,240,-0.0002089754027,0.1461011828,0.1467531614,120,0.1491535305,0.1792615818,261,6.535736323
TQQQ_NDX_SMA_TO_NASDAQ,NASDAQ100,200,100,LAG1,IMMEDIATE_NEXT_RETURN,25,0.7545481658,1986-09-26,1986-09-29,2026-09-02,10059,0.1978826945,-0.9836657162,1353.378128,39.93429158,0.573840089,0.5498796743,7462,2000-03-27,2008-11-20,2020-08-31,True,4302,7462,2000,-0.8181868275,1999,4.182551226,-0.9208028801,-0.4837880447,-0.2615335087,-0.05811199025,240,-0.04381117073,0.1052271512,0.1132425619,120,0.1170907832,0.1710093751,273,6.836229947
TQQQ_NDX_SMA_TO_TBILL,NASDAQ100,200,100,LAG1,IMMEDIATE_NEXT_RETURN,25,0.7545481658,1986-09-26,1986-09-29,2026-09-02,10059,0.178119577,-0.9621163289,696.4615907,39.93429158,0.5423237229,0.5187563034,7463,2000-03-27,2009-05-22,2020-09-01,True,4120,7463,2000,-0.7791352226,1999,4.182551226,-0.8668115227,-0.4158928368,-0.2079298188,-0.05424643752,240,-0.04384784519,0.1049789259,0.09917987533,120,0.1029794853,0.1535799632,273,6.836229947
TQQQ_SP500_SMA_TO_NASDAQ,SP500,200,100,LAG1,IMMEDIATE_NEXT_RETURN,50,0.7574311562,1986-09-26,1986-09-29,2026-09-02,10059,0.1934012771,-0.9817423777,1165.237389,39.93429158,0.5592904536,0.542513675,7462,2000-03-27,2008-11-20,2020-08-31,True,4302,7462,2000,-0.8904233181,1999,3.38738594,-0.9451659942,-0.4844890355,-0.2697842079,-0.0446300524,240,-0.03012453471,0.1172607144,0.1297329478,120,0.1336381726,0.1728331514,261,6.535736323
TQQQ_SP500_SMA_TO_TBILL,SP500,200,100,LAG1,IMMEDIATE_NEXT_RETURN,50,0.7574311562,1986-09-26,1986-09-29,2026-09-02,10059,0.1770226487,-0.9612898361,671.0295297,39.93429158,0.5249863457,0.5162467562,6729,2000-03-27,2006-08-14,2018-08-29,True,4398,6729,2000,-0.8922071863,1999,3.038483884,-0.9208468577,-0.4137322916,-0.2168165564,-0.02964188284,240,-0.01897276259,0.1249786834,0.1275404612,120,0.1295208673,0.1588826892,261,6.535736323
TQQQ_NDX_SMA_TO_NASDAQ,NASDAQ100,200,100,LAG1,IMMEDIATE_NEXT_RETURN,50,0.7545481658,1986-09-26,1986-09-29,2026-09-02,10059,0.1775083785,-0.9869351088,682.1773684,39.93429158,0.5739408311,0.5199844353,7764,2000-03-27,2008-11-20,2021-06-29,True,4604,7764,2000,-0.8249032881,1999,4.182551226,-0.9237148535,-0.4968280522,-0.2783891682,-0.07810538861,240,-0.06410813171,0.08353778739,0.09166545046,120,0.09543908476,0.1494659671,273,6.836229947
TQQQ_NDX_SMA_TO_TBILL,NASDAQ100,200,100,LAG1,IMMEDIATE_NEXT_RETURN,50,0.7545481658,1986-09-26,1986-09-29,2026-09-02,10059,0.1580814041,-0.9699262015,351.0551302,39.93429158,0.5424425907,0.4871208482,7777,2000-03-27,2009-05-22,2021-07-12,True,4434,7777,2000,-0.78729431,1999,4.182551226,-0.8717350185,-0.4306479421,-0.2260089944,-0.07432188974,240,-0.06414402768,0.0826474286,0.07787532999,120,0.08160129504,0.1321676074,273,6.836229947
TQQQ_SP500_SMA_TO_NASDAQ,SP500,200,0,LAG2,WAIT_ONE_TRADING_DAY,0,0.7573317427,1986-09-26,1986-09-29,2026-09-02,10059,0.271813235,-0.961636824,14793.54007,39.93429158,0.5629984311,0.6554427932,5274,2000-03-10,2002-10-07,2014-08-18,True,4333,5274,2000,-0.8282386783,1998,3.485101185,-0.9055273076,-0.3585110756,-0.17324972,0.06709478227,240,0.07926357128,0.223181136,0.2082708632,120,0.2124498523,0.2721410483,261,6.535736323
TQQQ_SP500_SMA_TO_TBILL,SP500,200,0,LAG2,WAIT_ONE_TRADING_DAY,0,0.7573317427,1986-09-26,1986-09-29,2026-09-02,10059,0.2650791865,-0.8626482598,11967.36212,39.93429158,0.5293620812,0.6523995772,4824,2000-02-17,2002-04-03,2013-05-03,True,4048,4824,2000,-0.7986004475,1998,3.353355366,-0.8314177755,-0.2113306627,-0.08200459288,0.1070618272,240,0.1116819285,0.2483553643,0.218371146,120,0.2225850685,0.2767284715,261,6.535736323
TQQQ_NDX_SMA_TO_NASDAQ,NASDAQ100,200,0,LAG2,WAIT_ONE_TRADING_DAY,0,0.7544487524,1986-09-26,1986-09-29,2026-09-02,10059,0.2347531144,-0.9622677401,4541.377708,39.93429158,0.5809297796,0.6045994187,6275,2000-03-27,2002-10-07,2017-06-01,True,5351,6275,2000,-0.752664411,1999,4.288122096,-0.8929167935,-0.4005694561,-0.1687254221,0.01079535329,240,0.02611902856,0.1851833323,0.1524334345,120,0.1564193014,0.2421857192,273,6.836229947
TQQQ_NDX_SMA_TO_TBILL,NASDAQ100,200,0,LAG2,WAIT_ONE_TRADING_DAY,0,0.7544487524,1986-09-26,1986-09-29,2026-09-02,10059,0.2157350443,-0.8781324992,2443.333758,39.93429158,0.5507381314,0.5786322135,5230,2000-03-27,2003-03-31,2014-07-22,True,4131,5230,2000,-0.6580022485,1999,4.288122096,-0.7946954212,-0.2819707206,-0.07043520787,0.03421471635,240,0.04557362396,0.2028228022,0.1404939067,120,0.1444384789,0.2402500692,273,6.836229947
TQQQ_SP500_SMA_TO_NASDAQ,SP500,200,0,LAG2,WAIT_ONE_TRADING_DAY,10,0.7573317427,1986-09-26,1986-09-29,2026-09-02,10059,0.2635239715,-0.9626127699,11393.69369,39.93429158,0.5629507172,0.6438275457,5373,2000-03-09,2002-10-07,2014-11-24,True,4431,5373,2000,-0.8318098236,1998,3.449345707,-0.9071130259,-0.3631136193,-0.1808236803,0.05906455315,240,0.07109041479,0.2143920341,0.2001588272,120,0.2043097596,0.2633684757,261,6.535736323
TQQQ_SP500_SMA_TO_TBILL,SP500,200,0,LAG2,WAIT_ONE_TRADING_DAY,10,0.7573317427,1986-09-26,1986-09-29,2026-09-02,10059,0.2568338133,-0.866569642,9217.026993,39.93429158,0.5293121944,0.6400463338,4893,2000-02-17,2002-04-04,2013-07-11,True,4116,4893,2000,-0.8027878109,1998,3.318650174,-0.8348875719,-0.2179283274,-0.09041446086,0.0987308333,240,0.103263271,0.2392934451,0.2101912991,120,0.2143769304,0.2677784201,261,6.535736323
TQQQ_NDX_SMA_TO_NASDAQ,NASDAQ100,200,0,LAG2,WAIT_ONE_TRADING_DAY,10,0.7544487524,1986-09-26,1986-09-29,2026-09-02,10059,0.2263366504,-0.9631261023,3455.937737,39.93429158,0.5809196596,0.5928208271,6423,2000-03-27,2002-10-07,2017-10-27,True,5499,6423,2000,-0.7563485868,1999,4.288122096,-0.8945042973,-0.4066531134,-0.1763429057,0.002185606568,240,0.01737875793,0.175718964,0.1434753644,120,0.1474302484,0.2328580086,273,6.836229947
TQQQ_NDX_SMA_TO_TBILL,NASDAQ100,200,0,LAG2,WAIT_ONE_TRADING_DAY,10,0.7544487524,1986-09-26,1986-09-29,2026-09-02,10059,0.2074482135,-0.8822083502,1859.349713,39.93429158,0.5507294328,0.5662063493,5344,2000-03-27,2003-03-31,2014-11-13,True,4245,5344,2000,-0.6630964602,1999,4.288122096,-0.797755605,-0.2892580437,-0.07895338552,0.02540548832,240,0.03666764309,0.1931466935,0.1316286447,120,0.1355425551,0.2309993111,273,6.836229947
TQQQ_SP500_SMA_TO_NASDAQ,SP500,200,0,LAG2,WAIT_ONE_TRADING_DAY,25,0.7573317427,1986-09-26,1986-09-29,2026-09-02,10059,0.2511758977,-0.9640452635,7697.330781,39.93429158,0.5629005919,0.6263771244,5611,2000-03-09,2002-10-07,2015-07-20,True,4669,5611,2000,-0.8370342406,1998,3.396180142,-0.9094447175,-0.3699641141,-0.1920686884,0.04711751554,240,0.05893146462,0.2016420512,0.1880777415,120,0.1921868897,0.2503066626,261,6.535736323
TQQQ_SP500_SMA_TO_TBILL,SP500,200,0,LAG2,WAIT_ONE_TRADING_DAY,25,0.7573317427,1986-09-26,1986-09-29,2026-09-02,10059,0.2445511206,-0.8722591743,6226.822271,39.93429158,0.5292601719,0.6214853262,4962,2000-02-17,2002-04-04,2013-09-18,True,4185,4962,2000,-0.8089137257,1998,3.267046299,-0.8399650739,-0.2277336683,-0.1029005356,0.08633633048,240,0.0907390966,0.2261353752,0.1980092242,120,0.2021527219,0.2546081553,261,6.535736323
TQQQ_NDX_SMA_TO_NASDAQ,NASDAQ100,200,0,LAG2,WAIT_ONE_TRADING_DAY,25,0.7544487524,1986-09-26,1986-09-29,2026-09-02,10059,0.2138038047,-0.9643787121,2293.034103,39.93429158,0.5809260504,0.5751308119,6496,2000-03-27,2002-10-07,2018-01-08,True,5572,6496,2000,-0.7617789269,1999,4.288122096,-0.8968444289,-0.4156742234,-0.187652497,-0.01060760224,240,0.004391603851,0.1617574772,0.1301520847,120,0.1340608881,0.2190670467,273,6.836229947
TQQQ_NDX_SMA_TO_TBILL,NASDAQ100,200,0,LAG2,WAIT_ONE_TRADING_DAY,25,0.7544487524,1986-09-26,1986-09-29,2026-09-02,10059,0.1951084028,-0.8880751159,1233.68898,39.93429158,0.5507391306,0.5475441992,5506,2000-03-27,2003-03-31,2015-04-24,True,4407,5506,2000,-0.6706051414,1999,4.288122096,-0.8022661457,-0.3000640014,-0.09160022708,0.01231587055,240,0.02343426043,0.17876051,0.1184433979,120,0.122311705,0.217223974,273,6.836229947
TQQQ_SP500_SMA_TO_NASDAQ,SP500,200,0,LAG2,WAIT_ONE_TRADING_DAY,50,0.7573317427,1986-09-26,1986-09-29,2026-09-02,10059,0.2308229057,-0.9663162297,3998.491592,39.93429158,0.5628742528,0.5972254994,6341,2000-03-09,2002-10-07,2017-07-19,True,5399,6341,2000,-0.8453997937,1998,3.308805508,-0.9132089121,-0.381240645,-0.2105049075,0.02746551853,240,0.03893280714,0.1801996423,0.1681726893,120,0.1722129928,0.228640064,261,6.535736323
TQQQ_SP500_SMA_TO_TBILL,SP500,200,0,LAG2,WAIT_ONE_TRADING_DAY,50,0.7573317427,1986-09-26,1986-09-29,2026-09-02,10059,0.2243058944,-0.881225056,3234.614336,39.93429158,0.5292343062,0.5904743365,5058,2000-02-17,2002-04-04,2013-12-23,True,4281,5058,2000,-0.8187227948,1998,3.182238217,-0.8480988499,-0.2438354014,-0.1233714866,0.06594828616,240,0.07013972986,0.2038082079,0.17793778,120,0.1820118575,0.2328234432,261,6.535736323
TQQQ_NDX_SMA_TO_NASDAQ,NASDAQ100,200,0,LAG2,WAIT_ONE_TRADING_DAY,50,0.7544487524,1986-09-26,1986-09-29,2026-09-02,10059,0.1931586927,-0.9672783116,1155.815908,39.93429158,0.5809942197,0.5455942936,7226,2000-03-27,2008-11-20,2020-01-08,True,4066,7226,2000,-0.7705791828,1999,4.288122096,-0.9006373228,-0.4304348512,-0.2061945068,-0.03160937331,240,-0.01692855443,0.1387173686,0.1082472292,120,0.1120802714,0.1966378853,273,6.836229947
TQQQ_NDX_SMA_TO_TBILL,NASDAQ100,200,0,LAG2,WAIT_ONE_TRADING_DAY,50,0.7544487524,1986-09-26,1986-09-29,2026-09-02,10059,0.1747812736,-0.8972285106,621.847423,39.93429158,0.5508159423,0.5163852031,6449,2000-03-27,2003-03-31,2017-11-22,True,5350,6449,2000,-0.6827734983,1999,4.288122096,-0.8095756504,-0.3177450539,-0.1123346511,-0.009172495652,240,0.001709884859,0.1554684274,0.09676548272,120,0.1005588135,0.1944294226,273,6.836229947
TQQQ_SP500_SMA_TO_NASDAQ,SP500,200,50,LAG2,WAIT_ONE_TRADING_DAY,0,0.7573317427,1986-09-26,1986-09-29,2026-09-02,10059,0.2620857127,-0.9618749489,10887.08534,39.93429158,0.5629940061,0.6417996766,5372,2000-03-10,2002-10-07,2014-11-24,True,4431,5372,2000,-0.8294624312,1998,3.447225525,-0.9060401317,-0.3615168159,-0.1778363037,0.05957720746,240,0.07163455723,0.2142645977,0.1992931729,120,0.2034399815,0.2625555364,261,6.535736323
TQQQ_SP500_SMA_TO_TBILL,SP500,200,50,LAG2,WAIT_ONE_TRADING_DAY,0,0.7573317427,1986-09-26,1986-09-29,2026-09-02,10059,0.2554031699,-0.8635502512,8807.201794,39.93429158,0.5293560117,0.6378912538,4836,2000-02-17,2002-04-03,2013-05-15,True,4060,4836,2000,-0.8000353647,1998,3.31659227,-0.8323880447,-0.2149848116,-0.08709737944,0.09923712176,240,0.1038237581,0.2392687851,0.2093184086,120,0.2134998816,0.2671304397,261,6.535736323
TQQQ_NDX_SMA_TO_NASDAQ,NASDAQ100,200,50,LAG2,WAIT_ONE_TRADING_DAY,0,0.7544487524,1986-09-26,1986-09-29,2026-09-02,10059,0.2253453773,-0.9624523346,3346.118683,39.93429158,0.5809267812,0.5914319724,6409,2000-03-27,2002-10-07,2017-10-13,True,5485,6409,2000,-0.7542982242,1999,4.235072003,-0.8933740983,-0.4032980682,-0.1734089821,0.00355921192,240,0.01878479027,0.1764709318,0.1438515192,120,0.1478066266,0.232638624,273,6.836229947
TQQQ_NDX_SMA_TO_TBILL,NASDAQ100,200,50,LAG2,WAIT_ONE_TRADING_DAY,0,0.7544487524,1986-09-26,1986-09-29,2026-09-02,10059,0.2064722083,-0.8788448463,1800.265308,39.93429158,0.5507331733,0.5647445855,5268,2000-03-27,2003-03-31,2014-08-29,True,4169,5268,2000,-0.6602613672,1999,4.235072003,-0.7955600552,-0.285239195,-0.0756725537,0.02681656526,240,0.03810033294,0.1940144953,0.1320009024,120,0.1359150338,0.2307289595,273,6.836229947
TQQQ_SP500_SMA_TO_NASDAQ,SP500,200,50,LAG2,WAIT_ONE_TRADING_DAY,10,0.7573317427,1986-09-26,1986-09-29,2026-09-02,10059,0.25385985,-0.9628458688,8385.019062,39.93429158,0.5629461643,0.6301835631,5464,2000-03-09,2002-10-07,2015-02-23,True,4522,5464,2000,-0.833008133,1998,3.411771994,-0.9076172423,-0.3660977941,-0.1853682457,0.0516035505,240,0.06351917451,0.205458486,0.191241411,120,0.1953603789,0.2538490645,261,6.535736323
TQQQ_SP500_SMA_TO_TBILL,SP500,200,50,LAG2,WAIT_ONE_TRADING_DAY,10,0.7573317427,1986-09-26,1986-09-29,2026-09-02,10059,0.2472208618,-0.8674458816,6783.13365,39.93429158,0.5293059887,0.6255369181,4914,2000-02-17,2002-04-04,2013-08-01,True,4137,4914,2000,-0.8041928943,1998,3.282180155,-0.8358378708,-0.2215519072,-0.09546059177,0.09096501128,240,0.09546460974,0.2302653152,0.2011993397,120,0.2053527392,0.2582348301,261,6.535736323
TQQQ_NDX_SMA_TO_NASDAQ,NASDAQ100,200,50,LAG2,WAIT_ONE_TRADING_DAY,10,0.7544487524,1986-09-26,1986-09-29,2026-09-02,10059,0.2169930395,-0.9633064975,2546.358963,39.93429158,0.5809165653,0.5796534576,6455,2000-03-27,2002-10-07,2017-11-28,True,5531,6455,2000,-0.7579580636,1999,4.235072003,-0.8949548225,-0.4093540327,-0.1809835473,-0.004988898836,240,0.01010699117,0.1670601953,0.1349601578,120,0.1388845215,0.2233826036,273,6.836229947
TQQQ_NDX_SMA_TO_TBILL,NASDAQ100,200,50,LAG2,WAIT_ONE_TRADING_DAY,10,0.7544487524,1986-09-26,1986-09-29,2026-09-02,10059,0.1982485159,-0.8828968729,1369.981801,39.93429158,0.5507243736,0.552318779,5436,2000-03-27,2003-03-31,2015-02-13,True,4337,5436,2000,-0.6653219282,1999,4.235072003,-0.7986073511,-0.2924933462,-0.0841427383,0.01807035315,240,0.02925800803,0.184374598,0.123201658,120,0.1270853642,0.2215492178,273,6.836229947
TQQQ_SP500_SMA_TO_NASDAQ,SP500,200,50,LAG2,WAIT_ONE_TRADING_DAY,25,0.7573317427,1986-09-26,1986-09-29,2026-09-02,10059,0.241606221,-0.9642694312,5664.735872,39.93429158,0.5628958466,0.612732353,6255,2000-03-09,2002-10-07,2017-04-24,True,5313,6255,2000,-0.8381953274,1998,3.3590554,-0.9099362768,-0.3729161904,-0.1965508696,0.03974067856,240,0.05144617258,0.1927989636,0.1792500901,120,0.1833275956,0.2408856713,261,6.535736323
TQQQ_SP500_SMA_TO_TBILL,SP500,200,50,LAG2,WAIT_ONE_TRADING_DAY,25,0.7573317427,1986-09-26,1986-09-29,2026-09-02,10059,0.2350321138,-0.8730980506,4582.537049,39.93429158,0.5292537614,0.6069748853,4992,2000-02-17,2002-04-04,2013-10-18,True,4215,4992,2000,-0.8102751637,1998,3.231012063,-0.8408861494,-0.231311817,-0.1078773972,0.07865811272,240,0.08302896526,0.216971582,0.1891077799,120,0.1932193704,0.2450664165,261,6.535736323
TQQQ_NDX_SMA_TO_NASDAQ,NASDAQ100,200,50,LAG2,WAIT_ONE_TRADING_DAY,25,0.7544487524,1986-09-26,1986-09-29,2026-09-02,10059,0.204555683,-0.9645529792,1689.523477,39.93429158,0.5809228114,0.56196404,6511,2000-03-27,2002-10-07,2018-01-23,True,5587,6511,2000,-0.7633525328,1999,4.235072003,-0.8972849604,-0.4183340785,-0.1922294182,-0.01769052287,240,-0.002787336565,0.1532015354,0.1217360936,120,0.1256147323,0.2097521216,273,6.836229947
TQQQ_NDX_SMA_TO_TBILL,NASDAQ100,200,50,LAG2,WAIT_ONE_TRADING_DAY,25,0.7544487524,1986-09-26,1986-09-29,2026-09-02,10059,0.1860027237,-0.8887293459,908.9906213,39.93429158,0.5507339189,0.533657281,6275,2000-03-27,2003-03-31,2017-06-01,True,5176,6275,2000,-0.6727810097,1999,4.235072003,-0.8030988958,-0.3032501151,-0.09671832514,0.005074370647,240,0.01611921165,0.1702352848,0.1101145988,120,0.1139530537,0.2078691531,273,6.836229947
TQQQ_SP500_SMA_TO_NASDAQ,SP500,200,50,LAG2,WAIT_ONE_TRADING_DAY,50,0.7573317427,1986-09-26,1986-09-29,2026-09-02,10059,0.2214088998,-0.9665262387,2942.630296,39.93429158,0.562869185,0.5835807745,6441,2000-03-09,2002-10-07,2017-10-27,True,5499,6441,2000,-0.8465012783,1998,3.272418625,-0.9136800383,-0.3841398844,-0.2148848096,0.02022712788,240,0.03158888005,0.1714831714,0.1594929364,120,0.1635021273,0.2194199336,261,6.535736323
TQQQ_SP500_SMA_TO_TBILL,SP500,200,50,LAG2,WAIT_ONE_TRADING_DAY,50,0.7573317427,1986-09-26,1986-09-29,2026-09-02,10059,0.2149417342,-0.8820050532,2380.466214,39.93429158,0.5292275525,0.5759638238,5110,2000-02-17,2002-04-04,2014-02-13,True,4333,5110,2000,-0.8200143458,1998,3.146920166,-0.8489731117,-0.2473389458,-0.128234781,0.05841417096,240,0.06257520971,0.1947609758,0.1691854705,120,0.1732281754,0.2235461706,261,6.535736323
TQQQ_NDX_SMA_TO_NASDAQ,NASDAQ100,200,50,LAG2,WAIT_ONE_TRADING_DAY,50,0.7544487524,1986-09-26,1986-09-29,2026-09-02,10059,0.1840678687,-0.9687964606,851.6132002,39.93429158,0.5809907374,0.5324298032,7254,2000-03-27,2008-11-20,2020-02-05,True,4094,7254,2000,-0.7720946572,1999,4.235072003,-0.9010616566,-0.4330275158,-0.2106669588,-0.03854194522,240,-0.02395510792,0.1303306463,0.09999435871,120,0.1037978208,0.1874943601,273,6.836229947
TQQQ_NDX_SMA_TO_TBILL,NASDAQ100,200,50,LAG2,WAIT_ONE_TRADING_DAY,50,0.7544487524,1986-09-26,1986-09-29,2026-09-02,10059,0.1658304694,-0.8978292366,458.1815066,39.93429158,0.5508104745,0.5025008789,6496,2000-03-27,2003-03-31,2018-01-08,True,5397,6496,2000,-0.6848689867,1999,4.235072003,-0.8103776168,-0.3208506833,-0.1173359274,-0.01626028068,240,-0.005449887834,0.1471254503,0.08859811423,120,0.09236217136,0.1852497863,273,6.836229947
TQQQ_SP500_SMA_TO_NASDAQ,SP500,200,100,LAG2,WAIT_ONE_TRADING_DAY,0,0.7573317427,1986-09-26,1986-09-29,2026-09-02,10059,0.2524320625,-0.9621116095,8012.052977,39.93429158,0.562989915,0.6281560055,5460,2000-03-10,2002-10-07,2015-02-20,True,4519,5460,2000,-0.8306775349,1998,3.409667654,-0.9065502015,-0.364508639,-0.182397695,0.05211218282,240,0.06405905397,0.2054126215,0.1903816998,120,0.1944965732,0.2530417282,261,6.535736323
TQQQ_SP500_SMA_TO_TBILL,SP500,200,100,LAG2,WAIT_ONE_TRADING_DAY,0,0.7573317427,1986-09-26,1986-09-29,2026-09-02,10059,0.2458006342,-0.8644463714,6481.419511,39.93429158,0.5293502974,0.6233822188,4914,2000-02-17,2002-04-03,2013-08-01,True,4138,4914,2000,-0.8014601404,1998,3.280137628,-0.8333527857,-0.2186222319,-0.09216219334,0.09146729393,240,0.09602070581,0.230407286,0.2003324419,120,0.2044817128,0.2576040398,261,6.535736323
TQQQ_NDX_SMA_TO_NASDAQ,NASDAQ100,200,100,LAG2,WAIT_ONE_TRADING_DAY,0,0.7544487524,1986-09-26,1986-09-29,2026-09-02,10059,0.2160088069,-0.9626360363,2465.402063,39.93429158,0.5809241062,0.5782640946,6448,2000-03-27,2002-10-07,2017-11-21,True,5524,6448,2000,-0.755921337,1999,4.182551226,-0.8938294761,-0.4060144112,-0.1780664124,-0.003625521805,240,0.0115025735,0.1678221081,0.135333044,120,0.139257627,0.2231643851,273,6.836229947
TQQQ_NDX_SMA_TO_TBILL,NASDAQ100,200,100,LAG2,WAIT_ONE_TRADING_DAY,0,0.7544487524,1986-09-26,1986-09-29,2026-09-02,10059,0.1972794428,-0.8795530702,1326.425696,39.93429158,0.5507285562,0.5508563972,5356,2000-03-27,2003-03-31,2014-11-25,True,4257,5356,2000,-0.6625056901,1999,4.182551226,-0.7964210967,-0.2884929728,-0.08088068028,0.01947093245,240,0.03068004976,0.1851892831,0.123570681,120,0.1274546042,0.2212804225,273,6.836229947
TQQQ_SP500_SMA_TO_NASDAQ,SP500,200,100,LAG2,WAIT_ONE_TRADING_DAY,10,0.7573317427,1986-09-26,1986-09-29,2026-09-02,10059,0.2442691191,-0.9630775279,6170.725665,39.93429158,0.5629419454,0.6165390266,6189,2000-03-09,2002-10-07,2017-02-17,True,5247,6189,2000,-0.8341979732,1998,3.374513537,-0.9081187507,-0.3690681514,-0.1898878495,0.04419470256,240,0.05600103979,0.196784993,0.1823897672,120,0.1864770144,0.2444008625,261,6.535736323
TQQQ_SP500_SMA_TO_TBILL,SP500,200,100,LAG2,WAIT_ONE_TRADING_DAY,10,0.7573317427,1986-09-26,1986-09-29,2026-09-02,10059,0.2376809123,-0.8683164176,4991.861866,39.93429158,0.5293001382,0.6110267914,4962,2000-02-17,2002-04-04,2013-09-18,True,4185,4962,2000,-0.805588047,1998,3.246016131,-0.8367827553,-0.2251588985,-0.1004790063,0.08325365388,240,0.0877206492,0.2213281239,0.1922737025,120,0.1963951162,0.2488352979,261,6.535736323
TQQQ_NDX_SMA_TO_NASDAQ,NASDAQ100,200,100,LAG2,WAIT_ONE_TRADING_DAY,10,0.7544487524,1986-09-26,1986-09-29,2026-09-02,10059,0.2077201101,-0.9634860202,1876.143447,39.93429158,0.5809137944,0.5664856589,6500,2000-03-27,2002-10-07,2018-01-12,True,5576,6500,2000,-0.7595569995,1999,4.182551226,-0.8954034494,-0.4120428073,-0.1855982987,-0.01211243448,240,0.002886802828,0.1584647273,0.1265078982,120,0.1304019748,0.2139795078,273,6.836229947
TQQQ_NDX_SMA_TO_TBILL,NASDAQ100,200,100,LAG2,WAIT_ONE_TRADING_DAY,10,0.7544487524,1986-09-26,1986-09-29,2026-09-02,10059,0.1891184112,-0.8835814103,1009.395147,39.93429158,0.5507196554,0.5384306509,5506,2000-03-27,2003-03-31,2015-04-24,True,4407,5506,2000,-0.6675328209,1999,4.182551226,-0.7994555583,-0.2957141012,-0.08930313959,0.01078728894,240,0.02190092929,0.1757443669,0.1148369662,120,0.118690699,0.2121711559,273,6.836229947
TQQQ_SP500_SMA_TO_NASDAQ,SP500,200,100,LAG2,WAIT_ONE_TRADING_DAY,25,0.7573317427,1986-09-26,1986-09-29,2026-09-02,10059,0.2321092177,-0.9644922142,4168.807581,39.93429158,0.5628914352,0.5990870287,6276,2000-03-09,2002-10-07,2017-05-15,True,5334,6276,2000,-0.8393482081,1998,3.322242146,-0.9104251961,-0.3758545979,-0.2010084319,0.03241540795,240,0.04401338324,0.1840204927,0.1704875492,120,0.1745336532,0.2315351528,261,6.535736323
TQQQ_SP500_SMA_TO_TBILL,SP500,200,100,LAG2,WAIT_ONE_TRADING_DAY,25,0.7573317427,1986-09-26,1986-09-29,2026-09-02,10059,0.2255853956,-0.8739314666,3372.392927,39.93429158,0.529247706,0.5924637346,5019,2000-02-17,2002-04-04,2013-11-14,True,4242,5019,2000,-0.8116269794,1998,3.195280166,-0.8418019769,-0.234873585,-0.1128269229,0.07103374519,240,0.07537291367,0.2080223151,0.1802719904,120,0.1843519169,0.2355967379,261,6.535736323
TQQQ_NDX_SMA_TO_NASDAQ,NASDAQ100,200,100,LAG2,WAIT_ONE_TRADING_DAY,25,0.7544487524,1986-09-26,1986-09-29,2026-09-02,10059,0.1953775206,-0.9647264036,1244.831717,39.93429158,0.5809198958,0.5487968422,6694,2000-03-27,2002-10-07,2018-07-25,True,5770,6694,2000,-0.7649158326,1999,4.182551226,-0.8977236357,-0.4209819737,-0.1967808046,-0.02472312438,240,-0.00991535697,0.1447081426,0.1133823161,120,0.1172310206,0.2005078671,273,6.836229947
TQQQ_NDX_SMA_TO_TBILL,NASDAQ100,200,100,LAG2,WAIT_ONE_TRADING_DAY,25,0.7544487524,1986-09-26,1986-09-29,2026-09-02,10059,0.1769659263,-0.889379789,669.7393504,39.93429158,0.5507290482,0.5197698089,6409,2000-03-27,2003-03-31,2017-10-13,True,5310,6409,2000,-0.6749426275,1999,4.182551226,-0.8039281859,-0.3064219025,-0.1018078692,-0.002115723006,240,0.008856048297,0.1617851417,0.1018473687,120,0.1056561995,0.1985857178,273,6.836229947
TQQQ_SP500_SMA_TO_NASDAQ,SP500,200,100,LAG2,WAIT_ONE_TRADING_DAY,50,0.7573317427,1986-09-26,1986-09-29,2026-09-02,10059,0.2120663851,-0.9667349503,2165.548361,39.93429158,0.5628644511,0.5699354984,6490,2000-03-09,2002-10-07,2017-12-15,True,5548,6490,2000,-0.8475949779,1998,3.23633704,-0.9141486342,-0.3870256995,-0.2192406546,0.01303933582,240,0.02429646411,0.1629353927,0.1508772031,120,0.1548555186,0.2102980827,261,6.535736323
TQQQ_SP500_SMA_TO_TBILL,SP500,200,100,LAG2,WAIT_ONE_TRADING_DAY,50,0.7573317427,1986-09-26,1986-09-29,2026-09-02,10059,0.2056486866,-0.8827799733,1751.839066,39.93429158,0.5292211538,0.5614526033,5223,2000-02-17,2002-04-04,2014-06-06,True,4446,5223,2000,-0.8212967684,1998,3.111898444,-0.8498423923,-0.2508264511,-0.1330713633,0.05093289533,240,0.05506374798,0.1859311137,0.1604977158,120,0.1645092872,0.214235212,261,6.535736323
TQQQ_NDX_SMA_TO_NASDAQ,NASDAQ100,200,100,LAG2,WAIT_ONE_TRADING_DAY,50,0.7544487524,1986-09-26,1986-09-29,2026-09-02,10059,0.1750458141,-0.9702442526,627.4639783,39.93429158,0.5809875784,0.5192648923,7434,2000-03-27,2008-11-20,2020-08-03,True,4274,7434,2000,-0.7736002063,1999,4.182551226,-0.9014842024,-0.4356085226,-0.2151144589,-0.04542526613,240,-0.03093182228,0.1220052394,0.09180249595,120,0.09557660398,0.1784202049,273,6.836229947
TQQQ_NDX_SMA_TO_TBILL,NASDAQ100,200,100,LAG2,WAIT_ONE_TRADING_DAY,50,0.7544487524,1986-09-26,1986-09-29,2026-09-02,10059,0.1569473753,-0.8984264855,337.5856444,39.93429158,0.5508053475,0.4886160073,6511,2000-03-27,2003-03-31,2018-01-23,True,5412,6511,2000,-0.686950751,1999,4.182551226,-0.8111762511,-0.3239423483,-0.1223093015,-0.02329775066,240,-0.01255887647,0.138842266,0.08049112142,120,0.08422612865,0.1761401989,273,6.836229947
TQQQ_SP500_SMA_TO_NASDAQ,SP500,250,0,LAG1,IMMEDIATE_NEXT_RETURN,0,0.7725420022,1986-09-26,1986-09-29,2026-09-02,10059,0.2730127535,-0.9767305836,15361.08135,39.93429158,0.5684567598,0.6565241943,6330,2000-03-27,2002-10-07,2017-07-26,True,5406,6330,2000,-0.8723060297,1999,4.101239942,-0.9409479554,-0.4485051864,-0.2196173442,0.01699471235,240,0.03241237001,0.202830055,0.2163915775,120,0.2205986533,0.2565071486,216,5.408885232
TQQQ_SP500_SMA_TO_TBILL,SP500,250,0,LAG1,IMMEDIATE_NEXT_RETURN,0,0.7725420022,1986-09-26,1986-09-29,2026-09-02,10059,0.268531865,-0.9375782012,13343.42961,39.93429158,0.5358835347,0.6563521218,5589,2000-03-27,2006-07-27,2015-07-16,True,3276,5589,2000,-0.8698953628,1999,3.994240094,-0.9140919676,-0.3649692601,-0.1577832639,0.0399534897,240,0.05137542696,0.2251896841,0.2272172076,120,0.2308357471,0.2600302134,216,5.408885232
TQQQ_NDX_SMA_TO_NASDAQ,NASDAQ100,250,0,LAG1,IMMEDIATE_NEXT_RETURN,0,0.7728402426,1986-09-26,1986-09-29,2026-09-02,10059,0.2406212384,-0.9597881633,5488.01868,39.93429158,0.5857079488,0.6123663902,6245,2000-03-27,2008-11-20,2017-05-02,True,3085,6245,2000,-0.7994693475,1999,4.288122096,-0.913093962,-0.4055382924,-0.1926365386,0.01265611009,240,0.02800799447,0.1987784897,0.1649198618,120,0.1689489148,0.2502174253,249,6.235242698
TQQQ_NDX_SMA_TO_TBILL,NASDAQ100,250,0,LAG1,IMMEDIATE_NEXT_RETURN,0,0.7728402426,1986-09-26,1986-09-29,2026-09-02,10059,0.2257884548,-0.8761542178,3394.778313,39.93429158,0.556398088,0.5930206224,5076,2000-03-27,2003-04-09,2014-02-18,True,3968,5076,2000,-0.7419659333,1999,4.288122096,-0.8451295241,-0.2890173897,-0.1095042687,0.03734584115,240,0.04873913828,0.2131358087,0.1608193204,120,0.1648341912,0.2532608534,249,6.235242698
TQQQ_SP500_SMA_TO_NASDAQ,SP500,250,0,LAG1,IMMEDIATE_NEXT_RETURN,10,0.7725420022,1986-09-26,1986-09-29,2026-09-02,10059,0.2661423352,-0.9771230148,12375.62798,39.93429158,0.568469864,0.6469996085,6423,2000-03-27,2002-10-07,2017-10-27,True,5499,6423,2000,-0.8744595474,1999,4.080865569,-0.9415912247,-0.4518045429,-0.2253729446,0.01065515684,240,0.02597670674,0.1954208996,0.2098377956,120,0.2140222042,0.2494496047,216,5.408885232
TQQQ_SP500_SMA_TO_TBILL,SP500,250,0,LAG1,IMMEDIATE_NEXT_RETURN,10,0.7725420022,1986-09-26,1986-09-29,2026-09-02,10059,0.26168563,-0.9407427262,10750.11043,39.93429158,0.5358793384,0.6462479131,6169,2000-03-27,2006-07-27,2017-02-15,True,3856,6169,2000,-0.8720895356,1999,3.974293079,-0.9150328856,-0.3687683762,-0.1639949127,0.03347081797,240,0.04482155525,0.2181628907,0.2200353567,120,0.2235919144,0.2531812012,216,5.408885232
TQQQ_NDX_SMA_TO_NASDAQ,NASDAQ100,250,0,LAG1,IMMEDIATE_NEXT_RETURN,10,0.7728402426,1986-09-26,1986-09-29,2026-09-02,10059,0.2329058841,-0.9620931484,4277.81648,39.93429158,0.5857007084,0.6017066202,6276,2000-03-27,2008-11-20,2017-06-02,True,3116,6276,2000,-0.800868858,1999,4.288122096,-0.9136976002,-0.4092128813,-0.197629877,0.006142250498,240,0.02139538465,0.1921447876,0.157330422,120,0.1613332258,0.2428595083,249,6.235242698
TQQQ_NDX_SMA_TO_TBILL,NASDAQ100,250,0,LAG1,IMMEDIATE_NEXT_RETURN,10,0.7728402426,1986-09-26,1986-09-29,2026-09-02,10059,0.2181653448,-0.8777508085,2646.171498,39.93429158,0.5563894495,0.5817985319,5184,2000-03-27,2003-04-10,2014-06-06,True,4075,5184,2000,-0.7437667621,1999,4.288122096,-0.8462111083,-0.2934122376,-0.1150117591,0.0306731661,240,0.04199317642,0.2055845457,0.1532565956,120,0.1572453095,0.2459061591,249,6.235242698
TQQQ_SP500_SMA_TO_NASDAQ,SP500,250,0,LAG1,IMMEDIATE_NEXT_RETURN,25,0.7725420022,1986-09-26,1986-09-29,2026-09-02,10059,0.2558934026,-0.9776999999,8945.592906,39.93429158,0.5685069822,0.6326941305,6491,2000-03-27,2002-10-07,2018-01-03,True,5567,6491,2000,-0.8776258285,1999,4.05041852,-0.9425441959,-0.4567227285,-0.2339375028,0.001208083067,240,0.01638641516,0.1843543509,0.2000610929,120,0.2042116873,0.2389181237,216,5.408885232
TQQQ_SP500_SMA_TO_TBILL,SP500,250,0,LAG1,IMMEDIATE_NEXT_RETURN,25,0.7725420022,1986-09-26,1986-09-29,2026-09-02,10059,0.2514727726,-0.9451966248,7770.604592,39.93429158,0.5358916398,0.6310694169,6244,2000-03-27,2006-07-27,2017-05-01,True,3931,6244,2000,-0.8753155913,1999,3.944484665,-0.9164267041,-0.3744315283,-0.1732380887,0.02381047537,240,0.03505511192,0.2078374825,0.209327975,120,0.2127925747,0.2426460449,216,5.408885232
TQQQ_NDX_SMA_TO_NASDAQ,NASDAQ100,250,0,LAG1,IMMEDIATE_NEXT_RETURN,25,0.7728402426,1986-09-26,1986-09-29,2026-09-02,10059,0.2214084113,-0.9653091239,2942.583302,39.93429158,0.5857094106,0.5856969099,6426,2000-03-27,2008-11-20,2017-10-30,True,3266,6426,2000,-0.8029524237,1999,4.288122096,-0.9145963233,-0.4146890372,-0.2050713035,-0.003562139463,240,0.01154387597,0.1816071678,0.1460248,120,0.1499885017,0.231890091,249,6.235242698
TQQQ_NDX_SMA_TO_TBILL,NASDAQ100,250,0,LAG1,IMMEDIATE_NEXT_RETURN,25,0.7728402426,1986-09-26,1986-09-29,2026-09-02,10059,0.206805335,-0.8876504066,1820.223028,39.93429158,0.5563970879,0.5649438306,5230,2000-03-27,2009-07-08,2014-07-22,True,1840,5230,2000,-0.7464478032,1999,4.288122096,-0.8478213415,-0.299961779,-0.1232194115,0.02073217185,240,0.03194299901,0.1947840745,0.1419907697,120,0.145940519,0.2349413117,249,6.235242698
TQQQ_SP500_SMA_TO_NASDAQ,SP500,250,0,LAG1,IMMEDIATE_NEXT_RETURN,50,0.7725420022,1986-09-26,1986-09-29,2026-09-02,10059,0.2389621762,-0.9786313117,5202.441796,39.93429158,0.5686153986,0.6088059996,6681,2000-03-27,2002-10-07,2018-07-12,True,5757,6681,2000,-0.8827365242,1999,3.999977782,-0.9441011322,-0.4648379866,-0.2480298332,-0.01437218835,240,0.0005699465536,0.1670642932,0.1839096943,120,0.1880044266,0.2207126426,216,5.408885232
TQQQ_SP500_SMA_TO_TBILL,SP500,250,0,LAG1,IMMEDIATE_NEXT_RETURN,50,0.7725420022,1986-09-26,1986-09-29,2026-09-02,10059,0.2346011426,-0.9519009523,4519.109972,39.93429158,0.5359617251,0.605717464,6423,2000-03-27,2006-07-27,2017-10-27,True,4110,6423,2000,-0.8805227691,1999,3.895101934,-0.9187036104,-0.3837760194,-0.1884470333,0.007878477465,240,0.01894813091,0.1898411506,0.1916556028,120,0.1949696177,0.2246539963,216,5.408885232
TQQQ_NDX_SMA_TO_NASDAQ,NASDAQ100,250,0,LAG1,IMMEDIATE_NEXT_RETURN,50,0.7728402426,1986-09-26,1986-09-29,2026-09-02,10059,0.202446027,-0.9700831631,1575.297873,39.93429158,0.5857760777,0.5589653406,6510,2000-03-27,2008-11-20,2018-01-22,True,3350,6510,2000,-0.8063835147,1999,4.288122096,-0.9160763857,-0.4237213556,-0.217345037,-0.01956036801,240,-0.004696886006,0.1651180341,0.1273899521,120,0.1312892023,0.2137864496,249,6.235242698
TQQQ_NDX_SMA_TO_TBILL,NASDAQ100,250,0,LAG1,IMMEDIATE_NEXT_RETURN,50,0.7728402426,1986-09-26,1986-09-29,2026-09-02,10059,0.1880696637,-0.9035966192,974.4476773,39.93429158,0.5564647372,0.5368007102,5352,2000-03-27,2009-07-08,2014-11-21,True,1962,5352,2000,-0.750862781,1999,4.288122096,-0.8504729515,-0.3107645293,-0.1367569417,0.004343887922,240,0.01537472054,0.1763577336,0.1234215168,120,0.1273070415,0.2168445923,249,6.235242698
TQQQ_SP500_SMA_TO_NASDAQ,SP500,250,50,LAG1,IMMEDIATE_NEXT_RETURN,0,0.7725420022,1986-09-26,1986-09-29,2026-09-02,10059,0.2630985067,-0.9768580465,11241.4825,39.93429158,0.5684504731,0.6427643206,6426,2000-03-27,2002-10-07,2017-10-30,True,5502,6426,2000,-0.8732402064,1999,4.050915224,-0.9412564731,-0.4511797347,-0.2240284786,0.009699832077,240,0.02501857333,0.1940864332,0.2071864286,120,0.2113605298,0.2467604797,216,5.408885232
TQQQ_SP500_SMA_TO_TBILL,SP500,250,50,LAG1,IMMEDIATE_NEXT_RETURN,0,0.7725420022,1986-09-26,1986-09-29,2026-09-02,10059,0.2586525155,-0.9398114492,9764.933021,39.93429158,0.5358756206,0.6417574472,6171,2000-03-27,2006-07-27,2017-02-17,True,3858,6171,2000,-0.8708471754,1999,3.94497095,-0.9145361724,-0.3680489272,-0.1625439172,0.03249960407,240,0.04384582312,0.2158721737,0.2178015543,120,0.2213973548,0.2503297001,216,5.408885232
TQQQ_NDX_SMA_TO_NASDAQ,NASDAQ100,250,50,LAG1,IMMEDIATE_NEXT_RETURN,0,0.7728402426,1986-09-26,1986-09-29,2026-09-02,10059,0.2309496261,-0.9616676965,4014.96426,39.93429158,0.5857042294,0.599001743,6276,2000-03-27,2008-11-20,2017-06-02,True,3116,6276,2000,-0.8009622719,1999,4.235072003,-0.9135378549,-0.4082376683,-0.1971556602,0.005290013472,240,0.02054185081,0.1897680233,0.1560373984,120,0.1600346411,0.2405203282,249,6.235242698
TQQQ_NDX_SMA_TO_TBILL,NASDAQ100,250,50,LAG1,IMMEDIATE_NEXT_RETURN,0,0.7728402426,1986-09-26,1986-09-29,2026-09-02,10059,0.2162324757,-0.8768397014,2483.576385,39.93429158,0.5563925687,0.5789534696,5184,2000-03-27,2003-04-09,2014-06-06,True,4076,5184,2000,-0.743886963,1999,4.235072003,-0.8459121285,-0.2922458724,-0.1144887135,0.02980581317,240,0.04112242994,0.2041164031,0.1519681236,120,0.1559512958,0.2435166698,249,6.235242698
TQQQ_SP500_SMA_TO_NASDAQ,SP500,250,50,LAG1,IMMEDIATE_NEXT_RETURN,10,0.7725420022,1986-09-26,1986-09-29,2026-09-02,10059,0.2562815954,-0.9772483281,9056.680471,39.93429158,0.5684634887,0.6332402644,6472,2000-03-27,2002-10-07,2017-12-15,True,5548,6472,2000,-0.8753779695,1999,4.030741849,-0.9418963816,-0.4544630906,-0.2297515454,0.003405750066,240,0.01862900015,0.1867325061,0.200682243,120,0.2048338546,0.2398864043,216,5.408885232
TQQQ_SP500_SMA_TO_TBILL,SP500,250,50,LAG1,IMMEDIATE_NEXT_RETURN,10,0.7725420022,1986-09-26,1986-09-29,2026-09-02,10059,0.2518595991,-0.9428627578,7867.100995,39.93429158,0.5358713294,0.6316533214,6238,2000-03-27,2006-07-27,2017-04-25,True,3925,6238,2000,-0.8730252961,1999,3.925220716,-0.9154722252,-0.371829619,-0.1687204545,0.02606339702,240,0.03733888808,0.2091403396,0.2106748052,120,0.2142090698,0.2435226428,216,5.408885232
TQQQ_NDX_SMA_TO_NASDAQ,NASDAQ100,250,50,LAG1,IMMEDIATE_NEXT_RETURN,10,0.7728402426,1986-09-26,1986-09-29,2026-09-02,10059,0.223294419,-0.9638649447,3129.595812,39.93429158,0.5856968628,0.5883420808,6423,2000-03-27,2008-11-20,2017-10-27,True,3263,6423,2000,-0.8023513632,1999,4.235072003,-0.9141384099,-0.4118955714,-0.202121049,-0.001176464073,240,0.01397726659,0.1832358883,0.1485058278,120,0.1524770285,0.233219484,249,6.235242698
TQQQ_NDX_SMA_TO_TBILL,NASDAQ100,250,50,LAG1,IMMEDIATE_NEXT_RETURN,10,0.7728402426,1986-09-26,1986-09-29,2026-09-02,10059,0.2086687937,-0.882740231,1935.905216,39.93429158,0.5563837973,0.5677314113,5211,2000-03-27,2009-07-08,2014-07-03,True,1821,5211,2000,-0.7456743849,1999,4.235072003,-0.8469882472,-0.2966207639,-0.1199653764,0.02318163898,240,0.03442546217,0.1964870109,0.1444630642,120,0.1484202861,0.2362275888,249,6.235242698
TQQQ_SP500_SMA_TO_NASDAQ,SP500,250,50,LAG1,IMMEDIATE_NEXT_RETURN,25,0.7725420022,1986-09-26,1986-09-29,2026-09-02,10059,0.2461124817,-0.9778221526,6546.526502,39.93429158,0.5685004732,0.6189359982,6507,2000-03-27,2002-10-07,2018-01-19,True,5583,6507,2000,-0.878521087,1999,4.000595166,-0.942844374,-0.4593574247,-0.2382676921,-0.005973560063,240,0.009107391075,0.1757396615,0.1909795264,120,0.1950975888,0.229400867,216,5.408885232
TQQQ_SP500_SMA_TO_TBILL,SP500,250,50,LAG1,IMMEDIATE_NEXT_RETURN,25,0.7725420022,1986-09-26,1986-09-29,2026-09-02,10059,0.2417262797,-0.9471573105,5686.651453,39.93429158,0.5358834878,0.6164754495,6276,2000-03-27,2006-07-27,2017-06-02,True,3963,6276,2000,-0.8762277509,1999,3.895706368,-0.9168588367,-0.3774653068,-0.1779113832,0.0164722951,240,0.02764238879,0.1987508689,0.2000495744,120,0.2034925424,0.2330548812,216,5.408885232
TQQQ_NDX_SMA_TO_NASDAQ,NASDAQ100,250,50,LAG1,IMMEDIATE_NEXT_RETURN,25,0.7728402426,1986-09-26,1986-09-29,2026-09-02,10059,0.2118865781,-0.966930603,2152.756301,39.93429158,0.5857053752,0.5723329703,6475,2000-03-27,2008-11-20,2017-12-18,True,3315,6475,2000,-0.804419417,1999,4.235072003,-0.9150325426,-0.4173468607,-0.2095208231,-0.01081026396,240,0.004197306745,0.1728143251,0.1372864107,120,0.1412188179,0.2223351526,249,6.235242698
TQQQ_NDX_SMA_TO_TBILL,NASDAQ100,250,50,LAG1,IMMEDIATE_NEXT_RETURN,25,0.7728402426,1986-09-26,1986-09-29,2026-09-02,10059,0.1973973441,-0.8930104358,1331.651882,39.93429158,0.5563912358,0.5508772696,5268,2000-03-27,2009-07-08,2014-08-29,True,1878,5268,2000,-0.748335466,1999,4.235072003,-0.8485903434,-0.3031405647,-0.1281270873,0.01331290161,240,0.02444827647,0.185887326,0.1332831397,120,0.1372017047,0.2253479217,249,6.235242698
TQQQ_SP500_SMA_TO_NASDAQ,SP500,250,50,LAG1,IMMEDIATE_NEXT_RETURN,50,0.7725420022,1986-09-26,1986-09-29,2026-09-02,10059,0.229313116,-0.9789144704,3807.229263,39.93429158,0.5686086656,0.595050999,7206,2000-03-27,2008-11-20,2019-12-19,True,4046,7206,2000,-0.8835943941,1999,3.950652035,-0.9443931761,-0.4674333269,-0.2522803653,-0.02144207454,240,-0.006595805202,0.1583932671,0.1749503549,120,0.1790129931,0.21142974,216,5.408885232
TQQQ_SP500_SMA_TO_TBILL,SP500,250,50,LAG1,IMMEDIATE_NEXT_RETURN,50,0.7725420022,1986-09-26,1986-09-29,2026-09-02,10059,0.2249860462,-0.953621779,3307.156217,39.93429158,0.5359533334,0.5911258698,6455,2000-03-27,2006-07-27,2017-11-28,True,4142,6455,2000,-0.8813968342,1999,3.846810807,-0.9191239697,-0.3867644806,-0.1930343588,0.0006544900759,240,0.01165076067,0.1805506156,0.1825127911,120,0.1858062568,0.2152769745,216,5.408885232
TQQQ_NDX_SMA_TO_NASDAQ,NASDAQ100,250,50,LAG1,IMMEDIATE_NEXT_RETURN,50,0.7728402426,1986-09-26,1986-09-29,2026-09-02,10059,0.1930720204,-0.9714814998,1152.467772,39.93429158,0.5857717243,0.5456035687,6681,2000-03-27,2008-11-20,2018-07-12,True,3521,6681,2000,-0.807824964,1999,4.235072003,-0.9165050451,-0.4263381645,-0.2217258558,-0.02669212082,240,-0.01192550298,0.1564620751,0.1187936527,120,0.1226621173,0.2043719347,249,6.235242698
TQQQ_NDX_SMA_TO_TBILL,NASDAQ100,250,50,LAG1,IMMEDIATE_NEXT_RETURN,50,0.7728402426,1986-09-26,1986-09-29,2026-09-02,10059,0.178807732,-0.9081958787,712.8934549,39.93429158,0.5564585505,0.5227364436,5442,2000-03-27,2009-07-08,2015-02-19,True,2052,5442,2000,-0.7527175749,1999,4.235072003,-0.8512285541,-0.313894261,-0.1415888428,-0.00295626282,240,0.008000328925,0.1675042622,0.1148554765,120,0.118710324,0.2073917865,249,6.235242698
TQQQ_SP500_SMA_TO_NASDAQ,SP500,250,100,LAG1,IMMEDIATE_NEXT_RETURN,0,0.7725420022,1986-09-26,1986-09-29,2026-09-02,10059,0.2532609347,-0.9769848183,8226.553925,39.93429158,0.5684445135,0.6290038132,6475,2000-03-27,2002-10-07,2017-12-18,True,5551,6475,2000,-0.8741676001,1999,4.00108424,-0.9415633962,-0.4538414593,-0.22841492,0.002456881017,240,0.01767732631,0.1854058956,0.1980504413,120,0.2021918239,0.2371644178,216,5.408885232
TQQQ_SP500_SMA_TO_TBILL,SP500,250,100,LAG1,IMMEDIATE_NEXT_RETURN,0,0.7725420022,1986-09-26,1986-09-29,2026-09-02,10059,0.2488495708,-0.9419649157,7146.01015,39.93429158,0.5358680534,0.6271619745,6238,2000-03-27,2006-07-27,2017-04-25,True,3925,6238,2000,-0.8717920768,1999,3.896185184,-0.9149781049,-0.3711138281,-0.1672779209,0.02509873893,240,0.03636973416,0.2069377905,0.2084576299,120,0.2120308262,0.2407418645,216,5.408885232
TQQQ_NDX_SMA_TO_NASDAQ,NASDAQ100,250,100,LAG1,IMMEDIATE_NEXT_RETURN,0,0.7728402426,1986-09-26,1986-09-29,2026-09-02,10059,0.2213528859,-0.9634594753,2937.246001,39.93429158,0.5857008282,0.5856366358,6423,2000-03-27,2008-11-20,2017-10-27,True,3263,6423,2000,-0.8024441646,1999,4.182551226,-0.9139795052,-0.4109249344,-0.2016497339,-0.002022902191,240,0.01312952592,0.1808247983,0.1472221805,120,0.1511878615,0.2308979221,249,6.235242698
TQQQ_NDX_SMA_TO_TBILL,NASDAQ100,250,100,LAG1,IMMEDIATE_NEXT_RETURN,0,0.7728402426,1986-09-26,1986-09-29,2026-09-02,10059,0.2067504734,-0.8813082042,1816.92148,39.93429158,0.5563873842,0.5648857301,5211,2000-03-27,2009-07-07,2014-07-03,True,1822,5211,2000,-0.7457937977,1999,4.182551226,-0.8466908216,-0.2954598716,-0.119445531,0.0223201808,240,0.03356062569,0.1948825873,0.1431839353,120,0.1471356571,0.2337903585,249,6.235242698
TQQQ_SP500_SMA_TO_NASDAQ,SP500,250,100,LAG1,IMMEDIATE_NEXT_RETURN,10,0.7725420022,1986-09-26,1986-09-29,2026-09-02,10059,0.2464971165,-0.9773729619,6627.708601,39.93429158,0.5684574404,0.619480288,6500,2000-03-27,2002-10-07,2018-01-12,True,5576,6500,2000,-0.8762897229,1999,3.98110989,-0.9421999613,-0.4571088913,-0.2341056352,-0.003792051212,240,0.01133351566,0.1781054286,0.1915954794,120,0.1957145487,0.2303992055,216,5.408885232
TQQQ_SP500_SMA_TO_TBILL,SP500,250,100,LAG1,IMMEDIATE_NEXT_RETURN,10,0.7725420022,1986-09-26,1986-09-29,2026-09-02,10059,0.2421095606,-0.9449070525,5757.170423,39.93429158,0.5358636672,0.6170579329,6268,2000-03-27,2006-07-27,2017-05-25,True,3955,6268,2000,-0.8739542621,1999,3.876629801,-0.9159093175,-0.3748761839,-0.1734195432,0.01870866603,240,0.02990940219,0.2001299084,0.2013855628,120,0.204897666,0.2338993959,216,5.408885232
TQQQ_NDX_SMA_TO_NASDAQ,NASDAQ100,250,100,LAG1,IMMEDIATE_NEXT_RETURN,10,0.7728402426,1986-09-26,1986-09-29,2026-09-02,10059,0.2137573604,-0.9655540168,2289.532904,39.93429158,0.5856933354,0.5749770813,6451,2000-03-27,2008-11-20,2017-11-24,True,3291,6451,2000,-0.8038229137,1999,4.182551226,-0.9145769926,-0.4145662264,-0.2065873279,-0.008442339773,240,0.006612621104,0.1743930815,0.1397480409,120,0.1436878855,0.2236537111,249,6.235242698
TQQQ_NDX_SMA_TO_TBILL,NASDAQ100,250,100,LAG1,IMMEDIATE_NEXT_RETURN,10,0.7728402426,1986-09-26,1986-09-29,2026-09-02,10059,0.1992457595,-0.8883348186,1416.259146,39.93429158,0.5563784799,0.5536637042,5258,2000-03-27,2009-07-08,2014-08-19,True,1868,5258,2000,-0.7475679117,1999,4.182551226,-0.847761502,-0.2998148961,-0.1248915372,0.01574415756,240,0.02691229885,0.1875838752,0.1357361049,120,0.1396620812,0.2266236845,249,6.235242698
TQQQ_SP500_SMA_TO_NASDAQ,SP500,250,100,LAG1,IMMEDIATE_NEXT_RETURN,25,0.7725420022,1986-09-26,1986-09-29,2026-09-02,10059,0.2364072043,-0.977943643,4790.769658,39.93429158,0.5684942912,0.6051772355,6681,2000-03-27,2002-10-07,2018-07-12,True,5757,6681,2000,-0.8794098449,1999,3.951260626,-0.9431430006,-0.4619794884,-0.2425736416,-0.01310408007,240,0.001880100938,0.1672047931,0.181966193,120,0.186051976,0.2198922389,216,5.408885232
TQQQ_SP500_SMA_TO_TBILL,SP500,250,100,LAG1,IMMEDIATE_NEXT_RETURN,25,0.7725420022,1986-09-26,1986-09-29,2026-09-02,10059,0.232055164,-0.9490479518,4161.510265,39.93429158,0.5358756826,0.6018806874,6412,2000-03-27,2006-07-27,2017-10-16,True,4099,6412,2000,-0.8771332872,1999,3.847406633,-0.9172887588,-0.3804845392,-0.1825585171,0.009186312279,240,0.02028234984,0.1893929193,0.1908418571,120,0.1942633205,0.2235372273,216,5.408885232
TQQQ_NDX_SMA_TO_NASDAQ,NASDAQ100,250,100,LAG1,IMMEDIATE_NEXT_RETURN,25,0.7728402426,1986-09-26,1986-09-29,2026-09-02,10059,0.2024384574,-0.9684763761,1574.901898,39.93429158,0.585701658,0.5589685707,6505,2000-03-27,2008-11-20,2018-01-17,True,3345,6505,2000,-0.8058755703,1999,4.182551226,-0.9154665581,-0.4199927608,-0.2139456803,-0.01800605922,240,-0.003096305651,0.1640864355,0.1286141761,120,0.1325155336,0.2128538103,249,6.235242698
TQQQ_NDX_SMA_TO_TBILL,NASDAQ100,250,100,LAG1,IMMEDIATE_NEXT_RETURN,25,0.7728402426,1986-09-26,1986-09-29,2026-09-02,10059,0.1880621845,-0.8981150211,974.2027353,39.93429158,0.5563857186,0.5368101221,5349,2000-03-27,2009-07-08,2014-11-18,True,1959,5349,2000,-0.7502091803,1999,4.182551226,-0.849355502,-0.3063050897,-0.1330075615,0.00594715579,240,0.01700757872,0.1768814915,0.1246414315,120,0.1285290561,0.2158285407,249,6.235242698
TQQQ_SP500_SMA_TO_NASDAQ,SP500,250,100,LAG1,IMMEDIATE_NEXT_RETURN,50,0.7725420022,1986-09-26,1986-09-29,2026-09-02,10059,0.2197386796,-0.9799426945,2786.142916,39.93429158,0.5686022594,0.5812953709,7231,2000-03-27,2008-11-20,2020-01-13,True,4071,7231,2000,-0.8844460349,1999,3.901810221,-0.9446837106,-0.4700162232,-0.2565071034,-0.02846163317,240,-0.01371062807,0.1498460923,0.1660583303,120,0.1700891235,0.20221693,216,5.408885232
TQQQ_SP500_SMA_TO_TBILL,SP500,250,100,LAG1,IMMEDIATE_NEXT_RETURN,50,0.7725420022,1986-09-26,1986-09-29,2026-09-02,10059,0.215445311,-0.9552811302,2420.187814,39.93429158,0.5359452885,0.5765334845,6500,2000-03-27,2006-07-27,2018-01-12,True,4187,6500,2000,-0.8822645528,1999,3.798993463,-0.9195421788,-0.3897386129,-0.1975960049,-0.006518112127,240,0.004405254758,0.1714344743,0.1734396296,120,0.1767126657,0.2060614898,216,5.408885232
TQQQ_NDX_SMA_TO_NASDAQ,NASDAQ100,250,100,LAG1,IMMEDIATE_NEXT_RETURN,50,0.7728402426,1986-09-26,1986-09-29,2026-09-02,10059,0.1837705819,-0.9728145489,843.1161859,39.93429158,0.585767689,0.532241337,7234,2000-03-27,2008-11-20,2020-01-16,True,4074,7234,2000,-0.809255762,1999,4.182551226,-0.916931539,-0.428943234,-0.2260823931,-0.03377238457,240,-0.01910201336,0.1478699527,0.1102624323,120,0.114100352,0.1950299343,249,6.235242698
TQQQ_NDX_SMA_TO_TBILL,NASDAQ100,250,100,LAG1,IMMEDIATE_NEXT_RETURN,50,0.7728402426,1986-09-26,1986-09-29,2026-09-02,10059,0.1696175009,-0.9125759505,521.5347669,39.93429158,0.5564526986,0.5086715908,5590,2000-03-27,2009-07-08,2015-07-17,True,2200,5590,2000,-0.7545586631,1999,4.182551226,-0.8519803803,-0.3170099521,-0.1463939622,-0.01020374849,240,0.0006790946969,0.1588485944,0.1063542862,120,0.1101786964,0.1980119052,249,6.235242698
TQQQ_SP500_SMA_TO_NASDAQ,SP500,250,0,LAG2,WAIT_ONE_TRADING_DAY,0,0.7725420022,1986-09-26,1986-09-29,2026-09-02,10059,0.2308018311,-0.9600344271,3995.758458,39.93429158,0.5783740169,0.5992161375,6237,2000-03-27,2002-10-07,2017-04-24,True,5313,6237,2000,-0.8305610261,1999,3.544072828,-0.9087451065,-0.3878561933,-0.1952090078,0.02478673262,240,0.04032251745,0.1889287754,0.1735344335,120,0.1775932814,0.233642511,216,5.408885232
TQQQ_SP500_SMA_TO_TBILL,SP500,250,0,LAG2,WAIT_ONE_TRADING_DAY,0,0.7725420022,1986-09-26,1986-09-29,2026-09-02,10059,0.2093580756,-0.8586515239,1980.48614,39.93429158,0.5477035467,0.5692395914,5222,2000-02-17,2002-03-20,2014-06-05,True,4460,5222,2000,-0.8005160036,1999,3.194623443,-0.8331010747,-0.2557951722,-0.1170034549,0.05361147791,240,0.06518342253,0.1942708878,0.1712984591,120,0.1753495735,0.2271916845,216,5.408885232
TQQQ_NDX_SMA_TO_NASDAQ,NASDAQ100,250,0,LAG2,WAIT_ONE_TRADING_DAY,0,0.7727408291,1986-09-26,1986-09-29,2026-09-02,10059,0.2263428918,-0.9489164598,3456.640197,39.93429158,0.5894706828,0.592893692,5359,2000-03-27,2002-10-07,2014-11-28,True,4435,5359,2000,-0.7499003883,1999,4.288122096,-0.891725856,-0.3583473039,-0.1481741377,0.02691147692,240,0.04247947291,0.2103310358,0.1550563734,120,0.1590513121,0.2558670675,249,6.235242698
TQQQ_NDX_SMA_TO_TBILL,NASDAQ100,250,0,LAG2,WAIT_ONE_TRADING_DAY,0,0.7727408291,1986-09-26,1986-09-29,2026-09-02,10059,0.2058046785,-0.8908181846,1760.913416,39.93429158,0.5608544262,0.5637749134,4876,1987-10-05,1990-08-03,1997-05-27,True,2489,3522,2000,-0.6405439886,1999,4.288122096,-0.8360229127,-0.3113593518,-0.03480529523,0.06030062798,240,0.07194604036,0.2283636772,0.1469431252,120,0.150910003,0.2642167212,249,6.235242698
TQQQ_SP500_SMA_TO_NASDAQ,SP500,250,0,LAG2,WAIT_ONE_TRADING_DAY,10,0.7725420022,1986-09-26,1986-09-29,2026-09-02,10059,0.2241592241,-0.9607084336,3219.175726,39.93429158,0.5783529886,0.5898573419,6252,2000-03-27,2002-10-07,2017-05-09,True,5328,6252,2000,-0.8334185598,1999,3.525923783,-0.9097391697,-0.3915183868,-0.2011446284,0.01839860465,240,0.03383754535,0.1817779801,0.1672115611,120,0.1712485403,0.2263472301,216,5.408885232
TQQQ_SP500_SMA_TO_TBILL,SP500,250,0,LAG2,WAIT_ONE_TRADING_DAY,10,0.7725420022,1986-09-26,1986-09-29,2026-09-02,10059,0.2028312001,-0.8624116602,1595.575151,39.93429158,0.5477057959,0.5593546526,5248,2000-02-17,2006-07-27,2014-07-01,True,2896,5248,2000,-0.8038802368,1999,3.1778701,-0.835792917,-0.26024743,-0.1235158693,0.04704366751,240,0.05854347707,0.1868861369,0.1649876339,120,0.1690169214,0.2197597044,216,5.408885232
TQQQ_NDX_SMA_TO_NASDAQ,NASDAQ100,250,0,LAG2,WAIT_ONE_TRADING_DAY,10,0.7727408291,1986-09-26,1986-09-29,2026-09-02,10059,0.2187163337,-0.9492729736,2694.391777,39.93429158,0.5894842436,0.5823051083,5453,2000-03-27,2002-10-07,2015-03-02,True,4529,5453,2000,-0.7516458423,1999,4.288122096,-0.8924779143,-0.3623135979,-0.1534424648,0.02030592039,240,0.03577377603,0.2035988555,0.1475311941,120,0.1515001058,0.2486819376,249,6.235242698
TQQQ_NDX_SMA_TO_TBILL,NASDAQ100,250,0,LAG2,WAIT_ONE_TRADING_DAY,10,0.7727408291,1986-09-26,1986-09-29,2026-09-02,10059,0.1983058464,-0.8949313599,1372.601821,39.93429158,0.5608802206,0.552644778,4923,1987-10-05,1990-08-06,1997-07-14,True,2534,3570,2000,-0.6430526446,1999,4.288122096,-0.8392648942,-0.3188935599,-0.04077477987,0.05348029741,240,0.06505080127,0.22113501,0.1394708037,120,0.1434118373,0.256819017,249,6.235242698
TQQQ_SP500_SMA_TO_NASDAQ,SP500,250,0,LAG2,WAIT_ONE_TRADING_DAY,25,0.7725420022,1986-09-26,1986-09-29,2026-09-02,10059,0.2142501285,-0.9616994142,2326.947414,39.93429158,0.578338733,0.5758006598,6401,2000-03-27,2002-10-07,2017-10-05,True,5477,6401,2000,-0.837619944,1999,3.498802219,-0.9112118246,-0.396977435,-0.2099770636,0.008879149189,240,0.02417377478,0.1716609349,0.1577793211,120,0.1617836775,0.215980238,216,5.408885232
TQQQ_SP500_SMA_TO_TBILL,SP500,250,0,LAG2,WAIT_ONE_TRADING_DAY,25,0.7725420022,1986-09-26,1986-09-29,2026-09-02,10059,0.1930947466,-0.873895157,1153.344766,39.93429158,0.5477273345,0.5445093356,5303,2000-02-17,2006-07-27,2014-08-25,True,2951,5303,2000,-0.8088266131,1999,3.152834245,-0.8398928585,-0.2668841876,-0.1332065963,0.03725645305,240,0.04864876842,0.1762713668,0.1555733655,120,0.1595700923,0.208990523,216,5.408885232
TQQQ_NDX_SMA_TO_NASDAQ,NASDAQ100,250,0,LAG2,WAIT_ONE_TRADING_DAY,25,0.7727408291,1986-09-26,1986-09-29,2026-09-02,10059,0.2073511857,-0.9498037449,1853.39233,39.93429158,0.5895239384,0.5664045559,6251,2000-03-27,2002-10-07,2017-05-08,True,5327,6251,2000,-0.7542444424,1999,4.288122096,-0.8935976119,-0.3682244751,-0.161293699,0.01046491975,240,0.02578358565,0.1935582273,0.136321298,120,0.1402514386,0.237785089,249,6.235242698
TQQQ_NDX_SMA_TO_TBILL,NASDAQ100,250,0,LAG2,WAIT_ONE_TRADING_DAY,25,0.7727408291,1986-09-26,1986-09-29,2026-09-02,10059,0.1871310366,-0.9009117084,944.1721536,39.93429158,0.5609392079,0.5359321074,4960,1987-10-05,1990-08-06,1997-07-15,True,2535,3571,2000,-0.6467874863,1999,4.288122096,-0.8440139329,-0.3300544435,-0.05134837254,0.04331932503,240,0.05477822967,0.210358296,0.1283396471,120,0.1322421819,0.2457898134,249,6.235242698
TQQQ_SP500_SMA_TO_NASDAQ,SP500,250,0,LAG2,WAIT_ONE_TRADING_DAY,50,0.7725420022,1986-09-26,1986-09-29,2026-09-02,10059,0.1978803126,-0.9643917531,1353.270668,39.93429158,0.5783610746,0.5523272835,6493,2000-03-27,2008-11-20,2018-01-05,True,3333,6493,2000,-0.8444013999,1999,3.453870713,-0.913617805,-0.4059851445,-0.2245101655,-0.006820495308,240,0.008236123394,0.1538161461,0.142196985,120,0.1461474476,0.1989590061,216,5.408885232
TQQQ_SP500_SMA_TO_TBILL,SP500,250,0,LAG2,WAIT_ONE_TRADING_DAY,50,0.7725420022,1986-09-26,1986-09-29,2026-09-02,10059,0.1770101353,-0.890976029,670.7446981,39.93429158,0.547811664,0.5197237752,5545,2000-02-17,2006-07-27,2015-04-24,True,3193,5545,2000,-0.8168105609,1999,3.111358073,-0.8465128631,-0.2778351778,-0.1491519521,0.02111521593,240,0.03233025011,0.1591027573,0.140020719,120,0.1439636546,0.1920431245,216,5.408885232
TQQQ_NDX_SMA_TO_NASDAQ,NASDAQ100,250,0,LAG2,WAIT_ONE_TRADING_DAY,50,0.7727408291,1986-09-26,1986-09-29,2026-09-02,10059,0.1886070401,-0.9506777872,992.2047042,39.93429158,0.5896416925,0.5398611613,6427,2000-03-27,2002-10-07,2017-10-31,True,5503,6427,2000,-0.7585236612,1999,4.288122096,-0.895441586,-0.3779738188,-0.1742433606,-0.005758519128,240,0.009314199152,0.177091353,0.1178442331,120,0.1217104679,0.2197988106,249,6.235242698
TQQQ_NDX_SMA_TO_TBILL,NASDAQ100,250,0,LAG2,WAIT_ONE_TRADING_DAY,50,0.7727408291,1986-09-26,1986-09-29,2026-09-02,10059,0.1687008091,-0.9101497645,505.4580389,39.93429158,0.5610916208,0.508036488,5048,1987-10-05,1990-08-06,1997-08-05,True,2556,3592,2000,-0.6529377993,1999,4.288122096,-0.8516341323,-0.3482870176,-0.06926674749,0.02656839487,240,0.03784332198,0.1922854742,0.1099923672,120,0.1138314452,0.2275862595,249,6.235242698
TQQQ_SP500_SMA_TO_NASDAQ,SP500,250,50,LAG2,WAIT_ONE_TRADING_DAY,0,0.7725420022,1986-09-26,1986-09-29,2026-09-02,10059,0.2212006605,-0.9602530886,2922.661928,39.93429158,0.5783728905,0.5856734426,6255,2000-03-27,2002-10-07,2017-05-12,True,5331,6255,2000,-0.8318432402,1999,3.498959319,-0.9092316117,-0.3908140285,-0.1997574089,0.01743858773,240,0.03287473813,0.1802859502,0.1646363178,120,0.168663293,0.2241356127,216,5.408885232
TQQQ_SP500_SMA_TO_TBILL,SP500,250,50,LAG2,WAIT_ONE_TRADING_DAY,0,0.7725420022,1986-09-26,1986-09-29,2026-09-02,10059,0.1999241823,-0.859560203,1448.608944,39.93429158,0.5477003818,0.5549404335,5248,2000-02-17,2002-03-20,2014-07-01,True,4486,5248,2000,-0.8020255807,1999,3.152979263,-0.83403939,-0.2593911168,-0.1219938468,0.04606239969,240,0.05755766135,0.1852480179,0.1624172973,120,0.1664365998,0.2178649038,216,5.408885232
TQQQ_NDX_SMA_TO_NASDAQ,NASDAQ100,250,50,LAG2,WAIT_ONE_TRADING_DAY,0,0.7727408291,1986-09-26,1986-09-29,2026-09-02,10059,0.2167747292,-0.9491784879,2528.18139,39.93429158,0.5894688814,0.5796041827,5506,2000-03-27,2002-10-07,2015-04-24,True,4582,5506,2000,-0.7517821997,1999,4.235072003,-0.8922874653,-0.361278023,-0.1529597168,0.01942124502,240,0.03488747546,0.2014429075,0.146244219,120,0.1502075996,0.2460632602,249,6.235242698
TQQQ_NDX_SMA_TO_TBILL,NASDAQ100,250,50,LAG2,WAIT_ONE_TRADING_DAY,0,0.7727408291,1986-09-26,1986-09-29,2026-09-02,10059,0.196396759,-0.8929236003,1287.929398,39.93429158,0.5608506865,0.5498089931,4923,1987-10-05,1990-08-03,1997-07-14,True,2537,3570,2000,-0.6432486246,1999,4.235072003,-0.8367279893,-0.3161083783,-0.04093223321,0.05257264538,240,0.06413944865,0.218817168,0.1381928684,120,0.1421284098,0.2541348718,249,6.235242698
TQQQ_SP500_SMA_TO_NASDAQ,SP500,250,50,LAG2,WAIT_ONE_TRADING_DAY,10,0.7725420022,1986-09-26,1986-09-29,2026-09-02,10059,0.2146098708,-0.9609234075,2354.637406,39.93429158,0.5783517415,0.576314438,6323,2000-03-27,2002-10-07,2017-07-19,True,5399,6323,2000,-0.8346791498,1999,3.480990457,-0.9102203753,-0.3944585265,-0.2056594835,0.01109626528,240,0.02643619263,0.1732379629,0.1583613874,120,0.1623666657,0.2169703746,216,5.408885232
TQQQ_SP500_SMA_TO_TBILL,SP500,250,50,LAG2,WAIT_ONE_TRADING_DAY,10,0.7725420022,1986-09-26,1986-09-29,2026-09-02,10059,0.1934482213,-0.8674540768,1167.06923,39.93429158,0.5477025043,0.5450558148,5296,2000-02-17,2006-07-27,2014-08-18,True,2944,5296,2000,-0.8053643555,1999,3.136392248,-0.8368100571,-0.2638218616,-0.1284694554,0.03954164736,240,0.05096525197,0.1780871539,0.1561543228,120,0.1601519697,0.2105458313,216,5.408885232
TQQQ_NDX_SMA_TO_NASDAQ,NASDAQ100,250,50,LAG2,WAIT_ONE_TRADING_DAY,10,0.7727408291,1986-09-26,1986-09-29,2026-09-02,10059,0.209207675,-0.949533173,1970.674053,39.93429158,0.5894823306,0.5690162101,5590,2000-03-27,2002-10-07,2015-07-17,True,4666,5590,2000,-0.7535145204,1999,4.235072003,-0.8930356228,-0.365226201,-0.1581984463,0.01286386903,240,0.02823061372,0.1947248781,0.1387764508,120,0.1427140101,0.2389774809,249,6.235242698
TQQQ_NDX_SMA_TO_TBILL,NASDAQ100,250,50,LAG2,WAIT_ONE_TRADING_DAY,10,0.7727408291,1986-09-26,1986-09-29,2026-09-02,10059,0.1889564343,-0.8969574589,1003.918887,39.93429158,0.5608763641,0.5386797809,4953,1987-10-05,1990-08-06,1997-07-15,True,2535,3571,2000,-0.6457384049,1999,4.235072003,-0.8399560308,-0.3235906288,-0.04819614906,0.04580202468,240,0.05729442507,0.2116447221,0.1307775546,120,0.1346874561,0.2467961627,249,6.235242698
TQQQ_SP500_SMA_TO_NASDAQ,SP500,250,50,LAG2,WAIT_ONE_TRADING_DAY,25,0.7725420022,1986-09-26,1986-09-29,2026-09-02,10059,0.2047780736,-0.9619089661,1702.024956,39.93429158,0.5783373043,0.5622578402,6430,2000-03-27,2002-10-07,2017-11-03,True,5506,6430,2000,-0.8388487404,1999,3.454138155,-0.9116851791,-0.3998911971,-0.2144420008,0.001645068257,240,0.01684160602,0.1631631916,0.1490006657,120,0.1529735774,0.2066826651,216,5.408885232
TQQQ_SP500_SMA_TO_TBILL,SP500,250,50,LAG2,WAIT_ONE_TRADING_DAY,25,0.7725420022,1986-09-26,1986-09-29,2026-09-02,10059,0.1837877194,-0.8785167197,843.6037541,39.93429158,0.5477238524,0.5302114438,5394,2000-02-17,2006-07-27,2014-11-24,True,3042,5394,2000,-0.8102733004,1999,3.111604948,-0.8408846026,-0.2704265509,-0.1381054137,0.02982455783,240,0.04114138058,0.1675536962,0.1468114364,120,0.1507767783,0.1997762352,216,5.408885232
TQQQ_NDX_SMA_TO_NASDAQ,NASDAQ100,250,50,LAG2,WAIT_ONE_TRADING_DAY,25,0.7727408291,1986-09-26,1986-09-29,2026-09-02,10059,0.1979312001,-0.9500612218,1355.568335,39.93429158,0.5895218571,0.5531170035,6276,2000-03-27,2002-10-07,2017-06-02,True,5352,6276,2000,-0.756093568,1999,4.235072003,-0.8941495125,-0.3711100806,-0.166005572,0.003094648072,240,0.01831317825,0.1847582739,0.1276520772,120,0.1315511716,0.2281692626,249,6.235242698
TQQQ_NDX_SMA_TO_TBILL,NASDAQ100,250,50,LAG2,WAIT_ONE_TRADING_DAY,25,0.7727408291,1986-09-26,1986-09-29,2026-09-02,10059,0.1778688124,-0.902822485,690.566079,39.93429158,0.5609351753,0.5219689919,4993,1987-10-05,1990-08-06,1997-07-16,True,2536,3572,2000,-0.6494451446,1999,4.235072003,-0.8446846494,-0.3346745443,-0.05900243623,0.03571511037,240,0.04709666486,0.200951824,0.1197313199,120,0.1236030266,0.2358549146,249,6.235242698
TQQQ_SP500_SMA_TO_NASDAQ,SP500,250,50,LAG2,WAIT_ONE_TRADING_DAY,50,0.7725420022,1986-09-26,1986-09-29,2026-09-02,10059,0.1885359544,-0.9661237681,989.8377741,39.93429158,0.5783593416,0.5387856657,6510,2000-03-27,2008-11-20,2018-01-22,True,3350,6510,2000,-0.8455788783,1999,3.409652729,-0.9140783325,-0.4088553819,-0.2288929666,-0.01394200329,240,0.001018053975,0.1454363175,0.13353648,120,0.1374559209,0.1896739768,216,5.408885232
TQQQ_SP500_SMA_TO_TBILL,SP500,250,50,LAG2,WAIT_ONE_TRADING_DAY,50,0.7725420022,1986-09-26,1986-09-29,2026-09-02,10059,0.16782858,-0.8949716022,490.610234,39.93429158,0.5478078629,0.5054287022,6294,2000-02-17,2006-07-27,2017-05-12,True,3942,6294,2000,-0.8181968304,1999,3.070540551,-0.8474636013,-0.2813246268,-0.1539606519,0.01379897195,240,0.02493968828,0.1503362982,0.131376715,120,0.1352886882,0.1827368076,216,5.408885232
TQQQ_NDX_SMA_TO_NASDAQ,NASDAQ100,250,50,LAG2,WAIT_ONE_TRADING_DAY,50,0.7727408291,1986-09-26,1986-09-29,2026-09-02,10059,0.1793332999,-0.9512870343,725.6970135,39.93429158,0.5896393288,0.5265769954,6491,2000-03-27,2008-11-20,2018-01-03,True,3331,6491,2000,-0.7603405889,1999,4.235072003,-0.8959839221,-0.3808148946,-0.1788824821,-0.013010458,240,0.001963732281,0.1683568001,0.1093159775,120,0.113151671,0.2103238114,249,6.235242698
TQQQ_NDX_SMA_TO_TBILL,NASDAQ100,250,50,LAG2,WAIT_ONE_TRADING_DAY,50,0.7727408291,1986-09-26,1986-09-29,2026-09-02,10059,0.1595823811,-0.9118823983,369.6912419,39.93429158,0.5610872929,0.4940778315,5183,1987-10-05,1990-08-06,1998-07-08,True,2893,3929,2000,-0.6555491813,1999,4.235072003,-0.852272083,-0.3527813823,-0.07677623926,0.01908626907,240,0.03028508792,0.1829399346,0.1015240151,120,0.1053327662,0.2177965299,249,6.235242698
TQQQ_SP500_SMA_TO_NASDAQ,SP500,250,100,LAG2,WAIT_ONE_TRADING_DAY,0,0.7725420022,1986-09-26,1986-09-29,2026-09-02,10059,0.2116738638,-0.9604705658,2137.718223,39.93429158,0.5783720867,0.5721304073,6328,2000-03-27,2002-10-07,2017-07-24,True,5404,6328,2000,-0.8331158238,1999,3.454291232,-0.9097155507,-0.3937577335,-0.2042803528,0.01014273221,240,0.02547987288,0.171754608,0.1558051861,120,0.1598005366,0.2147014875,216,5.408885232
TQQQ_SP500_SMA_TO_TBILL,SP500,250,100,LAG2,WAIT_ONE_TRADING_DAY,0,0.7725420022,1986-09-26,1986-09-29,2026-09-02,10059,0.1905633671,-0.8646831424,1059.553863,39.93429158,0.5476975575,0.5406408111,5296,2000-02-17,2006-07-27,2014-08-18,True,2944,5296,2000,-0.8035238195,1999,3.111746253,-0.8350674511,-0.2629698828,-0.1269563077,0.03856699953,240,0.04998607874,0.1760860612,0.1536029919,120,0.1575907299,0.2085221041,216,5.408885232
TQQQ_NDX_SMA_TO_NASDAQ,NASDAQ100,250,100,LAG2,WAIT_ONE_TRADING_DAY,0,0.7727408291,1986-09-26,1986-09-29,2026-09-02,10059,0.2072806987,-0.9494391866,1849.076188,39.93429158,0.5894673965,0.5663143154,6240,2000-03-27,2002-10-07,2017-04-27,True,5316,6240,2000,-0.7536499572,1999,4.182551226,-0.8928461933,-0.3641955173,-0.1577186733,0.01198523832,240,0.02735035402,0.1926277528,0.1374988148,120,0.1414308844,0.2363354526,249,6.235242698
TQQQ_NDX_SMA_TO_TBILL,NASDAQ100,250,100,LAG2,WAIT_ONE_TRADING_DAY,0,0.7727408291,1986-09-26,1986-09-29,2026-09-02,10059,0.18706173,-0.8949885286,941.973385,39.93429158,0.5608472795,0.5358426003,4953,1987-10-05,1990-08-03,1997-07-15,True,2538,3571,2000,-0.6459330616,1999,4.182551226,-0.8374300732,-0.320824913,-0.04867076282,0.04490056708,240,0.05638928408,0.2093444751,0.1295088929,120,0.1334133432,0.2441328744,249,6.235242698
TQQQ_SP500_SMA_TO_NASDAQ,SP500,250,100,LAG2,WAIT_ONE_TRADING_DAY,10,0.7725420022,1986-09-26,1986-09-29,2026-09-02,10059,0.20513449,-0.961137217,1722.2489,39.93429158,0.578350817,0.5627711932,6423,2000-03-27,2002-10-07,2017-10-27,True,5499,6423,2000,-0.8359302716,1999,3.436500775,-0.9106990426,-0.3973846206,-0.210149069,0.003845889328,240,0.01908742413,0.1647006218,0.1495778369,120,0.1535516609,0.2076773512,216,5.408885232
TQQQ_SP500_SMA_TO_TBILL,SP500,250,100,LAG2,WAIT_ONE_TRADING_DAY,10,0.7725420022,1986-09-26,1986-09-29,2026-09-02,10059,0.1841379261,-0.8723119599,853.6276935,39.93429158,0.5476995534,0.530756512,5384,2000-02-17,2006-07-27,2014-11-14,True,3032,5384,2000,-0.8068373269,1999,3.095323922,-0.837820955,-0.2673792174,-0.1333953163,0.03209297066,240,0.0434408677,0.169360396,0.1473875079,120,0.1513537604,0.2013939037,216,5.408885232
TQQQ_NDX_SMA_TO_NASDAQ,NASDAQ100,250,100,LAG2,WAIT_ONE_TRADING_DAY,10,0.7727408291,1986-09-26,1986-09-29,2026-09-02,10059,0.1997726873,-0.9497920523,1441.32319,39.93429158,0.589480734,0.5557269545,6269,2000-03-27,2002-10-07,2017-05-26,True,5345,6269,2000,-0.7553692428,1999,4.182551226,-0.8935904699,-0.3681256612,-0.1629279699,0.005475694079,240,0.02074197444,0.185915855,0.1300880228,120,0.133994475,0.2293049936,249,6.235242698
TQQQ_NDX_SMA_TO_TBILL,NASDAQ100,250,100,LAG2,WAIT_ONE_TRADING_DAY,10,0.7727408291,1986-09-26,1986-09-29,2026-09-02,10059,0.1796794593,-0.8989445957,734.2521053,39.93429158,0.56087284,0.5247143121,4991,1987-10-05,1990-08-06,1997-07-16,True,2536,3572,2000,-0.6484041072,1999,4.182551226,-0.8406442339,-0.3282555613,-0.05587606757,0.03817929664,240,0.04959411304,0.2022278155,0.1221501552,120,0.126029168,0.236852693,249,6.235242698
TQQQ_SP500_SMA_TO_NASDAQ,SP500,250,100,LAG2,WAIT_ONE_TRADING_DAY,25,0.7725420022,1986-09-26,1986-09-29,2026-09-02,10059,0.1953793923,-0.9621173831,1244.909557,39.93429158,0.5783361981,0.5487146792,6491,2000-03-27,2002-10-07,2018-01-03,True,5567,6491,2000,-0.8400683074,1999,3.409915078,-0.9121560367,-0.4027910394,-0.2188819479,-0.005537534991,240,0.00956152995,0.1546146819,0.1402880951,120,0.1442298066,0.1974556782,216,5.408885232
TQQQ_SP500_SMA_TO_TBILL,SP500,250,100,LAG2,WAIT_ONE_TRADING_DAY,25,0.7725420022,1986-09-26,1986-09-29,2026-09-02,10059,0.1745527874,-0.8829691507,617.0358263,39.93429158,0.5477207109,0.5159130865,5488,2000-02-17,2006-07-27,2015-02-26,True,3136,5488,2000,-0.8117091218,1999,3.070782724,-0.8418702603,-0.2739519916,-0.1429768125,0.02244550745,240,0.03368733031,0.1589269704,0.1381154661,120,0.1420496674,0.1905912983,216,5.408885232
TQQQ_NDX_SMA_TO_NASDAQ,NASDAQ100,250,100,LAG2,WAIT_ONE_TRADING_DAY,25,0.7727408291,1986-09-26,1986-09-29,2026-09-02,10059,0.1885841985,-0.9503173924,991.4435488,39.93429158,0.5895200922,0.5398290948,6423,2000-03-27,2002-10-07,2017-10-27,True,5499,6423,2000,-0.7579288839,1999,4.182551226,-0.8946985817,-0.373982665,-0.1706912326,-0.004222266847,240,0.010896768,0.1760248138,0.1190485239,120,0.1229168151,0.2186276188,249,6.235242698
TQQQ_NDX_SMA_TO_TBILL,NASDAQ100,250,100,LAG2,WAIT_ONE_TRADING_DAY,25,0.7727408291,1986-09-26,1986-09-29,2026-09-02,10059,0.16867835,-0.904696517,505.0702842,39.93429158,0.5609314751,0.508005406,5022,1987-10-05,1990-08-06,1997-08-04,True,2555,3591,2000,-0.6520829549,1999,4.182551226,-0.8453525189,-0.3392630353,-0.06659516092,0.02816590465,240,0.03947062348,0.1916180848,0.111188199,120,0.1150293189,0.2259987037,249,6.235242698
TQQQ_SP500_SMA_TO_NASDAQ,SP500,250,100,LAG2,WAIT_ONE_TRADING_DAY,50,0.7725420022,1986-09-26,1986-09-29,2026-09-02,10059,0.1792639807,-0.967771625,723.9955559,39.93429158,0.578357931,0.5252437053,6682,2000-03-27,2008-11-20,2018-07-13,True,3522,6682,2000,-0.8467475126,1999,3.365871327,-0.9145364309,-0.4117119075,-0.2332512373,-0.02101283466,240,-0.006148733396,0.1371168931,0.1249411702,120,0.1288298309,0.1803977493,216,5.408885232
TQQQ_SP500_SMA_TO_TBILL,SP500,250,100,LAG2,WAIT_ONE_TRADING_DAY,50,0.7725420022,1986-09-26,1986-09-29,2026-09-02,10059,0.1587181481,-0.8988209524,358.8463064,39.93429158,0.5478044024,0.4911331624,6369,2000-02-17,2006-07-27,2017-07-26,True,4017,6369,2000,-0.8195726878,1999,3.030126037,-0.8484085046,-0.2847974058,-0.1587424374,0.006534750452,240,0.017601634,0.1414194082,0.1227977822,120,0.1266790338,0.1735026396,216,5.408885232
TQQQ_NDX_SMA_TO_NASDAQ,NASDAQ100,250,100,LAG2,WAIT_ONE_TRADING_DAY,50,0.7727408291,1986-09-26,1986-09-29,2026-09-02,10059,0.1701314106,-0.9535749687,530.7645538,39.93429158,0.5896372815,0.5132924748,6507,2000-03-27,2008-11-20,2018-01-19,True,3347,6507,2000,-0.7621439474,1999,4.182551226,-0.8965234758,-0.3836431502,-0.1834957958,-0.02020989678,240,-0.00533360439,0.1597606454,0.1008523216,120,0.1046577128,0.2009046159,249,6.235242698
TQQQ_NDX_SMA_TO_TBILL,NASDAQ100,250,100,LAG2,WAIT_ONE_TRADING_DAY,50,0.7727408291,1986-09-26,1986-09-29,2026-09-02,10059,0.1505346007,-0.9135817133,270.3869568,39.93429158,0.5610832975,0.4801187068,5209,1987-10-05,1990-08-06,1998-07-13,True,2898,3934,2000,-0.6581410607,1999,4.182551226,-0.852907326,-0.3572449975,-0.08422555062,0.01165826902,240,0.02278148583,0.1736672303,0.09311980888,120,0.09689847055,0.2080843386,249,6.235242698
NASDAQ100_1X,NONE,200,50,LAG1,NA,0,0,1986-09-26,1986-09-29,2026-09-02,10059,0.1492635807,-0.8287281904,258.7114787,39.93429158,0.2606112603,0.5439083023,5357,2000-03-27,2002-10-07,2014-11-26,True,4433,5357,2008,-0.4157347699,1999,1.020664395,-0.6969960061,-0.2059448364,-0.08115621625,0.02825727455,240,0.03688980808,0.1181901885,0.121356401,120,0.1228274544,0.1387550428,0,0
TQQQ_ALWAYS,NONE,200,50,LAG1,NA,0,1,1986-09-26,1986-09-29,2026-09-02,10059,0.1345569198,-0.9998170634,154.6852882,39.93429158,0.7819287694,0.5154305843,9655,2000-03-27,2009-03-09,,False,,,2000,-0.9171517438,1999,4.235072003,-0.9918368341,-0.7227521501,-0.4997389613,-0.1853190797,240,-0.1653034601,-0.01655356655,0.03605611464,120,0.03963849675,0.09865412026,0,0
