case,arm,dial,block_days,iv_premium,roll,treasury_leverage,horizon_years,paths,strategy,family,underlying,moneyness,premium_budget,mean_cagr,max_drawdown_median,worst_max_drawdown,prob_negative_cagr,prob_below_own_underlying,prob_below_sp500,cagr_p5,terminal_wealth_p5,cagr_p10,terminal_wealth_p10,cagr_p50,terminal_wealth_p50,cagr_p90,terminal_wealth_p90,cagr_p95,terminal_wealth_p95,max_drawdown_p90,max_drawdown_p95,prob_drawdown_worse_than_40,prob_drawdown_worse_than_50,prob_drawdown_worse_than_60,prob_drawdown_worse_than_75,mean_delta_exposure,mean_option_weight,treasury_notional,gross_notional
iv_premium,iv_0,iv_premium,63,0,12m,1,30,3000,SP500_1X,index,SP500_1X,,,0.1119844398,-0.4157060392,-0.7767613858,0,0,0,0.06231028142,6.131652723,0.07245775549,8.155440994,0.1117870253,24.0276365,0.1514301177,68.74029416,0.1623048874,91.1362953,-0.546522691,-0.588483996,0.575,0.196,0.043,0.001333333333,,,,
iv_premium,iv_0,iv_premium,63,0,12m,1,30,3000,NASDAQ100_1X,index,NASDAQ100_1X,,,0.1500240492,-0.5631256841,-0.9282673494,0,0,0.108,0.06698958025,6.995905191,0.08513615101,11.60314627,0.1500135923,66.24793169,0.2179794206,370.9503173,0.2360234704,576.6730964,-0.7156025337,-0.7574168851,0.969,0.736,0.377,0.06,,,,
iv_premium,iv_0,iv_premium,63,0,12m,1,30,3000,SPX_80_25,SP500 LEAPS,SP500_1X,0.8,0.25,0.1296523913,-0.371714812,-0.7297404675,0,0.1813333333,0.1813333333,0.07763344918,9.422721364,0.08834829108,12.67906852,0.1292859062,38.38747339,0.1716721204,115.9516915,0.1832874597,155.8863917,-0.4821712377,-0.5169924711,0.349,0.073,0.007333333333,0,0.9482276817,0.2708004723,0.7291995277,1.67731942
iv_premium,iv_0,iv_premium,63,0,12m,1,30,3000,SPX_85_30,SP500 LEAPS,SP500_1X,0.85,0.3,0.1512373625,-0.4451548001,-0.8064238671,0,0.03066666667,0.03066666667,0.08446977813,11.39127554,0.09743611764,16.27169616,0.1505938899,67.2582103,0.2073682673,285.3020148,0.2216922369,406.4185572,-0.56105724,-0.5984443633,0.7313333333,0.2456666667,0.04933333333,0.002,1.272386499,0.3231858314,0.6768141686,1.949578842
iv_premium,iv_0,iv_premium,63,0,12m,1,30,3000,SPX_85_35,SP500 LEAPS,SP500_1X,0.85,0.35,0.1629616116,-0.4932606389,-0.8599921559,0,0.01266666667,0.01266666667,0.08695076886,12.19964467,0.101055715,17.96123424,0.1616056714,89.5057262,0.2274984256,468.5437931,0.2444422907,706.9244702,-0.6155671709,-0.6518322428,0.9116666667,0.4643333333,0.1236666667,0.005333333333,1.473251527,0.3728799199,0.6271200801,2.099972184
iv_premium,iv_0,iv_premium,63,0,12m,1,30,3000,SPX_85_40,SP500 LEAPS,SP500_1X,0.85,0.4,0.1736714349,-0.5410822453,-0.9016892664,0,0.009333333333,0.009333333333,0.08685634078,12.16785733,0.1036038881,19.25109155,0.1719204404,116.691228,0.2457448179,729.4642605,0.2666841398,1202.793728,-0.6702234917,-0.7087332652,0.9803333333,0.689,0.26,0.02133333333,1.671634519,0.4217481071,0.5782518929,2.249089453
iv_premium,iv_0,iv_premium,63,0,12m,1,30,3000,SPX_85_45,SP500 LEAPS,SP500_1X,0.85,0.45,0.183363444,-0.5903698716,-0.9325448437,0,0.01133333333,0.01133333333,0.08684960312,12.16558982,0.1049447235,19.96531865,0.1806303842,145.7200184,0.2636568245,1119.47282,0.2873312882,1953.70912,-0.7206719898,-0.7614532462,0.9973333333,0.8653333333,0.458,0.06266666667,1.868792697,0.4701004336,0.5298995664,2.398262297
iv_premium,iv_0,iv_premium,63,0,12m,1,30,3000,SPX_85_50,SP500 LEAPS,SP500_1X,0.85,0.5,0.1920228457,-0.6360978844,-0.9549168929,0.001,0.013,0.013,0.08537332722,11.67948093,0.1048028235,19.88852489,0.1888907843,179.6228913,0.2810709541,1687.884808,0.308689315,3200.789257,-0.7692509178,-0.8087007405,0.9996666667,0.953,0.6493333333,0.1286666667,2.065544692,0.5178519066,0.4821480934,2.546667352
iv_premium,iv_0,iv_premium,63,0,12m,1,30,3000,SPX_90_30,SP500 LEAPS,SP500_1X,0.9,0.3,0.1612080783,-0.4758581037,-0.8431900031,0,0.02033333333,0.02033333333,0.085193338,11.62150364,0.1001290213,17.51319665,0.1602453926,86.41399369,0.2246364098,436.8532405,0.2423840912,672.6753201,-0.5957474689,-0.6360186818,0.8586666667,0.3826666667,0.093,0.002666666667,1.431434687,0.3244364875,0.6755635125,2.106151179
iv_premium,iv_0,iv_premium,63,0,12m,1,30,3000,SPX_90_35,SP500 LEAPS,SP500_1X,0.9,0.35,0.1736792442,-0.5278326144,-0.8920855053,0,0.01166666667,0.01166666667,0.08751605735,12.39157553,0.1035254129,19.21006246,0.1717754831,116.2591685,0.2472317051,756.0417806,0.2680746956,1243.043384,-0.6537517429,-0.6926193545,0.9653333333,0.63,0.2143333333,0.015,1.654936764,0.3736388694,0.6263611306,2.280804889
iv_premium,iv_0,iv_premium,63,0,12m,1,30,3000,SPX_90_40,SP500 LEAPS,SP500_1X,0.9,0.4,0.1849180585,-0.5788586398,-0.9274130813,0,0.01366666667,0.01366666667,0.0875200031,12.39274671,0.1051315073,20.06680944,0.1823146975,152.087091,0.2672622425,1219.371158,0.2919159648,2173.62267,-0.7088370714,-0.7496989835,0.996,0.8336666667,0.4126666667,0.04966666667,1.875835457,0.4224748986,0.5775251014,2.453429242
iv_premium,iv_0,iv_premium,63,0,12m,1,30,3000,SPX_90_45,SP500 LEAPS,SP500_1X,0.9,0.45,0.1949252052,-0.6286404948,-0.9524330535,0.0003333333333,0.01466666667,0.01466666667,0.08617833514,11.94217481,0.1054465622,20.23915729,0.1915608295,192.1281842,0.2868380848,1931.377602,0.3156986937,3757.140635,-0.7597978635,-0.8014282065,0.9996666667,0.9503333333,0.616,0.117,2.095235232,0.4702134488,0.5297865512,2.624371618
iv_premium,iv_0,iv_premium,63,0,12m,1,30,3000,SPX_90_50,SP500 LEAPS,SP500_1X,0.9,0.5,0.2036860073,-0.6761727008,-0.9697563109,0.001333333333,0.01966666667,0.01966666667,0.08427475924,11.32997774,0.1039840294,19.45102791,0.2001427004,238.2841238,0.3052008157,2954.467236,0.337609046,6166.645267,-0.8061971669,-0.8449791901,1,0.988,0.8016666667,0.223,2.31409299,0.5175969739,0.4824030261,2.794993322
iv_premium,iv_0,iv_premium,63,0,12m,1,30,3000,SPX_95_30,SP500 LEAPS,SP500_1X,0.95,0.3,0.1706523318,-0.5093310061,-0.8775849475,0,0.02,0.02,0.08499202044,11.55699228,0.1009312391,17.90041167,0.1685763157,107.1038337,0.2435078965,691.173934,0.2650727702,1157.72399,-0.6290415088,-0.675917501,0.939,0.5456666667,0.1633333333,0.01033333333,1.602127403,0.3252929549,0.6747070451,2.277266963
iv_premium,iv_0,iv_premium,63,0,12m,1,30,3000,SPX_95_35,SP500 LEAPS,SP500_1X,0.95,0.35,0.1835810683,-0.5645920775,-0.9193564638,0,0.01566666667,0.01566666667,0.08556538438,11.7416572,0.1038737138,19.39283409,0.1805301313,145.3486468,0.2663453481,1193.178737,0.2939231578,2277.238087,-0.6922458763,-0.7359352752,0.9923333333,0.7806666667,0.3546666667,0.03433333333,1.850227245,0.3741045484,0.6258954516,2.476206074
iv_premium,iv_0,iv_premium,63,0,12m,1,30,3000,SPX_95_40,SP500 LEAPS,SP500_1X,0.95,0.4,0.1950246021,-0.6173298757,-0.9481932931,0.0003333333333,0.01833333333,0.01833333333,0.08455215815,11.41725135,0.1039780903,19.44788875,0.1910116242,189.4889678,0.2884726094,2006.35191,0.3206193419,4202.377151,-0.7467307498,-0.7886367206,0.9993333333,0.9243333333,0.5786666667,0.09566666667,2.095653421,0.4223245834,0.5776754166,2.673010487
iv_premium,iv_0,iv_premium,63,0,12m,1,30,3000,SPX_95_45,SP500 LEAPS,SP500_1X,0.95,0.45,0.2049904933,-0.668533634,-0.9676695099,0.001333333333,0.02166666667,0.02166666667,0.08296368939,10.92609934,0.1035634253,19.22992295,0.1999263911,236.9990052,0.3091276308,3233.109468,0.3449720606,7270.664152,-0.7986748826,-0.8363188917,1,0.9826666667,0.764,0.2053333333,2.338437634,0.4697945905,0.5302054095,2.869005783
iv_premium,iv_0,iv_premium,63,0,12m,1,30,3000,SPX_95_50,SP500 LEAPS,SP500_1X,0.95,0.5,0.2134657692,-0.7156110731,-0.9805393217,0.002333333333,0.028,0.028,0.07704605665,9.269850647,0.1006833253,17.77991718,0.2083837049,292.5892616,0.3295811621,5147.721251,0.3678365994,12056.27338,-0.8418156962,-0.8764750741,1,0.998,0.9013333333,0.372,2.581384122,0.5164975032,0.4835024968,3.064333812
iv_premium,iv_0,iv_premium,63,0,12m,1,30,3000,NDX_80_20,NDX LEAPS,NASDAQ100_1X,0.8,0.2,0.1326003607,-0.3689863601,-0.7107780944,0,0.7313333333,0.234,0.07531816349,8.833905632,0.08691057798,12.18608111,0.1316653274,40.88972533,0.1777093146,135.2822499,0.1917986649,193.2820004,-0.4818550782,-0.5193679556,0.3453333333,0.074,0.01,0,0.62567736,0.2220725012,0.7779274988,1.403576247
iv_premium,iv_0,iv_premium,63,0,12m,1,30,3000,NDX_80_25,NDX LEAPS,NASDAQ100_1X,0.8,0.25,0.1474631109,-0.4174855436,-0.7660728743,0,0.552,0.1206666667,0.07986903297,10.02716819,0.09354422268,14.62661165,0.1459393759,59.55665064,0.2017872172,248.2771173,0.2180523462,371.6172434,-0.5351485003,-0.577602163,0.5886666667,0.1826666667,0.033,0.001,0.773531712,0.2733946848,0.7266053152,1.500037924
iv_premium,iv_0,iv_premium,63,0,12m,1,30,3000,NDX_80_30,NDX LEAPS,NASDAQ100_1X,0.8,0.3,0.1609955862,-0.4683073023,-0.8153477326,0,0.2983333333,0.07166666667,0.08243087307,10.76594982,0.09871570753,16.85063283,0.1596343924,85.0591041,0.2249676947,440.4125921,0.243885252,697.4942722,-0.5974889457,-0.6372934169,0.8246666667,0.375,0.096,0.005333333333,0.9192827842,0.3236882708,0.6763117292,1.595142753
iv_premium,iv_0,iv_premium,63,0,12m,1,30,3000,NDX_80_35,NDX LEAPS,NASDAQ100_1X,0.8,0.35,0.1732338318,-0.5229526004,-0.8671692271,0,0.1133333333,0.05333333333,0.08394677391,11.22759958,0.1016214196,18.24016364,0.1713102621,114.8824312,0.2466985643,746.4060919,0.2669551078,1210.537796,-0.6582711889,-0.6997472919,0.9476666667,0.6043333333,0.2233333333,0.02033333333,1.062915901,0.3729241247,0.6270758753,1.68945414
iv_premium,iv_0,iv_premium,63,0,12m,1,30,3000,NDX_80_40,NDX LEAPS,NASDAQ100_1X,0.8,0.4,0.1841957173,-0.5770754902,-0.9083429042,0,0.05233333333,0.04433333333,0.0845353409,11.4119504,0.104241231,19.58744939,0.1818690922,150.3767242,0.2674360722,1224.398614,0.2923807767,2197.192732,-0.7133600938,-0.7571021975,0.9923333333,0.802,0.4046666667,0.05633333333,1.205180427,0.421399662,0.578600338,1.783253275
iv_premium,iv_0,iv_premium,63,0,12m,1,30,3000,NDX_80_45,NDX LEAPS,NASDAQ100_1X,0.8,0.45,0.1938823212,-0.6283257194,-0.9387693637,0.0003333333333,0.03833333333,0.044,0.08326139199,11.01655771,0.1043040668,19.62095146,0.1915443997,192.0486151,0.2872288851,1949.055719,0.3152650293,3720.1558,-0.7640097187,-0.8067551063,0.9993333333,0.923,0.608,0.1273333333,1.346623249,0.4691582441,0.5308417559,1.877223054
iv_premium,iv_0,iv_premium,63,0,12m,1,30,3000,NDX_80_50,NDX LEAPS,NASDAQ100_1X,0.8,0.5,0.2022780008,-0.6763698691,-0.9602526895,0.001,0.037,0.05,0.08018257651,10.11488472,0.1028653143,18.86831051,0.198642197,229.5063045,0.3063783008,3035.483801,0.3375751764,6161.96075,-0.8107605549,-0.8508592294,1,0.978,0.7756666667,0.2413333333,1.48793691,0.5165090892,0.4834909108,1.971009125
iv_premium,iv_0,iv_premium,63,0,12m,1,30,3000,NDX_85_20,NDX LEAPS,NASDAQ100_1X,0.85,0.2,0.138691975,-0.3849926325,-0.7250309416,0,0.6733333333,0.1813333333,0.07638992513,9.101909562,0.08951489036,13.09320861,0.1376416737,47.88962662,0.1882011434,176.5230805,0.2026450083,253.6500768,-0.5007612776,-0.538418436,0.4326666667,0.102,0.01366666667,0,0.6775363543,0.2233310236,0.7766689764,1.454411257
iv_premium,iv_0,iv_premium,63,0,12m,1,30,3000,NDX_85_25,NDX LEAPS,NASDAQ100_1X,0.85,0.25,0.1544508968,-0.438277933,-0.7811144747,0,0.428,0.09366666667,0.08077824318,10.28357242,0.09650443038,15.86231316,0.1530471207,71.69624208,0.2140684784,336.8301204,0.2315725672,517.516993,-0.5590963911,-0.600874542,0.6893333333,0.2486666667,0.051,0.001666666667,0.8369222614,0.2744944183,0.7255055817,1.562339056
iv_premium,iv_0,iv_premium,63,0,12m,1,30,3000,NDX_85_30,NDX LEAPS,NASDAQ100_1X,0.85,0.3,0.1686824298,-0.4920714974,-0.8387183513,0,0.1896666667,0.05966666667,0.08361739226,11.12568495,0.1003514025,17.61971558,0.1664807199,101.4889107,0.2389004515,618.3291164,0.2594054246,1011.821742,-0.6234037509,-0.6641854611,0.8906666667,0.4686666667,0.1416666667,0.007666666667,0.993572907,0.3245321814,0.6754678186,1.669155996
iv_premium,iv_0,iv_premium,63,0,12m,1,30,3000,NDX_85_35,NDX LEAPS,NASDAQ100_1X,0.85,0.35,0.1814348732,-0.5480037241,-0.8878978265,0,0.076,0.048,0.08464160483,11.44553477,0.1041249027,19.52567381,0.1790170286,139.8621792,0.2623338523,1084.841569,0.2862136141,1903.455435,-0.684877288,-0.7259272511,0.977,0.7093333333,0.3046666667,0.03366666667,1.148118794,0.3734608401,0.6265391599,1.774929684
iv_premium,iv_0,iv_premium,63,0,12m,1,30,3000,NDX_85_40,NDX LEAPS,NASDAQ100_1X,0.85,0.4,0.1927335576,-0.6041090138,-0.9257621539,0,0.04133333333,0.04233333333,0.08469654759,11.46295113,0.1054562222,20.24445465,0.1905176736,187.1458322,0.2840828617,1811.092418,0.3128442619,3520.126478,-0.7386115385,-0.7847955391,0.9986666667,0.8806666667,0.5156666667,0.08366666667,1.300985831,0.4215717349,0.5784282651,1.879704901
iv_premium,iv_0,iv_premium,63,0,12m,1,30,3000,NDX_85_45,NDX LEAPS,NASDAQ100_1X,0.85,0.45,0.2025830073,-0.6551916226,-0.9522703505,0.0006666666667,0.03833333333,0.04533333333,0.08231065826,10.73013277,0.1053323194,20.17650545,0.1999721419,237.2704603,0.3052424737,2957.292645,0.3363272886,5991.807197,-0.7880481978,-0.8310525536,0.9996666667,0.9606666667,0.707,0.189,1.453352207,0.4691018284,0.5308981716,1.98411531
iv_premium,iv_0,iv_premium,63,0,12m,1,30,3000,NDX_85_50,NDX LEAPS,NASDAQ100_1X,0.85,0.5,0.2109673286,-0.7036193003,-0.9740755917,0.002,0.04566666667,0.05333333333,0.07753205093,9.396161338,0.1029893728,18.93211636,0.2068674793,281.7729825,0.3253963154,4683.17401,0.3595144619,10039.23255,-0.8336674638,-0.8727713064,1,0.9923333333,0.856,0.3233333333,1.604476475,0.5160568792,0.4839431208,2.088180994
iv_premium,iv_0,iv_premium,63,0,12m,1,30,3000,NDX_90_20,NDX LEAPS,NASDAQ100_1X,0.9,0.2,0.1448481627,-0.4034579706,-0.739291327,0,0.589,0.148,0.07814748054,9.558514019,0.09116907528,13.7029271,0.1433035642,55.58099795,0.1987030659,229.8562334,0.2148864408,343.7054161,-0.5208401042,-0.5595929467,0.5186666667,0.142,0.022,0,0.7321692611,0.2244569997,0.7755430003,1.508037715
iv_premium,iv_0,iv_premium,63,0,12m,1,30,3000,NDX_90_25,NDX LEAPS,NASDAQ100_1X,0.9,0.25,0.1614216085,-0.460146328,-0.7982687861,0,0.3143333333,0.077,0.08158757878,10.51713476,0.09836225169,16.68875903,0.1598242007,85.47776166,0.2266753551,459.2092969,0.2462300692,738.0363434,-0.5843092605,-0.6260265847,0.78,0.3326666667,0.07666666667,0.003333333333,0.9033975481,0.2754756959,0.7245243041,1.628047659
iv_premium,iv_0,iv_premium,63,0,12m,1,30,3000,NDX_90_30,NDX LEAPS,NASDAQ100_1X,0.9,0.3,0.1762484249,-0.517615739,-0.85918164,0,0.1203333333,0.057,0.08386843753,11.20327692,0.1026411793,18.7535926,0.1735886693,121.7790031,0.2534750012,878.2226335,0.2765714279,1518.793957,-0.6488322937,-0.6887485338,0.9366666667,0.5793333333,0.203,0.016,1.071515579,0.3251687338,0.6748312662,1.746010588
iv_premium,iv_0,iv_premium,63,0,12m,1,30,3000,NDX_90_35,NDX LEAPS,NASDAQ100_1X,0.9,0.35,0.1893927538,-0.5753911685,-0.9066601844,0,0.05733333333,0.04533333333,0.08541495937,11.69292293,0.1053661279,20.19501242,0.1863551976,168.4783921,0.2777275168,1560.60582,0.3050373566,2943.389102,-0.7105490204,-0.7525326511,0.992,0.8053333333,0.4086666667,0.05266666667,1.236664753,0.373741515,0.626258485,1.863295517
iv_premium,iv_0,iv_premium,63,0,12m,1,30,3000,NDX_90_40,NDX LEAPS,NASDAQ100_1X,0.9,0.4,0.2008898129,-0.6302498905,-0.9402899309,0.0003333333333,0.04133333333,0.04433333333,0.0838827031,11.20774636,0.105715719,20.38754831,0.198640511,229.4968748,0.3007783928,2668.429687,0.3315602389,5382.639035,-0.7640820183,-0.8077082855,0.9996666667,0.9316666667,0.6256666667,0.1306666667,1.401008886,0.4215088162,0.5784911838,1.980170128
iv_premium,iv_0,iv_premium,63,0,12m,1,30,3000,NDX_90_45,NDX LEAPS,NASDAQ100_1X,0.9,0.45,0.2107491807,-0.6827489704,-0.9662715388,0.002,0.043,0.05033333333,0.08032287825,10.15437552,0.1045118015,19.73195017,0.207246862,284.4425856,0.3230936297,4445.123421,0.3570239189,9501.820934,-0.8143625641,-0.8534462592,1,0.9826666667,0.8003333333,0.2626666667,1.563499298,0.4687145904,0.5312854096,2.095383101
iv_premium,iv_0,iv_premium,63,0,12m,1,30,3000,NDX_90_50,NDX LEAPS,NASDAQ100_1X,0.9,0.5,0.2189556959,-0.7305441842,-0.98338835,0.004,0.05366666667,0.056,0.07539966436,8.854054318,0.1020387877,18.448633,0.2148320754,343.244306,0.3440675922,7125.397369,0.3798676176,15678.87468,-0.8579376269,-0.8904642396,1,0.9986666667,0.913,0.4176666667,1.725797547,0.5152843757,0.4847156243,2.210616289
iv_premium,iv_0,iv_premium,63,0,12m,1,30,3000,NDX_95_20,NDX LEAPS,NASDAQ100_1X,0.95,0.2,0.1509687944,-0.4233962847,-0.7569400555,0,0.4963333333,0.119,0.07927280299,9.862394315,0.09364615463,14.66757147,0.1491008444,64.68847976,0.2094337097,300.3144149,0.2276556359,470.3474578,-0.5416975873,-0.5816844403,0.615,0.194,0.03333333333,0.0006666666667,0.7892920501,0.2254082122,0.7745917878,1.563840844
iv_premium,iv_0,iv_premium,63,0,12m,1,30,3000,NDX_95_25,NDX LEAPS,NASDAQ100_1X,0.95,0.25,0.1682428667,-0.4835821617,-0.8225281527,0,0.226,0.06966666667,0.08187042974,10.59996364,0.0994694278,17.20098549,0.1660069212,100.2594243,0.2398162598,632.1900124,0.2615605146,1065.076407,-0.6087024389,-0.6482944239,0.8563333333,0.4296666667,0.1153333333,0.006666666667,0.9719370998,0.2761570944,0.7238429056,1.695934486
iv_premium,iv_0,iv_premium,63,0,12m,1,30,3000,NDX_95_30,NDX LEAPS,NASDAQ100_1X,0.95,0.3,0.1835299229,-0.5441872773,-0.8794819746,0,0.09333333333,0.05333333333,0.08366026303,11.13889945,0.1032824,19.08356466,0.1805172018,145.3010037,0.2681310474,1244.701838,0.2936155869,2261.050476,-0.6751684874,-0.713888255,0.974,0.686,0.282,0.02733333333,1.151368924,0.325590346,0.674409654,1.8261266
iv_premium,iv_0,iv_premium,63,0,12m,1,30,3000,NDX_95_35,NDX LEAPS,NASDAQ100_1X,0.95,0.35,0.1969140157,-0.601833659,-0.9228952592,0.0003333333333,0.05566666667,0.046,0.08390743553,11.21537491,0.1055806507,20.31294008,0.1931308618,199.8698877,0.2932522555,2242.075589,0.3240706898,4544.666935,-0.7355092993,-0.7756724,0.999,0.883,0.5083333333,0.07766666667,1.328344104,0.3737969426,0.6262030574,1.954162803
iv_premium,iv_0,iv_premium,63,0,12m,1,30,3000,NDX_95_40,NDX LEAPS,NASDAQ100_1X,0.95,0.4,0.2084429629,-0.6579855679,-0.9526689696,0.001333333333,0.04633333333,0.04966666667,0.08197202022,10.62986485,0.1051387773,20.07078303,0.2048665928,268.0894348,0.3173637873,3902.435596,0.3510267521,8319.50462,-0.7885071015,-0.8306137528,1,0.9696666667,0.7266666667,0.1933333333,1.502883531,0.4212206021,0.5787793979,2.082498467
iv_premium,iv_0,iv_premium,63,0,12m,1,30,3000,NDX_95_45,NDX LEAPS,NASDAQ100_1X,0.95,0.45,0.2181331989,-0.7097330981,-0.9770516607,0.003333333333,0.05533333333,0.05466666667,0.0775635097,9.404398936,0.1030963631,18.98725558,0.2138287984,334.8407677,0.3410511993,6660.945538,0.3774638546,14879.79133,-0.8372020029,-0.8736686302,1,0.995,0.874,0.3413333333,1.677055307,0.4679385845,0.5320614155,2.209684959
iv_premium,iv_0,iv_premium,63,0,12m,1,30,3000,NDX_95_50,NDX LEAPS,NASDAQ100_1X,0.95,0.5,0.22597143,-0.7561224865,-0.9894350535,0.006666666667,0.069,0.06433333333,0.07280741818,8.235592065,0.1003362939,17.61246281,0.2207908234,397.5175633,0.3620106107,10607.14576,0.4021232661,25338.87806,-0.8783150108,-0.9080075201,1,0.9996666667,0.956,0.5286666667,1.849192798,0.5141435958,0.4858564042,2.336718132
iv_premium,iv_3,iv_premium,63,0.03,12m,1,30,3000,SP500_1X,index,SP500_1X,,,0.1119844398,-0.4157060392,-0.7767613858,0,0,0,0.06231028142,6.131652723,0.07245775549,8.155440994,0.1117870253,24.0276365,0.1514301177,68.74029416,0.1623048874,91.1362953,-0.546522691,-0.588483996,0.575,0.196,0.043,0.001333333333,,,,
iv_premium,iv_3,iv_premium,63,0.03,12m,1,30,3000,NASDAQ100_1X,index,NASDAQ100_1X,,,0.1500240492,-0.5631256841,-0.9282673494,0,0,0.108,0.06698958025,6.995905191,0.08513615101,11.60314627,0.1500135923,66.24793169,0.2179794206,370.9503173,0.2360234704,576.6730964,-0.7156025337,-0.7574168851,0.969,0.736,0.377,0.06,,,,
iv_premium,iv_3,iv_premium,63,0.03,12m,1,30,3000,SPX_80_25,SP500 LEAPS,SP500_1X,0.8,0.25,0.1203505783,-0.3637292017,-0.7261880101,0,0.3376666667,0.3376666667,0.07055730183,7.732824287,0.0808001293,10.28982272,0.1198978902,29.88272093,0.160394762,86.74835821,0.1720162113,116.9776928,-0.4742626031,-0.5125220781,0.316,0.064,0.006333333333,0,0.8935183683,0.2678882302,0.7321117698,1.625699393
iv_premium,iv_3,iv_premium,63,0.03,12m,1,30,3000,SPX_85_30,SP500 LEAPS,SP500_1X,0.85,0.3,0.1353965376,-0.4304494106,-0.8075631966,0,0.1153333333,0.1153333333,0.0736024451,8.420688133,0.08535683162,11.67415222,0.1348480974,44.48435979,0.1876450343,174.0611945,0.2008464516,242.511974,-0.5497947694,-0.5904692975,0.6586666667,0.2066666667,0.04166666667,0.001666666667,1.176939562,0.3189471845,0.6810528155,1.858339822
iv_premium,iv_3,iv_premium,63,0.03,12m,1,30,3000,SPX_85_35,SP500 LEAPS,SP500_1X,0.85,0.35,0.1449518212,-0.477386927,-0.8617563665,0,0.05966666667,0.05966666667,0.07424243004,8.57258581,0.08796206183,12.54476891,0.1438457758,56.37729757,0.2048807561,268.1839923,0.2191046163,381.3707802,-0.6036081254,-0.6422708261,0.8566666667,0.391,0.1046666667,0.003666666667,1.364077206,0.3685957572,0.6314042428,1.995898649
iv_premium,iv_3,iv_premium,63,0.03,12m,1,30,3000,SPX_85_40,SP500 LEAPS,SP500_1X,0.85,0.4,0.1536126636,-0.5258231743,-0.9024992287,0,0.04133333333,0.04133333333,0.07407791567,8.533301279,0.08890767766,12.87604478,0.152115573,69.97865563,0.2204501549,394.2045023,0.2393580901,625.2189652,-0.6580770415,-0.6959789176,0.9596666667,0.618,0.2206666667,0.01966666667,1.549271701,0.4176347071,0.5823652929,2.131353732
iv_premium,iv_3,iv_premium,63,0.03,12m,1,30,3000,SPX_85_45,SP500 LEAPS,SP500_1X,0.85,0.45,0.1613757465,-0.5727644432,-0.9326456997,0.0006666666667,0.037,0.037,0.07175397679,7.996396514,0.08882081099,12.8452627,0.1589973874,83.66839693,0.2356177325,571.0179527,0.2580332688,979.2652763,-0.7104019205,-0.7503974178,0.992,0.8033333333,0.3946666667,0.05033333333,1.733379992,0.4661453716,0.5338546284,2.266984391
iv_premium,iv_3,iv_premium,63,0.03,12m,1,30,3000,SPX_85_50,SP500 LEAPS,SP500_1X,0.85,0.5,0.1682285371,-0.6198449663,-0.9545510049,0.001333333333,0.03966666667,0.03966666667,0.06983360372,7.577521755,0.08786610491,12.51161873,0.165308364,98.47295653,0.2497767883,803.7247973,0.2750706433,1466.128571,-0.7578998563,-0.7986841328,0.9983333333,0.9176666667,0.579,0.1103333333,1.916997541,0.5141555684,0.4858444316,2.402370582
iv_premium,iv_3,iv_premium,63,0.03,12m,1,30,3000,SPX_90_30,SP500 LEAPS,SP500_1X,0.9,0.3,0.1393670606,-0.4581370789,-0.8446501662,0,0.106,0.106,0.07158043542,7.95767026,0.08431952152,11.34400949,0.1384741495,48.95221342,0.1968619567,219.4972219,0.2121988786,321.6109709,-0.5795011682,-0.6233670451,0.7816666667,0.3176666667,0.075,0.002333333333,1.296678314,0.3191406155,0.6808593845,1.977156036
iv_premium,iv_3,iv_premium,63,0.03,12m,1,30,3000,SPX_90_35,SP500 LEAPS,SP500_1X,0.9,0.35,0.1489453003,-0.50908697,-0.8927312204,0,0.064,0.064,0.07074226809,7.773013519,0.08586680702,11.83984036,0.147501694,62.041441,0.2149470407,344.2201432,0.2333093933,539.8660587,-0.6399295213,-0.6799742781,0.932,0.538,0.17,0.01166666667,1.500988875,0.3684514612,0.6315485388,2.132728506
iv_premium,iv_3,iv_premium,63,0.03,12m,1,30,3000,SPX_90_40,SP500 LEAPS,SP500_1X,0.9,0.4,0.1574727978,-0.5601027145,-0.9274382466,0.0006666666667,0.052,0.052,0.06939608839,7.485100355,0.08600159186,11.88400715,0.1554294748,76.27622585,0.2312169882,513.0536209,0.2533579545,875.765773,-0.6953476826,-0.7372979192,0.984,0.7453333333,0.3393333333,0.03533333333,1.704299339,0.4171077757,0.5828922243,2.2875693
iv_premium,iv_3,iv_premium,63,0.03,12m,1,30,3000,SPX_90_45,SP500 LEAPS,SP500_1X,0.9,0.45,0.1649482781,-0.6094546629,-0.9520488716,0.001333333333,0.05433333333,0.05433333333,0.0671366268,7.024890432,0.0848974246,11.52680846,0.1617889282,89.93038754,0.2467140761,746.6896894,0.2726011909,1383.289873,-0.7468406442,-0.7890029679,0.9983333333,0.8943333333,0.5346666667,0.09466666667,1.905808699,0.4653176031,0.5346823969,2.440664107
iv_premium,iv_3,iv_premium,63,0.03,12m,1,30,3000,SPX_90_50,SP500 LEAPS,SP500_1X,0.9,0.5,0.1713585949,-0.6563474678,-0.9691460184,0.002,0.06366666667,0.06366666667,0.0637830799,6.391890731,0.08232981848,10.73583291,0.1679284068,105.3365843,0.2623910069,1086.31387,0.2903890896,2097.839612,-0.7932510449,-0.832501717,1,0.9683333333,0.715,0.1926666667,2.107069127,0.5130235817,0.4869764183,2.593762699
iv_premium,iv_3,iv_premium,63,0.03,12m,1,30,3000,SPX_95_30,SP500 LEAPS,SP500_1X,0.95,0.3,0.1419183338,-0.4876602097,-0.8769880794,0,0.116,0.116,0.06681991417,6.962606893,0.08127903641,10.42750782,0.1405223202,51.66451523,0.2051967815,270.3027566,0.2229755112,419.423514,-0.6134074472,-0.6565344447,0.8826666667,0.4446666667,0.1233333333,0.007333333333,1.420335716,0.3185594458,0.6814405542,2.101817326
iv_premium,iv_3,iv_premium,63,0.03,12m,1,30,3000,SPX_95_35,SP500 LEAPS,SP500_1X,0.95,0.35,0.1511952745,-0.5417171837,-0.918565734,0.0006666666667,0.08666666667,0.08666666667,0.06574569384,6.755316161,0.08152037434,10.49754518,0.1492061166,64.86654133,0.2232990855,422.7654257,0.2454037251,723.4950565,-0.6750398958,-0.7165785564,0.9713333333,0.681,0.277,0.02633333333,1.643734224,0.3675462468,0.6324537532,2.275324436
iv_premium,iv_3,iv_premium,63,0.03,12m,1,30,3000,SPX_95_40,SP500 LEAPS,SP500_1X,0.95,0.4,0.159249857,-0.5945480256,-0.947298848,0.001333333333,0.081,0.081,0.06270215111,6.199875211,0.08040998945,10.1789743,0.156376588,78.17461729,0.2400432582,635.6730648,0.2669588662,1210.64317,-0.7335615874,-0.7754231423,0.9956666667,0.8616666667,0.482,0.07566666667,1.865122687,0.4158798441,0.5841201559,2.448840518
iv_premium,iv_3,iv_premium,63,0.03,12m,1,30,3000,SPX_95_45,SP500 LEAPS,SP500_1X,0.95,0.45,0.1660839641,-0.6458397365,-0.9667686012,0.003,0.08766666667,0.08766666667,0.05939521178,5.646439649,0.07830463274,9.600394204,0.1618383432,90.0452092,0.2567527319,949.7986667,0.2863628247,1910.097775,-0.7852873962,-0.8241019991,1,0.9566666667,0.679,0.1683333333,2.08481241,0.4637689205,0.5362310795,2.62166013
iv_premium,iv_3,iv_premium,63,0.03,12m,1,30,3000,SPX_95_50,SP500 LEAPS,SP500_1X,0.95,0.5,0.1716843644,-0.6952229948,-0.9796656117,0.005666666667,0.103,0.103,0.05384667638,4.823411699,0.0736102625,8.42251959,0.1675228166,104.2446099,0.2717114023,1354.5664,0.3056374855,2984.261533,-0.8313587787,-0.8653423469,1,0.99,0.8303333333,0.304,2.304139788,0.5110562668,0.4889437332,2.793575252
iv_premium,iv_3,iv_premium,63,0.03,12m,1,30,3000,NDX_80_20,NDX LEAPS,NASDAQ100_1X,0.8,0.2,0.1252561741,-0.3631169646,-0.7063843983,0,0.7956666667,0.322,0.069456372,7.497769913,0.08130297287,10.43442175,0.1242902179,33.60644783,0.1687903276,107.6938808,0.1822205235,151.7243557,-0.4769121015,-0.5157902659,0.324,0.06766666667,0.009666666667,0,0.5953474888,0.2197387517,0.7802612483,1.375418419
iv_premium,iv_3,iv_premium,63,0.03,12m,1,30,3000,NDX_80_25,NDX LEAPS,NASDAQ100_1X,0.8,0.25,0.1385757664,-0.4090257092,-0.7589672744,0,0.6913333333,0.1816666667,0.07389727322,8.49033228,0.08703028416,12.22641209,0.1370789493,47.18403192,0.1908410443,188.6767253,0.2059019623,275.0878344,-0.5295455686,-0.5701249445,0.548,0.1646666667,0.02766666667,0.0006666666667,0.7363058078,0.2709327624,0.7290672376,1.465640743
iv_premium,iv_3,iv_premium,63,0.03,12m,1,30,3000,NDX_80_30,NDX LEAPS,NASDAQ100_1X,0.8,0.3,0.1506635783,-0.4604547929,-0.8120692023,0,0.502,0.1116666667,0.07551167409,8.881723353,0.09091672931,13.60818208,0.1492703431,64.97544099,0.211853376,318.8721558,0.2297216342,494.6838837,-0.5898952689,-0.6304693073,0.7746666667,0.3393333333,0.08666666667,0.004666666667,0.8759555249,0.3210709858,0.6789290142,1.554644061
iv_premium,iv_3,iv_premium,63,0.03,12m,1,30,3000,NDX_80_35,NDX LEAPS,NASDAQ100_1X,0.8,0.35,0.1615519792,-0.5127755913,-0.8641886597,0,0.2713333333,0.08533333333,0.07614607063,9.040272038,0.09289915407,14.36997025,0.15980785,85.44174586,0.2315919957,517.7615449,0.2516902996,841.4727645,-0.6504644256,-0.690730538,0.9243333333,0.555,0.201,0.01766666667,1.013755479,0.3703533068,0.6296466932,1.642767629
iv_premium,iv_3,iv_premium,63,0.03,12m,1,30,3000,NDX_80_40,NDX LEAPS,NASDAQ100_1X,0.8,0.4,0.1712573203,-0.5667883928,-0.9060901004,0,0.1383333333,0.07266666667,0.07554367444,8.889653032,0.09468929133,15.09315205,0.1690780636,108.4927112,0.2507023663,821.7737778,0.2736409957,1417.609966,-0.7047301222,-0.7508736379,0.9836666667,0.761,0.3693333333,0.05066666667,1.149761219,0.4188998265,0.5811001735,1.730527819
iv_premium,iv_3,iv_premium,63,0.03,12m,1,30,3000,NDX_80_45,NDX LEAPS,NASDAQ100_1X,0.8,0.45,0.1797811413,-0.6177880444,-0.9366578512,0.0006666666667,0.095,0.073,0.0741536681,8.551365559,0.0943842086,14.96746856,0.1775034331,134.574497,0.2693218663,1280.249839,0.2954606245,2359.830141,-0.7570511982,-0.8012147891,0.998,0.8973333333,0.5683333333,0.1116666667,1.285255257,0.4668646193,0.5331353807,1.818344288
iv_premium,iv_3,iv_premium,63,0.03,12m,1,30,3000,NDX_80_50,NDX LEAPS,NASDAQ100_1X,0.8,0.5,0.1871102634,-0.6653942714,-0.9587171757,0.002,0.089,0.07666666667,0.07059634202,7.741288485,0.0931202442,14.45744442,0.1839452383,158.507193,0.2863970536,1911.622677,0.3153929121,3731.022766,-0.8038295072,-0.8455626862,1,0.964,0.734,0.22,1.42045018,0.5143106513,0.4856893487,1.905697697
iv_premium,iv_3,iv_premium,63,0.03,12m,1,30,3000,NDX_85_20,NDX LEAPS,NASDAQ100_1X,0.85,0.2,0.1291299544,-0.3781124241,-0.720741376,0,0.772,0.2726666667,0.0701707218,7.649487513,0.08234017659,10.73891577,0.1281321015,37.22807221,0.1757012928,128.5304727,0.1905581111,187.3361721,-0.4954754786,-0.5344794063,0.397,0.09266666667,0.01233333333,0,0.6383401218,0.2204349701,0.7795650299,1.417782382
iv_premium,iv_3,iv_premium,63,0.03,12m,1,30,3000,NDX_85_25,NDX LEAPS,NASDAQ100_1X,0.85,0.25,0.1429189568,-0.4280879065,-0.7740519927,0,0.6306666667,0.1616666667,0.07342787359,8.379695115,0.08793590248,12.53572378,0.1416103859,53.16381197,0.1994404553,234.1364952,0.2160760514,353.947158,-0.5505199919,-0.594101481,0.6406666667,0.2223333333,0.04466666667,0.001666666667,0.7884508019,0.2713541127,0.7286458873,1.517491924
iv_premium,iv_3,iv_premium,63,0.03,12m,1,30,3000,NDX_85_30,NDX LEAPS,NASDAQ100_1X,0.85,0.3,0.1553172375,-0.4823242153,-0.8349051758,0,0.4013333333,0.1046666667,0.07459125842,8.656490778,0.09119249668,13.71175404,0.1536921756,72.90938152,0.221104113,400.5895171,0.2407257771,646.2527318,-0.6145794642,-0.6557312664,0.8563333333,0.4286666667,0.1216666667,0.007,0.9373506709,0.3212414135,0.6787585865,1.616061715
iv_premium,iv_3,iv_premium,63,0.03,12m,1,30,3000,NDX_85_35,NDX LEAPS,NASDAQ100_1X,0.85,0.35,0.1663665009,-0.5366927894,-0.8856897768,0,0.2096666667,0.08233333333,0.07446089953,8.625041189,0.09305542328,14.43173322,0.1641069602,95.47232156,0.2426553039,677.0948578,0.2645518825,1143.507825,-0.6755924608,-0.7177970345,0.9623333333,0.6633333333,0.2696666667,0.028,1.083864833,0.3703998448,0.6296001552,1.713955016
iv_premium,iv_3,iv_premium,63,0.03,12m,1,30,3000,NDX_85_40,NDX LEAPS,NASDAQ100_1X,0.85,0.4,0.1760887219,-0.591340478,-0.9235767129,0.0006666666667,0.1266666667,0.07466666667,0.07430932332,8.58861149,0.09407110091,14.83955379,0.1735003702,121.5044456,0.2621150048,1079.210853,0.2881818541,1992.811801,-0.7304618992,-0.7785051126,0.9943333333,0.8436666667,0.4666666667,0.07366666667,1.229134494,0.4186706827,0.5813293173,1.811028617
iv_premium,iv_3,iv_premium,63,0.03,12m,1,30,3000,NDX_85_45,NDX LEAPS,NASDAQ100_1X,0.85,0.45,0.1844879264,-0.6432491247,-0.9502948422,0.001666666667,0.103,0.07733333333,0.07165737329,7.974810356,0.09305894243,14.43316073,0.1823517282,152.2302158,0.2808669052,1679.842823,0.3101947051,3313.118953,-0.781316229,-0.8251226047,0.9996666667,0.9403333333,0.6683333333,0.1686666667,1.373991083,0.466343109,0.533656891,1.90780397
iv_premium,iv_3,iv_premium,63,0.03,12m,1,30,3000,NDX_85_50,NDX LEAPS,NASDAQ100_1X,0.85,0.5,0.1915505136,-0.6912247013,-0.9725995666,0.003333333333,0.103,0.084,0.06678878728,6.956517697,0.0897336811,13.17232995,0.1880380945,175.7978267,0.2991170884,2568.056671,0.3303424567,5236.893743,-0.8279355796,-0.8662835979,1,0.9836666667,0.8196666667,0.2896666667,1.518363481,0.5134372627,0.4865627373,2.004432582
iv_premium,iv_3,iv_premium,63,0.03,12m,1,30,3000,NDX_90_20,NDX LEAPS,NASDAQ100_1X,0.9,0.2,0.1327515178,-0.3932692484,-0.7343139977,0,0.7433333333,0.2376666667,0.0696873938,7.546515667,0.08249049094,10.78375034,0.1315526639,40.76774408,0.1833621427,156.1817491,0.1984308916,228.2955778,-0.5128650976,-0.5531723796,0.4686666667,0.1226666667,0.01966666667,0,0.6822123748,0.2209588175,0.7790411825,1.461331489
iv_premium,iv_3,iv_premium,63,0.03,12m,1,30,3000,NDX_90_25,NDX LEAPS,NASDAQ100_1X,0.9,0.25,0.146889766,-0.4484923835,-0.797189885,0,0.571,0.1453333333,0.07255680099,8.17806756,0.08796844181,12.54699822,0.1451667848,58.36370809,0.2074650109,285.9886369,0.2256623371,447.9675145,-0.5754469112,-0.6178335379,0.728,0.2886666667,0.066,0.003666666667,0.8423563444,0.2716910061,0.7283089939,1.570870316
iv_premium,iv_3,iv_premium,63,0.03,12m,1,30,3000,NDX_90_30,NDX LEAPS,NASDAQ100_1X,0.9,0.3,0.1594658199,-0.5051841608,-0.8572920926,0,0.3253333333,0.1043333333,0.07305421854,8.292622815,0.09082002955,13.57203085,0.1568785807,79.1990645,0.2306484433,505.9919507,0.2518896957,845.5038255,-0.6400491423,-0.6793359219,0.909,0.5213333333,0.177,0.01433333333,1.000540582,0.3212720359,0.6787279641,1.679089585
iv_premium,iv_3,iv_premium,63,0.03,12m,1,30,3000,NDX_90_35,NDX LEAPS,NASDAQ100_1X,0.9,0.35,0.1705328974,-0.5622736329,-0.9043136381,0,0.1796666667,0.08366666667,0.07275568661,8.22378653,0.09224115146,14.11265493,0.1675249899,104.2503977,0.2526838297,861.7436239,0.27700094,1534.202251,-0.7010311225,-0.7423474505,0.981,0.7523333333,0.3566666667,0.04566666667,1.156255754,0.37006867,0.62993133,1.786084612
iv_premium,iv_3,iv_premium,63,0.03,12m,1,30,3000,NDX_90_40,NDX LEAPS,NASDAQ100_1X,0.9,0.4,0.1801200602,-0.6165005382,-0.9381840593,0.001666666667,0.1283333333,0.079,0.07137526878,7.912060429,0.09148931396,13.82411573,0.1774982146,134.5565594,0.2733227633,1407.05623,0.3007526654,2666.846799,-0.7548548567,-0.799525078,0.999,0.903,0.5773333333,0.1083333333,1.31065554,0.4180432837,0.5819567163,1.893148729
iv_premium,iv_3,iv_premium,63,0.03,12m,1,30,3000,NDX_90_45,NDX LEAPS,NASDAQ100_1X,0.9,0.45,0.1882347783,-0.6688385241,-0.9643058814,0.002666666667,0.1176666667,0.08566666667,0.0674906443,7.095143289,0.08957062609,13.11331831,0.1856086254,165.3262206,0.2922549048,2190.776818,0.3233816988,4474.251532,-0.8057056592,-0.846718605,1,0.9713333333,0.7456666667,0.23,1.46438164,0.4654640585,0.5345359415,1.99949756
iv_premium,iv_3,iv_premium,63,0.03,12m,1,30,3000,NDX_90_50,NDX LEAPS,NASDAQ100_1X,0.9,0.5,0.1948635971,-0.7178236565,-0.982044289,0.007,0.1266666667,0.09533333333,0.06164969854,6.018303049,0.0861922241,11.94675569,0.1907885942,188.4273157,0.3107811749,3357.89246,0.3443067774,7163.543195,-0.8508154892,-0.8839271895,1,0.9943333333,0.8816666667,0.381,1.617276498,0.5123127716,0.4876872284,2.105346703
iv_premium,iv_3,iv_premium,63,0.03,12m,1,30,3000,NDX_95_20,NDX LEAPS,NASDAQ100_1X,0.95,0.2,0.1360498982,-0.4108445057,-0.74724198,0,0.7103333333,0.2146666667,0.06948835038,7.504499786,0.08261683499,10.82158772,0.1345816383,44.17210465,0.1905629029,187.3588743,0.2063011718,277.8331782,-0.5329251396,-0.5725748649,0.5586666667,0.1686666667,0.029,0,0.7267446335,0.2211983212,0.7788016788,1.50576505
iv_premium,iv_3,iv_premium,63,0.03,12m,1,30,3000,NDX_95_25,NDX LEAPS,NASDAQ100_1X,0.95,0.25,0.1503994368,-0.4695451,-0.8205847725,0,0.504,0.137,0.07088521097,7.804200643,0.08722942562,12.29378744,0.1486686192,63.96246164,0.2155060068,349.0031858,0.2351936337,565.1672641,-0.5977852709,-0.6389350983,0.7993333333,0.3713333333,0.09566666667,0.005666666667,0.896783872,0.2716998963,0.7283001037,1.625143914
iv_premium,iv_3,iv_premium,63,0.03,12m,1,30,3000,NDX_95_30,NDX LEAPS,NASDAQ100_1X,0.95,0.3,0.1630043112,-0.5287365178,-0.8774688762,0.0003333333333,0.2866666667,0.1053333333,0.07108845092,7.848758308,0.08959246623,13.12120879,0.1605157274,87.02007438,0.2401758753,637.714584,0.262866647,1098.660655,-0.6652016712,-0.7039933685,0.9483333333,0.6143333333,0.236,0.021,1.064128733,0.321107406,0.678892594,1.743277432
iv_premium,iv_3,iv_premium,63,0.03,12m,1,30,3000,NDX_95_35,NDX LEAPS,NASDAQ100_1X,0.95,0.35,0.1739315826,-0.587170278,-0.9204806014,0.001333333333,0.177,0.092,0.07056238109,7.733924641,0.09046007331,13.43831891,0.1706390589,112.9234224,0.2620735794,1078.148655,0.2892345542,2042.255487,-0.7238326037,-0.7657727155,0.9936666667,0.8323333333,0.4526666667,0.06633333333,1.229213367,0.3694774683,0.6305225317,1.859945541
iv_premium,iv_3,iv_premium,63,0.03,12m,1,30,3000,NDX_95_40,NDX LEAPS,NASDAQ100_1X,0.95,0.4,0.1832189456,-0.6438463205,-0.9502710896,0.002333333333,0.142,0.09433333333,0.06693251803,6.984698169,0.08859159504,12.7643831,0.1799539543,143.2353853,0.282928617,1762.881956,0.3131072107,3541.339273,-0.7791507596,-0.8207206697,1,0.9406666667,0.6656666667,0.1653333333,1.392624778,0.4170678146,0.5829321854,1.975569394
iv_premium,iv_3,iv_premium,63,0.03,12m,1,30,3000,NDX_95_45,NDX LEAPS,NASDAQ100_1X,0.95,0.45,0.1908783291,-0.6956918364,-0.9752678478,0.005666666667,0.1383333333,0.09733333333,0.06235808239,6.139962997,0.08528192365,11.65019844,0.1871478291,171.8885157,0.3018506162,2735.215098,0.3363522976,5995.169659,-0.8296409952,-0.8653169477,1,0.9866666667,0.8276666667,0.3003333333,1.555703075,0.4642011062,0.5357988938,2.09173451
iv_premium,iv_3,iv_premium,63,0.03,12m,1,30,3000,NDX_95_50,NDX LEAPS,NASDAQ100_1X,0.95,0.5,0.1968970479,-0.7434331826,-0.9883073705,0.01166666667,0.1516666667,0.1066666667,0.05645659905,5.195085296,0.08078635923,10.28588919,0.1923429946,195.9479698,0.3207548298,4215.340331,0.3569513404,9486.590688,-0.8719100383,-0.9028312454,1,0.999,0.925,0.471,1.717412558,0.5108060705,0.4891939295,2.207975819
iv_premium,iv_6,iv_premium,63,0.06,12m,1,30,3000,SP500_1X,index,SP500_1X,,,0.1119844398,-0.4157060392,-0.7767613858,0,0,0,0.06231028142,6.131652723,0.07245775549,8.155440994,0.1117870253,24.0276365,0.1514301177,68.74029416,0.1623048874,91.1362953,-0.546522691,-0.588483996,0.575,0.196,0.043,0.001333333333,,,,
iv_premium,iv_6,iv_premium,63,0.06,12m,1,30,3000,NASDAQ100_1X,index,NASDAQ100_1X,,,0.1500240492,-0.5631256841,-0.9282673494,0,0,0.108,0.06698958025,6.995905191,0.08513615101,11.60314627,0.1500135923,66.24793169,0.2179794206,370.9503173,0.2360234704,576.6730964,-0.7156025337,-0.7574168851,0.969,0.736,0.377,0.06,,,,
iv_premium,iv_6,iv_premium,63,0.06,12m,1,30,3000,SPX_80_25,SP500 LEAPS,SP500_1X,0.8,0.25,0.1110333591,-0.3566679196,-0.7228589768,0,0.5253333333,0.5253333333,0.06294207169,6.242006236,0.07341865964,8.377536686,0.1105653632,23.24802572,0.1495071895,65.3782979,0.160364007,86.67940046,-0.4681058758,-0.5090957474,0.2923333333,0.05866666667,0.006666666667,0,0.8411110341,0.2650105698,0.7349894302,1.575638643
iv_premium,iv_6,iv_premium,63,0.06,12m,1,30,3000,SPX_85_30,SP500 LEAPS,SP500_1X,0.85,0.3,0.120915613,-0.4186020785,-0.8093359244,0,0.313,0.313,0.0625534197,6.173895608,0.07439875269,8.610088263,0.1204833647,30.35498543,0.1695281425,109.7522663,0.1815202151,149.0507044,-0.5396249923,-0.5819841866,0.595,0.18,0.03833333333,0.001333333333,1.091989308,0.3151584786,0.6848415214,1.776474108
iv_premium,iv_6,iv_premium,63,0.06,12m,1,30,3000,SPX_85_35,SP500 LEAPS,SP500_1X,0.85,0.35,0.1284655049,-0.4636090083,-0.8627118467,0,0.1973333333,0.1973333333,0.06310709811,6.271148115,0.07557975525,8.898608325,0.1277480789,36.84973381,0.1835970746,157.1150371,0.1977864036,224.6408373,-0.5937901327,-0.6348544819,0.799,0.3446666667,0.092,0.003,1.266171782,0.3646885052,0.6353114948,1.90172169
iv_premium,iv_6,iv_premium,63,0.06,12m,1,30,3000,SPX_85_40,SP500 LEAPS,SP500_1X,0.85,0.4,0.1352246739,-0.5118540305,-0.9027883009,0.0003333333333,0.1483333333,0.1483333333,0.06164533721,6.017546793,0.07542624958,8.860600151,0.133831852,43.30462397,0.1974471395,222.7397122,0.214036405,336.5631879,-0.6471682514,-0.6903905317,0.9276666667,0.5433333333,0.1846666667,0.01666666667,1.439795762,0.4138844593,0.5861155407,2.026231081
iv_premium,iv_6,iv_premium,63,0.06,12m,1,30,3000,SPX_85_45,SP500 LEAPS,SP500_1X,0.85,0.45,0.1411893634,-0.5577018204,-0.932448328,0.001,0.1273333333,0.1273333333,0.05847084019,5.500493939,0.07425275578,8.575056119,0.1393359153,50.07619514,0.2094536675,300.4629023,0.2301577404,499.9745707,-0.6992522351,-0.7426497353,0.9783333333,0.738,0.3423333333,0.043,1.611971549,0.4624571716,0.5375428284,2.149616744
iv_premium,iv_6,iv_premium,63,0.06,12m,1,30,3000,SPX_85_50,SP500 LEAPS,SP500_1X,0.85,0.5,0.1463483155,-0.6056154801,-0.9540436653,0.001666666667,0.1263333333,0.1263333333,0.05464225667,4.9338585,0.07220434683,8.097825454,0.1440316388,56.65275819,0.2217123611,406.6194142,0.2448428356,713.7826213,-0.7493571189,-0.7888839526,0.9966666667,0.8723333333,0.5173333333,0.09933333333,1.78421709,0.5107137331,0.4892862669,2.273035626
iv_premium,iv_6,iv_premium,63,0.06,12m,1,30,3000,SPX_90_30,SP500 LEAPS,SP500_1X,0.9,0.3,0.1210403414,-0.4431239131,-0.8446207786,0,0.324,0.324,0.05868674452,5.534242579,0.07083690124,7.79364536,0.1203897192,30.27899041,0.1736557556,121.9880471,0.1871662425,171.9683534,-0.5685338515,-0.6113153193,0.7116666667,0.2713333333,0.062,0.002,1.183460465,0.3145070581,0.6854929419,1.868868382
iv_premium,iv_6,iv_premium,63,0.06,12m,1,30,3000,SPX_90_35,SP500 LEAPS,SP500_1X,0.9,0.35,0.128158414,-0.4934550428,-0.8922868702,0.0003333333333,0.233,0.233,0.05740086493,5.336088523,0.0707398421,7.772478482,0.1272373964,36.35238023,0.1876516165,174.0902124,0.2038229945,261.2097187,-0.6256857494,-0.669915783,0.89,0.4703333333,0.1446666667,0.01066666667,1.371971731,0.3637150221,0.6362849779,2.008635238
iv_premium,iv_6,iv_premium,63,0.06,12m,1,30,3000,SPX_90_40,SP500 LEAPS,SP500_1X,0.9,0.4,0.1343718196,-0.5435178901,-0.9267128609,0.001,0.1886666667,0.1886666667,0.05478650806,4.954144789,0.06959205899,7.526361973,0.1324396952,41.737508,0.2017838953,248.256527,0.2211161635,400.7093453,-0.6831966743,-0.7284204215,0.9676666667,0.6783333333,0.2916666667,0.03033333333,1.559555434,0.4125099915,0.5874900085,2.147439137
iv_premium,iv_6,iv_premium,63,0.06,12m,1,30,3000,SPX_90_45,SP500 LEAPS,SP500_1X,0.9,0.45,0.1396775201,-0.5924630706,-0.9511784066,0.002333333333,0.181,0.181,0.0509608641,4.442486042,0.06707000621,7.011742778,0.1374751238,47.67973218,0.2135446792,332.4973716,0.2367473549,586.8897902,-0.7376565743,-0.7789437219,0.9946666667,0.8396666667,0.4736666667,0.08033333333,1.746184078,0.4608915881,0.5391084119,2.285660417
iv_premium,iv_6,iv_premium,63,0.06,12m,1,30,3000,SPX_90_50,SP500 LEAPS,SP500_1X,0.9,0.5,0.1440631519,-0.6427959591,-0.9682473927,0.005666666667,0.1873333333,0.1873333333,0.04557768039,3.808165546,0.06402455422,6.435563224,0.1412272971,52.63121008,0.2258144362,449.6380466,0.2516871327,841.4096517,-0.7861949837,-0.8255776031,0.9993333333,0.94,0.6466666667,0.168,1.931964489,0.5089989662,0.4910010338,2.423172001
iv_premium,iv_6,iv_premium,63,0.06,12m,1,30,3000,SPX_95_30,SP500 LEAPS,SP500_1X,0.95,0.3,0.1196282076,-0.4695539204,-0.8750730876,0.0003333333333,0.3666666667,0.3666666667,0.05334323418,4.75475809,0.06565735138,6.738533133,0.1187461582,28.97435018,0.17574329,128.668651,0.1911394885,190.1004236,-0.6015778555,-0.6477216017,0.814,0.3733333333,0.104,0.004666666667,1.276290049,0.3132538807,0.6867461193,1.963338276
iv_premium,iv_6,iv_premium,63,0.06,12m,1,30,3000,SPX_95_35,SP500 LEAPS,SP500_1X,0.95,0.35,0.1260221524,-0.5233952202,-0.916792457,0.002,0.287,0.287,0.05029346307,4.358622832,0.06438674705,6.50160918,0.1245816766,33.868807,0.1905589968,187.340356,0.20839328,292.658824,-0.6628440434,-0.7064265046,0.9413333333,0.6,0.233,0.02266666667,1.479707003,0.3622240364,0.6377759636,2.117173813
iv_premium,iv_6,iv_premium,63,0.06,12m,1,30,3000,SPX_95_40,SP500 LEAPS,SP500_1X,0.95,0.4,0.1313912365,-0.5757036359,-0.9457121477,0.004333333333,0.259,0.259,0.04610596452,3.866319234,0.06180366201,6.044525865,0.1290368411,38.13428939,0.2036218253,259.9033267,0.2257530796,448.963571,-0.720844269,-0.7651380515,0.9876666667,0.7896666667,0.411,0.06433333333,1.68149434,0.4106240641,0.5893759359,2.270156094
iv_premium,iv_6,iv_premium,63,0.06,12m,1,30,3000,SPX_95_45,SP500 LEAPS,SP500_1X,0.95,0.45,0.1357335067,-0.6283051319,-0.9654033904,0.006666666667,0.2533333333,0.2533333333,0.0412516468,3.362772758,0.05814557884,5.450007717,0.1327629359,42.09641554,0.2152996182,347.2300469,0.2417676242,662.7332375,-0.7759402695,-0.8141888078,0.9986666667,0.916,0.6036666667,0.1446666667,1.882456739,0.4587056398,0.5412943602,2.423617174
iv_premium,iv_6,iv_premium,63,0.06,12m,1,30,3000,SPX_95_50,SP500 LEAPS,SP500_1X,0.95,0.5,0.1390355669,-0.6779450442,-0.9785368058,0.01166666667,0.258,0.258,0.03434396268,2.754037453,0.05280867257,4.68289365,0.135371827,45.10439775,0.2271058814,464.0692612,0.2556699593,925.5556732,-0.8236717914,-0.8592896289,1,0.9753333333,0.7663333333,0.2596666667,2.082571669,0.5066062154,0.4933937846,2.576688125
iv_premium,iv_6,iv_premium,63,0.06,12m,1,30,3000,NDX_80_20,NDX LEAPS,NASDAQ100_1X,0.8,0.2,0.118209767,-0.3581770912,-0.7029190329,0,0.838,0.4173333333,0.06424810939,6.476250849,0.07590039714,8.978536117,0.1175880465,28.08785315,0.1597399877,85.29191218,0.1730207609,120.0233871,-0.4743031883,-0.5142392228,0.3033333333,0.06566666667,0.008333333333,0,0.566824967,0.217526319,0.782473681,1.349291051
iv_premium,iv_6,iv_premium,63,0.06,12m,1,30,3000,NDX_80_25,NDX LEAPS,NASDAQ100_1X,0.8,0.25,0.1300404363,-0.4019539568,-0.7551107265,0,0.7853333333,0.261,0.06766605704,7.130205246,0.08079662313,10.28882008,0.1287634382,37.85820533,0.1798949874,143.020766,0.1943486304,206.0815567,-0.5242747712,-0.5646047711,0.511,0.1536666667,0.026,0.0003333333333,0.7017896186,0.2685595399,0.7314404601,1.433373524
iv_premium,iv_6,iv_premium,63,0.06,12m,1,30,3000,NDX_80_30,NDX LEAPS,NASDAQ100_1X,0.8,0.3,0.1407308596,-0.4522518985,-0.8093180407,0,0.675,0.1766666667,0.06886047398,7.373439681,0.08365484143,11.1372283,0.1392424386,49.95306557,0.1988863846,230.9132018,0.216292223,355.8402398,-0.5822742957,-0.6250196994,0.739,0.3166666667,0.07733333333,0.004,0.8350167236,0.3186285263,0.6813714737,1.516481436
iv_premium,iv_6,iv_premium,63,0.06,12m,1,30,3000,NDX_80_35,NDX LEAPS,NASDAQ100_1X,0.8,0.35,0.1503096863,-0.5043382514,-0.8628918729,0,0.506,0.134,0.06844156661,7.287233382,0.08479918512,11.49553354,0.1485405485,63.74884993,0.2169865434,361.9845534,0.2362552052,579.9293821,-0.6428433539,-0.6839977398,0.9013333333,0.518,0.1813333333,0.01533333333,0.9669693715,0.3678967538,0.6321032462,1.599198887
iv_premium,iv_6,iv_premium,63,0.06,12m,1,30,3000,NDX_80_40,NDX LEAPS,NASDAQ100_1X,0.8,0.4,0.1587914688,-0.5566797783,-0.9043102241,0.0006666666667,0.321,0.1173333333,0.06742286499,7.081640405,0.0855698633,11.7430841,0.15671158,78.85678329,0.2341637478,551.1997381,0.2562229049,937.8577024,-0.6980047555,-0.745931769,0.9723333333,0.721,0.3373333333,0.04533333333,1.097651177,0.4164901491,0.5835098509,1.68103139
iv_premium,iv_6,iv_premium,63,0.06,12m,1,30,3000,NDX_80_45,NDX LEAPS,NASDAQ100_1X,0.8,0.45,0.1661776933,-0.6076848311,-0.9349265229,0.001666666667,0.221,0.1116666667,0.06520496642,6.65324165,0.08497199812,11.55060595,0.1638669839,94.88351371,0.2510884583,829.4184886,0.2759233884,1495.833469,-0.7504846089,-0.7949457714,0.9956666667,0.8696666667,0.533,0.1013333333,1.227575436,0.4646386697,0.5353613303,1.763134195
iv_premium,iv_6,iv_premium,63,0.06,12m,1,30,3000,NDX_80_50,NDX LEAPS,NASDAQ100_1X,0.8,0.5,0.1724568668,-0.6548970785,-0.9575152333,0.003,0.1846666667,0.1123333333,0.06121833233,5.945353081,0.08264984083,10.83149033,0.1697894985,110.4904704,0.2669341127,1209.933779,0.2943598732,2300.406676,-0.7973540158,-0.8409806198,0.9996666667,0.9486666667,0.698,0.203,1.35775603,0.5122095322,0.4877904678,1.845053091
iv_premium,iv_6,iv_premium,63,0.06,12m,1,30,3000,NDX_85_20,NDX LEAPS,NASDAQ100_1X,0.85,0.2,0.1203889184,-0.3718149063,-0.7166270331,0,0.8323333333,0.3873333333,0.06376765396,6.389112688,0.07581584843,8.957393995,0.1195355325,29.59400155,0.1650023772,97.70013016,0.1786036322,138.3984161,-0.4896075565,-0.5297273211,0.3663333333,0.08533333333,0.01166666667,0,0.6024975997,0.2177929738,0.7822070262,1.384664397
iv_premium,iv_6,iv_premium,63,0.06,12m,1,30,3000,NDX_85_25,NDX LEAPS,NASDAQ100_1X,0.85,0.25,0.1323661577,-0.4195974201,-0.7712300448,0,0.7666666667,0.24,0.06667811055,6.934895409,0.07999265291,10.06166369,0.1309465017,40.11760564,0.1859368869,166.7050322,0.2015680375,246.9223529,-0.5451615293,-0.5886555678,0.6013333333,0.2003333333,0.04,0.001666666667,0.7452987951,0.2684939252,0.7315060748,1.476955858
iv_premium,iv_6,iv_premium,63,0.06,12m,1,30,3000,NDX_85_30,NDX LEAPS,NASDAQ100_1X,0.85,0.3,0.143074554,-0.4730334619,-0.8336423528,0,0.639,0.1743333333,0.06660344901,6.920349077,0.08207567082,10.66045826,0.1414301226,52.9125302,0.2057646813,274.1498694,0.2237607975,427.5790829,-0.6068705051,-0.6482382217,0.8186666667,0.391,0.1106666667,0.006,0.8862342511,0.31834742,0.68165258,1.568168344
iv_premium,iv_6,iv_premium,63,0.06,12m,1,30,3000,NDX_85_35,NDX LEAPS,NASDAQ100_1X,0.85,0.35,0.1525497794,-0.5264746302,-0.8841414446,0,0.4586666667,0.1383333333,0.06583624466,6.772553607,0.08302599163,10.94495346,0.1502759042,66.70277559,0.2241085196,431.2389779,0.245068852,717.6812316,-0.6689236547,-0.7099281615,0.94,0.6156666667,0.2413333333,0.02533333333,1.026178318,0.3674422087,0.6325577913,1.658696955
iv_premium,iv_6,iv_premium,63,0.06,12m,1,30,3000,NDX_85_40,NDX LEAPS,NASDAQ100_1X,0.85,0.4,0.1608105311,-0.5800801115,-0.9216682407,0.001666666667,0.3113333333,0.1273333333,0.06451950743,6.525983203,0.0833007468,11.02856287,0.1582878968,82.1454806,0.2418208854,663.5865286,0.2658952927,1180.521301,-0.7225030359,-0.7699484449,0.9876666667,0.8033333333,0.427,0.06866666667,1.164547646,0.4158218569,0.5841781431,1.74899269
iv_premium,iv_6,iv_premium,63,0.06,12m,1,30,3000,NDX_85_45,NDX LEAPS,NASDAQ100_1X,0.85,0.45,0.1678599807,-0.6331863093,-0.9485390988,0.002666666667,0.2363333333,0.1226666667,0.06091650573,5.894830895,0.0814486305,10.47667468,0.1656017185,99.21942435,0.2591432225,1005.520587,0.2852099648,1859.395399,-0.7743678737,-0.8200760367,0.9986666667,0.918,0.628,0.1486666667,1.302138279,0.4636998363,0.5363001637,1.838791842
iv_premium,iv_6,iv_premium,63,0.06,12m,1,30,3000,NDX_85_50,NDX LEAPS,NASDAQ100_1X,0.85,0.5,0.17368602,-0.6812103704,-0.9712550181,0.006666666667,0.214,0.1256666667,0.0566336027,5.221140629,0.0780133881,9.522904689,0.1706176195,112.8613823,0.2744584848,1445.156903,0.3041950121,2886.917106,-0.8218133316,-0.8592094674,1,0.974,0.7776666667,0.264,1.43981737,0.5111116091,0.4888883909,1.928495189
iv_premium,iv_6,iv_premium,63,0.06,12m,1,30,3000,NDX_90_20,NDX LEAPS,NASDAQ100_1X,0.9,0.2,0.1221800116,-0.3862589434,-0.729573223,0,0.8286666667,0.3643333333,0.06265970838,6.192452259,0.07498191291,8.751403744,0.1211540005,30.90481403,0.1694291826,109.4739891,0.1837689062,157.800663,-0.5066726688,-0.5492292616,0.4346666667,0.11,0.01733333333,0,0.6384890884,0.2178470715,0.7821529285,1.420541253
iv_premium,iv_6,iv_premium,63,0.06,12m,1,30,3000,NDX_90_25,NDX LEAPS,NASDAQ100_1X,0.9,0.25,0.134174378,-0.43833659,-0.7961233602,0,0.7573333333,0.2353333333,0.06496239013,6.607937156,0.07866827812,9.698001186,0.1326977952,42.02383985,0.1913287129,191.0085879,0.2075764157,286.7827344,-0.5658640297,-0.6087270897,0.6823333333,0.2646666667,0.05833333333,0.003333333333,0.7892990112,0.2683351269,0.7316648731,1.521113306
iv_premium,iv_6,iv_premium,63,0.06,12m,1,30,3000,NDX_90_30,NDX LEAPS,NASDAQ100_1X,0.9,0.3,0.1447645616,-0.4943043961,-0.8557380246,0.0003333333333,0.6096666667,0.1723333333,0.06389217053,6.411582211,0.08047360915,10.19696909,0.1428909416,54.9823276,0.2109800109,312.0491787,0.2305775317,505.1185378,-0.6318181869,-0.6713219856,0.8763333333,0.4766666667,0.1533333333,0.012,0.9380365285,0.3179666884,0.6820333116,1.620350223
iv_premium,iv_6,iv_premium,63,0.06,12m,1,30,3000,NDX_90_35,NDX LEAPS,NASDAQ100_1X,0.9,0.35,0.153994562,-0.5508647911,-0.9025470492,0.001333333333,0.4313333333,0.147,0.06230200859,6.130219402,0.08079083971,10.2871684,0.1514486838,68.77355439,0.2303308839,502.0901536,0.2526601611,861.2567019,-0.6915493973,-0.7318459129,0.9673333333,0.7053333333,0.322,0.039,1.085755935,0.3667387689,0.6332612311,1.718885207
iv_premium,iv_6,iv_premium,63,0.06,12m,1,30,3000,NDX_90_40,NDX LEAPS,NASDAQ100_1X,0.9,0.4,0.161888087,-0.6047150406,-0.9361913826,0.002333333333,0.3163333333,0.14,0.06002901854,5.748692079,0.07940316452,9.898195742,0.1591835746,84.07261551,0.2490516794,789.8498334,0.2739537389,1428.086441,-0.7472087881,-0.791616098,0.9956666667,0.8663333333,0.5206666667,0.096,1.23154069,0.4148527499,0.5851472501,1.816954978
iv_premium,iv_6,iv_premium,63,0.06,12m,1,30,3000,NDX_90_45,NDX LEAPS,NASDAQ100_1X,0.9,0.45,0.1684505465,-0.6584522124,-0.9624341805,0.006333333333,0.2676666667,0.1373333333,0.05580872135,5.100229971,0.07708736439,9.280548707,0.1662294481,100.8350884,0.26515341,1159.940136,0.2932101801,2239.888468,-0.7987002082,-0.8398162325,0.9996666667,0.949,0.706,0.2046666667,1.377020927,0.4624580289,0.5375419711,1.91528712
iv_premium,iv_6,iv_premium,63,0.06,12m,1,30,3000,NDX_90_50,NDX LEAPS,NASDAQ100_1X,0.9,0.5,0.1736695263,-0.7062503862,-0.9807511961,0.01166666667,0.2523333333,0.144,0.04940803385,4.249727412,0.07268749117,8.208017107,0.1700548621,111.2450331,0.2811040889,1689.195455,0.3121341649,3463.450004,-0.8451353436,-0.879622099,1,0.9863333333,0.853,0.342,1.522215865,0.5095971401,0.4904028599,2.012620691
iv_premium,iv_6,iv_premium,63,0.06,12m,1,30,3000,NDX_95_20,NDX LEAPS,NASDAQ100_1X,0.95,0.2,0.1235457527,-0.401328897,-0.7439379544,0.0003333333333,0.8253333333,0.3503333333,0.06128109307,5.955910726,0.07394750823,8.502253637,0.1224116536,31.96197972,0.1739577012,122.9331789,0.1887936196,179.1830113,-0.5235497621,-0.5651178355,0.509,0.1456666667,0.026,0,0.6743969905,0.2177318974,0.7822681026,1.456559328
iv_premium,iv_6,iv_premium,63,0.06,12m,1,30,3000,NDX_95_25,NDX LEAPS,NASDAQ100_1X,0.95,0.25,0.1354206723,-0.4576794363,-0.8186637437,0.0003333333333,0.7396666667,0.234,0.06251434962,6.167091202,0.07687150446,9.224878344,0.1337767186,43.24149416,0.1957426454,213.4214596,0.2132869809,330.385619,-0.5879525518,-0.6308271262,0.7483333333,0.325,0.085,0.004,0.8332179524,0.2679970641,0.7320029359,1.565209894
iv_premium,iv_6,iv_premium,63,0.06,12m,1,30,3000,NDX_95_30,NDX LEAPS,NASDAQ100_1X,0.95,0.3,0.1457507667,-0.5146236436,-0.8753785705,0.001333333333,0.5893333333,0.1813333333,0.06019189432,5.775228007,0.07766670204,9.43144849,0.1434693204,55.82327197,0.216750094,359.8804802,0.2369579465,589.8966747,-0.6551579032,-0.6937551781,0.9216666667,0.5613333333,0.2063333333,0.019,0.9897394299,0.3172827823,0.6827172177,1.672614717
iv_premium,iv_6,iv_premium,63,0.06,12m,1,30,3000,NDX_95_35,NDX LEAPS,NASDAQ100_1X,0.95,0.35,0.1545896919,-0.5741784582,-0.9183233356,0.002333333333,0.429,0.1613333333,0.05838270352,5.486758317,0.07732642921,9.342514553,0.1515915206,69.02996788,0.2355970796,570.7318807,0.2599238249,1024.392437,-0.7168156063,-0.7576504092,0.984,0.7783333333,0.4036666667,0.05733333333,1.14485519,0.3657422508,0.6342577492,1.779350353
iv_premium,iv_6,iv_premium,63,0.06,12m,1,30,3000,NDX_95_40,NDX LEAPS,NASDAQ100_1X,0.95,0.4,0.1619670373,-0.6300820753,-0.9482795655,0.005,0.335,0.1553333333,0.05470492045,4.942668852,0.07492320361,8.737075545,0.1589203105,83.50163397,0.2541630671,892.801443,0.2810299417,1686.27349,-0.7710504266,-0.8122297313,0.9993333333,0.9156666667,0.6096666667,0.1426666667,1.298515812,0.4135897457,0.5864102543,1.884559719
iv_premium,iv_6,iv_premium,63,0.06,12m,1,30,3000,NDX_95_45,NDX LEAPS,NASDAQ100_1X,0.95,0.45,0.1678910103,-0.6836711339,-0.9734957965,0.01066666667,0.3006666667,0.1566666667,0.04932105004,4.23918021,0.07133735955,7.903762177,0.1650964429,97.93707625,0.2702195825,1307.694649,0.3012337357,2696.596635,-0.8226440877,-0.8602548953,1,0.9753333333,0.7783333333,0.276,1.45137988,0.4609056567,0.5390943433,1.990970024
iv_premium,iv_6,iv_premium,63,0.06,12m,1,30,3000,NDX_95_50,NDX LEAPS,NASDAQ100_1X,0.95,0.5,0.1723492174,-0.7314665554,-0.9871760603,0.01533333333,0.3013333333,0.1686666667,0.042402804,3.476096726,0.0653154156,6.674000188,0.1686126233,107.2039143,0.2857812996,1884.355676,0.3187597502,4028.42266,-0.8663333911,-0.8971511353,1,0.9956666667,0.895,0.4276666667,1.60435279,0.5078543262,0.4921456738,2.097000669
block_21,baseline,block,21,0.03,12m,1,30,3000,SP500_1X,index,SP500_1X,,,0.1124904196,-0.4048254067,-0.8222385609,0.0003333333333,0,0,0.05939297142,5.646078905,0.06949611454,7.506133398,0.1128498394,24.72638313,0.1559907403,77.39573196,0.1674494432,104.0481874,-0.5400270292,-0.5825976664,0.5236666667,0.1843333333,0.03666666667,0.001666666667,,,,
block_21,baseline,block,21,0.03,12m,1,30,3000,NASDAQ100_1X,index,NASDAQ100_1X,,,0.1494503623,-0.5356575987,-0.9152409162,0.001333333333,0,0.1016666667,0.0675697651,7.110941954,0.08536531766,11.67689119,0.1486701899,63.96507607,0.2140022239,336.279108,0.2317940788,520.3161906,-0.6893778052,-0.7347217527,0.932,0.6373333333,0.277,0.03633333333,,,,
block_21,baseline,block,21,0.03,12m,1,30,3000,SPX_80_25,SP500 LEAPS,SP500_1X,0.8,0.25,0.1188393207,-0.3641961062,-0.6869807328,0,0.3676666667,0.3676666667,0.06330728422,6.306672228,0.07687309556,9.225286023,0.1188537635,29.05807351,0.1615715833,89.42694826,0.1750097312,126.2816564,-0.4833435129,-0.519087448,0.3223333333,0.07166666667,0.009666666667,0,0.8837789643,0.2664920538,0.7335079462,1.616505834
block_21,baseline,block,21,0.03,12m,1,30,3000,SPX_85_30,SP500 LEAPS,SP500_1X,0.85,0.3,0.1325903823,-0.435145258,-0.7797789091,0.0003333333333,0.14,0.14,0.06434681148,6.494297712,0.07945610263,9.912772292,0.1327476199,42.07933615,0.1874528448,173.2181174,0.204589782,266.2479201,-0.5668871324,-0.6110533078,0.6866666667,0.2493333333,0.059,0.001333333333,1.159271921,0.3170679565,0.6829320435,1.841493214
block_21,baseline,block,21,0.03,12m,1,30,3000,SPX_85_35,SP500 LEAPS,SP500_1X,0.85,0.35,0.1414124209,-0.4857337577,-0.8277492504,0.0006666666667,0.08533333333,0.08533333333,0.06412683596,6.454158985,0.08073904111,10.27239304,0.141036029,52.36718038,0.2037980276,261.0472722,0.224175137,431.9444476,-0.6258895682,-0.670706982,0.8756666667,0.4386666667,0.1416666667,0.012,1.343834065,0.366404475,0.633595525,1.976349019
block_21,baseline,block,21,0.03,12m,1,30,3000,SPX_85_40,SP500 LEAPS,SP500_1X,0.85,0.4,0.1492747832,-0.5369621667,-0.8706036637,0.002,0.06866666667,0.06866666667,0.06326452328,6.299066681,0.0804889247,10.2013024,0.1485266507,63.72574103,0.2193896559,384.0549543,0.2418651548,664.2974395,-0.6812400658,-0.7292585674,0.9626666667,0.6593333333,0.273,0.03166666667,1.526420957,0.4151335989,0.5848664011,2.110540566
block_21,baseline,block,21,0.03,12m,1,30,3000,SPX_85_45,SP500 LEAPS,SP500_1X,0.85,0.45,0.1561751707,-0.5852940784,-0.9194601654,0.003,0.06533333333,0.06533333333,0.06131289807,5.961268791,0.07961692325,9.957174067,0.1550832452,75.59348127,0.2340478348,549.6492859,0.2604855544,1038.182765,-0.732361768,-0.7796007552,0.9926666667,0.8366666667,0.4433333333,0.07933333333,1.708491048,0.4633620065,0.5366379935,2.244623945
block_21,baseline,block,21,0.03,12m,1,30,3000,SPX_85_50,SP500 LEAPS,SP500_1X,0.85,0.5,0.1621009968,-0.6317033198,-0.9537609602,0.005333333333,0.07166666667,0.07166666667,0.05667586398,5.227414819,0.07764550354,9.425891468,0.1607243076,87.49053283,0.2491371598,791.4736382,0.2781588492,1576.488625,-0.7820795529,-0.8264762599,0.998,0.9403333333,0.6293333333,0.157,1.890302997,0.5112944909,0.4887055091,2.379116903
block_21,baseline,block,21,0.03,12m,1,30,3000,SPX_90_30,SP500 LEAPS,SP500_1X,0.9,0.3,0.1357629611,-0.4652935869,-0.809612421,0.001,0.1326666667,0.1326666667,0.06205820206,6.08815773,0.07753332037,9.396491441,0.1353755317,45.10881752,0.195881106,214.1640108,0.2155528712,349.4070546,-0.6015421294,-0.6450853952,0.8113333333,0.3566666667,0.101,0.006,1.269705655,0.3168625385,0.6831374615,1.952241904
block_21,baseline,block,21,0.03,12m,1,30,3000,SPX_90_35,SP500 LEAPS,SP500_1X,0.9,0.35,0.1444387222,-0.5196220927,-0.8554464548,0.002,0.098,0.098,0.06024868771,5.784516905,0.07759970244,9.413872636,0.1435110767,55.88445324,0.2126043145,324.8537598,0.2357744319,573.1945118,-0.6607270244,-0.7094897985,0.9443333333,0.5916666667,0.2243333333,0.022,1.471194618,0.3657785728,0.6342214272,2.10419795
block_21,baseline,block,21,0.03,12m,1,30,3000,SPX_90_40,SP500 LEAPS,SP500_1X,0.9,0.4,0.1519882296,-0.5728739764,-0.9088601579,0.003333333333,0.087,0.087,0.05774043665,5.387755702,0.07713957136,9.294020801,0.1509092467,67.8136284,0.2287731348,483.3641732,0.2541425984,892.3648396,-0.7192373573,-0.7685464176,0.99,0.7943333333,0.3943333333,0.066,1.671025917,0.4141210352,0.5858789648,2.255498903
block_21,baseline,block,21,0.03,12m,1,30,3000,SPX_90_45,SP500 LEAPS,SP500_1X,0.9,0.45,0.1584105005,-0.6242371345,-0.9501828125,0.005333333333,0.09533333333,0.09533333333,0.05424295395,4.878122471,0.07456180747,8.649376336,0.1570068686,79.46297505,0.2447843535,712.7773207,0.2732974409,1406.175865,-0.7724143139,-0.8178951882,0.998,0.926,0.5886666667,0.1383333333,1.869044244,0.4620643606,0.5379356394,2.405967477
block_21,baseline,block,21,0.03,12m,1,30,3000,SPX_90_50,SP500 LEAPS,SP500_1X,0.9,0.5,0.1636912691,-0.6728325761,-0.9736345319,0.009666666667,0.1063333333,0.1063333333,0.04873977559,4.169275447,0.07158619666,7.958925296,0.1617235795,89.77871223,0.2594810032,1013.64521,0.2916602642,2160.735147,-0.8183430026,-0.8609564683,0.9993333333,0.9786666667,0.7706666667,0.253,2.066858756,0.5096170252,0.4903829748,2.557387195
block_21,baseline,block,21,0.03,12m,1,30,3000,SPX_95_30,SP500 LEAPS,SP500_1X,0.95,0.3,0.1375984343,-0.497467887,-0.835234755,0.002,0.1473333333,0.1473333333,0.05730795692,5.322043151,0.07425394489,8.575339702,0.1368005646,46.83868058,0.2036257773,259.9291476,0.2260771715,452.5383253,-0.6362299553,-0.6842866346,0.8993333333,0.492,0.1646666667,0.01566666667,1.382838444,0.3160741697,0.6839258303,2.067419924
block_21,baseline,block,21,0.03,12m,1,30,3000,SPX_95_35,SP500 LEAPS,SP500_1X,0.95,0.35,0.1458241213,-0.5550531029,-0.889861161,0.003666666667,0.1263333333,0.1263333333,0.05450907517,4.915200113,0.07311240984,8.306132111,0.1444540505,57.28370821,0.2213893501,403.4066335,0.2454760692,724.7568055,-0.7002348169,-0.7479224947,0.9803333333,0.7323333333,0.3333333333,0.04733333333,1.601458348,0.3646278422,0.6353721578,2.236130812
block_21,baseline,block,21,0.03,12m,1,30,3000,SPX_95_40,SP500 LEAPS,SP500_1X,0.95,0.4,0.1527428676,-0.6108985707,-0.942206028,0.005666666667,0.1226666667,0.1226666667,0.04968286448,4.283236512,0.07070730136,7.7653968,0.1511788304,68.29163988,0.2386012685,613.8653312,0.2658597142,1179.526528,-0.7602919768,-0.8036683963,0.998,0.897,0.5383333333,0.1143333333,1.818639768,0.4126744075,0.5873255925,2.404687271
block_21,baseline,block,21,0.03,12m,1,30,3000,SPX_95_45,SP500 LEAPS,SP500_1X,0.95,0.45,0.1583559325,-0.6632540298,-0.9710143351,0.01,0.134,0.134,0.04513648573,3.760248505,0.06704378051,7.006585357,0.1561059752,77.62767048,0.2537387879,883.784398,0.2853189412,1864.131456,-0.8108070035,-0.850478113,0.9996666667,0.9713333333,0.7386666667,0.222,2.034102786,0.4600013325,0.5399986675,2.572542102
block_21,baseline,block,21,0.03,12m,1,30,3000,SPX_95_50,SP500 LEAPS,SP500_1X,0.95,0.5,0.1626477107,-0.7120103281,-0.9860644209,0.015,0.1573333333,0.1573333333,0.03788499146,3.051400725,0.0620725539,6.09061828,0.1602560147,86.43770418,0.2679968356,1240.755922,0.3032179377,2822.727958,-0.8549376026,-0.889194248,1,0.9956666667,0.881,0.364,2.24906407,0.5071828342,0.4928171658,2.74048766
block_21,baseline,block,21,0.03,12m,1,30,3000,NDX_80_20,NDX LEAPS,NASDAQ100_1X,0.8,0.2,0.1209836075,-0.3553869284,-0.7388391513,0,0.8346666667,0.3806666667,0.06546028481,6.701248454,0.07565870947,8.918222495,0.1207508658,30.57316396,0.164859268,97.34080687,0.178792003,139.0635984,-0.4669013795,-0.508803978,0.2796666667,0.05866666667,0.007333333333,0,0.5884308175,0.2186263431,0.7813736569,1.36915476
block_21,baseline,block,21,0.03,12m,1,30,3000,NDX_80_25,NDX LEAPS,NASDAQ100_1X,0.8,0.25,0.1333106243,-0.404822818,-0.7987488918,0.0003333333333,0.755,0.2266666667,0.06859098118,7.317871078,0.0807889441,10.28663192,0.1331831116,42.56740669,0.1854007164,164.458645,0.2022065997,250.8896614,-0.5274060918,-0.5698332633,0.5253333333,0.1456666667,0.02833333333,0.0006666666667,0.728246154,0.2696019881,0.7303980119,1.457966238
block_21,baseline,block,21,0.03,12m,1,30,3000,NDX_80_30,NDX LEAPS,NASDAQ100_1X,0.8,0.3,0.1444304298,-0.4568501619,-0.8547630265,0.0006666666667,0.607,0.141,0.07009615124,7.63351409,0.08380753584,11.18440382,0.1437565771,56.24552716,0.2049871925,268.8957123,0.2231121246,420.8311575,-0.5891803594,-0.6345492845,0.7656666667,0.3236666667,0.08533333333,0.003333333333,0.8658482249,0.3194724073,0.6805275927,1.545908486
block_21,baseline,block,21,0.03,12m,1,30,3000,NDX_80_35,NDX LEAPS,NASDAQ100_1X,0.8,0.35,0.1543750946,-0.5104021723,-0.897169595,0.001,0.3913333333,0.108,0.07069140855,7.761937857,0.08595261085,11.8679371,0.1534218058,72.39850583,0.2235905373,425.7976478,0.2432750436,687.2993622,-0.6526278335,-0.6988863296,0.9233333333,0.5493333333,0.1963333333,0.015,1.002377407,0.3685922394,0.6314077606,1.63307292
block_21,baseline,block,21,0.03,12m,1,30,3000,NDX_80_40,NDX LEAPS,NASDAQ100_1X,0.8,0.4,0.1631616329,-0.5635593537,-0.928680846,0.002,0.235,0.09433333333,0.06939590223,7.485061846,0.08634827382,11.99836069,0.1622816539,91.08166267,0.2413355814,655.8501973,0.2638355337,1124.232302,-0.7103906753,-0.7545252462,0.9856666667,0.7473333333,0.3603333333,0.05566666667,1.137897245,0.4171598986,0.5828401014,1.720293304
block_21,baseline,block,21,0.03,12m,1,30,3000,NDX_80_45,NDX LEAPS,NASDAQ100_1X,0.8,0.45,0.1707931217,-0.6139202281,-0.9516527032,0.003333333333,0.172,0.091,0.06538350157,6.686778344,0.08557483839,11.74469903,0.1690061882,108.2925614,0.2588042146,997.4330877,0.282178784,1732.229259,-0.7633005641,-0.8056560345,0.998,0.895,0.5546666667,0.1186666667,1.272838646,0.4650358382,0.5349641618,1.807448062
block_21,baseline,block,21,0.03,12m,1,30,3000,NDX_80_50,NDX LEAPS,NASDAQ100_1X,0.8,0.5,0.1772588113,-0.6622351014,-0.9730222761,0.006,0.1543333333,0.09366666667,0.05959811813,5.678972556,0.08379870629,11.18169036,0.1754141139,127.5921715,0.2756034091,1484.618744,0.2996298318,2598.639097,-0.8090991931,-0.8504889585,1,0.9673333333,0.731,0.217,1.407252932,0.5125268831,0.4874731169,1.894782417
block_21,baseline,block,21,0.03,12m,1,30,3000,NDX_85_20,NDX LEAPS,NASDAQ100_1X,0.85,0.2,0.1239293211,-0.3716776245,-0.7561284185,0.0003333333333,0.8186666667,0.341,0.0647158004,6.562183933,0.07596847405,8.995595846,0.123923825,33.27942437,0.1705244845,112.5923197,0.185393916,164.4303323,-0.4861769611,-0.5274376713,0.3526666667,0.08033333333,0.013,0.0003333333333,0.6283229148,0.2191154487,0.7808845513,1.408585537
block_21,baseline,block,21,0.03,12m,1,30,3000,NDX_85_25,NDX LEAPS,NASDAQ100_1X,0.85,0.25,0.1365218329,-0.4242860288,-0.8174678661,0.0003333333333,0.7196666667,0.2043333333,0.067853412,7.167843376,0.08089922617,10.31816702,0.1361331855,46.02070216,0.1920754575,194.6338204,0.2096377838,301.8377191,-0.5501845556,-0.5949632096,0.6246666667,0.2013333333,0.04466666667,0.001666666667,0.7772440303,0.2698190303,0.7301809697,1.506450074
block_21,baseline,block,21,0.03,12m,1,30,3000,NDX_85_30,NDX LEAPS,NASDAQ100_1X,0.85,0.3,0.1477534433,-0.4793479161,-0.8714366265,0.001333333333,0.5486666667,0.1376666667,0.06905987724,7.414822087,0.083196704,10.99682741,0.1467636454,60.85537332,0.2124931906,323.9618518,0.2322484252,526.1049003,-0.6145488291,-0.6618312804,0.8476666667,0.415,0.1226666667,0.007666666667,0.9234663467,0.3194929821,0.6805070179,1.60310907
block_21,baseline,block,21,0.03,12m,1,30,3000,NDX_85_35,NDX LEAPS,NASDAQ100_1X,0.85,0.35,0.1576639824,-0.5356440488,-0.9113041855,0.001333333333,0.3343333333,0.11,0.06881415882,7.363861881,0.08446448725,11.38959483,0.1564494999,78.32250977,0.2314999006,516.6026742,0.2529404409,867.0575282,-0.6792380327,-0.7245290801,0.9646666667,0.6523333333,0.269,0.029,1.068301772,0.3683724723,0.6316275277,1.699425948
block_21,baseline,block,21,0.03,12m,1,30,3000,NDX_85_40,NDX LEAPS,NASDAQ100_1X,0.85,0.4,0.166274832,-0.5912264382,-0.9401875363,0.003,0.225,0.09966666667,0.06541123491,6.69206602,0.0843741842,11.36117502,0.164742446,97.04826296,0.2502429815,812.7660717,0.2741587369,1434.994893,-0.7380771424,-0.7799381622,0.9953333333,0.8353333333,0.4616666667,0.08466666667,1.212135182,0.4165373413,0.5834626587,1.794914014
block_21,baseline,block,21,0.03,12m,1,30,3000,NDX_85_45,NDX LEAPS,NASDAQ100_1X,0.85,0.45,0.1735904969,-0.6423289928,-0.9642215386,0.005666666667,0.1873333333,0.1023333333,0.06114049821,5.932288568,0.08309833569,10.96693207,0.1717326205,116.1314562,0.2679069572,1238.120631,0.2934516437,2252.47021,-0.790842676,-0.8307038045,1,0.9446666667,0.6623333333,0.164,1.355214764,0.4641971944,0.5358028056,1.89061052
block_21,baseline,block,21,0.03,12m,1,30,3000,NDX_85_50,NDX LEAPS,NASDAQ100_1X,0.85,0.5,0.1795988641,-0.6899930883,-0.9817391016,0.007666666667,0.177,0.1086666667,0.05479813984,4.955784781,0.08005938895,10.08039677,0.1773137981,133.9257622,0.2850573209,1852.785068,0.3115435508,3416.98241,-0.8338016495,-0.8728907548,1,0.9853333333,0.8166666667,0.2966666667,1.498124119,0.5113363424,0.4886636576,1.986917805
block_21,baseline,block,21,0.03,12m,1,30,3000,NDX_90_20,NDX LEAPS,NASDAQ100_1X,0.9,0.2,0.1265443482,-0.3884146429,-0.7721619151,0.0003333333333,0.8026666667,0.309,0.06377218166,6.389923704,0.0762378838,9.063417703,0.1264541061,35.60212366,0.1762754176,130.4268958,0.1915337503,191.9970867,-0.505014445,-0.5492325155,0.4403333333,0.1073333333,0.02133333333,0.0003333333333,0.6690497406,0.2193608279,0.7806391721,1.44864846
block_21,baseline,block,21,0.03,12m,1,30,3000,NDX_90_25,NDX LEAPS,NASDAQ100_1X,0.9,0.25,0.1392760669,-0.445070918,-0.8344540986,0.001333333333,0.6776666667,0.1936666667,0.06596927792,6.797961173,0.08025129471,10.13420682,0.1386344434,49.15941461,0.19801599,225.9367824,0.2172185141,364.0603207,-0.5752764196,-0.6188095077,0.7073333333,0.2753333333,0.06666666667,0.002666666667,0.8264662966,0.2698894466,0.7301105534,1.555640908
block_21,baseline,block,21,0.03,12m,1,30,3000,NDX_90_30,NDX LEAPS,NASDAQ100_1X,0.9,0.3,0.1504833603,-0.5033344048,-0.8861605513,0.001333333333,0.481,0.142,0.06690034771,6.978374758,0.08244657709,10.77063788,0.1492923598,65.0127452,0.2192895892,383.1103474,0.2402312371,638.5696614,-0.6405890262,-0.6898539231,0.912,0.5133333333,0.176,0.01233333333,0.9818031348,0.3192991008,0.6807008992,1.661546941
block_21,baseline,block,21,0.03,12m,1,30,3000,NDX_90_35,NDX LEAPS,NASDAQ100_1X,0.9,0.35,0.1602154093,-0.5611461561,-0.9234674933,0.002666666667,0.3096666667,0.1163333333,0.0651979321,6.651936869,0.08227642799,10.71995787,0.1586391307,82.89601693,0.2391778665,622.496524,0.2624594272,1088.082072,-0.7062928978,-0.7511556247,0.987,0.7456666667,0.36,0.052,1.135011818,0.3678190328,0.6321809672,1.76627576
block_21,baseline,block,21,0.03,12m,1,30,3000,NDX_90_40,NDX LEAPS,NASDAQ100_1X,0.9,0.4,0.1684989911,-0.6169626023,-0.9498171429,0.005333333333,0.233,0.113,0.06129746199,5.958874731,0.08174338622,10.56274278,0.1669894624,102.8252932,0.2577314504,972.2435021,0.283719911,1795.797124,-0.7652573241,-0.8048282463,0.999,0.9043333333,0.5683333333,0.121,1.287060095,0.4156352662,0.5843647338,1.870786708
block_21,baseline,block,21,0.03,12m,1,30,3000,NDX_90_45,NDX LEAPS,NASDAQ100_1X,0.9,0.45,0.1753406529,-0.6692322619,-0.9745558125,0.007666666667,0.2076666667,0.1166666667,0.0557549803,5.092445893,0.07845844425,9.641563544,0.1734226782,121.2633527,0.2760102863,1498.891421,0.3031469673,2818.119123,-0.8157826759,-0.8538646703,1,0.9713333333,0.7513333333,0.2366666667,1.43834003,0.4629639609,0.5370360391,1.975375505
block_21,baseline,block,21,0.03,12m,1,30,3000,NDX_90_50,NDX LEAPS,NASDAQ100_1X,0.9,0.5,0.1807271964,-0.7188316189,-0.9876893334,0.012,0.208,0.1303333333,0.04851992951,4.143141616,0.07444519532,8.621259912,0.1779199825,136.0100833,0.2929490763,2226.364191,0.3223097752,4366.801901,-0.8575094399,-0.8932165404,1,0.9956666667,0.8846666667,0.3906666667,1.589812333,0.5098645849,0.4901354151,2.080466366
block_21,baseline,block,21,0.03,12m,1,30,3000,NDX_95_20,NDX LEAPS,NASDAQ100_1X,0.95,0.2,0.1287786568,-0.4050191656,-0.7868791578,0.0006666666667,0.7876666667,0.2906666667,0.06273615896,6.205833975,0.07572001605,8.933486634,0.1286439237,37.73814019,0.181702465,149.741956,0.1979828674,225.7490019,-0.5273074327,-0.569749473,0.5266666667,0.1433333333,0.03066666667,0.0006666666667,0.7100526014,0.2194300466,0.7805699534,1.489337046
block_21,baseline,block,21,0.03,12m,1,30,3000,NDX_95_25,NDX LEAPS,NASDAQ100_1X,0.95,0.25,0.1415135742,-0.4656823282,-0.8497047802,0.001333333333,0.642,0.1883333333,0.06413159537,6.455046035,0.0789279609,9.768292957,0.1402774776,51.33275659,0.2038570898,261.4320126,0.2243395976,433.6879192,-0.6003475433,-0.6422263436,0.8,0.3613333333,0.1016666667,0.005,0.8766442483,0.26979877,0.73020123,1.605398779
block_21,baseline,block,21,0.03,12m,1,30,3000,NDX_95_30,NDX LEAPS,NASDAQ100_1X,0.95,0.3,0.152552631,-0.5280153926,-0.8990674261,0.001666666667,0.4453333333,0.147,0.06324005149,6.294724214,0.08036843113,10.16722708,0.1509962416,67.96745414,0.2260532035,452.2730929,0.2485165521,779.7603537,-0.6677554804,-0.7142684217,0.954,0.617,0.237,0.02133333333,1.040641179,0.3188422274,0.6811577726,1.720065773
block_21,baseline,block,21,0.03,12m,1,30,3000,NDX_95_35,NDX LEAPS,NASDAQ100_1X,0.95,0.35,0.1619560209,-0.5863736138,-0.9338594969,0.003333333333,0.308,0.1296666667,0.06070333536,5.859398995,0.0796291939,9.960582801,0.1601695907,86.24475742,0.2465973907,744.5906171,0.2712073035,1338.550237,-0.7318495611,-0.775629395,0.9946666667,0.8313333333,0.4513333333,0.08,1.201976468,0.366912901,0.633087099,1.833819684
block_21,baseline,block,21,0.03,12m,1,30,3000,NDX_95_40,NDX LEAPS,NASDAQ100_1X,0.95,0.4,0.16975699,-0.6434400486,-0.9624608027,0.006666666667,0.252,0.13,0.05479003704,4.954642196,0.07796822806,9.510960599,0.1674874896,104.1501763,0.2657129307,1175.429533,0.2932749431,2243.255909,-0.7909059471,-0.8288529971,1,0.9453333333,0.66,0.171,1.362762473,0.4144387298,0.5855612702,1.947126013
block_21,baseline,block,21,0.03,12m,1,30,3000,NDX_95_45,NDX LEAPS,NASDAQ100_1X,0.95,0.45,0.1759647884,-0.6967353832,-0.9823905211,0.01,0.239,0.137,0.04903932445,4.205150675,0.07336423758,8.364826756,0.1735308261,121.5990537,0.2832565049,1776.452201,0.3130766344,3538.866723,-0.8376686192,-0.8745227911,1,0.9903333333,0.837,0.31,1.521707155,0.4613684427,0.5386315573,2.060047117
block_21,baseline,block,21,0.03,12m,1,30,3000,NDX_95_50,NDX LEAPS,NASDAQ100_1X,0.95,0.5,0.1805654733,-0.745828294,-0.9921163303,0.015,0.2446666667,0.152,0.04094220055,3.332900583,0.06813048572,7.223849459,0.1773646552,134.0998076,0.2995245392,2592.333677,0.3313453943,5356.652547,-0.8779189163,-0.9102137896,1,1,0.9333333333,0.4856666667,1.681501188,0.5080539595,0.4919460405,2.173960321
block_126,baseline,block,126,0.03,12m,1,30,3000,SP500_1X,index,SP500_1X,,,0.1118485199,-0.4361667016,-0.8767657373,0.001,0,0,0.05800987404,5.42906843,0.07073693458,7.771846123,0.1127884581,24.68550018,0.1521732414,70.08384041,0.1615134994,89.29291574,-0.5739578447,-0.6246981952,0.6473333333,0.254,0.07133333333,0.003666666667,,,,
block_126,baseline,block,126,0.03,12m,1,30,3000,NASDAQ100_1X,index,NASDAQ100_1X,,,0.1488380851,-0.6013659704,-0.9557701714,0.002333333333,0,0.1103333333,0.0629248217,6.238969745,0.08420516518,11.30816726,0.14733699,61.77483229,0.2159586501,352.9234012,0.2328736886,534.1730674,-0.7629346359,-0.802354306,0.9793333333,0.8076666667,0.5033333333,0.1186666667,,,,
block_126,baseline,block,126,0.03,12m,1,30,3000,SPX_80_25,SP500 LEAPS,SP500_1X,0.8,0.25,0.1206413897,-0.3651582955,-0.7110196089,0,0.3273333333,0.3273333333,0.06893184802,7.388225797,0.0808636845,10.30799009,0.1203371532,30.23637474,0.16217416,90.82927835,0.1724288362,118.2196047,-0.4759853292,-0.5200452857,0.3246666667,0.07066666667,0.008,0,0.8981948599,0.267624815,0.732375185,1.62982788
block_126,baseline,block,126,0.03,12m,1,30,3000,SPX_85_30,SP500 LEAPS,SP500_1X,0.85,0.3,0.1362577089,-0.4294940507,-0.8037638484,0,0.098,0.098,0.07148933467,7.937372674,0.08465241292,11.44895668,0.1359469673,45.79493814,0.1895721581,182.7371976,0.2039210403,261.8487798,-0.554813868,-0.5964437193,0.647,0.2186666667,0.04533333333,0.002,1.186988457,0.3188255711,0.6811744289,1.866903863
block_126,baseline,block,126,0.03,12m,1,30,3000,SPX_85_35,SP500 LEAPS,SP500_1X,0.85,0.35,0.1460479101,-0.4738014699,-0.8421715328,0,0.05033333333,0.05033333333,0.07230911278,8.121623814,0.08715538844,12.26870609,0.1455220879,58.90942797,0.2068341856,281.5398578,0.2238582935,428.601969,-0.6131420869,-0.6528262757,0.8523333333,0.385,0.12,0.005333333333,1.375115368,0.3685912529,0.6314087471,2.004723937
block_126,baseline,block,126,0.03,12m,1,30,3000,SPX_85_40,SP500 LEAPS,SP500_1X,0.85,0.4,0.1549509902,-0.5203871504,-0.8763116175,0,0.04166666667,0.04166666667,0.07162916065,7.968513988,0.0873686174,12.34109395,0.1536584332,72.84544505,0.2235094543,424.9521164,0.2428514241,680.3082337,-0.6668596259,-0.7086451208,0.954,0.603,0.2236666667,0.02033333333,1.560973328,0.4176367053,0.5823632947,2.142176956
block_126,baseline,block,126,0.03,12m,1,30,3000,SPX_85_45,SP500 LEAPS,SP500_1X,0.85,0.45,0.1629617554,-0.568671288,-0.9083470918,0.001333333333,0.041,0.041,0.06883979761,7.369180729,0.08672650044,12.12431443,0.161531197,89.33371848,0.2397242246,630.7837768,0.2618789003,1073.170809,-0.7188904481,-0.7584844533,0.9913333333,0.807,0.3776666667,0.061,1.746585731,0.4662327829,0.5337672171,2.27794238
block_126,baseline,block,126,0.03,12m,1,30,3000,SPX_85_50,SP500 LEAPS,SP500_1X,0.85,0.5,0.1700655189,-0.6159744881,-0.9438453211,0.003666666667,0.04666666667,0.04666666667,0.0657084483,6.748234385,0.08466090441,11.45164622,0.1688974561,107.9904567,0.2546482651,903.2221994,0.2798730896,1641.174843,-0.7651201073,-0.8090021489,0.9976666667,0.9213333333,0.5676666667,0.1263333333,1.930793061,0.5143424198,0.4856575802,2.414208284
block_126,baseline,block,126,0.03,12m,1,30,3000,SPX_90_30,SP500 LEAPS,SP500_1X,0.9,0.3,0.1406837482,-0.4550186479,-0.8459689689,0,0.09033333333,0.09033333333,0.06910058518,7.423295467,0.08360594868,11.12216055,0.1400200914,50.98624974,0.2003128217,239.2995632,0.2164720097,357.4211095,-0.5870752835,-0.629197611,0.772,0.3086666667,0.08233333333,0.003,1.31115721,0.3189665577,0.6810334423,1.991299644
block_126,baseline,block,126,0.03,12m,1,30,3000,SPX_90_35,SP500 LEAPS,SP500_1X,0.9,0.35,0.1505795137,-0.5039896789,-0.8816260969,0.0003333333333,0.062,0.062,0.06917655568,7.43913797,0.08490194134,11.52824394,0.1494269343,65.24149822,0.2184413295,375.1942395,0.2379006814,603.5329846,-0.6469039299,-0.6905641816,0.9206666667,0.5176666667,0.179,0.01433333333,1.517896039,0.3683301939,0.6316698061,2.148327263
block_126,baseline,block,126,0.03,12m,1,30,3000,SPX_90_40,SP500 LEAPS,SP500_1X,0.9,0.4,0.1594340294,-0.5530909505,-0.9097941198,0.002,0.05633333333,0.05633333333,0.06674211972,6.94739078,0.08476112532,11.48343352,0.1577476567,81.003693,0.2362324566,579.6026569,0.2583844142,987.4989556,-0.7040157995,-0.7445416906,0.986,0.7476666667,0.3276666667,0.046,1.721876465,0.4171141238,0.5828858762,2.303971059
block_126,baseline,block,126,0.03,12m,1,30,3000,SPX_90_45,SP500 LEAPS,SP500_1X,0.9,0.45,0.1672443505,-0.6047551202,-0.9335857657,0.003,0.06,0.06,0.06311054181,6.271756491,0.08294261363,10.91970228,0.1657390447,99.57067616,0.2526260046,860.5511497,0.2778784007,1566.143919,-0.7533709366,-0.7958243465,0.997,0.8933333333,0.521,0.1056666667,1.926616681,0.4653409732,0.5346590268,2.458733128
block_126,baseline,block,126,0.03,12m,1,30,3000,SPX_90_50,SP500 LEAPS,SP500_1X,0.9,0.5,0.1739954176,-0.651836348,-0.9591314691,0.004666666667,0.068,0.068,0.0589071217,5.568908876,0.07961795011,9.957463576,0.1719188783,116.6865567,0.2688366707,1265.648801,0.2980299838,2504.360368,-0.8003719947,-0.8430946685,0.9996666667,0.9676666667,0.7126666667,0.1993333333,2.129457996,0.5131975928,0.4868024072,2.61313264
block_126,baseline,block,126,0.03,12m,1,30,3000,SPX_95_30,SP500 LEAPS,SP500_1X,0.95,0.3,0.1436765444,-0.4834714735,-0.8818040209,0.0003333333333,0.1016666667,0.1016666667,0.06510441627,6.634430608,0.08117994313,10.39886213,0.1426482931,54.63320536,0.2100486043,304.9313839,0.2281026376,475.5126537,-0.6214996326,-0.6644392903,0.8646666667,0.4296666667,0.1333333333,0.007333333333,1.440017141,0.3184546093,0.6815453907,2.120842784
block_126,baseline,block,126,0.03,12m,1,30,3000,SPX_95_35,SP500 LEAPS,SP500_1X,0.95,0.35,0.1533472211,-0.5359572601,-0.9136387243,0.002,0.081,0.081,0.06350250125,6.34150392,0.08077546994,10.28278139,0.1520127043,69.79145303,0.228819029,483.9055389,0.2505421116,818.6203794,-0.6813611429,-0.7222159209,0.972,0.663,0.2623333333,0.027,1.666195273,0.3674807322,0.6325192678,2.297573477
block_126,baseline,block,126,0.03,12m,1,30,3000,SPX_95_40,SP500 LEAPS,SP500_1X,0.95,0.4,0.1618066961,-0.5888373586,-0.9375732618,0.003,0.08133333333,0.08133333333,0.05978192225,5.70860299,0.07901059417,9.790761543,0.1598667603,85.57192865,0.2468790384,749.6541549,0.2722598263,1372.200562,-0.7384211091,-0.7822203316,0.9946666667,0.854,0.4553333333,0.08533333333,1.889443153,0.4158974784,0.5841025216,2.472778265
block_126,baseline,block,126,0.03,12m,1,30,3000,SPX_95_45,SP500 LEAPS,SP500_1X,0.95,0.45,0.1690555668,-0.6408648338,-0.9554912614,0.006333333333,0.088,0.088,0.05537699255,5.038054718,0.07635913676,9.09410553,0.1664399736,101.3825856,0.2644483173,1140.702225,0.2920451261,2180.162864,-0.7893924955,-0.8339015106,0.9993333333,0.9503333333,0.6633333333,0.1726666667,2.112226051,0.4637892205,0.5362107795,2.647445619
block_126,baseline,block,126,0.03,12m,1,30,3000,SPX_95_50,SP500 LEAPS,SP500_1X,0.95,0.5,0.1750791059,-0.6898670214,-0.9720381797,0.009333333333,0.104,0.104,0.04874348366,4.169717657,0.07203277158,8.059038276,0.1723781023,118.0663113,0.2802210641,1654.611058,0.3135583621,3578.025606,-0.8357738041,-0.874447444,1,0.989,0.8266666667,0.297,2.335047073,0.5113206673,0.4886793327,2.821500502
block_126,baseline,block,126,0.03,12m,1,30,3000,NDX_80_20,NDX LEAPS,NASDAQ100_1X,0.8,0.2,0.1265667253,-0.3655499056,-0.7688832869,0.0003333333333,0.766,0.302,0.07006692249,7.627258543,0.08255074241,10.80177388,0.1259525116,35.12958808,0.1713798548,115.0870839,0.1845464191,160.9397459,-0.4856879573,-0.5297131387,0.341,0.07766666667,0.01366666667,0.0006666666667,0.6021205578,0.2198998169,0.7801001831,1.381413439
block_126,baseline,block,126,0.03,12m,1,30,3000,NDX_80_25,NDX LEAPS,NASDAQ100_1X,0.8,0.25,0.1403691444,-0.4129423473,-0.8225617623,0.0003333333333,0.6306666667,0.1666666667,0.07446261839,8.625459077,0.08809132969,12.58956411,0.1397935957,50.68323515,0.1936726065,202.6105578,0.2083470831,292.3233542,-0.5406954925,-0.5853364118,0.5623333333,0.1836666667,0.03933333333,0.001333333333,0.7444574792,0.2710875738,0.7289124262,1.472405796
block_126,baseline,block,126,0.03,12m,1,30,3000,NDX_80_30,NDX LEAPS,NASDAQ100_1X,0.8,0.3,0.1529641271,-0.4645147827,-0.8667434962,0.0003333333333,0.4433333333,0.09933333333,0.07552163839,8.884192327,0.09254531046,14.23103028,0.1521923586,70.11875803,0.215201842,346.3925246,0.2308357742,508.3079931,-0.5991622551,-0.6449788388,0.79,0.353,0.09866666667,0.006,0.8849439347,0.3213879938,0.6786120062,1.562479778
block_126,baseline,block,126,0.03,12m,1,30,3000,NDX_80_35,NDX LEAPS,NASDAQ100_1X,0.8,0.35,0.1643806627,-0.5177712102,-0.9040250513,0.0006666666667,0.2156666667,0.068,0.07752545756,9.394437646,0.09616758965,15.71677058,0.163348416,93.62332813,0.235931735,575.3876021,0.2544609385,899.1850542,-0.6599147928,-0.6988740779,0.9443333333,0.5723333333,0.213,0.01933333333,1.023777334,0.3708259042,0.6291740958,1.652182502
block_126,baseline,block,126,0.03,12m,1,30,3000,NDX_80_40,NDX LEAPS,NASDAQ100_1X,0.8,0.4,0.1746318001,-0.5692085116,-0.9321287473,0.001666666667,0.1026666667,0.06066666667,0.07669295438,9.17910495,0.09749466759,16.29775828,0.1728469718,119.4911626,0.2544543148,899.0426577,0.276447689,1514.383352,-0.7159395433,-0.7545741025,0.9906666667,0.777,0.3773333333,0.05666666667,1.161439634,0.4194715422,0.5805284578,1.741431054
block_126,baseline,block,126,0.03,12m,1,30,3000,NDX_80_45,NDX LEAPS,NASDAQ100_1X,0.8,0.45,0.1837156448,-0.6209593295,-0.9531051963,0.001666666667,0.071,0.05866666667,0.07467568514,8.676938528,0.09796864057,16.51025321,0.1820887227,151.2173693,0.2729604683,1395.053909,0.2985533337,2534.83132,-0.7670756242,-0.8084332599,0.9986666667,0.918,0.5816666667,0.127,1.297641599,0.4674355789,0.5325644211,1.830209944
block_126,baseline,block,126,0.03,12m,1,30,3000,NDX_80_50,NDX LEAPS,NASDAQ100_1X,0.8,0.5,0.1916152149,-0.6702232039,-0.9682897624,0.003666666667,0.06666666667,0.06133333333,0.07055586376,7.732565894,0.09643925064,15.83404876,0.1893689082,181.8028861,0.2906012501,2108.211211,0.3184260495,3997.955169,-0.8148877709,-0.8524450216,1,0.9773333333,0.7476666667,0.227,1.433814207,0.5149830832,0.4850169168,1.918664546
block_126,baseline,block,126,0.03,12m,1,30,3000,NDX_85_20,NDX LEAPS,NASDAQ100_1X,0.85,0.2,0.1308525563,-0.3794555574,-0.7842704776,0.0003333333333,0.7343333333,0.25,0.07067966679,7.759384336,0.08364620362,11.13456582,0.1304752475,39.61910305,0.1793350427,140.998401,0.1925798276,197.1191014,-0.5027061379,-0.5454300148,0.4063333333,0.105,0.01833333333,0.0006666666667,0.6479107179,0.2206085115,0.7793914885,1.42634184
block_126,baseline,block,126,0.03,12m,1,30,3000,NDX_85_25,NDX LEAPS,NASDAQ100_1X,0.85,0.25,0.145230913,-0.4311444987,-0.8382118898,0.0003333333333,0.5696666667,0.1413333333,0.07415957729,8.552775729,0.08874497802,12.81845158,0.144628561,57.54633741,0.2027682294,254.4302984,0.2180780453,371.8529749,-0.5606051504,-0.6054145985,0.6463333333,0.233,0.05266666667,0.003,0.8005970302,0.2716719006,0.7283280994,1.527708337
block_126,baseline,block,126,0.03,12m,1,30,3000,NDX_85_30,NDX LEAPS,NASDAQ100_1X,0.85,0.3,0.1582446281,-0.4866739653,-0.8823328504,0.0006666666667,0.3446666667,0.08966666667,0.07597788794,8.998006196,0.09328812008,14.52419253,0.1572410549,79.94693443,0.2262840871,454.835194,0.2430929176,684.2851775,-0.621599242,-0.666819107,0.8676666667,0.4386666667,0.1376666667,0.009,0.9505342882,0.3216956861,0.6783043139,1.627599337
block_126,baseline,block,126,0.03,12m,1,30,3000,NDX_85_35,NDX LEAPS,NASDAQ100_1X,0.85,0.35,0.1699323004,-0.5409935506,-0.917425786,0.001333333333,0.1603333333,0.068,0.07632846656,9.086377654,0.09592368531,15.61219944,0.1684579723,106.7789046,0.247054597,752.8271775,0.267271269,1219.631215,-0.6837243136,-0.7239097512,0.972,0.665,0.2776666667,0.031,1.098890782,0.3707823652,0.6292176348,1.727181268
block_126,baseline,block,126,0.03,12m,1,30,3000,NDX_85_40,NDX LEAPS,NASDAQ100_1X,0.85,0.4,0.1803129341,-0.5943088698,-0.9431527919,0.001666666667,0.09933333333,0.064,0.07567928057,8.923401647,0.09752725747,16.31238109,0.1786041104,138.4000474,0.2668713163,1208.136198,0.2909840754,2127.053452,-0.7386937835,-0.7803062519,0.995,0.8523333333,0.4786666667,0.085,1.245461216,0.419195251,0.580804749,1.825978731
block_126,baseline,block,126,0.03,12m,1,30,3000,NDX_85_45,NDX LEAPS,NASDAQ100_1X,0.85,0.45,0.189387519,-0.6453720674,-0.961752398,0.002,0.074,0.06066666667,0.07267322222,8.204748812,0.09643951146,15.83416115,0.1871319532,171.8196388,0.2859649663,1892.446821,0.3139236931,3608.001184,-0.7908026244,-0.8291829669,1,0.958,0.6753333333,0.1753333333,1.391540646,0.4670318832,0.5329681168,1.924659187
block_126,baseline,block,126,0.03,12m,1,30,3000,NDX_85_50,NDX LEAPS,NASDAQ100_1X,0.85,0.5,0.19713913,-0.6944728713,-0.9749188249,0.004666666667,0.076,0.067,0.06818255745,7.234419969,0.09473773796,15.11320276,0.1943224891,205.9462846,0.304884879,2933.081816,0.3350976445,5828.599328,-0.8360082605,-0.870929909,1,0.9903333333,0.8296666667,0.2923333333,1.536456626,0.5143614912,0.4856385088,2.022995618
block_126,baseline,block,126,0.03,12m,1,30,3000,NDX_90_20,NDX LEAPS,NASDAQ100_1X,0.9,0.2,0.1349019144,-0.3944264474,-0.8042583619,0.0003333333333,0.6956666667,0.2183333333,0.07139543376,7.916546685,0.08411929656,11.28132896,0.1341160473,43.6314548,0.1871965439,172.0999528,0.201446913,246.1765664,-0.5199329225,-0.5622291669,0.4756666667,0.138,0.02733333333,0.0006666666667,0.6948707641,0.221162391,0.778837609,1.472758374
block_126,baseline,block,126,0.03,12m,1,30,3000,NDX_90_25,NDX LEAPS,NASDAQ100_1X,0.9,0.25,0.1497340113,-0.4497832113,-0.85237467,0.0003333333333,0.4996666667,0.1203333333,0.07360093621,8.420324807,0.08951357213,13.09273647,0.1487091939,64.03027024,0.2119288006,319.4680736,0.228030116,474.6709996,-0.5815199296,-0.6276320103,0.7316666667,0.2996666667,0.07566666667,0.003333333333,0.8578243427,0.2720494921,0.7279505079,1.58475223
block_126,baseline,block,126,0.03,12m,1,30,3000,NDX_90_30,NDX LEAPS,NASDAQ100_1X,0.9,0.3,0.1630301718,-0.5083624536,-0.8961128847,0.0006666666667,0.269,0.08333333333,0.07588781324,8.975518981,0.09332613063,14.539347,0.1616902204,89.70137815,0.2365848643,584.5801203,0.2541519456,892.5648577,-0.6448003635,-0.6871254044,0.9226666667,0.532,0.186,0.01566666667,1.017696559,0.3217096356,0.6782903644,1.6952468
block_126,baseline,block,126,0.03,12m,1,30,3000,NDX_90_35,NDX LEAPS,NASDAQ100_1X,0.9,0.35,0.1748410087,-0.5651999281,-0.9289154244,0.001666666667,0.1326666667,0.07066666667,0.07469011792,8.680415591,0.09567673435,15.50700961,0.1727260739,119.1222127,0.2577429445,972.5082349,0.2797656451,1637.04406,-0.7068658622,-0.7477599323,0.9873333333,0.7623333333,0.3583333333,0.048,1.175305441,0.3704668201,0.6295331799,1.804051236
block_126,baseline,block,126,0.03,12m,1,30,3000,NDX_90_40,NDX LEAPS,NASDAQ100_1X,0.9,0.4,0.1851931284,-0.6186597695,-0.9523673387,0.001666666667,0.097,0.06766666667,0.07427429186,8.580271576,0.09585058095,15.58099668,0.1825843429,153.1311156,0.2792454257,1617.19674,0.3054664289,2972.553914,-0.7630790698,-0.802318918,0.9983333333,0.916,0.5713333333,0.1176666667,1.33208415,0.4186509012,0.5813490988,1.912737793
block_126,baseline,block,126,0.03,12m,1,30,3000,NDX_90_45,NDX LEAPS,NASDAQ100_1X,0.9,0.45,0.1940915221,-0.669759775,-0.9688130684,0.003333333333,0.08533333333,0.07,0.07015440049,7.646029254,0.09416469401,14.87765425,0.1914896731,191.784118,0.2985900091,2536.980083,0.3289414771,5073.933468,-0.813230875,-0.8509966331,1,0.9806666667,0.7566666667,0.229,1.487795358,0.4662610079,0.5337389921,2.021340413
block_126,baseline,block,126,0.03,12m,1,30,3000,NDX_90_50,NDX LEAPS,NASDAQ100_1X,0.9,0.5,0.2015200403,-0.7184509146,-0.9801251801,0.006,0.09333333333,0.077,0.06376647419,6.38889461,0.09134034559,13.76767869,0.198378008,227.9935428,0.3164949819,3825.953794,0.3504322852,8210.396448,-0.8547576709,-0.8890530277,1,0.996,0.895,0.383,1.642397623,0.5132634107,0.4867365893,2.129955868
block_126,baseline,block,126,0.03,12m,1,30,3000,NDX_95_20,NDX LEAPS,NASDAQ100_1X,0.95,0.2,0.1386292415,-0.4107253992,-0.8234687724,0.0003333333333,0.6503333333,0.1956666667,0.07109304466,7.849793182,0.0843752069,11.36149675,0.1376716356,47.92748017,0.1944091855,206.3953392,0.2100261561,304.7587402,-0.5386675818,-0.5800065654,0.5523333333,0.1786666667,0.03666666667,0.001666666667,0.7428870712,0.2215012473,0.7784987527,1.520231212
block_126,baseline,block,126,0.03,12m,1,30,3000,NDX_95_25,NDX LEAPS,NASDAQ100_1X,0.95,0.25,0.1537698001,-0.4701803562,-0.8682572035,0.0006666666667,0.4353333333,0.1153333333,0.07277850513,8.228941057,0.0894298862,13.0625977,0.1522284968,70.18472603,0.2207138404,396.7667969,0.2383135833,609.6017237,-0.6032190559,-0.6452072879,0.816,0.3716666667,0.105,0.005333333333,0.9161139061,0.2722107355,0.7277892645,1.642754415
block_126,baseline,block,126,0.03,12m,1,30,3000,NDX_95_30,NDX LEAPS,NASDAQ100_1X,0.95,0.3,0.167190279,-0.5301134016,-0.9106372797,0.001333333333,0.23,0.08133333333,0.07408443472,8.534948968,0.09250783606,14.21639535,0.1653427618,98.56017712,0.2452483359,720.7912384,0.2653175758,1164.47583,-0.6680177813,-0.7098180719,0.962,0.6266666667,0.2453333333,0.02333333333,1.086180779,0.3215265212,0.6784734788,1.763645701
block_126,baseline,block,126,0.03,12m,1,30,3000,NDX_95_35,NDX LEAPS,NASDAQ100_1X,0.95,0.35,0.1789559087,-0.5883741613,-0.9407134249,0.001666666667,0.1273333333,0.07433333333,0.0731262011,8.309378588,0.09385510461,14.75187662,0.1765683982,131.4050483,0.2684015639,1252.692601,0.2929221417,2224.971706,-0.7291132536,-0.7706038072,0.995,0.8406666667,0.4516666667,0.07133333333,1.253937164,0.36997328,0.63002672,1.882819487
block_126,baseline,block,126,0.03,12m,1,30,3000,NDX_95_40,NDX LEAPS,NASDAQ100_1X,0.95,0.4,0.1891026475,-0.6428028433,-0.9615454156,0.002666666667,0.1063333333,0.07333333333,0.07001571637,7.616337353,0.09381950206,14.73748805,0.1862317428,167.9530023,0.2901800883,2087.670052,0.3185069833,4005.322255,-0.7838985023,-0.8234594414,0.9993333333,0.9563333333,0.6646666667,0.1706666667,1.420485741,0.4177629825,0.5822370175,2.001640802
block_126,baseline,block,126,0.03,12m,1,30,3000,NDX_95_45,NDX LEAPS,NASDAQ100_1X,0.95,0.45,0.1976406648,-0.6949327181,-0.9756791662,0.004666666667,0.1026666667,0.07833333333,0.06518976639,6.650390048,0.09079674497,13.56335772,0.1945299849,207.0224955,0.3109688429,3372.346858,0.3425307314,6884.980891,-0.8331195263,-0.8714400091,1,0.9893333333,0.838,0.3023333333,1.585059241,0.4649899975,0.5350100025,2.119723349
block_126,baseline,block,126,0.03,12m,1,30,3000,NDX_95_50,NDX LEAPS,NASDAQ100_1X,0.95,0.5,0.2045553476,-0.7435072339,-0.9850485529,0.007,0.1153333333,0.088,0.05777857605,5.393580042,0.08727082007,12.30784256,0.2001671164,238.4298153,0.3294049514,5127.296306,0.3659065631,11556.28491,-0.8738765235,-0.9057076735,1,0.998,0.939,0.4766666667,1.750194715,0.5117926056,0.4882073944,2.238383833
block_63_matched,baseline,block,63,0.03,12m,1,30,3000,SP500_1X,index,SP500_1X,,,0.1119844398,-0.4157060392,-0.7767613858,0,0,0,0.06231028142,6.131652723,0.07245775549,8.155440994,0.1117870253,24.0276365,0.1514301177,68.74029416,0.1623048874,91.1362953,-0.546522691,-0.588483996,0.575,0.196,0.043,0.001333333333,,,,
block_63_matched,baseline,block,63,0.03,12m,1,30,3000,NASDAQ100_1X,index,NASDAQ100_1X,,,0.1500240492,-0.5631256841,-0.9282673494,0,0,0.108,0.06698958025,6.995905191,0.08513615101,11.60314627,0.1500135923,66.24793169,0.2179794206,370.9503173,0.2360234704,576.6730964,-0.7156025337,-0.7574168851,0.969,0.736,0.377,0.06,,,,
block_63_matched,baseline,block,63,0.03,12m,1,30,3000,SPX_80_25,SP500 LEAPS,SP500_1X,0.8,0.25,0.1203505783,-0.3637292017,-0.7261880101,0,0.3376666667,0.3376666667,0.07055730183,7.732824287,0.0808001293,10.28982272,0.1198978902,29.88272093,0.160394762,86.74835821,0.1720162113,116.9776928,-0.4742626031,-0.5125220781,0.316,0.064,0.006333333333,0,0.8935183683,0.2678882302,0.7321117698,1.625699393
block_63_matched,baseline,block,63,0.03,12m,1,30,3000,SPX_85_30,SP500 LEAPS,SP500_1X,0.85,0.3,0.1353965376,-0.4304494106,-0.8075631966,0,0.1153333333,0.1153333333,0.0736024451,8.420688133,0.08535683162,11.67415222,0.1348480974,44.48435979,0.1876450343,174.0611945,0.2008464516,242.511974,-0.5497947694,-0.5904692975,0.6586666667,0.2066666667,0.04166666667,0.001666666667,1.176939562,0.3189471845,0.6810528155,1.858339822
block_63_matched,baseline,block,63,0.03,12m,1,30,3000,SPX_85_35,SP500 LEAPS,SP500_1X,0.85,0.35,0.1449518212,-0.477386927,-0.8617563665,0,0.05966666667,0.05966666667,0.07424243004,8.57258581,0.08796206183,12.54476891,0.1438457758,56.37729757,0.2048807561,268.1839923,0.2191046163,381.3707802,-0.6036081254,-0.6422708261,0.8566666667,0.391,0.1046666667,0.003666666667,1.364077206,0.3685957572,0.6314042428,1.995898649
block_63_matched,baseline,block,63,0.03,12m,1,30,3000,SPX_85_40,SP500 LEAPS,SP500_1X,0.85,0.4,0.1536126636,-0.5258231743,-0.9024992287,0,0.04133333333,0.04133333333,0.07407791567,8.533301279,0.08890767766,12.87604478,0.152115573,69.97865563,0.2204501549,394.2045023,0.2393580901,625.2189652,-0.6580770415,-0.6959789176,0.9596666667,0.618,0.2206666667,0.01966666667,1.549271701,0.4176347071,0.5823652929,2.131353732
block_63_matched,baseline,block,63,0.03,12m,1,30,3000,SPX_85_45,SP500 LEAPS,SP500_1X,0.85,0.45,0.1613757465,-0.5727644432,-0.9326456997,0.0006666666667,0.037,0.037,0.07175397679,7.996396514,0.08882081099,12.8452627,0.1589973874,83.66839693,0.2356177325,571.0179527,0.2580332688,979.2652763,-0.7104019205,-0.7503974178,0.992,0.8033333333,0.3946666667,0.05033333333,1.733379992,0.4661453716,0.5338546284,2.266984391
block_63_matched,baseline,block,63,0.03,12m,1,30,3000,SPX_85_50,SP500 LEAPS,SP500_1X,0.85,0.5,0.1682285371,-0.6198449663,-0.9545510049,0.001333333333,0.03966666667,0.03966666667,0.06983360372,7.577521755,0.08786610491,12.51161873,0.165308364,98.47295653,0.2497767883,803.7247973,0.2750706433,1466.128571,-0.7578998563,-0.7986841328,0.9983333333,0.9176666667,0.579,0.1103333333,1.916997541,0.5141555684,0.4858444316,2.402370582
block_63_matched,baseline,block,63,0.03,12m,1,30,3000,SPX_90_30,SP500 LEAPS,SP500_1X,0.9,0.3,0.1393670606,-0.4581370789,-0.8446501662,0,0.106,0.106,0.07158043542,7.95767026,0.08431952152,11.34400949,0.1384741495,48.95221342,0.1968619567,219.4972219,0.2121988786,321.6109709,-0.5795011682,-0.6233670451,0.7816666667,0.3176666667,0.075,0.002333333333,1.296678314,0.3191406155,0.6808593845,1.977156036
block_63_matched,baseline,block,63,0.03,12m,1,30,3000,SPX_90_35,SP500 LEAPS,SP500_1X,0.9,0.35,0.1489453003,-0.50908697,-0.8927312204,0,0.064,0.064,0.07074226809,7.773013519,0.08586680702,11.83984036,0.147501694,62.041441,0.2149470407,344.2201432,0.2333093933,539.8660587,-0.6399295213,-0.6799742781,0.932,0.538,0.17,0.01166666667,1.500988875,0.3684514612,0.6315485388,2.132728506
block_63_matched,baseline,block,63,0.03,12m,1,30,3000,SPX_90_40,SP500 LEAPS,SP500_1X,0.9,0.4,0.1574727978,-0.5601027145,-0.9274382466,0.0006666666667,0.052,0.052,0.06939608839,7.485100355,0.08600159186,11.88400715,0.1554294748,76.27622585,0.2312169882,513.0536209,0.2533579545,875.765773,-0.6953476826,-0.7372979192,0.984,0.7453333333,0.3393333333,0.03533333333,1.704299339,0.4171077757,0.5828922243,2.2875693
block_63_matched,baseline,block,63,0.03,12m,1,30,3000,SPX_90_45,SP500 LEAPS,SP500_1X,0.9,0.45,0.1649482781,-0.6094546629,-0.9520488716,0.001333333333,0.05433333333,0.05433333333,0.0671366268,7.024890432,0.0848974246,11.52680846,0.1617889282,89.93038754,0.2467140761,746.6896894,0.2726011909,1383.289873,-0.7468406442,-0.7890029679,0.9983333333,0.8943333333,0.5346666667,0.09466666667,1.905808699,0.4653176031,0.5346823969,2.440664107
block_63_matched,baseline,block,63,0.03,12m,1,30,3000,SPX_90_50,SP500 LEAPS,SP500_1X,0.9,0.5,0.1713585949,-0.6563474678,-0.9691460184,0.002,0.06366666667,0.06366666667,0.0637830799,6.391890731,0.08232981848,10.73583291,0.1679284068,105.3365843,0.2623910069,1086.31387,0.2903890896,2097.839612,-0.7932510449,-0.832501717,1,0.9683333333,0.715,0.1926666667,2.107069127,0.5130235817,0.4869764183,2.593762699
block_63_matched,baseline,block,63,0.03,12m,1,30,3000,SPX_95_30,SP500 LEAPS,SP500_1X,0.95,0.3,0.1419183338,-0.4876602097,-0.8769880794,0,0.116,0.116,0.06681991417,6.962606893,0.08127903641,10.42750782,0.1405223202,51.66451523,0.2051967815,270.3027566,0.2229755112,419.423514,-0.6134074472,-0.6565344447,0.8826666667,0.4446666667,0.1233333333,0.007333333333,1.420335716,0.3185594458,0.6814405542,2.101817326
block_63_matched,baseline,block,63,0.03,12m,1,30,3000,SPX_95_35,SP500 LEAPS,SP500_1X,0.95,0.35,0.1511952745,-0.5417171837,-0.918565734,0.0006666666667,0.08666666667,0.08666666667,0.06574569384,6.755316161,0.08152037434,10.49754518,0.1492061166,64.86654133,0.2232990855,422.7654257,0.2454037251,723.4950565,-0.6750398958,-0.7165785564,0.9713333333,0.681,0.277,0.02633333333,1.643734224,0.3675462468,0.6324537532,2.275324436
block_63_matched,baseline,block,63,0.03,12m,1,30,3000,SPX_95_40,SP500 LEAPS,SP500_1X,0.95,0.4,0.159249857,-0.5945480256,-0.947298848,0.001333333333,0.081,0.081,0.06270215111,6.199875211,0.08040998945,10.1789743,0.156376588,78.17461729,0.2400432582,635.6730648,0.2669588662,1210.64317,-0.7335615874,-0.7754231423,0.9956666667,0.8616666667,0.482,0.07566666667,1.865122687,0.4158798441,0.5841201559,2.448840518
block_63_matched,baseline,block,63,0.03,12m,1,30,3000,SPX_95_45,SP500 LEAPS,SP500_1X,0.95,0.45,0.1660839641,-0.6458397365,-0.9667686012,0.003,0.08766666667,0.08766666667,0.05939521178,5.646439649,0.07830463274,9.600394204,0.1618383432,90.0452092,0.2567527319,949.7986667,0.2863628247,1910.097775,-0.7852873962,-0.8241019991,1,0.9566666667,0.679,0.1683333333,2.08481241,0.4637689205,0.5362310795,2.62166013
block_63_matched,baseline,block,63,0.03,12m,1,30,3000,SPX_95_50,SP500 LEAPS,SP500_1X,0.95,0.5,0.1716843644,-0.6952229948,-0.9796656117,0.005666666667,0.103,0.103,0.05384667638,4.823411699,0.0736102625,8.42251959,0.1675228166,104.2446099,0.2717114023,1354.5664,0.3056374855,2984.261533,-0.8313587787,-0.8653423469,1,0.99,0.8303333333,0.304,2.304139788,0.5110562668,0.4889437332,2.793575252
block_63_matched,baseline,block,63,0.03,12m,1,30,3000,NDX_80_20,NDX LEAPS,NASDAQ100_1X,0.8,0.2,0.1252561741,-0.3631169646,-0.7063843983,0,0.7956666667,0.322,0.069456372,7.497769913,0.08130297287,10.43442175,0.1242902179,33.60644783,0.1687903276,107.6938808,0.1822205235,151.7243557,-0.4769121015,-0.5157902659,0.324,0.06766666667,0.009666666667,0,0.5953474888,0.2197387517,0.7802612483,1.375418419
block_63_matched,baseline,block,63,0.03,12m,1,30,3000,NDX_80_25,NDX LEAPS,NASDAQ100_1X,0.8,0.25,0.1385757664,-0.4090257092,-0.7589672744,0,0.6913333333,0.1816666667,0.07389727322,8.49033228,0.08703028416,12.22641209,0.1370789493,47.18403192,0.1908410443,188.6767253,0.2059019623,275.0878344,-0.5295455686,-0.5701249445,0.548,0.1646666667,0.02766666667,0.0006666666667,0.7363058078,0.2709327624,0.7290672376,1.465640743
block_63_matched,baseline,block,63,0.03,12m,1,30,3000,NDX_80_30,NDX LEAPS,NASDAQ100_1X,0.8,0.3,0.1506635783,-0.4604547929,-0.8120692023,0,0.502,0.1116666667,0.07551167409,8.881723353,0.09091672931,13.60818208,0.1492703431,64.97544099,0.211853376,318.8721558,0.2297216342,494.6838837,-0.5898952689,-0.6304693073,0.7746666667,0.3393333333,0.08666666667,0.004666666667,0.8759555249,0.3210709858,0.6789290142,1.554644061
block_63_matched,baseline,block,63,0.03,12m,1,30,3000,NDX_80_35,NDX LEAPS,NASDAQ100_1X,0.8,0.35,0.1615519792,-0.5127755913,-0.8641886597,0,0.2713333333,0.08533333333,0.07614607063,9.040272038,0.09289915407,14.36997025,0.15980785,85.44174586,0.2315919957,517.7615449,0.2516902996,841.4727645,-0.6504644256,-0.690730538,0.9243333333,0.555,0.201,0.01766666667,1.013755479,0.3703533068,0.6296466932,1.642767629
block_63_matched,baseline,block,63,0.03,12m,1,30,3000,NDX_80_40,NDX LEAPS,NASDAQ100_1X,0.8,0.4,0.1712573203,-0.5667883928,-0.9060901004,0,0.1383333333,0.07266666667,0.07554367444,8.889653032,0.09468929133,15.09315205,0.1690780636,108.4927112,0.2507023663,821.7737778,0.2736409957,1417.609966,-0.7047301222,-0.7508736379,0.9836666667,0.761,0.3693333333,0.05066666667,1.149761219,0.4188998265,0.5811001735,1.730527819
block_63_matched,baseline,block,63,0.03,12m,1,30,3000,NDX_80_45,NDX LEAPS,NASDAQ100_1X,0.8,0.45,0.1797811413,-0.6177880444,-0.9366578512,0.0006666666667,0.095,0.073,0.0741536681,8.551365559,0.0943842086,14.96746856,0.1775034331,134.574497,0.2693218663,1280.249839,0.2954606245,2359.830141,-0.7570511982,-0.8012147891,0.998,0.8973333333,0.5683333333,0.1116666667,1.285255257,0.4668646193,0.5331353807,1.818344288
block_63_matched,baseline,block,63,0.03,12m,1,30,3000,NDX_80_50,NDX LEAPS,NASDAQ100_1X,0.8,0.5,0.1871102634,-0.6653942714,-0.9587171757,0.002,0.089,0.07666666667,0.07059634202,7.741288485,0.0931202442,14.45744442,0.1839452383,158.507193,0.2863970536,1911.622677,0.3153929121,3731.022766,-0.8038295072,-0.8455626862,1,0.964,0.734,0.22,1.42045018,0.5143106513,0.4856893487,1.905697697
block_63_matched,baseline,block,63,0.03,12m,1,30,3000,NDX_85_20,NDX LEAPS,NASDAQ100_1X,0.85,0.2,0.1291299544,-0.3781124241,-0.720741376,0,0.772,0.2726666667,0.0701707218,7.649487513,0.08234017659,10.73891577,0.1281321015,37.22807221,0.1757012928,128.5304727,0.1905581111,187.3361721,-0.4954754786,-0.5344794063,0.397,0.09266666667,0.01233333333,0,0.6383401218,0.2204349701,0.7795650299,1.417782382
block_63_matched,baseline,block,63,0.03,12m,1,30,3000,NDX_85_25,NDX LEAPS,NASDAQ100_1X,0.85,0.25,0.1429189568,-0.4280879065,-0.7740519927,0,0.6306666667,0.1616666667,0.07342787359,8.379695115,0.08793590248,12.53572378,0.1416103859,53.16381197,0.1994404553,234.1364952,0.2160760514,353.947158,-0.5505199919,-0.594101481,0.6406666667,0.2223333333,0.04466666667,0.001666666667,0.7884508019,0.2713541127,0.7286458873,1.517491924
block_63_matched,baseline,block,63,0.03,12m,1,30,3000,NDX_85_30,NDX LEAPS,NASDAQ100_1X,0.85,0.3,0.1553172375,-0.4823242153,-0.8349051758,0,0.4013333333,0.1046666667,0.07459125842,8.656490778,0.09119249668,13.71175404,0.1536921756,72.90938152,0.221104113,400.5895171,0.2407257771,646.2527318,-0.6145794642,-0.6557312664,0.8563333333,0.4286666667,0.1216666667,0.007,0.9373506709,0.3212414135,0.6787585865,1.616061715
block_63_matched,baseline,block,63,0.03,12m,1,30,3000,NDX_85_35,NDX LEAPS,NASDAQ100_1X,0.85,0.35,0.1663665009,-0.5366927894,-0.8856897768,0,0.2096666667,0.08233333333,0.07446089953,8.625041189,0.09305542328,14.43173322,0.1641069602,95.47232156,0.2426553039,677.0948578,0.2645518825,1143.507825,-0.6755924608,-0.7177970345,0.9623333333,0.6633333333,0.2696666667,0.028,1.083864833,0.3703998448,0.6296001552,1.713955016
block_63_matched,baseline,block,63,0.03,12m,1,30,3000,NDX_85_40,NDX LEAPS,NASDAQ100_1X,0.85,0.4,0.1760887219,-0.591340478,-0.9235767129,0.0006666666667,0.1266666667,0.07466666667,0.07430932332,8.58861149,0.09407110091,14.83955379,0.1735003702,121.5044456,0.2621150048,1079.210853,0.2881818541,1992.811801,-0.7304618992,-0.7785051126,0.9943333333,0.8436666667,0.4666666667,0.07366666667,1.229134494,0.4186706827,0.5813293173,1.811028617
block_63_matched,baseline,block,63,0.03,12m,1,30,3000,NDX_85_45,NDX LEAPS,NASDAQ100_1X,0.85,0.45,0.1844879264,-0.6432491247,-0.9502948422,0.001666666667,0.103,0.07733333333,0.07165737329,7.974810356,0.09305894243,14.43316073,0.1823517282,152.2302158,0.2808669052,1679.842823,0.3101947051,3313.118953,-0.781316229,-0.8251226047,0.9996666667,0.9403333333,0.6683333333,0.1686666667,1.373991083,0.466343109,0.533656891,1.90780397
block_63_matched,baseline,block,63,0.03,12m,1,30,3000,NDX_85_50,NDX LEAPS,NASDAQ100_1X,0.85,0.5,0.1915505136,-0.6912247013,-0.9725995666,0.003333333333,0.103,0.084,0.06678878728,6.956517697,0.0897336811,13.17232995,0.1880380945,175.7978267,0.2991170884,2568.056671,0.3303424567,5236.893743,-0.8279355796,-0.8662835979,1,0.9836666667,0.8196666667,0.2896666667,1.518363481,0.5134372627,0.4865627373,2.004432582
block_63_matched,baseline,block,63,0.03,12m,1,30,3000,NDX_90_20,NDX LEAPS,NASDAQ100_1X,0.9,0.2,0.1327515178,-0.3932692484,-0.7343139977,0,0.7433333333,0.2376666667,0.0696873938,7.546515667,0.08249049094,10.78375034,0.1315526639,40.76774408,0.1833621427,156.1817491,0.1984308916,228.2955778,-0.5128650976,-0.5531723796,0.4686666667,0.1226666667,0.01966666667,0,0.6822123748,0.2209588175,0.7790411825,1.461331489
block_63_matched,baseline,block,63,0.03,12m,1,30,3000,NDX_90_25,NDX LEAPS,NASDAQ100_1X,0.9,0.25,0.146889766,-0.4484923835,-0.797189885,0,0.571,0.1453333333,0.07255680099,8.17806756,0.08796844181,12.54699822,0.1451667848,58.36370809,0.2074650109,285.9886369,0.2256623371,447.9675145,-0.5754469112,-0.6178335379,0.728,0.2886666667,0.066,0.003666666667,0.8423563444,0.2716910061,0.7283089939,1.570870316
block_63_matched,baseline,block,63,0.03,12m,1,30,3000,NDX_90_30,NDX LEAPS,NASDAQ100_1X,0.9,0.3,0.1594658199,-0.5051841608,-0.8572920926,0,0.3253333333,0.1043333333,0.07305421854,8.292622815,0.09082002955,13.57203085,0.1568785807,79.1990645,0.2306484433,505.9919507,0.2518896957,845.5038255,-0.6400491423,-0.6793359219,0.909,0.5213333333,0.177,0.01433333333,1.000540582,0.3212720359,0.6787279641,1.679089585
block_63_matched,baseline,block,63,0.03,12m,1,30,3000,NDX_90_35,NDX LEAPS,NASDAQ100_1X,0.9,0.35,0.1705328974,-0.5622736329,-0.9043136381,0,0.1796666667,0.08366666667,0.07275568661,8.22378653,0.09224115146,14.11265493,0.1675249899,104.2503977,0.2526838297,861.7436239,0.27700094,1534.202251,-0.7010311225,-0.7423474505,0.981,0.7523333333,0.3566666667,0.04566666667,1.156255754,0.37006867,0.62993133,1.786084612
block_63_matched,baseline,block,63,0.03,12m,1,30,3000,NDX_90_40,NDX LEAPS,NASDAQ100_1X,0.9,0.4,0.1801200602,-0.6165005382,-0.9381840593,0.001666666667,0.1283333333,0.079,0.07137526878,7.912060429,0.09148931396,13.82411573,0.1774982146,134.5565594,0.2733227633,1407.05623,0.3007526654,2666.846799,-0.7548548567,-0.799525078,0.999,0.903,0.5773333333,0.1083333333,1.31065554,0.4180432837,0.5819567163,1.893148729
block_63_matched,baseline,block,63,0.03,12m,1,30,3000,NDX_90_45,NDX LEAPS,NASDAQ100_1X,0.9,0.45,0.1882347783,-0.6688385241,-0.9643058814,0.002666666667,0.1176666667,0.08566666667,0.0674906443,7.095143289,0.08957062609,13.11331831,0.1856086254,165.3262206,0.2922549048,2190.776818,0.3233816988,4474.251532,-0.8057056592,-0.846718605,1,0.9713333333,0.7456666667,0.23,1.46438164,0.4654640585,0.5345359415,1.99949756
block_63_matched,baseline,block,63,0.03,12m,1,30,3000,NDX_90_50,NDX LEAPS,NASDAQ100_1X,0.9,0.5,0.1948635971,-0.7178236565,-0.982044289,0.007,0.1266666667,0.09533333333,0.06164969854,6.018303049,0.0861922241,11.94675569,0.1907885942,188.4273157,0.3107811749,3357.89246,0.3443067774,7163.543195,-0.8508154892,-0.8839271895,1,0.9943333333,0.8816666667,0.381,1.617276498,0.5123127716,0.4876872284,2.105346703
block_63_matched,baseline,block,63,0.03,12m,1,30,3000,NDX_95_20,NDX LEAPS,NASDAQ100_1X,0.95,0.2,0.1360498982,-0.4108445057,-0.74724198,0,0.7103333333,0.2146666667,0.06948835038,7.504499786,0.08261683499,10.82158772,0.1345816383,44.17210465,0.1905629029,187.3588743,0.2063011718,277.8331782,-0.5329251396,-0.5725748649,0.5586666667,0.1686666667,0.029,0,0.7267446335,0.2211983212,0.7788016788,1.50576505
block_63_matched,baseline,block,63,0.03,12m,1,30,3000,NDX_95_25,NDX LEAPS,NASDAQ100_1X,0.95,0.25,0.1503994368,-0.4695451,-0.8205847725,0,0.504,0.137,0.07088521097,7.804200643,0.08722942562,12.29378744,0.1486686192,63.96246164,0.2155060068,349.0031858,0.2351936337,565.1672641,-0.5977852709,-0.6389350983,0.7993333333,0.3713333333,0.09566666667,0.005666666667,0.896783872,0.2716998963,0.7283001037,1.625143914
block_63_matched,baseline,block,63,0.03,12m,1,30,3000,NDX_95_30,NDX LEAPS,NASDAQ100_1X,0.95,0.3,0.1630043112,-0.5287365178,-0.8774688762,0.0003333333333,0.2866666667,0.1053333333,0.07108845092,7.848758308,0.08959246623,13.12120879,0.1605157274,87.02007438,0.2401758753,637.714584,0.262866647,1098.660655,-0.6652016712,-0.7039933685,0.9483333333,0.6143333333,0.236,0.021,1.064128733,0.321107406,0.678892594,1.743277432
block_63_matched,baseline,block,63,0.03,12m,1,30,3000,NDX_95_35,NDX LEAPS,NASDAQ100_1X,0.95,0.35,0.1739315826,-0.587170278,-0.9204806014,0.001333333333,0.177,0.092,0.07056238109,7.733924641,0.09046007331,13.43831891,0.1706390589,112.9234224,0.2620735794,1078.148655,0.2892345542,2042.255487,-0.7238326037,-0.7657727155,0.9936666667,0.8323333333,0.4526666667,0.06633333333,1.229213367,0.3694774683,0.6305225317,1.859945541
block_63_matched,baseline,block,63,0.03,12m,1,30,3000,NDX_95_40,NDX LEAPS,NASDAQ100_1X,0.95,0.4,0.1832189456,-0.6438463205,-0.9502710896,0.002333333333,0.142,0.09433333333,0.06693251803,6.984698169,0.08859159504,12.7643831,0.1799539543,143.2353853,0.282928617,1762.881956,0.3131072107,3541.339273,-0.7791507596,-0.8207206697,1,0.9406666667,0.6656666667,0.1653333333,1.392624778,0.4170678146,0.5829321854,1.975569394
block_63_matched,baseline,block,63,0.03,12m,1,30,3000,NDX_95_45,NDX LEAPS,NASDAQ100_1X,0.95,0.45,0.1908783291,-0.6956918364,-0.9752678478,0.005666666667,0.1383333333,0.09733333333,0.06235808239,6.139962997,0.08528192365,11.65019844,0.1871478291,171.8885157,0.3018506162,2735.215098,0.3363522976,5995.169659,-0.8296409952,-0.8653169477,1,0.9866666667,0.8276666667,0.3003333333,1.555703075,0.4642011062,0.5357988938,2.09173451
block_63_matched,baseline,block,63,0.03,12m,1,30,3000,NDX_95_50,NDX LEAPS,NASDAQ100_1X,0.95,0.5,0.1968970479,-0.7434331826,-0.9883073705,0.01166666667,0.1516666667,0.1066666667,0.05645659905,5.195085296,0.08078635923,10.28588919,0.1923429946,195.9479698,0.3207548298,4215.340331,0.3569513404,9486.590688,-0.8719100383,-0.9028312454,1,0.999,0.925,0.471,1.717412558,0.5108060705,0.4891939295,2.207975819
treasury_leverage,tsy_100,treasury_leverage,63,0.03,12m,1,30,3000,SP500_1X,index,SP500_1X,,,0.1119844398,-0.4157060392,-0.7767613858,0,0,0,0.06231028142,6.131652723,0.07245775549,8.155440994,0.1117870253,24.0276365,0.1514301177,68.74029416,0.1623048874,91.1362953,-0.546522691,-0.588483996,0.575,0.196,0.043,0.001333333333,,,,
treasury_leverage,tsy_100,treasury_leverage,63,0.03,12m,1,30,3000,NASDAQ100_1X,index,NASDAQ100_1X,,,0.1500240492,-0.5631256841,-0.9282673494,0,0,0.108,0.06698958025,6.995905191,0.08513615101,11.60314627,0.1500135923,66.24793169,0.2179794206,370.9503173,0.2360234704,576.6730964,-0.7156025337,-0.7574168851,0.969,0.736,0.377,0.06,,,,
treasury_leverage,tsy_100,treasury_leverage,63,0.03,12m,1,30,3000,SPX_80_25,SP500 LEAPS,SP500_1X,0.8,0.25,0.1203505783,-0.3637292017,-0.7261880101,0,0.3376666667,0.3376666667,0.07055730183,7.732824287,0.0808001293,10.28982272,0.1198978902,29.88272093,0.160394762,86.74835821,0.1720162113,116.9776928,-0.4742626031,-0.5125220781,0.316,0.064,0.006333333333,0,0.8935183683,0.2678882302,0.7321117698,1.625699393
treasury_leverage,tsy_100,treasury_leverage,63,0.03,12m,1,30,3000,SPX_85_30,SP500 LEAPS,SP500_1X,0.85,0.3,0.1353965376,-0.4304494106,-0.8075631966,0,0.1153333333,0.1153333333,0.0736024451,8.420688133,0.08535683162,11.67415222,0.1348480974,44.48435979,0.1876450343,174.0611945,0.2008464516,242.511974,-0.5497947694,-0.5904692975,0.6586666667,0.2066666667,0.04166666667,0.001666666667,1.176939562,0.3189471845,0.6810528155,1.858339822
treasury_leverage,tsy_100,treasury_leverage,63,0.03,12m,1,30,3000,SPX_85_35,SP500 LEAPS,SP500_1X,0.85,0.35,0.1449518212,-0.477386927,-0.8617563665,0,0.05966666667,0.05966666667,0.07424243004,8.57258581,0.08796206183,12.54476891,0.1438457758,56.37729757,0.2048807561,268.1839923,0.2191046163,381.3707802,-0.6036081254,-0.6422708261,0.8566666667,0.391,0.1046666667,0.003666666667,1.364077206,0.3685957572,0.6314042428,1.995898649
treasury_leverage,tsy_100,treasury_leverage,63,0.03,12m,1,30,3000,SPX_85_40,SP500 LEAPS,SP500_1X,0.85,0.4,0.1536126636,-0.5258231743,-0.9024992287,0,0.04133333333,0.04133333333,0.07407791567,8.533301279,0.08890767766,12.87604478,0.152115573,69.97865563,0.2204501549,394.2045023,0.2393580901,625.2189652,-0.6580770415,-0.6959789176,0.9596666667,0.618,0.2206666667,0.01966666667,1.549271701,0.4176347071,0.5823652929,2.131353732
treasury_leverage,tsy_100,treasury_leverage,63,0.03,12m,1,30,3000,SPX_85_45,SP500 LEAPS,SP500_1X,0.85,0.45,0.1613757465,-0.5727644432,-0.9326456997,0.0006666666667,0.037,0.037,0.07175397679,7.996396514,0.08882081099,12.8452627,0.1589973874,83.66839693,0.2356177325,571.0179527,0.2580332688,979.2652763,-0.7104019205,-0.7503974178,0.992,0.8033333333,0.3946666667,0.05033333333,1.733379992,0.4661453716,0.5338546284,2.266984391
treasury_leverage,tsy_100,treasury_leverage,63,0.03,12m,1,30,3000,SPX_85_50,SP500 LEAPS,SP500_1X,0.85,0.5,0.1682285371,-0.6198449663,-0.9545510049,0.001333333333,0.03966666667,0.03966666667,0.06983360372,7.577521755,0.08786610491,12.51161873,0.165308364,98.47295653,0.2497767883,803.7247973,0.2750706433,1466.128571,-0.7578998563,-0.7986841328,0.9983333333,0.9176666667,0.579,0.1103333333,1.916997541,0.5141555684,0.4858444316,2.402370582
treasury_leverage,tsy_100,treasury_leverage,63,0.03,12m,1,30,3000,SPX_90_30,SP500 LEAPS,SP500_1X,0.9,0.3,0.1393670606,-0.4581370789,-0.8446501662,0,0.106,0.106,0.07158043542,7.95767026,0.08431952152,11.34400949,0.1384741495,48.95221342,0.1968619567,219.4972219,0.2121988786,321.6109709,-0.5795011682,-0.6233670451,0.7816666667,0.3176666667,0.075,0.002333333333,1.296678314,0.3191406155,0.6808593845,1.977156036
treasury_leverage,tsy_100,treasury_leverage,63,0.03,12m,1,30,3000,SPX_90_35,SP500 LEAPS,SP500_1X,0.9,0.35,0.1489453003,-0.50908697,-0.8927312204,0,0.064,0.064,0.07074226809,7.773013519,0.08586680702,11.83984036,0.147501694,62.041441,0.2149470407,344.2201432,0.2333093933,539.8660587,-0.6399295213,-0.6799742781,0.932,0.538,0.17,0.01166666667,1.500988875,0.3684514612,0.6315485388,2.132728506
treasury_leverage,tsy_100,treasury_leverage,63,0.03,12m,1,30,3000,SPX_90_40,SP500 LEAPS,SP500_1X,0.9,0.4,0.1574727978,-0.5601027145,-0.9274382466,0.0006666666667,0.052,0.052,0.06939608839,7.485100355,0.08600159186,11.88400715,0.1554294748,76.27622585,0.2312169882,513.0536209,0.2533579545,875.765773,-0.6953476826,-0.7372979192,0.984,0.7453333333,0.3393333333,0.03533333333,1.704299339,0.4171077757,0.5828922243,2.2875693
treasury_leverage,tsy_100,treasury_leverage,63,0.03,12m,1,30,3000,SPX_90_45,SP500 LEAPS,SP500_1X,0.9,0.45,0.1649482781,-0.6094546629,-0.9520488716,0.001333333333,0.05433333333,0.05433333333,0.0671366268,7.024890432,0.0848974246,11.52680846,0.1617889282,89.93038754,0.2467140761,746.6896894,0.2726011909,1383.289873,-0.7468406442,-0.7890029679,0.9983333333,0.8943333333,0.5346666667,0.09466666667,1.905808699,0.4653176031,0.5346823969,2.440664107
treasury_leverage,tsy_100,treasury_leverage,63,0.03,12m,1,30,3000,SPX_90_50,SP500 LEAPS,SP500_1X,0.9,0.5,0.1713585949,-0.6563474678,-0.9691460184,0.002,0.06366666667,0.06366666667,0.0637830799,6.391890731,0.08232981848,10.73583291,0.1679284068,105.3365843,0.2623910069,1086.31387,0.2903890896,2097.839612,-0.7932510449,-0.832501717,1,0.9683333333,0.715,0.1926666667,2.107069127,0.5130235817,0.4869764183,2.593762699
treasury_leverage,tsy_100,treasury_leverage,63,0.03,12m,1,30,3000,SPX_95_30,SP500 LEAPS,SP500_1X,0.95,0.3,0.1419183338,-0.4876602097,-0.8769880794,0,0.116,0.116,0.06681991417,6.962606893,0.08127903641,10.42750782,0.1405223202,51.66451523,0.2051967815,270.3027566,0.2229755112,419.423514,-0.6134074472,-0.6565344447,0.8826666667,0.4446666667,0.1233333333,0.007333333333,1.420335716,0.3185594458,0.6814405542,2.101817326
treasury_leverage,tsy_100,treasury_leverage,63,0.03,12m,1,30,3000,SPX_95_35,SP500 LEAPS,SP500_1X,0.95,0.35,0.1511952745,-0.5417171837,-0.918565734,0.0006666666667,0.08666666667,0.08666666667,0.06574569384,6.755316161,0.08152037434,10.49754518,0.1492061166,64.86654133,0.2232990855,422.7654257,0.2454037251,723.4950565,-0.6750398958,-0.7165785564,0.9713333333,0.681,0.277,0.02633333333,1.643734224,0.3675462468,0.6324537532,2.275324436
treasury_leverage,tsy_100,treasury_leverage,63,0.03,12m,1,30,3000,SPX_95_40,SP500 LEAPS,SP500_1X,0.95,0.4,0.159249857,-0.5945480256,-0.947298848,0.001333333333,0.081,0.081,0.06270215111,6.199875211,0.08040998945,10.1789743,0.156376588,78.17461729,0.2400432582,635.6730648,0.2669588662,1210.64317,-0.7335615874,-0.7754231423,0.9956666667,0.8616666667,0.482,0.07566666667,1.865122687,0.4158798441,0.5841201559,2.448840518
treasury_leverage,tsy_100,treasury_leverage,63,0.03,12m,1,30,3000,SPX_95_45,SP500 LEAPS,SP500_1X,0.95,0.45,0.1660839641,-0.6458397365,-0.9667686012,0.003,0.08766666667,0.08766666667,0.05939521178,5.646439649,0.07830463274,9.600394204,0.1618383432,90.0452092,0.2567527319,949.7986667,0.2863628247,1910.097775,-0.7852873962,-0.8241019991,1,0.9566666667,0.679,0.1683333333,2.08481241,0.4637689205,0.5362310795,2.62166013
treasury_leverage,tsy_100,treasury_leverage,63,0.03,12m,1,30,3000,SPX_95_50,SP500 LEAPS,SP500_1X,0.95,0.5,0.1716843644,-0.6952229948,-0.9796656117,0.005666666667,0.103,0.103,0.05384667638,4.823411699,0.0736102625,8.42251959,0.1675228166,104.2446099,0.2717114023,1354.5664,0.3056374855,2984.261533,-0.8313587787,-0.8653423469,1,0.99,0.8303333333,0.304,2.304139788,0.5110562668,0.4889437332,2.793575252
treasury_leverage,tsy_100,treasury_leverage,63,0.03,12m,1,30,3000,NDX_80_20,NDX LEAPS,NASDAQ100_1X,0.8,0.2,0.1252561741,-0.3631169646,-0.7063843983,0,0.7956666667,0.322,0.069456372,7.497769913,0.08130297287,10.43442175,0.1242902179,33.60644783,0.1687903276,107.6938808,0.1822205235,151.7243557,-0.4769121015,-0.5157902659,0.324,0.06766666667,0.009666666667,0,0.5953474888,0.2197387517,0.7802612483,1.375418419
treasury_leverage,tsy_100,treasury_leverage,63,0.03,12m,1,30,3000,NDX_80_25,NDX LEAPS,NASDAQ100_1X,0.8,0.25,0.1385757664,-0.4090257092,-0.7589672744,0,0.6913333333,0.1816666667,0.07389727322,8.49033228,0.08703028416,12.22641209,0.1370789493,47.18403192,0.1908410443,188.6767253,0.2059019623,275.0878344,-0.5295455686,-0.5701249445,0.548,0.1646666667,0.02766666667,0.0006666666667,0.7363058078,0.2709327624,0.7290672376,1.465640743
treasury_leverage,tsy_100,treasury_leverage,63,0.03,12m,1,30,3000,NDX_80_30,NDX LEAPS,NASDAQ100_1X,0.8,0.3,0.1506635783,-0.4604547929,-0.8120692023,0,0.502,0.1116666667,0.07551167409,8.881723353,0.09091672931,13.60818208,0.1492703431,64.97544099,0.211853376,318.8721558,0.2297216342,494.6838837,-0.5898952689,-0.6304693073,0.7746666667,0.3393333333,0.08666666667,0.004666666667,0.8759555249,0.3210709858,0.6789290142,1.554644061
treasury_leverage,tsy_100,treasury_leverage,63,0.03,12m,1,30,3000,NDX_80_35,NDX LEAPS,NASDAQ100_1X,0.8,0.35,0.1615519792,-0.5127755913,-0.8641886597,0,0.2713333333,0.08533333333,0.07614607063,9.040272038,0.09289915407,14.36997025,0.15980785,85.44174586,0.2315919957,517.7615449,0.2516902996,841.4727645,-0.6504644256,-0.690730538,0.9243333333,0.555,0.201,0.01766666667,1.013755479,0.3703533068,0.6296466932,1.642767629
treasury_leverage,tsy_100,treasury_leverage,63,0.03,12m,1,30,3000,NDX_80_40,NDX LEAPS,NASDAQ100_1X,0.8,0.4,0.1712573203,-0.5667883928,-0.9060901004,0,0.1383333333,0.07266666667,0.07554367444,8.889653032,0.09468929133,15.09315205,0.1690780636,108.4927112,0.2507023663,821.7737778,0.2736409957,1417.609966,-0.7047301222,-0.7508736379,0.9836666667,0.761,0.3693333333,0.05066666667,1.149761219,0.4188998265,0.5811001735,1.730527819
treasury_leverage,tsy_100,treasury_leverage,63,0.03,12m,1,30,3000,NDX_80_45,NDX LEAPS,NASDAQ100_1X,0.8,0.45,0.1797811413,-0.6177880444,-0.9366578512,0.0006666666667,0.095,0.073,0.0741536681,8.551365559,0.0943842086,14.96746856,0.1775034331,134.574497,0.2693218663,1280.249839,0.2954606245,2359.830141,-0.7570511982,-0.8012147891,0.998,0.8973333333,0.5683333333,0.1116666667,1.285255257,0.4668646193,0.5331353807,1.818344288
treasury_leverage,tsy_100,treasury_leverage,63,0.03,12m,1,30,3000,NDX_80_50,NDX LEAPS,NASDAQ100_1X,0.8,0.5,0.1871102634,-0.6653942714,-0.9587171757,0.002,0.089,0.07666666667,0.07059634202,7.741288485,0.0931202442,14.45744442,0.1839452383,158.507193,0.2863970536,1911.622677,0.3153929121,3731.022766,-0.8038295072,-0.8455626862,1,0.964,0.734,0.22,1.42045018,0.5143106513,0.4856893487,1.905697697
treasury_leverage,tsy_100,treasury_leverage,63,0.03,12m,1,30,3000,NDX_85_20,NDX LEAPS,NASDAQ100_1X,0.85,0.2,0.1291299544,-0.3781124241,-0.720741376,0,0.772,0.2726666667,0.0701707218,7.649487513,0.08234017659,10.73891577,0.1281321015,37.22807221,0.1757012928,128.5304727,0.1905581111,187.3361721,-0.4954754786,-0.5344794063,0.397,0.09266666667,0.01233333333,0,0.6383401218,0.2204349701,0.7795650299,1.417782382
treasury_leverage,tsy_100,treasury_leverage,63,0.03,12m,1,30,3000,NDX_85_25,NDX LEAPS,NASDAQ100_1X,0.85,0.25,0.1429189568,-0.4280879065,-0.7740519927,0,0.6306666667,0.1616666667,0.07342787359,8.379695115,0.08793590248,12.53572378,0.1416103859,53.16381197,0.1994404553,234.1364952,0.2160760514,353.947158,-0.5505199919,-0.594101481,0.6406666667,0.2223333333,0.04466666667,0.001666666667,0.7884508019,0.2713541127,0.7286458873,1.517491924
treasury_leverage,tsy_100,treasury_leverage,63,0.03,12m,1,30,3000,NDX_85_30,NDX LEAPS,NASDAQ100_1X,0.85,0.3,0.1553172375,-0.4823242153,-0.8349051758,0,0.4013333333,0.1046666667,0.07459125842,8.656490778,0.09119249668,13.71175404,0.1536921756,72.90938152,0.221104113,400.5895171,0.2407257771,646.2527318,-0.6145794642,-0.6557312664,0.8563333333,0.4286666667,0.1216666667,0.007,0.9373506709,0.3212414135,0.6787585865,1.616061715
treasury_leverage,tsy_100,treasury_leverage,63,0.03,12m,1,30,3000,NDX_85_35,NDX LEAPS,NASDAQ100_1X,0.85,0.35,0.1663665009,-0.5366927894,-0.8856897768,0,0.2096666667,0.08233333333,0.07446089953,8.625041189,0.09305542328,14.43173322,0.1641069602,95.47232156,0.2426553039,677.0948578,0.2645518825,1143.507825,-0.6755924608,-0.7177970345,0.9623333333,0.6633333333,0.2696666667,0.028,1.083864833,0.3703998448,0.6296001552,1.713955016
treasury_leverage,tsy_100,treasury_leverage,63,0.03,12m,1,30,3000,NDX_85_40,NDX LEAPS,NASDAQ100_1X,0.85,0.4,0.1760887219,-0.591340478,-0.9235767129,0.0006666666667,0.1266666667,0.07466666667,0.07430932332,8.58861149,0.09407110091,14.83955379,0.1735003702,121.5044456,0.2621150048,1079.210853,0.2881818541,1992.811801,-0.7304618992,-0.7785051126,0.9943333333,0.8436666667,0.4666666667,0.07366666667,1.229134494,0.4186706827,0.5813293173,1.811028617
treasury_leverage,tsy_100,treasury_leverage,63,0.03,12m,1,30,3000,NDX_85_45,NDX LEAPS,NASDAQ100_1X,0.85,0.45,0.1844879264,-0.6432491247,-0.9502948422,0.001666666667,0.103,0.07733333333,0.07165737329,7.974810356,0.09305894243,14.43316073,0.1823517282,152.2302158,0.2808669052,1679.842823,0.3101947051,3313.118953,-0.781316229,-0.8251226047,0.9996666667,0.9403333333,0.6683333333,0.1686666667,1.373991083,0.466343109,0.533656891,1.90780397
treasury_leverage,tsy_100,treasury_leverage,63,0.03,12m,1,30,3000,NDX_85_50,NDX LEAPS,NASDAQ100_1X,0.85,0.5,0.1915505136,-0.6912247013,-0.9725995666,0.003333333333,0.103,0.084,0.06678878728,6.956517697,0.0897336811,13.17232995,0.1880380945,175.7978267,0.2991170884,2568.056671,0.3303424567,5236.893743,-0.8279355796,-0.8662835979,1,0.9836666667,0.8196666667,0.2896666667,1.518363481,0.5134372627,0.4865627373,2.004432582
treasury_leverage,tsy_100,treasury_leverage,63,0.03,12m,1,30,3000,NDX_90_20,NDX LEAPS,NASDAQ100_1X,0.9,0.2,0.1327515178,-0.3932692484,-0.7343139977,0,0.7433333333,0.2376666667,0.0696873938,7.546515667,0.08249049094,10.78375034,0.1315526639,40.76774408,0.1833621427,156.1817491,0.1984308916,228.2955778,-0.5128650976,-0.5531723796,0.4686666667,0.1226666667,0.01966666667,0,0.6822123748,0.2209588175,0.7790411825,1.461331489
treasury_leverage,tsy_100,treasury_leverage,63,0.03,12m,1,30,3000,NDX_90_25,NDX LEAPS,NASDAQ100_1X,0.9,0.25,0.146889766,-0.4484923835,-0.797189885,0,0.571,0.1453333333,0.07255680099,8.17806756,0.08796844181,12.54699822,0.1451667848,58.36370809,0.2074650109,285.9886369,0.2256623371,447.9675145,-0.5754469112,-0.6178335379,0.728,0.2886666667,0.066,0.003666666667,0.8423563444,0.2716910061,0.7283089939,1.570870316
treasury_leverage,tsy_100,treasury_leverage,63,0.03,12m,1,30,3000,NDX_90_30,NDX LEAPS,NASDAQ100_1X,0.9,0.3,0.1594658199,-0.5051841608,-0.8572920926,0,0.3253333333,0.1043333333,0.07305421854,8.292622815,0.09082002955,13.57203085,0.1568785807,79.1990645,0.2306484433,505.9919507,0.2518896957,845.5038255,-0.6400491423,-0.6793359219,0.909,0.5213333333,0.177,0.01433333333,1.000540582,0.3212720359,0.6787279641,1.679089585
treasury_leverage,tsy_100,treasury_leverage,63,0.03,12m,1,30,3000,NDX_90_35,NDX LEAPS,NASDAQ100_1X,0.9,0.35,0.1705328974,-0.5622736329,-0.9043136381,0,0.1796666667,0.08366666667,0.07275568661,8.22378653,0.09224115146,14.11265493,0.1675249899,104.2503977,0.2526838297,861.7436239,0.27700094,1534.202251,-0.7010311225,-0.7423474505,0.981,0.7523333333,0.3566666667,0.04566666667,1.156255754,0.37006867,0.62993133,1.786084612
treasury_leverage,tsy_100,treasury_leverage,63,0.03,12m,1,30,3000,NDX_90_40,NDX LEAPS,NASDAQ100_1X,0.9,0.4,0.1801200602,-0.6165005382,-0.9381840593,0.001666666667,0.1283333333,0.079,0.07137526878,7.912060429,0.09148931396,13.82411573,0.1774982146,134.5565594,0.2733227633,1407.05623,0.3007526654,2666.846799,-0.7548548567,-0.799525078,0.999,0.903,0.5773333333,0.1083333333,1.31065554,0.4180432837,0.5819567163,1.893148729
treasury_leverage,tsy_100,treasury_leverage,63,0.03,12m,1,30,3000,NDX_90_45,NDX LEAPS,NASDAQ100_1X,0.9,0.45,0.1882347783,-0.6688385241,-0.9643058814,0.002666666667,0.1176666667,0.08566666667,0.0674906443,7.095143289,0.08957062609,13.11331831,0.1856086254,165.3262206,0.2922549048,2190.776818,0.3233816988,4474.251532,-0.8057056592,-0.846718605,1,0.9713333333,0.7456666667,0.23,1.46438164,0.4654640585,0.5345359415,1.99949756
treasury_leverage,tsy_100,treasury_leverage,63,0.03,12m,1,30,3000,NDX_90_50,NDX LEAPS,NASDAQ100_1X,0.9,0.5,0.1948635971,-0.7178236565,-0.982044289,0.007,0.1266666667,0.09533333333,0.06164969854,6.018303049,0.0861922241,11.94675569,0.1907885942,188.4273157,0.3107811749,3357.89246,0.3443067774,7163.543195,-0.8508154892,-0.8839271895,1,0.9943333333,0.8816666667,0.381,1.617276498,0.5123127716,0.4876872284,2.105346703
treasury_leverage,tsy_100,treasury_leverage,63,0.03,12m,1,30,3000,NDX_95_20,NDX LEAPS,NASDAQ100_1X,0.95,0.2,0.1360498982,-0.4108445057,-0.74724198,0,0.7103333333,0.2146666667,0.06948835038,7.504499786,0.08261683499,10.82158772,0.1345816383,44.17210465,0.1905629029,187.3588743,0.2063011718,277.8331782,-0.5329251396,-0.5725748649,0.5586666667,0.1686666667,0.029,0,0.7267446335,0.2211983212,0.7788016788,1.50576505
treasury_leverage,tsy_100,treasury_leverage,63,0.03,12m,1,30,3000,NDX_95_25,NDX LEAPS,NASDAQ100_1X,0.95,0.25,0.1503994368,-0.4695451,-0.8205847725,0,0.504,0.137,0.07088521097,7.804200643,0.08722942562,12.29378744,0.1486686192,63.96246164,0.2155060068,349.0031858,0.2351936337,565.1672641,-0.5977852709,-0.6389350983,0.7993333333,0.3713333333,0.09566666667,0.005666666667,0.896783872,0.2716998963,0.7283001037,1.625143914
treasury_leverage,tsy_100,treasury_leverage,63,0.03,12m,1,30,3000,NDX_95_30,NDX LEAPS,NASDAQ100_1X,0.95,0.3,0.1630043112,-0.5287365178,-0.8774688762,0.0003333333333,0.2866666667,0.1053333333,0.07108845092,7.848758308,0.08959246623,13.12120879,0.1605157274,87.02007438,0.2401758753,637.714584,0.262866647,1098.660655,-0.6652016712,-0.7039933685,0.9483333333,0.6143333333,0.236,0.021,1.064128733,0.321107406,0.678892594,1.743277432
treasury_leverage,tsy_100,treasury_leverage,63,0.03,12m,1,30,3000,NDX_95_35,NDX LEAPS,NASDAQ100_1X,0.95,0.35,0.1739315826,-0.587170278,-0.9204806014,0.001333333333,0.177,0.092,0.07056238109,7.733924641,0.09046007331,13.43831891,0.1706390589,112.9234224,0.2620735794,1078.148655,0.2892345542,2042.255487,-0.7238326037,-0.7657727155,0.9936666667,0.8323333333,0.4526666667,0.06633333333,1.229213367,0.3694774683,0.6305225317,1.859945541
treasury_leverage,tsy_100,treasury_leverage,63,0.03,12m,1,30,3000,NDX_95_40,NDX LEAPS,NASDAQ100_1X,0.95,0.4,0.1832189456,-0.6438463205,-0.9502710896,0.002333333333,0.142,0.09433333333,0.06693251803,6.984698169,0.08859159504,12.7643831,0.1799539543,143.2353853,0.282928617,1762.881956,0.3131072107,3541.339273,-0.7791507596,-0.8207206697,1,0.9406666667,0.6656666667,0.1653333333,1.392624778,0.4170678146,0.5829321854,1.975569394
treasury_leverage,tsy_100,treasury_leverage,63,0.03,12m,1,30,3000,NDX_95_45,NDX LEAPS,NASDAQ100_1X,0.95,0.45,0.1908783291,-0.6956918364,-0.9752678478,0.005666666667,0.1383333333,0.09733333333,0.06235808239,6.139962997,0.08528192365,11.65019844,0.1871478291,171.8885157,0.3018506162,2735.215098,0.3363522976,5995.169659,-0.8296409952,-0.8653169477,1,0.9866666667,0.8276666667,0.3003333333,1.555703075,0.4642011062,0.5357988938,2.09173451
treasury_leverage,tsy_100,treasury_leverage,63,0.03,12m,1,30,3000,NDX_95_50,NDX LEAPS,NASDAQ100_1X,0.95,0.5,0.1968970479,-0.7434331826,-0.9883073705,0.01166666667,0.1516666667,0.1066666667,0.05645659905,5.195085296,0.08078635923,10.28588919,0.1923429946,195.9479698,0.3207548298,4215.340331,0.3569513404,9486.590688,-0.8719100383,-0.9028312454,1,0.999,0.925,0.471,1.717412558,0.5108060705,0.4891939295,2.207975819
treasury_leverage,tsy_125,treasury_leverage,63,0.03,12m,1.25,30,3000,SP500_1X,index,SP500_1X,,,0.1119844398,-0.4157060392,-0.7767613858,0,0,0,0.06231028142,6.131652723,0.07245775549,8.155440994,0.1117870253,24.0276365,0.1514301177,68.74029416,0.1623048874,91.1362953,-0.546522691,-0.588483996,0.575,0.196,0.043,0.001333333333,,,,
treasury_leverage,tsy_125,treasury_leverage,63,0.03,12m,1.25,30,3000,NASDAQ100_1X,index,NASDAQ100_1X,,,0.1500240492,-0.5631256841,-0.9282673494,0,0,0.108,0.06698958025,6.995905191,0.08513615101,11.60314627,0.1500135923,66.24793169,0.2179794206,370.9503173,0.2360234704,576.6730964,-0.7156025337,-0.7574168851,0.969,0.736,0.377,0.06,,,,
treasury_leverage,tsy_125,treasury_leverage,63,0.03,12m,1.25,30,3000,SPX_80_25,SP500 LEAPS,SP500_1X,0.8,0.25,0.123222269,-0.394372179,-0.7783248585,0,0.325,0.325,0.06881580804,7.364201356,0.08086906829,10.30953121,0.1230983992,32.55391846,0.1662338331,100.8464779,0.1783698068,137.5770204,-0.5147934299,-0.5605964625,0.4763333333,0.1283333333,0.024,0.0003333333333,0.8933080388,0.2678918239,0.9151352202,1.808500343
treasury_leverage,tsy_125,treasury_leverage,63,0.03,12m,1.25,30,3000,SPX_85_30,SP500 LEAPS,SP500_1X,0.85,0.3,0.1382998771,-0.4516167512,-0.8302967773,0,0.1296666667,0.1296666667,0.07358214915,8.415902784,0.08640298288,12.01649338,0.1378967544,48.21282463,0.1916124689,192.3780963,0.2071258634,283.5884669,-0.5773584552,-0.622474433,0.7533333333,0.299,0.07133333333,0.003,1.176821863,0.3189613793,0.8512982758,2.028575703
treasury_leverage,tsy_125,treasury_leverage,63,0.03,12m,1.25,30,3000,SPX_85_35,SP500 LEAPS,SP500_1X,0.85,0.35,0.1478453844,-0.4934676578,-0.8773342513,0,0.071,0.071,0.07579263585,8.951595455,0.08935581625,13.03597864,0.1472774331,61.67917334,0.2083806582,292.5671034,0.2247906441,438.5068252,-0.6226232592,-0.6661587166,0.8986666667,0.4673333333,0.1343333333,0.008666666667,1.363605876,0.3684982084,0.7893772394,2.15296128
treasury_leverage,tsy_125,treasury_leverage,63,0.03,12m,1.25,30,3000,SPX_85_40,SP500 LEAPS,SP500_1X,0.85,0.4,0.1564720026,-0.5363043867,-0.9129278195,0,0.047,0.047,0.07516205662,8.795510924,0.09180763604,13.94558931,0.155112302,75.65053848,0.2248058233,438.6704554,0.2418031212,663.302415,-0.6709581345,-0.7101810561,0.9666666667,0.6603333333,0.2563333333,0.024,1.548587017,0.4174791687,0.7281510391,2.276461127
treasury_leverage,tsy_125,treasury_leverage,63,0.03,12m,1.25,30,3000,SPX_85_45,SP500 LEAPS,SP500_1X,0.85,0.45,0.1641768821,-0.5793012369,-0.939444661,0.0003333333333,0.038,0.038,0.0746446657,8.669408467,0.09095000479,13.62067167,0.1627052221,92.08275859,0.2397650632,631.4072857,0.2611318675,1054.272649,-0.7166844436,-0.7576505083,0.9916666667,0.8243333333,0.419,0.058,1.732987562,0.4659925209,0.6675093488,2.399925736
treasury_leverage,tsy_125,treasury_leverage,63,0.03,12m,1.25,30,3000,SPX_85_50,SP500 LEAPS,SP500_1X,0.85,0.5,0.1709475377,-0.6230624124,-0.958851092,0.001,0.037,0.037,0.07104024099,7.838167236,0.0900193896,13.2763302,0.1683627581,106.5181627,0.2536721982,882.3774846,0.2778775525,1566.112719,-0.761765323,-0.8026060129,0.9986666667,0.9256666667,0.5906666667,0.116,1.916444756,0.5139910674,0.6075111657,2.522802077
treasury_leverage,tsy_125,treasury_leverage,63,0.03,12m,1.25,30,3000,SPX_90_30,SP500 LEAPS,SP500_1X,0.9,0.3,0.1422811202,-0.4776842292,-0.8635670447,0,0.116,0.116,0.07157179298,7.955716403,0.08542100242,11.69486893,0.1416564656,53.2282325,0.2015313068,246.6958779,0.2174967959,366.565857,-0.6055983257,-0.651342972,0.8503333333,0.4033333333,0.11,0.005666666667,1.296166233,0.319019114,0.8512261074,2.147514581
treasury_leverage,tsy_125,treasury_leverage,63,0.03,12m,1.25,30,3000,SPX_90_35,SP500 LEAPS,SP500_1X,0.9,0.35,0.1518501854,-0.522411392,-0.9052583382,0,0.073,0.073,0.07237883435,8.137454158,0.08754294867,12.40059157,0.1509860264,67.94932311,0.2189035274,379.4876997,0.2369054394,589.1440912,-0.653848285,-0.6991869412,0.9496666667,0.6016666667,0.222,0.019,1.500912659,0.3683379171,0.7895776036,2.291035406
treasury_leverage,tsy_125,treasury_leverage,63,0.03,12m,1.25,30,3000,SPX_90_40,SP500 LEAPS,SP500_1X,0.9,0.4,0.1603444261,-0.5691827008,-0.9355285524,0.0003333333333,0.054,0.054,0.07101327519,7.832249827,0.08837082091,12.68695254,0.1586261982,82.86820547,0.2363187869,580.8183705,0.2569768989,954.8933749,-0.7050028724,-0.7479934971,0.9886666667,0.7796666667,0.3743333333,0.04633333333,1.703733093,0.4169317456,0.728835318,2.432637974
treasury_leverage,tsy_125,treasury_leverage,63,0.03,12m,1.25,30,3000,SPX_90_45,SP500 LEAPS,SP500_1X,0.9,0.45,0.1677630983,-0.6152381941,-0.9571265478,0.001,0.052,0.052,0.06958342088,7.524542049,0.0874701307,12.37570772,0.1653735779,98.63841276,0.2512916964,833.4703818,0.2755039108,1481.148218,-0.751985914,-0.794591863,0.9983333333,0.9093333333,0.555,0.1043333333,1.904840852,0.4650270149,0.6687162314,2.573771728
treasury_leverage,tsy_125,treasury_leverage,63,0.03,12m,1.25,30,3000,SPX_90_50,SP500 LEAPS,SP500_1X,0.9,0.5,0.1740931305,-0.6599797819,-0.9722298773,0.002,0.058,0.058,0.06510907359,6.635292154,0.08506501331,11.580341,0.170664607,112.9974811,0.2658222706,1178.479949,0.2930795031,2233.126456,-0.7961208368,-0.8346944425,1,0.9703333333,0.7293333333,0.1953333333,2.106201209,0.5127483522,0.6090645598,2.714950629
treasury_leverage,tsy_125,treasury_leverage,63,0.03,12m,1.25,30,3000,SPX_95_30,SP500 LEAPS,SP500_1X,0.95,0.3,0.1448353456,-0.5062834448,-0.8924079076,0,0.1186666667,0.1186666667,0.0681263961,7.223017189,0.08295774199,10.92427671,0.1439527199,56.53562914,0.2100801858,305.1672115,0.2280585838,475.0013668,-0.6396330112,-0.6829107695,0.9186666667,0.5263333333,0.174,0.01333333333,1.419973391,0.3186176493,0.8517279383,2.271848669
treasury_leverage,tsy_125,treasury_leverage,63,0.03,12m,1.25,30,3000,SPX_95_35,SP500 LEAPS,SP500_1X,0.95,0.35,0.1541028893,-0.5530409294,-0.928404549,0.0006666666667,0.087,0.087,0.06746656473,7.090352173,0.08390188943,11.21368712,0.1527979191,71.2328344,0.2278033148,472.0478879,0.2487800067,784.7118426,-0.6888846131,-0.7327546655,0.98,0.7296666667,0.3243333333,0.038,1.643446297,0.3675606515,0.7905491856,2.4338266
treasury_leverage,tsy_125,treasury_leverage,63,0.03,12m,1.25,30,3000,SPX_95_40,SP500 LEAPS,SP500_1X,0.95,0.4,0.1621245148,-0.6017837444,-0.9534102948,0.001333333333,0.083,0.083,0.06439547937,6.503210721,0.08244344273,10.76969823,0.1598470171,85.52830423,0.244829234,713.5488946,0.2694567839,1284.339239,-0.74058476,-0.7808952473,0.9963333333,0.8843333333,0.5066666667,0.08433333333,1.865239907,0.4157526432,0.730309196,2.594871497
treasury_leverage,tsy_125,treasury_leverage,63,0.03,12m,1.25,30,3000,SPX_95_45,SP500 LEAPS,SP500_1X,0.95,0.45,0.1689026933,-0.6510164152,-0.970449766,0.003333333333,0.08133333333,0.08133333333,0.0611625704,5.935988144,0.08024393548,10.13213887,0.1655707872,99.14041032,0.2604575927,1037.492122,0.2886807364,2016.094478,-0.7878025748,-0.8285738165,1,0.9596666667,0.695,0.1766666667,2.08434192,0.4634787234,0.6706515957,2.755064119
treasury_leverage,tsy_125,treasury_leverage,63,0.03,12m,1.25,30,3000,SPX_95_50,SP500 LEAPS,SP500_1X,0.95,0.5,0.1744242961,-0.6969390695,-0.9818026107,0.005666666667,0.094,0.094,0.05628746569,5.170077949,0.07695637064,9.246712739,0.1698962324,110.7933277,0.2748793991,1459.545004,0.3072607713,3097.629919,-0.834079641,-0.8669068707,1,0.99,0.8383333333,0.3043333333,2.303247027,0.5109223837,0.6113470203,2.914743527
treasury_leverage,tsy_125,treasury_leverage,63,0.03,12m,1.25,30,3000,NDX_80_20,NDX LEAPS,NASDAQ100_1X,0.8,0.2,0.1280929234,-0.4006955641,-0.7568116336,0,0.7513333333,0.311,0.06793824875,7.184944173,0.08099065128,10.34438839,0.1277632522,36.86461136,0.1749225477,126.000709,0.1888075656,179.2460667,-0.5282288509,-0.5682270664,0.5023333333,0.147,0.028,0.001,0.5955453944,0.2198447038,0.9751941202,1.570623544
treasury_leverage,tsy_125,treasury_leverage,63,0.03,12m,1.25,30,3000,NDX_80_25,NDX LEAPS,NASDAQ100_1X,0.8,0.25,0.1414462448,-0.4377030738,-0.7985486069,0,0.632,0.1796666667,0.07362520244,8.426042057,0.08782201797,12.49641669,0.1403988186,51.49687532,0.1951102263,210.0607191,0.2120224899,320.2098416,-0.5663728988,-0.6070854695,0.674,0.26,0.057,0.002666666667,0.7365218089,0.2710413611,0.9111982987,1.647577379
treasury_leverage,tsy_125,treasury_leverage,63,0.03,12m,1.25,30,3000,NDX_80_30,NDX LEAPS,NASDAQ100_1X,0.8,0.3,0.1535405131,-0.4798332294,-0.8405810412,0,0.4563333333,0.1156666667,0.07618569155,9.050239985,0.09227367652,14.12526165,0.1515765734,69.00311424,0.2153413606,347.5878696,0.2339199518,547.9419846,-0.6143841673,-0.6549957768,0.8243333333,0.4156666667,0.126,0.008666666667,0.8757689342,0.3211022017,0.8486222478,1.724171966
treasury_leverage,tsy_125,treasury_leverage,63,0.03,12m,1.25,30,3000,NDX_80_35,NDX LEAPS,NASDAQ100_1X,0.8,0.35,0.1644100819,-0.525157723,-0.8836763062,0,0.2656666667,0.08633333333,0.07725994909,9.325232549,0.09528170092,15.34013091,0.1630188878,92.83107348,0.2353515594,567.3391024,0.2568517178,952.0449363,-0.6649928503,-0.7065420638,0.9413333333,0.615,0.2436666667,0.02333333333,1.013122694,0.3703882987,0.7870146266,1.800101815
treasury_leverage,tsy_125,treasury_leverage,63,0.03,12m,1.25,30,3000,NDX_80_40,NDX LEAPS,NASDAQ100_1X,0.8,0.4,0.174072647,-0.5738890395,-0.9179563629,0,0.1433333333,0.07,0.0765146744,9.133638364,0.09637470302,15.80610652,0.1720914022,117.2030289,0.2538563087,886.2731604,0.2771897532,1541.019832,-0.7156959879,-0.7572315319,0.9856666667,0.787,0.4006666667,0.057,1.149601718,0.4189183905,0.7263520119,1.875578963
treasury_leverage,tsy_125,treasury_leverage,63,0.03,12m,1.25,30,3000,NDX_80_45,NDX LEAPS,NASDAQ100_1X,0.8,0.45,0.182530574,-0.6220446295,-0.9440583639,0.0006666666667,0.09833333333,0.067,0.07462892374,8.665598415,0.09660033094,15.90399004,0.1799513369,143.2258293,0.271803266,1357.503713,0.2971894643,2456.162798,-0.7633929322,-0.806058126,0.9983333333,0.9053333333,0.5836666667,0.118,1.284899444,0.4666657629,0.6666677964,1.95100868
treasury_leverage,tsy_125,treasury_leverage,63,0.03,12m,1.25,30,3000,NDX_80_50,NDX LEAPS,NASDAQ100_1X,0.8,0.5,0.1897710527,-0.6680174306,-0.962873982,0.001666666667,0.08633333333,0.07166666667,0.07173700217,7.992597722,0.0949614563,15.20615296,0.1874023471,172.9973049,0.2888386683,2023.528357,0.318178975,3975.536839,-0.8069760923,-0.8475867926,0.9996666667,0.9653333333,0.7476666667,0.2246666667,1.419863058,0.5140999758,0.6073750303,2.026803338
treasury_leverage,tsy_125,treasury_leverage,63,0.03,12m,1.25,30,3000,NDX_85_20,NDX LEAPS,NASDAQ100_1X,0.85,0.2,0.1319774918,-0.4141554464,-0.7689020456,0,0.7216666667,0.2693333333,0.06892666025,7.387150292,0.08241000752,10.75972397,0.1314775431,40.68661889,0.1810778111,147.3853374,0.1963782605,216.8512754,-0.5431984208,-0.5835439646,0.56,0.1826666667,0.037,0.001333333333,0.6383040834,0.2205326263,0.9743342171,1.612862411
treasury_leverage,tsy_125,treasury_leverage,63,0.03,12m,1.25,30,3000,NDX_85_25,NDX LEAPS,NASDAQ100_1X,0.85,0.25,0.1458005139,-0.4551868882,-0.812964456,0,0.5733333333,0.1586666667,0.07258328005,8.184136566,0.08826611377,12.65037746,0.1446104544,57.51903453,0.203571514,259.5788973,0.2214215607,403.7256896,-0.5864036748,-0.6280969665,0.744,0.3253333333,0.082,0.004666666667,0.7887650258,0.2714643745,0.9106695318,1.699557614
treasury_leverage,tsy_125,treasury_leverage,63,0.03,12m,1.25,30,3000,NDX_85_30,NDX LEAPS,NASDAQ100_1X,0.85,0.3,0.1582055078,-0.5004239258,-0.8619665075,0,0.3683333333,0.106,0.07532969667,8.836746248,0.09279117399,14.32742761,0.1567172243,78.8683375,0.2251649078,442.5447644,0.2456507523,727.8124111,-0.6374547123,-0.6781559389,0.8903333333,0.5033333333,0.17,0.013,0.9370327329,0.3214078285,0.8482402143,1.785734765
treasury_leverage,tsy_125,treasury_leverage,63,0.03,12m,1.25,30,3000,NDX_85_35,NDX LEAPS,NASDAQ100_1X,0.85,0.35,0.1692363203,-0.5480232514,-0.9023127172,0,0.21,0.08166666667,0.07556478455,8.894907372,0.09467292948,15.08638748,0.1672673502,103.5623964,0.2460465544,734.7828352,0.2694705918,1284.757836,-0.690134898,-0.7314537477,0.9703333333,0.6993333333,0.318,0.037,1.083831774,0.3703603847,0.7870495191,1.871077973
treasury_leverage,tsy_125,treasury_leverage,63,0.03,12m,1.25,30,3000,NDX_85_40,NDX LEAPS,NASDAQ100_1X,0.85,0.4,0.178916367,-0.5984975258,-0.9333718362,0.001,0.129,0.07233333333,0.07448174687,8.630063632,0.09550029271,15.43224944,0.1766028745,131.5206261,0.265465822,1168.565112,0.2908284234,2119.374329,-0.7408975423,-0.7816727448,0.9963333333,0.8596666667,0.4936666667,0.08566666667,1.229126971,0.41858155,0.7267730625,1.956105305
treasury_leverage,tsy_125,treasury_leverage,63,0.03,12m,1.25,30,3000,NDX_85_45,NDX LEAPS,NASDAQ100_1X,0.85,0.45,0.1872505563,-0.6466039963,-0.9562081004,0.002,0.09866666667,0.07233333333,0.0728981392,8.256512603,0.09523479975,15.32043947,0.1845973229,161.1473361,0.2833469514,1780.211141,0.3128154767,3517.81167,-0.7866791374,-0.8285597423,1,0.9456666667,0.6826666667,0.175,1.373629771,0.4661907698,0.6672615377,2.040867925
treasury_leverage,tsy_125,treasury_leverage,63,0.03,12m,1.25,30,3000,NDX_85_50,NDX LEAPS,NASDAQ100_1X,0.85,0.5,0.1942256847,-0.6940296658,-0.9720669206,0.002666666667,0.1,0.079,0.0685449432,7.308421493,0.09265743917,14.27495127,0.1914084921,191.3924936,0.3011082022,2688.808523,0.3340316912,5690.573987,-0.8289317024,-0.8677179804,1,0.9853333333,0.827,0.2973333333,1.51770349,0.5132778116,0.6084027355,2.125298656
treasury_leverage,tsy_125,treasury_leverage,63,0.03,12m,1.25,30,3000,NDX_90_20,NDX LEAPS,NASDAQ100_1X,0.9,0.2,0.1356076632,-0.4287832259,-0.7865668042,0.0003333333333,0.6903333333,0.2356666667,0.06912453944,7.428289895,0.08278097936,10.87090931,0.1348511717,44.48796673,0.1878694974,175.05087,0.2037710936,260.8752684,-0.5583001885,-0.6004219635,0.629,0.2286666667,0.05066666667,0.003,0.6822709952,0.2210579421,0.9736775724,1.656312493
treasury_leverage,tsy_125,treasury_leverage,63,0.03,12m,1.25,30,3000,NDX_90_25,NDX LEAPS,NASDAQ100_1X,0.9,0.25,0.1497797587,-0.4741471135,-0.8343744312,0.0003333333333,0.5186666667,0.1456666667,0.07179009192,8.004485752,0.08797198029,12.54820059,0.1481736163,63.14064899,0.211988347,319.939846,0.2308645667,508.6650204,-0.6078280056,-0.6485560961,0.806,0.3893333333,0.108,0.007,0.842150134,0.2717291636,0.9103385455,1.752785525
treasury_leverage,tsy_125,treasury_leverage,63,0.03,12m,1.25,30,3000,NDX_90_30,NDX LEAPS,NASDAQ100_1X,0.9,0.3,0.1623624015,-0.5226587725,-0.8814791515,0.0003333333333,0.3113333333,0.1046666667,0.07404567247,8.525600577,0.09243721898,14.18885171,0.1607124166,87.46377221,0.2345024374,555.7555449,0.2562639167,938.7765001,-0.6590777438,-0.7029299256,0.936,0.5916666667,0.233,0.01866666667,0.9999682389,0.3213193889,0.8483507638,1.848706829
treasury_leverage,tsy_125,treasury_leverage,63,0.03,12m,1.25,30,3000,NDX_90_35,NDX LEAPS,NASDAQ100_1X,0.9,0.35,0.1734111011,-0.5730158221,-0.9184507256,0.0006666666667,0.1803333333,0.083,0.0735727754,8.413701635,0.09345141519,14.58941629,0.1704710312,112.4381557,0.2562170605,937.7276447,0.2810797525,1688.248138,-0.7146311339,-0.7520591722,0.9873333333,0.787,0.3976666667,0.05266666667,1.155544511,0.3700195567,0.7874755541,1.943900684
treasury_leverage,tsy_125,treasury_leverage,63,0.03,12m,1.25,30,3000,NDX_90_40,NDX LEAPS,NASDAQ100_1X,0.9,0.4,0.1829564478,-0.6231996397,-0.9462592898,0.001666666667,0.1283333333,0.07566666667,0.07166050237,7.975504495,0.09371761881,14.69635231,0.1796236232,142.0371827,0.2762167519,1506.18526,0.3036440336,2850.556971,-0.7647160657,-0.8048823895,0.9996666667,0.909,0.5913333333,0.123,1.310453982,0.4179716136,0.727535483,2.03834839
treasury_leverage,tsy_125,treasury_leverage,63,0.03,12m,1.25,30,3000,NDX_90_45,NDX LEAPS,NASDAQ100_1X,0.9,0.45,0.1910068432,-0.672013515,-0.9659658532,0.002333333333,0.114,0.08033333333,0.06909249117,7.421618252,0.09273442314,14.30528193,0.1882879528,176.9104092,0.2956286629,2369.031871,0.3268735447,4842.328791,-0.8091655985,-0.8494380009,1,0.9723333333,0.7576666667,0.2363333333,1.463968774,0.4653260493,0.6683424384,2.132186699
treasury_leverage,tsy_125,treasury_leverage,63,0.03,12m,1.25,30,3000,NDX_90_50,NDX LEAPS,NASDAQ100_1X,0.9,0.5,0.1975492548,-0.7191503001,-0.9808719826,0.006666666667,0.1146666667,0.09066666667,0.06365025645,6.367987688,0.08882832157,12.84792108,0.1944979172,206.8557522,0.3123996991,3484.539888,0.3484141242,7850.136043,-0.8503117979,-0.8862789318,1,0.9936666667,0.8876666667,0.3763333333,1.61663077,0.5121549003,0.6098063746,2.226461402
treasury_leverage,tsy_125,treasury_leverage,63,0.03,12m,1.25,30,3000,NDX_95_20,NDX LEAPS,NASDAQ100_1X,0.95,0.2,0.1389122624,-0.4431902443,-0.8042255915,0.0003333333333,0.6543333333,0.2163333333,0.06823640973,7.24537103,0.08314770429,10.98191332,0.1379068804,48.22569654,0.1957773402,213.6071953,0.212619503,324.9758455,-0.5741456644,-0.6177202784,0.693,0.2796666667,0.06566666667,0.004,0.7270843388,0.2212862262,0.9733922172,1.700810424
treasury_leverage,tsy_125,treasury_leverage,63,0.03,12m,1.25,30,3000,NDX_95_25,NDX LEAPS,NASDAQ100_1X,0.95,0.25,0.1532950032,-0.4931768245,-0.8537936938,0.0003333333333,0.4616666667,0.1386666667,0.07154920361,7.950686331,0.08806111698,12.57908492,0.1509776565,67.93450013,0.2192880734,383.0960543,0.239686943,630.2152442,-0.6274853129,-0.6695796543,0.858,0.4713333333,0.152,0.01066666667,0.8967440314,0.2717526873,0.9103091409,1.807610762
treasury_leverage,tsy_125,treasury_leverage,63,0.03,12m,1.25,30,3000,NDX_95_30,NDX LEAPS,NASDAQ100_1X,0.95,0.3,0.1659059546,-0.5453039052,-0.8986386724,0.0003333333333,0.2703333333,0.1066666667,0.07161123273,7.964505911,0.09133683366,13.76629273,0.1636995402,94.47485736,0.243307555,687.8400899,0.2670593154,1213.526474,-0.6814528203,-0.7245022834,0.9636666667,0.6743333333,0.2936666667,0.033,1.063929444,0.3211523426,0.8485595717,1.912814622
treasury_leverage,tsy_125,treasury_leverage,63,0.03,12m,1.25,30,3000,NDX_95_35,NDX LEAPS,NASDAQ100_1X,0.95,0.35,0.1768146057,-0.5973597496,-0.9324344974,0.001333333333,0.1736666667,0.08866666667,0.07053873269,7.72880097,0.09197427272,14.00957587,0.1734666291,121.3998094,0.2663244633,1192.588288,0.2930797564,2233.12357,-0.73864174,-0.7762139001,0.9966666667,0.8536666667,0.489,0.08366666667,1.228468559,0.3693961528,0.788254809,2.017488491
treasury_leverage,tsy_125,treasury_leverage,63,0.03,12m,1.25,30,3000,NDX_95_40,NDX LEAPS,NASDAQ100_1X,0.95,0.4,0.1860602556,-0.6490307939,-0.9570215953,0.002666666667,0.136,0.08733333333,0.06861326248,7.322468408,0.09142513808,13.79973213,0.1823570304,152.2505325,0.2862242147,1903.926483,0.3179603847,3955.828699,-0.7865050794,-0.8264064988,1,0.951,0.6853333333,0.1753333333,1.392419509,0.417049689,0.7286878888,2.121273536
treasury_leverage,tsy_125,treasury_leverage,63,0.03,12m,1.25,30,3000,NDX_95_45,NDX LEAPS,NASDAQ100_1X,0.95,0.45,0.1936558063,-0.6986059413,-0.9737189828,0.005666666667,0.1286666667,0.09433333333,0.0635195474,6.344560145,0.08795008654,12.54062736,0.1902540829,185.9062333,0.3059583257,3006.353559,0.3403264162,6553.776392,-0.8307763719,-0.8681770538,1,0.9886666667,0.8376666667,0.3103333333,1.554592568,0.4641237512,0.6698453111,2.225737862
treasury_leverage,tsy_125,treasury_leverage,63,0.03,12m,1.25,30,3000,NDX_95_50,NDX LEAPS,NASDAQ100_1X,0.95,0.5,0.1995890142,-0.7448598141,-0.9875192765,0.01033333333,0.145,0.105,0.05751066247,5.352804023,0.08322056776,11.00410088,0.1954840562,212.0409901,0.3227691519,4412.545284,0.3608034023,10328.67918,-0.8720448672,-0.9042816883,1,0.999,0.929,0.478,1.716703584,0.5105757993,0.6117802509,2.329206716
roll_interval,roll_9m,roll,63,0.03,9m,1,30,2000,SP500_1X,index,SP500_1X,,,0.1117369828,-0.4155104322,-0.7731714301,0,0,0,0.06238324026,6.144299014,0.07186840425,8.022051893,0.1105548575,23.24142922,0.1516888017,69.20512933,0.1636220307,94.28629052,-0.5491914749,-0.5912173345,0.573,0.208,0.044,0.001,,,,
roll_interval,roll_9m,roll,63,0.03,9m,1,30,2000,NASDAQ100_1X,index,NASDAQ100_1X,,,0.1492359838,-0.5643638817,-0.9282673494,0,0,0.114,0.0665854597,6.916846612,0.08401158886,11.24776169,0.1489394744,64.41664815,0.2172205887,364.0789941,0.2372264924,593.7491311,-0.7163737125,-0.7575548507,0.966,0.7335,0.375,0.062,,,,
roll_interval,roll_9m,roll,63,0.03,9m,1,30,2000,SPX_80_25,SP500 LEAPS,SP500_1X,0.8,0.25,0.1175618851,-0.3600654374,-0.6998319607,0,0.398,0.398,0.06738391867,7.073894819,0.07803995926,9.529946125,0.1170303173,27.67035678,0.157459095,80.40013049,0.1693753903,109.3237949,-0.4722489657,-0.5144032362,0.31,0.065,0.006,0,0.8745279487,0.2653859029,0.7346140971,1.608265516
roll_interval,roll_9m,roll,63,0.03,9m,1,30,2000,SPX_85_30,SP500 LEAPS,SP500_1X,0.85,0.3,0.1320576361,-0.4232972602,-0.8093009083,0,0.144,0.144,0.07015111536,7.645282981,0.08257361322,10.80862662,0.1309642104,40.13645771,0.1831126088,155.1966961,0.1975988037,223.5881942,-0.5486247764,-0.5842879589,0.617,0.2005,0.0375,0.0015,1.147226059,0.3163597449,0.6836402551,1.829931927
roll_interval,roll_9m,roll,63,0.03,9m,1,30,2000,SPX_85_35,SP500 LEAPS,SP500_1X,0.85,0.35,0.1413805226,-0.4689368401,-0.8631378617,0,0.081,0.081,0.07119961793,7.873234131,0.08489090986,11.52472766,0.1393410036,50.08288982,0.1999189046,236.9547021,0.2156888722,350.5818063,-0.5985176926,-0.6343604735,0.828,0.3675,0.099,0.003,1.329874451,0.3660761673,0.6339238327,1.963101919
roll_interval,roll_9m,roll,63,0.03,9m,1,30,2000,SPX_85_40,SP500 LEAPS,SP500_1X,0.85,0.4,0.1498558529,-0.5171759023,-0.9033625949,0,0.0525,0.0525,0.07073567628,7.771572248,0.08571204389,11.7893188,0.1478763421,62.65203334,0.2163077537,355.9759703,0.2344661831,555.2723185,-0.6506026367,-0.6868070235,0.9435,0.5825,0.209,0.015,1.511331563,0.4152093721,0.5847906279,2.095478759
roll_interval,roll_9m,roll,63,0.03,9m,1,30,2000,SPX_85_45,SP500 LEAPS,SP500_1X,0.85,0.45,0.157479317,-0.5639975316,-0.9329618124,0.0005,0.048,0.048,0.06878615865,7.358074984,0.08638670156,12.01109196,0.1542125675,73.90251685,0.2319726448,522.5841154,0.2546561113,903.4028707,-0.7041375818,-0.7382885905,0.988,0.7645,0.3645,0.0405,1.691454403,0.4637974442,0.5362025558,2.227322034
roll_interval,roll_9m,roll,63,0.03,9m,1,30,2000,SPX_85_50,SP500 LEAPS,SP500_1X,0.85,0.5,0.1642391049,-0.6097880249,-0.9543858663,0.0005,0.0515,0.0515,0.06620718769,6.843627219,0.08474444594,11.47813849,0.16049,86.96249299,0.2456104086,727.1055056,0.2720507903,1365.452597,-0.7538122824,-0.7869398366,0.997,0.8945,0.5435,0.108,1.871504451,0.512183699,0.487816301,2.359046743
roll_interval,roll_9m,roll,63,0.03,9m,1,30,2000,SPX_90_30,SP500 LEAPS,SP500_1X,0.9,0.3,0.1359069228,-0.448559194,-0.8455495755,0,0.1345,0.1345,0.06821623932,7.241267847,0.08166857675,10.54079558,0.1347006119,44.31123304,0.1921567009,195.0315355,0.2079550877,289.4917936,-0.5778268373,-0.6155565794,0.753,0.288,0.072,0.0015,1.2566434,0.316496049,0.683503951,1.939483504
roll_interval,roll_9m,roll,63,0.03,9m,1,30,2000,SPX_90_35,SP500 LEAPS,SP500_1X,0.9,0.35,0.1453079346,-0.4996782894,-0.8936647471,0,0.0815,0.0815,0.06808774687,7.215180776,0.08311047425,10.9705943,0.1430991367,55.28374176,0.2095845669,301.4397748,0.2276519009,470.3045531,-0.6309188939,-0.6689659451,0.911,0.496,0.16,0.0095,1.456347498,0.3659387006,0.6340612994,2.089880708
roll_interval,roll_9m,roll,63,0.03,9m,1,30,2000,SPX_90_40,SP500 LEAPS,SP500_1X,0.9,0.4,0.153720861,-0.5493224444,-0.9281461563,0.0005,0.064,0.064,0.06672331267,6.943717422,0.08321967478,11.00382865,0.1511784151,68.29091408,0.2270161312,463.0520943,0.2494703757,797.8334343,-0.6878475217,-0.7263698942,0.9795,0.6975,0.3105,0.0315,1.654330175,0.4149478137,0.5850521863,2.239061423
roll_interval,roll_9m,roll,63,0.03,9m,1,30,2000,SPX_90_45,SP500 LEAPS,SP500_1X,0.9,0.45,0.1611431106,-0.5984482439,-0.952426547,0.0005,0.0635,0.0635,0.06443984663,6.511347566,0.08324184782,11.01060821,0.1575869748,80.66701244,0.2423743086,672.5164674,0.269049916,1272.0464,-0.7404788828,-0.7751672214,0.994,0.863,0.4935,0.086,1.850713588,0.4632384982,0.5367615018,2.388126831
roll_interval,roll_9m,roll,63,0.03,9m,1,30,2000,SPX_90_50,SP500 LEAPS,SP500_1X,0.9,0.5,0.1675625421,-0.6449352549,-0.9692000532,0.0015,0.0675,0.0675,0.06033649362,5.798911017,0.08157366781,10.51307572,0.1633938612,93.73335026,0.257394903,964.4662847,0.287544598,1963.445037,-0.7896779925,-0.8228818825,1,0.9545,0.6745,0.161,2.047807888,0.5112440701,0.4887559299,2.536888634
roll_interval,roll_9m,roll,63,0.03,9m,1,30,2000,SPX_95_30,SP500 LEAPS,SP500_1X,0.95,0.3,0.1385786054,-0.4758182234,-0.8762988986,0,0.138,0.138,0.06469373108,6.558142708,0.07914423124,9.827207791,0.136796456,46.83360137,0.2004296476,239.999355,0.2180038404,371.1738699,-0.6036934286,-0.6474471886,0.8425,0.4035,0.1065,0.004,1.370926516,0.3162997604,0.6837002396,2.053853512
roll_interval,roll_9m,roll,63,0.03,9m,1,30,2000,SPX_95_35,SP500 LEAPS,SP500_1X,0.95,0.35,0.1477868501,-0.5293979083,-0.9184902855,0,0.0995,0.0995,0.06337386885,6.318530055,0.08017856855,10.11375771,0.1455995871,59.02911881,0.218123512,372.2692799,0.239938572,634.0638796,-0.6634107091,-0.7063903166,0.96,0.6205,0.243,0.0235,1.587439573,0.3654924822,0.6345075178,2.221050636
roll_interval,roll_9m,roll,63,0.03,9m,1,30,2000,SPX_95_40,SP500 LEAPS,SP500_1X,0.95,0.4,0.1558527535,-0.5823564723,-0.9474231634,0.0005,0.085,0.085,0.06201492913,6.080712143,0.07939401769,9.895682139,0.1529407858,71.49813531,0.2353373527,567.1434439,0.2613262081,1059.157775,-0.7224313711,-0.7627597286,0.9925,0.812,0.434,0.062,1.802882791,0.4140400775,0.5859599225,2.386944172
roll_interval,roll_9m,roll,63,0.03,9m,1,30,2000,SPX_95_45,SP500 LEAPS,SP500_1X,0.95,0.45,0.1627764398,-0.6324276582,-0.9668689485,0.0015,0.089,0.089,0.05700996663,5.27722695,0.0781591231,9.561648074,0.158950897,83.56776513,0.2516828281,841.322988,0.2803648993,1660.205909,-0.774784001,-0.813023932,1,0.9365,0.6215,0.1385,2.015719929,0.4622845904,0.5377154096,2.553938525
roll_interval,roll_9m,roll,63,0.03,9m,1,30,2000,SPX_95_50,SP500 LEAPS,SP500_1X,0.95,0.5,0.16854599,-0.679011374,-0.9796540267,0.004,0.1,0.1,0.05143416671,4.50290384,0.07575590551,8.942480372,0.1638770281,94.90806479,0.2665663648,1199.443855,0.2994079552,2585.362079,-0.8224517982,-0.8575167244,1,0.982,0.7875,0.2645,2.228244043,0.5099627603,0.4900372397,2.719717442
roll_interval,roll_9m,roll,63,0.03,9m,1,30,2000,NDX_80_20,NDX LEAPS,NASDAQ100_1X,0.8,0.2,0.1219679133,-0.3572341009,-0.7015185431,0,0.8085,0.358,0.06561293567,6.730112199,0.07974115828,9.991611396,0.1209486835,30.73546777,0.1650493866,97.81854727,0.1777348048,135.3706938,-0.475264123,-0.5143923343,0.3,0.0645,0.008,0,0.5803262735,0.2172662213,0.7827337787,1.362445395
roll_interval,roll_9m,roll,63,0.03,9m,1,30,2000,NDX_80_25,NDX LEAPS,NASDAQ100_1X,0.8,0.25,0.1349191834,-0.4030311941,-0.7632970942,0,0.717,0.2045,0.07083757081,7.79384713,0.08485194441,11.51233831,0.13391901,43.40460519,0.1865186724,169.1762108,0.2008110296,242.2976966,-0.5257501942,-0.5664710681,0.5115,0.152,0.0285,0.0005,0.7185779826,0.2683320995,0.7316679005,1.449743878
roll_interval,roll_9m,roll,63,0.03,9m,1,30,2000,NDX_80_30,NDX LEAPS,NASDAQ100_1X,0.8,0.3,0.1467181592,-0.4512443847,-0.814527458,0,0.558,0.132,0.0715351137,7.947551567,0.08865469413,12.78659813,0.144542532,57.41673058,0.2063507346,278.1757935,0.2233627284,423.4263772,-0.586103015,-0.6298745869,0.7365,0.305,0.0815,0.0035,0.8551192455,0.3184538489,0.6815461511,1.535953382
roll_interval,roll_9m,roll,63,0.03,9m,1,30,2000,NDX_80_35,NDX LEAPS,NASDAQ100_1X,0.8,0.35,0.1573881755,-0.5030722128,-0.865294283,0,0.324,0.0955,0.07216868915,8.089771083,0.09127922797,13.74448966,0.1546929797,74.83095266,0.2261658499,453.5213271,0.2456648508,728.061767,-0.6455717152,-0.6873406797,0.903,0.513,0.181,0.014,0.9903015846,0.3677979188,0.6322020812,1.621740808
roll_interval,roll_9m,roll,63,0.03,9m,1,30,2000,NDX_80_40,NDX LEAPS,NASDAQ100_1X,0.8,0.4,0.1669396121,-0.555040725,-0.9052936855,0,0.1765,0.0835,0.07200700195,8.05322816,0.09158859454,13.8618806,0.1646783025,96.88814727,0.2445434633,708.6506916,0.2681184051,1244.329486,-0.7014319094,-0.7453932429,0.9755,0.7225,0.3305,0.0435,1.124457808,0.4166063305,0.5833936695,1.707461293
roll_interval,roll_9m,roll,63,0.03,9m,1,30,2000,NDX_80_45,NDX LEAPS,NASDAQ100_1X,0.8,0.45,0.1753707399,-0.6069040626,-0.9347418903,0,0.1145,0.0815,0.070754457,7.775673945,0.09072033938,13.53487085,0.1725197028,118.4947495,0.2616605636,1067.617274,0.2884275698,2004.251813,-0.7537284549,-0.7955234439,0.995,0.872,0.531,0.106,1.257957453,0.4647867961,0.5352132039,1.792636888
roll_interval,roll_9m,roll,63,0.03,9m,1,30,2000,NDX_80_50,NDX LEAPS,NASDAQ100_1X,0.8,0.5,0.1826677274,-0.6567479751,-0.9562717282,0.0025,0.097,0.082,0.06687506811,6.973479633,0.08943685576,13.06510573,0.1788786367,139.370471,0.2799117752,1642.663601,0.3090117144,3224.545054,-0.8005821771,-0.839302161,0.9985,0.9495,0.6975,0.195,1.391113711,0.5126457486,0.4873542514,1.877808927
roll_interval,roll_9m,roll,63,0.03,9m,1,30,2000,NDX_85_20,NDX LEAPS,NASDAQ100_1X,0.85,0.2,0.1255707213,-0.3706683259,-0.7187197654,0,0.7915,0.308,0.06648791153,6.897894383,0.08051876185,10.20975763,0.1244005563,33.70554501,0.1717456109,116.1701276,0.1854651426,164.7270138,-0.4881347762,-0.5307032736,0.3645,0.0865,0.012,0,0.6202111816,0.2179312085,0.7820687915,1.401648738
roll_interval,roll_9m,roll,63,0.03,9m,1,30,2000,NDX_85_25,NDX LEAPS,NASDAQ100_1X,0.85,0.25,0.1389927781,-0.4196854669,-0.7810292238,0,0.674,0.184,0.07035930051,7.69003605,0.08571249121,11.78947079,0.1374688718,47.67187106,0.1937708265,203.1113563,0.2100174023,304.6926736,-0.5454509382,-0.5862798209,0.596,0.202,0.04,0.0025,0.7674144135,0.2688488007,0.7311511993,1.497852289
roll_interval,roll_9m,roll,63,0.03,9m,1,30,2000,NDX_85_30,NDX LEAPS,NASDAQ100_1X,0.85,0.3,0.1511213644,-0.4716679801,-0.8374270056,0,0.4655,0.1225,0.07110838681,7.853141752,0.08918564971,12.97502473,0.1485421412,63.75152767,0.2151325343,345.8002802,0.2343351768,553.501757,-0.6076533388,-0.6491380558,0.8095,0.379,0.114,0.0055,0.9127072504,0.3187810027,0.6812189973,1.592976605
roll_interval,roll_9m,roll,63,0.03,9m,1,30,2000,NDX_85_35,NDX LEAPS,NASDAQ100_1X,0.85,0.35,0.1619870646,-0.5253838543,-0.8870826214,0,0.2605,0.093,0.07152002446,7.944215508,0.09116904847,13.70291745,0.1591709446,84.04510609,0.2363925501,581.8587526,0.2572176958,960.3968641,-0.6692428533,-0.7091716481,0.9465,0.614,0.241,0.0265,1.056790018,0.3679333332,0.6320666668,1.687369681
roll_interval,roll_9m,roll,63,0.03,9m,1,30,2000,NDX_85_40,NDX LEAPS,NASDAQ100_1X,0.85,0.4,0.1716046562,-0.578809752,-0.9232075532,0,0.149,0.085,0.07132138789,7.900330726,0.09069281486,13.52464748,0.1688336512,107.8140083,0.2548040013,906.6042984,0.2808925327,1680.852055,-0.7248990072,-0.7672982321,0.9885,0.7955,0.414,0.0685,1.19920759,0.4165505526,0.5834494474,1.781504947
roll_interval,roll_9m,roll,63,0.03,9m,1,30,2000,NDX_85_45,NDX LEAPS,NASDAQ100_1X,0.85,0.45,0.1799743708,-0.6316158162,-0.9489387671,0.002,0.116,0.084,0.06828082717,7.254422161,0.08905400782,12.928057,0.176811835,132.2235784,0.2732608218,1404.96527,0.3026739999,2787.599808,-0.7777245041,-0.8153208551,0.9975,0.919,0.6165,0.1515,1.340893699,0.4644873327,0.5355126673,1.875210721
roll_interval,roll_9m,roll,63,0.03,9m,1,30,2000,NDX_85_50,NDX LEAPS,NASDAQ100_1X,0.85,0.5,0.1870820709,-0.680971804,-0.9670526667,0.0035,0.106,0.091,0.06372038093,6.380594402,0.08689491252,12.18083377,0.1828783076,154.2780831,0.2920823046,2182.015052,0.3233509727,4471.139467,-0.8244127181,-0.8595102517,0.999,0.9725,0.777,0.2525,1.482159733,0.5122061953,0.4877938047,1.969234744
roll_interval,roll_9m,roll,63,0.03,9m,1,30,2000,NDX_90_20,NDX LEAPS,NASDAQ100_1X,0.9,0.2,0.1289491477,-0.3843365555,-0.7350590406,0,0.766,0.27,0.06678636517,6.956040848,0.08130357999,10.43460722,0.127809525,36.91005372,0.1777372261,135.3784901,0.1932393236,200.4157072,-0.5056640953,-0.5480246905,0.427,0.1095,0.0175,0,0.6607634264,0.2183746981,0.7816253019,1.441885778
roll_interval,roll_9m,roll,63,0.03,9m,1,30,2000,NDX_90_25,NDX LEAPS,NASDAQ100_1X,0.9,0.25,0.1427398424,-0.4375575076,-0.7975039255,0,0.623,0.167,0.06995975665,7.604376803,0.08611259547,11.92050466,0.1407233206,51.938322,0.2014444866,246.1618075,0.2196395014,386.4228449,-0.566430056,-0.6102697762,0.6745,0.254,0.056,0.003,0.8168448827,0.2691365965,0.7308634035,1.547131493
roll_interval,roll_9m,roll,63,0.03,9m,1,30,2000,NDX_90_30,NDX LEAPS,NASDAQ100_1X,0.9,0.3,0.1550851243,-0.4914228854,-0.8599438885,0,0.389,0.1145,0.0701522296,7.645526106,0.0885941103,12.76537552,0.1525374056,70.7514398,0.2236963428,426.9039631,0.2436408023,693.3922488,-0.6312258225,-0.6694018967,0.879,0.4675,0.1535,0.012,0.9710979018,0.3189741951,0.6810258049,1.651414229
roll_interval,roll_9m,roll,63,0.03,9m,1,30,2000,NDX_90_35,NDX LEAPS,NASDAQ100_1X,0.9,0.35,0.1660245606,-0.5492608546,-0.9057978289,0,0.2145,0.095,0.07047194547,7.714347608,0.08974759086,13.17736659,0.1629920053,92.76660623,0.2457356896,729.3027412,0.2687496132,1263.046109,-0.6936909152,-0.7307119033,0.973,0.6965,0.307,0.0395,1.123851537,0.3678868435,0.6321131565,1.754344439
roll_interval,roll_9m,roll,63,0.03,9m,1,30,2000,NDX_90_40,NDX LEAPS,NASDAQ100_1X,0.9,0.4,0.1755785296,-0.6035025786,-0.9381060269,0.0015,0.148,0.089,0.06824278474,7.246669574,0.08899056227,12.90549242,0.172342405,117.9583686,0.2648932137,1152.80487,0.2932726562,2243.1376,-0.7477921729,-0.7884777662,0.995,0.8705,0.5155,0.097,1.275023746,0.4161140661,0.5838859339,1.857000839
roll_interval,roll_9m,roll,63,0.03,9m,1,30,2000,NDX_90_45,NDX LEAPS,NASDAQ100_1X,0.9,0.45,0.1837500492,-0.6568401611,-0.9603426744,0.0025,0.1235,0.091,0.0641924659,6.466107601,0.08571164652,11.78918534,0.1795094367,141.6254538,0.2840383471,1809.212859,0.3157327647,3760.052667,-0.8016520312,-0.8347246121,0.999,0.954,0.704,0.192,1.425134757,0.4638810728,0.5361189272,1.959474449
roll_interval,roll_9m,roll,63,0.03,9m,1,30,2000,NDX_90_50,NDX LEAPS,NASDAQ100_1X,0.9,0.5,0.1905252071,-0.7047599333,-0.9754023754,0.005,0.123,0.1,0.05948841054,5.661411957,0.083751665,11.16712032,0.1853543533,164.2668264,0.3028216649,2797.096572,0.3358058413,5922.053124,-0.8448656294,-0.8786248265,1,0.9875,0.846,0.3305,1.5744927,0.5112931848,0.4887068152,2.061717569
roll_interval,roll_9m,roll,63,0.03,9m,1,30,2000,NDX_95_20,NDX LEAPS,NASDAQ100_1X,0.95,0.2,0.1320524686,-0.3988918514,-0.7502434859,0,0.741,0.2415,0.06702465835,7.002816075,0.08136877874,10.4534923,0.1309336519,40.10398753,0.1844999412,160.7504794,0.2005614857,240.7947872,-0.5237269284,-0.5652500448,0.4935,0.137,0.023,0.0005,0.7018810252,0.2186842787,0.7813157213,1.482733215
roll_interval,roll_9m,roll,63,0.03,9m,1,30,2000,NDX_95_25,NDX LEAPS,NASDAQ100_1X,0.95,0.25,0.1460966307,-0.4547350595,-0.8204614576,0,0.559,0.159,0.06904318604,7.411355902,0.08553740093,11.73255938,0.1439761662,56.5704113,0.2085821392,294.0345595,0.2286506001,481.9193793,-0.5866128966,-0.6310029996,0.7485,0.3155,0.082,0.003,0.8675264675,0.2693492902,0.7306507098,1.597430485
roll_interval,roll_9m,roll,63,0.03,9m,1,30,2000,NDX_95_30,NDX LEAPS,NASDAQ100_1X,0.95,0.3,0.1585336771,-0.5117840988,-0.8795950619,0,0.3315,0.1135,0.06918748178,7.441418772,0.08653240915,12.05951648,0.1553143302,76.0485469,0.2320435159,523.4881167,0.2538026364,885.1357175,-0.650991529,-0.6927621277,0.923,0.5535,0.2035,0.0205,1.030203341,0.3188790681,0.6811209319,1.71039184
roll_interval,roll_9m,roll,63,0.03,9m,1,30,2000,NDX_95_35,NDX LEAPS,NASDAQ100_1X,0.95,0.35,0.1694140318,-0.5711615376,-0.9216378775,0.0005,0.203,0.101,0.06928988739,7.462841349,0.08765504913,12.43899836,0.1658806756,99.93437129,0.2547229241,904.8407008,0.2798590546,1640.631968,-0.7170101296,-0.754639786,0.987,0.773,0.381,0.055,1.191459825,0.3676832222,0.6323167778,1.821986979
roll_interval,roll_9m,roll,63,0.03,9m,1,30,2000,NDX_95_40,NDX LEAPS,NASDAQ100_1X,0.95,0.4,0.1787649641,-0.6281241065,-0.9503055471,0.002,0.151,0.095,0.06537678654,6.685657342,0.08708420251,12.24464901,0.174580839,124.9059316,0.2756251018,1485.376603,0.3043867803,2899.678067,-0.7719205575,-0.8088265189,0.9975,0.919,0.6035,0.141,1.35147668,0.4156203981,0.5843796019,1.933271241
roll_interval,roll_9m,roll,63,0.03,9m,1,30,2000,NDX_95_45,NDX LEAPS,NASDAQ100_1X,0.95,0.45,0.1865931649,-0.6794303828,-0.969361046,0.0035,0.1415,0.0975,0.06040251115,5.809748102,0.08215110894,10.68278239,0.1815936769,149.3289864,0.2947793905,2322.881337,0.3268612559,4840.983956,-0.8228038372,-0.8543757547,1,0.9775,0.78,0.254,1.510110602,0.463065186,0.536934814,2.044038223
roll_interval,roll_9m,roll,63,0.03,9m,1,30,2000,NDX_95_50,NDX LEAPS,NASDAQ100_1X,0.95,0.5,0.1928855346,-0.7279941573,-0.9817474426,0.0075,0.1535,0.11,0.05370477444,4.803989541,0.07831449542,9.60302647,0.1864015222,168.6756933,0.3122031269,3469.005528,0.3472207033,7644.3524,-0.8638363665,-0.8967082227,1,0.995,0.893,0.418,1.667314666,0.5102645275,0.4897354725,2.155424542
roll_interval,roll_12m,roll,63,0.03,12m,1,30,2000,SP500_1X,index,SP500_1X,,,0.1117369828,-0.4155104322,-0.7731714301,0,0,0,0.06238324026,6.144299014,0.07186840425,8.022051893,0.1105548575,23.24142922,0.1516888017,69.20512933,0.1636220307,94.28629052,-0.5491914749,-0.5912173345,0.573,0.208,0.044,0.001,,,,
roll_interval,roll_12m,roll,63,0.03,12m,1,30,2000,NASDAQ100_1X,index,NASDAQ100_1X,,,0.1492359838,-0.5643638817,-0.9282673494,0,0,0.114,0.0665854597,6.916846612,0.08401158886,11.24776169,0.1489394744,64.41664815,0.2172205887,364.0789941,0.2372264924,593.7491311,-0.7163737125,-0.7575548507,0.966,0.7335,0.375,0.062,,,,
roll_interval,roll_12m,roll,63,0.03,12m,1,30,2000,SPX_80_25,SP500 LEAPS,SP500_1X,0.8,0.25,0.11953712,-0.3655877146,-0.7035810958,0,0.3505,0.3505,0.06944443594,7.49525959,0.07894770994,9.773657329,0.1188470899,29.05285945,0.159727424,85.26405152,0.1711141798,114.3066455,-0.4795530494,-0.5182427857,0.3285,0.069,0.0085,0,0.8932333898,0.267637239,0.732362761,1.625653306
roll_interval,roll_12m,roll,63,0.03,12m,1,30,2000,SPX_85_30,SP500 LEAPS,SP500_1X,0.85,0.3,0.1345171303,-0.4316785191,-0.8075631966,0,0.125,0.125,0.07161707913,7.965809746,0.08369740751,11.15040866,0.1342370884,43.771381,0.1870587618,171.5017452,0.2001501803,238.3293649,-0.5559495111,-0.591210279,0.668,0.218,0.0435,0.002,1.176806469,0.3186234503,0.6813765497,1.85832188
roll_interval,roll_12m,roll,63,0.03,12m,1,30,2000,SPX_85_35,SP500 LEAPS,SP500_1X,0.85,0.35,0.1440378176,-0.4786135933,-0.8617563665,0,0.066,0.066,0.0724049351,8.143398629,0.08633574703,11.99420346,0.1431233074,55.31869523,0.2048575319,268.028952,0.2185717865,376.4018064,-0.608993986,-0.6435360556,0.867,0.4,0.113,0.0045,1.363686326,0.368255354,0.631744646,1.995752664
roll_interval,roll_12m,roll,63,0.03,12m,1,30,2000,SPX_85_40,SP500 LEAPS,SP500_1X,0.85,0.4,0.152664824,-0.5284546531,-0.9024992287,0,0.0465,0.0465,0.07179831164,8.0063263,0.08765368023,12.43855817,0.1511405122,68.22350596,0.2209396102,398.9742267,0.2392578832,623.7036328,-0.6626870074,-0.698405825,0.9595,0.628,0.235,0.0215,1.548843914,0.4172621281,0.5827378719,2.131123367
roll_interval,roll_12m,roll,63,0.03,12m,1,30,2000,SPX_85_45,SP500 LEAPS,SP500_1X,0.85,0.45,0.1603949989,-0.5737392841,-0.9326456997,0.0005,0.0405,0.0405,0.07070357947,7.76458681,0.08751243047,12.39016044,0.1575355022,80.55946874,0.2359763071,576.0104094,0.2572618168,961.4095849,-0.7168310557,-0.7569087738,0.991,0.805,0.4045,0.0545,1.73271437,0.4655927998,0.5344072002,2.266640425
roll_interval,roll_12m,roll,63,0.03,12m,1,30,2000,SPX_85_50,SP500 LEAPS,SP500_1X,0.85,0.5,0.1672159685,-0.6204668575,-0.9545510049,0.0005,0.0435,0.0435,0.06781614184,7.160336945,0.08615174744,11.93340418,0.1636818603,94.43184747,0.2501647618,811.2418411,0.2744506955,1444.892931,-0.763958581,-0.8017075838,0.9985,0.921,0.585,0.12,1.91641436,0.5136647785,0.4863352215,2.401585106
roll_interval,roll_12m,roll,63,0.03,12m,1,30,2000,SPX_90_30,SP500 LEAPS,SP500_1X,0.9,0.3,0.1384516585,-0.4607773123,-0.8446501662,0,0.118,0.118,0.06972417272,7.554306071,0.08255805621,10.80396401,0.1376812314,47.93961618,0.1958849962,214.1851681,0.2117030116,317.6874967,-0.5834567224,-0.624436351,0.7945,0.332,0.0805,0.0025,1.295143965,0.3186888785,0.6813111215,1.976841216
roll_interval,roll_12m,roll,63,0.03,12m,1,30,2000,SPX_90_35,SP500 LEAPS,SP500_1X,0.9,0.35,0.1479881297,-0.5106860504,-0.8927312204,0,0.07,0.07,0.06914545818,7.432649059,0.08440848054,11.37196094,0.1465599302,60.53187296,0.214869558,343.5621132,0.2327057975,531.9949829,-0.6432195236,-0.6815053143,0.9355,0.55,0.1795,0.014,1.499939265,0.3679994909,0.6320005091,2.132716351
roll_interval,roll_12m,roll,63,0.03,12m,1,30,2000,SPX_90_40,SP500 LEAPS,SP500_1X,0.9,0.4,0.1564744961,-0.5631903857,-0.9274382466,0.0005,0.057,0.057,0.06796883653,7.191119841,0.08496775294,11.54924357,0.1544179276,74.2980214,0.2317627588,519.9280769,0.2522699447,853.2424659,-0.7005701491,-0.7391971588,0.983,0.752,0.349,0.038,1.703554971,0.4166462923,0.5833537077,2.287424356
roll_interval,roll_12m,roll,63,0.03,12m,1,30,2000,SPX_90_45,SP500 LEAPS,SP500_1X,0.9,0.45,0.163909652,-0.6105629237,-0.9520488716,0.0005,0.059,0.059,0.06502831295,6.620217839,0.08310018005,10.96746841,0.1607145261,87.46841093,0.2475552929,761.9536794,0.2706791686,1321.964296,-0.7505799775,-0.7933045116,0.998,0.898,0.545,0.1035,1.905495566,0.4647246122,0.5352753878,2.440481033
roll_interval,roll_12m,roll,63,0.03,12m,1,30,2000,SPX_90_50,SP500 LEAPS,SP500_1X,0.9,0.5,0.1702805972,-0.6587257627,-0.9691460184,0.0015,0.069,0.069,0.06111411005,5.927862903,0.08097816672,10.34089105,0.1664696407,101.4600022,0.2628798988,1099.0066,0.2893060495,2045.675527,-0.7981080563,-0.8363859658,1,0.9685,0.726,0.203,2.106386324,0.5124738004,0.4875261996,2.593152141
roll_interval,roll_12m,roll,63,0.03,12m,1,30,2000,SPX_95_30,SP500 LEAPS,SP500_1X,0.95,0.3,0.1409718725,-0.4916714285,-0.8769880794,0,0.127,0.127,0.06582880017,6.771149242,0.0798681836,10.02693161,0.1397791841,50.66407773,0.2048465402,267.9556942,0.2222403446,411.9247714,-0.6186506012,-0.6594293023,0.894,0.463,0.1325,0.0095,1.419350543,0.3182732981,0.6817267019,2.101392411
roll_interval,roll_12m,roll,63,0.03,12m,1,30,2000,SPX_95_35,SP500 LEAPS,SP500_1X,0.95,0.35,0.150200572,-0.5444516129,-0.918565734,0.0005,0.095,0.095,0.06385165785,6.404262166,0.08022181135,10.1259239,0.1479369795,62.75144361,0.2232990855,422.7654257,0.2443784619,705.8373871,-0.6785339571,-0.7173870319,0.9695,0.687,0.289,0.0285,1.641707333,0.3670678617,0.6329321383,2.274855297
roll_interval,roll_12m,roll,63,0.03,12m,1,30,2000,SPX_95_40,SP500 LEAPS,SP500_1X,0.95,0.4,0.158207455,-0.5985801046,-0.947298848,0.0005,0.088,0.088,0.06074542126,5.866377964,0.07957121911,9.94454773,0.1552213557,75.8652907,0.2405076902,642.8534328,0.2648466187,1151.537094,-0.7387844678,-0.7782578364,0.9955,0.87,0.4965,0.0825,1.863804911,0.4154509728,0.5845490272,2.448455064
roll_interval,roll_12m,roll,63,0.03,12m,1,30,2000,SPX_95_45,SP500 LEAPS,SP500_1X,0.95,0.45,0.1649945677,-0.6500398706,-0.9667686012,0.003,0.094,0.094,0.05660415824,5.216784393,0.07673555534,9.190079209,0.1613044916,88.81226623,0.2569678421,954.6872503,0.2841112789,1812.306002,-0.7905383834,-0.8276637,1,0.9545,0.689,0.179,2.084399156,0.4632129414,0.5367870586,2.621443636
roll_interval,roll_12m,roll,63,0.03,12m,1,30,2000,SPX_95_50,SP500 LEAPS,SP500_1X,0.95,0.5,0.1705488008,-0.6985468104,-0.9796656117,0.006,0.108,0.108,0.05137623118,4.495464334,0.07294206393,8.26666642,0.1670023129,102.8592487,0.2721580541,1368.917029,0.3026299848,2784.769889,-0.8355792303,-0.8694112096,1,0.99,0.833,0.3165,2.303956604,0.5106296477,0.4893703523,2.792763271
roll_interval,roll_12m,roll,63,0.03,12m,1,30,2000,NDX_80_20,NDX LEAPS,NASDAQ100_1X,0.8,0.2,0.1242119572,-0.365487649,-0.7063843983,0,0.7975,0.3305,0.06751920578,7.100858787,0.07982500769,10.01491116,0.1235491488,32.94819174,0.1687684837,107.6335052,0.1796462673,142.1192334,-0.4813693215,-0.5195430464,0.332,0.074,0.011,0,0.5952968471,0.2196415279,0.7803584721,1.375757892
roll_interval,roll_12m,roll,63,0.03,12m,1,30,2000,NDX_80_25,NDX LEAPS,NASDAQ100_1X,0.8,0.25,0.1374440037,-0.41052659,-0.7589672744,0,0.6925,0.1905,0.07272750886,8.217209513,0.08560853125,11.75563995,0.1356869488,45.48149391,0.1905034962,187.0785233,0.2045684632,266.1080322,-0.5334920693,-0.5724602088,0.555,0.1745,0.029,0.001,0.7364002436,0.2707209902,0.7292790098,1.465915263
roll_interval,roll_12m,roll,63,0.03,12m,1,30,2000,NDX_80_30,NDX LEAPS,NASDAQ100_1X,0.8,0.3,0.1494466885,-0.4626463617,-0.8120692023,0,0.5105,0.1155,0.07464452717,8.669374184,0.08926503499,13.00345659,0.1479307038,62.74112593,0.2106474889,309.4891081,0.2288160513,483.8709567,-0.5940115105,-0.633205679,0.775,0.3505,0.0925,0.005,0.8761014182,0.3208609561,0.6791390439,1.554966043
roll_interval,roll_12m,roll,63,0.03,12m,1,30,2000,NDX_80_35,NDX LEAPS,NASDAQ100_1X,0.8,0.35,0.1602525137,-0.5161279516,-0.8641886597,0,0.2745,0.09,0.07496299236,8.746787321,0.09131578642,13.75833099,0.1584888435,82.57405342,0.230624722,505.6995103,0.2504815898,817.4326135,-0.6552171849,-0.6939647273,0.924,0.562,0.2095,0.019,1.013796846,0.3701566961,0.6298433039,1.643005611
roll_interval,roll_12m,roll,63,0.03,12m,1,30,2000,NDX_80_40,NDX LEAPS,NASDAQ100_1X,0.8,0.4,0.1698779853,-0.5683789484,-0.9060901004,0,0.1435,0.0785,0.07533449096,8.837934911,0.09276344806,14.3165224,0.1675209763,104.2396254,0.2493714806,795.9394044,0.2730089296,1396.64818,-0.7105823665,-0.7559516757,0.983,0.7705,0.3815,0.056,1.150172618,0.4187369289,0.5812630711,1.730932362
roll_interval,roll_12m,roll,63,0.03,12m,1,30,2000,NDX_80_45,NDX LEAPS,NASDAQ100_1X,0.8,0.45,0.1783248258,-0.6198303838,-0.9366578512,0.001,0.099,0.077,0.0733077575,8.351609852,0.09293829613,14.38541055,0.1761151539,129.8948261,0.2681979952,1246.675511,0.2945955851,2313.016519,-0.7603376411,-0.806413865,0.997,0.896,0.576,0.117,1.285606518,0.4666223389,0.5333776611,1.818903333
roll_interval,roll_12m,roll,63,0.03,12m,1,30,2000,NDX_80_50,NDX LEAPS,NASDAQ100_1X,0.8,0.5,0.1855800737,-0.6674876541,-0.9584037201,0.0025,0.095,0.0805,0.06992137865,7.596278739,0.09054848747,13.4710345,0.1827139421,153.635403,0.2855008422,1872.064262,0.3153929121,3731.022766,-0.8069533683,-0.8485324934,1,0.962,0.7375,0.231,1.420818624,0.5140594044,0.4859405956,1.906386411
roll_interval,roll_12m,roll,63,0.03,12m,1,30,2000,NDX_85_20,NDX LEAPS,NASDAQ100_1X,0.85,0.2,0.1280570708,-0.3801989145,-0.720741376,0,0.7725,0.2795,0.06847271139,7.293613282,0.08104049715,10.35870335,0.1268927298,36.02038437,0.1759318509,129.2888161,0.1881268217,176.1939007,-0.4994565544,-0.5375194202,0.409,0.1,0.014,0,0.6382742161,0.2203287672,0.7796712328,1.417820319
roll_interval,roll_12m,roll,63,0.03,12m,1,30,2000,NDX_85_25,NDX LEAPS,NASDAQ100_1X,0.85,0.25,0.1417512183,-0.4301909482,-0.7740519927,0,0.637,0.169,0.07223924542,8.10573857,0.08626250676,11.96996722,0.1398558481,50.76633341,0.19855877,229.0282392,0.2152443837,346.7564739,-0.5545294199,-0.5964260879,0.6455,0.2295,0.046,0.002,0.7885500139,0.2711997978,0.7288002022,1.517767704
roll_interval,roll_12m,roll,63,0.03,12m,1,30,2000,NDX_85_30,NDX LEAPS,NASDAQ100_1X,0.85,0.3,0.1540570757,-0.4845419766,-0.8349051758,0,0.407,0.1085,0.07397551167,8.508912313,0.08943428307,13.06417776,0.1521610908,70.06165682,0.2202617297,392.3812334,0.2401991592,638.074519,-0.6189608252,-0.6587280726,0.8565,0.444,0.128,0.0075,0.9374978258,0.3210992607,0.6789007393,1.616366972
roll_interval,roll_12m,roll,63,0.03,12m,1,30,2000,NDX_85_35,NDX LEAPS,NASDAQ100_1X,0.85,0.35,0.1650165076,-0.5398333486,-0.8856897768,0,0.2155,0.087,0.07356800808,8.412580769,0.09109555566,13.67525511,0.1625449895,91.70281166,0.2415360147,659.0351276,0.263025738,1102.840892,-0.6788793942,-0.7228341522,0.9605,0.6685,0.279,0.031,1.084145693,0.3701530292,0.6298469708,1.714093751
roll_interval,roll_12m,roll,63,0.03,12m,1,30,2000,NDX_85_40,NDX LEAPS,NASDAQ100_1X,0.85,0.4,0.1746516701,-0.5930239327,-0.9235767129,0.001,0.1345,0.08,0.07369381341,8.442214884,0.092190728,14.09335314,0.1723176331,117.883844,0.2614563001,1062.444512,0.2874816613,1960.580225,-0.733301571,-0.7803169805,0.9925,0.846,0.476,0.0815,1.229489003,0.4184094388,0.5815905612,1.811346773
roll_interval,roll_12m,roll,63,0.03,12m,1,30,2000,NDX_85_45,NDX LEAPS,NASDAQ100_1X,0.85,0.45,0.1829667997,-0.6447539747,-0.9502948422,0.002,0.1085,0.08,0.06996080714,7.604599512,0.09045650029,13.43702034,0.1808966649,146.708658,0.2794846073,1626.297479,0.3098039075,3283.593972,-0.7840146245,-0.8288176774,0.9995,0.939,0.677,0.175,1.374259242,0.4660801101,0.5339198899,1.908171869
roll_interval,roll_12m,roll,63,0.03,12m,1,30,2000,NDX_85_50,NDX LEAPS,NASDAQ100_1X,0.85,0.5,0.1899485448,-0.6927402294,-0.9686293418,0.0035,0.1105,0.0865,0.06619033514,6.840390745,0.08779181506,12.48601015,0.1861462461,167.5905121,0.2977320589,2487.173621,0.3295681031,5146.28195,-0.8300873059,-0.871482391,1,0.981,0.8215,0.2965,1.518662026,0.5131961154,0.4868038846,2.004915137
roll_interval,roll_12m,roll,63,0.03,12m,1,30,2000,NDX_90_20,NDX LEAPS,NASDAQ100_1X,0.9,0.2,0.1316522916,-0.3956670571,-0.7343139977,0,0.744,0.244,0.06860112477,7.31995269,0.08154730731,10.50539165,0.1303201136,39.45631664,0.1833234169,156.0285581,0.1971524834,221.1012142,-0.5171649872,-0.554811354,0.48,0.1295,0.021,0,0.6820567967,0.2208147644,0.7791852356,1.461517392
roll_interval,roll_12m,roll,63,0.03,12m,1,30,2000,NDX_90_25,NDX LEAPS,NASDAQ100_1X,0.9,0.25,0.1456888187,-0.4508713446,-0.797189885,0,0.578,0.151,0.07190092262,8.029356117,0.08635053104,11.9991022,0.1435675407,55.96734641,0.206443126,278.8171527,0.2241603891,431.7903415,-0.5780927156,-0.618992659,0.728,0.2965,0.0695,0.004,0.8423098031,0.2715371502,0.7284628498,1.571049415
roll_interval,roll_12m,roll,63,0.03,12m,1,30,2000,NDX_90_30,NDX LEAPS,NASDAQ100_1X,0.9,0.3,0.158165567,-0.5079201153,-0.8572920926,0,0.33,0.108,0.07248396578,8.161445559,0.08846592402,12.72024802,0.1556506905,76.71556694,0.2296395931,493.6944888,0.2511080719,829.8094751,-0.6435493581,-0.6822441219,0.9095,0.5305,0.1835,0.0155,1.000748138,0.3210894875,0.6789105125,1.679381718
roll_interval,roll_12m,roll,63,0.03,12m,1,30,2000,NDX_90_35,NDX LEAPS,NASDAQ100_1X,0.9,0.35,0.169135944,-0.5652233551,-0.9043136381,0,0.1875,0.0885,0.07160376978,7.962842243,0.08987669788,13.22429508,0.1658890929,99.95592223,0.2516603802,840.8695492,0.2764071154,1512.958563,-0.703142028,-0.7485470129,0.9795,0.7565,0.3705,0.0495,1.156282483,0.3698251076,0.6301748924,1.786346146
roll_interval,roll_12m,roll,63,0.03,12m,1,30,2000,NDX_90_40,NDX LEAPS,NASDAQ100_1X,0.9,0.4,0.1786292181,-0.6181460033,-0.9381840593,0.002,0.1365,0.084,0.07065811645,7.754867874,0.0892207089,12.98755815,0.1762926583,130.486053,0.2718658992,1359.510864,0.3008051569,2670.079879,-0.7569919115,-0.8026990758,0.9985,0.904,0.584,0.112,1.310875755,0.4177399148,0.5822600852,1.893229987
roll_interval,roll_12m,roll,63,0.03,12m,1,30,2000,NDX_90_45,NDX LEAPS,NASDAQ100_1X,0.9,0.45,0.1866530948,-0.671377355,-0.9612779959,0.003,0.1235,0.0895,0.06647173776,6.894761742,0.08688331439,12.17695623,0.18324505,155.7191251,0.2908218802,2119.051347,0.3233816988,4474.251532,-0.8073685851,-0.8502820124,1,0.9695,0.7515,0.2395,1.464635688,0.4651910606,0.5348089394,2.000092796
roll_interval,roll_12m,roll,63,0.03,12m,1,30,2000,NDX_90_50,NDX LEAPS,NASDAQ100_1X,0.9,0.5,0.1931943974,-0.7204314528,-0.9765399611,0.0065,0.136,0.101,0.06058603658,5.839995125,0.08294749774,10.92117734,0.1887248923,178.8725011,0.3093923828,3252.780253,0.3446276208,7215.193165,-0.8532943346,-0.8881605679,1,0.993,0.88,0.388,1.617394175,0.5121176624,0.4878823376,2.105622286
roll_interval,roll_12m,roll,63,0.03,12m,1,30,2000,NDX_95_20,NDX LEAPS,NASDAQ100_1X,0.95,0.2,0.1349275563,-0.4129846376,-0.7470301054,0,0.7105,0.2195,0.06805309191,7.208164629,0.08122425479,10.41165614,0.1332412936,42.63304168,0.1901110133,185.2371899,0.205006797,269.0270004,-0.5346096226,-0.5743685606,0.5685,0.177,0.031,0,0.726619562,0.2210724656,0.7789275344,1.505908501
roll_interval,roll_12m,roll,63,0.03,12m,1,30,2000,NDX_95_25,NDX LEAPS,NASDAQ100_1X,0.95,0.25,0.1491691739,-0.471903301,-0.8205847725,0,0.5115,0.142,0.06941296697,7.488645561,0.08609896003,11.91603027,0.1469100551,61.08926525,0.2145396235,340.7742492,0.234724989,558.7694505,-0.6023031678,-0.6408586442,0.805,0.3815,0.1025,0.0065,0.8969151884,0.2715693611,0.7284306389,1.62554879
roll_interval,roll_12m,roll,63,0.03,12m,1,30,2000,NDX_95_30,NDX LEAPS,NASDAQ100_1X,0.95,0.3,0.1616685048,-0.5324927057,-0.8774688762,0.0005,0.291,0.1105,0.0702477473,7.666023463,0.08732593367,12.32656786,0.1581778703,81.91157231,0.2394419999,626.4896219,0.2615097533,1063.791442,-0.669854643,-0.7055237019,0.95,0.6165,0.248,0.0235,1.064238574,0.3208709984,0.6791290016,1.743308355
roll_interval,roll_12m,roll,63,0.03,12m,1,30,2000,NDX_95_35,NDX LEAPS,NASDAQ100_1X,0.95,0.35,0.1724928302,-0.5902454209,-0.9204806014,0.0015,0.188,0.098,0.069294252,7.463745518,0.0873484839,12.33424102,0.1690040109,108.2861748,0.2608328049,1046.797795,0.2887776503,2020.65351,-0.7273861697,-0.7699643375,0.9925,0.837,0.4635,0.0695,1.229268918,0.3692443487,0.6307556513,1.859962687
roll_interval,roll_12m,roll,63,0.03,12m,1,30,2000,NDX_95_40,NDX LEAPS,NASDAQ100_1X,0.95,0.4,0.1816800734,-0.6454217731,-0.9502710896,0.003,0.1485,0.0995,0.06609219793,6.821524171,0.08649448699,12.04692939,0.1784990342,138.0303647,0.2821315228,1730.315218,0.3131445158,3544.384769,-0.7806853343,-0.8248524368,1,0.941,0.67,0.1695,1.392811973,0.4166982507,0.5833017493,1.976059099
roll_interval,roll_12m,roll,63,0.03,12m,1,30,2000,NDX_95_45,NDX LEAPS,NASDAQ100_1X,0.95,0.45,0.189242419,-0.6967576384,-0.9700227661,0.0055,0.146,0.103,0.06135100147,5.967692973,0.08229451888,10.725347,0.1854765769,164.7746893,0.3010654219,2686.152564,0.3372212988,6113.279969,-0.8313752619,-0.8697869497,1,0.9855,0.8275,0.311,1.555739232,0.4639453624,0.5360546376,2.092115049
roll_interval,roll_12m,roll,63,0.03,12m,1,30,2000,NDX_95_50,NDX LEAPS,NASDAQ100_1X,0.95,0.5,0.1951674821,-0.7462157153,-0.9825740112,0.0125,0.162,0.1135,0.0547955257,4.955446565,0.07766562831,9.431287019,0.1900994318,185.1835004,0.3188158842,4033.571487,0.3581385107,9738.765774,-0.8744614884,-0.9040825859,1,0.9985,0.9215,0.483,1.717390492,0.510501473,0.489498527,2.208356438
roll_interval,roll_18m,roll,63,0.03,18m,1,30,2000,SP500_1X,index,SP500_1X,,,0.1117369828,-0.4155104322,-0.7731714301,0,0,0,0.06238324026,6.144299014,0.07186840425,8.022051893,0.1105548575,23.24142922,0.1516888017,69.20512933,0.1636220307,94.28629052,-0.5491914749,-0.5912173345,0.573,0.208,0.044,0.001,,,,
roll_interval,roll_18m,roll,63,0.03,18m,1,30,2000,NASDAQ100_1X,index,NASDAQ100_1X,,,0.1492359838,-0.5643638817,-0.9282673494,0,0,0.114,0.0665854597,6.916846612,0.08401158886,11.24776169,0.1489394744,64.41664815,0.2172205887,364.0789941,0.2372264924,593.7491311,-0.7163737125,-0.7575548507,0.966,0.7335,0.375,0.062,,,,
roll_interval,roll_18m,roll,63,0.03,18m,1,30,2000,SPX_80_25,SP500 LEAPS,SP500_1X,0.8,0.25,0.1218989019,-0.3730525649,-0.7232235282,0,0.3015,0.3015,0.06901631686,7.405761761,0.07979470958,10.00648628,0.1214763632,31.17251891,0.1633491362,93.62506441,0.175671839,128.4339149,-0.4883624894,-0.5283360265,0.3565,0.0805,0.0105,0,0.9079719131,0.2764184401,0.7235815599,1.630668579
roll_interval,roll_18m,roll,63,0.03,18m,1,30,2000,SPX_85_30,SP500 LEAPS,SP500_1X,0.85,0.3,0.1372647746,-0.4450753468,-0.8277107161,0,0.105,0.105,0.07072852254,7.770026815,0.08507209881,11.5826099,0.1359283922,45.77247887,0.1916023239,192.3288841,0.2059651116,275.5214127,-0.5657300762,-0.613394193,0.734,0.261,0.061,0.002,1.197472585,0.3277927314,0.6722072686,1.868918153
roll_interval,roll_18m,roll,63,0.03,18m,1,30,2000,SPX_85_35,SP500 LEAPS,SP500_1X,0.85,0.35,0.1467715519,-0.4942938047,-0.8794461315,0,0.066,0.066,0.07207864549,8.069392166,0.08737656182,12.34383779,0.1445748347,57.46536724,0.2095046516,300.8432061,0.22551484,446.3528063,-0.6198127138,-0.6655355046,0.8925,0.469,0.137,0.0065,1.383220622,0.3771765117,0.6228234883,2.005775184
roll_interval,roll_18m,roll,63,0.03,18m,1,30,2000,SPX_85_40,SP500 LEAPS,SP500_1X,0.85,0.4,0.1553157298,-0.5413863761,-0.9174398069,0,0.0525,0.0525,0.07118712033,7.870490477,0.08809683378,12.59149912,0.1526530309,70.96469794,0.2261424071,453.2613254,0.2450411317,717.2016953,-0.6754312362,-0.7192008686,0.9705,0.6905,0.277,0.0295,1.56748841,0.4256608842,0.5743391158,2.141385205
roll_interval,roll_18m,roll,63,0.03,18m,1,30,2000,SPX_85_45,SP500 LEAPS,SP500_1X,0.85,0.45,0.1629033901,-0.5900798791,-0.9448323791,0.0005,0.047,0.047,0.06932411978,7.470002366,0.08741583464,12.35718342,0.1610581401,88.24860315,0.2416906429,661.5019534,0.2636499137,1119.29114,-0.7250470393,-0.7682233641,0.9935,0.8435,0.461,0.0735,1.750123525,0.4732237065,0.5267762935,2.276148847
roll_interval,roll_18m,roll,63,0.03,18m,1,30,2000,SPX_85_50,SP500 LEAPS,SP500_1X,0.85,0.5,0.1695261051,-0.6356485569,-0.9641688679,0.0005,0.053,0.053,0.06662761364,6.925052386,0.08615869142,11.93573612,0.1660685082,100.4184163,0.2573536154,963.5165909,0.2818592737,1719.325708,-0.7771027251,-0.8152814008,0.999,0.943,0.6425,0.142,1.932313087,0.5204988272,0.4795011728,2.410610727
roll_interval,roll_18m,roll,63,0.03,18m,1,30,2000,SPX_90_30,SP500 LEAPS,SP500_1X,0.9,0.3,0.1414174265,-0.4776214642,-0.8636584794,0,0.106,0.106,0.0676890455,7.13481225,0.0832444244,11.01137211,0.139543143,50.35016031,0.2023183279,251.5902861,0.2186190267,376.8422144,-0.6011208493,-0.6469625055,0.8465,0.396,0.1025,0.005,1.324874917,0.3276163479,0.6723836521,1.99592883
roll_interval,roll_18m,roll,63,0.03,18m,1,30,2000,SPX_90_35,SP500 LEAPS,SP500_1X,0.9,0.35,0.1508396789,-0.5304224519,-0.908850682,0,0.079,0.079,0.06736923546,7.070973245,0.08414891421,11.29058332,0.1480209766,62.88930758,0.2209591548,399.165936,0.2407616078,646.8129702,-0.6617205481,-0.7062499354,0.955,0.624,0.24,0.0195,1.529610964,0.3766046132,0.6233953868,2.151405811
roll_interval,roll_18m,roll,63,0.03,18m,1,30,2000,SPX_90_40,SP500 LEAPS,SP500_1X,0.9,0.4,0.159121466,-0.5806599856,-0.9405310285,0.0005,0.07,0.07,0.06661452141,6.922504138,0.08342764615,11.06738597,0.1559791601,77.37244803,0.2382617938,608.8385024,0.2609406165,1049.486986,-0.717954329,-0.7593086781,0.991,0.817,0.416,0.0585,1.731879732,0.4245153699,0.5754846301,2.305204846
roll_interval,roll_18m,roll,63,0.03,18m,1,30,2000,SPX_90_45,SP500 LEAPS,SP500_1X,0.9,0.45,0.1662715929,-0.6296342023,-0.9622738978,0.0005,0.073,0.073,0.06370589688,6.377996153,0.08155266996,10.50704136,0.1627574735,92.20698835,0.2554190287,920.0182652,0.281181297,1692.253429,-0.7725006006,-0.8077959028,0.999,0.936,0.6185,0.1345,1.932647825,0.4715436654,0.5284563346,2.458888141
roll_interval,roll_18m,roll,63,0.03,18m,1,30,2000,SPX_90_50,SP500 LEAPS,SP500_1X,0.9,0.5,0.1722799556,-0.6768655196,-0.9768356586,0.003,0.0795,0.0795,0.05837651777,5.485795503,0.07947939725,9.919191849,0.1684421325,106.7356887,0.2714716557,1346.932746,0.2998487425,2611.803564,-0.8173757905,-0.851150214,1,0.9775,0.7775,0.258,2.132278477,0.5181110557,0.4818889443,2.613419874
roll_interval,roll_18m,roll,63,0.03,18m,1,30,2000,SPX_95_30,SP500 LEAPS,SP500_1X,0.95,0.3,0.143960476,-0.5131914878,-0.8933514315,0,0.119,0.119,0.06246497162,6.158500433,0.07857252416,9.672210936,0.1415010735,53.0113007,0.211956168,319.6847417,0.2319689592,522.5388816,-0.6420433574,-0.6836354253,0.928,0.552,0.182,0.0105,1.458766099,0.3265638544,0.6734361456,2.131831078
roll_interval,roll_18m,roll,63,0.03,18m,1,30,2000,SPX_95_35,SP500 LEAPS,SP500_1X,0.95,0.35,0.1529190991,-0.5661048494,-0.9319976907,0.001,0.1085,0.1085,0.06038213971,5.806401104,0.07848326782,9.648221562,0.1497659642,65.8214678,0.2314998269,516.6000646,0.2549173094,909.0512481,-0.7047093489,-0.7423028767,0.9845,0.7775,0.3755,0.042,1.681871293,0.3749349713,0.6250650287,2.306582729
roll_interval,roll_18m,roll,63,0.03,18m,1,30,2000,SPX_95_40,SP500 LEAPS,SP500_1X,0.95,0.4,0.16054201,-0.6194686693,-0.9578044482,0.0015,0.103,0.103,0.057393146,5.33492085,0.07734948805,9.348517629,0.1568209248,79.08077341,0.2490184477,789.2199697,0.2764485946,1514.415478,-0.7613347938,-0.797971732,0.9985,0.9175,0.579,0.123,1.903310535,0.4222115984,0.5777884016,2.479586953
roll_interval,roll_18m,roll,63,0.03,18m,1,30,2000,SPX_95_45,SP500 LEAPS,SP500_1X,0.95,0.45,0.1668416949,-0.6701102976,-0.9746293512,0.004,0.113,0.113,0.05284634718,4.687928465,0.0735518883,8.408797979,0.162981239,92.74088956,0.2654369236,1167.781111,0.2952080747,2346.065275,-0.8134826025,-0.8435385065,0.9995,0.974,0.758,0.237,2.122716657,0.4689077863,0.5310922137,2.6523506
roll_interval,roll_18m,roll,63,0.03,18m,1,30,2000,SPX_95_50,SP500 LEAPS,SP500_1X,0.95,0.5,0.1718064094,-0.717154298,-0.9852970872,0.0085,0.1255,0.1255,0.04630551729,3.888521495,0.06898130512,7.398489083,0.1671701635,103.3040215,0.2808904671,1680.768564,0.3132668946,3554.288988,-0.8554941531,-0.8848316112,1,0.996,0.8885,0.387,2.341833228,0.5148004696,0.4851995304,2.823422471
roll_interval,roll_18m,roll,63,0.03,18m,1,30,2000,NDX_80_20,NDX LEAPS,NASDAQ100_1X,0.8,0.2,0.126587784,-0.3751915598,-0.698565449,0,0.7895,0.2955,0.06784956761,7.167065633,0.08047548655,10.19749739,0.1254001561,34.61619841,0.1725811278,118.6811419,0.1854792518,164.7858351,-0.4914469825,-0.5302013499,0.375,0.0875,0.012,0,0.6105720722,0.2301049045,0.7698950955,1.379924582
roll_interval,roll_18m,roll,63,0.03,18m,1,30,2000,NDX_80_25,NDX LEAPS,NASDAQ100_1X,0.8,0.25,0.1398220919,-0.424180619,-0.7617760616,0,0.663,0.173,0.07175764285,7.997222419,0.08596787778,11.87294461,0.137831852,48.13038975,0.1947612121,208.2281006,0.2098639116,303.5351557,-0.5463416672,-0.5879249012,0.612,0.2105,0.0395,0.0005,0.7517220041,0.2818780068,0.7181219932,1.469550663
roll_interval,roll_18m,roll,63,0.03,18m,1,30,2000,NDX_80_30,NDX LEAPS,NASDAQ100_1X,0.8,0.3,0.1517183372,-0.478512429,-0.8191756849,0,0.464,0.1165,0.07374450542,8.454176156,0.08927043969,13.00536009,0.1495829066,65.5076477,0.215395954,348.0564067,0.2339591888,548.4661245,-0.6052946005,-0.6470426155,0.8285,0.4075,0.1085,0.0055,0.8898691967,0.3318519076,0.6681480924,1.557842292
roll_interval,roll_18m,roll,63,0.03,18m,1,30,2000,NDX_80_35,NDX LEAPS,NASDAQ100_1X,0.8,0.35,0.162341488,-0.5295241656,-0.8654778255,0,0.2545,0.0845,0.07461999577,8.663444255,0.09170232102,13.90526203,0.1605279893,87.04766261,0.2349176631,561.401101,0.2562128621,937.6343609,-0.6661981661,-0.7071988006,0.9475,0.629,0.2475,0.022,1.02571827,0.3806463555,0.6193536445,1.645136517
roll_interval,roll_18m,roll,63,0.03,18m,1,30,2000,NDX_80_40,NDX LEAPS,NASDAQ100_1X,0.8,0.4,0.1717309257,-0.5812008459,-0.9027503454,0.0005,0.144,0.0805,0.07471196031,8.685709926,0.09194880554,13.99976699,0.1692598437,109.0000223,0.2551313523,913.7145598,0.2776627919,1558.235725,-0.7255263492,-0.7621015748,0.988,0.8145,0.4265,0.0605,1.160750306,0.4283994578,0.5716005422,1.732105778
roll_interval,roll_18m,roll,63,0.03,18m,1,30,2000,NDX_80_45,NDX LEAPS,NASDAQ100_1X,0.8,0.45,0.1799034954,-0.6308677551,-0.9318467152,0.002,0.11,0.0785,0.07275985825,8.22483029,0.0921612504,14.08171941,0.1765590744,131.3738762,0.2735386498,1414.203339,0.2968325701,2435.987883,-0.7740554485,-0.8103465704,0.9985,0.9265,0.6215,0.1465,1.293907468,0.4753854227,0.5246145773,1.818460206
roll_interval,roll_18m,roll,63,0.03,18m,1,30,2000,NDX_80_50,NDX LEAPS,NASDAQ100_1X,0.8,0.5,0.1868543647,-0.6798945406,-0.9535494324,0.003,0.1005,0.085,0.0682802314,7.254328273,0.08928868946,13.01191846,0.1832417331,155.7070723,0.2902333874,2090.25797,0.3170230024,3872.26328,-0.8207389829,-0.8519084496,1,0.9775,0.7855,0.2525,1.427405946,0.5217778781,0.4782221219,1.905245709
roll_interval,roll_18m,roll,63,0.03,18m,1,30,2000,NDX_85_20,NDX LEAPS,NASDAQ100_1X,0.85,0.2,0.1306112186,-0.3920201072,-0.7149945195,0,0.759,0.2535,0.06818990422,7.235912261,0.08129037598,10.43077567,0.129396805,38.50079577,0.1800975339,143.7592208,0.1945213777,206.9779075,-0.5106879432,-0.5494402544,0.4675,0.1195,0.017,0,0.6566705422,0.230973264,0.769026736,1.424955395
roll_interval,roll_18m,roll,63,0.03,18m,1,30,2000,NDX_85_25,NDX LEAPS,NASDAQ100_1X,0.85,0.25,0.1442431387,-0.4471660101,-0.77848784,0,0.607,0.154,0.07122963124,7.879875077,0.0862290621,11.95891671,0.1420236977,53.74432655,0.2035968554,259.7416272,0.2213994493,403.5064737,-0.5703637579,-0.6124709988,0.715,0.28,0.06,0.002,0.8070244212,0.2823714468,0.7176285532,1.524580924
roll_interval,roll_18m,roll,63,0.03,18m,1,30,2000,NDX_85_30,NDX LEAPS,NASDAQ100_1X,0.85,0.3,0.1563600474,-0.5025155132,-0.8375843022,0,0.372,0.1105,0.07256604834,8.180184285,0.08884603872,12.85420376,0.1538697794,73.24686959,0.225932201,450.9357857,0.2457692199,729.8920916,-0.6313864721,-0.6722383739,0.903,0.5065,0.164,0.011,0.9544722066,0.331956508,0.668043492,1.622143723
roll_interval,roll_18m,roll,63,0.03,18m,1,30,2000,NDX_85_35,NDX LEAPS,NASDAQ100_1X,0.85,0.35,0.1670407045,-0.5560894435,-0.8839406875,0,0.213,0.093,0.07238039656,8.137880377,0.09077756621,13.55619642,0.164707861,96.96197023,0.2455633897,726.2849631,0.2697667712,1293.781111,-0.6940223844,-0.7341216215,0.9775,0.731,0.3355,0.0345,1.099980929,0.3804524758,0.6195475242,1.719158062
roll_interval,roll_18m,roll,63,0.03,18m,1,30,2000,NDX_85_40,NDX LEAPS,NASDAQ100_1X,0.85,0.4,0.1763324954,-0.6094044781,-0.9190673743,0.0005,0.1345,0.087,0.07129567643,7.894495193,0.09057821163,13.48205389,0.173667024,122.0243212,0.2667441223,1204.506984,0.291237194,2139.612212,-0.749851479,-0.7863645105,0.996,0.8885,0.5395,0.1,1.243021032,0.4278426215,0.5721573785,1.815060503
roll_interval,roll_18m,roll,63,0.03,18m,1,30,2000,NDX_85_45,NDX LEAPS,NASDAQ100_1X,0.85,0.45,0.1842555346,-0.6601863465,-0.9450859028,0.003,0.119,0.0905,0.06916681068,7.437110523,0.08859311098,12.76491475,0.1804837166,145.1775517,0.285372211,1866.450896,0.3120009704,3452.916936,-0.7986500533,-0.8327123802,1,0.9655,0.7285,0.2015,1.385188657,0.4744370034,0.5255629966,1.911605002
roll_interval,roll_18m,roll,63,0.03,18m,1,30,2000,NDX_85_50,NDX LEAPS,NASDAQ100_1X,0.85,0.5,0.1908039324,-0.707559594,-0.9638794536,0.0035,0.123,0.102,0.06323558421,6.293926944,0.08605118941,11.90033485,0.1865769193,169.4255198,0.3036178645,2848.835064,0.3320692555,5444.72332,-0.8447943471,-0.8731865224,1,0.988,0.864,0.3355,1.5276971,0.5201424567,0.4798575433,2.008226057
roll_interval,roll_18m,roll,63,0.03,18m,1,30,2000,NDX_90_20,NDX LEAPS,NASDAQ100_1X,0.9,0.2,0.1343830501,-0.4110725419,-0.7299589437,0,0.716,0.231,0.06735370285,7.067889983,0.08188419984,10.60402008,0.1327475796,42.07929187,0.1881531639,176.3093932,0.2031422018,256.8177263,-0.5344064681,-0.5697526309,0.5515,0.1715,0.028,0,0.7034959362,0.2315646811,0.7684353189,1.471840661
roll_interval,roll_18m,roll,63,0.03,18m,1,30,2000,NDX_90_25,NDX LEAPS,NASDAQ100_1X,0.9,0.25,0.1482779839,-0.4680867301,-0.799138609,0,0.5355,0.1475,0.0699577697,7.603951193,0.08582455361,11.82602257,0.1458051197,59.34767437,0.2122060285,321.6680081,0.2321123556,524.3650448,-0.5961447661,-0.6354186676,0.8115,0.363,0.0925,0.004,0.8644255004,0.282597478,0.717402522,1.581425781
roll_interval,roll_18m,roll,63,0.03,18m,1,30,2000,NDX_90_30,NDX LEAPS,NASDAQ100_1X,0.9,0.3,0.1604674278,-0.5263198202,-0.8569160982,0,0.3055,0.1115,0.07004793781,7.623199712,0.08765038557,12.43743359,0.1573735067,80.22192304,0.2358502845,574.2520796,0.2577316332,972.2456628,-0.6622842894,-0.697747572,0.949,0.616,0.238,0.02,1.020965335,0.3318678785,0.6681321215,1.689636765
roll_interval,roll_18m,roll,63,0.03,18m,1,30,2000,NDX_90_35,NDX LEAPS,NASDAQ100_1X,0.9,0.35,0.1710465439,-0.5827795088,-0.9005081865,0.0005,0.189,0.097,0.06816205456,7.230255082,0.08811403322,12.59744716,0.1677043111,104.7318785,0.2571036799,957.7908362,0.2818705031,1719.804575,-0.7232405381,-0.7589293989,0.9925,0.8175,0.4345,0.058,1.175394041,0.3798754779,0.6201245221,1.79639659
roll_interval,roll_18m,roll,63,0.03,18m,1,30,2000,NDX_90_40,NDX LEAPS,NASDAQ100_1X,0.9,0.4,0.1800723038,-0.6375347363,-0.932650868,0.0025,0.1445,0.101,0.06553673839,6.71570782,0.08712664279,12.25896903,0.1769342523,132.637126,0.2770242364,1535.040834,0.3042081019,2887.793864,-0.7768864125,-0.8108506586,0.9995,0.9415,0.645,0.152,1.327570837,0.426787916,0.573212084,1.901810199
roll_interval,roll_18m,roll,63,0.03,18m,1,30,2000,NDX_90_45,NDX LEAPS,NASDAQ100_1X,0.9,0.45,0.1875689707,-0.6897869547,-0.955763578,0.004,0.1425,0.104,0.06211776557,6.098407185,0.08412935999,11.2845008,0.1834249967,156.4322647,0.2961505288,2397.832634,0.325158974,4658.106644,-0.825846686,-0.8568916894,1,0.98,0.8135,0.277,1.479568244,0.4726625935,0.5273374065,2.007279382
roll_interval,roll_18m,roll,63,0.03,18m,1,30,2000,NDX_90_50,NDX LEAPS,NASDAQ100_1X,0.9,0.5,0.1935299378,-0.7380855316,-0.9719259087,0.0075,0.153,0.1115,0.05668127962,5.228212996,0.08036933272,10.16748318,0.188362124,177.242024,0.3145253548,3657.898529,0.3474754236,7687.835858,-0.8688825844,-0.8944361758,1,0.996,0.918,0.4465,1.630219994,0.5181702282,0.4818297718,2.112525994
roll_interval,roll_18m,roll,63,0.03,18m,1,30,2000,NDX_95_20,NDX LEAPS,NASDAQ100_1X,0.95,0.2,0.1378033761,-0.4302514896,-0.7457590978,0,0.687,0.213,0.06548782795,6.706447241,0.08166802299,10.54063807,0.1354087771,45.14846431,0.1960423019,215.0320156,0.2129950178,328.0086956,-0.5558051666,-0.5931154826,0.647,0.231,0.0425,0,0.7515591573,0.2317492372,0.7682507628,1.519883002
roll_interval,roll_18m,roll,63,0.03,18m,1,30,2000,NDX_95_25,NDX LEAPS,NASDAQ100_1X,0.95,0.25,0.1518030864,-0.4916563085,-0.8212958106,0,0.473,0.142,0.06811633454,7.221004467,0.08492004077,11.53401217,0.1486012318,63.85020677,0.2220261711,409.7647647,0.2421012982,668.0967668,-0.6219937575,-0.6610711862,0.8815,0.465,0.1375,0.007,0.9225980656,0.2824457962,0.7175542038,1.640075695
roll_interval,roll_18m,roll,63,0.03,18m,1,30,2000,NDX_95_30,NDX LEAPS,NASDAQ100_1X,0.95,0.3,0.1638958412,-0.5519705291,-0.8756190535,0.0005,0.2775,0.1195,0.06606126446,6.815607301,0.08585735566,11.83674566,0.1604930079,86.96919169,0.2471495235,754.5483395,0.2690885862,1273.21173,-0.6892040804,-0.7262199115,0.9775,0.7205,0.3215,0.0335,1.088138229,0.3312800485,0.6687199515,1.757482742
roll_interval,roll_18m,roll,63,0.03,18m,1,30,2000,NDX_95_35,NDX LEAPS,NASDAQ100_1X,0.95,0.35,0.1741958946,-0.6098321903,-0.9144833981,0.002,0.194,0.104,0.06356519637,6.35272646,0.08521058045,11.62705654,0.1700773734,111.3095553,0.2682545926,1248.345572,0.2930477287,2231.502755,-0.750074215,-0.7849622785,0.998,0.89,0.541,0.1,1.252339236,0.3785071682,0.6214928318,1.874036452
roll_interval,roll_18m,roll,63,0.03,18m,1,30,2000,NDX_95_40,NDX LEAPS,NASDAQ100_1X,0.95,0.4,0.1827714104,-0.6668133231,-0.9437650198,0.005,0.167,0.1115,0.06055191162,5.834371918,0.08166509966,10.53977475,0.1781946256,136.9656129,0.2872032796,1947.954928,0.3169886869,3869.263854,-0.8035041317,-0.8369374725,1,0.969,0.7485,0.2165,1.414005438,0.4251467802,0.5748532198,1.989887696
roll_interval,roll_18m,roll,63,0.03,18m,1,30,2000,NDX_95_45,NDX LEAPS,NASDAQ100_1X,0.95,0.45,0.1896517017,-0.7177485115,-0.9642324724,0.006,0.169,0.1165,0.05584036411,5.104826633,0.07821902158,9.577551062,0.1846450548,161.3422622,0.3074323355,3109.838328,0.3391785575,6387.490372,-0.8490366621,-0.8797119207,1,0.994,0.881,0.3695,1.574497898,0.470712401,0.529287599,2.105150297
roll_interval,roll_18m,roll,63,0.03,18m,1,30,2000,NDX_95_50,NDX LEAPS,NASDAQ100_1X,0.95,0.5,0.1948298354,-0.7639681981,-0.9780925758,0.0125,0.185,0.133,0.04848212496,4.138785741,0.07225702389,8.109804605,0.1887934436,179.182423,0.3248012162,4620.497704,0.3596122336,10060.93132,-0.8896073134,-0.9151819092,1,0.9995,0.9575,0.5605,1.734171865,0.5155911539,0.4844088461,2.22031381
