variant,cell,family,underlying,regime,moneyness,premium_budget,maturity_months,roll_months,cagr,terminal_multiple,annualized_volatility,max_drawdown,mean_delta_exposure,delta_exposure_sd,mean_option_weight,mean_treasury_weight,gross_notional,option_turnover_per_year,cost_drag_bps,theta_burden_per_year,vega_per_nav,mean_entry_years,mean_exit_years,mean_held_years,rolls,mean_premium_fraction_of_nav,mean_exit_premium_ratio,cohort_10y_min_cagr,cohort_20y_min_cagr,cohort_20y_median_cagr,cohort_30y_min_cagr,cohort_30y_median_cagr,cagr_per_volatility_point,delta_exposure_p5,delta_exposure_p50,delta_exposure_p95,sessions_after_major_loss,min_exposure_after_loss,mean_exposure_after_loss,recovery_exposure,recovery_exposure_ratio,underexposed_recovery,1987_crash,1987_crash_trough,1987_crash_mean_delta,1987_crash_min_delta,1987_crash_recovery_delta,2000_2002_bust,2000_2002_bust_trough,2000_2002_bust_mean_delta,2000_2002_bust_min_delta,2000_2002_bust_recovery_delta,2008_2009_gfc,2008_2009_gfc_trough,2008_2009_gfc_mean_delta,2008_2009_gfc_min_delta,2008_2009_gfc_recovery_delta,2020_covid,2020_covid_trough,2020_covid_mean_delta,2020_covid_min_delta,2020_covid_recovery_delta,2022_rates,2022_rates_trough,2022_rates_mean_delta,2022_rates_min_delta,2022_rates_recovery_delta
NDX_80_20_15M_R6,NDX_80_20,NDX,NASDAQ100_1X,15m/6m,0.8,0.2,15,6,0.140783167,192.2629512,0.173824501,-0.4957599847,0.697003971,0.1533414044,0.2134455996,0.7865544004,1.483558371,0.4007405884,103.1555809,-0.02960469264,0.1372300152,1.24705681,0.7473292959,0.4997444095,80,0.2,1.27177081,0.03375917885,0.108182794,0.14289761,0.1336692616,0.1498411948,0.003119297985,0.3966848756,0.7170516722,0.9268689248,433,0.4416442063,0.6812062052,0.7281648045,1.044706823,False,-0.1726549475,-0.2388047112,0.5570845777,0.1990818349,0.5271217464,-0.2600630798,-0.2936248331,0.3810783867,0.04876402451,0.5407175346,-0.1651439393,-0.2560731956,0.5633160259,0.1271584325,0.6644381408,-0.1172358346,-0.2090307126,0.7307207322,0.5384692307,0.7982850128,-0.46266603,-0.457913605,0.6271239619,0.4416442063,0.7286110702
NDX_80_20_15M_R12,NDX_80_20,NDX,NASDAQ100_1X,15m/12m,0.8,0.2,15,12,0.1496200877,261.6359716,0.1801963241,-0.5044603739,0.7200320788,0.1712563163,0.2263513433,0.7736486567,1.493680736,0.2003702942,58.48610675,-0.02721279802,0.09301555581,1.248596851,0.2491444216,0.9995261412,40,0.2,1.607372495,0.02972361137,0.1108350296,0.1490005932,0.1415831112,0.1583451454,0.002635469565,0.3861964863,0.7389628047,0.9546865907,415,0.3192588096,0.6945030852,0.7698517288,1.069190876,False,-0.1694534012,-0.236052828,0.5631487776,0.1990818349,0.4926855969,-0.2742288295,-0.2988451583,0.4025552637,0.000176422414,0.5965057095,-0.1591700258,-0.2507499373,0.5158444371,0.1271584325,0.5295422635,-0.1119020019,-0.2090307126,0.7260395663,0.5217248584,0.7766448634,-0.4719374376,-0.4672670131,0.6027074418,0.3192588096,0.7715343332
NDX_80_20_24M_R12,NDX_80_20,NDX,NASDAQ100_1X,24m/12m,0.8,0.2,24,12,0.1364097484,164.9273835,0.1632163146,-0.4736965438,0.6368033273,0.1576273497,0.2287549335,0.7712450665,1.408048394,0.2003702942,56.12989038,-0.02223210411,0.1540756418,2.004928131,0.9993155373,1.005844258,40,0.2,1.522360845,0.03541937866,0.1108808826,0.1379319842,0.1311076759,0.1465931848,0.002761695633,0.3397462354,0.6488856269,0.8778429373,466,0.1166589971,0.4739088876,0.6945169059,1.090630146,False,-0.2609359588,-0.2834780685,0.6881781172,0.5146216597,0.5559586131,-0.2873625218,-0.3444166097,0.3185939715,0.08797202577,0.3985263997,-0.08454525893,-0.1874097812,0.4879300674,0.04786534225,0.7025678739,-0.04033575768,-0.1763094356,0.5348184096,0.3555113288,0.6398381108,-0.425726957,-0.4200020776,0.4684701772,0.3067741381,0.6591181381
NDX_80_25_15M_R6,NDX_80_25,NDX,NASDAQ100_1X,15m/6m,0.8,0.25,15,6,0.1578368046,347.6875051,0.2038502828,-0.527095667,0.8654386258,0.1832425339,0.2642429505,0.7357570495,1.601195675,0.5009257354,128.7473817,-0.03704545637,0.1720363734,1.24705681,0.7473292959,0.4997444095,80,0.25,1.27177081,0.02058886663,0.1135091903,0.1542369975,0.1511506191,0.1667836688,0.003834808242,0.5040955331,0.8900565875,1.141931093,777,0.1574783088,0.6914248477,0.8973917549,1.036921312,False,-0.2182807489,-0.2780989541,0.6995517155,0.2623226782,0.6664562296,-0.3823181092,-0.4000873508,0.4785759771,0.06480284283,0.6699190876,-0.2527211833,-0.3274412255,0.710063864,0.1683621489,0.8134366499,-0.1709560365,-0.2507277951,0.908242912,0.6907806929,0.9599828316,-0.4964179017,-0.4934997048,0.7945656338,0.573059351,0.8986889156
NDX_80_25_15M_R12,NDX_80_25,NDX,NASDAQ100_1X,15m/12m,0.8,0.25,15,12,0.1687079676,504.9347168,0.2109018859,-0.5386818214,0.8893959036,0.2024921852,0.2781972329,0.7218027671,1.611198671,0.2504628677,71.96323762,-0.03409611687,0.1169295203,1.248596851,0.2491444216,0.9995261412,40,0.25,1.607372495,0.01821222079,0.1182669201,0.1624707884,0.161093273,0.1765158365,0.003223706344,0.4978863341,0.9122766306,1.174230729,828,0.0002352288658,0.6317046168,0.9440690556,1.061472233,False,-0.2134748533,-0.2736153446,0.6944984172,0.2623226782,0.6310264651,-0.3829500413,-0.3943415837,0.4952826052,0.0002352288658,0.7299298649,-0.2473351954,-0.3225937799,0.6596890064,0.1683621489,0.6698445727,-0.1647533253,-0.2507277951,0.9030640352,0.6700178978,0.9445873972,-0.5087556612,-0.5059089602,0.7705442171,0.4204009774,0.9468308202
NDX_80_25_24M_R12,NDX_80_25,NDX,NASDAQ100_1X,24m/12m,0.8,0.25,24,12,0.1526945607,291.0768818,0.1887017006,-0.5001886852,0.7861401871,0.1861970239,0.2815236943,0.7184763057,1.504616493,0.2504628677,69.18206956,-0.02769418211,0.1925099171,2.004928131,0.9993155373,1.005844258,40,0.25,1.522360845,0.02379201219,0.1148449284,0.1501710503,0.1479832741,0.1626257626,0.003363553773,0.4337384877,0.8006694637,1.073250229,1180,0.1162474758,0.5247833578,0.8426295553,1.071856609,False,-0.3110528066,-0.3299090463,0.8312647898,0.6513724829,0.6878500096,-0.4040256081,-0.4468998125,0.4022550845,0.1162474758,0.4969969226,-0.1587568998,-0.2311038517,0.6153766818,0.06366813182,0.8451051026,-0.08316787024,-0.1874548487,0.6753133895,0.4593316155,0.7850952823,-0.4538607522,-0.4498789578,0.5990622519,0.4017418553,0.8036698211
NDX_80_30_15M_R6,NDX_80_30,NDX,NASDAQ100_1X,15m/6m,0.8,0.3,15,6,0.1734225354,592.9837228,0.2364923807,-0.5573778819,1.032299693,0.2110910426,0.3142932412,0.6857067588,1.718006452,0.6011108825,154.2452496,-0.04453661289,0.2071765635,1.24705681,0.7473292959,0.4997444095,80,0.3,1.27177081,0.005634498661,0.1156116501,0.1648886969,0.1653316561,0.1814889572,0.004523371254,0.6218817992,1.056498388,1.350453957,1464,0.08300301176,0.8146758882,1.062584503,1.029337227,False,-0.2632119616,-0.3166515337,0.8443076542,0.3328017879,0.8092874848,-0.4898123335,-0.4979931367,0.5777563066,0.08300301176,0.7970066608,-0.3341983396,-0.3976768899,0.8600819633,0.2147539351,0.9572171418,-0.2210756453,-0.2895836681,1.084432135,0.851316305,1.110822545,-0.5286265089,-0.527293159,0.9668820712,0.7148699384,1.064921784
NDX_80_30_15M_R12,NDX_80_30,NDX,NASDAQ100_1X,15m/12m,0.8,0.3,15,12,0.1863284427,917.7245314,0.243720662,-0.5720792106,1.055879757,0.2313791705,0.3286851808,0.6713148192,1.727194577,0.3005554413,85.07960082,-0.04106701576,0.1412388822,1.248596851,0.2491444216,0.9995261412,40,0.3,1.607372495,0.005797722888,0.1226340552,0.1747782536,0.1764802709,0.1934542565,0.003786372922,0.6192244142,1.078711948,1.371521912,1223,0.0003024356151,0.7344042913,1.113053376,1.05414785,False,-0.2567875705,-0.3103755202,0.8252824384,0.3328017879,0.7766158901,-0.4770462484,-0.4828830558,0.5864596822,0.0003024356151,0.8581713175,-0.3299642173,-0.3938464553,0.8108278701,0.2147539351,0.8141008435,-0.2141534833,-0.2895836681,1.079074505,0.8266628474,1.104295398,-0.5442827908,-0.542993727,0.946737494,0.532964078,1.116830717
NDX_80_30_24M_R12,NDX_80_30,NDX,NASDAQ100_1X,24m/12m,0.8,0.3,24,12,0.1677321228,488.3722131,0.216479596,-0.5360399659,0.9325865047,0.212093071,0.3329618105,0.6670381895,1.599624694,0.3005554413,81.93963774,-0.03315401064,0.2310938645,2.004928131,0.9993155373,1.005844258,40,0.3,1.522360845,0.01086683267,0.1175219575,0.1620558474,0.1600368853,0.176593309,0.003934437285,0.5289841226,0.9429030374,1.267585339,1868,0.1100902858,0.717884528,0.4717590841,0.505860938,True,-0.3558470426,-0.3756800234,0.9663385128,0.7916090924,0.817139989,-0.5044849196,-0.5360399659,0.48803844,0.1479495169,0.595394082,-0.229536406,-0.2873584137,0.7458050687,0.08163634448,0.9781475412,-0.1249416945,-0.2164165376,0.8190086439,0.5703766864,0.9256614951,-0.4817888099,-0.4794437241,0.7360544086,0.5062138899,0.9428288677
NDX_80_35_15M_R6,NDX_80_35,NDX,NASDAQ100_1X,15m/6m,0.8,0.35,15,6,0.1875171675,955.1648723,0.2709369608,-0.5869161494,1.197911507,0.237409197,0.3637086509,0.6362913491,1.834202856,0.7012960296,179.6280986,-0.05209671252,0.2427256037,1.24705681,0.7473292959,0.4997444095,80,0.35,1.27177081,-0.01113562561,0.1161979569,0.1741346359,0.1742399879,0.1943745383,0.005183484493,0.7380984408,1.22077544,1.554930238,2219,0.1038329821,1.01440687,0.9201954776,0.7681664897,False,-0.3074858354,-0.3545051807,0.9919865142,0.4118372869,0.9559105927,-0.5835229005,-0.5869161494,0.6790583122,0.1038329821,0.9221020828,-0.4098425074,-0.4630983213,1.013950409,0.2673794902,1.096395473,-0.2679361859,-0.3258791607,1.259624506,1.020760651,1.252190186,-0.5593455081,-0.5593703972,1.144434321,0.8683602429,1.227698545
NDX_80_35_15M_R12,NDX_80_35,NDX,NASDAQ100_1X,15m/12m,0.8,0.35,15,12,0.2024765732,1574.510439,0.2779702685,-0.6043414681,1.22003281,0.258777171,0.3780134908,0.6219865092,1.842019319,0.3506480148,97.86140373,-0.04815511161,0.1660215811,1.248596851,0.2491444216,0.9995261412,40,0.35,1.607372495,-0.008336240525,0.1259303936,0.1860409702,0.1874019741,0.2078154292,0.004323547132,0.7410912109,1.241234461,1.564378348,1819,0.0003799810371,0.9320239311,1.278021173,1.047530168,False,-0.2995107914,-0.3464703719,0.9567872952,0.4118372869,0.9301933596,-0.5589118567,-0.5643992767,0.6768009542,0.0003799810371,0.9816559814,-0.4071978476,-0.4606923156,0.9701283229,0.2673794902,0.9628084213,-0.2604298272,-0.3258791607,1.254437141,0.9923857252,1.256603255,-0.5785502072,-0.5785740116,1.132257162,0.6589983374,1.282170765
NDX_80_35_24M_R12,NDX_80_35,NDX,NASDAQ100_1X,24m/12m,0.8,0.35,24,12,0.1815349418,780.7417298,0.2457453054,-0.6144118945,1.076571109,0.2359628764,0.383239947,0.616760053,1.693331162,0.3506480148,94.43078847,-0.03862929801,0.2699228399,2.004928131,0.9993155373,1.005844258,40,0.35,1.522360845,-0.003378410606,0.1188957046,0.1715521901,0.1689676257,0.188629585,0.004474962216,0.6252550337,1.079674196,1.461156945,2512,0.1022478028,0.8873558489,0.5562850112,0.5167192455,True,-0.396123835,-0.4167606,1.094572358,0.9354664881,0.9439350933,-0.5907601325,-0.6144118945,0.5762649938,0.1837412087,0.6939474255,-0.2970972229,-0.3418273772,0.8796922681,0.1022478028,1.102944313,-0.1656959739,-0.2481012204,0.9661890995,0.6894278799,1.062002033,-0.5095133786,-0.5086222007,0.8800796574,0.6216921786,1.077663235
NDX_80_40_15M_R6,NDX_80_40,NDX,NASDAQ100_1X,15m/6m,0.8,0.4,15,6,0.2000825417,1454.08325,0.3067738315,-0.6677108004,1.362585384,0.2626904938,0.4125928305,0.5874071695,1.949992553,0.8014811767,204.8688476,-0.05974592376,0.2787663143,1.24705681,0.7473292959,0.4997444095,80,0.4,1.27177081,-0.03042667741,0.1151938111,0.181503454,0.1815240993,0.2055627288,0.005813163575,0.8600082397,1.379908405,1.754812884,2928,0.1279071228,1.200543476,1.043156034,0.7655711313,False,-0.3511370036,-0.3916994053,1.14332887,0.5010880301,1.106664092,-0.6644558023,-0.6677108004,0.7829661971,0.1279071228,1.045319147,-0.4799118072,-0.5235014541,1.172355165,0.3275857799,1.231517317,-0.3118373141,-0.3598592726,1.434147309,1.199876464,1.385215896,-0.5886268306,-0.5898044386,1.327622953,1.035035175,1.38736415
NDX_80_40_15M_R12,NDX_80_40,NDX,NASDAQ100_1X,15m/12m,0.8,0.4,15,12,0.2171255511,2553.330467,0.3133485682,-0.6362136888,1.382365125,0.2854853052,0.4263575403,0.5736424597,1.956007584,0.4007405884,110.3274903,-0.05539310882,0.1913668988,1.248596851,0.2491444216,0.9995261412,40,0.4,1.607372495,-0.02365427529,0.1280912663,0.1966844164,0.1968291788,0.2211370169,0.004834747256,0.8659152107,1.404554472,1.766301556,2440,0.0004704495758,1.139630321,1.43826645,1.0404389,False,-0.3417384269,-0.3820073989,1.090258895,0.5010880301,1.092610424,-0.6303682085,-0.6353790277,0.7670228507,0.0004704495758,1.100758487,-0.4791721111,-0.5228237535,1.138613999,0.3275857799,1.116545548,-0.3038695768,-0.3598592726,1.429512896,1.167999209,1.402230275,-0.6115882824,-0.6127001603,1.328250436,0.8010759425,1.443396839
NDX_80_40_24M_R12,NDX_80_40,NDX,NASDAQ100_1X,24m/12m,0.8,0.4,24,12,0.1940981169,1190.98307,0.2760777519,-0.6816535418,1.218490223,0.258403557,0.4325117937,0.5674882063,1.785978429,0.4007405884,106.6771614,-0.04413852327,0.3090987686,2.004928131,0.9993155373,1.005844258,40,0.4,1.522360845,-0.01898455704,0.1189340755,0.1788330726,0.1766600324,0.1996244941,0.004985039657,0.7252914454,1.212337091,1.647797106,2751,0.1261320725,1.035229168,0.6433619015,0.5279992318,True,-0.4325337476,-0.4538366117,1.216922331,1.083086732,1.068335693,-0.6646051445,-0.6816535418,0.6673063925,0.224468479,0.7929181835,-0.3616310981,-0.3944463993,1.017583875,0.1261320725,1.220521328,-0.2054675833,-0.2789441585,1.117170702,0.8173834133,1.19452898,-0.5370366742,-0.5374219093,1.031867706,0.7500127169,1.209158344
NDX_85_20_15M_R6,NDX_85_20,NDX,NASDAQ100_1X,15m/6m,0.85,0.2,15,6,0.1475316031,243.3146587,0.1862509716,-0.511095721,0.7733626718,0.1937155809,0.2142413339,0.7857586661,1.559121338,0.4007405884,104.4050806,-0.03963413038,0.2052947041,1.24705681,0.7473292959,0.4997444095,80,0.2,1.294025323,0.02966456538,0.1124649575,0.1473994355,0.1401611755,0.1572778257,0.004432703599,0.4087281301,0.7937098399,1.090529193,481,0.1462683778,0.7172046654,0.7954385727,1.028545341,False,-0.1803264598,-0.2488586063,0.6196717895,0.1907269092,0.5597615996,-0.2723360822,-0.3050053249,0.391861371,0.04370909715,0.5653171784,-0.1869427698,-0.2778484508,0.6149796439,0.116522547,0.7100168207,-0.1388062978,-0.2291187389,0.8208565203,0.5661209198,0.8789356728,-0.4784610548,-0.4741526893,0.6551052589,0.4300072658,0.795315439
NDX_85_20_15M_R12,NDX_85_20,NDX,NASDAQ100_1X,15m/12m,0.85,0.2,15,12,0.1592399345,364.913161,0.1947624667,-0.5158466093,0.8061595577,0.2187199681,0.2277597613,0.7722402387,1.578399796,0.2003702942,59.97323497,-0.0370683193,0.1422678655,1.248596851,0.2491444216,0.9995261412,40,0.2,1.672416143,0.02360570616,0.1163621576,0.1546851298,0.1513806389,0.1671867127,0.00401839955,0.3829657869,0.8280525846,1.144092347,443,0.215126716,0.7121568896,0.8522035943,1.05711529,False,-0.1758969246,-0.2449198494,0.6222430451,0.1907269092,0.5179242204,-0.294422571,-0.3179826749,0.4207540061,9.249869955e-05,0.6286475691,-0.1803299429,-0.2719749858,0.5485529911,0.116522547,0.553662708,-0.1335318685,-0.2291187389,0.8152576126,0.5505614664,0.8673792795,-0.4835290678,-0.4792625686,0.5921716267,0.2574762569,0.8538868095
NDX_85_20_24M_R12,NDX_85_20,NDX,NASDAQ100_1X,24m/12m,0.85,0.2,24,12,0.1421732166,201.8418498,0.17255077,-0.4804202713,0.6931156435,0.1903060703,0.2303638858,0.7696361142,1.462751758,0.2003702942,57.0384023,-0.02818982058,0.2135342464,2.004928131,0.9993155373,1.005844258,40,0.2,1.561671523,0.0325942296,0.1138502612,0.1421672574,0.1377058216,0.1526948349,0.00364457187,0.3377590078,0.7040264254,1.015187793,595,0.08341938954,0.4413585655,0.7440613541,1.073502468,False,-0.282220569,-0.3039418595,0.7563419078,0.547989354,0.5911222493,-0.3009048975,-0.35776072,0.3268377268,0.08341938954,0.4085215028,-0.09518718426,-0.1903091787,0.5182797592,0.04088554589,0.7436759962,-0.04749837777,-0.1774778241,0.5733035803,0.3689747374,0.6972141246,-0.4313537499,-0.4261361145,0.4682582348,0.2778110562,0.7011475377
NDX_85_25_15M_R6,NDX_85_25,NDX,NASDAQ100_1X,15m/6m,0.85,0.25,15,6,0.165601963,454.037036,0.2201858755,-0.545873122,0.9595506348,0.2319557163,0.2649425002,0.7350574998,1.694608135,0.5009257354,130.1681838,-0.04955884961,0.2570968035,1.24705681,0.7473292959,0.4997444095,80,0.25,1.294025323,0.01518410859,0.1162316875,0.1598728235,0.1583697963,0.174445857,0.00544022421,0.5231838529,0.9846035145,1.346164737,891,0.1483922581,0.726036457,0.9795160187,1.020807014,False,-0.2273937552,-0.290137974,0.7771419451,0.2516365823,0.7082711566,-0.3955996683,-0.4125051684,0.4920312743,0.05811233317,0.7005475373,-0.2775743028,-0.3527312515,0.7747567714,0.1544315931,0.8682715656,-0.1957174427,-0.2738836071,1.019028214,0.7288619176,1.053702126,-0.5152438743,-0.5127803667,0.8313195385,0.5595671658,0.9801212357
NDX_85_25_15M_R12,NDX_85_25,NDX,NASDAQ100_1X,15m/12m,0.85,0.25,15,12,0.1799190633,739.2260397,0.229659859,-0.552928959,0.9946073154,0.2590756975,0.279409612,0.720590388,1.715197703,0.2504628677,73.59176859,-0.04641733615,0.1785912375,1.248596851,0.2491444216,0.9995261412,40,0.25,1.672416143,0.01050923831,0.1221550592,0.1691020568,0.1714983246,0.1874100047,0.004905668508,0.497497491,1.018997459,1.39422838,964,0.000123331332,0.6468342718,1.043794574,1.049453949,False,-0.2208318948,-0.2839087452,0.7642359907,0.2516365823,0.6642426083,-0.4032089568,-0.4136951691,0.5165639516,0.000123331332,0.7693039341,-0.2718248155,-0.3475799072,0.7023389251,0.1544315931,0.7009635721,-0.1896158718,-0.2738836071,1.012790895,0.708301885,1.051853028,-0.5227756025,-0.5203503708,0.7587004423,0.3402409433,1.046351322
NDX_85_25_24M_R12,NDX_85_25,NDX,NASDAQ100_1X,24m/12m,0.85,0.25,24,12,0.1594486109,367.5450561,0.2009261068,-0.5088706899,0.8547459405,0.2251773232,0.2831212937,0.7168787063,1.571624647,0.2504628677,70.19627233,-0.03507728034,0.2664558601,2.004928131,0.9993155373,1.005844258,40,0.25,1.561671523,0.02015193881,0.1182026169,0.1557029273,0.1540552489,0.1695465563,0.004431463075,0.4310982291,0.8703439547,1.234722308,1392,0.1103129363,0.5690432741,0.9007423369,1.053812945,False,-0.3344536549,-0.3546592151,0.9106544636,0.6939408275,0.7312582543,-0.4182066717,-0.4608891345,0.412516032,0.1103129363,0.5096313097,-0.1708755088,-0.2423985925,0.6533885626,0.05440895284,0.8933972814,-0.09174127617,-0.192047581,0.7238608494,0.4770892667,0.8532450336,-0.4608408808,-0.4571732925,0.5998123022,0.3648447918,0.8528950573
NDX_85_30_15M_R6,NDX_85_30,NDX,NASDAQ100_1X,15m/6m,0.85,0.3,15,6,0.1819573943,791.9650349,0.2565399246,-0.5788628488,1.143845426,0.2676922477,0.3148296468,0.6851703532,1.829015779,0.6011108825,155.7855577,-0.05953931767,0.3092985392,1.24705681,0.7473292959,0.4997444095,80,0.3,1.294025323,-0.001173276204,0.118377622,0.17023354,0.1709111015,0.1904402621,0.006406210572,0.6423461263,1.167915332,1.590628638,1769,0.07447275044,0.8922674561,1.158906865,1.013167373,False,-0.2736047325,-0.3304990676,0.9367581339,0.3197023737,0.8607504839,-0.5034911593,-0.5108172124,0.5939343528,0.07447275044,0.8336296287,-0.3613069248,-0.4257858646,0.9379761155,0.1972032025,1.020737471,-0.248429549,-0.3152786079,1.215379975,0.9012400565,1.21597185,-0.5501517066,-0.54925534,1.013289067,0.7002157749,1.160549322
NDX_85_30_15M_R12,NDX_85_30,NDX,NASDAQ100_1X,15m/12m,0.85,0.3,15,12,0.1988398879,1395.163784,0.2663950575,-0.5886011051,1.179619111,0.2964351215,0.3295896015,0.6704103985,1.85002951,0.3005554413,86.78069349,-0.05587870992,0.2154186212,1.248596851,0.2491444216,0.9995261412,40,0.3,1.672416143,-0.003543451153,0.1267521549,0.1822660312,0.1844772434,0.204742889,0.005751097252,0.6201512513,1.200928095,1.619169327,1459,0.0001585684624,0.8029077748,1.229032759,1.041889494,False,-0.2649286975,-0.3219512463,0.9049946212,0.3197023737,0.8186869187,-0.4967100658,-0.5027088127,0.6104745041,0.0001585684624,0.9045268187,-0.357086456,-0.4219914712,0.8643897865,0.1972032025,0.8527204087,-0.2416548874,-0.3152786079,1.208868851,0.8755336438,1.22644201,-0.5605538712,-0.5596782319,0.9343880234,0.4330402939,1.232645859
NDX_85_30_24M_R12,NDX_85_30,NDX,NASDAQ100_1X,24m/12m,0.85,0.3,24,12,0.1753260113,632.6269147,0.231367206,-0.5499814858,1.013023415,0.2569186794,0.3344502866,0.6655497134,1.678573129,0.3005554413,83.02821615,-0.04195014692,0.3194650173,2.004928131,0.9993155373,1.005844258,40,0.3,1.561671523,0.006378318557,0.1211463002,0.1676070793,0.1646202006,0.1840174682,0.005176000543,0.5303461917,1.02262047,1.45624946,2123,0.06980055974,0.7760469356,0.4792835511,0.4731218883,True,-0.3807131969,-0.4019757222,1.055641995,0.8437585918,0.86860179,-0.5187094932,-0.5499814858,0.5003300165,0.1405128637,0.6107246599,-0.242781367,-0.3000358629,0.7916385575,0.06980055974,1.03286079,-0.1347937439,-0.2258451185,0.8778580054,0.5929095476,1.003572943,-0.4901016501,-0.4880894428,0.73833073,0.4611610097,0.9984158702
NDX_85_35_15M_R6,NDX_85_35,NDX,NASDAQ100_1X,15m/6m,0.85,0.35,15,6,0.1965784318,1293.853945,0.2945574745,-0.6104453039,1.326655935,0.3015196515,0.3640321699,0.6359678301,1.962623765,0.7012960296,181.2350648,-0.06960127168,0.3620128459,1.24705681,0.7473292959,0.4997444095,80,0.35,1.294025323,-0.01943124922,0.1188424485,0.1796977703,0.179918886,0.2031110554,0.007328733616,0.7630819424,1.347566587,1.824088321,2569,0.09321835562,1.127241231,1.334309033,1.005768714,False,-0.3190087213,-0.3699989442,1.099222651,0.3962641212,1.017536822,-0.5970888962,-0.6005162172,0.6980411294,0.09321835562,0.9646913611,-0.4384797344,-0.4928153379,1.105298266,0.2458370657,1.168122818,-0.2973810806,-0.35367046,1.41036189,1.08284098,1.367446457,-0.5832548234,-0.5836755715,1.201482365,0.8534403197,1.337078729
NDX_85_35_15M_R12,NDX_85_35,NDX,NASDAQ100_1X,15m/12m,0.85,0.35,15,12,0.2159996073,2460.701537,0.3043696418,-0.6232004307,1.361894248,0.3317593713,0.3785297343,0.6214702657,1.983364514,0.3506480148,99.57031097,-0.06549400405,0.2528661788,1.248596851,0.2491444216,0.9995261412,40,0.35,1.672416143,-0.01944183089,0.1301020458,0.194414106,0.1957209297,0.2199671121,0.006554963315,0.7510755461,1.386090533,1.845426474,2239,0.0001992264728,1.040199396,1.40931439,1.034819254,False,-0.3083418167,-0.3592242828,1.046074768,0.3962641212,0.9821401106,-0.5775674512,-0.5831447686,0.70327713,0.0001992264728,1.034767989,-0.4362949876,-0.4908419985,1.035754516,0.2458370657,1.009507742,-0.290071293,-0.35367046,1.403978171,1.053139965,1.392237816,-0.5969002438,-0.5973072154,1.120409057,0.5378170336,1.413569382
NDX_85_35_24M_R12,NDX_85_35,NDX,NASDAQ100_1X,24m/12m,0.85,0.35,24,12,0.1898248207,1032.145975,0.2631122004,-0.6280373954,1.168469494,0.2862609871,0.3845439694,0.6154560306,1.783925525,0.3506480148,95.56658493,-0.04883194047,0.3726987479,2.004928131,0.9993155373,1.005844258,40,0.35,1.561671523,-0.008747164873,0.1226704173,0.1771836991,0.1738312278,0.1970591579,0.005879500145,0.6314728663,1.170322919,1.671662139,2629,0.08747621605,0.9440568255,0.5652492242,0.4837518027,True,-0.4219684993,-0.4440930137,1.1927555,0.9975983375,1.003271226,-0.6045911868,-0.6280373954,0.5906192032,0.1746688549,0.7120339409,-0.3111631718,-0.355347202,0.93357586,0.08747621605,1.163454132,-0.176703189,-0.2586535434,1.035617563,0.7172898532,1.148805985,-0.5191386545,-0.5185858996,0.8845569396,0.5683283811,1.138948767
NDX_85_40_15M_R6,NDX_85_40,NDX,NASDAQ100_1X,15m/6m,0.85,0.4,15,6,0.2094278296,1981.95521,0.3338863136,-0.6807531999,1.508371998,0.3339910457,0.4126685264,0.5873314736,2.095703472,0.8014811767,206.4874979,-0.07977235722,0.4153626586,1.24705681,0.7473292959,0.4997444095,80,0.4,1.294025323,-0.04031928377,0.1175500925,0.1877782197,0.1870820393,0.2141311004,0.008205207839,0.8910351661,1.522250953,2.052066634,3241,0.1149117662,1.311225424,1.091427159,0.723579568,True,-0.3636513336,-0.4086900295,1.265355042,0.4830184026,1.179017618,-0.677495442,-0.6807531999,0.8048705399,0.1149117662,1.093852167,-0.5094188897,-0.554185975,1.277505161,0.3016270683,1.311048644,-0.3429515086,-0.3893745348,1.60440918,1.275620199,1.509492783,-0.6146211948,-0.6161345435,1.396424588,1.02100643,1.510131743
NDX_85_40_15M_R12,NDX_85_40,NDX,NASDAQ100_1X,15m/12m,0.85,0.4,15,12,0.2313667359,4062.703048,0.3433560193,-0.6570078941,1.542076735,0.3659157033,0.426430919,0.573569081,2.115645816,0.4007405884,111.9811325,-0.07530879571,0.2910654196,1.248596851,0.2491444216,0.9995261412,40,0.4,1.672416143,-0.03654440181,0.1321385158,0.2051067042,0.2052047599,0.2357010309,0.007316541553,0.8842622801,1.569033281,2.076257287,2919,0.0002466605244,1.271566047,1.584479185,1.027496978,False,-0.3511899696,-0.3958632685,1.188940313,0.4830184026,1.155628529,-0.647759788,-0.6528016777,0.795753095,0.0002466605244,1.160424246,-0.5096236594,-0.5543720589,1.21767945,0.3016270683,1.17199712,-0.335230638,-0.3893745348,1.598595386,1.242117162,1.550166764,-0.6318498989,-0.6332955919,1.318177385,0.6570499684,1.589800241
NDX_85_40_24M_R12,NDX_85_40,NDX,NASDAQ100_1X,24m/12m,0.85,0.4,24,12,0.2029439347,1599.129274,0.2957877952,-0.6950561768,1.321562366,0.3138641959,0.4335747805,0.5664252195,1.887987585,0.4007405884,107.8358534,-0.05574688748,0.4263012681,2.004928131,0.9993155373,1.005844258,40,0.4,1.561671523,-0.02526508754,0.122746069,0.1850353212,0.1816915393,0.2089578962,0.006542293951,0.7337838952,1.315992571,1.875331873,2930,0.1079850833,1.101754687,0.998516995,0.7555579826,False,-0.4589899134,-0.4818234078,1.323159731,1.155624228,1.135377848,-0.6777295008,-0.6946622255,0.6837768664,0.2136127341,0.8138254008,-0.3762507322,-0.4111330092,1.079820622,0.1079850833,1.286310526,-0.2175145352,-0.2905156503,1.19749771,0.8512155768,1.289474687,-0.547954451,-0.5486711515,1.039356968,0.6882901346,1.275631178
NDX_90_20_15M_R6,NDX_90_20,NDX,NASDAQ100_1X,15m/6m,0.9,0.2,15,6,0.1534087033,298.3644277,0.200057816,-0.5263628967,0.855532288,0.2430579145,0.2148417524,0.7851582476,1.640690536,0.4007405884,105.3640601,-0.05233898042,0.2963761286,1.24705681,0.7473292959,0.4997444095,80,0.2,1.315663356,0.02427123445,0.1132061998,0.1507639109,0.1451829634,0.1622632803,0.006007451009,0.4205195322,0.8727746186,1.276665672,563,0.1192646223,0.7483881379,0.8655648599,1.011726702,False,-0.1883655424,-0.2591610998,0.6917359408,0.1834496149,0.5920751684,-0.283936762,-0.3158099787,0.4021790135,0.03917346471,0.5890937171,-0.2088232434,-0.2997414142,0.6689026618,0.1067615763,0.7564056228,-0.1607439911,-0.2497283358,0.9186285083,0.5871835243,0.96613532,-0.4936978442,-0.4897997119,0.6781869899,0.4135634305,0.8645979146
NDX_90_20_15M_R12,NDX_90_20,NDX,NASDAQ100_1X,15m/12m,0.9,0.2,15,12,0.168636061,503.695822,0.2114480915,-0.5248723567,0.9013002335,0.2806385063,0.2286851375,0.7713148625,1.672615096,0.2003702942,61.33425695,-0.05015787274,0.2111325976,1.248596851,0.2491444216,0.9995261412,40,0.2,1.740506487,0.01588873197,0.1181303432,0.1596613034,0.1601420638,0.1762583112,0.005864039444,0.3700449656,0.9228147875,1.366337101,502,0.04321921441,0.7034613842,0.9415930497,1.04470521,False,-0.1825555472,-0.2539319379,0.6920431146,0.1834496149,0.5402602917,-0.3149606041,-0.3377913681,0.4396696027,4.875399937e-05,0.6607487514,-0.1990783542,-0.29111636,0.5743871164,0.1067615763,0.5749046528,-0.1555494028,-0.2497283358,0.9118970722,0.575298119,0.9690155424,-0.492104507,-0.4881941073,0.5708975552,0.1989058423,0.9429275793
NDX_90_20_24M_R12,NDX_90_20,NDX,NASDAQ100_1X,24m/12m,0.9,0.2,24,12,0.14757353,243.6698491,0.1828636754,-0.4868552398,0.7526211971,0.2284555953,0.2318354653,0.7681645347,1.520785732,0.2003702942,57.84188178,-0.03535402626,0.2883010657,2.004928131,0.9993155373,1.005844258,40,0.2,1.60089034,0.0290533501,0.1160864403,0.145965205,0.1440141015,0.1586479909,0.004637480065,0.3356387907,0.7596217331,1.164135977,672,0.07900917956,0.4446354153,0.7957834576,1.057349249,False,-0.3048199519,-0.3261432025,0.8339518107,0.5821965753,0.626554355,-0.3138810219,-0.3705691025,0.3349382116,0.07900917956,0.4178029686,-0.1061746568,-0.1931887506,0.5496698903,0.03500085449,0.7854548583,-0.05426121666,-0.178267491,0.6122330488,0.3823199715,0.7592586089,-0.4362216883,-0.431496095,0.464985733,0.2482898561,0.7448889147
NDX_90_25_15M_R6,NDX_90_25,NDX,NASDAQ100_1X,15m/6m,0.9,0.25,15,6,0.1721352732,567.5582566,0.2380549158,-0.5641017669,1.06065555,0.2911679825,0.2653849072,0.7346150928,1.795270643,0.5009257354,131.1708203,-0.06538965525,0.3707682616,1.24705681,0.7473292959,0.4997444095,80,0.25,1.315663356,0.00817004363,0.1166944921,0.1633162784,0.1637494295,0.1806136561,0.00735068265,0.5372100272,1.084044821,1.573369502,1084,0.139384877,0.7769697603,1.064908826,1.004010044,False,-0.2368593581,-0.3023696115,0.866419392,0.2422894046,0.7497697331,-0.408078846,-0.424337628,0.5048863619,0.05210254175,0.7302246031,-0.3023403251,-0.3784283642,0.84212571,0.1416106844,0.9239826759,-0.2206783807,-0.2974277125,1.138940263,0.7576617829,1.154496341,-0.5333095798,-0.5312585593,0.8619296439,0.539615206,1.064577598
NDX_90_25_15M_R12,NDX_90_25,NDX,NASDAQ100_1X,15m/12m,0.9,0.25,15,12,0.1906973262,1062.800495,0.2508057696,-0.5639076558,1.110556994,0.3325729538,0.2799994228,0.7200005772,1.830557571,0.2504628677,75.03000768,-0.06274997935,0.2646498914,1.248596851,0.2491444216,0.9995261412,40,0.25,1.740506487,0.0008363120462,0.1238070378,0.1744021248,0.1777593211,0.1973130807,0.007139135854,0.4805858579,1.132278163,1.656789788,1108,6.500526128e-05,0.6620442965,1.151569963,1.036930089,False,-0.2282374838,-0.2941410166,0.8458492486,0.2422894046,0.69366963,-0.4235276785,-0.4334938988,0.5385688449,6.500526128e-05,0.8087628776,-0.2933804691,-0.3704456866,0.736109199,0.1416106844,0.7284983338,-0.2147010962,-0.2974277125,1.131375267,0.7414388966,1.171328272,-0.5331017566,-0.5310498227,0.7325312537,0.2635597098,1.15376246
NDX_90_25_24M_R12,NDX_90_25,NDX,NASDAQ100_1X,24m/12m,0.9,0.25,24,12,0.1656897694,455.4046405,0.2142258832,-0.5166455873,0.9270742972,0.2704603322,0.2845311671,0.7154688329,1.64254313,0.2504628677,71.06591247,-0.04393916144,0.3592772235,2.004928131,0.9993155373,1.005844258,40,0.25,1.60089034,0.01563456241,0.1206135455,0.1600256806,0.157393259,0.175643535,0.005625055983,0.4313549488,0.9369849104,1.41553894,1659,0.1045508868,0.6277598077,0.9611712301,1.036779073,False,-0.3590063871,-0.3806299838,1.000452897,0.7382042571,0.7750536549,-0.4316948841,-0.4742145777,0.4225707141,0.1045508868,0.5214174821,-0.1832800085,-0.2545528579,0.6925389187,0.04659460743,0.9423932349,-0.09980577561,-0.1997647923,0.7729520387,0.4946730632,0.9264904398,-0.4668743222,-0.4635036016,0.596539005,0.3268834944,0.9038616461
NDX_90_30_15M_R6,NDX_90_30,NDX,NASDAQ100_1X,15m/6m,0.9,0.3,15,6,0.1888550068,999.0839222,0.2782476764,-0.5999169588,1.263516948,0.336114266,0.31504993,0.68495007,1.948467018,0.6011108825,156.7618658,-0.07849728084,0.44560275,1.24705681,0.7473292959,0.4997444095,80,0.3,1.315663356,-0.009888340831,0.1183868082,0.1736810907,0.1744337886,0.1965965614,0.008629947693,0.6609475636,1.287018086,1.858112919,2227,0.06680080301,1.010175754,1.258948422,0.9963842775,False,-0.2843004848,-0.3444461936,1.043048056,0.3081885048,0.9119486871,-0.5162628891,-0.5228202955,0.6093698258,0.06680080301,0.8692014057,-0.3881167625,-0.4535493645,1.018914242,0.1809983273,1.085179836,-0.2757753757,-0.3411859035,1.356853277,0.9395080475,1.328567943,-0.570694361,-0.5701853521,1.05231751,0.6772246883,1.259611834
NDX_90_30_15M_R12,NDX_90_30,NDX,NASDAQ100_1X,15m/12m,0.9,0.3,15,12,0.210672243,2065.02793,0.2916890155,-0.6015828869,1.315741236,0.3805937702,0.3297432283,0.6702567717,1.985998008,0.3005554413,88.22380901,-0.0754773232,0.3187712284,1.248596851,0.2491444216,0.9995261412,40,0.3,1.740506487,-0.01521642878,0.1280855617,0.1877366922,0.1909431971,0.2150292614,0.008348880622,0.6012856246,1.333080841,1.933897466,1887,8.357808845e-05,0.9042574393,1.354201994,1.029231247,False,-0.2729288743,-0.3332361313,0.9975620328,0.3081885048,0.8560087734,-0.5161757001,-0.5223276157,0.6351836514,8.357808845e-05,0.9511323385,-0.3807982456,-0.4470134635,0.9069574024,0.1809983273,0.8870613296,-0.2691727898,-0.3411859035,1.348865505,0.9182214788,1.361829675,-0.5724819707,-0.5719750813,0.9036534843,0.3364728361,1.357464826
NDX_90_30_24M_R12,NDX_90_30,NDX,NASDAQ100_1X,24m/12m,0.9,0.3,24,12,0.1822416619,799.6055464,0.247396867,-0.5631561997,1.097660393,0.3087426499,0.3357027859,0.6642972141,1.761957607,0.3005554413,83.9307887,-0.05249045756,0.4302157649,2.004928131,0.9993155373,1.005844258,40,0.3,1.60089034,0.0008599486933,0.1236044366,0.1727288639,0.1681398811,0.1907970923,0.006555631155,0.5307533919,1.106016891,1.66067087,2399,0.05980015621,0.8291398583,0.4861020386,0.4428528547,True,-0.4065241091,-0.4292703548,1.156071493,0.8978970427,0.9205894849,-0.5321407035,-0.5631561997,0.5123417896,0.1332735814,0.6250866873,-0.2562222036,-0.3132031091,0.8386659844,0.05980015621,1.088289397,-0.1440262682,-0.2346921721,0.9373494985,0.6151996518,1.086843346,-0.4972807454,-0.4955831523,0.7355301224,0.4143149636,1.055661939
NDX_90_35_15M_R6,NDX_90_35,NDX,NASDAQ100_1X,15m/6m,0.9,0.35,15,6,0.2035559688,1631.937092,0.3199561211,-0.6335352345,1.464630015,0.3785818138,0.3639852153,0.6360147847,2.1006448,0.7012960296,182.1148132,-0.09169765481,0.5210495296,1.24705681,0.7473292959,0.4997444095,80,0.35,1.315663356,-0.02991628026,0.118225543,0.1826293555,0.1830609098,0.2091667201,0.009843066415,0.7891370385,1.479371109,2.139697231,3035,0.08365805506,1.23756541,1.448261707,0.9888242711,False,-0.3307535655,-0.3854661919,1.22239307,0.3824983999,1.078994109,-0.6096708555,-0.6131246626,0.7161310786,0.08365805506,1.006157067,-0.4665771667,-0.5218922207,1.200014742,0.2258728661,1.24080634,-0.3265872215,-0.3814719935,1.572959562,1.133898617,1.490419374,-0.6059413315,-0.6067021775,1.249940087,0.8280578459,1.450284239
NDX_90_35_15M_R12,NDX_90_35,NDX,NASDAQ100_1X,15m/12m,0.9,0.35,15,12,0.2285671393,3709.772328,0.3336033864,-0.6375752029,1.517738792,0.4258062166,0.3781811873,0.6218188127,2.139557604,0.3506480148,100.9519805,-0.0883978913,0.3736694157,1.248596851,0.2491444216,0.9995261412,40,0.35,1.740506487,-0.0331659434,0.1309196859,0.2004230982,0.2021017227,0.2314555724,0.009494679861,0.7337932634,1.543760936,2.191518117,2739,0.0001050082159,1.182971634,1.550474143,1.021568501,False,-0.3168297871,-0.3714453327,1.149074601,0.3824983999,1.02830081,-0.5958060849,-0.6014648721,0.7303894552,0.0001050082159,1.088329729,-0.4615566751,-0.5173923457,1.088170237,0.2258728661,1.051250353,-0.3194987606,-0.3814719935,1.565003604,1.106702153,1.541939325,-0.6102854997,-0.611037958,1.085570102,0.4193358335,1.555023391
NDX_90_35_24M_R12,NDX_90_35,NDX,NASDAQ100_1X,24m/12m,0.9,0.35,24,12,0.1972578627,1323.512737,0.2816725758,-0.6408197806,1.26501064,0.3441385079,0.3855677042,0.6144322958,1.879442935,0.3506480148,96.47378517,-0.06103906544,0.5013123507,2.004928131,0.9993155373,1.005844258,40,0.35,1.60089034,-0.01528819238,0.1250558732,0.1817166264,0.1774066034,0.2044373937,0.007431637906,0.6319816676,1.264795763,1.904844275,2778,0.07497872451,1.003786225,0.5733961133,0.4532737475,True,-0.4485328308,-0.4721847527,1.302603674,1.061995006,1.063291735,-0.6175560442,-0.6408197806,0.6046093351,0.165810969,0.7290440208,-0.325313338,-0.3692328837,0.9886757628,0.07497872451,1.224676526,-0.1869796067,-0.2685167157,1.105787444,0.7448253166,1.241105823,-0.5274439124,-0.5272112427,0.8828074913,0.5121637896,1.201705663
NDX_90_40_15M_R6,NDX_90_40,NDX,NASDAQ100_1X,15m/6m,0.9,0.4,15,6,0.2162049549,2477.347157,0.3628938852,-0.704062747,1.664480937,0.419197575,0.4123253092,0.5876746908,2.252155628,0.8014811767,207.1988933,-0.1050287492,0.5972910359,1.24705681,0.7473292959,0.4997444095,80,0.4,1.315663356,-0.05260186794,0.1161360881,0.1900648202,0.1895958739,0.2210109023,0.01098695282,0.9234736567,1.67365607,2.400783908,3664,0.103187697,1.449644926,1.132456043,0.6803658829,True,-0.3762780567,-0.4254984102,1.405352144,0.4669390746,1.251345073,-0.6895030155,-0.6927578337,0.8257231697,0.103187697,1.141215721,-0.5381278453,-0.5839181134,1.386311185,0.2774666661,1.391564476,-0.3735851847,-0.4186834662,1.787827342,1.342177879,1.641687339,-0.639136694,-0.6409254493,1.455464811,0.9941169924,1.637106254
NDX_90_40_15M_R12,NDX_90_40,NDX,NASDAQ100_1X,15m/12m,0.9,0.4,15,12,0.2443512796,6175.918779,0.3764041349,-0.6725919964,1.71735683,0.4691732838,0.4255413199,0.5744586801,2.29181551,0.4007405884,113.237808,-0.1015746813,0.4295373156,1.248596851,0.2491444216,0.9995261412,40,0.4,1.740506487,-0.05238728487,0.1322452088,0.2109834614,0.2112141118,0.2481309086,0.01057623901,0.8782715957,1.742305769,2.452298584,3545,0.0001300099529,1.429680942,1.741902727,1.014292835,False,-0.3600898099,-0.4089383993,1.302108029,0.4669390746,1.21174543,-0.6645585877,-0.6696249255,0.8250368085,0.0001300099529,1.220769872,-0.535871051,-0.581885059,1.281230269,0.2774666661,1.221837122,-0.3661349415,-0.4186834662,1.780407615,1.308081784,1.712841249,-0.6465513628,-0.6483033644,1.279874795,0.5143345109,1.747270049
NDX_90_40_24M_R12,NDX_90_40,NDX,NASDAQ100_1X,24m/12m,0.9,0.4,24,12,0.2107429388,2069.84789,0.3167340744,-0.7090128803,1.429699212,0.3773878896,0.4343183207,0.5656816793,1.995380892,0.4007405884,108.7227471,-0.06961662179,0.572769603,2.004928131,0.9993155373,1.005844258,40,0.4,1.60089034,-0.03284892395,0.124944211,0.1892506203,0.1852031713,0.2179124849,0.008254147427,0.738531072,1.42269942,2.123206496,3192,0.09260819027,1.163198892,1.033582696,0.7229371655,True,-0.4859380945,-0.5103280696,1.441468146,1.230682973,1.2032823,-0.6899419599,-0.7067768494,0.6997878543,0.2029770545,0.8335587768,-0.3908280591,-0.4280511254,1.143272205,0.09260819027,1.352799957,-0.228719488,-0.3012898444,1.278668375,0.884620871,1.389955165,-0.5573667309,-0.5583973362,1.039369099,0.6224097395,1.343282682
SPX_80_25_15M_R6,SPX_80_25,SPX,SP500_1X,15m/6m,0.8,0.25,15,6,0.1288793739,126.4764624,0.1729836339,-0.4720448457,0.9963493231,0.1619362172,0.2615566614,0.7384433386,1.734792662,0.5009257354,122.3187582,-0.01825922224,0.159060613,1.24705681,0.7473292959,0.4997444095,80,0.25,1.200140877,0.02505837948,0.09234192974,0.1209909696,0.1146045885,0.1320275407,0.0033189706,0.7331855371,1.013383274,1.220639873,401,0.312461577,0.9842225797,1.038169516,1.041973424,False,-0.2151023607,-0.3196402012,0.8135720735,0.3831368871,0.7247871334,-0.2529464583,-0.2974004705,0.8134167281,0.2682079923,0.9276130985,-0.2659710774,-0.3070779092,0.7501657298,0.09258060251,0.8377741249,-0.2086523752,-0.2691258271,0.8952161914,0.4660671613,1.005301112,-0.4569775148,-0.4504901792,0.9620140657,0.7529900529,1.038481759
SPX_80_25_15M_R12,SPX_80_25,SPX,SP500_1X,15m/12m,0.8,0.25,15,12,0.131701454,139.7342887,0.1738613672,-0.482650981,1.010397585,0.1859973516,0.2725737961,0.7274262039,1.737823789,0.2504628677,65.54772791,-0.01646531779,0.1080888948,1.248596851,0.2491444216,0.9995261412,40,0.25,1.417222268,0.02862373541,0.09314447441,0.1184594768,0.1145695393,0.13375698,0.002636470138,0.6290637676,1.039659889,1.272622379,401,0.3648009267,1.03735009,1.08735748,1.076167932,False,-0.2090211534,-0.313808354,0.8009837825,0.3831368871,0.6606507027,-0.248078854,-0.2989535546,0.8181663995,0.05551448742,0.9761016046,-0.2530938587,-0.294921836,0.6685622891,0.09258060251,0.5869350897,-0.1904388729,-0.2691258271,0.8769830122,0.3913062066,0.9544478665,-0.4678863389,-0.4615293279,1.066085107,0.8543707888,1.087845091
SPX_80_25_18M_R6,SPX_80_25,SPX,SP500_1X,18m/6m,0.8,0.25,18,6,0.1192030116,89.68903771,0.1664975929,-0.4523593784,0.9561733028,0.1563915574,0.2576102623,0.7423897377,1.69856304,0.5071873071,122.3570493,-0.01812805167,0.2016462534,1.495880549,0.9992813142,0.4965776865,81,0.25,1.178888189,0.01586205192,0.07985894027,0.1092120284,0.1027279033,0.1217604526,0.003344668672,0.7004733923,0.9737008464,1.184070795,417,0.4421414422,0.9413179098,0.9880653981,1.033353886,False,-0.2234001912,-0.3269585444,0.8177290589,0.4570650905,0.7500062676,-0.2962913144,-0.3613985762,0.7546389798,0.4421414422,0.8169378607,-0.2914588145,-0.3009734278,0.7554980908,0.1148618158,0.7686260845,-0.1219325736,-0.2151625681,0.7182023262,0.3027444727,0.8262906772,-0.4402929619,-0.4323159344,0.9326367913,0.6337088488,0.9901836711
SPX_80_25_18M_R12,SPX_80_25,SPX,SP500_1X,18m/12m,0.8,0.25,18,12,0.1290545883,127.2626045,0.1671612745,-0.4668906729,0.961504715,0.188743068,0.2620254833,0.7379745167,1.699479232,0.2567244394,66.81072916,-0.01696405429,0.1540170836,1.491594464,0.4982888433,0.9951403149,41,0.25,1.402244864,0.02494391279,0.08970455776,0.1173151196,0.1127872481,0.1309903129,0.002926645682,0.6201140445,0.9837028408,1.228226709,357,0.4070188573,1.033939746,1.073518433,1.116498356,False,-0.206820482,-0.3136429911,0.783516283,0.4070188573,0.6735164457,-0.2528791902,-0.3075120595,0.7198205698,0.1912902823,0.8765320879,-0.230660504,-0.2762145321,0.6653784929,0.09329891332,0.6216838587,-0.1714613852,-0.2533721601,0.8189552153,0.3745985309,0.9006425738,-0.4522710676,-0.4455109059,0.9972726077,0.828018699,1.074338016
SPX_80_25_24M_R6,SPX_80_25,SPX,SP500_1X,24m/6m,0.8,0.25,24,6,0.1149560536,77.05780023,0.1579581978,-0.441194777,0.8914473534,0.156869207,0.2582857985,0.7417142015,1.633161555,0.4946641638,118.3722475,-0.01591416899,0.2651518133,2.000433204,1.49756928,0.5029221292,79,0.25,1.169412901,0.01958756247,0.07728507044,0.1057516275,0.09881970108,0.1178772279,0.003303502843,0.6425016255,0.9012047361,1.133975027,338,0.4720976249,0.9046945671,0.908439279,1.019061053,False,-0.1999081323,-0.3106042425,0.7673873978,0.4567276127,0.6818741312,-0.2614441451,-0.3335091913,0.6908333047,0.4278388393,0.748751818,-0.2624450518,-0.273554981,0.7018600809,0.1473705348,0.7005694453,-0.1062895748,-0.1997728362,0.6784954602,0.318219073,0.7608589382,-0.4282993515,-0.4200705972,0.8617126588,0.6042906158,0.9106303603
SPX_80_25_24M_R12,SPX_80_25,SPX,SP500_1X,24m/12m,0.8,0.25,24,12,0.1246550497,108.8935242,0.1625605479,-0.4587386717,0.9172115733,0.1717032886,0.2738215529,0.7261784471,1.64339002,0.2504628677,64.74827883,-0.01429592937,0.2072062134,2.004928131,0.9993155373,1.005844258,40,0.25,1.376151969,0.03713561393,0.09364541465,0.1206036985,0.1116762301,0.1295901317,0.003148444951,0.645251801,0.9351547298,1.190075395,360,0.6042906158,0.9019473068,0.9490089979,1.034667492,False,-0.3006755545,-0.3745446908,0.9746797542,0.7968930042,0.7300517555,-0.2053241593,-0.2945741325,0.6687590009,0.2307963764,0.7253464676,-0.2249948211,-0.2498244908,0.6789428672,0.0655881735,0.8168157101,-0.1062895748,-0.1997728362,0.6784954602,0.318219073,0.7600403841,-0.4362337222,-0.4291428927,0.7725015833,0.6042906158,0.9390658201
SPX_80_25_30M_R12,SPX_80_25,SPX,SP500_1X,30m/12m,0.8,0.25,30,12,0.1206788262,94.53419205,0.1523820433,-0.4450357476,0.8477658505,0.1844353581,0.2609516036,0.7390483964,1.586814247,0.2504628677,63.97597189,-0.01356484535,0.2722674695,2.490759754,1.497604381,0.9950332579,40,0.25,1.349520864,0.03265811538,0.08478104211,0.111126161,0.1055064124,0.1234250528,0.003167443558,0.5500476753,0.8613829432,1.134614395,312,0.7186296814,0.8750929578,0.9104786018,1.073974142,False,-0.1757005946,-0.2924394187,0.7112298435,0.4407108632,0.5939295231,-0.191899228,-0.2634256663,0.5993616301,0.2965236207,0.7138019385,-0.1845756401,-0.2340951364,0.5764339774,0.1566428159,0.5357416421,-0.1289967531,-0.213625721,0.7180353571,0.3773119859,0.7729395301,-0.4287871066,-0.4216050124,0.8409577445,0.7186296814,0.9111844058
SPX_80_25_30M_R18,SPX_80_25,SPX,SP500_1X,30m/18m,0.8,0.25,30,18,0.1298696328,130.9825667,0.1598308451,-0.4456843207,0.8890853653,0.1936073755,0.2876203973,0.7123796027,1.601464968,0.1690624357,46.85992884,-0.01083555196,0.2057706569,2.489010571,0.9992102353,1.489706734,27,0.25,1.567907846,0.05509714657,0.1009080288,0.1279106,0.1188153272,0.1355187959,0.003127863352,0.5657614584,0.9025331434,1.179019168,286,0.7830914789,1.017308608,1.048656322,1.179477656,False,-0.2961355462,-0.3716643381,0.9639446871,0.7830914789,0.7163791785,-0.125565673,-0.2297860649,0.5649372715,0.133039901,0.6503715544,-0.1477971262,-0.2417888377,0.5479308965,0.04208136468,0.8280713978,-0.1391520684,-0.2212832439,0.7406195251,0.3941398941,0.7748088864,-0.4321975708,-0.4268980516,1.005196462,0.8510220171,1.042908911
SPX_80_30_15M_R6,SPX_80_30,SPX,SP500_1X,15m/6m,0.8,0.3,15,6,0.1399904391,187.0002168,0.1991063347,-0.4940205542,1.19047975,0.1875844691,0.3118899159,0.6881100841,1.878589834,0.6011108825,146.6058676,-0.02200900398,0.1914561099,1.24705681,0.7473292959,0.4997444095,80,0.3,1.200140877,0.01131768618,0.09464800603,0.1284630885,0.1242402752,0.1415451467,0.003912634799,0.8916300516,1.20251819,1.449787083,641,0.118594506,1.016036082,1.229466306,1.032748609,False,-0.2577092703,-0.3638141122,0.9794440677,0.4857317093,0.879325017,-0.3537276623,-0.3805389627,0.9783247735,0.3413954237,1.1059431,-0.3497812615,-0.3760393378,0.915428706,0.118594506,0.9868060419,-0.2683255808,-0.3138492462,1.083706022,0.5876200854,1.167961294,-0.4831904138,-0.4779391394,1.165718222,0.9367531908,1.230185433
SPX_80_30_15M_R12,SPX_80_30,SPX,SP500_1X,15m/12m,0.8,0.3,15,12,0.143469813,211.1952147,0.1999509963,-0.5065057599,1.202464986,0.2111281675,0.3233029887,0.6766970113,1.879161997,0.3005554413,77.78122791,-0.02006438603,0.1307765153,1.248596851,0.2491444216,0.9995261412,40,0.3,1.417222268,0.01576641774,0.09583032358,0.1254626286,0.1249599246,0.1433729405,0.003108233776,0.7856950482,1.231554556,1.491814178,720,0.118594506,1.015770029,1.285820458,1.069320499,False,-0.249214182,-0.3556365207,0.9517221985,0.4857317093,0.8141584409,-0.3458289845,-0.3799881533,0.9857660366,0.07131642208,1.158023352,-0.3380278689,-0.3647605877,0.8272797287,0.118594506,0.7161403488,-0.248626294,-0.3138492462,1.062583651,0.4953108929,1.1342637,-0.4959428566,-0.4908211592,1.293160442,1.067521133,1.286656379
SPX_80_30_18M_R6,SPX_80_30,SPX,SP500_1X,18m/6m,0.8,0.3,18,6,0.1295980202,129.7312673,0.1907934427,-0.4756076309,1.143855568,0.1811156975,0.3078305017,0.6921694983,1.836025066,0.6086247686,146.9571868,-0.02181791656,0.2424201091,1.495880549,0.9992813142,0.4965776865,81,0.3,1.178888189,0.0007526703344,0.08104223456,0.1157868641,0.1117046582,0.1298254903,0.003961428271,0.8535470538,1.157942632,1.415137438,709,0.2179463803,1.023537617,1.17557619,1.027731317,False,-0.2669590909,-0.3719173673,0.985125453,0.5717281705,0.9000484197,-0.3936092139,-0.4424994637,0.9150602605,0.5545835578,0.9840621814,-0.3759035405,-0.3822658899,0.9208457504,0.1469519749,0.9150460549,-0.1731060463,-0.2541229004,0.8796319613,0.3837118357,0.9875401998,-0.4657175262,-0.4592945617,1.120232303,0.7943385364,1.17629887
SPX_80_30_18M_R12,SPX_80_30,SPX,SP500_1X,18m/12m,0.8,0.3,18,12,0.1405391981,190.6281045,0.191361886,-0.4881960581,1.147318976,0.2143704468,0.3118312422,0.6881687578,1.835487734,0.3080693273,79.37164069,-0.02060330395,0.186141093,1.491594464,0.4982888433,0.9951403149,41,0.3,1.402244864,0.01139183702,0.09183970647,0.1245258252,0.1228226953,0.1405603299,0.003441687774,0.7688845576,1.168802443,1.451267244,627,0.1194850719,1.012938719,1.276211716,1.11234255,False,-0.2487343657,-0.3576485825,0.9475761793,0.5151781536,0.8232058202,-0.3513052327,-0.3887443103,0.8777500368,0.244721999,1.049015961,-0.3135550608,-0.3439382142,0.818941614,0.1194850719,0.7446307352,-0.2277825927,-0.2963604617,0.9946485787,0.4740373255,1.069434733,-0.4777689536,-0.4722864046,1.20343838,1.030224232,1.276014426
SPX_80_30_24M_R6,SPX_80_30,SPX,SP500_1X,24m/6m,0.8,0.3,24,6,0.1246652268,108.9328735,0.179681629,-0.4614131312,1.066267582,0.1824600126,0.3086338247,0.6913661753,1.757633757,0.5935969965,142.1765331,-0.01912942645,0.3184130754,2.000433204,1.49756928,0.5029221292,79,0.3,1.169412901,0.005531479445,0.07824889265,0.1113826879,0.1070541055,0.1247707108,0.003908189875,0.7801012467,1.07182539,1.35762507,601,0.302303441,0.9615689047,1.080357118,1.013213884,False,-0.2395104549,-0.3529841304,0.9235053478,0.5679813309,0.8183067406,-0.3560755669,-0.4120111083,0.8365964,0.5348293847,0.9016839695,-0.3439303263,-0.3509235058,0.8548177725,0.187962523,0.834316369,-0.154651324,-0.2353743929,0.8303080706,0.401841309,0.9095852634,-0.4515371137,-0.4446772034,1.03464143,0.7546239897,1.081088442
SPX_80_30_24M_R12,SPX_80_30,SPX,SP500_1X,24m/12m,0.8,0.3,24,12,0.1359014842,162.0077495,0.1844836066,-0.4797243289,1.091809901,0.1968752045,0.325227296,0.674772704,1.766582605,0.3005554413,77.0776826,-0.01718943333,0.2488403003,2.004928131,0.9993155373,1.005844258,40,0.3,1.376151969,0.02575077365,0.09704011292,0.128404873,0.1220041631,0.1397276637,0.003707136329,0.7817608011,1.105844109,1.418298883,561,0.2934926999,0.9521875055,1.124771512,1.03018988,False,-0.3425934213,-0.4135314577,1.128833245,0.9593341715,0.8715402446,-0.2990801957,-0.3726367019,0.8124498636,0.2934926999,0.8714049815,-0.303669954,-0.309642237,0.8269456297,0.08410945309,0.9611786285,-0.154651324,-0.2353743929,0.8303080706,0.401841309,0.9124649878,-0.4608380436,-0.4549548245,0.9442863631,0.7546239897,1.114493462
SPX_80_30_30M_R12,SPX_80_30,SPX,SP500_1X,30m/12m,0.8,0.3,30,12,0.1312778426,137.6611187,0.1721271618,-0.4622270518,1.011974494,0.211026921,0.3110494052,0.6889505948,1.700925089,0.3005554413,76.21865946,-0.01636504124,0.3274768413,2.490759754,1.497604381,0.9950332579,40,0.3,1.349520864,0.02154917934,0.08685901326,0.1174708518,0.1147475252,0.1316597339,0.003727486513,0.6740990049,1.023696093,1.346594846,326,0.5766170753,1.048174477,1.081481749,1.068684789,False,-0.2114471426,-0.3321934429,0.8561699476,0.5458629256,0.7216114643,-0.2843632181,-0.3389630247,0.7299826868,0.3754287621,0.858482829,-0.261611312,-0.2925047671,0.7083414026,0.1992732621,0.6454531566,-0.1788834935,-0.2503481023,0.8718540826,0.4737985092,0.9180764168,-0.4501835226,-0.4441621101,1.012635468,0.8726419183,1.082545711
SPX_80_30_30M_R18,SPX_80_30,SPX,SP500_1X,30m/18m,0.8,0.3,30,18,0.1419242897,200.0929425,0.1804579599,-0.4612041625,1.053413482,0.2198937847,0.3399786569,0.6600213431,1.713434825,0.2028749229,55.33698121,-0.01302317839,0.2462528011,2.489010571,0.9992102353,1.489706734,27,0.3,1.567907846,0.04654278438,0.105305731,0.1363231742,0.1300392532,0.1471589947,0.003669824813,0.6926262982,1.061972367,1.398867366,309,0.2138848797,1.176459538,1.214916643,1.15331412,False,-0.3376003341,-0.4104137108,1.116330223,0.9420710994,0.853025659,-0.213870547,-0.3030962407,0.6907628348,0.1700742973,0.7811680668,-0.2202712425,-0.2631550775,0.6738372522,0.05401832901,0.9669558742,-0.1900030569,-0.2587527038,0.8974478547,0.4945319548,0.9240454303,-0.4512365012,-0.4471959289,1.181095009,1.021332583,1.213427353
SPX_80_35_15M_R6,SPX_80_35,SPX,SP500_1X,15m/6m,0.8,0.35,15,6,0.1500044544,265.151369,0.2275886305,-0.5182293882,1.383486382,0.2121555427,0.3617378424,0.6382621576,2.02174854,0.7012960296,170.7931517,-0.02580823806,0.2241715586,1.24705681,0.7473292959,0.4997444095,80,0.35,1.200140877,-0.003615668416,0.09553792372,0.1344115933,0.1326028654,0.1499990048,0.004479187932,1.05064775,1.392387524,1.680074044,954,0.1483738265,1.181288446,1.417415802,1.024524578,False,-0.2992321514,-0.4067129371,1.147679349,0.6006093572,1.037665734,-0.4453886611,-0.4583150145,1.144874195,0.4240469077,1.282199202,-0.4275407761,-0.4443223737,1.08711352,0.1483738265,1.131209267,-0.3249905787,-0.3574009347,1.276629929,0.7221490179,1.321406338,-0.5084902612,-0.5047413808,1.373820929,1.13451993,1.417359398
SPX_80_35_15M_R12,SPX_80_35,SPX,SP500_1X,15m/12m,0.8,0.35,15,12,0.1542127732,306.7826197,0.2283774991,-0.5324349501,1.392344724,0.2339844909,0.3731061612,0.6268938388,2.019238563,0.3506480148,89.7718111,-0.02380291613,0.1539823805,1.248596851,0.2491444216,0.9995261412,40,0.35,1.417222268,0.0009355564936,0.09719630963,0.1317329692,0.1342990307,0.1521821388,0.003562002916,0.9520527423,1.415266128,1.707616296,1172,0.08951680182,1.181386683,1.480567351,1.063362632,False,-0.2883874283,-0.3963117712,1.102811204,0.6006093572,0.9767024543,-0.4347743538,-0.4556621427,1.156061639,0.08951680182,1.336220151,-0.417701273,-0.4347713149,0.9967832543,0.1483738265,0.8508982161,-0.3044210029,-0.3574009347,1.253010385,0.6113808974,1.311379508,-0.5229829924,-0.5193446521,1.525729945,1.254685136,1.480305526
SPX_80_35_18M_R6,SPX_80_35,SPX,SP500_1X,18m/6m,0.8,0.35,18,6,0.1393071893,182.5771875,0.2176219615,-0.5153851611,1.330740952,0.2043901973,0.3577214888,0.6422785112,1.973019463,0.71006223,171.5695481,-0.02554058068,0.2834500823,1.495880549,0.9992813142,0.4965776865,81,0.35,1.178888189,-0.01507708842,0.08145808181,0.1218922954,0.1198694422,0.1378125141,0.004557400052,1.007720739,1.340952516,1.643886085,1140,0.1835884321,1.18271354,1.076048007,0.8086081707,False,-0.3091395805,-0.4153011763,1.154772509,0.6965427408,1.05023432,-0.4799298778,-0.5153851611,1.079148056,0.6776865521,1.152774752,-0.453202325,-0.4585445559,1.091827048,0.1835884321,1.059367832,-0.223734735,-0.2929331993,1.048535157,0.4743225383,1.148050973,-0.4910062427,-0.4861055015,1.308875269,0.9699522181,1.35885397
SPX_80_35_18M_R12,SPX_80_35,SPX,SP500_1X,18m/12m,0.8,0.35,18,12,0.1510876536,275.3078386,0.2180828239,-0.5120908172,1.331878415,0.2372891597,0.361030865,0.638969135,1.97084755,0.3594142152,91.71042556,-0.02435257445,0.2188884171,1.491594464,0.4982888433,0.9951403149,41,0.35,1.402244864,-0.003349343885,0.09284252684,0.1301762468,0.1318128048,0.1492884479,0.003933170023,0.9272888714,1.349356417,1.669632397,1035,0.1494456725,1.12884386,1.473988722,1.106699159,False,-0.2897311837,-0.4005377979,1.11500406,0.63587401,0.9790603739,-0.4407193961,-0.4646188446,1.041534711,0.3057176196,1.220726242,-0.3918829943,-0.4117393429,0.981214414,0.1494456725,0.8684269075,-0.2822057411,-0.3384602336,1.175653546,0.5849497836,1.235610992,-0.5024190171,-0.4984385765,1.412469425,1.208123881,1.473925893
SPX_80_35_24M_R6,SPX_80_35,SPX,SP500_1X,24m/6m,0.8,0.35,24,6,0.1337653727,150.2785813,0.2039503319,-0.4837962384,1.240276302,0.2067871831,0.3586492126,0.6413507874,1.88162709,0.6925298293,166.0056559,-0.02236359802,0.3718681583,2.000433204,1.49756928,0.5029221292,79,0.35,1.169412901,-0.009132662763,0.07855695954,0.1174480258,0.11462867,0.1322874961,0.004491534124,0.9184900987,1.238169506,1.577823069,920,0.234000788,1.096329279,1.247159235,1.005549516,False,-0.2779444813,-0.3939785495,1.081187,0.6876220533,0.9548487703,-0.4407470312,-0.483077327,0.9852672002,0.6511374504,1.05593941,-0.4190490069,-0.4242692104,1.012717883,0.234000788,0.9662078684,-0.202567666,-0.2711192324,0.9887920715,0.4946965483,1.057622528,-0.4747080688,-0.4693567619,1.208327401,0.9176964258,1.248057091
SPX_80_35_24M_R12,SPX_80_35,SPX,SP500_1X,24m/12m,0.8,0.35,24,12,0.1464232105,234.105659,0.2084905844,-0.5005678956,1.264264472,0.2204126955,0.3757771047,0.6242228953,1.888487367,0.3506480148,89.23665594,-0.02010920806,0.2907094525,2.004928131,0.9993155373,1.005844258,40,0.35,1.376151969,0.01342185336,0.09950258848,0.1355632813,0.1314594648,0.1487370641,0.004242688552,0.9205188404,1.268505834,1.630262849,846,0.1629927939,1.053480923,1.297171016,1.026028212,False,-0.3799956079,-0.4482353691,1.273786521,1.122819154,1.011594598,-0.3850966192,-0.444890676,0.9601616008,0.3641516813,1.018544739,-0.3773417463,-0.3835990607,0.9800178898,0.1053614138,1.100572913,-0.202567666,-0.2711192324,0.9887920715,0.4946965483,1.065366985,-0.4853035698,-0.4805031833,1.122936565,0.9176964258,1.287112645
SPX_80_35_30M_R12,SPX_80_35,SPX,SP500_1X,30m/12m,0.8,0.35,30,12,0.1412254385,195.2615533,0.1944024404,-0.4806304233,1.17502246,0.2350472082,0.3606531264,0.6393468736,1.814369333,0.3506480148,88.31859797,-0.01920736676,0.3831437978,2.490759754,1.497604381,0.9950332579,40,0.35,1.349520864,0.009611056954,0.08815806109,0.1237243897,0.1232639236,0.1396136049,0.004263301049,0.8054728099,1.180996719,1.555148965,636,0.2473580093,1.006482878,1.250792884,1.064484235,False,-0.2463042922,-0.3708386459,1.002492753,0.6580039454,0.8526623169,-0.369464523,-0.4096751078,0.8649495439,0.4635334588,1.00391354,-0.3351471639,-0.3526639361,0.847157402,0.2473580093,0.7567706737,-0.2274411807,-0.2861830058,1.02997758,0.5796818762,1.06085598,-0.4709196227,-0.4661582918,1.185773817,1.024601088,1.250759608
SPX_80_35_30M_R18,SPX_80_35,SPX,SP500_1X,30m/18m,0.8,0.35,30,18,0.1532042535,296.2601187,0.2028335039,-0.4781821573,1.214424275,0.2437517206,0.3910328492,0.6089671508,1.823391426,0.23668741,63.57940631,-0.01523308205,0.2867237088,2.489010571,0.9992102353,1.489706734,27,0.35,1.567907846,0.03676811578,0.1086353543,0.1453225481,0.1403254369,0.1575954354,0.004187116044,0.8258996167,1.217592478,1.611803774,586,0.2122840351,1.055336893,1.375583548,1.132704258,False,-0.3746268027,-0.4449331297,1.259562531,1.101851708,0.9876044968,-0.2971997436,-0.3728355786,0.8218649829,0.2122840351,0.9128868784,-0.2902319939,-0.2961522104,0.8066156384,0.06774452702,1.099014837,-0.2392356031,-0.2952282131,1.058047477,0.6045157057,1.071780195,-0.4689642575,-0.4663413472,1.350079984,1.191678563,1.374253314
SPX_85_25_15M_R6,SPX_85_25,SPX,SP500_1X,15m/6m,0.85,0.25,15,6,0.136653928,166.3482105,0.1903250255,-0.4957335376,1.142550012,0.2243638814,0.2622850153,0.7377149847,1.880264997,0.5009257354,123.8030248,-0.03041836426,0.2708989437,1.24705681,0.7473292959,0.4997444095,80,0.25,1.220737262,0.02011262139,0.09365872192,0.1266610368,0.1208924166,0.1397482299,0.005438460329,0.7727364284,1.150686862,1.479036481,503,0.09982732183,1.035647147,1.172949469,1.026606676,False,-0.22812669,-0.3368528996,0.9196560481,0.3411336166,0.7740218692,-0.2848636489,-0.3186802648,0.8865290847,0.2305636539,1.021804037,-0.2909154189,-0.3313713784,0.8229310979,0.08083994718,0.8962885678,-0.2314699944,-0.2899443459,1.007061832,0.4481301149,1.116014062,-0.4819716729,-0.4759265958,1.026068411,0.7301574823,1.172888672
SPX_85_25_15M_R12,SPX_85_25,SPX,SP500_1X,15m/12m,0.85,0.25,15,12,0.1416376637,198.097466,0.1927738108,-0.5098575234,1.169729913,0.2622057697,0.2742980303,0.7257019697,1.895431882,0.2504628677,66.97293629,-0.0276388453,0.1847399608,1.248596851,0.2491444216,0.9995261412,40,0.25,1.473197173,0.02548889118,0.097437267,0.1256883188,0.1233497443,0.1429262403,0.004536691609,0.6247348632,1.208323052,1.560246069,522,0.2909844707,1.074358035,1.248904278,1.067686023,False,-0.2195387217,-0.3285813168,0.8978491466,0.3411336166,0.6903940913,-0.2795434831,-0.3181251515,0.889339353,0.02308305548,1.091793115,-0.2728182269,-0.3143066996,0.6956332604,0.08083994718,0.601555944,-0.2113832592,-0.2899443459,0.9848538015,0.3665160376,1.07203707,-0.4964811144,-0.4906053537,1.115665286,0.7463436329,1.24913026
SPX_85_25_18M_R6,SPX_85_25,SPX,SP500_1X,18m/6m,0.85,0.25,18,6,0.1248843942,109.7836519,0.1809613434,-0.4647441908,1.082519934,0.2140907114,0.2579375262,0.7420624738,1.824582408,0.5071873071,123.5450393,-0.02874699823,0.3241940665,1.495880549,0.9992813142,0.4965776865,81,0.25,1.193784243,0.008991642792,0.07790805228,0.1125125618,0.1071654517,0.1259154418,0.005067448557,0.7364018019,1.098693156,1.4072301,575,0.416854487,0.9658007494,1.10114146,1.017202017,False,-0.2340876922,-0.3424680273,0.9071269187,0.416854487,0.8010511001,-0.3358699266,-0.3945662303,0.8098924461,0.4392008539,0.8782253114,-0.3151144194,-0.3229427833,0.823303998,0.1035056864,0.8125295313,-0.1304693026,-0.2238768286,0.7779594051,0.2926718823,0.8948566503,-0.4541546891,-0.4464583273,1.004097415,0.5669495632,1.101788425
SPX_85_25_18M_R12,SPX_85_25,SPX,SP500_1X,18m/12m,0.85,0.25,18,12,0.1374951177,171.3348665,0.1825175181,-0.4891486196,1.095303006,0.255830724,0.2625224926,0.7374775074,1.832780513,0.2567244394,68.1098801,-0.0273629685,0.248933105,1.491594464,0.4982888433,0.9951403149,41,0.25,1.448345592,0.0221939413,0.09209917111,0.1240004418,0.1203682787,0.1393517924,0.004794458932,0.6377637588,1.119792709,1.486235602,400,0.3339155386,1.118614729,1.204091451,1.099322694,False,-0.2149458444,-0.3265064696,0.864959342,0.365265474,0.7118472187,-0.279147038,-0.3263028549,0.7586385173,0.1324602677,0.9656000461,-0.2476237525,-0.2932503095,0.7119225862,0.08308171821,0.6508945584,-0.1908404516,-0.2723820662,0.9167344203,0.3562753588,0.9892329668,-0.4756185293,-0.4692594355,1.055094238,0.7381781571,1.204691415
SPX_85_25_24M_R6,SPX_85_25,SPX,SP500_1X,24m/6m,0.85,0.25,24,6,0.1197020812,91.29976595,0.1692717885,-0.451417249,0.9909675304,0.2036969441,0.2587438837,0.7412561163,1.732223647,0.4946641638,119.3556758,-0.02387773244,0.395632704,2.000433204,1.49756928,0.5029221292,79,0.25,1.181769728,0.01453215138,0.07576205598,0.1086861744,0.1023663887,0.1208878548,0.00456767174,0.6708836179,0.9954382242,1.31020701,398,0.4315791045,0.9483149217,0.9952969109,1.004368842,False,-0.2069079358,-0.3239175994,0.8406846413,0.4489392288,0.7203777015,-0.2933418789,-0.3606094801,0.734692563,0.4315791045,0.7959679792,-0.2806152157,-0.2893874972,0.7567206249,0.1410529679,0.7334915605,-0.1129312871,-0.2057076698,0.7290067149,0.3176621715,0.8141770003,-0.4399265707,-0.431846287,0.9175430032,0.5624714251,0.9979297213
SPX_85_25_24M_R12,SPX_85_25,SPX,SP500_1X,24m/12m,0.85,0.25,24,12,0.1305777817,134.3005468,0.175840936,-0.4711114504,1.02600735,0.2261794434,0.2753116886,0.7246883114,1.750695661,0.2504628677,65.65714416,-0.02215271055,0.3152840687,2.004928131,0.9993155373,1.005844258,40,0.25,1.410005378,0.03395419767,0.09423962467,0.1250677155,0.1179221048,0.1357095495,0.004491390471,0.6660551522,1.038723979,1.387125284,401,0.2605623166,0.9441827136,1.028255067,1.002190741,False,-0.3281709156,-0.4080673072,1.09332129,0.8702518879,0.7764176432,-0.2330461805,-0.3177455447,0.7073428405,0.2082212467,0.7699106556,-0.2406455028,-0.2542386097,0.7306790981,0.05592702324,0.8604613939,-0.1129312871,-0.2057076698,0.7290067149,0.3176621715,0.8308359577,-0.4475715205,-0.4409956597,0.7766366629,0.5543352678,1.014149629
SPX_85_25_30M_R12,SPX_85_25,SPX,SP500_1X,30m/12m,0.85,0.25,30,12,0.1262328738,115.1626201,0.1622383506,-0.459628871,0.9345840688,0.2294506642,0.2615743819,0.7384256181,1.673009687,0.2504628677,64.8606667,-0.01993281435,0.3901643602,2.490759754,1.497604381,0.9950332579,40,0.25,1.378458503,0.03111925232,0.08567309319,0.1152969296,0.1100057139,0.1287026222,0.004299986335,0.573150753,0.9381745809,1.30034925,340,0.4506286858,0.934319066,0.9880353396,1.057192576,False,-0.1801548234,-0.3041233058,0.7730945965,0.4506286858,0.6295534608,-0.2112893933,-0.2792675958,0.6256353691,0.2722623337,0.76084293,-0.1948452578,-0.2434478121,0.6125015527,0.1557517822,0.5576453697,-0.1402527736,-0.2236789076,0.7821292963,0.3847094049,0.827653243,-0.4443025877,-0.437395679,0.8786961675,0.6934610267,0.9886460335
SPX_85_25_30M_R18,SPX_85_25,SPX,SP500_1X,30m/18m,0.85,0.25,30,18,0.1366535972,166.3462776,0.1724078685,-0.4636832985,0.9854547183,0.2422615855,0.2894023505,0.7105976495,1.696052368,0.1690624357,47.81638888,-0.01696708042,0.3042712985,2.489010571,0.9992102353,1.489706734,27,0.25,1.621378881,0.055300024,0.1033499838,0.1335597268,0.1251384582,0.143594192,0.004351512409,0.5824295112,0.9991097496,1.37023479,326,0.8540650839,1.119459325,1.163415809,1.180587791,False,-0.3222921896,-0.4040529854,1.078896106,0.8540650839,0.7602165299,-0.1432431204,-0.2443059619,0.5869822114,0.112433875,0.6827341298,-0.1552843587,-0.2454313348,0.5749218958,0.03502778245,0.8690074188,-0.1518037607,-0.2326117158,0.8096619222,0.4019033409,0.8487329798,-0.4515614827,-0.4466109288,1.091309554,0.9186060869,1.156139422
SPX_85_30_15M_R6,SPX_85_30,SPX,SP500_1X,15m/6m,0.85,0.3,15,6,0.1486311226,252.7985117,0.2208177131,-0.5222752827,1.364454004,0.2609559401,0.3124956467,0.6875043533,2.051958357,0.6011108825,148.241642,-0.03660140516,0.3257675206,1.24705681,0.7473292959,0.4997444095,80,0.3,1.220737262,0.00498207172,0.09579884078,0.1351880774,0.1310727898,0.1495231071,0.006414269317,0.9411028691,1.36840269,1.756992318,833,0.103623252,1.111067151,1.388486017,1.017612915,False,-0.2722689792,-0.3831588942,1.10529405,0.4337175726,0.9398089404,-0.3883162688,-0.4044585669,1.065832388,0.2941299921,1.217836962,-0.3769837544,-0.4057857101,1.005007331,0.103623252,1.054712845,-0.2937145092,-0.338052635,1.218419089,0.5665408261,1.292791329,-0.5120460099,-0.5073971085,1.246082651,0.912562213,1.387965351
SPX_85_30_15M_R12,SPX_85_30,SPX,SP500_1X,15m/12m,0.85,0.3,15,12,0.1545353715,310.2247551,0.2234207757,-0.5390959447,1.390404726,0.2996149173,0.3248058644,0.6751941356,2.065598862,0.3005554413,79.24695167,-0.0335418299,0.2230435351,1.248596851,0.2491444216,0.9995261412,40,0.3,1.473197173,0.01046641571,0.1003898229,0.1334845514,0.1343881274,0.1541729326,0.005335610569,0.7816273586,1.428052647,1.820408109,1051,0.103623252,1.104085482,1.476245192,1.061737755,False,-0.2604666445,-0.3718239724,1.062646279,0.4337175726,0.851924229,-0.3793726422,-0.401056109,1.070887392,0.02966942379,1.294519998,-0.3600415298,-0.3896267222,0.862262865,0.103623252,0.7340563647,-0.2720163682,-0.338052635,1.192460309,0.4650855907,1.272564125,-0.5292268441,-0.5247416303,1.359361437,0.9396802375,1.475479169
SPX_85_30_18M_R6,SPX_85_30,SPX,SP500_1X,18m/6m,0.85,0.3,18,6,0.1360116164,162.6360767,0.2090911562,-0.4918869745,1.294479956,0.2488780499,0.3080648471,0.6919351529,1.986415109,0.6086247686,148.3039404,-0.03455891651,0.3895039473,1.495880549,0.9992813142,0.4965776865,81,0.3,1.193784243,-0.007732035243,0.07837216106,0.1197961742,0.1163668313,0.1353781016,0.005998169546,0.8998064867,1.306486182,1.682500894,918,0.1325234007,1.111161056,1.307264159,1.009875937,False,-0.2791062916,-0.3896170246,1.091979001,0.5282836412,0.9615964528,-0.4353803679,-0.4780848723,0.9829077119,0.5520435271,1.058364889,-0.4014800273,-0.4072608426,1.004597565,0.1325234007,0.9671880585,-0.1830415638,-0.2643339133,0.9532106465,0.3715167758,1.069028018,-0.4821451557,-0.4761286549,1.206133351,0.7143495188,1.308096473
SPX_85_30_18M_R12,SPX_85_30,SPX,SP500_1X,18m/12m,0.85,0.3,18,12,0.1500354789,265.4371169,0.2106273432,-0.5152110865,1.305905104,0.292099506,0.3120888949,0.6879111051,1.993816209,0.3080693273,80.75739217,-0.03312643929,0.3004527954,1.491594464,0.4982888433,0.9951403149,41,0.3,1.448345592,0.00765046334,0.09419615212,0.1316612325,0.1311048326,0.1499259031,0.005634618216,0.7925313201,1.331386446,1.747655926,797,0.10646749,1.054142863,1.431120459,1.095883961,False,-0.2580621212,-0.3724714727,1.04561845,0.4637332148,0.8707890904,-0.3795906981,-0.4115022845,0.9259058911,0.1697915471,1.155336728,-0.332614663,-0.3648181495,0.8773134151,0.10646749,0.7789154013,-0.2495764355,-0.3184115398,1.112716519,0.4518676763,1.173899985,-0.5050165572,-0.5000724086,1.276200324,0.9275987,1.430616427
SPX_85_30_24M_R6,SPX_85_30,SPX,SP500_1X,24m/6m,0.85,0.3,24,6,0.1300518074,131.828416,0.1941195772,-0.4750930365,1.184867566,0.2375135265,0.3090414553,0.6909585447,1.875826111,0.5935969965,143.3044763,-0.02867454227,0.474871026,2.000433204,1.49756928,0.5029221292,79,0.3,1.181769728,-0.0007065251998,0.07620070861,0.1152426654,0.111013543,0.1295064326,0.005397409232,0.817042972,1.18498913,1.56796798,705,0.2509940712,1.014094899,1.183048158,0.9984644631,False,-0.2474640799,-0.3682809205,1.011083194,0.5661795423,0.8647022647,-0.3900872487,-0.441331398,0.8902436072,0.5403676618,0.9588680389,-0.3637314145,-0.369271522,0.9223972141,0.1800371653,0.8733982363,-0.1624127586,-0.2428806855,0.8924857779,0.4016201709,0.9729418852,-0.4653790021,-0.4588620842,1.101762346,0.7055382135,1.183864355
SPX_85_30_24M_R12,SPX_85_30,SPX,SP500_1X,24m/12m,0.85,0.3,24,12,0.1425885916,204.7934226,0.2010073597,-0.4944916535,1.220249952,0.2602081258,0.3266264966,0.6733735034,1.893623456,0.3005554413,78.05050877,-0.02658355587,0.378241554,2.004928131,0.9993155373,1.005844258,40,0.3,1.410005378,0.02171569589,0.09742096999,0.1339706038,0.128998442,0.1466392412,0.005277367564,0.811263118,1.224459292,1.641395335,726,0.2652641912,0.9732493787,1.21752677,0.9977683404,False,-0.3714916809,-0.449250681,1.261100439,1.046766558,0.9271035867,-0.3292566776,-0.3981955795,0.8598864366,0.2652641912,0.924724801,-0.3207148526,-0.3275821707,0.8903133058,0.07175663221,1.012191795,-0.1624127586,-0.2428806855,0.8924857779,0.4016201709,0.9960097253,-0.4743809287,-0.4689790536,0.9521250544,0.6971182537,1.202429504
SPX_85_30_30M_R12,SPX_85_30,SPX,SP500_1X,30m/12m,0.85,0.3,30,12,0.1376107704,172.0317632,0.1847284439,-0.4793882114,1.11495122,0.2632389241,0.3115915908,0.6884084092,1.803359629,0.3005554413,77.19268325,-0.02399512298,0.4688300422,2.490759754,1.497604381,0.9950332579,40,0.3,1.378458503,0.01945429395,0.08768570892,0.1221142943,0.1198335155,0.1374628418,0.005055103342,0.7031739889,1.119291352,1.541245498,374,0.3455192719,1.094440614,1.173078333,1.052134221,False,-0.2164639092,-0.3456693937,0.9299707269,0.5662301368,0.7648128952,-0.3057091658,-0.3567385432,0.7625245154,0.3455192719,0.9150109368,-0.2732854437,-0.3055509073,0.7532059873,0.1982359632,0.6717941028,-0.1916755638,-0.2618603148,0.9494025152,0.4836196539,0.9823877444,-0.468332604,-0.4625933497,1.059749888,0.8612362617,1.174056246
SPX_85_30_30M_R18,SPX_85_30,SPX,SP500_1X,30m/18m,0.85,0.3,30,18,0.1496530243,261.9354191,0.1960017361,-0.4832124321,1.166469133,0.2760746905,0.3416750315,0.6583249685,1.824794102,0.2028749229,56.36342284,-0.02031999565,0.3637442194,2.489010571,0.9992102353,1.489706734,27,0.3,1.621378881,0.04648157153,0.1078643482,0.1437451042,0.1371606573,0.1558132967,0.005094914567,0.7134323135,1.174015601,1.622578972,392,0.1827786671,1.240820773,1.344114449,1.152293199,False,-0.3650911352,-0.444948555,1.244431196,1.026414442,0.9050550134,-0.2335838828,-0.3195098432,0.7182462399,0.1439090511,0.8196523396,-0.2287452313,-0.2685073663,0.7076547763,0.04497929975,1.014280776,-0.2043072972,-0.2716639308,0.980709962,0.5048731167,1.010157552,-0.4735043519,-0.4699537404,1.282795535,1.10235415,1.342171044
SPX_85_35_15M_R6,SPX_85_35,SPX,SP500_1X,15m/6m,0.85,0.35,15,6,0.1592790046,365.4045241,0.2535232706,-0.5503123634,1.584962429,0.2961841532,0.3621712939,0.6378287061,2.222791135,0.7012960296,172.5267606,-0.0428451776,0.3810738121,1.24705681,0.7473292959,0.4997444095,80,0.35,1.220737262,-0.01148007417,0.09617509554,0.1416358856,0.1397381331,0.1578738597,0.007347215685,1.110795518,1.587285482,2.02533283,1181,0.1297413145,1.29504397,1.59796271,1.008202264,False,-0.3150658638,-0.4278778453,1.293035757,0.5380161819,1.109954479,-0.4815741577,-0.4859040737,1.246901817,0.3662562409,1.411502293,-0.4562370539,-0.4762124882,1.194516176,0.1297413145,1.208002533,-0.3524624228,-0.3839275089,1.434694372,0.6983448835,1.458813606,-0.540869998,-0.5376980762,1.471956142,1.110767195,1.597605728
SPX_85_35_15M_R12,SPX_85_35,SPX,SP500_1X,15m/12m,0.85,0.35,15,12,0.1661254268,462.2497229,0.2562101577,-0.5696794302,1.608250602,0.3341108054,0.3742808169,0.6257191831,2.233969785,0.3506480148,91.21152212,-0.03963012852,0.2620612397,1.248596851,0.2491444216,0.9995261412,40,0.35,1.473197173,-0.006473314253,0.1016296133,0.1401958545,0.1440884523,0.1634662106,0.006100032569,0.9505782769,1.631078995,2.078971688,1502,0.03726423299,1.309768344,1.696153807,1.054657654,False,-0.3002021503,-0.4137258916,1.227238044,0.5380161819,1.023511048,-0.4693748416,-0.47806719,1.255325432,0.03726423299,1.492933979,-0.4414809227,-0.4619984317,1.040930857,0.1297413145,0.8723485784,-0.329824057,-0.3839275089,1.405357993,0.5756704614,1.469698863,-0.5606437269,-0.5576084128,1.611462529,1.153027386,1.695497225
SPX_85_35_18M_R6,SPX_85_35,SPX,SP500_1X,18m/6m,0.85,0.35,18,6,0.1463096223,233.1813449,0.2396473709,-0.5535901352,1.505446549,0.2818617273,0.357831719,0.642168281,2.14761483,0.71006223,173.0434017,-0.04041029773,0.4551504005,1.495880549,0.9992813142,0.4965776865,81,0.35,1.193784243,-0.0252505609,0.07795463131,0.1252722346,0.1246481954,0.1435956583,0.006896563507,1.064005617,1.508485541,1.952783105,1478,0.1657058841,1.29401994,1.150901768,0.76449195,False,-0.3225643422,-0.4349499666,1.27906802,0.6529560206,1.122403629,-0.5226226791,-0.5535901352,1.160230613,0.6761257729,1.240411565,-0.4799677285,-0.4859314729,1.192491876,0.1657058841,1.119608479,-0.2349736067,-0.3051564191,1.136788194,0.4600407335,1.242277183,-0.5099326775,-0.5054415664,1.40955909,0.8772619317,1.51024924
SPX_85_35_18M_R12,SPX_85_35,SPX,SP500_1X,18m/12m,0.85,0.35,18,12,0.1614415993,393.6319562,0.2411251767,-0.5427308077,1.514900089,0.3250064058,0.3609897495,0.6390102505,2.153910339,0.3594142152,93.13829469,-0.03903098355,0.3528403244,1.491594464,0.4982888433,0.9951403149,41,0.35,1.448345592,-0.008239677511,0.09498314307,0.1380320578,0.1406061535,0.1583781745,0.006436381222,0.9569411671,1.537651308,2.007736094,1308,0.1332603558,1.203209352,1.652709087,1.090969034,False,-0.300139978,-0.4171472303,1.22984019,0.5743225297,1.036614568,-0.470201431,-0.4914326743,1.099792593,0.2125867887,1.344166455,-0.4126119834,-0.4356373967,1.052605713,0.1332603558,0.907606817,-0.3060321043,-0.362994063,1.314527704,0.5590001379,1.35553461,-0.5333290783,-0.5298687288,1.50166258,1.135774337,1.652322131
SPX_85_35_24M_R6,SPX_85_35,SPX,SP500_1X,24m/6m,0.85,0.35,24,6,0.1396878646,185.0287562,0.2214285894,-0.5138293018,1.377784083,0.2698116893,0.3589780516,0.6410219484,2.018806032,0.6925298293,167.2589523,-0.03349121629,0.5543299067,2.000433204,1.49756928,0.5029221292,79,0.35,1.181769728,-0.01660524595,0.07590814532,0.1205056439,0.1188958246,0.137312601,0.00619593655,0.9648331332,1.37056317,1.823057996,1177,0.2243213868,1.173971015,1.04626186,0.7593801329,False,-0.2867302832,-0.4110750617,1.18298491,0.6960100994,1.009210513,-0.4758941998,-0.5138293018,1.049118789,0.6590256865,1.123305891,-0.4399481237,-0.4457118151,1.093718826,0.2243213868,1.011335497,-0.2113835828,-0.280141294,1.063331315,0.4950850258,1.130854564,-0.4907285379,-0.4857265589,1.286989887,0.8621802842,1.365752626
SPX_85_35_24M_R12,SPX_85_35,SPX,SP500_1X,24m/12m,0.85,0.35,24,12,0.1537399566,301.8048383,0.2280753643,-0.517703975,1.411905012,0.292190204,0.3770108382,0.6229891618,2.034894174,0.3506480148,90.24381658,-0.03103878019,0.4414382544,2.004928131,0.9993155373,1.005844258,40,0.35,1.410005378,0.008456836608,0.09956065047,0.1408780599,0.1390417317,0.1565776448,0.006027598259,0.9592585591,1.407265614,1.885095859,1096,0.1433069554,1.118618677,1.403020024,0.9937070924,False,-0.4097332162,-0.4855122413,1.417850719,1.224116259,1.076332724,-0.4169075008,-0.4721995591,1.016952164,0.3297997691,1.080641046,-0.395334443,-0.4024623971,1.055594832,0.08993994789,1.158630105,-0.2113835828,-0.280141294,1.063331315,0.4950850258,1.161246561,-0.5010312938,-0.4967422869,1.135807112,0.8542929972,1.387545569
SPX_85_35_30M_R12,SPX_85_35,SPX,SP500_1X,30m/12m,0.85,0.35,30,12,0.1482368107,249.3566634,0.2096669963,-0.5010519057,1.293911809,0.2940412093,0.3610773084,0.6389226916,1.932834501,0.3506480148,89.36157412,-0.02810231946,0.5480053241,2.490759754,1.497604381,0.9950332579,40,0.35,1.378458503,0.006873790195,0.08883682062,0.1291469419,0.1288383727,0.1455460218,0.005776728505,0.8384045268,1.29812677,1.778863357,771,0.2462052827,1.041168827,1.356127581,1.048083472,False,-0.2517918159,-0.3859549061,1.088112181,0.6928523504,0.903603333,-0.3922434482,-0.4290096441,0.9042205345,0.4277239969,1.069971699,-0.3480053128,-0.3682510186,0.9015279638,0.2462052827,0.7876038838,-0.241571357,-0.2994818715,1.12132034,0.5924138292,1.134398122,-0.4915589098,-0.4871775334,1.24301224,1.041163391,1.355940653
SPX_85_35_30M_R18,SPX_85_35,SPX,SP500_1X,30m/18m,0.85,0.35,30,18,0.1617601706,397.965834,0.2211543626,-0.5028395846,1.343617353,0.3071320785,0.3925644596,0.6074355404,1.951052893,0.23668741,64.65101049,-0.0236845266,0.4230811501,2.489010571,0.9992102353,1.489706734,27,0.35,1.621378881,0.03634314836,0.1112010343,0.1531604323,0.1481141025,0.1658820018,0.00580241762,0.8518567002,1.337643948,1.8592018,753,0.1798773021,1.118069799,1.518713161,1.130316722,False,-0.402911961,-0.4809950104,1.39901444,1.199281295,1.047659621,-0.3185004409,-0.3908171774,0.8552604436,0.1798773021,0.9573869544,-0.2995274949,-0.3061078143,0.8479142693,0.05643088083,1.152307945,-0.2549580059,-0.3100298197,1.155802616,0.6179626279,1.169370249,-0.4939048312,-0.4917451406,1.466911192,1.286111162,1.516931018
SPX_85_40_15M_R6,SPX_85_40,SPX,SP500_1X,15m/6m,0.85,0.4,15,6,0.1685460258,502.1487627,0.287975145,-0.5771688506,1.804392892,0.3305611224,0.4113897844,0.5886102156,2.393003108,0.8014811767,196.6286747,-0.04916400288,0.4369221977,1.24705681,0.7473292959,0.4997444095,80,0.4,1.220737262,-0.02933503624,0.09496690891,0.1463527091,0.1468260897,0.1653872921,0.008233656233,1.285396521,1.801476752,2.294128664,1712,0.1599841032,1.513215145,1.802295447,0.9988375895,False,-0.3566265815,-0.4711476109,1.483650977,0.6564029905,1.284840848,-0.5650297777,-0.5655623344,1.430286569,0.4487962511,1.60295732,-0.5289598453,-0.5409647819,1.392395991,0.1599841032,1.356734153,-0.4079525754,-0.4276302272,1.656761302,0.8459508706,1.615359238,-0.5684892905,-0.5666070474,1.704174495,1.326918343,1.802173153
SPX_85_40_15M_R12,SPX_85_40,SPX,SP500_1X,15m/12m,0.85,0.4,15,12,0.176369055,655.4339678,0.2907388831,-0.5990080284,1.823875963,0.3664460441,0.4228672946,0.5771327054,2.401008669,0.4007405884,102.8818689,-0.04593830623,0.3019380961,1.248596851,0.2491444216,0.9995261412,40,0.4,1.473197173,-0.02482664157,0.1013441587,0.1456541332,0.1524086877,0.1707813019,0.00682943346,1.133499436,1.83708171,2.325180483,1985,0.04611828752,1.484631589,1.910157691,1.047306796,False,-0.3389615004,-0.4545342663,1.39307179,0.6564029905,1.206450456,-0.5502221896,-0.5517024784,1.443543422,0.04611828752,1.687352248,-0.5171863121,-0.5294913091,1.233382162,0.1599841032,1.01751453,-0.3849993201,-0.4276302272,1.624514829,0.7006101848,1.663907453,-0.5907767666,-0.5889917412,1.872821412,1.389661291,1.909676247
SPX_85_40_18M_R6,SPX_85_40,SPX,SP500_1X,18m/6m,0.85,0.4,18,6,0.1557405466,323.4202675,0.2721190099,-0.6213312663,1.715641151,0.3134320584,0.4072899131,0.5927100869,2.308351238,0.8114996914,197.7448616,-0.0463104605,0.5212216618,1.495880549,0.9992813142,0.4965776865,81,0.4,1.193784243,-0.04358508666,0.07662226885,0.1283661467,0.1319671413,0.1503240494,0.007759935,1.225894116,1.711688606,2.218158812,2020,0.204019078,1.523656063,1.331064338,0.7758407623,False,-0.3645416052,-0.4785697953,1.468964939,0.7933816977,1.283547839,-0.5987914305,-0.6213312663,1.342190814,0.8132148632,1.424573183,-0.5510378414,-0.5569979768,1.387578743,0.204019078,1.269935944,-0.2862770554,-0.3454357494,1.329726062,0.5601426235,1.414907151,-0.5375192016,-0.5344030606,1.614835742,1.058271626,1.708439539
SPX_85_40_18M_R12,SPX_85_40,SPX,SP500_1X,18m/12m,0.85,0.4,18,12,0.1716834557,558.8886809,0.2735740083,-0.569221687,1.722769893,0.35514341,0.4093399502,0.5906600498,2.313429943,0.4107591031,105.2653631,-0.04510116659,0.4062511048,1.491594464,0.4982888433,0.9951403149,41,0.4,1.448345592,-0.02556798963,0.09439407234,0.1428758428,0.1488312899,0.1659762074,0.007198677672,1.129739182,1.740792866,2.26501054,1874,0.1642633901,1.397413624,1.870291959,1.085630743,False,-0.3412164827,-0.4605872339,1.418179276,0.6994185083,1.210077587,-0.5515899584,-0.5643041921,1.281125324,0.2621403054,1.532180665,-0.4876045084,-0.5022823124,1.239129267,0.1642633901,1.037753363,-0.3603377231,-0.4057998812,1.52308224,0.6798967181,1.534632189,-0.5605891081,-0.5584332304,1.732015527,1.365635649,1.870080358
SPX_85_40_24M_R6,SPX_85_40,SPX,SP500_1X,24m/6m,0.85,0.4,24,6,0.1485866982,252.4084392,0.250657725,-0.5792015745,1.569901558,0.300919593,0.4086026539,0.5913973461,2.161298904,0.791462662,191.2078135,-0.03833390826,0.6340959416,2.000433204,1.49756928,0.5029221292,79,0.4,1.181769728,-0.03317911076,0.07486058745,0.1243347585,0.1259824972,0.1435096611,0.00696122233,1.112682252,1.551988952,2.080040345,1670,0.2750652946,1.377173112,1.208859111,0.7700222378,False,-0.3247671245,-0.4523818315,1.356765622,0.8405740426,1.153951263,-0.5517498312,-0.5792015745,1.211551664,0.7889600558,1.289432604,-0.5096305231,-0.5154825584,1.27116638,0.2750652946,1.147416563,-0.2598516239,-0.317364242,1.242385501,0.5997683857,1.288138634,-0.515976091,-0.5123561553,1.473581581,1.034426065,1.543779228
SPX_85_40_24M_R12,SPX_85_40,SPX,SP500_1X,24m/12m,0.85,0.4,24,12,0.1640112776,429.9439439,0.2565851511,-0.5407502168,1.601366839,0.3227185933,0.4265762745,0.5734237255,2.174790564,0.4007405884,102.2505475,-0.03553031149,0.505004941,2.004928131,0.9993155373,1.005844258,40,0.4,1.410005378,-0.00587827571,0.1006235118,0.1462590865,0.1474397035,0.1651205449,0.006741704925,1.110005489,1.584580194,2.146009377,1615,0.1110440925,1.293175746,1.585379444,0.9900164068,False,-0.4437393408,-0.5176845456,1.565081499,1.402306932,1.224135449,-0.4964787159,-0.5400361586,1.179008696,0.4034079931,1.238114838,-0.4647674556,-0.4719468445,1.227184775,0.1110440925,1.300260167,-0.2598516239,-0.317364242,1.242385501,0.5997683857,1.326732217,-0.5275240271,-0.524212854,1.328499138,1.028150896,1.570166462
SPX_85_40_30M_R12,SPX_85_40,SPX,SP500_1X,30m/12m,0.85,0.4,30,12,0.1581038552,350.9037035,0.2365366844,-0.5227517743,1.471769931,0.3222326345,0.4101194972,0.5898805028,2.061650433,0.4007405884,101.3819476,-0.03226409321,0.627833329,2.490759754,1.497604381,0.9950332579,40,0.4,1.378458503,-0.006670851059,0.08909668729,0.1341770755,0.1370054305,0.1527465905,0.006464324064,0.9765384961,1.467864412,2.013814423,1099,0.3007953291,1.167577296,1.534532924,1.042644568,False,-0.2861777849,-0.4250363574,1.247772981,0.8189103563,1.04613211,-0.4712966886,-0.4962254,1.051210979,0.5206224962,1.22578471,-0.418966235,-0.429407917,1.058354964,0.3007953291,0.9055157671,-0.2900071739,-0.3361832121,1.298443057,0.7126513717,1.284001027,-0.5140078072,-0.5109578941,1.428702965,1.231685462,1.534502912
SPX_85_40_30M_R18,SPX_85_40,SPX,SP500_1X,30m/18m,0.85,0.4,30,18,0.1729641673,583.8054437,0.2474097761,-0.5211238416,1.517412788,0.3360965865,0.4422302959,0.5577697041,2.075182492,0.2704998971,72.70125694,-0.02707260962,0.4824276784,2.489010571,0.9992102353,1.489706734,27,0.4,1.621378881,0.02480925587,0.1133252335,0.1600190407,0.1555409457,0.1748763097,0.006475068281,0.9994715811,1.498992182,2.079038987,1109,0.1556730824,1.224428432,1.683087393,1.109182291,False,-0.4365754697,-0.5130065428,1.544129385,1.372667979,1.188095414,-0.3981142881,-0.4582545378,0.9986739725,0.2213746523,1.09634671,-0.367620922,-0.3745206503,0.9966491645,0.06974934548,1.283798056,-0.3038522645,-0.3471138431,1.335478197,0.7427408019,1.326589622,-0.5129211418,-0.5119610295,1.644181064,1.469877125,1.681554329
SPX_85_45_15M_R6,SPX_85_45,SPX,SP500_1X,15m/6m,0.85,0.45,15,6,0.1763666589,655.3806663,0.3239628178,-0.6391261541,2.023063119,0.3645906213,0.4602259265,0.5397740735,2.562837192,0.9016663238,220.5128038,-0.05557424834,0.4934302205,1.24705681,0.7473292959,0.4997444095,80,0.45,1.220737262,-0.04865633053,0.09208888642,0.1479658278,0.1506302263,0.1711395683,0.009069162186,1.452047055,2.015692471,2.556111386,2527,0.1954124912,1.723976438,1.79236766,0.8859672461,False,-0.3970488555,-0.5130905315,1.677999704,0.7919392041,1.464906926,-0.6391261541,-0.6385172912,1.616602882,0.5441808532,1.792352043,-0.595433392,-0.6030561258,1.59977366,0.1954124912,1.501427934,-0.4604025395,-0.4693114977,1.885636754,1.012381726,1.763490084,-0.5949475023,-0.5941841011,1.943281089,1.563568595,2.001995848
SPX_85_45_15M_R12,SPX_85_45,SPX,SP500_1X,15m/12m,0.85,0.45,15,12,0.1852094687,883.7906779,0.3268618031,-0.6271266051,2.037888169,0.3973920079,0.4707016117,0.5292983883,2.567186557,0.4508331619,114.2689557,-0.0525078759,0.3428453189,1.248596851,0.2491444216,0.9995261412,40,0.45,1.473197173,-0.04470026956,0.09945024477,0.1498324426,0.157023908,0.17742448,0.007522668888,1.335933773,2.046944456,2.580285452,2606,0.05657307831,1.713470591,2.118694649,1.039652068,False,-0.3769116415,-0.4944390404,1.561515621,0.7919392041,1.402277714,-0.6225413851,-0.621365159,1.636575992,0.05657307831,1.878065977,-0.5872070316,-0.5949847642,1.441757032,0.1954124912,1.170903864,-0.4377179663,-0.4693114977,1.851069006,0.8428938366,1.855640939,-0.6196689575,-0.6189521487,2.144420015,1.65361465,2.118454051
SPX_85_45_18M_R6,SPX_85_45,SPX,SP500_1X,18m/6m,0.85,0.45,18,6,0.1642603585,433.6325434,0.3062485449,-0.681037305,1.925289713,0.3440038215,0.4564912149,0.5435087851,2.468798498,0.9129371528,222.3879888,-0.05226976296,0.5878148391,1.495880549,0.9992813142,0.4965776865,81,0.45,1.193784243,-0.06276253579,0.07433586714,0.1303719196,0.1382742661,0.1563380524,0.008585157501,1.384445644,1.920481573,2.480133194,2886,0.248752662,1.712860345,1.516270587,0.7875545049,False,-0.4051124973,-0.5205718167,1.662313022,0.9527478574,1.445111931,-0.6649932028,-0.6806778513,1.529157153,0.9654690692,1.611078679,-0.6151383866,-0.620942302,1.590552777,0.248752662,1.418309159,-0.3369632541,-0.3851568188,1.53326106,0.6742527691,1.587236223,-0.5649066502,-0.5630190028,1.822458869,1.260571474,1.902846448
SPX_85_45_18M_R12,SPX_85_45,SPX,SP500_1X,18m/12m,0.85,0.45,18,12,0.1807146721,759.3907501,0.307789659,-0.6314507682,1.930002398,0.3831250621,0.4572507718,0.5427492282,2.472751626,0.4621039909,117.1473223,-0.05136597328,0.4608650581,1.491594464,0.4982888433,0.9951403149,41,0.45,1.448345592,-0.04444632287,0.09234337579,0.1444500973,0.1530757428,0.1722690481,0.007919593972,1.31486673,1.931065556,2.515863762,2545,0.2005535738,1.606962017,1.707404905,0.8846646548,False,-0.3813269595,-0.5028420566,1.611276448,0.8420758939,1.392047783,-0.6243370112,-0.6304404516,1.470884892,0.3201902554,1.719469894,-0.5575809991,-0.5655770119,1.438493635,0.2005535738,1.170300021,-0.4126138199,-0.4469331274,1.739461542,0.8173920832,1.711665504,-0.5868283365,-0.5858119083,1.967868885,1.62075732,2.084138436
SPX_85_45_24M_R6,SPX_85_45,SPX,SP500_1X,24m/6m,0.85,0.45,24,6,0.1567202436,334.548806,0.2815094328,-0.6387580073,1.761405317,0.3311739992,0.4579636361,0.5420363639,2.303441681,0.8903954948,215.1385757,-0.04320931452,0.7142623888,2.000433204,1.49756928,0.5029221292,79,0.45,1.181769728,-0.05044736856,0.0730301409,0.126520322,0.1322380469,0.1492598487,0.00769085097,1.257805858,1.739197784,2.329901501,2270,0.3337934843,1.571819582,1.375558232,0.7809436128,False,-0.361631448,-0.4922774489,1.532838881,0.9992304771,1.298977116,-0.6185723594,-0.6387580073,1.377800792,0.931858384,1.457412845,-0.5731350469,-0.5789298088,1.455299947,0.3337934843,1.281749458,-0.3078245854,-0.354145959,1.430641945,0.7178190294,1.445026902,-0.5411225634,-0.5387545679,1.661915583,1.224729286,1.718115928
SPX_85_45_24M_R12,SPX_85_45,SPX,SP500_1X,24m/12m,0.85,0.45,24,12,0.1733727084,591.9792223,0.2863090266,-0.6052602357,1.789017235,0.3523649593,0.475427393,0.524572607,2.313589842,0.4508331619,114.0820302,-0.04007147485,0.5690858632,2.004928131,0.9993155373,1.005844258,40,0.45,1.410005378,-0.0213587817,0.1005616499,0.149860711,0.1519320284,0.1716273101,0.00741873125,1.259664968,1.753119042,2.409698928,2085,0.1358342957,1.505298336,1.608455489,0.8990721039,False,-0.4741767681,-0.5464223973,1.7040151,1.581344571,1.370541209,-0.5684352277,-0.6019818106,1.346605651,0.4881467112,1.397682514,-0.5292622755,-0.536317745,1.405872255,0.1358342957,1.437510183,-0.3078245854,-0.354145959,1.430641945,0.7178190294,1.492665516,-0.5538605229,-0.5515582605,1.531144119,1.221497049,1.750959311
SPX_85_45_30M_R12,SPX_85_45,SPX,SP500_1X,30m/12m,0.85,0.45,30,12,0.167197224,479.5196451,0.2650503129,-0.5601853814,1.648827179,0.348185934,0.4588035074,0.5411964926,2.190023672,0.4508331619,113.2663816,-0.03649118987,0.7084705145,2.490759754,1.497604381,0.9950332579,40,0.45,1.378458503,-0.02123792161,0.08842674285,0.1373380109,0.1438926463,0.1596667101,0.007116744561,1.119005592,1.635439813,2.240558369,1672,0.3634783947,1.329962633,1.362270427,0.8262057082,False,-0.3196589924,-0.4629669338,1.40922995,0.9538955346,1.192624307,-0.5432593879,-0.5601853814,1.204057804,0.6264466205,1.382512629,-0.4861290436,-0.4924930224,1.224733727,0.3634783947,1.026047276,-0.3370461703,-0.3717727908,1.481414815,0.8462379885,1.431494597,-0.5357044629,-0.5338495809,1.617062496,1.391676527,1.709929191
SPX_85_45_30M_R18,SPX_85_45,SPX,SP500_1X,30m/18m,0.85,0.45,30,18,0.1832406913,827.0316925,0.2745355009,-0.5416247285,1.688336385,0.3635653647,0.49081781,0.50918219,2.197518575,0.3043123843,80.53239184,-0.03049759083,0.5419413163,2.489010571,0.9992102353,1.489706734,27,0.45,1.621378881,0.01178263619,0.1141830127,0.165002345,0.1605100703,0.1831937381,0.007113138273,1.156553365,1.654384457,2.315243558,1408,0.08543172851,1.360674272,1.363375287,0.8075258578,False,-0.4667314173,-0.5416247285,1.680979878,1.54657684,1.326424456,-0.4725433162,-0.5218482565,1.149257803,0.2697821648,1.237034954,-0.4330152335,-0.4400609207,1.155002448,0.08543172851,1.409370031,-0.3510798803,-0.3828803271,1.520350881,0.8811185618,1.482027893,-0.5306905796,-0.5307674203,1.815076208,1.634001723,1.837015092
SPX_90_30_15M_R6,SPX_90_30,SPX,SP500_1X,15m/6m,0.9,0.3,15,6,0.155347003,319.0522829,0.2453890897,-0.5506668579,1.561026813,0.3585615191,0.3126077664,0.6873922336,2.248419047,0.6011108825,149.2072707,-0.05745165601,0.5294764223,1.24705681,0.7473292959,0.4997444095,80,0.3,1.240526712,-0.004219096156,0.09298487106,0.1392734948,0.1356358936,0.1554475043,0.009703758442,0.9850521039,1.552590161,2.112295639,1007,0.09103154252,1.207601816,1.560558635,0.9997000831,False,-0.2878928808,-0.4029345462,1.252385346,0.379637226,1.000487854,-0.4206567721,-0.4257962547,1.15504979,0.247886923,1.333655162,-0.4034694356,-0.4352946497,1.093104632,0.09103154252,1.123602118,-0.317539156,-0.3609833688,1.361564574,0.5389267609,1.428241311,-0.540697262,-0.53660035,1.311262814,0.8635359152,1.559632559
SPX_90_30_15M_R12,SPX_90_30,SPX,SP500_1X,15m/12m,0.9,0.3,15,12,0.1650123337,444.9565907,0.2509902327,-0.5673362594,1.612108395,0.4259569949,0.3253874352,0.6746125648,2.28672096,0.3005554413,80.40844157,-0.05373761138,0.3696555833,1.248596851,0.2491444216,0.9995261412,40,0.3,1.533521829,0.00318067609,0.1021815812,0.1407448241,0.1418915043,0.1640187598,0.008709142055,0.7725313769,1.645763012,2.252291705,1382,0.09103154252,1.218607202,1.690879345,1.048862068,False,-0.2722968511,-0.3880141151,1.194268795,0.379637226,0.8843371252,-0.4125812689,-0.4197726969,1.154288022,0.01087647476,1.441882705,-0.3765215696,-0.4097844662,0.8797709793,0.09103154252,0.7486358829,-0.2938845453,-0.3609833688,1.330561112,0.4308723133,1.425955583,-0.5577365165,-0.5537915921,1.370943168,0.7581050885,1.689597925
SPX_90_30_18M_R6,SPX_90_30,SPX,SP500_1X,18m/6m,0.9,0.3,18,6,0.1408831543,192.9369126,0.2294290923,-0.5133982449,1.461112598,0.3348822117,0.3079366867,0.6920633133,2.153175912,0.6086247686,149.1539383,-0.05183694262,0.6002647704,1.495880549,0.9992813142,0.4965776865,81,0.3,1.207576516,-0.01836959797,0.07235184238,0.1217864674,0.1191910856,0.1390713839,0.008507607054,0.9390621739,1.460354751,1.985622761,1242,0.1201906869,1.197598499,1.036481803,0.7093784588,True,-0.2901430199,-0.4055298428,1.209396892,0.4677461201,1.022695772,-0.475147113,-0.5133982449,1.048386911,0.5452237102,1.131630497,-0.4264004363,-0.4329019829,1.088843115,0.1201906869,1.018856845,-0.1914774064,-0.2736078889,1.025898842,0.359586849,1.153834662,-0.4967400517,-0.4910906281,1.288580163,0.6177822873,1.447712295
SPX_90_30_18M_R12,SPX_90_30,SPX,SP500_1X,18m/12m,0.9,0.3,18,12,0.158417714,354.7207193,0.2325240188,-0.5403772544,1.485597217,0.3962391171,0.3116095767,0.6883904233,2.17398764,0.3080693273,81.78865999,-0.05074273388,0.4685817879,1.491594464,0.4982888433,0.9951403149,41,0.3,1.49572797,0.002783983089,0.09382980667,0.1380117045,0.1373711207,0.1575430384,0.008633497448,0.8118155782,1.507199295,2.112257737,972,0.09550557662,1.121486596,1.594771468,1.07348846,False,-0.2663636408,-0.3857418409,1.152486431,0.4089350824,0.9176957023,-0.404431044,-0.4336768013,0.9662887197,0.1106705992,1.266004074,-0.3485128075,-0.3845682918,0.9281602261,0.09550557662,0.813249135,-0.2698816672,-0.3394441075,1.237428643,0.4258255634,1.284475296,-0.5303808542,-0.5259105068,1.325982369,0.7753717091,1.593874032
SPX_90_30_24M_R6,SPX_90_30,SPX,SP500_1X,24m/6m,0.9,0.3,24,6,0.1346045653,154.7842806,0.2098252004,-0.4874880327,1.31251034,0.303420472,0.3092453753,0.6907546247,2.003264965,0.5935969965,144.1592824,-0.04082503376,0.6832105978,2.000433204,1.49756928,0.5029221292,79,0.3,1.193720684,-0.008138644586,0.07209922666,0.1175407123,0.1140586238,0.1332972459,0.00712109364,0.851563527,1.304030322,1.801065505,882,0.1733739876,1.079876856,1.290361741,0.9831250098,False,-0.2542935382,-0.3822567687,1.105273675,0.5320864498,0.9105877158,-0.4227413025,-0.4692357327,0.9426495335,0.5434829075,1.015170683,-0.3827003554,-0.3888073211,0.9907857668,0.1733739876,0.9119072217,-0.1689840079,-0.2492373564,0.9541143843,0.4018700307,1.038274363,-0.477912692,-0.4717096852,1.166181222,0.6441737595,1.29125297
SPX_90_30_24M_R12,SPX_90_30,SPX,SP500_1X,24m/12m,0.9,0.3,24,12,0.1485208798,251.8315929,0.2195031009,-0.5074290194,1.360705437,0.3381318877,0.3276781267,0.6723218733,2.03302731,0.3005554413,78.79162026,-0.03893256697,0.5564747813,2.004928131,0.9993155373,1.005844258,40,0.3,1.444556882,0.01606458177,0.09558222144,0.1383254492,0.1350004131,0.1531679234,0.007174864914,0.8360308966,1.365848337,1.910829967,904,0.1686799514,1.018334859,1.311696287,0.9639825425,False,-0.4017050595,-0.4870942647,1.414179266,1.143129983,0.9822381332,-0.3578392355,-0.42184855,0.9044787884,0.2368277212,0.9768418799,-0.3381820209,-0.3460792695,0.955601823,0.0616285729,1.062877339,-0.1689840079,-0.2492373564,0.9541143843,0.4018700307,1.087301054,-0.4859716182,-0.4810317868,0.9461293902,0.6157210477,1.291186566
SPX_90_30_30M_R12,SPX_90_30,SPX,SP500_1X,30m/12m,0.9,0.3,30,12,0.1435732921,211.9596373,0.1984268131,-0.4960308481,1.225079169,0.325167656,0.3118843777,0.6881156223,1.913194792,0.3005554413,78.03947382,-0.03351225563,0.6517870971,2.490759754,1.497604381,0.9950332579,40,0.3,1.408431805,0.01694755219,0.08721137436,0.1271141294,0.1244136605,0.1430964892,0.006574786055,0.731840867,1.212153342,1.763404698,447,0.313391392,1.119865555,1.266961934,1.034187803,False,-0.2205360189,-0.3583804459,1.009016747,0.5513683867,0.8105257297,-0.3251897115,-0.3726692846,0.7923793114,0.313391392,0.9717614272,-0.2838473998,-0.3177702166,0.7978689173,0.1983001492,0.6986004945,-0.2035510414,-0.2726958171,1.029475373,0.4935837332,1.049476632,-0.4858798647,-0.4804057025,1.099414628,0.8170962034,1.267809198
SPX_90_30_30M_R18,SPX_90_30,SPX,SP500_1X,30m/18m,0.9,0.3,30,18,0.1572455419,340.6686091,0.2131314893,-0.5052727087,1.289024749,0.3436812945,0.3429172713,0.6570827287,1.946107478,0.2028749229,57.29810976,-0.02975969903,0.5212526579,2.489010571,0.9992102353,1.489706734,27,0.3,1.678002177,0.04580438871,0.109278802,0.1512410427,0.14407375,0.1640841197,0.006823519312,0.7326650758,1.28945643,1.872452551,561,0.1539818267,1.234047795,1.482869046,1.150380585,False,-0.393720857,-0.4814371438,1.392088793,1.119563782,0.9578815984,-0.2520050728,-0.3343402259,0.7423490907,0.1202470056,0.8574173993,-0.2369254735,-0.2735887295,0.7400402299,0.03781711319,1.061293246,-0.2176573244,-0.2840390102,1.067070692,0.5149730211,1.104193636,-0.4958247154,-0.4927278626,1.384160008,1.184714809,1.480376438
SPX_90_35_15M_R6,SPX_90_35,SPX,SP500_1X,15m/6m,0.9,0.35,15,6,0.1660952554,461.7724533,0.282565982,-0.5819200376,1.812470425,0.4073195881,0.3620280583,0.6379719417,2.450442367,0.7012960296,173.3921682,-0.06716472166,0.6188706762,1.24705681,0.7473292959,0.4997444095,80,0.35,1.240526712,-0.02262378704,0.09237183685,0.1455320802,0.1440615964,0.1647285776,0.01109924683,1.166417584,1.805703383,2.448046551,1539,0.1140431237,1.439831479,1.79429312,0.9899709784,False,-0.3318403021,-0.4491876995,1.462487995,0.4721812347,1.18263924,-0.5149877654,-0.5161042926,1.350712747,0.3093054869,1.545409268,-0.4839977943,-0.5065588566,1.3003246,0.1140431237,1.285828668,-0.377993991,-0.4088300422,1.602415272,0.6660706149,1.607251501,-0.5727757373,-0.5701191252,1.552667804,1.056157342,1.793514679
SPX_90_35_15M_R12,SPX_90_35,SPX,SP500_1X,15m/12m,0.9,0.35,15,12,0.1770989954,671.869501,0.2884795082,-0.6014842865,1.862600298,0.4769873588,0.3743834546,0.6256165454,2.488216843,0.3506480148,92.23831301,-0.06325583572,0.4333819314,1.248596851,0.2491444216,0.9995261412,40,0.35,1.533521829,-0.01548201626,0.1029762867,0.1477848417,0.1517032581,0.1735588909,0.009922643573,0.9429800648,1.871364435,2.55641439,1781,0.01366381515,1.42123079,1.940634603,1.041895358,False,-0.3122797994,-0.4307125376,1.373692615,0.4721812347,1.063575623,-0.5031945667,-0.502961355,1.352140722,0.01366381515,1.662356741,-0.4592053073,-0.4828503665,1.063530068,0.1140431237,0.8896787678,-0.3533362363,-0.4088300422,1.567084854,0.5345937689,1.644929322,-0.5927678981,-0.5902356034,1.632569762,0.937061367,1.939427048
SPX_90_35_18M_R6,SPX_90_35,SPX,SP500_1X,18m/6m,0.9,0.35,18,6,0.1513934598,278.2431931,0.2638986649,-0.5910795763,1.698618458,0.379860196,0.3575246855,0.6424753145,2.341093772,0.71006223,173.88084,-0.06055845199,0.7010145468,1.495880549,0.9992813142,0.4965776865,81,0.35,1.207576516,-0.03792303183,0.07052343215,0.1261402517,0.1273581275,0.1462938981,0.009763876492,1.114336911,1.694747493,2.306100176,1887,0.1503885001,1.472805577,1.223832058,0.72048673,True,-0.3346747886,-0.4524750509,1.415561005,0.5800330927,1.19418872,-0.5627550484,-0.5910795763,1.238690083,0.6691940555,1.326988077,-0.5058526737,-0.5124804245,1.29405142,0.1503885001,1.179324228,-0.2444909197,-0.315685234,1.224060158,0.4459166734,1.340267616,-0.5266740289,-0.5225498645,1.505723492,0.7625194418,1.670580883
SPX_90_35_18M_R12,SPX_90_35,SPX,SP500_1X,18m/12m,0.9,0.35,18,12,0.170328548,533.6573701,0.2669904274,-0.5711799988,1.722075571,0.4423947138,0.360103942,0.639896058,2.361971629,0.3594142152,94.12226828,-0.05962760525,0.5495098578,1.491594464,0.4982888433,0.9951403149,41,0.35,1.49572797,-0.014410255,0.09395828254,0.1446444614,0.1471047753,0.1663488259,0.009843561561,0.9824640375,1.746068822,2.423169035,1628,0.1196079613,1.291670706,1.841867965,1.069562798,False,-0.3093336148,-0.4319074498,1.354959934,0.5079080309,1.093319953,-0.4958003131,-0.5146049907,1.148717729,0.1387670947,1.472762782,-0.4298392101,-0.4560995731,1.114876892,0.1196079613,0.9468185012,-0.3280371124,-0.3859927909,1.461036403,0.5279396455,1.482372842,-0.5620144723,-0.5590038431,1.563698069,0.9561538653,1.841056663
SPX_90_35_24M_R6,SPX_90_35,SPX,SP500_1X,24m/6m,0.9,0.35,24,6,0.1445628717,219.4074614,0.240273933,-0.5434605749,1.525694228,0.3450137336,0.3590702789,0.6409297211,2.166623949,0.6925298293,168.1611611,-0.04764633656,0.7971591964,2.000433204,1.49756928,0.5029221292,79,0.35,1.193720684,-0.02546911514,0.07085696198,0.1222689019,0.1220439581,0.1403635787,0.008158088564,1.009163699,1.51410017,2.09599331,1517,0.2161674524,1.287220501,1.10383495,0.7234968383,True,-0.2942120857,-0.4266138359,1.292383618,0.6560695593,1.063046741,-0.5093239015,-0.5434605749,1.111595512,0.6639060791,1.189722693,-0.4598533201,-0.4661921238,1.175817673,0.2161674524,1.055803694,-0.2188346677,-0.2878308244,1.137284284,0.495953281,1.206290426,-0.5052004069,-0.5005161593,1.362221215,0.7907385661,1.488625335
SPX_90_35_24M_R12,SPX_90_35,SPX,SP500_1X,24m/12m,0.9,0.35,24,12,0.1600685215,375.4731928,0.2497688678,-0.5327067829,1.573129824,0.3801491136,0.377823588,0.622176412,2.195306236,0.3506480148,90.95667925,-0.04538296419,0.6487831213,2.004928131,0.9993155373,1.005844258,40,0.35,1.444556882,0.00164298857,0.09702468052,0.145121135,0.1441775266,0.1620451567,0.008169916567,0.9895518542,1.564089746,2.198462209,1437,0.07727992506,1.183399114,1.509955481,0.9598416211,False,-0.4404445414,-0.5245643722,1.583466974,1.33518491,1.140706093,-0.4468128195,-0.4973259143,1.070430058,0.2949632103,1.141327727,-0.4136284766,-0.4217506069,1.133413796,0.07727992506,1.216319792,-0.2188346677,-0.2878308244,1.137284284,0.495953281,1.265485779,-0.5144849644,-0.5106890237,1.131971451,0.7582006254,1.488328656
SPX_90_35_30M_R12,SPX_90_35,SPX,SP500_1X,30m/12m,0.9,0.35,30,12,0.1547458003,312.4902991,0.2260938141,-0.5207539018,1.42094235,0.3637905092,0.3612131028,0.6387868972,2.059729247,0.3506480148,90.24305428,-0.03918106289,0.761160341,2.490759754,1.497604381,0.9950332579,40,0.35,1.408431805,0.003656367599,0.08800817988,0.1345064165,0.1337787612,0.1517122661,0.007499903442,0.8742100183,1.404240662,2.03176461,863,0.2463904863,1.0959592,1.464045247,1.030334023,False,-0.2561733755,-0.4001430596,1.179660195,0.6767420911,0.9573518304,-0.4129210931,-0.4462780256,0.9403138162,0.3888554109,1.136297027,-0.3596044051,-0.383172063,0.9556318738,0.2463904863,0.8189974495,-0.2546172208,-0.3117202132,1.215585884,0.6052439417,1.210954003,-0.5114720138,-0.5074397578,1.291618362,0.9927326807,1.463671597
SPX_90_35_30M_R18,SPX_90_35,SPX,SP500_1X,30m/18m,0.9,0.35,30,18,0.1700693544,528.9588105,0.2411605943,-0.5275256015,1.483516126,0.3829362217,0.3935736548,0.6064263452,2.089942471,0.23668741,65.60159886,-0.03459748853,0.6056762694,2.489010571,0.9992102353,1.489706734,27,0.35,1.678002177,0.03520513942,0.112420866,0.1610999976,0.1546027181,0.1746915399,0.007750758414,0.8747802158,1.475127991,2.132771528,983,0.1504708655,1.181540872,1.672049436,1.127085448,False,-0.4320149808,-0.5186819897,1.55869779,1.306292757,1.10857511,-0.3383118538,-0.4070178529,0.8846253792,0.1504708655,1.001041616,-0.3084524123,-0.3157371909,0.8874460777,0.04745910651,1.205242681,-0.2695472772,-0.3237553337,1.257132862,0.6310385725,1.275341007,-0.5188760889,-0.5171375804,1.583871225,1.382080433,1.669714734
SPX_90_40_15M_R6,SPX_90_40,SPX,SP500_1X,15m/6m,0.9,0.4,15,6,0.1751745037,629.3790992,0.3213949078,-0.6116232312,2.062642113,0.4547978228,0.4109632489,0.5890367511,2.651678864,0.8014811767,197.3139481,-0.07697181399,0.7090112407,1.24705681,0.7473292959,0.4997444095,80,0.4,1.240526712,-0.04253898695,0.08975816387,0.1498239236,0.1495934677,0.1711012909,0.01242143228,1.346405221,2.051149148,2.774311169,2338,0.14072278,1.680579014,2.02195748,0.9802754764,False,-0.374271883,-0.4936652691,1.675143665,0.5778229866,1.370189103,-0.5985550598,-0.5982031402,1.548878829,0.3799011281,1.754711631,-0.55728766,-0.5722822541,1.517167547,0.14072278,1.443059044,-0.4347595296,-0.4541469698,1.849716132,0.809261657,1.775396928,-0.6032762126,-0.6018506194,1.802218652,1.268346606,2.021412618
SPX_90_40_15M_R12,SPX_90_40,SPX,SP500_1X,15m/12m,0.9,0.4,15,12,0.1874887137,954.2515336,0.327565258,-0.6340885113,2.110294157,0.5250616691,0.4224252774,0.5775747226,2.687868879,0.4007405884,103.698164,-0.07305424884,0.4982413127,1.248596851,0.2491444216,0.9995261412,40,0.4,1.533521829,-0.03571715331,0.1017751381,0.1532120318,0.1598189119,0.1809989341,0.01107177368,1.12898057,2.103721935,2.870947472,2463,0.01691493935,1.632619272,2.183298286,1.034594291,False,-0.3511530808,-0.4721785754,1.553928657,0.5778229866,1.255209598,-0.5837550389,-0.5822329661,1.553981551,0.01691493935,1.878333944,-0.535760757,-0.5514844637,1.262132698,0.14072278,1.03781505,-0.4097677816,-0.4541469698,1.81049516,0.6523758267,1.860226,-0.626224318,-0.6248811869,1.906698812,1.138651693,2.182244232
SPX_90_40_18M_R6,SPX_90_40,SPX,SP500_1X,18m/6m,0.9,0.4,18,6,0.1608575853,385.8061565,0.3002142217,-0.6586727775,1.935202549,0.4229730036,0.406787235,0.593212765,2.528415314,0.8114996914,198.5195748,-0.06933929401,0.8023194417,1.495880549,0.9992813142,0.4965776865,81,0.4,1.207576516,-0.05835579534,0.06765953512,0.1290562145,0.134384026,0.1531331679,0.01096655633,1.28794714,1.917486225,2.621690802,2878,0.1853072168,1.667340846,1.416410658,0.7319185574,True,-0.3775593522,-0.4974864654,1.62454075,0.7073960278,1.366189028,-0.6382686406,-0.6585661118,1.434407903,0.8067744218,1.524866156,-0.5772332392,-0.5837798154,1.50764797,0.1853072168,1.337582896,-0.2967916533,-0.3571098647,1.432607134,0.5438409102,1.525897576,-0.5563277658,-0.5535637291,1.725133118,0.9250663553,1.888898867
SPX_90_40_18M_R12,SPX_90_40,SPX,SP500_1X,18m/12m,0.9,0.4,18,12,0.180844882,762.7415875,0.3033136777,-0.6007162652,1.957164251,0.4849949593,0.4080200164,0.5919799836,2.549144234,0.4107591031,106.1571304,-0.06871983474,0.631806541,1.491594464,0.4982888433,0.9951403149,41,0.4,1.49572797,-0.03318585879,0.09253734129,0.1489728533,0.1550749621,0.1742479762,0.01099159709,1.165544562,1.976738943,2.733144278,2323,0.1475320432,1.513082877,2.084616085,1.065120663,False,-0.3511861907,-0.4766711494,1.561781167,0.6205499836,1.277394517,-0.5772831631,-0.5878949217,1.339414124,0.1714033629,1.678629283,-0.5057955098,-0.5235869365,1.314141683,0.1475320432,1.081686753,-0.3836935497,-0.430447506,1.692065633,0.6437126212,1.677333665,-0.592356607,-0.590605745,1.807984989,1.158787015,2.083960329
SPX_90_40_24M_R6,SPX_90_40,SPX,SP500_1X,24m/6m,0.9,0.4,24,6,0.1536591524,300.9620534,0.272583064,-0.6108324142,1.73793793,0.3851151101,0.4085654989,0.5914345011,2.329372431,0.791462662,192.1283958,-0.05449579686,0.9114655225,2.000433204,1.49756928,0.5029221292,79,0.4,1.193720684,-0.04352074422,0.06878219316,0.1256082023,0.1291113514,0.1471196343,0.009147533745,1.163423384,1.714947022,2.384014351,2050,0.265275396,1.535892201,1.276033704,0.7342228292,True,-0.3327933655,-0.4693150466,1.481300026,0.7950043818,1.215837815,-0.5851456132,-0.6108324142,1.284591434,0.7962247418,1.366224608,-0.5299997368,-0.5363793759,1.367807502,0.265275396,1.197743612,-0.2681257802,-0.3259211841,1.329487513,0.601582229,1.373500131,-0.5323442462,-0.5290336684,1.559943872,0.9534354471,1.681576197
SPX_90_40_24M_R12,SPX_90_40,SPX,SP500_1X,24m/12m,0.9,0.4,24,12,0.1705758423,538.1781422,0.2813253544,-0.5694170252,1.782971358,0.4202597925,0.4270990222,0.5729009778,2.355872336,0.4007405884,102.9043847,-0.05186815533,0.7414746482,2.004928131,0.9993155373,1.005844258,40,0.4,1.444556882,-0.01392206617,0.0972783642,0.1503509627,0.1493255886,0.1705916157,0.009110836087,1.148128551,1.759712777,2.479565673,2008,0.09546293612,1.400636359,1.554506943,0.8718631041,False,-0.4745459128,-0.5574688873,1.741461756,1.527681945,1.297765194,-0.5269786226,-0.566061564,1.241957785,0.3615218821,1.307417243,-0.483464752,-0.4915755704,1.318215594,0.09546293612,1.364674458,-0.2681257802,-0.3259211841,1.329487513,0.601582229,1.443362274,-0.542821689,-0.5400226809,1.328230314,0.9174209639,1.682632976
SPX_90_40_30M_R12,SPX_90_40,SPX,SP500_1X,30m/12m,0.9,0.4,30,12,0.1650468202,445.4827802,0.2556268805,-0.5446531915,1.615498209,0.3993444509,0.41007659,0.58992341,2.205421619,0.4007405884,102.2785506,-0.04490801053,0.8712541818,2.490759754,1.497604381,0.9950332579,40,0.4,1.408431805,-0.01068487678,0.0878334923,0.1394332898,0.1421995925,0.1590431906,0.008379231496,1.017483412,1.597588554,2.291599837,1336,0.3011683935,1.240300172,1.656078645,1.025119456,False,-0.2907844555,-0.4405554194,1.351654438,0.8158825782,1.10803491,-0.4927189371,-0.516444389,1.094070342,0.4745602848,1.301739871,-0.4313944095,-0.4453772173,1.122713699,0.3011683935,0.9415719012,-0.3040412128,-0.3494259613,1.407315677,0.7289176303,1.369622898,-0.5361422355,-0.5334194643,1.487135567,1.183535128,1.655860273
SPX_90_40_30M_R18,SPX_90_40,SPX,SP500_1X,30m/18m,0.9,0.4,30,18,0.1818593736,789.3469842,0.2701446152,-0.5514288309,1.674178002,0.419738157,0.4429571525,0.5570428475,2.231220849,0.2704998971,73.64630902,-0.03944628584,0.6899656554,2.489010571,0.9992102353,1.489706734,27,0.4,1.678002177,0.02311435723,0.114243303,0.1682017878,0.160750583,0.1844721318,0.008628861105,1.021550756,1.652248194,2.380175295,1306,0.1155756136,1.305007927,1.30070219,0.7769198908,False,-0.4657655557,-0.5514288309,1.714096506,1.493060338,1.256935113,-0.4188981855,-0.4755218836,1.033830743,0.1854256601,1.145770701,-0.3771228584,-0.3847248129,1.044063981,0.05868007607,1.342288783,-0.3194684938,-0.3619000169,1.45212631,0.7594057551,1.443667708,-0.5403349956,-0.5397499889,1.776437686,1.579421258,1.84743008
SPX_90_45_15M_R6,SPX_90_45,SPX,SP500_1X,15m/6m,0.9,0.45,15,6,0.1825129604,806.9644762,0.3617324515,-0.6719252963,2.311965713,0.501578309,0.4595018856,0.5404981144,2.852463828,0.9016663238,220.9328221,-0.08689791063,0.8000852729,1.24705681,0.7473292959,0.4997444095,80,0.45,1.240526712,-0.06404198261,0.0852489665,0.1516642369,0.1511347417,0.1763665516,0.0136642712,1.531715803,2.296026144,3.082313097,3205,0.1720235095,1.969845533,1.961821364,0.8485512361,False,-0.4153197739,-0.5365329884,1.891317003,0.6995548173,1.563633508,-0.6719252963,-0.6706042359,1.750282359,0.4618967583,1.961747718,-0.6236877179,-0.6320423528,1.744976511,0.1720235095,1.595876362,-0.4881099325,-0.4971296132,2.104708297,0.9717425628,1.93397919,-0.6322627423,-0.6318795767,2.060704685,1.503245022,2.243744982
SPX_90_45_15M_R12,SPX_90_45,SPX,SP500_1X,15m/12m,0.9,0.45,15,12,0.1961105594,1273.807983,0.3681872142,-0.6652060836,2.355991075,0.5709523125,0.4696721006,0.5303278994,2.886318975,0.4508331619,114.7994382,-0.08319491209,0.56449801,1.248596851,0.2491444216,0.9995261412,40,0.45,1.533521829,-0.05764226447,0.09868664789,0.1554259666,0.1624020656,0.1868573602,0.012154848,1.329396847,2.346139622,3.178531607,3145,0.02075610431,1.921025748,2.419437082,1.026929646,False,-0.3891251326,-0.5126470772,1.736591313,0.6995548173,1.461023216,-0.6550350029,-0.6536612425,1.761025012,0.02075610431,2.09016897,-0.6062497376,-0.6149915189,1.478005213,0.1720235095,1.19449284,-0.4634036155,-0.4971296132,2.062157059,0.7872854769,2.072394288,-0.6581599928,-0.657803811,2.194939745,1.367460019,2.418616362
SPX_90_45_18M_R6,SPX_90_45,SPX,SP500_1X,18m/6m,0.9,0.45,18,6,0.169225125,513.9328784,0.3381716331,-0.717844334,2.171162473,0.4646816211,0.4557852986,0.5442147014,2.715377175,0.9129371528,223.0460465,-0.07819541632,0.9043341474,1.495880549,0.9992813142,0.4965776865,81,0.45,1.207576516,-0.07969091856,0.06371812311,0.130873443,0.1376347316,0.1594904845,0.01211151551,1.459422021,2.138381205,2.932086818,3542,0.2261477551,1.914120416,1.614728689,0.7437161928,True,-0.4188864448,-0.5406811618,1.837046223,0.8530896296,1.538791682,-0.7030118226,-0.7169024468,1.636004266,0.9603362356,1.72553888,-0.6410765272,-0.6473764951,1.730458463,0.2261477551,1.493787042,-0.3483938864,-0.3978968518,1.652957987,0.655863459,1.711074106,-0.5857040834,-0.5841399533,1.947495103,1.108925739,2.102886768
SPX_90_45_18M_R12,SPX_90_45,SPX,SP500_1X,18m/12m,0.9,0.45,18,12,0.1899168778,1035.339175,0.3413777484,-0.6557961295,2.191488384,0.5246617718,0.4554854487,0.5445145513,2.736002936,0.4621039909,117.9030207,-0.07806185535,0.7157440875,1.491594464,0.4982888433,0.9951403149,41,0.45,1.49572797,-0.05366417943,0.08947167827,0.1512142114,0.1575135605,0.1812431568,0.01207563462,1.358610513,2.203830029,3.031154209,2954,0.180265048,1.775838756,1.875045173,0.8556035188,False,-0.3919643948,-0.5200958424,1.773642296,0.7499026947,1.470926924,-0.6495534944,-0.6543509601,1.539539959,0.2097763982,1.883719961,-0.5763750213,-0.5868660096,1.52785276,0.180265048,1.218846211,-0.437008669,-0.4729464388,1.931800372,0.7760814598,1.869897137,-0.621445788,-0.6207717991,2.059765674,1.387487647,2.32287774
SPX_90_45_24M_R6,SPX_90_45,SPX,SP500_1X,24m/6m,0.9,0.45,24,6,0.1618627398,399.37107,0.3064971015,-0.6702314759,1.94947615,0.4241017093,0.4577867801,0.5422132199,2.49168937,0.8903954948,216.0467029,-0.06138329709,1.026269676,2.000433204,1.49756928,0.5029221292,79,0.45,1.193720684,-0.06230956753,0.06584592142,0.128323724,0.1344586092,0.1532796777,0.01008645795,1.31572302,1.914030836,2.670589037,2927,0.3222067654,1.699036789,1.452795577,0.7452235703,True,-0.3701034681,-0.510451422,1.672463596,0.9517691124,1.369018924,-0.6512760153,-0.6700170577,1.461950366,0.9422930409,1.544866172,-0.593551444,-0.5998140484,1.567400937,0.3222067654,1.337845289,-0.3168667139,-0.3635182097,1.531849161,0.7210211007,1.540151589,-0.5593455426,-0.557266916,1.759859631,1.135082952,1.870315547
SPX_90_45_24M_R12,SPX_90_45,SPX,SP500_1X,24m/12m,0.9,0.45,24,12,0.1800112741,741.536103,0.313998112,-0.6370992815,1.990717675,0.4590862413,0.4756257333,0.5243742667,2.515091942,0.4508331619,114.6485314,-0.05840800168,0.8347675159,2.004928131,0.9993155373,1.005844258,40,0.45,1.444556882,-0.03070332312,0.09629203952,0.1540798253,0.1535311984,0.1773118649,0.009996765246,1.30654356,1.947511032,2.77369533,2448,0.1168459131,1.667648313,1.732115995,0.8700962556,False,-0.5047950787,-0.5865943425,1.889708644,1.720622618,1.453445863,-0.5988863175,-0.6283802436,1.419706911,0.4384773516,1.475695229,-0.5479906188,-0.5558956943,1.510908284,0.1168459131,1.508404117,-0.3168667139,-0.3635182097,1.531849161,0.7210211007,1.621157928,-0.5709834281,-0.5690380256,1.536141623,1.09651667,1.874943522
SPX_90_45_30M_R12,SPX_90_45,SPX,SP500_1X,30m/12m,0.9,0.45,30,12,0.1744622035,614.3263671,0.2867791353,-0.5814134426,1.809112258,0.432242916,0.4585699273,0.5414300727,2.350542331,0.4508331619,114.1600449,-0.05070800074,0.9822863686,2.490759754,1.497604381,0.9950332579,40,0.45,1.408431805,-0.02613970931,0.08664441662,0.1427937119,0.1476829795,0.1661917476,0.009211834676,1.167260071,1.782484138,2.546623431,2052,0.3641331013,1.451172741,1.447613143,0.8001787267,False,-0.3244129614,-0.4796819676,1.525283268,0.9711890859,1.262798768,-0.5650174855,-0.5812101553,1.254303791,0.5727423605,1.46816199,-0.499177742,-0.5060602835,1.300297705,0.3641331013,1.066862157,-0.351900978,-0.3858787874,1.605394911,0.8666538143,1.525806019,-0.5599207693,-0.5583590136,1.686318077,1.391556523,1.844594572
SPX_90_45_30M_R18,SPX_90_45,SPX,SP500_1X,30m/18m,0.9,0.45,30,18,0.1925943702,1132.545605,0.2998994931,-0.5804460926,1.861596067,0.4547728257,0.4912298162,0.5087701838,2.370366251,0.3043123843,81.45383969,-0.04432506093,0.7743463138,2.489010571,0.9992102353,1.489706734,27,0.45,1.678002177,0.009431649569,0.1146922478,0.1742729738,0.165852558,0.1932218298,0.009459020247,1.18899275,1.826083723,2.648014245,1690,0.07190247278,1.469419058,1.450011596,0.7789077458,False,-0.4957359262,-0.5804460926,1.85980212,1.679866538,1.403035455,-0.4939028383,-0.5398826744,1.190836402,0.226316506,1.292106599,-0.4429300189,-0.4506577728,1.211175655,0.07190247278,1.473095174,-0.3675309309,-0.3985645386,1.652753694,0.9021397622,1.60945338,-0.560362828,-0.5607585464,1.962352177,1.750154058,2.014700658
