variant,horizon_years,paths,block_days,cell,family,regime,underlying,moneyness,premium_budget,maturity_months,roll_months,mean_cagr,median_max_drawdown,worst_max_drawdown,prob_negative_cagr,prob_below_index,prob_below_canonical,cagr_p5,cagr_p10,cagr_p50,cagr_p90,cagr_p95,terminal_wealth_p5,terminal_wealth_p50,terminal_wealth_p95,prob_drawdown_worse_than_50,prob_drawdown_worse_than_60,prob_drawdown_worse_than_75,mean_delta_exposure,min_exposure_after_loss,underexposed_recovery,delta_p5,delta_p50,delta_p95,mean_option_weight,recovery_exposure_ratio
SP500_1X,10,5000,63,SP500_1X,SPX,index,SP500_1X,,,,,0.113506341,-0.3373955664,-0.7886772753,0.019,0,0,0.02533961104,0.04450340786,0.1147929562,0.1806745764,0.1987788526,1.284288183,2.963995598,6.127495657,0.0626,0.0114,0.0004,,,,,,,,
NASDAQ100_1X,10,5000,63,NASDAQ100_1X,NDX,index,NASDAQ100_1X,,,,,0.1532811293,-0.4569898411,-0.9345217988,0.0378,0,0,0.01231376078,0.04176517321,0.1529715588,0.2665757691,0.2982594051,1.130170931,4.150509139,13.59751687,0.3474,0.134,0.017,,,,,,,,
NDX_80_20_15M_R6,10,5000,63,NDX_80_20,NDX,15m/6m,NASDAQ100_1X,0.8,0.2,15,6,0.1307468701,-0.3042794436,-0.7372976675,0.0174,0.6822,0.3688,0.02805388696,0.04815150398,0.1303600377,0.2140880455,0.2391228485,1.31868897,3.404827411,8.531319177,0.0328,0.005,0,0.6681860565,0.3384422695,0.07178502879,0.4589692589,0.6797711967,0.8373993193,0.2105470689,0.9677002548
NDX_80_20_15M_R12,10,5000,63,NDX_80_20,NDX,15m/12m,NASDAQ100_1X,0.8,0.2,15,12,0.1367857857,-0.3164934203,-0.7373644873,0.0158,0.6532,0.2414,0.03085060162,0.04994548942,0.1359092387,0.2241400951,0.250274229,1.354999776,3.575695741,9.330824477,0.0434,0.0054,0,0.6891966482,0.2863431349,0.1508986097,0.4068175334,0.7117921849,0.8805650364,0.2220461383,0.9655380164
NDX_80_20_24M_R12,10,5000,63,NDX_80_20,NDX,24m/12m,NASDAQ100_1X,0.8,0.2,24,12,0.1275008794,-0.2842832403,-0.7033067279,0.0132,0.7,0,0.03297789255,0.05111007478,0.1274206993,0.206101676,0.2282328979,1.383219111,3.317330835,7.810612486,0.0188,0.0024,0,0.5956662956,0.3191587637,0.1533364884,0.3624659327,0.6039440402,0.7892664335,0.2202038482,0.958410047
NDX_80_25_15M_R6,10,5000,63,NDX_80_25,NDX,15m/6m,NASDAQ100_1X,0.8,0.25,15,6,0.1452074743,-0.3532058195,-0.7857925233,0.024,0.5914,0.3728,0.02484417518,0.04764447266,0.1435575245,0.24491166,0.2751764872,1.278096924,3.823846128,11.36471235,0.0924,0.0172,0.0014,0.8302512161,0.3728519993,0.06144067797,0.5883139932,0.8466416045,1.017601715,0.2610033223,0.9614929141
NDX_80_25_15M_R12,10,5000,63,NDX_80_25,NDX,15m/12m,NASDAQ100_1X,0.8,0.25,15,12,0.1519085464,-0.3686161101,-0.7930322621,0.0224,0.5338,0.253,0.02709856846,0.04975144643,0.1497212552,0.2567764456,0.2885964322,1.306487869,4.034991834,12.61881382,0.1136,0.0224,0.0008,0.8514502211,0.3167733431,0.1329761325,0.5281305348,0.8830892808,1.057425221,0.2730586048,0.9643252722
NDX_80_25_24M_R12,10,5000,63,NDX_80_25,NDX,24m/12m,NASDAQ100_1X,0.8,0.25,24,12,0.1413934151,-0.3257253919,-0.7494812178,0.0174,0.6312,0,0.03211320834,0.05204080721,0.139763233,0.2336070432,0.2598594339,1.371685563,3.698866533,10.07126715,0.0454,0.008,0,0.7361396342,0.3691977077,0.1498902477,0.4665852933,0.7513463025,0.9473669739,0.2715368308,0.9480001073
NDX_80_30_15M_R6,10,5000,63,NDX_80_30,NDX,15m/6m,NASDAQ100_1X,0.8,0.3,15,6,0.1582845724,-0.4041911953,-0.857567374,0.0324,0.4444,0.3816,0.01934928395,0.04417636007,0.1556914298,0.276108856,0.3100926492,1.211208275,4.249451743,14.88879516,0.1948,0.0566,0.003,0.9910695424,0.4054015274,0.0565008726,0.7242775681,1.011999388,1.192098662,0.310878706,0.955886071
NDX_80_30_15M_R12,10,5000,63,NDX_80_30,NDX,15m/12m,NASDAQ100_1X,0.8,0.3,15,12,0.1654547458,-0.4211057376,-0.8429262209,0.0308,0.3786,0.269,0.02008581082,0.04573000276,0.1624463177,0.2884028028,0.3247497208,1.219987165,4.504427207,16.64068414,0.2306,0.0694,0.0038,1.011652471,0.3223715691,0.1160904823,0.6579569759,1.049278073,1.230159521,0.3228394591,0.9635826845
NDX_80_30_24M_R12,10,5000,63,NDX_80_30,NDX,24m/12m,NASDAQ100_1X,0.8,0.3,24,12,0.1541260778,-0.3699501401,-0.7908314341,0.022,0.5042,0,0.02737520772,0.05007513716,0.1512765216,0.2619392125,0.2942050584,1.310010596,4.08990056,13.17885314,0.1094,0.0224,0.0012,0.8747499605,0.4097803636,0.1338962606,0.5769514387,0.8961535321,1.095955048,0.3218255672,0.9438180781
NDX_80_35_15M_R6,10,5000,63,NDX_80_35,NDX,15m/6m,NASDAQ100_1X,0.8,0.35,15,6,0.1699623885,-0.4564278109,-0.9129607014,0.0402,0.3258,0.3918,0.008865459869,0.03964665444,0.1669916486,0.3061164641,0.3447245063,1.092263167,4.683663337,19.32667334,0.354,0.1256,0.0104,1.150827148,0.4152473264,0.0471504715,0.8664414446,1.174423073,1.365466197,0.360141319,0.9527805696
NDX_80_35_15M_R12,10,5000,63,NDX_80_35,NDX,15m/12m,NASDAQ100_1X,0.8,0.35,15,12,0.1774497025,-0.4739124944,-0.8855258078,0.0408,0.269,0.286,0.01001821681,0.04147272221,0.1731366931,0.3194426923,0.3591322042,1.10480634,4.936183115,21.49981059,0.4048,0.1488,0.0148,1.170021759,0.3399180577,0.1019367992,0.7973376317,1.208394468,1.403367898,0.3715742408,0.965407754
NDX_80_35_24M_R12,10,5000,63,NDX_80_35,NDX,24m/12m,NASDAQ100_1X,0.8,0.35,24,12,0.1657317304,-0.4153232295,-0.8364572666,0.0274,0.36,0,0.02069379409,0.04719178309,0.1618312976,0.2886128107,0.3253484858,1.227277313,4.480655477,16.71604067,0.2154,0.0556,0.0038,1.012115002,0.4529711824,0.1215092731,0.6948610184,1.037792745,1.240962769,0.3713133763,0.94466084
NDX_80_40_15M_R6,10,5000,63,NDX_80_40,NDX,15m/6m,NASDAQ100_1X,0.8,0.4,15,6,0.1802138053,-0.5070052054,-0.9488711418,0.0526,0.273,0.4092,-0.001817094899,0.03260568419,0.1762679546,0.3338716862,0.3796413849,0.9819793676,5.069511828,24.97300807,0.523,0.2306,0.0358,1.309830119,0.4757319047,0.0394922426,1.014980815,1.334604072,1.53787567,0.4089485883,0.949322379
NDX_80_40_15M_R12,10,5000,63,NDX_80_40,NDX,15m/12m,NASDAQ100_1X,0.8,0.4,15,12,0.18789502,-0.5237351287,-0.9276988423,0.0526,0.2346,0.3056,-0.001642635083,0.03353363134,0.1828317893,0.3489380905,0.395119677,0.9836967727,5.359578914,27.92008401,0.5826,0.264,0.0432,1.327271675,0.386892907,0.09136647213,0.947180532,1.361768668,1.579073752,0.41936324,0.9644944299
NDX_80_40_24M_R12,10,5000,63,NDX_80_40,NDX,24m/12m,NASDAQ100_1X,0.8,0.4,24,12,0.1762283798,-0.4598478582,-0.8738483669,0.0376,0.2578,0,0.01385036361,0.0431067347,0.1716271496,0.3143702102,0.3558506312,1.147441364,4.873041766,20.9863779,0.354,0.119,0.0102,1.148680054,0.5092999785,0.1106348234,0.8200906829,1.175860134,1.386099515,0.4199653007,0.9455128205
NDX_85_20_15M_R6,10,5000,63,NDX_85_20,NDX,15m/6m,NASDAQ100_1X,0.85,0.2,15,6,0.1358533079,-0.3206861963,-0.7550704978,0.0196,0.6526,0.3636,0.02576116726,0.0475414111,0.1344911307,0.2265899624,0.2542097841,1.289577426,3.531311531,9.628689533,0.0478,0.0076,0.0002,0.7299460707,0.3280200403,0.09265279584,0.4717776023,0.7403963928,0.9491358359,0.2109367623,0.9607232652
NDX_85_20_15M_R12,10,5000,63,NDX_85_20,NDX,15m/12m,NASDAQ100_1X,0.85,0.2,15,12,0.14256941,-0.3377593562,-0.77362932,0.0198,0.6162,0.2536,0.02728411503,0.04735637884,0.1406482921,0.238779625,0.2699421393,1.308849553,3.727686381,10.90679869,0.0674,0.01,0.0004,0.7570457423,0.2656948133,0.1781527023,0.398607115,0.7829861604,1.002966006,0.2226302529,0.9618532204
NDX_85_20_24M_R12,10,5000,63,NDX_85_20,NDX,24m/12m,NASDAQ100_1X,0.85,0.2,24,12,0.1316167098,-0.2970470391,-0.7150028749,0.0142,0.6804,0,0.03170815694,0.0503524937,0.1308675422,0.2154813937,0.2404442929,1.366312636,3.420143138,8.622726632,0.0252,0.0032,0,0.6380898221,0.3122760571,0.174452253,0.3672369229,0.645525088,0.8705655769,0.2208893195,0.9517552551
NDX_85_25_15M_R6,10,5000,63,NDX_85_25,NDX,15m/6m,NASDAQ100_1X,0.85,0.25,15,6,0.1509410341,-0.37405822,-0.8051628055,0.0288,0.5308,0.3728,0.02174749041,0.04496501027,0.1485528726,0.2601139758,0.2948139506,1.240003935,3.994179717,13.24098307,0.1314,0.027,0.0018,0.9061595553,0.3514340931,0.08036354939,0.6066805698,0.9219515384,1.150627693,0.2612318323,0.9559875687
NDX_85_25_15M_R12,10,5000,63,NDX_85_25,NDX,15m/12m,NASDAQ100_1X,0.85,0.25,15,12,0.1582507544,-0.393901066,-0.8280481178,0.027,0.4612,0.271,0.02153100732,0.04507958088,0.154728029,0.27462869,0.3108007429,1.23737941,4.214165245,14.96945163,0.1674,0.0412,0.0018,0.9343685117,0.2692973365,0.1516993023,0.518333565,0.971628053,1.202971557,0.273191452,0.9597321368
NDX_85_25_24M_R12,10,5000,63,NDX_85_25,NDX,24m/12m,NASDAQ100_1X,0.85,0.25,24,12,0.146068542,-0.3407501085,-0.7622913207,0.0194,0.5896,0,0.02935387061,0.05048069081,0.1434092412,0.2456796753,0.2761051138,1.335456724,3.818891396,11.44773442,0.0636,0.0112,0.0006,0.7885475002,0.360807173,0.1697105929,0.4738504365,0.8029938015,1.041322863,0.2721098319,0.9446535151
NDX_85_30_15M_R6,10,5000,63,NDX_85_30,NDX,15m/6m,NASDAQ100_1X,0.85,0.3,15,6,0.1644082707,-0.4295150365,-0.8787183306,0.0372,0.387,0.3824,0.01250044169,0.0405027653,0.1605801328,0.2941678462,0.3334383805,1.132256514,4.432643509,17.76472298,0.2696,0.0832,0.0056,1.081010068,0.3658689716,0.07387312187,0.74903174,1.102228315,1.34544828,0.3108952663,0.9512844296
NDX_85_30_15M_R12,10,5000,63,NDX_85_30,NDX,15m/12m,NASDAQ100_1X,0.85,0.3,15,12,0.1720646446,-0.4514811443,-0.8760887544,0.038,0.3226,0.2904,0.01218700896,0.04001576109,0.1672167585,0.3084610437,0.3491044056,1.128757067,4.692704618,19.96538009,0.317,0.1084,0.0074,1.108826538,0.264252992,0.1383725733,0.6479740974,1.153648005,1.398217717,0.3224103243,0.9601492108
NDX_85_30_24M_R12,10,5000,63,NDX_85_30,NDX,24m/12m,NASDAQ100_1X,0.85,0.3,24,12,0.1592115235,-0.3880960331,-0.8091289768,0.025,0.4404,0,0.02374718228,0.04830544282,0.1551203509,0.2763460795,0.3129716227,1.264484068,4.22850282,15.21919341,0.1454,0.0316,0.0016,0.9359734663,0.3953058938,0.1520018095,0.5872525049,0.9578820847,1.203458557,0.3221995233,0.9418500494
NDX_85_35_15M_R6,10,5000,63,NDX_85_35,NDX,15m/6m,NASDAQ100_1X,0.85,0.35,15,6,0.1762430439,-0.4835932941,-0.9288956388,0.0482,0.3048,0.402,0.00184950698,0.03401383368,0.172563415,0.3267811632,0.3712451187,1.018647188,4.912117964,23.49434711,0.4492,0.177,0.0224,1.254857118,0.3810468781,0.06535815459,0.8962881282,1.279718464,1.53741434,0.3599192564,0.9482548922
NDX_85_35_15M_R12,10,5000,63,NDX_85_35,NDX,15m/12m,NASDAQ100_1X,0.85,0.35,15,12,0.1840485698,-0.5059303469,-0.9146447058,0.0504,0.2636,0.3106,-0.000427426866,0.03331636007,0.177983331,0.3416361791,0.3878075316,0.9957346297,5.143918812,26.49096572,0.5228,0.2152,0.0284,1.282092443,0.2694576328,0.1197339246,0.7906799876,1.327312075,1.59354269,0.3707931197,0.9614163241
NDX_85_35_24M_R12,10,5000,63,NDX_85_35,NDX,24m/12m,NASDAQ100_1X,0.85,0.35,24,12,0.1710875821,-0.4355583989,-0.851956507,0.0324,0.3182,0,0.01560260008,0.04400799033,0.1658731497,0.3046640905,0.3453408179,1.167424588,4.638972161,19.41542195,0.2754,0.0804,0.0058,1.082166926,0.4320928015,0.1379095811,0.7083033121,1.109596245,1.360950671,0.3714255636,0.9418590194
NDX_85_40_15M_R6,10,5000,63,NDX_85_40,NDX,15m/6m,NASDAQ100_1X,0.85,0.4,15,6,0.1864189319,-0.5368079614,-0.9597910659,0.0634,0.2826,0.4248,-0.01097794604,0.02592199476,0.181233755,0.3570769952,0.4104738552,0.8955015231,5.287610665,31.14914012,0.6302,0.3086,0.0592,1.427738902,0.4426177099,0.05712567649,1.052986481,1.453934862,1.728583373,0.4084801471,0.9460356984
NDX_85_40_15M_R12,10,5000,63,NDX_85_40,NDX,15m/12m,NASDAQ100_1X,0.85,0.4,15,12,0.1942092441,-0.5583344217,-0.9420122146,0.0648,0.2524,0.3376,-0.01403962613,0.02400401718,0.1874718495,0.3741741001,0.4280016497,0.8681665123,5.57353947,35.24319694,0.7076,0.3606,0.074,1.452804081,0.3072019835,0.1021634615,0.9433774895,1.49542906,1.790491204,0.4180253121,0.9628203299
NDX_85_40_24M_R12,10,5000,63,NDX_85_40,NDX,24m/12m,NASDAQ100_1X,0.85,0.4,24,12,0.1817203252,-0.4810443458,-0.8878017021,0.0434,0.246,0,0.00749792984,0.03867043046,0.1751248649,0.3309654203,0.377868923,1.077549404,5.020468176,24.65406208,0.4312,0.159,0.018,1.227282274,0.4901603289,0.1241141932,0.8379571633,1.256889987,1.518150464,0.4197445289,0.9424581231
NDX_90_20_15M_R6,10,5000,63,NDX_90_20,NDX,15m/6m,NASDAQ100_1X,0.9,0.2,15,6,0.1403332465,-0.3397531183,-0.7713901572,0.024,0.6286,0.3746,0.0221512113,0.04465000631,0.1385578051,0.239283939,0.2710781343,1.24491149,3.659939632,11.00474271,0.0718,0.012,0.0006,0.7941813671,0.3112406466,0.1130136986,0.4808723469,0.8013092166,1.076502746,0.2111197978,0.9589728598
NDX_90_20_15M_R12,10,5000,63,NDX_90_20,NDX,15m/12m,NASDAQ100_1X,0.9,0.2,15,12,0.1477680794,-0.361267988,-0.8084082888,0.023,0.572,0.2802,0.02223731127,0.04348505718,0.1448454124,0.2551893532,0.2903949686,1.245960315,3.867123686,12.79602413,0.1026,0.0168,0.0006,0.8288069238,0.2292268763,0.200954534,0.3784675343,0.8548566784,1.148758576,0.2228185978,0.9562621638
NDX_90_20_24M_R12,10,5000,63,NDX_90_20,NDX,24m/12m,NASDAQ100_1X,0.9,0.2,24,12,0.1355201342,-0.3100560378,-0.7255882193,0.0164,0.6626,0,0.02998412164,0.0490968914,0.1339527751,0.22488724,0.252577317,1.343654875,3.514592619,9.504112164,0.0326,0.005,0,0.6818419426,0.3065280641,0.1962750716,0.3698547203,0.6868857417,0.9598411727,0.2213785886,0.9437539165
NDX_90_25_15M_R6,10,5000,63,NDX_90_25,NDX,15m/6m,NASDAQ100_1X,0.9,0.25,15,6,0.1557786076,-0.3969383249,-0.8277181307,0.0336,0.4848,0.386,0.01616211753,0.0404742325,0.1518896133,0.2757891442,0.3138975915,1.173871273,4.111730437,15.32684971,0.185,0.0474,0.0026,0.9853045593,0.3246780087,0.0990670813,0.6193098651,0.9975599549,1.3014512,0.2612528621,0.9523295572
NDX_90_25_15M_R12,10,5000,63,NDX_90_25,NDX,15m/12m,NASDAQ100_1X,0.9,0.25,15,12,0.1636996507,-0.4221384791,-0.860339416,0.034,0.4158,0.3022,0.01429730148,0.03954647594,0.1591834076,0.2938322258,0.3345911733,1.152508833,4.379592889,17.91888276,0.235,0.068,0.0032,1.020993922,0.2116604135,0.1796891633,0.4944736278,1.06026302,1.375288411,0.2727405598,0.9588146612
NDX_90_25_24M_R12,10,5000,63,NDX_90_25,NDX,24m/12m,NASDAQ100_1X,0.9,0.25,24,12,0.1504233002,-0.3580070203,-0.7833868959,0.0214,0.5448,0,0.02625416503,0.04864549137,0.1464752354,0.2581342441,0.2922469934,1.295787901,3.92252364,12.9808461,0.0902,0.0156,0.001,0.8416572678,0.3492109612,0.1882653061,0.4779274548,0.8541283105,1.144770321,0.2723286706,0.9390247256
NDX_90_30_15M_R6,10,5000,63,NDX_90_30,NDX,15m/6m,NASDAQ100_1X,0.9,0.3,15,6,0.1693348705,-0.4566500474,-0.8976954692,0.0454,0.3688,0.4006,0.003610927538,0.03449096287,0.1639514151,0.3121218926,0.3580221955,1.036696611,4.563081941,21.32488723,0.3556,0.122,0.0096,1.17400923,0.3242440453,0.09514087383,0.7652800619,1.193348037,1.51753663,0.310626078,0.9482954491
NDX_90_30_15M_R12,10,5000,63,NDX_90_30,NDX,15m/12m,NASDAQ100_1X,0.9,0.3,15,12,0.1774341888,-0.4822901946,-0.9057199014,0.0486,0.3178,0.3246,0.001264425868,0.03191048765,0.1703301965,0.3301262961,0.3771239589,1.012714849,4.819373675,24.52110856,0.4304,0.1632,0.016,1.209992253,0.2011545827,0.1628803245,0.6219039327,1.259129075,1.595132434,0.3214208123,0.9628065479
NDX_90_30_24M_R12,10,5000,63,NDX_90_30,NDX,24m/12m,NASDAQ100_1X,0.9,0.3,24,12,0.1638564646,-0.4072090493,-0.8302771203,0.0286,0.3964,0,0.01964269356,0.04543928023,0.1586398888,0.2895367061,0.3301218721,1.214698656,4.359103891,17.32785285,0.1914,0.046,0.003,0.9986433165,0.3790792202,0.1671719359,0.5940106261,1.01902029,1.321537509,0.3223284926,0.9416704155
NDX_90_35_15M_R6,10,5000,63,NDX_90_35,NDX,15m/6m,NASDAQ100_1X,0.9,0.35,15,6,0.1809976766,-0.5129500402,-0.9420666781,0.0608,0.3144,0.427,-0.008763666024,0.02647410556,0.1749432802,0.3462268294,0.3973099004,0.9157509364,5.012716906,28.3614634,0.5458,0.2436,0.0376,1.362520631,0.3466821758,0.0821120257,0.9207407428,1.386598019,1.730544618,0.3593766349,0.9469826654
NDX_90_35_15M_R12,10,5000,63,NDX_90_35,NDX,15m/12m,NASDAQ100_1X,0.9,0.35,15,12,0.1890269557,-0.539412928,-0.9381902365,0.0634,0.283,0.3498,-0.01378813163,0.02229403718,0.1810464431,0.3653219891,0.4183234231,0.8703833112,5.279233242,32.92645645,0.6458,0.3024,0.051,1.398187182,0.2033346038,0.1388777555,0.7613188236,1.450130229,1.812780379,0.3691359464,0.9627778179
NDX_90_35_24M_R12,10,5000,63,NDX_90_35,NDX,24m/12m,NASDAQ100_1X,0.9,0.35,24,12,0.1758726767,-0.4564220941,-0.8681991279,0.039,0.299,0,0.01095958118,0.03954419549,0.1691987628,0.3195783181,0.367433832,1.115146129,4.772990238,22.84952427,0.3378,0.11,0.009,1.153807292,0.4125095409,0.1533905229,0.7179298624,1.181548795,1.491141965,0.370989502,0.9408144401
NDX_90_40_15M_R6,10,5000,63,NDX_90_40,NDX,15m/6m,NASDAQ100_1X,0.9,0.4,15,6,0.1907443115,-0.568394054,-0.9684795532,0.0766,0.3048,0.4518,-0.0225735537,0.01574175367,0.1836378984,0.3791205247,0.4411666845,0.7958925738,5.396204388,38.63001456,0.7276,0.401,0.0906,1.549413373,0.4088019301,0.07224334601,1.083677712,1.574391078,1.941408812,0.407680129,0.9456047133
NDX_90_40_15M_R12,10,5000,63,NDX_90_40,NDX,15m/12m,NASDAQ100_1X,0.9,0.4,15,12,0.1984935738,-0.5919456725,-0.9601355858,0.0844,0.2844,0.3784,-0.03022301341,0.01266543134,0.1897679129,0.3987769959,0.4589917373,0.7357613722,5.682235384,43.68213479,0.8126,0.476,0.1176,1.583478163,0.2273319566,0.1184710826,0.9160392905,1.633777428,2.031107833,0.4159022599,0.9645427268
NDX_90_40_24M_R12,10,5000,63,NDX_90_40,NDX,24m/12m,NASDAQ100_1X,0.9,0.4,24,12,0.1865025222,-0.5040826962,-0.9001226269,0.0494,0.2528,0,0.0002298445824,0.03395639981,0.1784775246,0.3482850819,0.4014930623,1.002300557,5.165536217,29.22193343,0.5146,0.2108,0.027,1.307424782,0.4678115609,0.1363636364,0.85094907,1.337513201,1.660310882,0.4192529788,0.9417809902
SPX_80_25_15M_R6,10,5000,63,SPX_80_25,SPX,15m/6m,SP500_1X,0.8,0.25,15,6,0.1231867008,-0.3105259529,-0.7309582728,0.0146,0.3982,0.4272,0.02902514768,0.04898134102,0.1232505286,0.1981373926,0.21832472,1.331198756,3.196665797,7.202995774,0.0286,0.0046,0,0.9870707875,0.5458167557,0.08572453372,0.7736898053,1.004264785,1.153463419,0.2591907206,0.9500727239
SPX_80_25_15M_R12,10,5000,63,SPX_80_25,SPX,15m/12m,SP500_1X,0.8,0.25,15,12,0.1293938538,-0.3207112707,-0.7588181282,0.0126,0.3236,0.234,0.03196638299,0.05221134188,0.1294058639,0.2065151224,0.2271498925,1.36973576,3.376199011,7.742022942,0.0346,0.0052,0.0002,1.005559554,0.5174711501,0.1333998669,0.7519457011,1.027575476,1.188048454,0.2695633569,0.9563530301
SPX_80_25_18M_R6,10,5000,63,SPX_80_25,SPX,18m/6m,SP500_1X,0.8,0.25,18,6,0.1201629923,-0.3020366696,-0.7358501271,0.0128,0.4258,0.6204,0.0311255786,0.04828539185,0.1194819933,0.1919419442,0.212181277,1.358618055,3.091035718,6.847961698,0.0222,0.0038,0,0.9449527812,0.5429203928,0.09404388715,0.7344784382,0.9606211761,1.117498045,0.2582592163,0.9420228603
SPX_80_25_18M_R12,10,5000,63,SPX_80_25,SPX,18m/12m,SP500_1X,0.8,0.25,18,12,0.1264804335,-0.3095576949,-0.7403971513,0.012,0.3564,0.308,0.032389667,0.05162432605,0.1265346915,0.2009272807,0.2216138547,1.37536365,3.291356145,7.399808684,0.0262,0.004,0,0.9648308471,0.5324331039,0.1596548004,0.7088506945,0.9859603045,1.155339412,0.2685163284,0.939495439
SPX_80_25_24M_R6,10,5000,63,SPX_80_25,SPX,24m/6m,SP500_1X,0.8,0.25,24,6,0.1166566189,-0.289391005,-0.7165290152,0.0114,0.4734,0.8144,0.03159089972,0.04862374417,0.1161311334,0.1848973069,0.2036550679,1.364760783,2.999762839,6.381316682,0.0142,0.0014,0,0.8765918282,0.5385060143,0.103083295,0.6654366195,0.8879614805,1.060440831,0.2588109098,0.9488192162
SPX_80_25_24M_R12,10,5000,63,SPX_80_25,SPX,24m/12m,SP500_1X,0.8,0.25,24,12,0.1220122304,-0.2932821441,-0.7261880101,0.01,0.4094,0,0.03504589513,0.05236144645,0.1216800799,0.19197376,0.2114896454,1.411157859,3.152258366,6.808994899,0.0154,0.0018,0,0.8921790048,0.5354824807,0.1626506024,0.6409252276,0.9086007347,1.094981983,0.267922335,0.9399018302
SPX_80_25_30M_R12,10,5000,63,SPX_80_25,SPX,30m/12m,SP500_1X,0.8,0.25,30,12,0.1189336286,-0.2837012842,-0.6711264988,0.0098,0.4482,0.648,0.03501394527,0.05207085302,0.1187504802,0.1867387483,0.2050955526,1.410722372,3.070899762,6.458087586,0.011,0.001,0,0.8439141371,0.5294174225,0.1931599229,0.6011100602,0.855578586,1.050869281,0.2673326268,0.9217439213
SPX_80_25_30M_R18,10,5000,63,SPX_80_25,SPX,30m/18m,SP500_1X,0.8,0.25,30,18,0.1210572546,-0.287755787,-0.6780376658,0.0088,0.426,0.5498,0.03606863732,0.05305062993,0.1211854497,0.1897289053,0.2074586211,1.425161926,3.138387218,6.585829604,0.0128,0.0016,0,0.8583559296,0.5377334066,0.20694381,0.6006897704,0.8725504226,1.073434829,0.2757012592,0.9247940366
SPX_80_30_15M_R6,10,5000,63,SPX_80_30,SPX,15m/6m,SP500_1X,0.8,0.3,15,6,0.1336379363,-0.3518153197,-0.7853258625,0.0192,0.2748,0.4356,0.02597230895,0.0477487826,0.1329400413,0.2194513015,0.2446616508,1.292233985,3.483333573,8.92037248,0.0744,0.0126,0.0004,1.180163889,0.5995105389,0.08103031929,0.94278514,1.200711194,1.362710792,0.3093973367,0.9466531258
SPX_80_30_15M_R12,10,5000,63,SPX_80_30,SPX,15m/12m,SP500_1X,0.8,0.3,15,12,0.1406146845,-0.3635032852,-0.815177735,0.0188,0.2084,0.2486,0.02616153965,0.05108588859,0.1407921008,0.2301798728,0.2549574793,1.294619018,3.732387648,9.686237183,0.0898,0.0158,0.0004,1.198021809,0.5642078591,0.1273243802,0.9241672626,1.221263206,1.397290289,0.3200138668,0.9567371111
SPX_80_30_18M_R6,10,5000,63,SPX_80_30,SPX,18m/6m,SP500_1X,0.8,0.3,18,6,0.1302054236,-0.3406030587,-0.7819271923,0.0176,0.3082,0.615,0.02757172665,0.04821029007,0.1291063376,0.2129461183,0.2365117467,1.312518077,3.367256987,8.353265314,0.0568,0.0104,0.0004,1.130292021,0.6095731841,0.08623167577,0.8944463304,1.149605629,1.320088449,0.3084587476,0.9369317584
SPX_80_30_18M_R12,10,5000,63,SPX_80_30,SPX,18m/12m,SP500_1X,0.8,0.3,18,12,0.1373418864,-0.3504939603,-0.7967060089,0.0162,0.2314,0.317,0.02858627062,0.05251015588,0.1370593115,0.223026908,0.2480158328,1.325532795,3.612058949,9.163665661,0.066,0.0106,0.0002,1.149962016,0.5866601392,0.1580942068,0.8712740415,1.174372686,1.356495322,0.3190569173,0.9354661786
SPX_80_30_24M_R6,10,5000,63,SPX_80_30,SPX,24m/6m,SP500_1X,0.8,0.3,24,6,0.1262540214,-0.3240422135,-0.7612375077,0.0138,0.3498,0.8202,0.03062214832,0.0494177452,0.1256063478,0.2033687945,0.2247114041,1.352000478,3.264337045,7.58956915,0.035,0.0056,0.0004,1.048220053,0.6119614324,0.1062259307,0.8102482302,1.062821744,1.250701356,0.3090784974,0.9381476077
SPX_80_30_24M_R12,10,5000,63,SPX_80_30,SPX,24m/12m,SP500_1X,0.8,0.3,24,12,0.1323862439,-0.3295149787,-0.7723653091,0.0136,0.279,0,0.03198559291,0.05376035526,0.1321588254,0.2123245956,0.2344434282,1.369990747,3.459391946,8.214605357,0.039,0.0048,0.0004,1.062842914,0.6045868613,0.1717140181,0.7857379975,1.083401412,1.281525991,0.3185152818,0.932162053
SPX_80_30_30M_R12,10,5000,63,SPX_80_30,SPX,30m/12m,SP500_1X,0.8,0.3,30,12,0.1288786823,-0.3168766047,-0.7277111676,0.012,0.3218,0.647,0.0335601507,0.05360489755,0.1281600847,0.2052077745,0.2268087945,1.391034629,3.339147533,7.720533069,0.0252,0.0036,0,1.005651995,0.5974732068,0.1877121521,0.7359190782,1.021847785,1.228359993,0.3180003057,0.9166776129
SPX_80_30_30M_R18,10,5000,63,SPX_80_30,SPX,30m/18m,SP500_1X,0.8,0.3,30,18,0.1312017404,-0.3222804163,-0.7353995434,0.0122,0.293,0.5562,0.03431561485,0.0541365918,0.1308248316,0.2094015708,0.2311257049,1.401234299,3.418851951,7.996508046,0.0276,0.0036,0,1.020388143,0.607302719,0.21085322,0.7360474466,1.039328795,1.248281125,0.3268653628,0.9181579193
SPX_80_35_15M_R6,10,5000,63,SPX_80_35,SPX,15m/6m,SP500_1X,0.8,0.35,15,6,0.1432592552,-0.3931439119,-0.8307096777,0.027,0.2078,0.4454,0.02099710525,0.04499410606,0.1426777866,0.242098093,0.2703355477,1.230928399,3.794534934,10.94062961,0.1522,0.0348,0.0008,1.37205793,0.6669803044,0.07324840764,1.116236301,1.395356714,1.569895403,0.3591955107,0.9476395671
SPX_80_35_15M_R12,10,5000,63,SPX_80_35,SPX,15m/12m,SP500_1X,0.8,0.35,15,12,0.1509051182,-0.4059559174,-0.8602847951,0.0258,0.1658,0.2634,0.02067378306,0.04892984333,0.1510959317,0.253611597,0.281986464,1.227036357,4.083490364,11.98634334,0.1776,0.046,0.0016,1.38886733,0.6289316286,0.1151079137,1.101224012,1.412157946,1.606271368,0.3698612667,0.9604969228
SPX_80_35_18M_R6,10,5000,63,SPX_80_35,SPX,18m/6m,SP500_1X,0.8,0.35,18,6,0.1394901698,-0.3819207591,-0.8224175529,0.023,0.2256,0.62,0.02293603927,0.04619853385,0.1380875957,0.234725683,0.2604196029,1.254501996,3.644852844,10.11612138,0.1218,0.0254,0.0006,1.315041475,0.6798128008,0.07339667458,1.057746225,1.336453583,1.520952554,0.3583225274,0.9388194009
SPX_80_35_18M_R12,10,5000,63,SPX_80_35,SPX,18m/12m,SP500_1X,0.8,0.35,18,12,0.1473537268,-0.3917052731,-0.8424478626,0.0228,0.1736,0.326,0.02244574593,0.0499283409,0.1471629413,0.2467855859,0.2734096369,1.248502821,3.946112568,11.2082454,0.136,0.0292,0.0004,1.333716706,0.6669773317,0.1391405343,1.038992923,1.358306506,1.554760623,0.368807782,0.9406777269
SPX_80_35_24M_R6,10,5000,63,SPX_80_35,SPX,24m/6m,SP500_1X,0.8,0.35,24,6,0.1351947985,-0.3614470178,-0.8016668355,0.019,0.2518,0.821,0.02680756514,0.04818883365,0.1338259383,0.2236823635,0.2495394816,1.302791389,3.510663869,9.276141982,0.0804,0.014,0.0006,1.218937792,0.69185325,0.09323347107,0.9575797273,1.236720981,1.437032693,0.3589636796,0.9368426499
SPX_80_35_24M_R12,10,5000,63,SPX_80_35,SPX,24m/12m,SP500_1X,0.8,0.35,24,12,0.1420531506,-0.367052215,-0.812509851,0.0162,0.1954,0,0.0280061273,0.05304513837,0.1416718445,0.2329455958,0.2591235414,1.318076652,3.76126678,10.01259073,0.0874,0.0144,0.0004,1.232502105,0.6835017971,0.1546599496,0.9357802388,1.25556557,1.463182101,0.3684609004,0.9332282994
SPX_80_35_30M_R12,10,5000,63,SPX_80_35,SPX,30m/12m,SP500_1X,0.8,0.35,30,12,0.1381809789,-0.353086741,-0.7760881053,0.0152,0.2172,0.6408,0.02987651796,0.05315636828,0.1372700781,0.2248876207,0.2488578183,1.34225204,3.618758956,9.225669474,0.0586,0.0092,0.0002,1.165855474,0.6858947523,0.1694236926,0.8757627288,1.185414256,1.401915148,0.3681359,0.9165470288
SPX_80_35_30M_R18,10,5000,63,SPX_80_35,SPX,30m/18m,SP500_1X,0.8,0.35,30,18,0.1406701847,-0.3590436038,-0.7843328701,0.0164,0.1968,0.5568,0.03038367601,0.05390606499,0.1401280184,0.2289504012,0.253611471,1.348875613,3.7107203,9.582861241,0.0698,0.0108,0.0002,1.179646205,0.6934646661,0.1915900131,0.8781669339,1.202144878,1.419611142,0.3770661357,0.9214838729
SPX_85_25_15M_R6,10,5000,63,SPX_85_25,SPX,15m/6m,SP500_1X,0.85,0.25,15,6,0.1289974085,-0.3334064325,-0.7662019718,0.0196,0.3356,0.416,0.0241561727,0.0465764382,0.1282434039,0.2127601106,0.2380771554,1.269543778,3.341614231,8.459606351,0.0546,0.0092,0.0004,1.119397929,0.5306405218,0.1126969967,0.8234232911,1.141745588,1.358234851,0.259447902,0.9442943164
SPX_85_25_15M_R12,10,5000,63,SPX_85_25,SPX,15m/12m,SP500_1X,0.85,0.25,15,12,0.1361202364,-0.3476494759,-0.7937063779,0.0188,0.2662,0.2582,0.02442358386,0.04836055812,0.1349454064,0.2249737215,0.2495349797,1.272862043,3.545475246,9.275808617,0.0702,0.0116,0.0004,1.148881574,0.4669270528,0.1698268755,0.7822504222,1.182835261,1.412493459,0.2700500665,0.9514903717
SPX_85_25_18M_R6,10,5000,63,SPX_85_25,SPX,18m/6m,SP500_1X,0.85,0.25,18,6,0.1253456828,-0.3211705076,-0.7648055938,0.0178,0.3702,0.5804,0.0272080704,0.04646152083,0.1239782137,0.205130963,0.228269322,1.307881126,3.217432564,7.812928805,0.0396,0.0068,0.0004,1.058835278,0.5366339059,0.1261788618,0.7785793812,1.076073539,1.298169885,0.258530011,0.9385361126
SPX_85_25_18M_R12,10,5000,63,SPX_85_25,SPX,18m/12m,SP500_1X,0.85,0.25,18,12,0.1323287928,-0.3333554484,-0.7741319938,0.0162,0.301,0.324,0.02786916511,0.04906028716,0.1312845784,0.2162826668,0.2402023951,1.31632171,3.432774963,8.605927365,0.0502,0.0078,0.0002,1.08777373,0.5056062688,0.1898923445,0.740105684,1.116341038,1.353489783,0.2689890451,0.9291700756
SPX_85_25_24M_R6,10,5000,63,SPX_85_25,SPX,24m/6m,SP500_1X,0.85,0.25,24,6,0.1211334563,-0.3042133925,-0.7415904088,0.0138,0.417,0.7874,0.03011524393,0.04750276319,0.1199644922,0.1953140474,0.2163632053,1.345366199,3.104382227,7.087879101,0.0226,0.0032,0,0.9652060178,0.5443469135,0.1358964598,0.6994660415,0.976381638,1.204747773,0.2591896794,0.9382456665
SPX_85_25_24M_R12,10,5000,63,SPX_85_25,SPX,24m/12m,SP500_1X,0.85,0.25,24,12,0.1268768247,-0.31042245,-0.7548850958,0.0136,0.3532,0,0.03182981825,0.05153217902,0.1260565007,0.2035680904,0.2259575974,1.367924464,3.277413517,7.667140552,0.0256,0.0032,0.0002,0.9869373966,0.5234749468,0.1989851395,0.6681132535,1.004693868,1.252979829,0.2685491817,0.9314393713
SPX_85_25_30M_R12,10,5000,63,SPX_85_25,SPX,30m/12m,SP500_1X,0.85,0.25,30,12,0.1232235705,-0.2984842935,-0.6945741153,0.011,0.3978,0.6466,0.03275237276,0.05080672384,0.1224375022,0.1966529085,0.2172777279,1.38020265,3.173606142,7.141343191,0.0152,0.0016,0,0.9220592363,0.5279727468,0.2215447154,0.6258978666,0.9337742811,1.18388243,0.2679680191,0.9153989219
SPX_85_25_30M_R18,10,5000,63,SPX_85_25,SPX,30m/18m,SP500_1X,0.85,0.25,30,18,0.1256043725,-0.3037626131,-0.7001980915,0.0116,0.3694,0.5498,0.03316764491,0.05205807398,0.1249915842,0.2009646922,0.2214039214,1.385761977,3.246554656,7.387103761,0.019,0.0022,0,0.9410099498,0.5351683574,0.2357473035,0.6216504187,0.9578529768,1.212909918,0.2766043046,0.906266877
SPX_85_30_15M_R6,10,5000,63,SPX_85_30,SPX,15m/6m,SP500_1X,0.85,0.3,15,6,0.1400009348,-0.378937284,-0.8193267497,0.0274,0.2478,0.4262,0.01924053892,0.04336333695,0.1387531733,0.2380561196,0.2680579394,1.209916942,3.666221964,10.746073,0.1238,0.026,0.0006,1.338059555,0.5726037289,0.1157670455,1.00537698,1.365757107,1.600540463,0.3094920979,0.9437544224
SPX_85_30_15M_R12,10,5000,63,SPX_85_30,SPX,15m/12m,SP500_1X,0.85,0.3,15,12,0.1478595789,-0.3947920904,-0.8478301496,0.0274,0.198,0.273,0.01722475635,0.04572218696,0.1472065779,0.2527760376,0.2807988235,1.186203109,3.947613638,11.87578551,0.1524,0.0366,0.001,1.368175181,0.4903463141,0.1535117822,0.9648980531,1.405267401,1.658274022,0.3201861863,0.9544308385
SPX_85_30_18M_R6,10,5000,63,SPX_85_30,SPX,18m/6m,SP500_1X,0.85,0.3,18,6,0.1359287402,-0.364280301,-0.8115063622,0.0232,0.271,0.5792,0.02214037993,0.04527830905,0.1336519516,0.2286339348,0.2564042923,1.244779526,3.505280859,9.798473536,0.0958,0.0168,0.0006,1.26554387,0.5950669344,0.1186397985,0.9496910994,1.287997921,1.53013817,0.3085896956,0.935096998
SPX_85_30_18M_R12,10,5000,63,SPX_85_30,SPX,18m/12m,SP500_1X,0.85,0.3,18,12,0.1436928785,-0.3777813676,-0.8289162158,0.0236,0.2138,0.3324,0.02128183657,0.04731071195,0.1427333946,0.2426561058,0.2704376377,1.234364893,3.796381681,10.94942284,0.1142,0.0216,0.0006,1.295851995,0.5541163895,0.185806761,0.9107249583,1.329904036,1.585464896,0.3192375574,0.9310919558
SPX_85_30_24M_R6,10,5000,63,SPX_85_30,SPX,24m/6m,SP500_1X,0.85,0.3,24,6,0.1312631369,-0.3422214955,-0.786985396,0.0178,0.3006,0.7868,0.02649843979,0.0477901574,0.1295436749,0.2160638247,0.2416524451,1.298875119,3.380320358,8.707065415,0.058,0.0098,0.0004,1.15339291,0.6081684666,0.1350817823,0.853139888,1.169368254,1.417795727,0.3093910009,0.9330434642
SPX_85_30_24M_R12,10,5000,63,SPX_85_30,SPX,24m/12m,SP500_1X,0.85,0.3,24,12,0.1377736191,-0.3498937549,-0.8012865876,0.0172,0.2428,0,0.02715200804,0.05107935435,0.1364665089,0.2267911045,0.2532268597,1.307167586,3.593274267,9.553505344,0.067,0.0094,0.0004,1.174837573,0.5941766571,0.1951020408,0.8210564269,1.199167461,1.461581805,0.3190354013,0.9275538587
SPX_85_30_30M_R12,10,5000,63,SPX_85_30,SPX,30m/12m,SP500_1X,0.85,0.3,30,12,0.1336669951,-0.3341160579,-0.7514756194,0.014,0.2794,0.643,0.02947285616,0.05198336483,0.1324323514,0.2174706281,0.2412254893,1.337001394,3.467757661,8.677175659,0.041,0.006,0.0002,1.098482647,0.594694173,0.2176242929,0.7677326695,1.115704048,1.381705892,0.3185255453,0.9107279616
SPX_85_30_30M_R18,10,5000,63,SPX_85_30,SPX,30m/18m,SP500_1X,0.85,0.3,30,18,0.1362400868,-0.3416266078,-0.7578598915,0.016,0.252,0.557,0.02986977391,0.05203191217,0.1355170209,0.2225599023,0.2463062068,1.342164149,3.563370099,9.038922771,0.0502,0.0062,0.0002,1.11728593,0.6041665122,0.2290898781,0.7641313199,1.140267339,1.40645691,0.3276232361,0.9084457311
SPX_85_35_15M_R6,10,5000,63,SPX_85_35,SPX,15m/6m,SP500_1X,0.85,0.35,15,6,0.1499737277,-0.4249546769,-0.8631608074,0.0372,0.212,0.4384,0.009689819911,0.03829974998,0.1480956383,0.263536496,0.296627898,1.101219974,3.978309482,13.42762445,0.2404,0.0732,0.0046,1.555188751,0.6143887878,0.1089319974,1.192823031,1.586975648,1.840240122,0.3591480593,0.9438577018
SPX_85_35_15M_R12,10,5000,63,SPX_85_35,SPX,15m/12m,SP500_1X,0.85,0.35,15,12,0.15841638,-0.4437052209,-0.8896165557,0.0392,0.178,0.291,0.009226968858,0.04058989102,0.1573535599,0.2795149087,0.3122704993,1.096182997,4.310956494,15.13812847,0.292,0.0922,0.0056,1.584898388,0.5350747143,0.1385972281,1.155228345,1.62201133,1.902003233,0.3694180028,0.9560180141
SPX_85_35_18M_R6,10,5000,63,SPX_85_35,SPX,18m/6m,SP500_1X,0.85,0.35,18,6,0.1455919314,-0.4100843179,-0.8547993438,0.033,0.22,0.5866,0.01612251437,0.04146293181,0.1438689825,0.253266522,0.2826779416,1.173413917,3.834272093,12.0511489,0.1884,0.0478,0.002,1.471958303,0.6545376507,0.1128430296,1.124806753,1.497920358,1.757007154,0.3582817735,0.934970752
SPX_85_35_18M_R12,10,5000,63,SPX_85_35,SPX,18m/12m,SP500_1X,0.85,0.35,18,12,0.1540078873,-0.4229123203,-0.8720571448,0.0338,0.1824,0.343,0.0135181146,0.04359120287,0.1522864512,0.26716831,0.3002159976,1.143686972,4.125915066,13.8038101,0.2188,0.061,0.0026,1.501848178,0.6166161813,0.1658389117,1.08935813,1.537425347,1.812622502,0.3686765561,0.9330311641
SPX_85_35_24M_R6,10,5000,63,SPX_85_35,SPX,24m/6m,SP500_1X,0.85,0.35,24,6,0.1406206819,-0.3829100895,-0.8279328552,0.0244,0.2322,0.788,0.0217438495,0.04546065364,0.1386667993,0.239116786,0.2665779859,1.239959592,3.663443239,10.62132895,0.124,0.0248,0.0006,1.34043762,0.689997432,0.1273795535,1.010255498,1.360837862,1.625772982,0.3591590514,0.9354067386
SPX_85_35_24M_R12,10,5000,63,SPX_85_35,SPX,24m/12m,SP500_1X,0.85,0.35,24,12,0.1478327861,-0.3914441075,-0.8406074168,0.0236,0.187,0,0.02247211704,0.0493532249,0.1462808072,0.2498840585,0.2786482426,1.248824826,3.915877027,11.67789951,0.1312,0.0266,0.0004,1.36118566,0.6699413497,0.1816930489,0.9800197738,1.389711821,1.664389987,0.3687983016,0.9299448506
SPX_85_35_30M_R12,10,5000,63,SPX_85_35,SPX,30m/12m,SP500_1X,0.85,0.35,30,12,0.1433648539,-0.3723680081,-0.7993634762,0.019,0.1994,0.6398,0.02588157044,0.05040908274,0.1412879158,0.2395512041,0.2659554866,1.291091698,3.748639069,10.56924973,0.0912,0.0138,0.0004,1.272374549,0.6913932148,0.2007263923,0.9146950054,1.294631088,1.571348428,0.3684338113,0.9141086458
SPX_85_35_30M_R18,10,5000,63,SPX_85_35,SPX,30m/18m,SP500_1X,0.85,0.35,30,18,0.1460884595,-0.3804979645,-0.806310441,0.021,0.1848,0.5586,0.02540517579,0.0508585079,0.1447308061,0.2439017006,0.272288569,1.285109895,3.863254731,11.10997504,0.103,0.018,0.0004,1.291841703,0.6909980194,0.2149154158,0.9129601419,1.318879558,1.596393986,0.377622944,0.9154054859
SPX_85_40_15M_R6,10,5000,63,SPX_85_40,SPX,15m/6m,SP500_1X,0.85,0.4,15,6,0.1588901487,-0.4722900211,-0.898383629,0.0488,0.2036,0.4548,0.001161408087,0.03347673434,0.156749544,0.2894362411,0.3253151131,1.011673361,4.28851452,16.71183279,0.3912,0.1432,0.014,1.771680865,0.6815526217,0.1002654687,1.384330715,1.805738197,2.07808341,0.4083019711,0.943682411
SPX_85_40_15M_R12,10,5000,63,SPX_85_40,SPX,15m/12m,SP500_1X,0.85,0.4,15,12,0.1677801194,-0.4911948816,-0.9214268651,0.051,0.179,0.3136,-0.0006106165609,0.03270730752,0.1656742762,0.3057720151,0.3437686096,0.9939130333,4.631066203,19.18975098,0.4644,0.1776,0.0202,1.799968876,0.5900279695,0.1229892079,1.354137481,1.835160225,2.148891076,0.4180043478,0.9577505922
SPX_85_40_18M_R6,10,5000,63,SPX_85_40,SPX,18m/6m,SP500_1X,0.85,0.4,18,6,0.1543155491,-0.4537131672,-0.8909519302,0.041,0.2072,0.5932,0.006509832731,0.03588558585,0.1515599229,0.2767522482,0.3102500005,1.067029414,4.099977969,14.90668371,0.3252,0.1076,0.009,1.677501428,0.7200332143,0.1054703688,1.304123266,1.706309352,1.982962946,0.4076269744,0.933592575
SPX_85_40_18M_R12,10,5000,63,SPX_85_40,SPX,18m/12m,SP500_1X,0.85,0.4,18,12,0.1632716866,-0.4679076633,-0.9056667934,0.043,0.1754,0.3604,0.005382832719,0.03895993156,0.1614536244,0.2914386525,0.3283642971,1.055143364,4.466114375,17.10027784,0.381,0.1242,0.01,1.705966047,0.6944647843,0.1483539095,1.273143772,1.740720908,2.039988158,0.4174712349,0.936646637
SPX_85_40_24M_R6,10,5000,63,SPX_85_40,SPX,24m/6m,SP500_1X,0.85,0.4,24,6,0.1491959983,-0.4244004791,-0.8638488768,0.0342,0.201,0.7892,0.01455160071,0.04226781405,0.1468387344,0.2603020744,0.2909345212,1.155401203,3.934975904,12.84962122,0.2234,0.059,0.003,1.52662085,0.7657316888,0.1145054476,1.169651255,1.550225383,1.831563233,0.4085228359,0.9323157565
SPX_85_40_24M_R12,10,5000,63,SPX_85_40,SPX,24m/12m,SP500_1X,0.85,0.4,24,12,0.1570608063,-0.4315770377,-0.8747575838,0.031,0.1656,0,0.01560299835,0.04620963381,0.155060274,0.2719832706,0.3055022554,1.167429166,4.226304488,14.37532837,0.248,0.066,0.0038,1.545871761,0.75572344,0.1636325148,1.14490524,1.576360731,1.866272661,0.417938065,0.9330887897
SPX_85_40_30M_R12,10,5000,63,SPX_85_40,SPX,30m/12m,SP500_1X,0.85,0.4,30,12,0.1523263196,-0.4114642942,-0.8394117279,0.0272,0.1664,0.6306,0.01981360919,0.04784064291,0.1499072444,0.2605923759,0.2915451845,1.216736077,4.041523112,12.91052624,0.1762,0.037,0.0006,1.445791691,0.7743516735,0.1798245614,1.066969305,1.470428362,1.759641536,0.4177737489,0.9173712045
SPX_85_40_30M_R18,10,5000,63,SPX_85_40,SPX,30m/18m,SP500_1X,0.85,0.4,30,18,0.1551717707,-0.4199715337,-0.8467167001,0.0272,0.1556,0.5568,0.01975006846,0.04751865326,0.1536979988,0.2656596091,0.2974609421,1.215978242,4.176729999,13.51413076,0.2006,0.0422,0.0008,1.464008691,0.7723929855,0.1987041037,1.067807632,1.493274805,1.781666737,0.4267805001,0.9205031835
SPX_85_45_15M_R6,10,5000,63,SPX_85_45,SPX,15m/6m,SP500_1X,0.85,0.45,15,6,0.1667172081,-0.5193013169,-0.933205393,0.0614,0.2162,0.4766,-0.009942008635,0.02554062164,0.1637476972,0.3139077045,0.3535373196,0.9049244102,4.555103179,20.63109948,0.5726,0.2466,0.0372,1.987265378,0.8028640969,0.08915274703,1.578996212,2.022369211,2.318755758,0.4572273785,0.9442811862
SPX_85_45_15M_R12,10,5000,63,SPX_85_45,SPX,15m/12m,SP500_1X,0.85,0.45,15,12,0.1759248022,-0.5382258781,-0.9452609656,0.0646,0.1916,0.3406,-0.01397848196,0.02391610142,0.172917697,0.3304143879,0.3728048118,0.868704973,4.926977372,23.76290832,0.6406,0.2954,0.0534,2.013150798,0.6935379872,0.1063744219,1.555415857,2.046171972,2.399341666,0.4659130983,0.9574842163
SPX_85_45_18M_R6,10,5000,63,SPX_85_45,SPX,18m/6m,SP500_1X,0.85,0.45,18,6,0.1620741788,-0.4980412483,-0.9275378142,0.055,0.2076,0.6122,-0.003504752324,0.0295261375,0.158587745,0.2991772359,0.3379413438,0.9655047401,4.35714279,18.37375255,0.4926,0.1888,0.0244,1.882426108,0.8411845023,0.09179134654,1.487582512,1.911744645,2.208681941,0.4566710878,0.9355077946
SPX_85_45_18M_R12,10,5000,63,SPX_85_45,SPX,18m/12m,SP500_1X,0.85,0.45,18,12,0.1714702634,-0.5128711084,-0.9315417161,0.0558,0.1814,0.377,-0.003938753244,0.0317823164,0.1695757098,0.3146894083,0.3569552876,0.9613085019,4.788398421,21.15796552,0.5556,0.2224,0.029,1.908518275,0.8073018937,0.1255044391,1.466358092,1.94174395,2.269601419,0.4658275441,0.9418953425
SPX_85_45_24M_R6,10,5000,63,SPX_85_45,SPX,24m/6m,SP500_1X,0.85,0.45,24,6,0.1569746282,-0.465633683,-0.8967396456,0.042,0.1938,0.79,0.005717835522,0.03694098979,0.1544282776,0.2816088868,0.3168787371,1.05866413,4.203240113,15.67812927,0.366,0.1216,0.0098,1.713051449,0.872819733,0.1028536235,1.331600522,1.738108446,2.035444724,0.4577565576,0.9341724668
SPX_85_45_24M_R12,10,5000,63,SPX_85_45,SPX,24m/12m,SP500_1X,0.85,0.45,24,12,0.1654561339,-0.4731281576,-0.9039928442,0.0412,0.1644,0,0.007351542535,0.04159785745,0.1625913144,0.2943684738,0.3325859032,1.075985261,4.510048132,17.65149524,0.399,0.1268,0.009,1.729201637,0.8611908477,0.1480114801,1.312287849,1.75992781,2.067344752,0.4665503887,0.9362290226
SPX_85_45_30M_R12,10,5000,63,SPX_85_45,SPX,30m/12m,SP500_1X,0.85,0.45,30,12,0.1605540033,-0.4499295999,-0.8726747849,0.0346,0.1536,0.6236,0.01394699216,0.04366390926,0.1583446617,0.280373045,0.3158873825,1.14853515,4.348011623,15.5605171,0.3024,0.0814,0.0036,1.61767747,0.8768857215,0.158539116,1.223910245,1.644435035,1.943807059,0.466513732,0.9211784855
SPX_85_45_30M_R18,10,5000,63,SPX_85_45,SPX,30m/18m,SP500_1X,0.85,0.45,30,18,0.1635028067,-0.4593260985,-0.8801355858,0.0338,0.1466,0.5514,0.01321521958,0.04336877146,0.1611920505,0.2865141642,0.3232022065,1.140274832,4.456066785,16.44734085,0.338,0.0912,0.005,1.633342137,0.8761800402,0.1776261373,1.226084182,1.662506116,1.967764376,0.4749983308,0.9289774096
SPX_90_30_15M_R6,10,5000,63,SPX_90_30,SPX,15m/6m,SP500_1X,0.9,0.3,15,6,0.1440029251,-0.4091804735,-0.8505121183,0.0418,0.2586,0.4552,0.008183960258,0.03569827126,0.1415419288,0.2562197909,0.2914624593,1.08490822,3.756989945,12.90226037,0.2036,0.0538,0.0034,1.509774583,0.5282592682,0.1411096549,1.059063405,1.539891806,1.887020074,0.3090672465,0.9421500163
SPX_90_30_15M_R12,10,5000,63,SPX_90_30,SPX,15m/12m,SP500_1X,0.9,0.3,15,12,0.152710584,-0.4328517792,-0.873957885,0.0432,0.2222,0.3308,0.005292072001,0.03508601682,0.1496360288,0.2759218076,0.3097036095,1.054191333,4.032002158,14.8446485,0.26,0.0774,0.0042,1.557113601,0.3903111814,0.1862098319,0.9777557794,1.607501321,1.987139662,0.3194529219,0.9557209458
SPX_90_30_18M_R6,10,5000,63,SPX_90_30,SPX,18m/6m,SP500_1X,0.9,0.3,18,6,0.1399789508,-0.3908892065,-0.8428315016,0.0336,0.2668,0.5802,0.01423260706,0.03939636138,0.137327558,0.2452712484,0.2737462846,1.151774049,3.620588124,11.23790754,0.1474,0.0332,0.0012,1.411103152,0.5653008139,0.1530518587,0.9990123102,1.43359694,1.773241443,0.3084047751,0.9341924828
SPX_90_30_18M_R12,10,5000,63,SPX_90_30,SPX,18m/12m,SP500_1X,0.9,0.3,18,12,0.1482799705,-0.4082828021,-0.855927403,0.0358,0.2288,0.3726,0.01198136446,0.03953923979,0.1453133488,0.2608608058,0.2934627985,1.126465966,3.882956829,13.1034737,0.179,0.0456,0.0022,1.454439303,0.4977373093,0.2074679629,0.936293865,1.494607669,1.861228514,0.3185433048,0.9300364298
SPX_90_30_24M_R6,10,5000,63,SPX_90_30,SPX,24m/6m,SP500_1X,0.9,0.3,24,6,0.1353656604,-0.3614399207,-0.813003273,0.022,0.2842,0.7584,0.02194479767,0.04437511476,0.1329715015,0.2283705574,0.2564321021,1.242400165,3.484300974,9.800642092,0.0904,0.0144,0.0004,1.263722244,0.599215045,0.1627436092,0.8928848615,1.278832449,1.605362073,0.3094461589,0.9345384641
SPX_90_30_24M_R12,10,5000,63,SPX_90_30,SPX,24m/12m,SP500_1X,0.9,0.3,24,12,0.1422172035,-0.3728376327,-0.8285976701,0.0232,0.2306,0,0.02230414393,0.04695091032,0.1401059879,0.24105643,0.2707914372,1.246775205,3.710003495,10.97994919,0.1036,0.0162,0.0004,1.292963856,0.5765900162,0.2141991762,0.8508985464,1.316910777,1.668118675,0.3191695228,0.9262647857
SPX_90_30_30M_R12,10,5000,63,SPX_90_30,SPX,30m/12m,SP500_1X,0.9,0.3,30,12,0.1378366448,-0.3532542174,-0.7728496848,0.0184,0.254,0.6254,0.02493218927,0.04901425492,0.1353947569,0.2293912756,0.2574109635,1.279195116,3.559535689,9.87725467,0.063,0.0086,0.0002,1.195204889,0.5933905315,0.2359936575,0.795680321,1.210718051,1.550914615,0.3187992293,0.9087671159
SPX_90_30_30M_R18,10,5000,63,SPX_90_30,SPX,30m/18m,SP500_1X,0.9,0.3,30,18,0.1406295027,-0.3621884359,-0.7772347317,0.0212,0.2332,0.5378,0.02533371439,0.04827750255,0.1387200843,0.2359703639,0.2628502233,1.284214322,3.665156943,10.31287464,0.0816,0.0124,0.0004,1.220656185,0.5951927294,0.245930824,0.7884415329,1.243222589,1.586142098,0.3279190459,0.9045706453
SPX_90_35_15M_R6,10,5000,63,SPX_90_35,SPX,15m/6m,SP500_1X,0.9,0.35,15,6,0.1537592111,-0.4596327555,-0.8912830245,0.0538,0.2376,0.472,-0.004057117795,0.02901805883,0.1506641369,0.2842615543,0.3221774201,0.9601670322,4.068200467,16.32041994,0.358,0.1278,0.0114,1.753708864,0.5493620969,0.132500512,1.260181776,1.791917275,2.16122362,0.3584146055,0.942152422
SPX_90_35_15M_R12,10,5000,63,SPX_90_35,SPX,15m/12m,SP500_1X,0.9,0.35,15,12,0.1628777531,-0.4862076628,-0.9121841856,0.0582,0.2184,0.3564,-0.004353658633,0.02698965901,0.1596163691,0.3047929701,0.3444282876,0.9573122553,4.395976182,19.28414987,0.4454,0.1676,0.0164,1.802560172,0.4151309673,0.1683932561,1.178661098,1.854567761,2.270327447,0.3679502352,0.9572469129
SPX_90_35_18M_R6,10,5000,63,SPX_90_35,SPX,18m/6m,SP500_1X,0.9,0.35,18,6,0.1496187577,-0.4399478454,-0.8832215206,0.0432,0.2374,0.5904,0.005706460096,0.0333138165,0.1462001959,0.2705583516,0.3043130257,1.058544334,3.913124458,14.24493152,0.275,0.0822,0.0064,1.63995179,0.6082100886,0.1453403141,1.187364011,1.668294573,2.030075996,0.3578403713,0.9339698103
SPX_90_35_18M_R12,10,5000,63,SPX_90_35,SPX,18m/12m,SP500_1X,0.9,0.35,18,12,0.158434522,-0.4583192869,-0.8960664904,0.048,0.2136,0.3894,0.00210754623,0.03379294312,0.1546738915,0.2867026698,0.3252416266,1.021273966,4.212190091,16.70257468,0.3456,0.108,0.0078,1.683548473,0.5451503018,0.191055235,1.125539265,1.729611073,2.121966559,0.3675573097,0.9339464368
SPX_90_35_24M_R6,10,5000,63,SPX_90_35,SPX,24m/6m,SP500_1X,0.9,0.35,24,6,0.1449176798,-0.4059608458,-0.8528252113,0.0332,0.231,0.757,0.01513528303,0.04110148981,0.1422127196,0.2534719039,0.2840868942,1.162064756,3.779121631,12.18415673,0.1754,0.0418,0.0012,1.468642389,0.6794743942,0.1554529464,1.060241341,1.488399671,1.836381892,0.3590341151,0.9329570375
SPX_90_35_24M_R12,10,5000,63,SPX_90_35,SPX,24m/12m,SP500_1X,0.9,0.35,24,12,0.1524269473,-0.4166185064,-0.8670780832,0.0318,0.1972,0,0.01477075865,0.04482716182,0.1499072685,0.2666281405,0.2998311988,1.157899133,4.041523873,13.76301911,0.2002,0.0486,0.0014,1.49731471,0.6366104938,0.2019064125,1.01790227,1.527977947,1.894308081,0.3686439523,0.928902966
SPX_90_35_30M_R12,10,5000,63,SPX_90_35,SPX,30m/12m,SP500_1X,0.9,0.35,30,12,0.147770578,-0.3937497768,-0.8199537198,0.0246,0.2012,0.6188,0.02060939983,0.04651613584,0.1446472315,0.2527708684,0.2843872029,1.226262892,3.860435731,12.21267792,0.1276,0.0244,0.0006,1.384379068,0.6802312487,0.2240163748,0.9507358676,1.404986198,1.760973955,0.3685167532,0.9127433101
SPX_90_35_30M_R18,10,5000,63,SPX_90_35,SPX,30m/18m,SP500_1X,0.9,0.35,30,18,0.1506840894,-0.4045793764,-0.8249626385,0.0278,0.191,0.5394,0.0192220656,0.04563916586,0.1483509808,0.2601293564,0.2909182188,1.209697699,3.987165097,12.84799951,0.1602,0.0306,0.0004,1.410362047,0.6718865725,0.2300865321,0.9440372137,1.439457541,1.796138623,0.3776203428,0.9125409165
SPX_90_40_15M_R6,10,5000,63,SPX_90_40,SPX,15m/6m,SP500_1X,0.9,0.4,15,6,0.1622145069,-0.5100387166,-0.9253202656,0.0692,0.2496,0.4962,-0.01304249464,0.02068427985,0.1585104912,0.3092734548,0.3527917793,0.8769854049,4.354238899,20.51775841,0.5432,0.2338,0.0328,1.9975243,0.609044497,0.1278648975,1.467299908,2.040423725,2.434329094,0.4073505412,0.943109077
SPX_90_40_15M_R12,10,5000,63,SPX_90_40,SPX,15m/12m,SP500_1X,0.9,0.4,15,12,0.1715427355,-0.5366729453,-0.9401832912,0.0738,0.2272,0.3828,-0.01859450499,0.0175817806,0.1666585028,0.3321209341,0.3780186573,0.8288884682,4.670312787,24.68086394,0.6336,0.2944,0.052,2.046419372,0.468639808,0.1474784006,1.391825214,2.096665342,2.552993996,0.4156768925,0.9576259825
SPX_90_40_18M_R6,10,5000,63,SPX_90_40,SPX,18m/6m,SP500_1X,0.9,0.4,18,6,0.1581263826,-0.4867478402,-0.9153157469,0.0586,0.2354,0.6038,-0.00580458006,0.02638072655,0.1537963877,0.2962576911,0.3352101395,0.9434546776,4.18029286,18.00214887,0.4504,0.1678,0.02,1.868087712,0.6764094729,0.135857461,1.378575631,1.901135227,2.285210766,0.4069364923,0.9356856465
SPX_90_40_18M_R12,10,5000,63,SPX_90_40,SPX,18m/12m,SP500_1X,0.9,0.4,18,12,0.1673043552,-0.5061292673,-0.9262941176,0.0608,0.2158,0.4074,-0.009848638948,0.02659905127,0.1633665558,0.3124923602,0.3573958771,0.90577811,4.540208377,21.22675438,0.528,0.203,0.0244,1.912383733,0.6142079383,0.1703285628,1.320866228,1.958647724,2.378095151,0.4158476151,0.9362984213
SPX_90_40_24M_R6,10,5000,63,SPX_90_40,SPX,24m/6m,SP500_1X,0.9,0.4,24,6,0.1535558594,-0.4501341082,-0.8870160158,0.04,0.217,0.7558,0.006165580094,0.0354444198,0.1505125344,0.2768810843,0.3121234459,1.063385932,4.062844435,15.12117248,0.306,0.093,0.0068,1.672785449,0.7464781587,0.1458160729,1.229146415,1.696378114,2.064755286,0.4083568942,0.9321682904
SPX_90_40_24M_R12,10,5000,63,SPX_90_40,SPX,24m/12m,SP500_1X,0.9,0.4,24,12,0.1616613816,-0.4593243827,-0.9000397,0.042,0.186,0,0.006387322088,0.040032687,0.1575406873,0.2903230709,0.3289411839,1.065731865,4.317930803,17.17467587,0.3484,0.1038,0.0066,1.69995215,0.7168081204,0.1825282631,1.191172119,1.734284981,2.115114309,0.4176222522,0.9313943319
SPX_90_40_30M_R12,10,5000,63,SPX_90_40,SPX,30m/12m,SP500_1X,0.9,0.4,30,12,0.1568576217,-0.4348146693,-0.8586936513,0.0348,0.1804,0.6068,0.01329107296,0.04255584676,0.1536064563,0.2745962148,0.3100938169,1.141127916,4.173417447,14.88892675,0.2432,0.0614,0.0022,1.570942414,0.7620782856,0.2058513997,1.109672732,1.597491398,1.966375172,0.4175322047,0.9146237169
SPX_90_40_30M_R18,10,5000,63,SPX_90_40,SPX,30m/18m,SP500_1X,0.9,0.4,30,18,0.1598562874,-0.4454898885,-0.8641473051,0.0352,0.1734,0.5358,0.01308386995,0.04191883666,0.1566252701,0.283415211,0.3180640517,1.138797163,4.283909231,15.81980055,0.2838,0.0702,0.0024,1.596554229,0.7462181145,0.2163231314,1.104685727,1.629008737,1.999236608,0.4262955649,0.915985862
SPX_90_45_15M_R6,10,5000,63,SPX_90_45,SPX,15m/6m,SP500_1X,0.9,0.45,15,6,0.1693327948,-0.5596236597,-0.9532424972,0.0858,0.2644,0.5226,-0.02785652554,0.01114276219,0.1638007277,0.3357854766,0.3872948727,0.753911642,4.55717888,26.39326957,0.715,0.3704,0.0814,2.241119041,0.7175905783,0.1195913462,1.677522817,2.285956102,2.704961973,0.4559899749,0.9434558873
SPX_90_45_15M_R12,10,5000,63,SPX_90_45,SPX,15m/12m,SP500_1X,0.9,0.45,15,12,0.1786759684,-0.5857621892,-0.9602963841,0.092,0.2442,0.4122,-0.03422304904,0.005787571153,0.1721405442,0.3586557791,0.4097233142,0.7059752993,4.894433768,30.98380237,0.779,0.451,0.1046,2.288964279,0.5500949158,0.1298076923,1.611730911,2.334006203,2.841946752,0.4627810595,0.9598590814
SPX_90_45_18M_R6,10,5000,63,SPX_90_45,SPX,18m/6m,SP500_1X,0.9,0.45,18,6,0.1654747174,-0.5331314458,-0.9460084838,0.0726,0.2452,0.622,-0.01825716451,0.01781923385,0.1597369616,0.3217593707,0.3670424013,0.831741488,4.400549323,22.78421012,0.6366,0.2858,0.0484,2.095969048,0.7910592754,0.1282874925,1.576795547,2.130691935,2.539804018,0.4557616282,0.9361226849
SPX_90_45_18M_R12,10,5000,63,SPX_90_45,SPX,18m/12m,SP500_1X,0.9,0.45,18,12,0.1748753469,-0.5537272119,-0.9489798534,0.0762,0.231,0.429,-0.02167446555,0.01794775123,0.1703225414,0.3386134082,0.3894745107,0.8032430357,4.819058827,26.81083205,0.6988,0.3444,0.0622,2.139763429,0.7192995955,0.1521042084,1.526578085,2.18453288,2.636200088,0.4635177932,0.9376137078
SPX_90_45_24M_R6,10,5000,63,SPX_90_45,SPX,24m/6m,SP500_1X,0.9,0.45,24,6,0.1612657014,-0.4928463075,-0.917626995,0.054,0.2152,0.7548,-0.003452626532,0.02941974853,0.1569820248,0.2996681321,0.338629884,0.9660098335,4.29713935,18.46850809,0.4756,0.1732,0.0192,1.875780904,0.8539275142,0.1328883495,1.400796111,1.902240333,2.290158559,0.4573468018,0.9321094473
SPX_90_45_24M_R12,10,5000,63,SPX_90_45,SPX,24m/12m,SP500_1X,0.9,0.45,24,12,0.1699210907,-0.5019111305,-0.9260010024,0.0546,0.1876,0,-0.004139700714,0.03308094044,0.1647137746,0.3135669292,0.3567798931,0.9593711596,4.593053123,21.13063983,0.5082,0.1912,0.0214,1.900571941,0.8266706607,0.1647841872,1.370186875,1.936852948,2.337438596,0.4658892692,0.9352534518
SPX_90_45_30M_R12,10,5000,63,SPX_90_45,SPX,30m/12m,SP500_1X,0.9,0.45,30,12,0.1651028556,-0.47441882,-0.8903005217,0.0438,0.1758,0.5996,0.005028708368,0.03789362261,0.1616584764,0.2971686336,0.3367982844,1.051433258,4.473995789,18.21739282,0.4036,0.1242,0.0084,1.757306699,0.8632434985,0.1822800244,1.274222117,1.787402265,2.168618467,0.4659344723,0.92109268
SPX_90_45_30M_R18,10,5000,63,SPX_90_45,SPX,30m/18m,SP500_1X,0.9,0.45,30,18,0.1681628513,-0.4871660852,-0.8960078473,0.0444,0.174,0.5322,0.004920542556,0.03704283633,0.1647862901,0.3055508035,0.345427414,1.050302587,4.595913217,19.42792351,0.4486,0.1454,0.0116,1.781182433,0.8486683845,0.1917613636,1.269867285,1.814979179,2.20160061,0.474294404,0.9283751941
SP500_1X,20,5000,63,SP500_1X,SPX,index,SP500_1X,,,,,0.1124509016,-0.3877253433,-0.7886772753,0.0018,0,0,0.05038632973,0.06428365856,0.113378141,0.1599360013,0.1727436858,2.672890853,8.56749408,24.21375721,0.1314,0.0282,0.001,,,,,,,,
NASDAQ100_1X,20,5000,63,NASDAQ100_1X,NDX,index,NASDAQ100_1X,,,,,0.1508057183,-0.5236895559,-0.9345217988,0.0048,0,0,0.04793283945,0.07194219736,0.1509527636,0.2299998743,0.2528112096,2.550756688,16.63987393,90.72202651,0.584,0.264,0.0396,,,,,,,,
NDX_80_20_15M_R6,20,5000,63,NDX_80_20,NDX,15m/6m,NASDAQ100_1X,0.8,0.2,15,6,0.1290136297,-0.3566094493,-0.7694111503,0.001,0.7322,0.3238,0.0552737957,0.07144723115,0.1286454595,0.1864170271,0.2034452302,2.932939445,11.24995481,40.60005582,0.0742,0.0134,0.0006,0.667561264,0.2863537714,0.06593686354,0.4506736655,0.680088985,0.8396337647,0.2104432107,0.9667321029
NDX_80_20_15M_R12,20,5000,63,NDX_80_20,NDX,15m/12m,NASDAQ100_1X,0.8,0.2,15,12,0.1348538474,-0.3683598063,-0.7551194437,0.001,0.6884,0.1686,0.05822032957,0.07476485539,0.1337500668,0.1959526819,0.2128085017,3.101145586,12.31250776,47.40723869,0.0936,0.0142,0.0002,0.6874671149,0.2289864526,0.1385240029,0.3917263934,0.7116424737,0.8826481824,0.2218218686,0.9731885068
NDX_80_20_24M_R12,20,5000,63,NDX_80_20,NDX,24m/12m,NASDAQ100_1X,0.8,0.2,24,12,0.125722829,-0.3319039321,-0.7063843983,0.0006,0.7546,0,0.05677082272,0.07205109399,0.1251088716,0.1791104771,0.1949986836,3.017284676,10.56552259,35.26537794,0.0422,0.0068,0,0.5949859027,0.2877757769,0.1413934426,0.3536368976,0.6043043663,0.7944883775,0.2199408902,0.962691605
NDX_80_25_15M_R6,20,5000,63,NDX_80_25,NDX,15m/6m,NASDAQ100_1X,0.8,0.25,15,6,0.1429619423,-0.4111057604,-0.8450709854,0.002,0.6176,0.3338,0.05644452759,0.07464596161,0.1423619842,0.2115823615,0.2319418839,2.998707737,14.32434736,64.83423856,0.1842,0.0432,0.002,0.8294355204,0.2872434433,0.06167867741,0.5786833628,0.8470647363,1.021119927,0.2608421221,0.9579627858
NDX_80_25_15M_R12,20,5000,63,NDX_80_25,NDX,15m/12m,NASDAQ100_1X,0.8,0.25,15,12,0.1494541064,-0.4250534436,-0.8129063667,0.002,0.5328,0.1848,0.05875195299,0.07748195648,0.1486384094,0.222382989,0.2435864798,3.132452506,15.98330892,78.25639468,0.2288,0.055,0.0026,0.8496982628,0.2023609005,0.1248967795,0.5089331377,0.8827731049,1.06036248,0.2726201239,0.9710302919
NDX_80_25_24M_R12,20,5000,63,NDX_80_25,NDX,24m/12m,NASDAQ100_1X,0.8,0.25,24,12,0.1391502429,-0.3772951946,-0.779516894,0.001,0.6572,0,0.0581097229,0.07606282629,0.1380499481,0.2021029501,0.2211628452,3.094668397,13.28086818,54.38408461,0.1038,0.019,0.0006,0.7360342505,0.3030899748,0.133180778,0.4558694968,0.7521843717,0.95296045,0.2710310031,0.9563246082
NDX_80_30_15M_R6,20,5000,63,NDX_80_30,NDX,15m/6m,NASDAQ100_1X,0.8,0.3,15,6,0.155449196,-0.4689144835,-0.898431036,0.0042,0.4286,0.3406,0.05438920698,0.07536891944,0.1544222252,0.2368328114,0.2608669761,2.884157911,17.67232096,103.1300945,0.3724,0.1188,0.0102,0.9902312444,0.2931473393,0.05337361531,0.7124305766,1.012672879,1.197065448,0.3106272135,0.954094181
NDX_80_30_15M_R12,20,5000,63,NDX_80_30,NDX,15m/12m,NASDAQ100_1X,0.8,0.3,15,12,0.1624173757,-0.4828045775,-0.8630858771,0.004,0.32,0.2044,0.05693881837,0.07885261362,0.1609642731,0.247589378,0.273414247,3.026892341,19.7868702,125.7170575,0.4296,0.1448,0.0118,1.009110029,0.1822458724,0.1134766017,0.6349326909,1.049094181,1.235705114,0.3221875356,0.9669144828
NDX_80_30_24M_R12,20,5000,63,NDX_80_30,NDX,24m/12m,NASDAQ100_1X,0.8,0.3,24,12,0.1513652472,-0.42630115,-0.8415845066,0.0014,0.508,0,0.05826715143,0.07814650776,0.1506169459,0.2245960785,0.24679712,3.103890154,16.54303994,82.39784162,0.2236,0.0554,0.0028,0.8746929151,0.3156402515,0.1228359439,0.5640050234,0.8974629182,1.103282256,0.3211008504,0.9507708952
NDX_80_35_15M_R6,20,5000,63,NDX_80_35,NDX,15m/6m,NASDAQ100_1X,0.8,0.35,15,6,0.1664587649,-0.5251388321,-0.9357185936,0.0078,0.2686,0.3596,0.05063203862,0.07394196062,0.1649270848,0.2599901988,0.2881303842,2.685423631,21.18238497,158.1963624,0.5972,0.2508,0.0304,1.150029464,0.3142903655,0.04480896179,0.853284388,1.17549155,1.371530389,0.3598997621,0.9526224206
NDX_80_35_15M_R12,20,5000,63,NDX_80_35,NDX,15m/12m,NASDAQ100_1X,0.8,0.35,15,12,0.1737674658,-0.5405719941,-0.9139091081,0.0072,0.1976,0.228,0.0518606264,0.07784540549,0.17187557,0.2718952249,0.3018970391,2.748933529,23.85777907,195.6738577,0.6588,0.2954,0.041,1.167328373,0.1780634839,0.09461892378,0.7712958774,1.20873004,1.409754132,0.3706906566,0.9676410042
NDX_80_35_24M_R12,20,5000,63,NDX_80_35,NDX,24m/12m,NASDAQ100_1X,0.8,0.35,24,12,0.1624004774,-0.4772714111,-0.8896934058,0.004,0.3098,0,0.05654902751,0.07912045661,0.1612666505,0.2466845715,0.272819019,3.004647322,19.89019707,124.5470096,0.4082,0.1292,0.0102,1.011736366,0.3364280877,0.1120706969,0.6799692391,1.040015183,1.249894064,0.3703239117,0.9478361396
NDX_80_40_15M_R6,20,5000,63,NDX_80_40,NDX,15m/6m,NASDAQ100_1X,0.8,0.4,15,6,0.1759619012,-0.5817961298,-0.9603318192,0.0134,0.1932,0.3824,0.04426916472,0.07066554571,0.1733578914,0.2826891707,0.3145552766,2.378204207,24.46864783,237.4530245,0.7814,0.4352,0.0864,1.30903776,0.3647301693,0.036,1.00032791,1.33513769,1.546679313,0.4087521279,0.9503431056
NDX_80_40_15M_R12,20,5000,63,NDX_80_40,NDX,15m/12m,NASDAQ100_1X,0.8,0.4,15,12,0.1835030507,-0.5960617827,-0.9474491631,0.0136,0.152,0.2542,0.04449527263,0.07515426538,0.1805467935,0.2946551443,0.3296770429,2.388525852,27.64804173,298.4856345,0.8334,0.4856,0.1022,1.324185308,0.1978646196,0.078,0.9181408598,1.362842011,1.587225522,0.4183521647,0.9683321572
NDX_80_40_24M_R12,20,5000,63,NDX_80_40,NDX,24m/12m,NASDAQ100_1X,0.8,0.4,24,12,0.172272874,-0.5275771515,-0.9245339717,0.0054,0.1812,0,0.05353887835,0.07939236299,0.170436838,0.2676174063,0.2973468636,2.83799474,23.27875506,182.4408786,0.5984,0.2484,0.0298,1.147725064,0.3775925632,0.1006603962,0.8035422,1.178316964,1.395959525,0.4189391274,0.9461910369
NDX_85_20_15M_R6,20,5000,63,NDX_85_20,NDX,15m/6m,NASDAQ100_1X,0.85,0.2,15,6,0.133813839,-0.3765780259,-0.8061231369,0.0016,0.6968,0.323,0.05451013089,0.07127973645,0.1327947204,0.1964264887,0.2148555622,2.890781239,12.106661,49.03351024,0.1062,0.0208,0.0008,0.72962216,0.2619658866,0.0839322977,0.4619166351,0.7406189215,0.9528051485,0.2108137922,0.9621323901
NDX_85_20_15M_R12,20,5000,63,NDX_85_20,NDX,15m/12m,NASDAQ100_1X,0.85,0.2,15,12,0.1402462161,-0.3924323647,-0.7817706505,0.0018,0.648,0.1852,0.0565646708,0.07414001055,0.1387402354,0.2069758082,0.2271537021,3.005534343,13.44291113,59.97624561,0.1438,0.0274,0.0014,0.7548679212,0.1832891962,0.1589664988,0.3819746403,0.7825284488,1.006295146,0.2224309467,0.9683968871
NDX_85_20_24M_R12,20,5000,63,NDX_85_20,NDX,24m/12m,NASDAQ100_1X,0.85,0.2,24,12,0.1296187784,-0.3465608909,-0.729214476,0.0006,0.7322,0,0.05600115777,0.07221226903,0.1286584951,0.1865606143,0.2033721033,2.973636585,11.25255374,40.55074581,0.0562,0.0088,0,0.6376974669,0.2720036063,0.1625929862,0.3572337056,0.6461173075,0.8767187261,0.2205749013,0.9567670972
NDX_85_25_15M_R6,20,5000,63,NDX_85_25,NDX,15m/6m,NASDAQ100_1X,0.85,0.25,15,6,0.1482749186,-0.4352057875,-0.8759509073,0.0036,0.54,0.3302,0.05408692893,0.07409507489,0.1473788603,0.2241211401,0.2463531514,2.867665957,15.63640404,81.81301263,0.2612,0.069,0.004,0.9061542453,0.2530916497,0.08227328683,0.5943313241,0.9226143634,1.155691157,0.261059592,0.9534716125
NDX_85_25_15M_R12,20,5000,63,NDX_85_25,NDX,15m/12m,NASDAQ100_1X,0.85,0.25,15,12,0.1552761305,-0.4535881681,-0.8344165078,0.0034,0.442,0.2034,0.05577769008,0.07627480538,0.1533975774,0.2357266144,0.2611724943,2.961076397,17.36123963,103.631052,0.3242,0.0936,0.0054,0.9318608561,0.146175618,0.1411550889,0.4973018252,0.9713899156,1.207839192,0.2729050804,0.9652922979
NDX_85_25_24M_R12,20,5000,63,NDX_85_25,NDX,24m/12m,NASDAQ100_1X,0.85,0.25,24,12,0.143530298,-0.3948726858,-0.8051317649,0.001,0.6096,0,0.05713012765,0.07604927095,0.1425663197,0.2111472259,0.2327141665,3.037868733,14.375679,65.65196824,0.142,0.028,0.0012,0.7881757825,0.2815446788,0.1481802426,0.4618284101,0.8038332004,1.049300469,0.2716196413,0.9498572608
NDX_85_30_15M_R6,20,5000,63,NDX_85_30,NDX,15m/6m,NASDAQ100_1X,0.85,0.3,15,6,0.1610246761,-0.4974794587,-0.922613677,0.0064,0.3478,0.3466,0.05112582582,0.07345059499,0.1596798625,0.2499848335,0.2777677812,2.710779269,19.35362523,134.5980391,0.4894,0.1734,0.019,1.080468386,0.2561943101,0.07336139507,0.7337207284,1.102782525,1.352559806,0.3106557933,0.9513964389
NDX_85_30_15M_R12,20,5000,63,NDX_85_30,NDX,15m/12m,NASDAQ100_1X,0.85,0.3,15,12,0.1683675934,-0.5161930236,-0.8952322199,0.0066,0.2668,0.2292,0.05178046549,0.07588504999,0.1658069218,0.2631659274,0.2924237695,2.744745075,21.50466428,169.0826348,0.5606,0.2252,0.0244,1.10592339,0.1271554408,0.12484994,0.6228202904,1.154244022,1.405791062,0.3219532913,0.9699700111
NDX_85_30_24M_R12,20,5000,63,NDX_85_30,NDX,24m/12m,NASDAQ100_1X,0.85,0.3,24,12,0.1560735054,-0.4469668447,-0.8644978881,0.0026,0.4228,0,0.05623067189,0.0774138168,0.1545917474,0.2354458701,0.2605604737,2.986589769,17.7242955,102.6298657,0.29,0.0768,0.0044,0.9361620103,0.2914913352,0.1411788536,0.5730853233,0.9595467674,1.213839651,0.3215157718,0.9464923909
NDX_85_35_15M_R6,20,5000,63,NDX_85_35,NDX,15m/6m,NASDAQ100_1X,0.85,0.35,15,6,0.1720507575,-0.5580834006,-0.9536293476,0.011,0.236,0.3676,0.04526934121,0.07045030361,0.1697721408,0.2750420671,0.3066107499,2.424176609,23.01576851,210.3412943,0.71,0.3462,0.0594,1.254264046,0.2780481311,0.06381276255,0.8808818781,1.280406849,1.547053415,0.3597022477,0.9491274602
NDX_85_35_15M_R12,20,5000,63,NDX_85_35,NDX,15m/12m,NASDAQ100_1X,0.85,0.35,15,12,0.179556718,-0.5759714729,-0.9380157251,0.0124,0.1914,0.2586,0.04486320091,0.07325605124,0.1766482116,0.2881048545,0.3228317923,2.405409498,25.87812419,269.2108152,0.7826,0.4142,0.0748,1.277776164,0.1242176877,0.1092,0.7607317968,1.328083216,1.602990337,0.3699622623,0.9684314872
NDX_85_35_24M_R12,20,5000,63,NDX_85_35,NDX,24m/12m,NASDAQ100_1X,0.85,0.35,24,12,0.1672902751,-0.4995433074,-0.9086317651,0.0048,0.2578,0,0.05379195893,0.07770487203,0.1653208963,0.2581042337,0.2877574255,2.851659402,21.32606282,157.2828091,0.4992,0.1778,0.0152,1.082159727,0.3086062227,0.1283797316,0.6920346036,1.111553964,1.374047886,0.370464261,0.9450965617
NDX_85_40_15M_R6,20,5000,63,NDX_85_40,NDX,15m/6m,NASDAQ100_1X,0.85,0.4,15,6,0.1813254115,-0.6149018251,-0.9730078669,0.0182,0.2002,0.3996,0.03794520822,0.06631647435,0.1779569166,0.2987167395,0.3354525631,2.10615558,26.45989603,325.5137861,0.8702,0.5518,0.1344,1.427293627,0.3261906406,0.0524,1.036193715,1.454457797,1.740763175,0.4082943259,0.9481970098
NDX_85_40_15M_R12,20,5000,63,NDX_85_40,NDX,15m/12m,NASDAQ100_1X,0.85,0.4,15,12,0.1888471209,-0.6330415909,-0.9644253252,0.0194,0.1738,0.29,0.035861711,0.06893866443,0.1848109042,0.3118235304,0.3510852653,2.023185161,29.71535132,410.8234484,0.9178,0.6166,0.1648,1.448859352,0.1359055542,0.0906,0.9104280328,1.496182431,1.800609664,0.4170441492,0.9679563765
NDX_85_40_24M_R12,20,5000,63,NDX_85_40,NDX,24m/12m,NASDAQ100_1X,0.85,0.4,24,12,0.177203157,-0.5513346225,-0.9396056612,0.0076,0.169,0,0.04910065206,0.07723262233,0.1749704252,0.2800698212,0.3126525227,2.608213613,25.15004291,230.672369,0.6906,0.3264,0.0452,1.22679746,0.3492584382,0.1084,0.8191593488,1.259303172,1.532163761,0.4187657768,0.9447313394
NDX_90_20_15M_R6,20,5000,63,NDX_90_20,NDX,15m/6m,NASDAQ100_1X,0.9,0.2,15,6,0.1379363673,-0.3975914071,-0.8386059595,0.0026,0.668,0.3364,0.0518246575,0.07053190334,0.1368104437,0.2071328693,0.2267990507,2.747052593,12.99454553,59.63053221,0.1508,0.0332,0.0014,0.7943275027,0.2306518398,0.1061233384,0.4692573125,0.8017096047,1.082403216,0.2109708013,0.9585741706
NDX_90_20_15M_R12,20,5000,63,NDX_90_20,NDX,15m/12m,NASDAQ100_1X,0.9,0.2,15,12,0.1449588437,-0.4185853727,-0.8148718471,0.0026,0.5922,0.2136,0.05366348463,0.07260634419,0.1428063136,0.2186985728,0.2420076927,2.844713953,14.43619123,76.29318475,0.2112,0.0454,0.002,0.826419872,0.1318147008,0.1804542613,0.362742621,0.8542350233,1.154511431,0.2225264172,0.9653499983
NDX_90_20_24M_R12,20,5000,63,NDX_90_20,NDX,24m/12m,NASDAQ100_1X,0.9,0.2,24,12,0.1332689066,-0.3616219741,-0.7525134531,0.001,0.7096,0,0.05494770112,0.07180647036,0.1321837069,0.1946869106,0.212760339,2.91486614,11.97672325,47.36959977,0.0776,0.0124,0.0002,0.6813596251,0.2585127472,0.1811505508,0.3588677019,0.6876099896,0.9677435891,0.2210810416,0.9502373347
NDX_90_25_15M_R6,20,5000,63,NDX_90_25,NDX,15m/6m,NASDAQ100_1X,0.9,0.25,15,6,0.1526240817,-0.4615906422,-0.9018989332,0.0046,0.4752,0.3498,0.05040999707,0.07215106855,0.1509146907,0.2356313751,0.2615419683,2.67409628,16.62886761,104.2399267,0.3538,0.107,0.0076,0.9853649106,0.2191481213,0.101958409,0.6044497559,0.9989461611,1.309103354,0.2610091953,0.952891187
NDX_90_25_15M_R12,20,5000,63,NDX_90_25,NDX,15m/12m,NASDAQ100_1X,0.9,0.25,15,12,0.160083397,-0.485311405,-0.8673499656,0.0058,0.3798,0.2392,0.05123126594,0.07318860189,0.1571316184,0.2499232604,0.2782961441,2.71622294,18.52060767,135.7156571,0.443,0.1486,0.0114,1.01884155,0.0952323513,0.1584436422,0.4745548951,1.060413484,1.382852621,0.2726861361,0.9698694107
NDX_90_25_24M_R12,20,5000,63,NDX_90_25,NDX,24m/12m,NASDAQ100_1X,0.9,0.25,24,12,0.1475469075,-0.4140417146,-0.8286410438,0.0018,0.562,0,0.05464922043,0.07577463087,0.1462916972,0.2205395902,0.2440529813,2.89841931,15.34274214,78.84563909,0.187,0.0406,0.0022,0.8413444606,0.2585708422,0.1647157191,0.4646099722,0.8548789527,1.156711637,0.2718845434,0.9468064486
NDX_90_30_15M_R6,20,5000,63,NDX_90_30,NDX,15m/6m,NASDAQ100_1X,0.9,0.3,15,6,0.1653180165,-0.5268886759,-0.9419833426,0.0092,0.3164,0.3712,0.04543787803,0.07011857093,0.1631341542,0.2628750214,0.2938670279,2.432006008,20.53979859,172.8991768,0.608,0.2504,0.0322,1.174918372,0.2207085425,0.09103641457,0.7484059719,1.194294425,1.52875444,0.3103455183,0.9541176717
NDX_90_30_15M_R12,20,5000,63,NDX_90_30,NDX,15m/12m,NASDAQ100_1X,0.9,0.3,15,12,0.1729291158,-0.551264621,-0.9206540218,0.0124,0.2592,0.2712,0.04549545701,0.07105309048,0.1691489925,0.2786248188,0.3125324351,2.434687548,22.77179152,230.250727,0.6966,0.3294,0.0464,1.207885414,0.08209882,0.1394278856,0.5974413302,1.260291139,1.605850544,0.3212382022,0.9726812207
NDX_90_30_24M_R12,20,5000,63,NDX_90_30,NDX,24m/12m,NASDAQ100_1X,0.9,0.3,24,12,0.1602883132,-0.4677893353,-0.8841971085,0.0044,0.3696,0,0.05327620771,0.0766462452,0.1581995554,0.2457221116,0.2744609015,2.823875314,18.86548105,127.7998463,0.3728,0.1096,0.009,0.9984605006,0.265001467,0.1536914102,0.5782393976,1.020633285,1.334768385,0.3215603804,0.944275637
NDX_90_35_15M_R6,20,5000,63,NDX_90_35,NDX,15m/6m,NASDAQ100_1X,0.9,0.35,15,6,0.1760142337,-0.5898956594,-0.9670370762,0.0168,0.2436,0.4016,0.03878185574,0.06558228331,0.1724579487,0.2885810681,0.3252587009,2.140361686,24.09603993,279.2629272,0.8086,0.4638,0.0964,1.362791149,0.244274836,0.084,0.9022001331,1.386601901,1.744049371,0.3591214893,0.9514360556
NDX_90_35_15M_R12,20,5000,63,NDX_90_35,NDX,15m/12m,NASDAQ100_1X,0.9,0.35,15,12,0.1835502907,-0.6130161287,-0.9557247227,0.018,0.214,0.3058,0.03729920372,0.06593231644,0.1790352593,0.3041704002,0.3435648426,2.080084993,26.94857843,367.4283146,0.881,0.5484,0.1232,1.394398289,0.08026828236,0.1194,0.7323992766,1.450876788,1.826505899,0.3685417064,0.973107679
NDX_90_35_24M_R12,20,5000,63,NDX_90_35,NDX,24m/12m,NASDAQ100_1X,0.9,0.35,24,12,0.1715463673,-0.5228101912,-0.9243911773,0.0064,0.2336,0,0.0493225767,0.07639630716,0.1688951144,0.2696847948,0.3031512667,2.619270434,22.67309898,199.4787393,0.5854,0.2354,0.0256,1.153855197,0.2817968729,0.1424854913,0.6998125817,1.182739844,1.507433759,0.3702585892,0.9422208275
NDX_90_40_15M_R6,20,5000,63,NDX_90_40,NDX,15m/6m,NASDAQ100_1X,0.9,0.4,15,6,0.1846892911,-0.648442068,-0.9819427998,0.0248,0.2244,0.4412,0.0287318837,0.0597117935,0.1798720207,0.312876149,0.3554517037,1.762155603,27.33367835,438.2087464,0.929,0.669,0.1944,1.550109096,0.2871496837,0.0714,1.063834122,1.57596717,1.957307953,0.4073834894,0.9505846221
NDX_90_40_15M_R12,20,5000,63,NDX_90_40,NDX,15m/12m,NASDAQ100_1X,0.9,0.4,15,12,0.1919595287,-0.6707658496,-0.9761530049,0.0256,0.2096,0.3502,0.02614819256,0.0600679967,0.1865124029,0.3279088838,0.3723712109,1.675722351,30.58057503,561.6064532,0.9644,0.7458,0.2532,1.579615653,0.0874882501,0.1034,0.8796884689,1.634485291,2.04605718,0.4150977023,0.9718457575
NDX_90_40_24M_R12,20,5000,63,NDX_90_40,NDX,24m/12m,NASDAQ100_1X,0.9,0.4,24,12,0.1813506578,-0.5755103946,-0.9517356328,0.0106,0.174,0,0.04429270357,0.07429042249,0.1784087583,0.291787063,0.3277275673,2.37928341,26.66362747,289.854231,0.776,0.4144,0.0692,1.30757593,0.3210171937,0.1228,0.8298879606,1.340291363,1.678924676,0.4182476371,0.9452520359
SPX_80_25_15M_R6,20,5000,63,SPX_80_25,SPX,15m/6m,SP500_1X,0.8,0.25,15,6,0.1220714254,-0.3573707962,-0.7309582728,0.0008,0.3412,0.411,0.05648443058,0.06957169647,0.1213686644,0.1753006753,0.1904240403,3.000972827,9.884809909,32.6613232,0.0666,0.0092,0,0.9858588482,0.4462422294,0.09285888374,0.7626194791,1.004569159,1.157461352,0.2588927065,0.9470869154
SPX_80_25_15M_R12,20,5000,63,SPX_80_25,SPX,15m/12m,SP500_1X,0.8,0.25,15,12,0.1282457066,-0.3670091023,-0.7658187826,0.0014,0.2424,0.1658,0.05953913683,0.07409649819,0.1277759201,0.1826546602,0.199500233,3.179362651,11.07787272,38.01952915,0.0788,0.0106,0.0002,1.002961655,0.4116772906,0.1392554194,0.7326623859,1.027155968,1.193552118,0.2693346087,0.9568175652
SPX_80_25_18M_R6,20,5000,63,SPX_80_25,SPX,18m/6m,SP500_1X,0.8,0.25,18,6,0.1190520047,-0.3470749756,-0.739872316,0.0012,0.3924,0.6658,0.05602969497,0.06840148065,0.1180649582,0.1699380048,0.1851969282,2.975244372,9.318386615,29.90958203,0.0526,0.0078,0,0.9443364203,0.4571987328,0.108751942,0.7219594011,0.9605015823,1.122986603,0.2584162744,0.9383949638
SPX_80_25_18M_R12,20,5000,63,SPX_80_25,SPX,18m/12m,SP500_1X,0.8,0.25,18,12,0.1252157068,-0.3549511313,-0.7458090682,0.001,0.2934,0.2614,0.05940904527,0.07261658792,0.124332657,0.1782552018,0.1933297128,3.171564398,10.42069073,34.29328673,0.0602,0.0088,0,0.9626459943,0.4457706373,0.1673218673,0.690885106,0.9853500806,1.160702138,0.268214317,0.9404888582
SPX_80_25_24M_R6,20,5000,63,SPX_80_25,SPX,24m/6m,SP500_1X,0.8,0.25,24,6,0.1152220455,-0.3323929523,-0.7165290152,0.0008,0.466,0.8994,0.05524820979,0.06739005642,0.1141755434,0.1634628048,0.1773562309,2.931519115,8.691054075,26.19134077,0.0358,0.004,0,0.8767910751,0.4785440255,0.1190612479,0.6575046368,0.8883808298,1.064843954,0.258551279,0.9389009177
SPX_80_25_24M_R12,20,5000,63,SPX_80_25,SPX,24m/12m,SP500_1X,0.8,0.25,24,12,0.1209098052,-0.3379285886,-0.7261880101,0.0008,0.366,0,0.05917441864,0.07246840803,0.1204591217,0.1707685706,0.1848586376,3.157545923,9.725688153,29.73930532,0.0362,0.0044,0,0.8932524923,0.4815108086,0.1765028822,0.6272840597,0.9099094196,1.10302879,0.2677919781,0.9327169026
SPX_80_25_30M_R12,20,5000,63,SPX_80_25,SPX,30m/12m,SP500_1X,0.8,0.25,30,12,0.1175430077,-0.3252922122,-0.6733113944,0.0006,0.4218,0.7044,0.05906215217,0.07049289128,0.1168615178,0.164808103,0.178338044,3.150858927,9.119825872,26.63164524,0.0272,0.0024,0,0.8421298279,0.4804097164,0.196300716,0.5865261552,0.8544259965,1.055082243,0.2669787837,0.92216127
SPX_80_25_30M_R18,20,5000,63,SPX_80_25,SPX,30m/18m,SP500_1X,0.8,0.25,30,18,0.1198292176,-0.3320555721,-0.6780376658,0.0004,0.3876,0.5682,0.06023662882,0.07222129933,0.1195524767,0.1679766582,0.1823670916,3.221484761,9.569496904,28.51324753,0.0306,0.0034,0,0.8568073202,0.4855813929,0.2052014861,0.5700833804,0.8735673627,1.083647122,0.2751052788,0.9231158234
SPX_80_30_15M_R6,20,5000,63,SPX_80_30,SPX,15m/6m,SP500_1X,0.8,0.3,15,6,0.1322366443,-0.4013880188,-0.7928801704,0.0018,0.1908,0.4212,0.05648922955,0.07104206146,0.1312762881,0.1935636601,0.2109986753,3.001245206,11.78619674,46.01223866,0.1524,0.0286,0.001,1.178597867,0.4681919949,0.0908509277,0.9287067115,1.201449713,1.367968636,0.3089993767,0.9409125201
SPX_80_30_15M_R12,20,5000,63,SPX_80_30,SPX,15m/12m,SP500_1X,0.8,0.3,15,12,0.139179294,-0.4139341328,-0.8256508444,0.0016,0.1176,0.1788,0.05982207129,0.07623993035,0.1380871818,0.2020149364,0.2209997444,3.196386396,13.28956111,54.23897938,0.1802,0.0364,0.0006,1.195361275,0.4170345835,0.1349873844,0.9009069713,1.221891196,1.404126183,0.3196688266,0.9514123861
SPX_80_30_18M_R6,20,5000,63,SPX_80_30,SPX,18m/6m,SP500_1X,0.8,0.3,18,6,0.1288241007,-0.3896008765,-0.7898098903,0.0018,0.228,0.6698,0.05544375908,0.07069514109,0.1278622837,0.1869569502,0.2045978661,2.942404089,11.09485108,41.38488859,0.1214,0.0244,0.0006,1.129423172,0.4928634461,0.1017320763,0.8788737009,1.149266874,1.326585725,0.3085599142,0.9324448569
SPX_80_30_18M_R12,20,5000,63,SPX_80_30,SPX,18m/12m,SP500_1X,0.8,0.3,18,12,0.1357807367,-0.3987247818,-0.8064687158,0.0016,0.1464,0.2684,0.05937815452,0.07527699956,0.1350356908,0.1969353104,0.2147836829,3.169715345,12.59477344,48.97551417,0.1372,0.0244,0.0002,1.147140951,0.4674397402,0.168204248,0.8487060238,1.173437926,1.362094296,0.3185676534,0.9328551923
SPX_80_30_24M_R6,20,5000,63,SPX_80_30,SPX,24m/6m,SP500_1X,0.8,0.3,24,6,0.124506413,-0.3704887588,-0.763792489,0.0012,0.2916,0.9028,0.05596649248,0.07020052375,0.1235773961,0.1792260437,0.1955694913,2.971684888,10.28158044,35.60381065,0.0814,0.013,0.0004,1.048333003,0.5210627302,0.1179593721,0.8000700105,1.063193773,1.256352662,0.3087901399,0.9261971271
SPX_80_30_24M_R12,20,5000,63,SPX_80_30,SPX,24m/12m,SP500_1X,0.8,0.3,24,12,0.131029063,-0.3765841081,-0.7723653091,0.001,0.197,0,0.06102122537,0.0749559901,0.1297035893,0.1877230007,0.2040418394,3.269500875,11.4627859,41.00451221,0.0848,0.012,0.0004,1.064438749,0.5142825384,0.1815712022,0.7696495464,1.085979277,1.290098168,0.3184090819,0.9239966888
SPX_80_30_30M_R12,20,5000,63,SPX_80_30,SPX,30m/12m,SP500_1X,0.8,0.3,30,12,0.1272100811,-0.361093585,-0.7297872626,0.001,0.2506,0.7066,0.06037085063,0.07370331106,0.126650134,0.1811370754,0.197009025,3.229651128,10.85879052,36.47106932,0.0606,0.0084,0,1.003748597,0.5288856036,0.1958689459,0.7186166795,1.020406155,1.233211325,0.3176339158,0.9124346944
SPX_80_30_30M_R18,20,5000,63,SPX_80_30,SPX,30m/18m,SP500_1X,0.8,0.3,30,18,0.1297004529,-0.369669356,-0.7372639092,0.0008,0.214,0.5752,0.06209817331,0.07550033968,0.1288496434,0.1842630315,0.2016978104,3.336516204,11.2907302,39.4371388,0.066,0.0086,0,1.018730607,0.5154947181,0.2110306146,0.7020811954,1.040223864,1.259088585,0.3261164551,0.9159143737
SPX_80_35_15M_R6,20,5000,63,SPX_80_35,SPX,15m/6m,SP500_1X,0.8,0.35,15,6,0.1415177436,-0.4488388676,-0.8425269482,0.0036,0.1166,0.4346,0.05409228286,0.07185787032,0.1404286263,0.2121566427,0.2316424505,2.867957908,13.84720761,64.51979994,0.298,0.0802,0.0036,1.37066257,0.5047789376,0.08390758006,1.098018305,1.395726571,1.575958511,0.3587852973,0.937531099
SPX_80_35_15M_R12,20,5000,63,SPX_80_35,SPX,15m/12m,SP500_1X,0.8,0.35,15,12,0.149131618,-0.4625817286,-0.8720198494,0.0026,0.0718,0.1964,0.05841615829,0.07714005574,0.1479338087,0.2208974952,0.2417160771,3.11264303,15.7883577,75.93571455,0.3402,0.1022,0.0046,1.386007268,0.440257183,0.1207349081,1.076760265,1.412248516,1.614282632,0.3692308633,0.9517322803
SPX_80_35_18M_R6,20,5000,63,SPX_80_35,SPX,18m/6m,SP500_1X,0.8,0.35,18,6,0.1377904719,-0.434612441,-0.8314736397,0.0024,0.139,0.6736,0.05486426138,0.07174325441,0.1367058511,0.2049223464,0.2246208405,2.910258582,12.9706559,57.54835906,0.242,0.0578,0.002,1.313659049,0.5389839718,0.08943589744,1.039347222,1.336106095,1.527413033,0.3583857213,0.9310993026
SPX_80_35_18M_R12,20,5000,63,SPX_80_35,SPX,18m/12m,SP500_1X,0.8,0.35,18,12,0.1454517638,-0.4444625243,-0.8543072298,0.002,0.0818,0.2806,0.05833985646,0.0765876601,0.1442267497,0.2150852108,0.2356278823,3.108157886,14.79932599,68.82623294,0.266,0.0678,0.0022,1.329730637,0.5073883317,0.1515151515,1.01351926,1.357373613,1.561591774,0.3682916697,0.9327624426
SPX_80_35_24M_R6,20,5000,63,SPX_80_35,SPX,24m/6m,SP500_1X,0.8,0.35,24,6,0.1330911039,-0.4112558805,-0.8059530952,0.0018,0.1734,0.9076,0.05527189784,0.07155975201,0.1320568135,0.1954483475,0.2139489755,2.932833899,11.94990518,48.30684441,0.1676,0.0348,0.001,1.218713726,0.5754775183,0.106910313,0.9446235149,1.237110139,1.444132419,0.3586603477,0.9251990858
SPX_80_35_24M_R12,20,5000,63,SPX_80_35,SPX,24m/12m,SP500_1X,0.8,0.35,24,12,0.1404000331,-0.4184535773,-0.812509851,0.0014,0.1038,0,0.05979013024,0.0769270666,0.1390642168,0.2045576246,0.2231781526,3.194459694,13.5196121,56.20750523,0.1814,0.0338,0.0012,1.234305181,0.5557714128,0.1736053289,0.9172143195,1.258900271,1.474140097,0.3682350671,0.9218959279
SPX_80_35_30M_R12,20,5000,63,SPX_80_35,SPX,30m/12m,SP500_1X,0.8,0.35,30,12,0.1362030792,-0.400043217,-0.7822313416,0.001,0.1336,0.708,0.05998824968,0.07617413461,0.1351725587,0.1974421789,0.2157165801,3.206424736,12.62518358,49.73324554,0.1242,0.022,0.0002,1.163361599,0.5848522418,0.1877394636,0.8555344498,1.184100462,1.406840927,0.3676057214,0.9054520279
SPX_80_35_30M_R18,20,5000,63,SPX_80_35,SPX,30m/18m,SP500_1X,0.8,0.35,30,18,0.1388594558,-0.4082632625,-0.7902240692,0.0008,0.112,0.5798,0.06168524428,0.07702300476,0.1379644402,0.2009692328,0.2193254127,3.310668016,13.26092682,52.77065755,0.1486,0.0248,0.0004,1.178975782,0.569386285,0.199534982,0.8395294654,1.203223806,1.43097367,0.3761282114,0.9159150882
SPX_85_25_15M_R6,20,5000,63,SPX_85_25,SPX,15m/6m,SP500_1X,0.85,0.25,15,6,0.1275775646,-0.3846863671,-0.7725864615,0.002,0.2656,0.3888,0.05418386519,0.06860302734,0.1264585586,0.1875867762,0.2043622083,2.872944945,10.82192195,41.22329687,0.1172,0.02,0.0008,1.118445764,0.3938089874,0.1332445037,0.8083205122,1.142084212,1.364471285,0.2592431562,0.9396392329
SPX_85_25_15M_R12,20,5000,63,SPX_85_25,SPX,15m/12m,SP500_1X,0.85,0.25,15,12,0.1346053443,-0.4004774452,-0.8071912597,0.0018,0.1808,0.1892,0.05697640652,0.07237733483,0.1335446998,0.1972264075,0.2160724832,3.029045976,12.26797959,50.02524597,0.147,0.028,0.0006,1.147243651,0.3266346712,0.1760396466,0.7558107606,1.183053795,1.419786458,0.2699636354,0.94789251
SPX_85_25_18M_R6,20,5000,63,SPX_85_25,SPX,18m/6m,SP500_1X,0.85,0.25,18,6,0.1239807125,-0.3707180359,-0.7648055938,0.0016,0.3168,0.6206,0.05436325774,0.06839560729,0.1230262582,0.1799411207,0.1973839355,2.882738915,10.18118252,36.70021045,0.0886,0.0136,0.0006,1.058026028,0.4264084125,0.1473317865,0.7624445896,1.076736224,1.305184711,0.2587580204,0.9323108089
SPX_85_25_18M_R12,20,5000,63,SPX_85_25,SPX,18m/12m,SP500_1X,0.85,0.25,18,12,0.1307518925,-0.3826686981,-0.7835939798,0.0014,0.22,0.2798,0.05682658816,0.07165415812,0.1298171157,0.1904079676,0.2081218573,3.020470658,11.48584701,43.87477168,0.1062,0.0178,0.0002,1.086054016,0.388052805,0.1947791165,0.7152930564,1.115952072,1.359488168,0.2687698106,0.9314965302
SPX_85_25_24M_R6,20,5000,63,SPX_85_25,SPX,24m/6m,SP500_1X,0.85,0.25,24,6,0.1195183854,-0.3499305836,-0.7415904088,0.0012,0.3876,0.8664,0.05490031233,0.06801310304,0.1182980144,0.1718467966,0.1876141077,2.912248422,9.357311436,31.15350815,0.053,0.0074,0,0.9653361112,0.4628214552,0.1560988032,0.6903907977,0.9770844801,1.210670786,0.2589313962,0.9316994885
SPX_85_25_24M_R12,20,5000,63,SPX_85_25,SPX,24m/12m,SP500_1X,0.85,0.25,24,12,0.1255701574,-0.3580212407,-0.7548850958,0.0008,0.2892,0,0.05855872021,0.07203298739,0.1244222406,0.1801558471,0.1960591696,3.121039503,10.43730912,35.89659877,0.059,0.0082,0.0002,0.9881250542,0.449176266,0.2060785767,0.6522150366,1.00632726,1.262634887,0.2684510222,0.9214261385
SPX_85_25_30M_R12,20,5000,63,SPX_85_25,SPX,30m/12m,SP500_1X,0.85,0.25,30,12,0.1216375388,-0.3414751178,-0.6991559576,0.0008,0.3526,0.699,0.05809307912,0.07089992167,0.1205624505,0.1732893696,0.187561571,3.093694884,9.743641836,31.12595697,0.0404,0.0042,0,0.9202304906,0.4650844067,0.2296726505,0.6098981271,0.9319664193,1.189076628,0.2676768347,0.9148238024
SPX_85_25_30M_R18,20,5000,63,SPX_85_25,SPX,30m/18m,SP500_1X,0.85,0.25,30,18,0.1241992113,-0.3504969427,-0.7027932743,0.0008,0.3154,0.5758,0.05997506893,0.07250720045,0.1233606042,0.1768658782,0.1928642095,3.205627281,10.24197679,34.02672791,0.0488,0.0052,0,0.9403692842,0.4637499125,0.2401835798,0.5878829927,0.9582410327,1.226032277,0.2760853133,0.9117895973
SPX_85_30_15M_R6,20,5000,63,SPX_85_30,SPX,15m/6m,SP500_1X,0.85,0.3,15,6,0.1381885124,-0.4340025568,-0.8317001862,0.004,0.1588,0.4038,0.05243816333,0.06919671898,0.1368375773,0.2085169894,0.2271342877,2.779277359,13.00075094,59.95726614,0.2488,0.0608,0.0022,1.336548683,0.4030619899,0.1293828173,0.9878714137,1.365850985,1.608518785,0.3092332877,0.9360826422
SPX_85_30_15M_R12,20,5000,63,SPX_85_30,SPX,15m/12m,SP500_1X,0.85,0.3,15,12,0.1459331886,-0.4522531629,-0.863001608,0.0026,0.1036,0.2112,0.05563883065,0.0741550826,0.1441359419,0.2185560812,0.240140067,2.95329776,14.77585462,74.03119947,0.3058,0.0856,0.0034,1.365617522,0.3158628881,0.1597969543,0.9335605317,1.405591387,1.666075565,0.3199000231,0.9487758799
SPX_85_30_18M_R6,20,5000,63,SPX_85_30,SPX,18m/6m,SP500_1X,0.85,0.3,18,6,0.1342069373,-0.4172631483,-0.8163522332,0.0022,0.1914,0.6234,0.05304981578,0.06938644369,0.1329098233,0.1992479297,0.2195315661,2.811761472,12.13128625,52.94939134,0.1938,0.0418,0.0016,1.264582417,0.4437679834,0.1466471694,0.9305380161,1.288571186,1.538163998,0.3087945536,0.9279674989
SPX_85_30_18M_R12,20,5000,63,SPX_85_30,SPX,18m/12m,SP500_1X,0.85,0.3,18,12,0.1417210124,-0.430744312,-0.8414573816,0.0022,0.1242,0.2922,0.05602784698,0.07347710447,0.1401038208,0.2113951322,0.2316359312,2.975140022,13.76854427,64.51297543,0.228,0.0546,0.0014,1.292432079,0.4003188446,0.1885397412,0.8815783903,1.32863418,1.591029235,0.3188654445,0.9272155246
SPX_85_30_24M_R6,20,5000,63,SPX_85_30,SPX,24m/6m,SP500_1X,0.85,0.3,24,6,0.129274112,-0.392079173,-0.786985396,0.0018,0.2356,0.87,0.05450262263,0.0699382113,0.1279906894,0.1890162582,0.2075923607,2.890369005,11.12014112,43.49178023,0.1246,0.0236,0.0006,1.153872315,0.4931731242,0.1607298002,0.8399533368,1.169347833,1.42586559,0.3090850073,0.9233207483
SPX_85_30_24M_R12,20,5000,63,SPX_85_30,SPX,24m/12m,SP500_1X,0.85,0.3,24,12,0.1361413446,-0.4005432031,-0.8012865876,0.0014,0.1546,0,0.05913847757,0.07425518159,0.1343765115,0.1990428506,0.2172541495,3.155403917,12.44928797,51.00647534,0.138,0.0224,0.0008,1.176782813,0.4763642926,0.2091880342,0.8014871649,1.20143181,1.474019921,0.3188260287,0.9155700213
SPX_85_30_30M_R12,20,5000,63,SPX_85_30,SPX,30m/12m,SP500_1X,0.85,0.3,30,12,0.1317486448,-0.3802703396,-0.7556493402,0.001,0.197,0.6972,0.0589451553,0.07373635242,0.1306077109,0.1910275835,0.2082258686,3.143904669,11.64766476,43.95037896,0.0914,0.0138,0.0002,1.096116912,0.5071392256,0.2304270463,0.7475654559,1.113613356,1.385827694,0.3182196687,0.9035899237
SPX_85_30_30M_R18,20,5000,63,SPX_85_30,SPX,30m/18m,SP500_1X,0.85,0.3,30,18,0.1345027553,-0.3919323334,-0.7631336268,0.001,0.167,0.5776,0.06014676316,0.07489254942,0.1333850427,0.1948348222,0.2134145821,3.216028095,12.23346663,47.88331417,0.1076,0.0162,0.0002,1.116587917,0.4900836331,0.2374508948,0.7251221927,1.140636392,1.421185484,0.3269343119,0.9077742436
SPX_85_35_15M_R6,20,5000,63,SPX_85_35,SPX,15m/6m,SP500_1X,0.85,0.35,15,6,0.1476999778,-0.4860445325,-0.877146081,0.0058,0.118,0.4256,0.04865815504,0.06857540079,0.1456215205,0.2284464432,0.2518984395,2.58630198,15.16433334,89.40915152,0.4444,0.1556,0.012,1.55342882,0.4346054917,0.1223425592,1.170713846,1.587165576,1.849171783,0.358765723,0.9320215147
SPX_85_35_15M_R12,20,5000,63,SPX_85_35,SPX,15m/12m,SP500_1X,0.85,0.35,15,12,0.1560115198,-0.5051482622,-0.9043573565,0.005,0.0856,0.2336,0.0517106336,0.07335965193,0.1538537301,0.2392328984,0.2648451661,2.741102672,17.49908712,109.8366594,0.5206,0.193,0.0156,1.581899151,0.3308151387,0.1496094532,1.121370486,1.622705085,1.91199677,0.3689735197,0.9486283917
SPX_85_35_18M_R6,20,5000,63,SPX_85_35,SPX,18m/6m,SP500_1X,0.85,0.35,18,6,0.1434542341,-0.4659844307,-0.8644751877,0.0042,0.1286,0.6304,0.0504118908,0.07010678319,0.1420281793,0.2189736309,0.2423079919,2.674192679,14.24086624,76.66296187,0.365,0.1116,0.0066,1.470223179,0.487703407,0.1363270238,1.10247459,1.498238234,1.766263732,0.3584000148,0.9268946654
SPX_85_35_18M_R12,20,5000,63,SPX_85_35,SPX,18m/12m,SP500_1X,0.85,0.35,18,12,0.1515860149,-0.4811442022,-0.885465934,0.0038,0.0888,0.3046,0.05241665041,0.07326991481,0.1496325421,0.2309562021,0.2547157251,2.778141581,16.26226289,93.52069318,0.4162,0.1292,0.0084,1.497345547,0.4297067373,0.1777465354,1.057706408,1.536268194,1.819912777,0.3681201254,0.9270989671
SPX_85_35_24M_R6,20,5000,63,SPX_85_35,SPX,24m/6m,SP500_1X,0.85,0.35,24,6,0.1382062767,-0.43545392,-0.8279328552,0.0028,0.1428,0.8724,0.05289638578,0.07108448413,0.1367270846,0.2070284373,0.22807096,2.803578523,12.9755029,60.87924429,0.2486,0.058,0.0018,1.34113872,0.5458505654,0.1498876863,0.9939226625,1.361151216,1.636483318,0.3588642715,0.92395562
SPX_85_35_24M_R12,20,5000,63,SPX_85_35,SPX,24m/12m,SP500_1X,0.85,0.35,24,12,0.1458250715,-0.4453545647,-0.8406074168,0.0016,0.0932,0,0.05643454865,0.07555197887,0.1440830603,0.2170333229,0.2378805311,2.998140571,14.76220342,71.37969969,0.2706,0.0626,0.0022,1.363245959,0.5123854171,0.1994713298,0.9567516842,1.392662896,1.678957236,0.3684453249,0.9156802416
SPX_85_35_30M_R12,20,5000,63,SPX_85_35,SPX,30m/12m,SP500_1X,0.85,0.35,30,12,0.1410781667,-0.421560442,-0.807000912,0.0016,0.1126,0.693,0.05766814876,0.07548774414,0.1396029417,0.2081833447,0.2288567148,3.068940929,13.64806972,61.66304106,0.1852,0.0354,0.001,1.270160479,0.5598378613,0.2150360453,0.8915117962,1.292748646,1.576969733,0.3679417209,0.9028572603
SPX_85_35_30M_R18,20,5000,63,SPX_85_35,SPX,30m/18m,SP500_1X,0.85,0.35,30,18,0.1439765188,-0.4342854556,-0.8149280252,0.0018,0.0994,0.5808,0.05896403249,0.07584652496,0.1425034776,0.2122260504,0.2331821693,3.145025698,14.35987694,66.15227074,0.2158,0.0438,0.001,1.290887795,0.5349534859,0.2236545938,0.8702679416,1.320497167,1.61157798,0.3766623127,0.9075065021
SPX_85_40_15M_R6,20,5000,63,SPX_85_40,SPX,15m/6m,SP500_1X,0.85,0.4,15,6,0.1560847558,-0.53780595,-0.9119310735,0.0082,0.113,0.449,0.04444661437,0.06668911208,0.1534844349,0.2474094083,0.2750584716,2.386299566,17.38740828,129.0036576,0.65,0.2856,0.0366,1.769418637,0.4962920606,0.113,1.357916313,1.805901563,2.08876767,0.4079337575,0.9321854872
SPX_85_40_15M_R12,20,5000,63,SPX_85_40,SPX,15m/12m,SP500_1X,0.85,0.4,15,12,0.1648276656,-0.5590748877,-0.9345411797,0.008,0.091,0.262,0.04598338482,0.07069655059,0.1630757035,0.2591527162,0.2880987377,2.457513453,20.51917829,158.1186485,0.731,0.3434,0.0528,1.796788631,0.3567726021,0.1282,1.316362852,1.835433382,2.159906193,0.4173901865,0.9494274902
SPX_85_40_18M_R6,20,5000,63,SPX_85_40,SPX,18m/6m,SP500_1X,0.85,0.4,18,6,0.1517020152,-0.5150949831,-0.9011887105,0.0064,0.1134,0.6404,0.04665603829,0.06845596746,0.1496720865,0.2371481477,0.262445631,2.48931391,16.27345401,105.7435182,0.57,0.22,0.0236,1.675499208,0.5463379059,0.1308785271,1.277245369,1.706510221,1.993798942,0.4077328573,0.9258115239
SPX_85_40_18M_R12,20,5000,63,SPX_85_40,SPX,18m/12m,SP500_1X,0.85,0.4,18,12,0.1603438844,-0.530862889,-0.9185332871,0.0072,0.0868,0.321,0.04864649757,0.07191885525,0.1585284346,0.2499211382,0.2786714106,2.585724723,18.9729111,136.5146108,0.638,0.2534,0.0272,1.700601488,0.4803247787,0.1576946168,1.238464782,1.739535475,2.049586979,0.4168327672,0.9256192699
SPX_85_40_24M_R6,20,5000,63,SPX_85_40,SPX,24m/6m,SP500_1X,0.85,0.4,24,6,0.1463031757,-0.4813431015,-0.8689679156,0.0046,0.1118,0.8778,0.05020908036,0.07035339079,0.1444482003,0.2238711418,0.246430163,2.663884975,14.85671597,81.91420501,0.4198,0.134,0.0098,1.527788155,0.6106344203,0.1403332664,1.150279764,1.551512029,1.844089347,0.4082893807,0.9222355401
SPX_85_40_24M_R12,20,5000,63,SPX_85_40,SPX,24m/12m,SP500_1X,0.85,0.4,24,12,0.1546275056,-0.4912158119,-0.8791055305,0.0044,0.0726,0,0.05425233558,0.07496518802,0.1524737779,0.2348293284,0.2594542703,2.876679222,17.08523903,100.84355,0.462,0.1422,0.011,1.548732254,0.5676498176,0.1806697413,1.118700897,1.58026796,1.883461688,0.4174904571,0.9183765762
SPX_85_40_30M_R12,20,5000,63,SPX_85_40,SPX,30m/12m,SP500_1X,0.85,0.4,30,12,0.1496346691,-0.4643958207,-0.8489148766,0.0022,0.0788,0.6866,0.05599231636,0.07615962959,0.1479230918,0.224600001,0.248439971,2.973138674,15.78540925,84.59684353,0.34,0.0872,0.0034,1.442529647,0.6226905672,0.2022155086,1.038589377,1.468968508,1.765625008,0.4172412292,0.9015707975
SPX_85_40_30M_R18,20,5000,63,SPX_85_40,SPX,30m/18m,SP500_1X,0.85,0.4,30,18,0.1526428752,-0.4766228051,-0.857022025,0.0028,0.074,0.5774,0.05762597018,0.07626362278,0.1510135543,0.2296538445,0.2536665601,3.06649407,16.6574592,91.96888263,0.3916,0.102,0.0044,1.463143005,0.5892330931,0.2077216972,1.021273986,1.494048757,1.800870437,0.4256513536,0.909075656
SPX_85_45_15M_R6,20,5000,63,SPX_85_45,SPX,15m/6m,SP500_1X,0.85,0.45,15,6,0.1633076867,-0.5897231424,-0.9424526082,0.014,0.1246,0.4748,0.03609795429,0.06289272243,0.1608387419,0.2653630095,0.2971826384,2.032433406,19.7441254,181.979534,0.8304,0.4592,0.0938,1.984791186,0.5861074811,0.1014,1.548034734,2.022173865,2.329623117,0.4568040781,0.9325851101
SPX_85_45_15M_R12,20,5000,63,SPX_85_45,SPX,15m/12m,SP500_1X,0.85,0.45,15,12,0.172352185,-0.6101542286,-0.9561984925,0.0132,0.1038,0.2944,0.03913526549,0.06722916893,0.1701148666,0.2785927813,0.3107406202,2.154972844,23.15101009,224.0449664,0.8756,0.538,0.124,2.010757497,0.4160183209,0.11,1.517371718,2.045571606,2.412572778,0.4649954333,0.9490720913
SPX_85_45_18M_R6,20,5000,63,SPX_85_45,SPX,18m/6m,SP500_1X,0.85,0.45,18,6,0.1589234433,-0.5653361889,-0.9287728752,0.0118,0.1214,0.6528,0.04115879699,0.06509994632,0.1563892931,0.2550444389,0.283956247,2.240471741,18.28442255,148.2533433,0.7606,0.3722,0.0634,1.879501445,0.6384081715,0.1194,1.454658801,1.911866074,2.221008674,0.4567030313,0.9247922476
SPX_85_45_18M_R12,20,5000,63,SPX_85_45,SPX,18m/12m,SP500_1X,0.85,0.45,18,12,0.1679786483,-0.5796626973,-0.9430485005,0.0108,0.098,0.3412,0.04461293061,0.06963688008,0.1664398055,0.2678950333,0.3005076295,2.39391088,21.73935594,191.5394725,0.8124,0.4248,0.0734,1.902777481,0.5600518006,0.1378,1.42475213,1.939627233,2.280747391,0.4649950505,0.9292051917
SPX_85_45_24M_R6,20,5000,63,SPX_85_45,SPX,24m/6m,SP500_1X,0.85,0.45,24,6,0.1535485126,-0.5275338741,-0.9012826505,0.007,0.1084,0.8818,0.04688706485,0.06868770705,0.1511289253,0.2410177739,0.2674486758,2.500326236,16.69088589,114.4478784,0.623,0.25,0.0276,1.713729798,0.7020078754,0.1286257251,1.309621861,1.739528899,2.050625862,0.4574626205,0.9206364408
SPX_85_45_24M_R12,20,5000,63,SPX_85_45,SPX,24m/12m,SP500_1X,0.85,0.45,24,12,0.1625460505,-0.5363159655,-0.9108314379,0.0058,0.0728,0,0.05018769804,0.07374222845,0.1599706719,0.2519868702,0.2803739438,2.662803853,19.45092176,140.1963117,0.6604,0.2668,0.0266,1.732501566,0.655070733,0.162,1.284908862,1.764309721,2.085435546,0.4660054422,0.9202602808
SPX_85_45_30M_R12,20,5000,63,SPX_85_45,SPX,30m/12m,SP500_1X,0.85,0.45,30,12,0.1574197312,-0.5069804175,-0.8828765443,0.0048,0.0726,0.6772,0.05347440079,0.07600166261,0.1556449363,0.2404960583,0.2678645279,2.834521503,18.05046605,115.2012082,0.5358,0.1704,0.0138,1.613788867,0.7078436751,0.1891891892,1.191882972,1.642094474,1.953131778,0.4659005137,0.9019888955
SPX_85_45_30M_R18,20,5000,63,SPX_85_45,SPX,30m/18m,SP500_1X,0.85,0.45,30,18,0.160513756,-0.5177211899,-0.8909233193,0.0056,0.0674,0.572,0.05569718021,0.07612173517,0.1590455307,0.2463675979,0.2724262609,2.956563663,19.14299724,123.7805716,0.5912,0.1962,0.0158,1.634120357,0.668856524,0.18998999,1.177629261,1.664186567,1.988701038,0.473783361,0.9117595652
SPX_90_30_15M_R6,20,5000,63,SPX_90_30,SPX,15m/6m,SP500_1X,0.9,0.3,15,6,0.1416646305,-0.4711000669,-0.8657942431,0.0058,0.1708,0.4474,0.04566969392,0.06432132566,0.1396032782,0.2213895169,0.2436841568,2.442825852,13.64815043,78.37946208,0.3852,0.1244,0.008,1.508756325,0.3361834068,0.1579476861,1.037609628,1.540569329,1.898641427,0.3089404466,0.9380468066
SPX_90_30_15M_R12,20,5000,63,SPX_90_30,SPX,15m/12m,SP500_1X,0.9,0.3,15,12,0.1501237707,-0.4951073705,-0.8925889822,0.0058,0.1324,0.276,0.04722066951,0.06790524044,0.1474839641,0.234249011,0.2593176959,2.516310003,15.66507589,100.6251032,0.4806,0.1704,0.012,1.55532666,0.2167229331,0.1872869461,0.9386008628,1.608266543,1.995679708,0.3189837045,0.9543790413
SPX_90_30_18M_R6,20,5000,63,SPX_90_30,SPX,18m/6m,SP500_1X,0.9,0.3,18,6,0.1378464181,-0.4471258762,-0.8504406717,0.0048,0.1822,0.6228,0.04848492235,0.06599750338,0.1362470935,0.2112594318,0.2338584615,2.577767848,12.86636264,66.88165855,0.294,0.0808,0.0042,1.410091667,0.3939505206,0.1746644978,0.9767582251,1.434423441,1.785156882,0.3086178945,0.9281936213
SPX_90_30_18M_R12,20,5000,63,SPX_90_30,SPX,18m/12m,SP500_1X,0.9,0.3,18,12,0.1457976815,-0.4669121511,-0.8703091582,0.004,0.137,0.3334,0.04976737258,0.06887632682,0.1438127956,0.2236743161,0.2483790226,2.6415661,14.69261208,84.51411505,0.3568,0.1018,0.0056,1.45206113,0.3267908559,0.2089462019,0.8997779589,1.493391414,1.867649679,0.318338382,0.9266262897
SPX_90_30_24M_R6,20,5000,63,SPX_90_30,SPX,24m/6m,SP500_1X,0.9,0.3,24,6,0.1330889462,-0.414737481,-0.813003273,0.0024,0.2066,0.832,0.05139363908,0.06824060318,0.1316043826,0.1988200391,0.2191102947,2.72462606,11.85475047,52.58477447,0.185,0.0386,0.0012,1.264650428,0.4613190697,0.1873042389,0.8784371034,1.278809988,1.617126814,0.3091684714,0.9264042567
SPX_90_30_24M_R12,20,5000,63,SPX_90_30,SPX,24m/12m,SP500_1X,0.9,0.3,24,12,0.1402301259,-0.4265831841,-0.8285976701,0.0022,0.1456,0,0.05547337679,0.07236491197,0.1380204172,0.2091701239,0.230461539,2.944053301,13.27397789,63.29375585,0.2122,0.0426,0.0014,1.295600151,0.4298501041,0.228330245,0.8282325109,1.32060366,1.684713003,0.3189069788,0.9122217767
SPX_90_30_30M_R12,20,5000,63,SPX_90_30,SPX,30m/12m,SP500_1X,0.9,0.3,30,12,0.1356347086,-0.4011271632,-0.7806817006,0.0014,0.1688,0.6712,0.05659099972,0.07233446208,0.1339192573,0.2001631705,0.2198707919,3.007032623,12.34931223,53.24474659,0.1322,0.0238,0.0002,1.192719589,0.4834140647,0.2467174926,0.7731294295,1.208323083,1.557033977,0.31846673,0.9025096845
SPX_90_30_30M_R18,20,5000,63,SPX_90_30,SPX,30m/18m,SP500_1X,0.9,0.3,30,18,0.138606469,-0.4156631591,-0.7855872998,0.0014,0.1508,0.566,0.05731674688,0.07266105093,0.1368251019,0.2048333884,0.2260247132,3.048614574,12.99789722,58.88226249,0.167,0.031,0.0008,1.219710261,0.4554188035,0.2596153846,0.7446123807,1.244611229,1.606681403,0.3273775452,0.9010024664
SPX_90_35_15M_R6,20,5000,63,SPX_90_35,SPX,15m/6m,SP500_1X,0.9,0.35,15,6,0.1508103158,-0.528241155,-0.9062707043,0.0098,0.1524,0.4718,0.03972642992,0.06133249047,0.1476176982,0.2422837305,0.2702978255,2.179625467,15.70163028,119.7046719,0.609,0.2592,0.0296,1.753182977,0.3734028225,0.1536,1.234555249,1.791742232,2.175787112,0.3581681429,0.9376682455
SPX_90_35_15M_R12,20,5000,63,SPX_90_35,SPX,15m/12m,SP500_1X,0.9,0.35,15,12,0.1596308692,-0.5536045898,-0.9287456471,0.0114,0.1296,0.311,0.04110166042,0.06468082504,0.1563220899,0.2561384784,0.2864017272,2.238013918,18.26319314,154.0041068,0.7138,0.3344,0.0484,1.799726812,0.2217949566,0.1702,1.136291562,1.85651789,2.28176148,0.3674994671,0.9541124902
SPX_90_35_18M_R6,20,5000,63,SPX_90_35,SPX,18m/6m,SP500_1X,0.9,0.35,18,6,0.1469557092,-0.4997206369,-0.8935802326,0.0072,0.1508,0.6324,0.04374713797,0.06533895733,0.1448932719,0.2318471,0.2578226324,2.354539736,14.97269802,98.26256693,0.4994,0.1782,0.0192,1.638612375,0.4339926507,0.1645620365,1.159662963,1.669198766,2.044488828,0.3580234159,0.9293912682
SPX_90_35_18M_R12,20,5000,63,SPX_90_35,SPX,18m/12m,SP500_1X,0.9,0.35,18,12,0.1553707983,-0.5196563386,-0.9101716667,0.0076,0.12,0.3568,0.04456979009,0.06739527453,0.1527483035,0.2449121961,0.2745538063,2.391934369,17.16682059,127.9866355,0.592,0.226,0.0254,1.679854084,0.3500115861,0.1954390878,1.082756544,1.728108828,2.129430536,0.367151674,0.9264298625
SPX_90_35_24M_R6,20,5000,63,SPX_90_35,SPX,24m/6m,SP500_1X,0.9,0.35,24,6,0.1421352241,-0.4620879092,-0.8543638781,0.004,0.146,0.8356,0.04953374919,0.06849897213,0.1404005856,0.2174108738,0.2412626589,2.629832993,13.84040007,75.3830718,0.3462,0.1012,0.0052,1.469360876,0.5127727452,0.1809197257,1.040598976,1.488874581,1.850303576,0.3588209465,0.9225493745
SPX_90_35_24M_R12,20,5000,63,SPX_90_35,SPX,24m/12m,SP500_1X,0.9,0.35,24,12,0.1499667021,-0.4750113797,-0.8670780832,0.0042,0.1008,0,0.05129369402,0.07207052371,0.1476936709,0.2292524352,0.2541759038,2.719450719,15.72243373,92.7190669,0.3904,0.1086,0.0058,1.500009586,0.4655444326,0.2167874396,0.9913447664,1.531757343,1.913934324,0.3682726707,0.9118920184
SPX_90_35_30M_R12,20,5000,63,SPX_90_35,SPX,30m/12m,SP500_1X,0.9,0.35,30,12,0.1451348062,-0.444552343,-0.8288636325,0.0022,0.1106,0.6606,0.054548653,0.07349621663,0.1430186812,0.2179231774,0.2412344328,2.892893402,14.48993941,75.34882241,0.263,0.0624,0.002,1.381010121,0.5310219748,0.2389541954,0.9225257842,1.403507062,1.767543683,0.3679779252,0.8991559733
SPX_90_35_30M_R18,20,5000,63,SPX_90_35,SPX,30m/18m,SP500_1X,0.9,0.35,30,18,0.1482101354,-0.4598687496,-0.8359566412,0.0024,0.1038,0.5664,0.05541786393,0.07367725024,0.1461984199,0.2237200847,0.2479692801,2.94095807,15.31778997,83.96108612,0.3224,0.0732,0.002,1.408412755,0.4934365879,0.2474788221,0.8948576063,1.440406183,1.817143077,0.3766814765,0.9009752594
SPX_90_40_15M_R6,20,5000,63,SPX_90_40,SPX,15m/6m,SP500_1X,0.9,0.4,15,6,0.1585686436,-0.5836297044,-0.9364410136,0.0178,0.1572,0.5012,0.0322386769,0.0576599859,0.1548830484,0.2618955851,0.2950934354,1.886264419,17.81394636,176.2065535,0.8074,0.441,0.0878,1.995967873,0.4348509308,0.1484,1.436434071,2.039792123,2.449391565,0.407026863,0.9346834153
SPX_90_40_15M_R12,20,5000,63,SPX_90_40,SPX,15m/12m,SP500_1X,0.9,0.4,15,12,0.167547521,-0.6093638493,-0.9538570994,0.0182,0.1414,0.3458,0.03248911113,0.06032796638,0.1646093715,0.2764799971,0.3114696822,1.895442252,21.06714153,226.5505448,0.8758,0.5378,0.125,2.042814502,0.2418426639,0.1516,1.34394529,2.098838541,2.568405522,0.4151600832,0.9527858298
SPX_90_40_18M_R6,20,5000,63,SPX_90_40,SPX,18m/6m,SP500_1X,0.9,0.4,18,6,0.1548611912,-0.5526733864,-0.9255579302,0.0128,0.151,0.651,0.03788225364,0.06184059378,0.1522561495,0.2512992419,0.2808531862,2.103593037,17.02082889,141.2496451,0.7164,0.3368,0.0544,1.866013982,0.5047065753,0.1622,1.347692665,1.901327473,2.301415646,0.4070881315,0.9270106741
SPX_90_40_18M_R12,20,5000,63,SPX_90_40,SPX,18m/12m,SP500_1X,0.9,0.4,18,12,0.1635917686,-0.5742412179,-0.9389485358,0.014,0.1216,0.377,0.03845782537,0.06420798273,0.1607806089,0.2648571991,0.2985862288,2.127048164,19.72435904,185.9586005,0.79,0.3974,0.0678,1.906422091,0.3948728823,0.178,1.276118513,1.957539115,2.389020441,0.4153167409,0.929889143
SPX_90_40_24M_R6,20,5000,63,SPX_90_40,SPX,24m/6m,SP500_1X,0.9,0.4,24,6,0.1502054623,-0.5104066684,-0.8923212081,0.007,0.1284,0.8364,0.04568117963,0.06714916693,0.1477998991,0.2359080299,0.2620064947,2.443352839,15.75156264,105.0102967,0.5424,0.2008,0.0206,1.673403459,0.5813129005,0.1759055433,1.206211265,1.697502908,2.081437815,0.4081002179,0.922637973
SPX_90_40_24M_R12,20,5000,63,SPX_90_40,SPX,24m/12m,SP500_1X,0.9,0.4,24,12,0.1586684767,-0.5225879391,-0.9012427808,0.0058,0.0954,0,0.04851290595,0.07067117755,0.1555970585,0.2479693336,0.2765196325,2.579144119,18.0355153,131.9927197,0.5992,0.2276,0.0196,1.703257105,0.5282322988,0.2014,1.159243896,1.738564889,2.139663309,0.416845709,0.9133822427
SPX_90_40_30M_R12,20,5000,63,SPX_90_40,SPX,30m/12m,SP500_1X,0.9,0.4,30,12,0.153746571,-0.4897644731,-0.8688880708,0.0044,0.0882,0.6494,0.05179278734,0.07418246506,0.1515299463,0.2359653207,0.2620294811,2.745388886,16.80756258,105.0485654,0.4492,0.133,0.0086,1.567695857,0.5908737691,0.2282107794,1.07867386,1.595477676,1.973813976,0.4169944442,0.8988715966
SPX_90_40_30M_R18,20,5000,63,SPX_90_40,SPX,30m/18m,SP500_1X,0.9,0.4,30,18,0.1568824781,-0.5048428724,-0.8761220565,0.006,0.0862,0.5582,0.05301548009,0.07357547959,0.154796512,0.2421834152,0.2688362372,2.809927496,17.78726889,116.9799603,0.5204,0.1626,0.0102,1.59549706,0.5503362927,0.2277644231,1.052605552,1.631156418,2.023398255,0.4252465535,0.906795867
SPX_90_45_15M_R6,20,5000,63,SPX_90_45,SPX,15m/6m,SP500_1X,0.9,0.45,15,6,0.1649015603,-0.6364931671,-0.963100178,0.0258,0.1736,0.5358,0.02322494838,0.05165911968,0.1612290869,0.2808579171,0.3182712452,1.582788436,19.8773403,251.2440475,0.9238,0.6334,0.1796,2.238301392,0.5221915955,0.1374,1.641978548,2.285396248,2.723490544,0.4555676779,0.9363988542
SPX_90_45_15M_R12,20,5000,63,SPX_90_45,SPX,15m/12m,SP500_1X,0.9,0.45,15,12,0.1738400018,-0.6628504088,-0.9709309845,0.0288,0.1594,0.3862,0.02240788893,0.05342008682,0.170781858,0.29674254,0.3359424025,1.557701945,23.4163768,327.9100464,0.9586,0.715,0.2322,2.284528866,0.2821845794,0.129,1.56310129,2.337633333,2.860160862,0.4621290411,0.9536766275
SPX_90_45_18M_R6,20,5000,63,SPX_90_45,SPX,18m/6m,SP500_1X,0.9,0.45,18,6,0.1615344955,-0.6055764918,-0.9495120817,0.02,0.1616,0.671,0.03095076703,0.05668861403,0.1579857513,0.2694718192,0.3032374469,1.839748938,18.79595445,199.7427423,0.8688,0.5214,0.116,2.092731824,0.5976574001,0.156,1.539131547,2.131480632,2.557575037,0.4559058393,0.9266792082
SPX_90_45_18M_R12,20,5000,63,SPX_90_45,SPX,18m/12m,SP500_1X,0.9,0.45,18,12,0.1704443055,-0.6248521561,-0.9595794712,0.0204,0.1378,0.4082,0.03083357896,0.05899798407,0.167398463,0.2838779309,0.3213265725,1.835570806,22.09949907,263.1505538,0.9122,0.6022,0.1454,2.131585643,0.4673313135,0.1592,1.478323264,2.18199307,2.650183783,0.4629048136,0.9321052196
SPX_90_45_24M_R6,20,5000,63,SPX_90_45,SPX,24m/6m,SP500_1X,0.9,0.45,24,6,0.1572832689,-0.5585439401,-0.9217789016,0.0108,0.134,0.835,0.03981683254,0.06356827308,0.1542561318,0.2536164921,0.2831051257,2.183417984,17.62154078,146.3001962,0.7426,0.3478,0.0552,1.876213463,0.6756540449,0.1672,1.374791434,1.905112385,2.309907421,0.4571218802,0.9215344369
SPX_90_45_24M_R12,20,5000,63,SPX_90_45,SPX,24m/12m,SP500_1X,0.9,0.45,24,12,0.1663350044,-0.5690611548,-0.9300976565,0.01,0.1,0,0.04275992502,0.06758365077,0.1629753586,0.26685943,0.2985847373,2.310397505,20.48378984,185.9541546,0.78,0.384,0.0566,1.904853119,0.6120539472,0.1876,1.336668813,1.942522751,2.363805712,0.465034258,0.9177053234
SPX_90_45_30M_R12,20,5000,63,SPX_90_45,SPX,30m/12m,SP500_1X,0.9,0.45,30,12,0.1614739915,-0.5335601639,-0.9006788685,0.0066,0.0874,0.6388,0.04887710461,0.07255022599,0.159219856,0.2529839944,0.2828533834,2.597120586,19.20066387,145.7271593,0.6608,0.2544,0.0256,1.753164321,0.6793465171,0.2120424085,1.239346614,1.784026593,2.178139644,0.4654927033,0.9000632707
SPX_90_45_30M_R18,20,5000,63,SPX_90_45,SPX,30m/18m,SP500_1X,0.9,0.45,30,18,0.1646392626,-0.5487583461,-0.9078114521,0.0082,0.0872,0.5498,0.05025503188,0.072206393,0.1620762241,0.2602115067,0.2900503512,2.666216563,20.16936912,162.9795932,0.7146,0.2974,0.032,1.780505322,0.6280151556,0.2066,1.217893347,1.816991406,2.228843597,0.4729338548,0.911155034
SP500_1X,30,5000,63,SP500_1X,SPX,index,SP500_1X,,,,,0.1124428301,-0.415347138,-0.801888118,0,0,0,0.06218612231,0.07287523252,0.1124602013,0.1520208582,0.1632783918,6.11018781,24.46796482,93.4544488,0.1958,0.0428,0.0016,,,,,,,,
NASDAQ100_1X,30,5000,63,NASDAQ100_1X,NDX,index,NASDAQ100_1X,,,,,0.1504608939,-0.5630010958,-0.9345217988,0.0002,0,0,0.06787779699,0.08660876222,0.15016732,0.2165141282,0.2359945639,7.17277007,66.51412621,576.2657244,0.7338,0.376,0.0606,,,,,,,,
NDX_80_20_15M_R6,30,5000,63,NDX_80_20,NDX,15m/6m,NASDAQ100_1X,0.8,0.2,15,6,0.1285998768,-0.3870188899,-0.8184381566,0.0002,0.7762,0.3014,0.06854161465,0.08246930586,0.1278172858,0.1760302183,0.191115883,7.307732542,36.91763857,189.9874243,0.1166,0.0216,0.0008,0.6675708225,0.2440764323,0.06340057637,0.4486633391,0.6798727154,0.8418522813,0.210434272,0.9639406808
NDX_80_20_15M_R12,30,5000,63,NDX_80_20,NDX,15m/12m,NASDAQ100_1X,0.8,0.2,15,12,0.1344389368,-0.4006793301,-0.8479569687,0,0.7274,0.1232,0.0719104623,0.08574196281,0.1337850676,0.1843738087,0.1993938168,8.031502283,43.25104908,233.8634011,0.1418,0.0244,0.0006,0.6873037791,0.1773056984,0.1431919881,0.3847925591,0.7120116216,0.885162583,0.2217100169,0.9670822939
NDX_80_20_24M_R12,30,5000,63,NDX_80_20,NDX,24m/12m,NASDAQ100_1X,0.8,0.2,24,12,0.1253393146,-0.3610821496,-0.7899795795,0,0.8026,0,0.07018388692,0.0819854688,0.1247857387,0.1694011514,0.1825871802,7.65231184,34.05367195,153.1421411,0.068,0.0102,0.0002,0.5954839766,0.253436583,0.1481840194,0.349467447,0.6049135334,0.7965516115,0.2198606871,0.9555275842
NDX_80_25_15M_R6,30,5000,63,NDX_80_25,NDX,15m/6m,NASDAQ100_1X,0.8,0.25,15,6,0.1424729261,-0.4433161448,-0.8673013237,0.0002,0.6426,0.308,0.07070097901,0.08694915013,0.1411774575,0.1992889083,0.2168718245,7.764022793,52.56226074,360.9623406,0.2736,0.0686,0.0034,0.8296526197,0.2366907799,0.05723564035,0.5755100334,0.8470284473,1.023621309,0.2608742028,0.954525153
NDX_80_25_15M_R12,30,5000,63,NDX_80_25,NDX,15m/12m,NASDAQ100_1X,0.8,0.25,15,12,0.1489583072,-0.4594053724,-0.8963198154,0,0.5396,0.1398,0.07429407823,0.09064905673,0.1476143736,0.2087999475,0.2266979593,8.584958801,62.22447675,459.4632321,0.33,0.0878,0.004,0.8492653814,0.1397397884,0.1314837153,0.500398567,0.8835036598,1.063393109,0.2725925371,0.9667183175
NDX_80_25_24M_R12,30,5000,63,NDX_80_25,NDX,24m/12m,NASDAQ100_1X,0.8,0.25,24,12,0.1387085885,-0.407897365,-0.8393211562,0,0.6928,0,0.07410993091,0.08747040454,0.1377635797,0.1912517808,0.2067562856,8.540916409,48.04382813,280.9951668,0.1604,0.0282,0.001,0.7366634526,0.2606722273,0.1403729311,0.4508746814,0.7521354976,0.9554870153,0.2710100661,0.9496776531
NDX_80_30_15M_R6,30,5000,63,NDX_80_30,NDX,15m/6m,NASDAQ100_1X,0.8,0.3,15,6,0.1548594007,-0.5039714782,-0.9069040569,0.0006,0.4126,0.3198,0.07223126333,0.08968142779,0.1533586566,0.2213731726,0.2430008638,8.103931049,72.27968023,682.7665847,0.5148,0.1798,0.017,0.9904871644,0.2426229159,0.04942965779,0.7089946003,1.012333456,1.20040425,0.3106219369,0.9525938948
NDX_80_30_15M_R12,30,5000,63,NDX_80_30,NDX,15m/12m,NASDAQ100_1X,0.8,0.3,15,12,0.1618152469,-0.5208992469,-0.9315821886,0.0004,0.2922,0.1614,0.07510296729,0.09359919471,0.1596502683,0.2321860885,0.2534485568,8.781024065,85.0940442,877.6680455,0.5826,0.2186,0.02,1.008840112,0.1183435621,0.1134226845,0.6252470293,1.050158027,1.238406746,0.3221826222,0.9664839317
NDX_80_30_24M_R12,30,5000,63,NDX_80_30,NDX,24m/12m,NASDAQ100_1X,0.8,0.3,24,12,0.1508451165,-0.4587722575,-0.8810110541,0.0002,0.5022,0,0.07600750699,0.09114991517,0.149422447,0.2117900338,0.2299756323,9.005391977,65.23385364,497.7580604,0.328,0.0878,0.0044,0.8759798171,0.2628331073,0.1245229966,0.5588542054,0.8972053479,1.106695881,0.3211894045,0.9473663925
NDX_80_35_15M_R6,30,5000,63,NDX_80_35,NDX,15m/6m,NASDAQ100_1X,0.8,0.35,15,6,0.165742545,-0.5638919939,-0.9358810998,0.0012,0.2292,0.3414,0.07083238983,0.09082098034,0.1632833576,0.2431257293,0.268213771,7.792661251,93.46636874,1247.140082,0.7546,0.3618,0.0522,1.150435059,0.2601421351,0.0412,0.8491645078,1.175687319,1.375229624,0.3598994858,0.9498661909
NDX_80_35_15M_R12,30,5000,63,NDX_80_35,NDX,15m/12m,NASDAQ100_1X,0.8,0.35,15,12,0.1730336102,-0.5803435418,-0.9559425784,0.0008,0.1522,0.187,0.07435374193,0.09402450163,0.1700337283,0.2543126441,0.2787510413,8.599271531,111.1846428,1598.550116,0.8056,0.4226,0.0686,1.166772452,0.1165972206,0.0964,0.7605081354,1.208806828,1.41427272,0.3705787433,0.9655763326
NDX_80_35_24M_R12,30,5000,63,NDX_80_35,NDX,24m/12m,NASDAQ100_1X,0.8,0.35,24,12,0.1617817858,-0.5120213771,-0.9129693848,0.0004,0.2726,0,0.07675655873,0.09402019482,0.1596552202,0.2318071747,0.2517674359,9.195381563,85.10492533,843.0299275,0.553,0.1968,0.0166,1.013716809,0.278209246,0.1158,0.6739633361,1.040011616,1.254548444,0.3704928197,0.9441906321
NDX_80_40_15M_R6,30,5000,63,NDX_80_40,NDX,15m/6m,NASDAQ100_1X,0.8,0.4,15,6,0.1750932461,-0.6235532181,-0.9603318192,0.0018,0.1518,0.3744,0.06756637859,0.08979383982,0.171523738,0.2631673324,0.2925242424,7.110260694,115.5119497,2204.517114,0.9022,0.5916,0.1342,1.309224178,0.3023086122,0.0318,0.9952713083,1.335655675,1.550160921,0.4087040526,0.9480665905
NDX_80_40_15M_R12,30,5000,63,NDX_80_40,NDX,15m/12m,NASDAQ100_1X,0.8,0.4,15,12,0.1826115106,-0.6368154036,-0.972404431,0.0022,0.1086,0.223,0.07097246408,0.09382778805,0.1790877941,0.2754158838,0.3024068698,7.823298734,140.1142376,2770.506221,0.9358,0.6416,0.1588,1.323507171,0.1249225688,0.081,0.9073441546,1.362446798,1.591457225,0.4181745599,0.966330419
NDX_80_40_24M_R12,30,5000,63,NDX_80_40,NDX,24m/12m,NASDAQ100_1X,0.8,0.4,24,12,0.1715354619,-0.5651013793,-0.9372186145,0.0006,0.1422,0,0.07635648112,0.09575695465,0.1688352775,0.2504609012,0.2736167805,9.093428698,107.8182053,1416.795121,0.759,0.3602,0.0482,1.15000893,0.3169718318,0.1012,0.7956908016,1.178667009,1.400993363,0.4190150153,0.9439334128
NDX_85_20_15M_R6,30,5000,63,NDX_85_20,NDX,15m/6m,NASDAQ100_1X,0.85,0.2,15,6,0.1333562326,-0.4074263499,-0.8352901435,0.0002,0.7408,0.2946,0.06815412623,0.0831033719,0.132155263,0.1850946262,0.2014925712,7.228644659,41.42414006,246.4573884,0.165,0.0336,0.0014,0.7294765261,0.2177251096,0.08817340067,0.4600074495,0.740393961,0.9559418106,0.2107926029,0.9586266286
NDX_85_20_15M_R12,30,5000,63,NDX_85_20,NDX,15m/12m,NASDAQ100_1X,0.85,0.2,15,12,0.1397701455,-0.4254426819,-0.8605452927,0,0.6722,0.1404,0.07104894137,0.08608494119,0.1386766433,0.1949554135,0.2115469359,7.840076441,49.21410384,316.4618737,0.2154,0.045,0.002,0.7549101461,0.1273002641,0.1642066421,0.3735358622,0.78386873,1.009717876,0.2223414335,0.9599963915
NDX_85_20_24M_R12,30,5000,63,NDX_85_20,NDX,24m/12m,NASDAQ100_1X,0.85,0.2,24,12,0.1292217147,-0.3758061245,-0.801458955,0,0.774,0,0.07046966613,0.08304788849,0.1285815621,0.1767493726,0.1907700497,7.7138549,37.6756226,188.339271,0.0934,0.0128,0.0002,0.6383761499,0.2351944302,0.168715847,0.3529309242,0.6468104973,0.8800266931,0.2204955376,0.9493137153
NDX_85_25_15M_R6,30,5000,63,NDX_85_25,NDX,15m/6m,NASDAQ100_1X,0.85,0.25,15,6,0.1477167186,-0.4699179907,-0.883520661,0.0002,0.5584,0.3046,0.07001327305,0.08716257723,0.1462002775,0.2100847271,0.2294743559,7.615794189,59.96480413,491.7112504,0.3722,0.1106,0.0076,0.9058656013,0.2055243117,0.08192771084,0.5916127487,0.9220407271,1.159872382,0.2610449252,0.9510197914
NDX_85_25_15M_R12,30,5000,63,NDX_85_25,NDX,15m/12m,NASDAQ100_1X,0.85,0.25,15,12,0.1546871458,-0.490263291,-0.9069719054,0.0002,0.4304,0.162,0.07322445537,0.09021295935,0.1528636528,0.2214605703,0.2410299682,8.332183668,71.35476941,651.0231743,0.457,0.1448,0.0098,0.9318905336,0.0911847008,0.1470588235,0.4869276602,0.972730767,1.212057845,0.2728129114,0.9625512811
NDX_85_25_24M_R12,30,5000,63,NDX_85_25,NDX,24m/12m,NASDAQ100_1X,0.85,0.25,24,12,0.143060865,-0.4266116607,-0.8525261653,0,0.634,0,0.07414618121,0.08818893269,0.1420765821,0.1997959851,0.2161639917,8.549574541,53.81902304,354.7158385,0.2148,0.0456,0.0018,0.7888266114,0.2360361491,0.1603427173,0.456332824,0.8039980989,1.053555959,0.2714799996,0.9439783856
NDX_85_30_15M_R6,30,5000,63,NDX_85_30,NDX,15m/6m,NASDAQ100_1X,0.85,0.3,15,6,0.1603352636,-0.5346100936,-0.922613677,0.0008,0.3214,0.3278,0.07041517789,0.08880827159,0.1578032577,0.2340527997,0.2574072641,7.702083288,81.12041197,964.7508019,0.6424,0.2584,0.0324,1.080808911,0.2085391009,0.07182873149,0.7304038711,1.10215692,1.357549785,0.3106167199,0.9482278068
NDX_85_30_15M_R12,30,5000,63,NDX_85_30,NDX,15m/12m,NASDAQ100_1X,0.85,0.3,15,12,0.1676349852,-0.5556739371,-0.9403063625,0.0008,0.2298,0.1902,0.07203264897,0.09179284638,0.1649279435,0.2459391352,0.2688004287,8.059021534,97.51303602,1264.56469,0.7132,0.3254,0.0408,1.106243747,0.07459845098,0.1284,0.60947699,1.154726793,1.411173271,0.3218554661,0.96977033
NDX_85_30_24M_R12,30,5000,63,NDX_85_30,NDX,24m/12m,NASDAQ100_1X,0.85,0.3,24,12,0.1555079057,-0.480981748,-0.892951501,0.0004,0.4036,0,0.07571886639,0.09154239127,0.1537531793,0.2212265734,0.2412098673,8.93319799,73.02513419,653.8604316,0.4168,0.1216,0.0068,0.9374511821,0.2368725044,0.1428571429,0.5666539195,0.9593772681,1.218011322,0.3214309882,0.9422335372
NDX_85_35_15M_R6,30,5000,63,NDX_85_35,NDX,15m/6m,NASDAQ100_1X,0.85,0.35,15,6,0.1711995251,-0.5972389025,-0.9536293476,0.0012,0.199,0.3514,0.06815962728,0.08889658826,0.168096909,0.2561089888,0.2841857803,7.229761612,105.7934318,1815.450565,0.851,0.4888,0.0956,1.254487081,0.224228504,0.0586,0.8765560235,1.280529573,1.552606844,0.3596746412,0.9460957972
NDX_85_35_15M_R12,30,5000,63,NDX_85_35,NDX,15m/12m,NASDAQ100_1X,0.85,0.35,15,12,0.1786500222,-0.6172325807,-0.9627302403,0.0018,0.1506,0.225,0.06951694357,0.0914181641,0.1751556102,0.2687540029,0.2954289791,7.510523148,126.7527249,2358.102216,0.9026,0.5644,0.1168,1.277861021,0.07357728543,0.11,0.7449531696,1.328676175,1.609393392,0.3698300038,0.9701583317
NDX_85_35_24M_R12,30,5000,63,NDX_85_35,NDX,24m/12m,NASDAQ100_1X,0.85,0.35,24,12,0.1666051211,-0.5358954249,-0.9233486409,0.0006,0.2144,0,0.07598923976,0.09354727151,0.1640205053,0.2426553039,0.2646211374,9.000805802,95.25971852,1145.388404,0.6592,0.2648,0.0276,1.084194323,0.2524069895,0.1304,0.6844613501,1.11181179,1.379017805,0.3704784433,0.9397261791
NDX_85_40_15M_R6,30,5000,63,NDX_85_40,NDX,15m/6m,NASDAQ100_1X,0.85,0.4,15,6,0.1802814613,-0.657017974,-0.9730078669,0.004,0.1582,0.3932,0.06400666038,0.0865463266,0.1761906993,0.277030296,0.3091132327,6.43232159,130.1453848,3232.068128,0.959,0.7096,0.2056,1.427462772,0.2632229285,0.0474,1.030416665,1.455066911,1.74662942,0.4081696923,0.9450997237
NDX_85_40_15M_R12,30,5000,63,NDX_85_40,NDX,15m/12m,NASDAQ100_1X,0.85,0.4,15,12,0.1877353482,-0.6762224597,-0.9774435,0.0034,0.1308,0.2686,0.06537140598,0.08876525424,0.1832615643,0.2899556018,0.3208665567,6.684497397,155.783977,4226.047217,0.9768,0.7674,0.2468,1.448359635,0.07974186177,0.0912,0.8924896192,1.496172807,1.807704474,0.4168230583,0.9679667451
NDX_85_40_24M_R12,30,5000,63,NDX_85_40,NDX,24m/12m,NASDAQ100_1X,0.85,0.4,24,12,0.1763750507,-0.5898923716,-0.9459453283,0.0012,0.1274,0,0.07446044445,0.09491553008,0.1732214028,0.2621150048,0.2881759739,8.624933177,120.6408227,1992.537624,0.8388,0.457,0.0726,1.229421401,0.2905131955,0.1112,0.8110296113,1.25982169,1.538071419,0.4187294093,0.9412097316
NDX_90_20_15M_R6,30,5000,63,NDX_90_20,NDX,15m/6m,NASDAQ100_1X,0.9,0.2,15,6,0.1374236216,-0.4296558793,-0.8518509637,0.0002,0.696,0.3092,0.06681845092,0.08298252675,0.1360389299,0.1937348127,0.2118310768,6.96232216,45.90629616,318.6961614,0.2324,0.0534,0.0026,0.7940744409,0.1833219266,0.1062001228,0.467317404,0.8011200584,1.086294164,0.2109700636,0.9537376749
NDX_90_20_15M_R12,30,5000,63,NDX_90_20,NDX,15m/12m,NASDAQ100_1X,0.9,0.2,15,12,0.1444023231,-0.4524798733,-0.8719880104,0.0002,0.6078,0.1694,0.07001683112,0.08484475299,0.1428596572,0.2056106528,0.2239233402,7.616555095,54.93721372,429.2859104,0.3068,0.0748,0.0032,0.8262843811,0.08119052893,0.1850583971,0.354671554,0.8555499449,1.158443275,0.2225693767,0.9601730938
NDX_90_20_24M_R12,30,5000,63,NDX_90_20,NDX,24m/12m,NASDAQ100_1X,0.9,0.2,24,12,0.1328531502,-0.391625047,-0.8120280295,0,0.745,0,0.0704204835,0.08302637159,0.1318125988,0.1843004066,0.1989351923,7.703228923,41.04963816,231.195433,0.124,0.0194,0.0006,0.6823078198,0.2160033946,0.189359392,0.3548963627,0.6879601805,0.9723796123,0.2210293472,0.9437127415
NDX_90_25_15M_R6,30,5000,63,NDX_90_25,NDX,15m/6m,NASDAQ100_1X,0.9,0.25,15,6,0.1519808474,-0.4980949026,-0.9018989332,0.0006,0.4768,0.3266,0.06846269939,0.0855452189,0.1500274742,0.2204199564,0.2427254047,7.291557902,66.27192821,678.2417049,0.4894,0.1672,0.0144,0.9853833946,0.1742111769,0.1009009009,0.602267089,0.997533952,1.315112224,0.2610250752,0.9504015245
NDX_90_25_15M_R12,30,5000,63,NDX_90_25,NDX,15m/12m,NASDAQ100_1X,0.9,0.25,15,12,0.1593744097,-0.5232936399,-0.9166705415,0.0006,0.3582,0.1986,0.06896593945,0.08807613076,0.1570067251,0.2335864387,0.2549633358,7.395297991,79.46268401,910.0518923,0.5978,0.2246,0.0204,1.018410048,0.05445030601,0.1666,0.4639288448,1.061638242,1.389196491,0.272521465,0.9645896122
NDX_90_25_24M_R12,30,5000,63,NDX_90_25,NDX,24m/12m,NASDAQ100_1X,0.9,0.25,24,12,0.1470419601,-0.4461872825,-0.8644180136,0.0002,0.5716,0,0.07350161686,0.08798689373,0.1455986484,0.2079813836,0.2258995531,8.396986316,59.02766341,450.576476,0.2788,0.0662,0.0034,0.8423815283,0.2126476569,0.1768858411,0.4589760655,0.8554379553,1.16144995,0.2718439886,0.9418500756
NDX_90_30_15M_R6,30,5000,63,NDX_90_30,NDX,15m/6m,NASDAQ100_1X,0.9,0.3,15,6,0.1645082379,-0.5661779786,-0.9419833426,0.0012,0.2822,0.3542,0.06718568123,0.08651593551,0.1613585038,0.2450483608,0.2714100129,7.034582812,88.93619364,1344.967061,0.761,0.3676,0.0548,1.174840592,0.1766219297,0.0876,0.7458524515,1.192992083,1.535573269,0.3103432377,0.9490644514
NDX_90_30_15M_R12,30,5000,63,NDX_90_30,NDX,15m/12m,NASDAQ100_1X,0.9,0.3,15,12,0.172031263,-0.592691022,-0.9469801527,0.0018,0.2154,0.2358,0.06737315749,0.08862498239,0.168705902,0.2585026293,0.2834556708,7.071752773,107.4607337,1784.741416,0.8368,0.4704,0.0786,1.2077229,0.04485820064,0.1414,0.5838349386,1.260738035,1.613595303,0.3209676689,0.9705798574
NDX_90_30_24M_R12,30,5000,63,NDX_90_30,NDX,24m/12m,NASDAQ100_1X,0.9,0.3,24,12,0.1596666785,-0.50376422,-0.9035100201,0.0004,0.3306,0,0.07397699618,0.09099725541,0.1572447273,0.2307144558,0.2520905185,8.509260236,79.95454699,849.5823978,0.5158,0.1732,0.0142,1.000580089,0.2108990089,0.1592,0.5712810143,1.020887258,1.34110056,0.3214506385,0.9404965648
NDX_90_35_15M_R6,30,5000,63,NDX_90_35,NDX,15m/6m,NASDAQ100_1X,0.9,0.35,15,6,0.1750021212,-0.631429323,-0.9670370762,0.0034,0.2024,0.3948,0.06354635671,0.08548154634,0.1709927759,0.2674813244,0.2988225255,6.349351535,113.9515844,2550.645786,0.923,0.6218,0.1492,1.36311545,0.1931262812,0.079,0.8976746786,1.386106136,1.752168716,0.3591093644,0.9478921211
NDX_90_35_15M_R12,30,5000,63,NDX_90_35,NDX,15m/12m,NASDAQ100_1X,0.9,0.35,15,12,0.1824277718,-0.6561676452,-0.9676720114,0.0032,0.1702,0.2826,0.0636675804,0.08661934495,0.1780887063,0.2820301629,0.3115466736,6.371100348,136.5957594,3417.260492,0.9614,0.7034,0.19,1.394306167,0.04298382415,0.1198,0.7157681715,1.450966172,1.835263865,0.3683144541,0.9709932999
NDX_90_35_24M_R12,30,5000,63,NDX_90_35,NDX,24m/12m,NASDAQ100_1X,0.9,0.35,24,12,0.1707811707,-0.5602523336,-0.9323504342,0.0006,0.1862,0,0.07451713459,0.09272026397,0.1675249899,0.2523024139,0.2778323877,8.638594475,104.2503977,1564.45377,0.7458,0.3452,0.0446,1.156139567,0.2289439824,0.1444,0.6915599326,1.183398603,1.515086531,0.3702054936,0.9409013701
NDX_90_40_15M_R6,30,5000,63,NDX_90_40,NDX,15m/6m,NASDAQ100_1X,0.9,0.4,15,6,0.1834389391,-0.6913092422,-0.9819427998,0.0056,0.18,0.4352,0.05717375539,0.08212072253,0.178619403,0.2887072337,0.3254114344,5.301813236,138.4539438,4684.776525,0.9842,0.8164,0.2914,1.550063733,0.2282292557,0.0668,1.057360149,1.575670337,1.966183624,0.4073362123,0.9494455865
NDX_90_40_15M_R12,30,5000,63,NDX_90_40,NDX,15m/12m,NASDAQ100_1X,0.9,0.4,15,12,0.1905761789,-0.7147047443,-0.9818533637,0.0062,0.1636,0.334,0.05762649706,0.08216537389,0.1847739568,0.3033114617,0.3386864704,5.370355486,161.8698404,6317.424247,0.9936,0.8752,0.3708,1.579204854,0.04585249074,0.1052,0.8618687863,1.634003427,2.055663216,0.4147544208,0.9703026542
NDX_90_40_24M_R12,30,5000,63,NDX_90_40,NDX,24m/12m,NASDAQ100_1X,0.9,0.4,24,12,0.1804151149,-0.6148083349,-0.9533589162,0.0022,0.129,0,0.07167602679,0.09353293613,0.1766332632,0.2725925911,0.3010897982,7.978971655,131.6225655,2687.667983,0.9028,0.5668,0.1104,1.310583093,0.2652121204,0.1254,0.8210723064,1.341043989,1.687051537,0.4181323354,0.9416136894
SPX_80_25_15M_R6,30,5000,63,SPX_80_25,SPX,15m/6m,SP500_1X,0.8,0.25,15,6,0.1217679027,-0.3831865804,-0.7512504862,0,0.317,0.404,0.06832283072,0.07914127238,0.1209793516,0.1656693315,0.1775734616,7.262975539,30.76070716,134.8147696,0.106,0.016,0.0002,0.9849595859,0.3871066312,0.09476417135,0.7571128891,1.004981648,1.158335384,0.2589443809,0.9480395295
SPX_80_25_15M_R12,30,5000,63,SPX_80_25,SPX,15m/12m,SP500_1X,0.8,0.25,15,12,0.1279743564,-0.3936561421,-0.7875040827,0,0.2078,0.116,0.07200647168,0.08395355842,0.127347875,0.1731497798,0.1857581866,8.053108682,36.45942215,165.9530536,0.123,0.0194,0.0006,1.002704059,0.3461557536,0.1372798642,0.7266973469,1.027977321,1.195098971,0.2693595592,0.956964184
SPX_80_25_18M_R6,30,5000,63,SPX_80_25,SPX,18m/6m,SP500_1X,0.8,0.25,18,6,0.1187617791,-0.3734669859,-0.7522599361,0,0.3778,0.6916,0.06701865306,0.07721106903,0.1179745684,0.160387452,0.1722242813,7.001626588,28.38076059,117.6023192,0.0866,0.0124,0.0002,0.9435116381,0.4057968919,0.1048387097,0.7162733049,0.9607657816,1.124560822,0.2584417439,0.9405853937
SPX_80_25_18M_R12,30,5000,63,SPX_80_25,SPX,18m/12m,SP500_1X,0.8,0.25,18,12,0.1250244849,-0.379456476,-0.7766123716,0,0.2554,0.2254,0.07133883315,0.08200090355,0.1244001165,0.1685526812,0.1804502642,7.90399107,33.70514266,145.0539107,0.097,0.0146,0.0002,0.9617123835,0.3871765995,0.1700281935,0.6823183622,0.9854546964,1.162730036,0.2683907629,0.9423801897
SPX_80_25_24M_R6,30,5000,63,SPX_80_25,SPX,24m/6m,SP500_1X,0.8,0.25,24,6,0.1147691993,-0.3579788281,-0.7235626854,0,0.4588,0.9354,0.06589076875,0.07544161468,0.1140568474,0.1540417134,0.1651855687,6.782955566,25.54375837,98.16210673,0.0606,0.0066,0,0.8760604115,0.4325774614,0.1173371648,0.6532477955,0.8883754469,1.066463338,0.258395412,0.9380750705
SPX_80_25_24M_R12,30,5000,63,SPX_80_25,SPX,24m/12m,SP500_1X,0.8,0.25,24,12,0.1206014259,-0.3632403868,-0.7261880101,0,0.3376,0,0.07014075547,0.08073378531,0.1201350522,0.1611110032,0.1726321753,7.643062994,30.07316107,118.8362349,0.0618,0.0068,0,0.8930707881,0.4294402278,0.1755442334,0.620963225,0.9106894695,1.104967692,0.2678817686,0.9352656388
SPX_80_25_30M_R12,30,5000,63,SPX_80_25,SPX,30m/12m,SP500_1X,0.8,0.25,30,12,0.1172984109,-0.3490344038,-0.7090808427,0,0.4082,0.733,0.06902649666,0.07839322821,0.11684052,0.1563697916,0.1673740148,7.407877191,27.52964184,103.8466934,0.0468,0.0038,0,0.8407281096,0.4400150076,0.1961947121,0.5817196388,0.8542495536,1.058116261,0.267064019,0.9215212035
SPX_80_25_30M_R18,30,5000,63,SPX_80_25,SPX,30m/18m,SP500_1X,0.8,0.25,30,18,0.1194350811,-0.3562812083,-0.6986890028,0,0.3628,0.5968,0.0698355441,0.07974756634,0.1185892713,0.1594246704,0.1703841817,7.577935605,28.85267714,112.1881141,0.055,0.0058,0,0.8555254296,0.4377340514,0.2060505002,0.5637506988,0.8735975055,1.08648933,0.2756111756,0.9249238692
SPX_80_30_15M_R6,30,5000,63,SPX_80_30,SPX,15m/6m,SP500_1X,0.8,0.3,15,6,0.131907613,-0.4306985536,-0.8213080825,0,0.149,0.4134,0.07032428029,0.08267417476,0.1312070245,0.1831962531,0.1963872588,7.682485406,40.39579072,216.9002161,0.2278,0.0512,0.0018,1.177572996,0.4011544422,0.09103840683,0.9221399288,1.201323493,1.368864687,0.3090771425,0.9433284655
SPX_80_30_15M_R12,30,5000,63,SPX_80_30,SPX,15m/12m,SP500_1X,0.8,0.3,15,12,0.1388841156,-0.4439489677,-0.8534959268,0,0.0834,0.1314,0.07472236075,0.08782836982,0.1378678862,0.1917516245,0.2064596134,8.688231621,48.17614473,278.9300172,0.2664,0.0616,0.0012,1.194553883,0.3372736184,0.1281117183,0.8939881815,1.222394902,1.405742544,0.3197010853,0.9523141799
SPX_80_30_18M_R6,30,5000,63,SPX_80_30,SPX,18m/6m,SP500_1X,0.8,0.3,18,6,0.1285175637,-0.4188087965,-0.8211707155,0,0.1918,0.6984,0.06908659822,0.08114809315,0.1279163077,0.177444914,0.1897452793,7.420382252,37.01500825,183.5368336,0.1856,0.0408,0.0014,1.128326594,0.4339909046,0.1024220033,0.8717159671,1.14920358,1.328169991,0.3085758811,0.9332514399
SPX_80_30_18M_R12,30,5000,63,SPX_80_30,SPX,18m/12m,SP500_1X,0.8,0.3,18,12,0.1355829912,-0.425802751,-0.8430832981,0,0.1092,0.2326,0.07425972878,0.08605357129,0.1346661842,0.1863372268,0.1995583703,8.576724895,44.27091506,234.8279285,0.204,0.0438,0.001,1.145988078,0.4045644177,0.1694811801,0.8392083,1.173727551,1.363893052,0.3187165822,0.9343047077
SPX_80_30_24M_R6,30,5000,63,SPX_80_30,SPX,24m/6m,SP500_1X,0.8,0.3,24,6,0.1240152579,-0.3974243404,-0.7947610225,0,0.2646,0.9402,0.06816004747,0.07946223974,0.1231493073,0.1693520577,0.1811887364,7.229846892,32.59821772,147.8012362,0.1276,0.0228,0.0008,1.047495103,0.4707121013,0.1187683284,0.7943470416,1.063433852,1.258830543,0.3086120167,0.9274463882
SPX_80_30_24M_R12,30,5000,63,SPX_80_30,SPX,24m/12m,SP500_1X,0.8,0.3,24,12,0.1307017454,-0.4038651949,-0.7723653091,0,0.1576,0,0.07285277153,0.08462146798,0.1302143178,0.1776359074,0.190291154,8.246043692,39.34566768,186.0800217,0.1346,0.0222,0.0008,1.064129455,0.4542878673,0.1782157676,0.7617451398,1.086590767,1.292947702,0.3184282663,0.9267342504
SPX_80_30_30M_R12,30,5000,63,SPX_80_30,SPX,30m/12m,SP500_1X,0.8,0.3,30,12,0.1269596996,-0.3854320503,-0.7814082974,0,0.2156,0.732,0.07231109845,0.08267075691,0.1259811362,0.1718444608,0.1838179197,8.122048654,35.15636668,157.996592,0.1,0.0138,0.0002,1.001956155,0.4806040729,0.1970117396,0.712493969,1.020078626,1.236221698,0.3177289242,0.9095275387
SPX_80_30_30M_R18,30,5000,63,SPX_80_30,SPX,30m/18m,SP500_1X,0.8,0.3,30,18,0.1292652228,-0.3941914214,-0.7715312692,0,0.1712,0.6028,0.07335585369,0.08446270834,0.1284490567,0.1749268114,0.1872158544,8.362843305,37.54314033,172.1839509,0.1082,0.0152,0.0002,1.016969855,0.4660831193,0.2100716393,0.6938169685,1.040068705,1.262826219,0.3264542061,0.9152703646
SPX_80_35_15M_R6,30,5000,63,SPX_80_35,SPX,15m/6m,SP500_1X,0.8,0.35,15,6,0.1411494852,-0.4811698923,-0.8737608748,0.0002,0.0824,0.4278,0.07110007574,0.08449789984,0.1397829377,0.199367013,0.2152153036,7.85131386,50.66900355,346.5079253,0.4212,0.1276,0.0076,1.369511895,0.4404019611,0.08670404485,1.09074604,1.395606089,1.577882726,0.3588259896,0.9361935355
SPX_80_35_15M_R12,30,5000,63,SPX_80_35,SPX,15m/12m,SP500_1X,0.8,0.35,15,12,0.1487986159,-0.4941557873,-0.9010895066,0.0002,0.0442,0.149,0.07523666182,0.09040693311,0.1472580105,0.2097246967,0.2262296512,8.813839074,61.64738221,454.2298389,0.4712,0.1542,0.009,1.384847035,0.3434139011,0.1186237247,1.068457328,1.412863798,1.616621134,0.3692358663,0.9511460569
SPX_80_35_18M_R6,30,5000,63,SPX_80_35,SPX,18m/6m,SP500_1X,0.8,0.35,18,6,0.137456184,-0.4669687454,-0.8727548916,0.0004,0.1004,0.7084,0.07005281449,0.08364847625,0.1363240744,0.1929900527,0.2076631499,7.624247154,46.25326843,287.3999416,0.3504,0.0948,0.004,1.312473975,0.4741749935,0.09503717099,1.030483078,1.33607845,1.529368214,0.3583307274,0.9290498533
SPX_80_35_18M_R12,30,5000,63,SPX_80_35,SPX,18m/12m,SP500_1X,0.8,0.35,18,12,0.1452342846,-0.4736933597,-0.8916378103,0.0004,0.0492,0.2488,0.07492802206,0.08892199349,0.1440238226,0.2033159802,0.2188388685,8.738252428,56.64114776,378.8842164,0.3776,0.1084,0.0046,1.32839865,0.4235147138,0.156638588,1.00174385,1.357767255,1.563689926,0.3683446473,0.9310813738
SPX_80_35_24M_R6,30,5000,63,SPX_80_35,SPX,24m/6m,SP500_1X,0.8,0.35,24,6,0.1325529333,-0.4415346747,-0.8494113025,0,0.135,0.9442,0.06957295372,0.08215136685,0.131493503,0.1845055803,0.1983430136,7.522329921,40.70384075,227.7938924,0.2492,0.0592,0.0018,1.218233004,0.522207417,0.1155555556,0.9389024415,1.237530126,1.447523094,0.3584705005,0.9226487004
SPX_80_35_24M_R12,30,5000,63,SPX_80_35,SPX,24m/12m,SP500_1X,0.8,0.35,24,12,0.1400432095,-0.4470021168,-0.8258638846,0,0.0718,0,0.07471026331,0.08779310066,0.1390796082,0.1933074281,0.2080414306,8.68529823,49.73932045,290.1130292,0.2656,0.0582,0.002,1.233599765,0.4892487662,0.1704614145,0.9072402069,1.259430626,1.477892249,0.368251125,0.9219675805
SPX_80_35_30M_R12,30,5000,63,SPX_80_35,SPX,30m/12m,SP500_1X,0.8,0.35,30,12,0.135936984,-0.4260983077,-0.8375630816,0,0.0964,0.734,0.07458786627,0.08648361131,0.1348459464,0.1867756934,0.2007680748,8.655688113,44.48182262,242.0376413,0.1872,0.0378,0.0008,1.161715047,0.5293262053,0.192175147,0.8475961822,1.183542231,1.410140489,0.3676885146,0.9045487026
SPX_80_35_30M_R18,30,5000,63,SPX_80_35,SPX,30m/18m,SP500_1X,0.8,0.35,30,18,0.1383741831,-0.435484389,-0.8287911756,0,0.075,0.6104,0.07504973916,0.08824951492,0.1370852349,0.1902000098,0.2040830369,8.767984628,47.19184808,262.9078563,0.2188,0.0448,0.0008,1.176186909,0.5031409486,0.2056981208,0.8305478912,1.20237203,1.434935046,0.3764167401,0.9118249106
SPX_85_25_15M_R6,30,5000,63,SPX_85_25,SPX,15m/6m,SP500_1X,0.85,0.25,15,6,0.1272002953,-0.4124241895,-0.8071009608,0,0.2266,0.378,0.06697035227,0.07900758413,0.1264761599,0.1771992541,0.1906401713,6.992123714,35.62304216,187.723946,0.1754,0.0356,0.0012,1.117472546,0.3274467793,0.1304706854,0.8017781537,1.142028819,1.366976086,0.2592959291,0.9407605576
SPX_85_25_15M_R12,30,5000,63,SPX_85_25,SPX,15m/12m,SP500_1X,0.85,0.25,15,12,0.1342378218,-0.4290789167,-0.8471088234,0,0.1416,0.1428,0.07050332563,0.08403309255,0.1332402866,0.1866505151,0.2011272482,7.721134741,42.63188402,244.2190639,0.2186,0.0484,0.0014,1.146747316,0.2539789179,0.1727439397,0.7458126602,1.183507573,1.42256341,0.2699518988,0.9506743705
SPX_85_25_18M_R6,30,5000,63,SPX_85_25,SPX,18m/6m,SP500_1X,0.85,0.25,18,6,0.1236350928,-0.3980456401,-0.801668717,0,0.2842,0.6392,0.06659209488,0.07786777659,0.1228566679,0.1702207126,0.1831514524,6.918137625,32.34435982,155.3498293,0.135,0.026,0.001,1.056901313,0.3655726343,0.1427065767,0.7562640505,1.076275749,1.307784243,0.2587774461,0.9339047303
SPX_85_25_18M_R12,30,5000,63,SPX_85_25,SPX,18m/12m,SP500_1X,0.85,0.25,18,12,0.1305192039,-0.4090462845,-0.8285986241,0,0.1816,0.2404,0.07025896573,0.08231493096,0.1295819495,0.1800652978,0.1938113369,7.66843283,38.69054005,203.3183356,0.1644,0.0308,0.0008,1.085025369,0.3209043688,0.1971918233,0.7055875521,1.116003881,1.362779302,0.2689996161,0.9327211295
SPX_85_25_24M_R6,30,5000,63,SPX_85_25,SPX,24m/6m,SP500_1X,0.85,0.25,24,6,0.1190186858,-0.3769519872,-0.7660212915,0,0.3758,0.9094,0.06594597345,0.07649480382,0.1180966094,0.1621460284,0.1737633934,6.793502979,28.4738574,122.3241369,0.0884,0.0126,0.0002,0.9645302965,0.4073017231,0.1542211389,0.6854735449,0.9770447227,1.213703803,0.2587757752,0.9306911133
SPX_85_25_24M_R12,30,5000,63,SPX_85_25,SPX,24m/12m,SP500_1X,0.85,0.25,24,12,0.1252254049,-0.385182402,-0.7548850958,0,0.2552,0,0.07041085236,0.08100284525,0.1247530264,0.1701389721,0.1826501524,7.701149646,34.02397209,153.3869834,0.0964,0.014,0.0002,0.987977867,0.3896577713,0.2009112606,0.6454442151,1.007096354,1.266817618,0.2685509623,0.9248556688
SPX_85_25_30M_R12,30,5000,63,SPX_85_25,SPX,30m/12m,SP500_1X,0.85,0.25,30,12,0.121378278,-0.3657188114,-0.7492340415,0,0.3264,0.7308,0.06928691478,0.07950483822,0.1206315017,0.1638271145,0.1756561855,7.462208778,30.47561717,128.3826401,0.0682,0.0082,0,0.9185186446,0.4160837729,0.2281818182,0.6041707398,0.932362796,1.193016696,0.2678070013,0.9105984575
SPX_85_25_30M_R18,30,5000,63,SPX_85_25,SPX,30m/18m,SP500_1X,0.85,0.25,30,18,0.1237686873,-0.3759459158,-0.7432425654,0,0.2786,0.6,0.06996842123,0.08099165726,0.1227433172,0.1676425456,0.1794884674,7.606222587,32.24654523,141.54979,0.0816,0.0094,0,0.9381261197,0.4062951468,0.2329370321,0.5805422823,0.9583609218,1.230069349,0.2766428149,0.9117113039
SPX_85_30_15M_R6,30,5000,63,SPX_85_30,SPX,15m/6m,SP500_1X,0.85,0.3,15,6,0.1377589173,-0.4664219049,-0.8692828699,0,0.1196,0.394,0.06856892858,0.08169890668,0.1364631069,0.1960496763,0.2111083922,7.31333905,46.42333178,313.0434006,0.3596,0.0986,0.005,1.335374728,0.3362256824,0.1326510134,0.9791009496,1.365421589,1.611112616,0.309260826,0.9376942641
SPX_85_30_15M_R12,30,5000,63,SPX_85_30,SPX,15m/12m,SP500_1X,0.85,0.3,15,12,0.1455068786,-0.4838413694,-0.9026525827,0.0002,0.071,0.1642,0.07121733419,0.0861875997,0.1436417797,0.2067553967,0.2244974655,7.877141974,56.07641089,435.3686648,0.431,0.1288,0.0064,1.364803506,0.2394520451,0.1555555556,0.922841238,1.406147443,1.669750015,0.3199317195,0.9501396332
SPX_85_30_18M_R6,30,5000,63,SPX_85_30,SPX,18m/6m,SP500_1X,0.85,0.3,18,6,0.1338249766,-0.448717578,-0.8638508632,0.0004,0.1456,0.6452,0.06769399399,0.08105499207,0.1328004191,0.1887057985,0.202459944,7.135804961,42.13821767,252.4807466,0.2858,0.0714,0.0028,1.263297301,0.3837333471,0.1456820016,0.9219696794,1.288069276,1.541155188,0.3087985961,0.9275363398
SPX_85_30_18M_R12,30,5000,63,SPX_85_30,SPX,18m/12m,SP500_1X,0.85,0.3,18,12,0.1414611754,-0.4595457939,-0.8869709511,0,0.0862,0.254,0.07212006188,0.08540789901,0.1403809658,0.199277026,0.2150560433,8.078748419,51.47269324,345.147889,0.3274,0.088,0.0036,1.291608837,0.3293535867,0.1923231511,0.8704571979,1.328381466,1.595267943,0.3190456887,0.9304010855
SPX_85_30_24M_R6,30,5000,63,SPX_85_30,SPX,24m/6m,SP500_1X,0.85,0.3,24,6,0.1287217253,-0.4205870063,-0.8326198112,0,0.1942,0.9124,0.06792515677,0.07974444832,0.1277956419,0.1790802021,0.1920717752,7.182300728,36.89639018,194.6151386,0.1892,0.0392,0.0014,1.152803606,0.4353964079,0.1587658357,0.8349751228,1.169945958,1.429754021,0.3089080607,0.9210228324
SPX_85_30_24M_R12,30,5000,63,SPX_85_30,SPX,24m/12m,SP500_1X,0.85,0.3,24,12,0.1357621138,-0.430445584,-0.8075631966,0,0.1188,0,0.07277480346,0.08449524715,0.1348371042,0.1880096372,0.2020895915,8.228087244,44.47142581,250.158078,0.2042,0.0396,0.0014,1.176290443,0.4084400138,0.1968376242,0.7932478751,1.20238255,1.478161256,0.3189153025,0.9176940286
SPX_85_30_30M_R12,30,5000,63,SPX_85_30,SPX,30m/12m,SP500_1X,0.85,0.3,30,12,0.1314744675,-0.4058577637,-0.8178381801,0,0.1596,0.725,0.07174309911,0.08333267385,0.1304396755,0.1808735351,0.1943267615,7.99396184,39.58171824,205.9684332,0.1426,0.0234,0.0006,1.094199777,0.4529653995,0.2303092784,0.7408189526,1.112988431,1.390798687,0.3182973069,0.9021480523
SPX_85_30_30M_R18,30,5000,63,SPX_85_30,SPX,30m/18m,SP500_1X,0.85,0.3,30,18,0.1340170255,-0.4170128496,-0.8119757872,0,0.1292,0.6058,0.07270522684,0.08511451499,0.1329213645,0.1846064996,0.1980165398,8.212089622,42.27340263,225.9394205,0.1642,0.0312,0.0006,1.114187574,0.4277930071,0.2367130008,0.7157890704,1.140831144,1.42713947,0.3272828702,0.9038351496
SPX_85_35_15M_R6,30,5000,63,SPX_85_35,SPX,15m/6m,SP500_1X,0.85,0.35,15,6,0.1472004787,-0.5214595283,-0.9131504196,0.0006,0.0804,0.4124,0.06731397839,0.08280420477,0.1454934257,0.2142294014,0.2324758517,7.059999188,58.86522212,529.0258755,0.5954,0.2298,0.0204,1.552177187,0.375318967,0.1292,1.160777144,1.586640558,1.852378643,0.3587582287,0.9345865873
SPX_85_35_15M_R12,30,5000,63,SPX_85_35,SPX,15m/12m,SP500_1X,0.85,0.35,15,12,0.1555077648,-0.5403702854,-0.9396613252,0.0004,0.0566,0.1906,0.06999819004,0.08792386189,0.1533037076,0.2258912008,0.2465302944,7.612574642,72.17644949,743.3890639,0.6764,0.2844,0.0278,1.581155553,0.2395758909,0.1414,1.108446755,1.623256471,1.916714438,0.3689919494,0.9489233882
SPX_85_35_18M_R6,30,5000,63,SPX_85_35,SPX,18m/6m,SP500_1X,0.85,0.35,18,6,0.1430216843,-0.5014740983,-0.9080896988,0.001,0.092,0.6566,0.06782709187,0.08257714492,0.1416678331,0.205452831,0.222167639,7.162540187,53.24412762,411.1901695,0.5056,0.1694,0.0122,1.468475183,0.4277655525,0.1436287257,1.091730447,1.498334447,1.770472999,0.3583470746,0.9241562892
SPX_85_35_18M_R12,30,5000,63,SPX_85_35,SPX,18m/12m,SP500_1X,0.85,0.35,18,12,0.1512823756,-0.5128624334,-0.9270335443,0.0008,0.0548,0.2704,0.07165055724,0.08704189801,0.1492467227,0.2170011438,0.2365799149,7.973279786,64.93531679,584.5102325,0.5572,0.197,0.015,1.495902392,0.3442978105,0.1846,1.044095577,1.536200295,1.824975619,0.3683174564,0.9285005712
SPX_85_35_24M_R6,30,5000,63,SPX_85_35,SPX,24m/6m,SP500_1X,0.85,0.35,24,6,0.1375907281,-0.4680446807,-0.8818523818,0.0004,0.1112,0.915,0.06835820625,0.08233349135,0.1362866888,0.1950114269,0.2100959005,7.270195011,46.20761883,305.2861258,0.3604,0.0958,0.0042,1.340166393,0.4879221072,0.153722657,0.9878747586,1.361733276,1.641024361,0.3586898752,0.9186644075
SPX_85_35_24M_R12,30,5000,63,SPX_85_35,SPX,24m/12m,SP500_1X,0.85,0.35,24,12,0.1453982737,-0.4769632111,-0.8617563665,0,0.0632,0,0.07329130115,0.08740587035,0.1438854066,0.205274466,0.2217541134,8.347769805,56.43590669,407.0365956,0.387,0.104,0.0042,1.362930984,0.4417978737,0.1885771543,0.9470978518,1.394584828,1.684339843,0.3685243628,0.916373154
SPX_85_35_30M_R12,30,5000,63,SPX_85_35,SPX,30m/12m,SP500_1X,0.85,0.35,30,12,0.1407774694,-0.4492656481,-0.8693499312,0,0.0766,0.723,0.07330422332,0.08658427849,0.1393336998,0.1968208837,0.2124819004,8.35078313,50.07326173,323.8713156,0.2704,0.0626,0.0022,1.267592704,0.4952187923,0.2206148282,0.8823323321,1.291994971,1.583965644,0.3681020333,0.8983003752
SPX_85_35_30M_R18,30,5000,63,SPX_85_35,SPX,30m/18m,SP500_1X,0.85,0.35,30,18,0.143425211,-0.4616090006,-0.8641469781,0,0.0648,0.6104,0.07453191273,0.08807307024,0.1416874001,0.2007742186,0.2169304225,8.642159784,53.27151449,361.4840848,0.3166,0.0774,0.0024,1.287886165,0.4579006694,0.2274824473,0.8587107102,1.319254969,1.617184315,0.376891862,0.9052085829
SPX_85_40_15M_R6,30,5000,63,SPX_85_40,SPX,15m/6m,SP500_1X,0.85,0.4,15,6,0.1554973136,-0.576475282,-0.9435228693,0.0016,0.071,0.4454,0.06561466485,0.08221087274,0.1532900576,0.2308349181,0.2533982651,6.730439908,72.15081963,876.6110794,0.796,0.407,0.0632,1.767659112,0.4319848442,0.117,1.346875776,1.805184668,2.093092081,0.4079217752,0.931412257
SPX_85_40_15M_R12,30,5000,63,SPX_85_40,SPX,15m/12m,SP500_1X,0.85,0.4,15,12,0.1642275236,-0.5955119257,-0.9636984132,0.001,0.053,0.2204,0.06835429148,0.0869238882,0.1613651859,0.2435366256,0.2675185008,7.269395983,88.95149114,1226.789781,0.859,0.4814,0.0846,1.795722406,0.2546947033,0.1266,1.303132952,1.836236531,2.165055735,0.4172911924,0.9495380367
SPX_85_40_18M_R6,30,5000,63,SPX_85_40,SPX,18m/6m,SP500_1X,0.85,0.4,18,6,0.1512042849,-0.5520231989,-0.9431962613,0.0012,0.073,0.67,0.06576296761,0.08283797283,0.149376248,0.222279952,0.2419878602,6.758598302,65.15523451,666.2687004,0.715,0.3244,0.0398,1.673608874,0.4864629292,0.1342,1.265383407,1.706432595,1.998581513,0.4076296358,0.9235746781
SPX_85_40_18M_R12,30,5000,63,SPX_85_40,SPX,18m/12m,SP500_1X,0.85,0.4,18,12,0.1599797938,-0.5641079663,-0.9539793897,0.0012,0.0488,0.293,0.07036640743,0.08711210937,0.1575662136,0.234569707,0.2571639087,7.691562079,80.62362319,959.1647259,0.7786,0.363,0.0498,1.698747721,0.3825880778,0.1624,1.224609846,1.739977274,2.053953518,0.4169580498,0.9254321
SPX_85_40_24M_R6,30,5000,63,SPX_85_40,SPX,24m/6m,SP500_1X,0.85,0.4,24,6,0.1456134258,-0.5166979032,-0.9177935458,0.0008,0.0788,0.9202,0.06785007019,0.08316360849,0.1436472928,0.2101444845,0.2281628958,7.167165692,56.08451886,476.2131605,0.5716,0.2042,0.018,1.526676937,0.5513615353,0.1466,1.142753729,1.552127645,1.849498723,0.4081095043,0.9156506969
SPX_85_40_24M_R12,30,5000,63,SPX_85_40,SPX,24m/12m,SP500_1X,0.85,0.4,24,12,0.1541398075,-0.5241144404,-0.9089627794,0.0006,0.0426,0,0.07343769878,0.08892932729,0.1521385178,0.2216153571,0.2408924511,8.381996698,70.02047877,648.8623801,0.6164,0.217,0.0196,1.548190863,0.4947738069,0.1808,1.107838085,1.582000738,1.888829414,0.4175468805,0.9189154971
SPX_85_40_30M_R12,30,5000,63,SPX_85_40,SPX,30m/12m,SP500_1X,0.85,0.4,30,12,0.1492958931,-0.49395942,-0.9075707981,0.0002,0.0458,0.7148,0.07397363767,0.08800630108,0.1473910148,0.2118484121,0.2303106241,8.508462014,61.86216044,501.8413919,0.472,0.1366,0.0066,1.440076463,0.5531647241,0.2096,1.029890724,1.467953211,1.773114567,0.417314856,0.8966340168
SPX_85_40_30M_R18,30,5000,63,SPX_85_40,SPX,30m/18m,SP500_1X,0.85,0.4,30,18,0.1520165246,-0.5070485368,-0.9033278048,0.0004,0.0416,0.6042,0.07473272903,0.08978024407,0.1498855346,0.216041373,0.2349006115,8.690746751,66.02696764,561.15867,0.5316,0.1584,0.0088,1.459299611,0.507269301,0.2132426485,1.008441734,1.493378768,1.805424547,0.4257319804,0.9062348424
SPX_85_45_15M_R6,30,5000,63,SPX_85_45,SPX,15m/6m,SP500_1X,0.85,0.45,15,6,0.1626136161,-0.6296435165,-0.9641293499,0.0024,0.0776,0.4804,0.06097555611,0.07996134225,0.1599653778,0.2474347244,0.2730243119,5.904683089,85.79050701,1397.157714,0.9254,0.6132,0.1458,1.983349926,0.5156461734,0.1056,1.535192989,2.021736436,2.334990583,0.4567536747,0.9344152144
SPX_85_45_15M_R12,30,5000,63,SPX_85_45,SPX,15m/12m,SP500_1X,0.85,0.45,15,12,0.1716360302,-0.6483654037,-0.9788760041,0.0024,0.0598,0.2582,0.06414265604,0.08509925055,0.1689160059,0.2605500305,0.2877679552,6.457027795,108.0418362,1973.691827,0.9544,0.6866,0.1894,2.009586655,0.2932103188,0.1136,1.503420011,2.046453516,2.41763919,0.464936655,0.9492852065
SPX_85_45_18M_R6,30,5000,63,SPX_85_45,SPX,18m/6m,SP500_1X,0.85,0.45,18,6,0.1583454472,-0.6042962959,-0.9682461892,0.0018,0.074,0.691,0.0625132372,0.08158728653,0.1557687204,0.2381082618,0.2612276744,6.166894924,76.95098339,1056.678714,0.8782,0.5156,0.1024,1.877585515,0.5763960091,0.126,1.440460698,1.912272479,2.225868694,0.4566146231,0.9238710312
SPX_85_45_18M_R12,30,5000,63,SPX_85_45,SPX,18m/12m,SP500_1X,0.85,0.45,18,12,0.1675371099,-0.6150050592,-0.971709036,0.0018,0.0538,0.318,0.06727924343,0.08617686688,0.1648175846,0.2506495189,0.2755219983,7.053110499,97.23628071,1481.778473,0.915,0.5612,0.1186,1.900800261,0.4494267656,0.1444,1.410938919,1.94007368,2.285906319,0.4650369372,0.9263215654
SPX_85_45_24M_R6,30,5000,63,SPX_85_45,SPX,24m/6m,SP500_1X,0.85,0.45,24,6,0.1527729128,-0.5635901306,-0.9502046703,0.0014,0.068,0.9236,0.06540460494,0.08296748401,0.150314856,0.224948451,0.2457909386,6.690750074,66.77057601,730.2737446,0.7694,0.3602,0.0476,1.713023414,0.6425659961,0.1374,1.299914112,1.740316029,2.056425093,0.4572506739,0.9163514772
SPX_85_45_24M_R12,30,5000,63,SPX_85_45,SPX,24m/12m,SP500_1X,0.85,0.45,24,12,0.1619836885,-0.5707886482,-0.9449634719,0.0012,0.0388,0,0.0710000347,0.08880313295,0.159569333,0.2368049289,0.2585789733,7.829343127,84.91602388,992.0899318,0.8034,0.3866,0.0492,1.732084218,0.5721254641,0.1666,1.27284881,1.766594427,2.092465549,0.4660578484,0.9181608371
SPX_85_45_30M_R12,30,5000,63,SPX_85_45,SPX,30m/12m,SP500_1X,0.85,0.45,30,12,0.1570311985,-0.5382698265,-0.9355719181,0.0008,0.0378,0.7012,0.0734559067,0.08868494421,0.1545026001,0.2264566258,0.248296301,8.386263208,74.46168834,775.6438926,0.6834,0.2554,0.0228,1.611095612,0.6327716399,0.1946,1.180214243,1.641410172,1.960561589,0.4659953421,0.897964286
SPX_85_45_30M_R18,30,5000,63,SPX_85_45,SPX,30m/18m,SP500_1X,0.85,0.45,30,18,0.1598035034,-0.5511202415,-0.9323902356,0.0008,0.034,0.5966,0.07398861048,0.09116336739,0.1573574435,0.2309254772,0.2520336704,8.5120251,80.18851606,848.4263575,0.736,0.2922,0.0302,1.629614801,0.5777706741,0.1984,1.163174678,1.662068105,1.993520868,0.4738908385,0.9089739637
SPX_90_30_15M_R6,30,5000,63,SPX_90_30,SPX,15m/6m,SP500_1X,0.9,0.3,15,6,0.1411000674,-0.5067351264,-0.9090043898,0.0008,0.131,0.445,0.06303007651,0.07799374926,0.1392029596,0.2072161732,0.2244826988,6.257529793,49.90116049,435.2111334,0.5294,0.1898,0.0148,1.508083306,0.2787338122,0.1562312462,1.026849547,1.539844968,1.904229726,0.3089575455,0.938167122
SPX_90_30_15M_R12,30,5000,63,SPX_90_30,SPX,15m/12m,SP500_1X,0.9,0.3,15,12,0.1494954667,-0.5307956363,-0.937274863,0.0006,0.093,0.2374,0.06470626472,0.08213373875,0.1471702775,0.2200761504,0.2412288838,6.56041982,61.50610927,654.1610366,0.6356,0.2538,0.0234,1.554407566,0.1477514801,0.1776,0.9241153543,1.609016572,2.003395694,0.3190645124,0.9534045193
SPX_90_30_18M_R6,30,5000,63,SPX_90_30,SPX,18m/6m,SP500_1X,0.9,0.3,18,6,0.1373669906,-0.4817015659,-0.8999669387,0.0008,0.1442,0.6512,0.06422763489,0.07892023148,0.1359035774,0.1989713153,0.2147515551,6.472513974,45.74248907,342.562321,0.4212,0.1284,0.0088,1.408219586,0.3374670624,0.167834969,0.967183943,1.433532883,1.78969835,0.3086587613,0.9318649494
SPX_90_30_18M_R12,30,5000,63,SPX_90_30,SPX,18m/12m,SP500_1X,0.9,0.3,18,12,0.145449503,-0.498100831,-0.9203882469,0.0008,0.0974,0.3036,0.06742187198,0.08183072154,0.1434425942,0.2115264197,0.2307490357,7.081442208,55.78413101,507.2342794,0.4888,0.1586,0.0112,1.450738382,0.2542339189,0.2141713371,0.8876941966,1.493324074,1.87495706,0.3186130743,0.9282822038
SPX_90_30_24M_R6,30,5000,63,SPX_90_30,SPX,24m/6m,SP500_1X,0.9,0.3,24,6,0.1324592266,-0.4455213264,-0.8661025776,0,0.169,0.8802,0.06585479998,0.07916168473,0.1311747326,0.1876427989,0.2026188494,6.776091736,40.36121038,253.48368,0.2754,0.0658,0.002,1.263389152,0.404100576,0.1781180737,0.8725341976,1.279475321,1.621755364,0.3090232841,0.9250484182
SPX_90_30_24M_R12,30,5000,63,SPX_90_30,SPX,24m/12m,SP500_1X,0.9,0.3,24,12,0.1397765447,-0.4582607022,-0.8446501662,0,0.1086,0,0.07088343112,0.08363449323,0.1384741495,0.1976422516,0.2134516844,7.803810326,48.95221342,331.7337724,0.3092,0.0728,0.0026,1.295113242,0.3659124656,0.2178714859,0.8180809356,1.32151701,1.691031092,0.31897935,0.9131993244
SPX_90_30_30M_R12,30,5000,63,SPX_90_30,SPX,30m/12m,SP500_1X,0.9,0.3,30,12,0.1353309742,-0.4275260948,-0.8494643314,0,0.13,0.6982,0.07059624586,0.08311267576,0.1339375531,0.1890621726,0.2047026061,7.741266996,43.42590882,266.9977833,0.1984,0.0418,0.0008,1.190162662,0.4191660968,0.2457919286,0.7656698507,1.207968924,1.563873836,0.3185677818,0.9008535061
SPX_90_30_30M_R18,30,5000,63,SPX_90_30,SPX,30m/18m,SP500_1X,0.9,0.3,30,18,0.1380661306,-0.442223821,-0.8465818645,0,0.1144,0.5854,0.07117348286,0.0844855526,0.1363856289,0.1940926086,0.2096740899,7.86747334,46.32848204,302.1095995,0.2482,0.0556,0.0012,1.216837957,0.3851875868,0.2543877345,0.7327308807,1.244079986,1.612723015,0.3275132319,0.8981413448
SPX_90_35_15M_R6,30,5000,63,SPX_90_35,SPX,15m/6m,SP500_1X,0.9,0.35,15,6,0.1501368098,-0.5655380893,-0.9436917554,0.0018,0.108,0.4792,0.06061059562,0.07735469721,0.1478320267,0.2256820282,0.2475511634,5.844055114,62.57950385,761.8728717,0.7608,0.3716,0.0526,1.751721071,0.312932829,0.1538,1.222273502,1.790938126,2.18176319,0.3581734656,0.9391535207
SPX_90_35_15M_R12,30,5000,63,SPX_90_35,SPX,15m/12m,SP500_1X,0.9,0.35,15,12,0.1588683124,-0.5921543452,-0.9645879161,0.0014,0.085,0.2722,0.06111098882,0.08090188906,0.1559692964,0.2404771613,0.2649757909,5.927337538,77.35265854,1155.065744,0.8494,0.4696,0.0782,1.799060612,0.1461742349,0.1638,1.118615284,1.856921448,2.290355714,0.367443141,0.9531355306
SPX_90_35_18M_R6,30,5000,63,SPX_90_35,SPX,18m/6m,SP500_1X,0.9,0.35,18,6,0.1463976151,-0.5378741949,-0.9363541658,0.0014,0.108,0.6678,0.06246545474,0.07933062376,0.1444445517,0.2166855566,0.2366004875,6.158580427,57.26943951,584.8017992,0.6566,0.27,0.032,1.636737019,0.3815154284,0.1668,1.148130362,1.668536473,2.051348011,0.3580451036,0.9311116396
SPX_90_35_18M_R12,30,5000,63,SPX_90_35,SPX,18m/12m,SP500_1X,0.9,0.35,18,12,0.1549481096,-0.5547925973,-0.9522319752,0.0014,0.082,0.3326,0.06534497941,0.0819122173,0.1522047522,0.2298900352,0.2531663935,6.679524366,70.14135384,871.7588616,0.7394,0.331,0.044,1.678762353,0.2694167886,0.201,1.067835763,1.728600527,2.136416429,0.3673137382,0.9294672464
SPX_90_35_24M_R6,30,5000,63,SPX_90_35,SPX,24m/6m,SP500_1X,0.9,0.35,24,6,0.1414225989,-0.4963330694,-0.9093952141,0.0008,0.1078,0.8824,0.06591959792,0.08095050711,0.1395620443,0.2044839863,0.2217135429,6.788465886,50.37521977,406.631419,0.4844,0.1574,0.0102,1.468047856,0.4557358286,0.1804721889,1.033257197,1.489690238,1.857973773,0.3586024296,0.9180812134
SPX_90_35_24M_R12,30,5000,63,SPX_90_35,SPX,24m/12m,SP500_1X,0.9,0.35,24,12,0.1494422992,-0.5087868521,-0.8927312204,0.0006,0.068,0,0.06998727156,0.0853077567,0.147501694,0.2159394536,0.2348855523,7.610244349,62.041441,560.9533231,0.5358,0.1682,0.0116,1.499728756,0.3939823795,0.2098,0.9796774538,1.534061808,1.9222483,0.3683061586,0.914007017
SPX_90_35_30M_R12,30,5000,63,SPX_90_35,SPX,30m/12m,SP500_1X,0.9,0.35,30,12,0.1447919885,-0.4746894112,-0.8959839438,0,0.0734,0.6874,0.07121236214,0.08525955197,0.1430073511,0.2063157443,0.22368222,7.876044769,55.15059236,426.7559095,0.3732,0.1024,0.004,1.377779374,0.4638066256,0.2415381534,0.9133454991,1.402585987,1.775630977,0.3681342965,0.8979334868
SPX_90_35_30M_R18,30,5000,63,SPX_90_35,SPX,30m/18m,SP500_1X,0.9,0.35,30,18,0.1475874114,-0.4896353695,-0.8932523208,0.0002,0.0698,0.5802,0.07172815459,0.08676503546,0.1455816311,0.2105407375,0.2293435529,7.990619039,59.00136335,490.1408501,0.4478,0.1184,0.0048,1.405215016,0.4155496458,0.2458491698,0.8803279406,1.439658856,1.82332884,0.3767800049,0.9004876409
SPX_90_40_15M_R6,30,5000,63,SPX_90_40,SPX,15m/6m,SP500_1X,0.9,0.4,15,6,0.1577638074,-0.6235773897,-0.9660295885,0.003,0.1112,0.5128,0.05593317081,0.07484228811,0.1549078267,0.2435133991,0.2687648897,5.118295544,75.24986831,1263.50799,0.9112,0.5962,0.1386,1.994366886,0.3666553236,0.1448,1.422476176,2.039024132,2.456854871,0.4069999092,0.9401614804
SPX_90_40_15M_R12,30,5000,63,SPX_90_40,SPX,15m/12m,SP500_1X,0.9,0.4,15,12,0.1666259256,-0.6500794362,-0.9807495612,0.0034,0.0916,0.316,0.05680694772,0.07799555868,0.1631999312,0.2592349871,0.2864789828,5.246898257,93.26548171,1915.274011,0.9552,0.6898,0.1914,2.041681342,0.1567368605,0.1432,1.325150832,2.099547757,2.577468193,0.415020682,0.9547785018
SPX_90_40_18M_R6,30,5000,63,SPX_90_40,SPX,18m/6m,SP500_1X,0.9,0.4,18,6,0.154206787,-0.5934568477,-0.9605929086,0.0022,0.1034,0.6874,0.05874020612,0.07811337661,0.1517254908,0.2338093912,0.2574569581,5.54263428,69.27131379,965.8957537,0.8496,0.4756,0.0886,1.863757469,0.4406848478,0.162,1.333533299,1.901507841,2.30838603,0.407070857,0.928500915
SPX_90_40_18M_R12,30,5000,63,SPX_90_40,SPX,18m/12m,SP500_1X,0.9,0.4,18,12,0.1630742107,-0.6099616104,-0.9721561947,0.0018,0.082,0.3602,0.06178208052,0.08003807987,0.1600308326,0.2480644175,0.2737478117,6.040840789,85.93582119,1421.17473,0.9006,0.5424,0.1116,1.905219706,0.3029188172,0.1808,1.258365506,1.9578121,2.396821078,0.41544205,0.9333065407
SPX_90_40_24M_R6,30,5000,63,SPX_90_40,SPX,24m/6m,SP500_1X,0.9,0.4,24,6,0.1493968883,-0.5471594352,-0.9396771384,0.0014,0.0908,0.8832,0.0640851855,0.08057272347,0.1466145145,0.2204627301,0.2410367691,6.446571955,60.6183994,651.1302701,0.6948,0.3032,0.0352,1.671964863,0.5224053806,0.1796,1.197458803,1.698627575,2.089890607,0.4079025488,0.9186454207
SPX_90_40_24M_R12,30,5000,63,SPX_90_40,SPX,24m/12m,SP500_1X,0.9,0.4,24,12,0.1580570827,-0.5585721487,-0.9302055877,0.0012,0.057,0,0.06842772174,0.08594383106,0.1555490678,0.2331209199,0.2551424966,7.284400498,76.51344662,913.9579018,0.7448,0.3336,0.0364,1.702853064,0.4493420404,0.1976,1.148833874,1.741328686,2.149309904,0.4170290773,0.9149164569
SPX_90_40_30M_R12,30,5000,63,SPX_90_40,SPX,30m/12m,SP500_1X,0.9,0.4,30,12,0.1533513933,-0.5214412084,-0.9292512855,0.0008,0.0526,0.6758,0.07080201757,0.08627054662,0.1504505676,0.2215408479,0.2426729041,7.786030417,67.00731334,677.3830811,0.5948,0.2016,0.0152,1.564284977,0.5223194212,0.231,1.067252653,1.59504123,1.982466976,0.4171213481,0.8965022354
SPX_90_40_30M_R18,30,5000,63,SPX_90_40,SPX,30m/18m,SP500_1X,0.9,0.4,30,18,0.1561665329,-0.536402087,-0.9270047325,0.0008,0.0544,0.5758,0.07113179621,0.08801033751,0.1536330407,0.2272098903,0.2479592085,7.858292586,72.79734747,769.3844252,0.6758,0.244,0.0212,1.591533992,0.4640404803,0.233,1.036292563,1.630153058,2.029582539,0.4253739098,0.9033994282
SPX_90_45_15M_R6,30,5000,63,SPX_90_45,SPX,15m/6m,SP500_1X,0.9,0.45,15,6,0.1639423755,-0.677975411,-0.9800776364,0.0068,0.1222,0.5512,0.05014784833,0.07082144562,0.1603934287,0.2599825145,0.2893485596,4.340529261,86.74537426,2047.677951,0.9784,0.784,0.2666,2.236290951,0.4402924557,0.1366,1.626428793,2.284442295,2.73193219,0.4555275484,0.940003661
SPX_90_45_15M_R12,30,5000,63,SPX_90_45,SPX,15m/12m,SP500_1X,0.9,0.45,15,12,0.1727337341,-0.7052199748,-0.9899722007,0.0076,0.1074,0.3662,0.05024076199,0.0723359104,0.1686959189,0.2767512087,0.308017777,4.352063737,107.4332045,3151.87534,0.9914,0.8512,0.338,2.283317252,0.1798321857,0.1278,1.541668398,2.338067888,2.868451358,0.4619935916,0.9554467857
SPX_90_45_18M_R6,30,5000,63,SPX_90_45,SPX,18m/6m,SP500_1X,0.9,0.45,18,6,0.1607656638,-0.6458264792,-0.9801382914,0.004,0.1098,0.7126,0.05356338997,0.07498688636,0.1579759269,0.2501748466,0.277049965,4.784668201,81.48415044,1535.967987,0.9508,0.6756,0.1822,2.090147683,0.5249127717,0.1528,1.521226996,2.131675567,2.564773269,0.4557973281,0.9308951396
SPX_90_45_18M_R12,30,5000,63,SPX_90_45,SPX,18m/12m,SP500_1X,0.9,0.45,18,12,0.169811125,-0.662954463,-0.9842827888,0.0042,0.0946,0.3916,0.05703565239,0.07737117247,0.1661472594,0.2644755461,0.2938692903,5.281071515,100.6220729,2274.394327,0.9732,0.7502,0.2208,2.130420964,0.3578793818,0.1664,1.461306232,2.182991123,2.658027895,0.4630334437,0.9341328074
SPX_90_45_24M_R6,30,5000,63,SPX_90_45,SPX,24m/6m,SP500_1X,0.9,0.45,24,6,0.1563650722,-0.5976920968,-0.9636388435,0.0018,0.0876,0.8874,0.06012081001,0.07982146435,0.1532320536,0.2365123515,0.2595810941,5.763622242,72.04202566,1016.064793,0.8664,0.4906,0.0888,1.875418449,0.6161212453,0.1694,1.363741299,1.905296091,2.318925836,0.4568775132,0.9195875805
SPX_90_45_24M_R12,30,5000,63,SPX_90_45,SPX,24m/12m,SP500_1X,0.9,0.45,24,12,0.1656199448,-0.6070192034,-0.9597445162,0.0018,0.0592,0,0.06600507201,0.08482232477,0.1625835689,0.2493349144,0.2738288512,6.804812011,91.79415126,1423.891487,0.8968,0.5264,0.0944,1.904335925,0.523711105,0.186,1.323669556,1.945293452,2.373139755,0.4651973991,0.9188642521
SPX_90_45_30M_R12,30,5000,63,SPX_90_45,SPX,30m/12m,SP500_1X,0.9,0.45,30,12,0.1610130818,-0.5671627493,-0.9526948501,0.001,0.0472,0.6616,0.06964263218,0.08625004573,0.1578984948,0.2371637693,0.2612661581,7.537045693,81.32085324,1057.645898,0.8038,0.367,0.0472,1.749645137,0.6017754131,0.2162,1.225459765,1.783725759,2.187506793,0.4656208061,0.8987220716
SPX_90_45_30M_R18,30,5000,63,SPX_90_45,SPX,30m/18m,SP500_1X,0.9,0.45,30,18,0.1638198958,-0.5825012439,-0.9510697597,0.0012,0.0492,0.5644,0.06962691233,0.08789959072,0.1611320384,0.2426559042,0.2664025359,7.533726962,88.41726632,1194.795663,0.8448,0.4246,0.0574,1.776101172,0.5315333824,0.213,1.200557748,1.814915267,2.235840231,0.4731028858,0.9095324323
