series,family,sma_days,spread_bps,lag,execution,switch_cost_bps,signal_source,strategy_return_source,entry_close,first_return,last_return,observations,cagr,max_drawdown,terminal_multiple,years,annualized_volatility,sharpe,longest_underwater_calendar_days,max_drawdown_peak,max_drawdown_trough,max_drawdown_recovery,max_drawdown_recovered,max_drawdown_recovery_days_from_trough,max_drawdown_recovery_days_from_peak,worst_calendar_year,worst_calendar_year_return,best_calendar_year,best_calendar_year_return,worst_rolling_1y_cagr,worst_rolling_5y_cagr,worst_rolling_10y_cagr,worst_rolling_20y_cagr,cohort_20y_count,cohort_20y_min_cagr,cohort_20y_median_cagr,worst_rolling_30y_cagr,cohort_30y_count,cohort_30y_min_cagr,cohort_30y_median_cagr,switch_count,switches_per_year
SSO_ALWAYS,SP500,150,0,LAG1,IMMEDIATE_NEXT_RETURN,0,PRICE_INDEX,TOTAL_RETURN,1986-09-26,1986-09-29,2026-09-02,10059,0.1465609503,-0.8784113344,235.4956912,39.93429158,0.366966716,0.4741317981,5187,2000-03-23,2009-03-09,2014-06-05,True,1914,5187,2008,-0.6748374002,1995,0.7576778791,-0.7774153604,-0.232046769,-0.1676151763,0.01240267221,240,0.02848534888,0.09590754865,0.1024021977,120,0.1066208369,0.1340520267,0,0
SSO_SMA_TO_SP500,SP500,150,0,LAG1,IMMEDIATE_NEXT_RETURN,0,PRICE_INDEX,TOTAL_RETURN,1986-09-26,1986-09-29,2026-09-02,10059,0.1422823908,-0.6876641208,202.8350807,39.93429158,0.2699105772,0.5128877264,4982,1999-07-16,2009-03-09,2013-03-06,True,1458,4982,2008,-0.4216333013,1995,0.753138974,-0.5257450419,-0.1295054389,-0.09372664616,0.0352580513,240,0.04484139117,0.1077967012,0.1054165565,120,0.1113226184,0.1264566436,377,9.440508021
SSO_SMA_TO_TBILL,SP500,150,0,LAG1,IMMEDIATE_NEXT_RETURN,0,PRICE_INDEX,TOTAL_RETURN,1986-09-26,1986-09-29,2026-09-02,10059,0.1106833994,-0.6207899536,66.16305776,39.93429158,0.2286343363,0.4372824926,4303,1999-07-16,2003-04-16,2011-04-27,True,2933,4303,2000,-0.3997836743,1995,0.7484915889,-0.4127599819,-0.1269260723,-0.06706076117,0.02043765202,240,0.02399764682,0.08503919878,0.07726443078,120,0.07817418174,0.09250623076,377,9.440508021
SSO_ALWAYS,SP500,150,0,LAG1,IMMEDIATE_NEXT_RETURN,10,PRICE_INDEX,TOTAL_RETURN,1986-09-26,1986-09-29,2026-09-02,10059,0.1465609503,-0.8784113344,235.4956912,39.93429158,0.366966716,0.4741317981,5187,2000-03-23,2009-03-09,2014-06-05,True,1914,5187,2008,-0.6748374002,1995,0.7576778791,-0.7774153604,-0.232046769,-0.1676151763,0.01240267221,240,0.02848534888,0.09590754865,0.1024021977,120,0.1066208369,0.1340520267,0,0
SSO_SMA_TO_SP500,SP500,150,0,LAG1,IMMEDIATE_NEXT_RETURN,10,PRICE_INDEX,TOTAL_RETURN,1986-09-26,1986-09-29,2026-09-02,10059,0.1315440621,-0.7216103903,139.1016016,39.93429158,0.269889453,0.4778846149,5109,1999-07-16,2009-03-09,2013-07-11,True,1585,5109,2008,-0.426244073,1995,0.7496344491,-0.5313933759,-0.1400676392,-0.1040900148,0.02367090366,240,0.03314698179,0.09660387663,0.09412261555,120,0.099966274,0.1151482994,377,9.440508021
SSO_SMA_TO_TBILL,SP500,150,0,LAG1,IMMEDIATE_NEXT_RETURN,10,PRICE_INDEX,TOTAL_RETURN,1986-09-26,1986-09-29,2026-09-02,10059,0.1002421254,-0.6407339337,45.37374535,39.93429158,0.2286494819,0.3959305565,5234,1999-07-16,2003-04-16,2013-11-13,True,3864,5234,2000,-0.4122629664,1995,0.7449963542,-0.4283374169,-0.1380372322,-0.07782421749,0.008715166558,240,0.01218363635,0.0741932153,0.06636279845,120,0.06719216211,0.08142670059,377,9.440508021
SSO_ALWAYS,SP500,150,0,LAG1,IMMEDIATE_NEXT_RETURN,25,PRICE_INDEX,TOTAL_RETURN,1986-09-26,1986-09-29,2026-09-02,10059,0.1465609503,-0.8784113344,235.4956912,39.93429158,0.366966716,0.4741317981,5187,2000-03-23,2009-03-09,2014-06-05,True,1914,5187,2008,-0.6748374002,1995,0.7576778791,-0.7774153604,-0.232046769,-0.1676151763,0.01240267221,240,0.02848534888,0.09590754865,0.1024021977,120,0.1066208369,0.1340520267,0,0
SSO_SMA_TO_SP500,SP500,150,0,LAG1,IMMEDIATE_NEXT_RETURN,25,PRICE_INDEX,TOTAL_RETURN,1986-09-26,1986-09-29,2026-09-02,10059,0.1156057569,-0.7657897609,78.94197952,39.93429158,0.2699211276,0.4252699327,5373,1999-07-16,2009-03-09,2014-04-01,True,1849,5373,2008,-0.4330999256,1995,0.7443842362,-0.539750353,-0.1556904933,-0.119432316,0.006511614593,240,0.01582884991,0.08004953846,0.07737690647,120,0.08312807783,0.09842270711,377,9.440508021
SSO_SMA_TO_TBILL,SP500,150,0,LAG1,IMMEDIATE_NEXT_RETURN,25,PRICE_INDEX,TOTAL_RETURN,1986-09-26,1986-09-29,2026-09-02,10059,0.0847447221,-0.6687341478,25.75019436,39.93429158,0.2287468091,0.3338041739,5515,1999-07-16,2003-04-16,2014-08-21,True,4145,5515,2000,-0.4305195816,1995,0.739760059,-0.4509599557,-0.1544597424,-0.09375676801,-0.008638066612,240,-0.005303991536,0.05792644025,0.05019678826,120,0.05090830325,0.0651571975,377,9.440508021
SSO_ALWAYS,SP500,150,0,LAG1,IMMEDIATE_NEXT_RETURN,50,PRICE_INDEX,TOTAL_RETURN,1986-09-26,1986-09-29,2026-09-02,10059,0.1465609503,-0.8784113344,235.4956912,39.93429158,0.366966716,0.4741317981,5187,2000-03-23,2009-03-09,2014-06-05,True,1914,5187,2008,-0.6748374002,1995,0.7576778791,-0.7774153604,-0.232046769,-0.1676151763,0.01240267221,240,0.02848534888,0.09590754865,0.1024021977,120,0.1066208369,0.1340520267,0,0
SSO_SMA_TO_SP500,SP500,150,0,LAG1,IMMEDIATE_NEXT_RETURN,50,PRICE_INDEX,TOTAL_RETURN,1986-09-26,1986-09-29,2026-09-02,10059,0.08948751586,-0.8245003875,30.65099027,39.93429158,0.2701427748,0.3373954921,6745,1999-07-16,2009-03-09,2018-01-02,True,3221,6745,2008,-0.4443671359,1995,0.7356514127,-0.553375668,-0.1811506457,-0.1444706432,-0.0215057563,240,-0.01244787659,0.05378863773,0.04998080255,120,0.05558076769,0.07069703125,377,9.440508021
SSO_SMA_TO_TBILL,SP500,150,0,LAG1,IMMEDIATE_NEXT_RETURN,50,PRICE_INDEX,TOTAL_RETURN,1986-09-26,1986-09-29,2026-09-02,10059,0.05934899071,-0.7319205813,9.998089251,39.93429158,0.229107632,0.2301783262,9574,1999-07-16,2009-04-30,2025-10-01,True,5998,9574,2000,-0.4597528312,1995,0.7310503853,-0.4867616567,-0.1811909431,-0.119753002,-0.03695518162,240,-0.03383755654,0.03088559358,0.02311068879,120,0.02426611138,0.03849388918,377,9.440508021
SSO_ALWAYS,SP500,150,0,LAG2,WAIT_ONE_TRADING_DAY,0,PRICE_INDEX,TOTAL_RETURN,1986-09-26,1986-09-29,2026-09-02,10059,0.1465609503,-0.8784113344,235.4956912,39.93429158,0.366966716,0.4741317981,5187,2000-03-23,2009-03-09,2014-06-05,True,1914,5187,2008,-0.6748374002,1995,0.7576778791,-0.7774153604,-0.232046769,-0.1676151763,0.01240267221,240,0.02848534888,0.09590754865,0.1024021977,120,0.1066208369,0.1340520267,0,0
SSO_SMA_TO_SP500,SP500,150,0,LAG2,WAIT_ONE_TRADING_DAY,0,PRICE_INDEX,TOTAL_RETURN,1986-09-26,1986-09-29,2026-09-02,10059,0.1518909374,-0.6554204638,283.4126393,39.93429158,0.2706989551,0.5431012391,4191,1999-07-16,2003-03-11,2011-01-05,True,2857,4191,2008,-0.3850443782,1995,0.7529775962,-0.4877517759,-0.1235048574,-0.07891593497,0.0584152469,240,0.06821295194,0.1189065105,0.1173005742,120,0.1200269382,0.1403420277,377,9.440508021
SSO_SMA_TO_TBILL,SP500,150,0,LAG2,WAIT_ONE_TRADING_DAY,0,PRICE_INDEX,TOTAL_RETURN,1986-09-26,1986-09-29,2026-09-02,10059,0.1296050806,-0.5965306498,129.8936006,39.93429158,0.2298702097,0.5096434377,3741,1999-07-16,2003-04-16,2009-10-12,True,2371,3741,2000,-0.3591035293,1995,0.7481252438,-0.4133323745,-0.1237136988,-0.03647005801,0.06291916743,240,0.06669107896,0.1070178574,0.102708252,120,0.1053990089,0.1202008039,377,9.440508021
SSO_ALWAYS,SP500,150,0,LAG2,WAIT_ONE_TRADING_DAY,10,PRICE_INDEX,TOTAL_RETURN,1986-09-26,1986-09-29,2026-09-02,10059,0.1465609503,-0.8784113344,235.4956912,39.93429158,0.366966716,0.4741317981,5187,2000-03-23,2009-03-09,2014-06-05,True,1914,5187,2008,-0.6748374002,1995,0.7576778791,-0.7774153604,-0.232046769,-0.1676151763,0.01240267221,240,0.02848534888,0.09590754865,0.1024021977,120,0.1066208369,0.1340520267,0,0
SSO_SMA_TO_SP500,SP500,150,0,LAG2,WAIT_ONE_TRADING_DAY,10,PRICE_INDEX,TOTAL_RETURN,1986-09-26,1986-09-29,2026-09-02,10059,0.141062281,-0.6725971069,194.36062,39.93429158,0.2707357898,0.5081503429,4304,1999-07-16,2009-03-09,2011-04-28,True,780,4304,2008,-0.3899468388,1995,0.7494733939,-0.4918382332,-0.1337932319,-0.08944866628,0.04656891185,240,0.05625695587,0.1083832767,0.1065471734,120,0.1092472977,0.1291032605,377,9.440508021
SSO_SMA_TO_TBILL,SP500,150,0,LAG2,WAIT_ONE_TRADING_DAY,10,PRICE_INDEX,TOTAL_RETURN,1986-09-26,1986-09-29,2026-09-02,10059,0.1189859283,-0.6177505114,89.07930431,39.93429158,0.229917344,0.4684729377,3827,1999-07-16,2003-04-16,2010-01-06,True,2457,3827,2000,-0.3724286155,1995,0.7446307414,-0.4272234757,-0.1348657409,-0.04758644373,0.05076122274,240,0.05475211649,0.09650710012,0.09209529426,120,0.09458312539,0.1090615026,377,9.440508021
SSO_ALWAYS,SP500,150,0,LAG2,WAIT_ONE_TRADING_DAY,25,PRICE_INDEX,TOTAL_RETURN,1986-09-26,1986-09-29,2026-09-02,10059,0.1465609503,-0.8784113344,235.4956912,39.93429158,0.366966716,0.4741317981,5187,2000-03-23,2009-03-09,2014-06-05,True,1914,5187,2008,-0.6748374002,1995,0.7576778791,-0.7774153604,-0.232046769,-0.1676151763,0.01240267221,240,0.02848534888,0.09590754865,0.1024021977,120,0.1066208369,0.1340520267,0,0
SSO_SMA_TO_SP500,SP500,150,0,LAG2,WAIT_ONE_TRADING_DAY,25,PRICE_INDEX,TOTAL_RETURN,1986-09-26,1986-09-29,2026-09-02,10059,0.1249899075,-0.7245546989,110.3021957,39.93429158,0.2708539749,0.4556358239,5052,1999-07-16,2009-03-09,2013-05-15,True,1528,5052,2008,-0.3972364098,1995,0.7442236643,-0.4990085559,-0.1492453755,-0.1050416979,0.0290257948,240,0.03855144293,0.09248322815,0.08992482763,120,0.09325219125,0.1120542008,377,9.440508021
SSO_SMA_TO_TBILL,SP500,150,0,LAG2,WAIT_ONE_TRADING_DAY,25,PRICE_INDEX,TOTAL_RETURN,1986-09-26,1986-09-29,2026-09-02,10059,0.1032245101,-0.6475419905,50.55367111,39.93429158,0.230062109,0.4066176886,4198,1999-07-16,2003-04-16,2011-01-12,True,2828,4198,2000,-0.3919225874,1995,0.7393955433,-0.4474707279,-0.1513486758,-0.06404141619,0.03276223794,240,0.03707182842,0.08046733808,0.07630907269,120,0.07793530622,0.09242651229,377,9.440508021
SSO_ALWAYS,SP500,150,0,LAG2,WAIT_ONE_TRADING_DAY,50,PRICE_INDEX,TOTAL_RETURN,1986-09-26,1986-09-29,2026-09-02,10059,0.1465609503,-0.8784113344,235.4956912,39.93429158,0.366966716,0.4741317981,5187,2000-03-23,2009-03-09,2014-06-05,True,1914,5187,2008,-0.6748374002,1995,0.7576778791,-0.7774153604,-0.232046769,-0.1676151763,0.01240267221,240,0.02848534888,0.09590754865,0.1024021977,120,0.1066208369,0.1340520267,0,0
SSO_SMA_TO_SP500,SP500,150,0,LAG2,WAIT_ONE_TRADING_DAY,50,PRICE_INDEX,TOTAL_RETURN,1986-09-26,1986-09-29,2026-09-02,10059,0.09865196742,-0.7936019202,42.82729605,39.93429158,0.2712184892,0.3679856303,5543,1999-07-16,2009-03-09,2014-09-18,True,2019,5543,2008,-0.4092164121,1995,0.7354916446,-0.5138399985,-0.1753139364,-0.1304892124,0.0003817166442,240,0.009642207759,0.06588067805,0.06212082188,120,0.06705271608,0.08423685978,377,9.440508021
SSO_SMA_TO_TBILL,SP500,150,0,LAG2,WAIT_ONE_TRADING_DAY,50,PRICE_INDEX,TOTAL_RETURN,1986-09-26,1986-09-29,2026-09-02,10059,0.07739613525,-0.6922082966,19.6285942,39.93429158,0.2305004102,0.3034382955,5348,1999-07-16,2003-04-16,2014-03-07,True,3978,5348,2000,-0.4231371441,1995,0.7306876945,-0.4797008428,-0.1781782308,-0.09089005625,0.003388441384,240,0.007471354391,0.05464321667,0.0490738698,120,0.05069581688,0.06519818047,377,9.440508021
SSO_ALWAYS,SP500,150,50,LAG1,IMMEDIATE_NEXT_RETURN,0,PRICE_INDEX,TOTAL_RETURN,1986-09-26,1986-09-29,2026-09-02,10059,0.1407594119,-0.8838247466,192.3110741,39.93429158,0.3669689764,0.460298884,5279,2000-03-23,2009-03-09,2014-09-05,True,2006,5279,2008,-0.6764976834,1995,0.7488328111,-0.7785542111,-0.2359413347,-0.171834067,0.007276310959,240,0.02327785523,0.09036078653,0.09682353803,120,0.1010207013,0.128313937,0,0
SSO_SMA_TO_SP500,SP500,150,50,LAG1,IMMEDIATE_NEXT_RETURN,0,PRICE_INDEX,TOTAL_RETURN,1986-09-26,1986-09-29,2026-09-02,10059,0.1379980407,-0.6956432313,174.5708004,39.93429158,0.269908789,0.4989549953,5017,1999-07-16,2009-03-09,2013-04-10,True,1493,5017,2008,-0.4217233611,1995,0.7444378368,-0.5258584522,-0.1321341257,-0.09623068339,0.03168941404,240,0.0412455408,0.1038990373,0.1013280149,120,0.1072114835,0.1222434677,377,9.440508021
SSO_SMA_TO_TBILL,SP500,150,50,LAG1,IMMEDIATE_NEXT_RETURN,0,PRICE_INDEX,TOTAL_RETURN,1986-09-26,1986-09-29,2026-09-02,10059,0.1065175675,-0.6231624345,56.94349277,39.93429158,0.2286297141,0.4208381121,5109,1999-07-16,2003-04-16,2013-07-11,True,3739,5109,2000,-0.4016549332,1995,0.7398135176,-0.4135678047,-0.1289406686,-0.06957212475,0.01693859978,240,0.02048865081,0.08122963552,0.07329402626,120,0.07420200869,0.08846430883,377,9.440508021
SSO_ALWAYS,SP500,150,50,LAG1,IMMEDIATE_NEXT_RETURN,10,PRICE_INDEX,TOTAL_RETURN,1986-09-26,1986-09-29,2026-09-02,10059,0.1407594119,-0.8838247466,192.3110741,39.93429158,0.3669689764,0.460298884,5279,2000-03-23,2009-03-09,2014-09-05,True,2006,5279,2008,-0.6764976834,1995,0.7488328111,-0.7785542111,-0.2359413347,-0.171834067,0.007276310959,240,0.02327785523,0.09036078653,0.09682353803,120,0.1010207013,0.128313937,0,0
SSO_SMA_TO_SP500,SP500,150,50,LAG1,IMMEDIATE_NEXT_RETURN,10,PRICE_INDEX,TOTAL_RETURN,1986-09-26,1986-09-29,2026-09-02,10059,0.1272999882,-0.7287222901,119.7183339,39.93429158,0.2698875028,0.463951298,5130,1999-07-16,2009-03-09,2013-08-01,True,1606,5130,2008,-0.4263334148,1995,0.7409507056,-0.5315054355,-0.1426644307,-0.106565418,0.02014220844,240,0.02959137806,0.09274559081,0.09007584622,120,0.09589714989,0.1109983129,377,9.440508021
SSO_SMA_TO_TBILL,SP500,150,50,LAG1,IMMEDIATE_NEXT_RETURN,10,PRICE_INDEX,TOTAL_RETURN,1986-09-26,1986-09-29,2026-09-02,10059,0.09611545549,-0.6429816376,39.05109026,39.93429158,0.2286446695,0.3794873306,5271,1999-07-16,2003-04-16,2013-12-20,True,3901,5271,2000,-0.4140953194,1995,0.7363356303,-0.429123811,-0.1400261897,-0.0803066071,0.005256310389,240,0.008715124139,0.07023584155,0.06243257338,120,0.06326044864,0.07745672466,377,9.440508021
SSO_ALWAYS,SP500,150,50,LAG1,IMMEDIATE_NEXT_RETURN,25,PRICE_INDEX,TOTAL_RETURN,1986-09-26,1986-09-29,2026-09-02,10059,0.1407594119,-0.8838247466,192.3110741,39.93429158,0.3669689764,0.460298884,5279,2000-03-23,2009-03-09,2014-09-05,True,2006,5279,2008,-0.6764976834,1995,0.7488328111,-0.7785542111,-0.2359413347,-0.171834067,0.007276310959,240,0.02327785523,0.09036078653,0.09682353803,120,0.1010207013,0.128313937,0,0
SSO_SMA_TO_SP500,SP500,150,50,LAG1,IMMEDIATE_NEXT_RETURN,25,PRICE_INDEX,TOTAL_RETURN,1986-09-26,1986-09-29,2026-09-02,10059,0.1114214627,-0.7717730293,67.94172144,39.93429158,0.2699189335,0.4113389295,5431,1999-07-16,2009-03-09,2014-05-29,True,1907,5431,2008,-0.4331881999,1995,0.7357265504,-0.5398604141,-0.1582401075,-0.1218653283,0.003042069151,240,0.01233284701,0.07620682187,0.07339207354,120,0.07912124355,0.09431960446,377,9.440508021
SSO_SMA_TO_TBILL,SP500,150,50,LAG1,IMMEDIATE_NEXT_RETURN,25,PRICE_INDEX,TOTAL_RETURN,1986-09-26,1986-09-29,2026-09-02,10059,0.08067617814,-0.6708066717,22.16200484,39.93429158,0.2287417119,0.3173679118,6656,1999-07-16,2003-04-16,2017-10-05,True,5286,6656,2000,-0.432295017,1995,0.7311253238,-0.4517152296,-0.1564108054,-0.09619626906,-0.01203741903,240,-0.008712577809,0.05412904751,0.04632614521,120,0.04703658223,0.0612230027,377,9.440508021
SSO_ALWAYS,SP500,150,50,LAG1,IMMEDIATE_NEXT_RETURN,50,PRICE_INDEX,TOTAL_RETURN,1986-09-26,1986-09-29,2026-09-02,10059,0.1407594119,-0.8838247466,192.3110741,39.93429158,0.3669689764,0.460298884,5279,2000-03-23,2009-03-09,2014-09-05,True,2006,5279,2008,-0.6764976834,1995,0.7488328111,-0.7785542111,-0.2359413347,-0.171834067,0.007276310959,240,0.02327785523,0.09036078653,0.09682353803,120,0.1010207013,0.128313937,0,0
SSO_SMA_TO_SP500,SP500,150,50,LAG1,IMMEDIATE_NEXT_RETURN,50,PRICE_INDEX,TOTAL_RETURN,1986-09-26,1986-09-29,2026-09-02,10059,0.08540118315,-0.8289838007,26.37989389,39.93429158,0.2701401726,0.3234768389,6755,1999-07-16,2009-03-09,2018-01-12,True,3231,6755,2008,-0.4444536558,1995,0.7270370694,-0.5534824708,-0.1836233763,-0.1468344746,-0.02487872309,240,-0.01584656437,0.05009967176,0.04609729804,120,0.05167583965,0.06668269386,377,9.440508021
SSO_SMA_TO_TBILL,SP500,150,50,LAG1,IMMEDIATE_NEXT_RETURN,50,PRICE_INDEX,TOTAL_RETURN,1986-09-26,1986-09-29,2026-09-02,10059,0.05537569834,-0.7387727258,8.604894366,39.93429158,0.2291020612,0.2137675501,9790,1999-07-16,2009-04-30,2026-05-05,True,6214,9790,2000,-0.4614371279,1995,0.7224588777,-0.4874676808,-0.1830803245,-0.1221225242,-0.04025743544,240,-0.03714836508,0.02705386858,0.01937606348,120,0.02049254462,0.034626787,377,9.440508021
SSO_ALWAYS,SP500,150,50,LAG2,WAIT_ONE_TRADING_DAY,0,PRICE_INDEX,TOTAL_RETURN,1986-09-26,1986-09-29,2026-09-02,10059,0.1407594119,-0.8838247466,192.3110741,39.93429158,0.3669689764,0.460298884,5279,2000-03-23,2009-03-09,2014-09-05,True,2006,5279,2008,-0.6764976834,1995,0.7488328111,-0.7785542111,-0.2359413347,-0.171834067,0.007276310959,240,0.02327785523,0.09036078653,0.09682353803,120,0.1010207013,0.128313937,0,0
SSO_SMA_TO_SP500,SP500,150,50,LAG2,WAIT_ONE_TRADING_DAY,0,PRICE_INDEX,TOTAL_RETURN,1986-09-26,1986-09-29,2026-09-02,10059,0.1475718867,-0.6575703383,243.9315475,39.93429158,0.2706958302,0.5292144568,4204,1999-07-16,2003-03-11,2011-01-18,True,2870,4204,2008,-0.3851386815,1995,0.744204492,-0.4878303828,-0.125611718,-0.08146903587,0.05476793101,240,0.06453782485,0.1149080192,0.1132283605,120,0.1159448101,0.1360959128,377,9.440508021
SSO_SMA_TO_TBILL,SP500,150,50,LAG2,WAIT_ONE_TRADING_DAY,0,PRICE_INDEX,TOTAL_RETURN,1986-09-26,1986-09-29,2026-09-02,10059,0.1253695914,-0.5990981065,111.7986378,39.93429158,0.2298645903,0.4932940994,3743,1999-07-16,2003-04-16,2009-10-14,True,2373,3743,2000,-0.3612059903,1995,0.7393764241,-0.4157090028,-0.1257547157,-0.03907095105,0.05927490191,240,0.06302125573,0.1030245708,0.09868922286,120,0.1013701947,0.1160630044,377,9.440508021
SSO_ALWAYS,SP500,150,50,LAG2,WAIT_ONE_TRADING_DAY,10,PRICE_INDEX,TOTAL_RETURN,1986-09-26,1986-09-29,2026-09-02,10059,0.1407594119,-0.8838247466,192.3110741,39.93429158,0.3669689764,0.460298884,5279,2000-03-23,2009-03-09,2014-09-05,True,2006,5279,2008,-0.6764976834,1995,0.7488328111,-0.7785542111,-0.2359413347,-0.171834067,0.007276310959,240,0.02327785523,0.09036078653,0.09682353803,120,0.1010207013,0.128313937,0,0
SSO_SMA_TO_SP500,SP500,150,50,LAG2,WAIT_ONE_TRADING_DAY,10,PRICE_INDEX,TOTAL_RETURN,1986-09-26,1986-09-29,2026-09-02,10059,0.1367838327,-0.6809894169,167.2850122,39.93429158,0.270732489,0.4942657878,4940,1999-07-16,2009-03-09,2013-01-23,True,1416,4940,2008,-0.3900403903,1995,0.7407178272,-0.4919162131,-0.135875362,-0.09197257209,0.04296241863,240,0.05262296273,0.1043514641,0.1025141525,120,0.1052044578,0.1248989944,377,9.440508021
SSO_SMA_TO_TBILL,SP500,150,50,LAG2,WAIT_ONE_TRADING_DAY,10,PRICE_INDEX,TOTAL_RETURN,1986-09-26,1986-09-29,2026-09-02,10059,0.114790256,-0.6201829366,76.67001941,39.93429158,0.2299115182,0.4521268799,3896,1999-07-16,2003-04-16,2010-03-16,True,2526,3896,2000,-0.3744873635,1995,0.7358994106,-0.4295438303,-0.1368807828,-0.05015732989,0.04715864127,240,0.05112336784,0.09265091961,0.08811494601,120,0.09054862877,0.1049548756,377,9.440508021
SSO_ALWAYS,SP500,150,50,LAG2,WAIT_ONE_TRADING_DAY,25,PRICE_INDEX,TOTAL_RETURN,1986-09-26,1986-09-29,2026-09-02,10059,0.1407594119,-0.8838247466,192.3110741,39.93429158,0.3669689764,0.460298884,5279,2000-03-23,2009-03-09,2014-09-05,True,2006,5279,2008,-0.6764976834,1995,0.7488328111,-0.7785542111,-0.2359413347,-0.171834067,0.007276310959,240,0.02327785523,0.09036078653,0.09682353803,120,0.1010207013,0.128313937,0,0
SSO_SMA_TO_SP500,SP500,150,50,LAG2,WAIT_ONE_TRADING_DAY,25,PRICE_INDEX,TOTAL_RETURN,1986-09-26,1986-09-29,2026-09-02,10059,0.1207717231,-0.7316151812,94.93643391,39.93429158,0.27085041,0.4417577485,5116,1999-07-16,2009-03-09,2013-07-18,True,1592,5116,2008,-0.3973288435,1995,0.7354943708,-0.4991268483,-0.1512386717,-0.1075223823,0.02547975543,240,0.03497836461,0.08860100778,0.08589218543,120,0.08926764825,0.1079108451,377,9.440508021
SSO_SMA_TO_TBILL,SP500,150,50,LAG2,WAIT_ONE_TRADING_DAY,25,PRICE_INDEX,TOTAL_RETURN,1986-09-26,1986-09-29,2026-09-02,10059,0.09908793571,-0.6497848391,43.51123951,39.93429158,0.2300559745,0.3902816682,4218,1999-07-16,2003-04-16,2011-02-01,True,2848,4218,2000,-0.3939173855,1995,0.7306904131,-0.4497090595,-0.1533253262,-0.06656788482,0.02922136679,240,0.03350390669,0.07670738464,0.07234705361,120,0.07396217138,0.08835307556,377,9.440508021
SSO_ALWAYS,SP500,150,50,LAG2,WAIT_ONE_TRADING_DAY,50,PRICE_INDEX,TOTAL_RETURN,1986-09-26,1986-09-29,2026-09-02,10059,0.1407594119,-0.8838247466,192.3110741,39.93429158,0.3669689764,0.460298884,5279,2000-03-23,2009-03-09,2014-09-05,True,2006,5279,2008,-0.6764976834,1995,0.7488328111,-0.7785542111,-0.2359413347,-0.171834067,0.007276310959,240,0.02327785523,0.09036078653,0.09682353803,120,0.1010207013,0.128313937,0,0
SSO_SMA_TO_SP500,SP500,150,50,LAG2,WAIT_ONE_TRADING_DAY,50,PRICE_INDEX,TOTAL_RETURN,1986-09-26,1986-09-29,2026-09-02,10059,0.09453253791,-0.7988925169,36.86119515,39.93429158,0.2712144838,0.3541266793,6573,1999-07-16,2009-03-09,2017-07-14,True,3049,6573,2008,-0.4093070086,1995,0.7268060522,-0.513954789,-0.1772461546,-0.1328993602,-0.003065614768,240,0.006168590053,0.062117745,0.05819105247,120,0.0631636615,0.08019675732,377,9.440508021
SSO_SMA_TO_TBILL,SP500,150,50,LAG2,WAIT_ONE_TRADING_DAY,50,PRICE_INDEX,TOTAL_RETURN,1986-09-26,1986-09-29,2026-09-02,10059,0.07335640514,-0.6941669135,16.89421252,39.93429158,0.2304937636,0.2871325525,5431,1999-07-16,2003-04-16,2014-05-29,True,4061,5431,2000,-0.4250295429,1995,0.7220261443,-0.4818086082,-0.1800923907,-0.09334405131,-5.172039681e-05,240,0.004020124178,0.05093428146,0.04521259253,120,0.0468230834,0.06126573716,377,9.440508021
SSO_ALWAYS,SP500,150,100,LAG1,IMMEDIATE_NEXT_RETURN,0,PRICE_INDEX,TOTAL_RETURN,1986-09-26,1986-09-29,2026-09-02,10059,0.1349870704,-0.8889972816,157.0446692,39.93429158,0.3669713385,0.4464660635,5387,2000-03-23,2009-03-09,2014-12-22,True,2114,5387,2008,-0.6781495348,1995,0.7400320144,-0.7796872667,-0.2398162567,-0.1760316907,0.002175766654,240,0.01809658559,0.08484194637,0.09127295652,120,0.09544875262,0.1226047241,0,0
SSO_SMA_TO_SP500,SP500,150,100,LAG1,IMMEDIATE_NEXT_RETURN,0,PRICE_INDEX,TOTAL_RETURN,1986-09-26,1986-09-29,2026-09-02,10059,0.1337296428,-0.7034187165,150.2444182,39.93429158,0.269907176,0.4850218336,5040,1999-07-16,2009-03-09,2013-05-03,True,1516,5040,2008,-0.4218134095,1995,0.7357796519,-0.5259718386,-0.1347549481,-0.09872787125,0.02813298013,240,0.0376619668,0.1000149829,0.09725448354,120,0.1031154446,0.1180669579,377,9.440508021
SSO_SMA_TO_TBILL,SP500,150,100,LAG1,IMMEDIATE_NEXT_RETURN,0,PRICE_INDEX,TOTAL_RETURN,1986-09-26,1986-09-29,2026-09-02,10059,0.1023672464,-0.625520137,49.00843623,39.93429158,0.2286252985,0.4043928142,5131,1999-07-16,2003-04-16,2013-08-02,True,3761,5131,2000,-0.4035204081,1995,0.7311782845,-0.4143745383,-0.1309506719,-0.0720767976,0.01345144945,240,0.01699158272,0.07733986377,0.06933814663,120,0.07024436115,0.08445775004,377,9.440508021
SSO_ALWAYS,SP500,150,100,LAG1,IMMEDIATE_NEXT_RETURN,10,PRICE_INDEX,TOTAL_RETURN,1986-09-26,1986-09-29,2026-09-02,10059,0.1349870704,-0.8889972816,157.0446692,39.93429158,0.3669713385,0.4464660635,5387,2000-03-23,2009-03-09,2014-12-22,True,2114,5387,2008,-0.6781495348,1995,0.7400320144,-0.7796872667,-0.2398162567,-0.1760316907,0.002175766654,240,0.01809658559,0.08484194637,0.09127295652,120,0.09544875262,0.1226047241,0,0
SSO_SMA_TO_SP500,SP500,150,100,LAG1,IMMEDIATE_NEXT_RETURN,10,PRICE_INDEX,TOTAL_RETURN,1986-09-26,1986-09-29,2026-09-02,10059,0.1230717165,-0.7356526955,103.0356244,39.93429158,0.2698857278,0.4500175564,5208,1999-07-16,2009-03-09,2013-10-18,True,1684,5208,2008,-0.4264227454,1995,0.7323098284,-0.5316174715,-0.1452534531,-0.1090340502,0.01662558,240,0.02604791328,0.0889007769,0.08604393374,120,0.09184296746,0.1068636586,377,9.440508021
SSO_SMA_TO_TBILL,SP500,150,100,LAG1,IMMEDIATE_NEXT_RETURN,10,PRICE_INDEX,TOTAL_RETURN,1986-09-26,1986-09-29,2026-09-02,10059,0.09200415064,-0.6452153403,33.60933398,39.93429158,0.2286400638,0.3630431974,5340,1999-07-16,2003-04-16,2014-02-27,True,3970,5340,2000,-0.4159220086,1995,0.7277176591,-0.4299091447,-0.1420106127,-0.08278238317,0.001809219408,240,0.005258402238,0.06642502314,0.05851672621,120,0.05934311273,0.07350121414,377,9.440508021
SSO_ALWAYS,SP500,150,100,LAG1,IMMEDIATE_NEXT_RETURN,25,PRICE_INDEX,TOTAL_RETURN,1986-09-26,1986-09-29,2026-09-02,10059,0.1349870704,-0.8889972816,157.0446692,39.93429158,0.3669713385,0.4464660635,5387,2000-03-23,2009-03-09,2014-12-22,True,2114,5387,2008,-0.6781495348,1995,0.7400320144,-0.7796872667,-0.2398162567,-0.1760316907,0.002175766654,240,0.01809658559,0.08484194637,0.09127295652,120,0.09544875262,0.1226047241,0,0
SSO_SMA_TO_SP500,SP500,150,100,LAG1,IMMEDIATE_NEXT_RETURN,25,PRICE_INDEX,TOTAL_RETURN,1986-09-26,1986-09-29,2026-09-02,10059,0.1072527482,-0.7776036058,58.47406544,39.93429158,0.2699169145,0.3974075109,5464,1999-07-16,2009-03-09,2014-07-01,True,1940,5464,2008,-0.433276463,1995,0.7271116022,-0.5399704521,-0.1607820937,-0.1242916856,-0.0004156117914,240,0.008848779579,0.07241921264,0.06942187008,120,0.07512912221,0.09023171722,377,9.440508021
SSO_SMA_TO_TBILL,SP500,150,100,LAG1,IMMEDIATE_NEXT_RETURN,25,PRICE_INDEX,TOTAL_RETURN,1986-09-26,1986-09-29,2026-09-02,10059,0.07662278287,-0.6728662858,19.07373693,39.93429158,0.2287368211,0.3009307584,6712,1999-07-16,2003-04-16,2017-11-30,True,5342,6712,2000,-0.4340649645,1995,0.722533213,-0.4524694852,-0.1583574203,-0.09862927082,-0.01542520866,240,-0.01210957748,0.05035802568,0.04246966211,120,0.04317901939,0.0573032312,377,9.440508021
SSO_ALWAYS,SP500,150,100,LAG1,IMMEDIATE_NEXT_RETURN,50,PRICE_INDEX,TOTAL_RETURN,1986-09-26,1986-09-29,2026-09-02,10059,0.1349870704,-0.8889972816,157.0446692,39.93429158,0.3669713385,0.4464660635,5387,2000-03-23,2009-03-09,2014-12-22,True,2114,5387,2008,-0.6781495348,1995,0.7400320144,-0.7796872667,-0.2398162567,-0.1760316907,0.002175766654,240,0.01809658559,0.08484194637,0.09127295652,120,0.09544875262,0.1226047241,0,0
SSO_SMA_TO_SP500,SP500,150,100,LAG1,IMMEDIATE_NEXT_RETURN,50,PRICE_INDEX,TOTAL_RETURN,1986-09-26,1986-09-29,2026-09-02,10059,0.08133006535,-0.8333527981,22.70386456,39.93429158,0.2701377453,0.3095577857,6769,1999-07-16,2009-03-09,2018-01-26,True,3245,6769,2008,-0.4445401646,1995,0.7184652499,-0.5535892512,-0.1860887089,-0.14919184,-0.02824015563,240,-0.0192336489,0.04642351975,0.04222805099,120,0.04778525036,0.06268329764,377,9.440508021
SSO_SMA_TO_TBILL,SP500,150,100,LAG1,IMMEDIATE_NEXT_RETURN,50,PRICE_INDEX,TOTAL_RETURN,1986-09-26,1986-09-29,2026-09-02,10059,0.05141719999,-0.745449912,7.405805234,39.93429158,0.2290966964,0.1973559106,9881,1999-07-16,2009-04-30,2026-08-04,True,6305,9881,2000,-0.4631162184,1995,0.7139097811,-0.488172753,-0.1849653984,-0.1244857336,-0.04354845675,240,-0.04044791939,0.02323628051,0.01565496831,120,0.01673277711,0.03077398052,377,9.440508021
SSO_ALWAYS,SP500,150,100,LAG2,WAIT_ONE_TRADING_DAY,0,PRICE_INDEX,TOTAL_RETURN,1986-09-26,1986-09-29,2026-09-02,10059,0.1349870704,-0.8889972816,157.0446692,39.93429158,0.3669713385,0.4464660635,5387,2000-03-23,2009-03-09,2014-12-22,True,2114,5387,2008,-0.6781495348,1995,0.7400320144,-0.7796872667,-0.2398162567,-0.1760316907,0.002175766654,240,0.01809658559,0.08484194637,0.09127295652,120,0.09544875262,0.1226047241,0,0
SSO_SMA_TO_SP500,SP500,150,100,LAG2,WAIT_ONE_TRADING_DAY,0,PRICE_INDEX,TOTAL_RETURN,1986-09-26,1986-09-29,2026-09-02,10059,0.1432689124,-0.6597068598,209.9495446,39.93429158,0.27069288,0.5153270905,4224,1999-07-16,2003-03-11,2011-02-07,True,2890,4224,2008,-0.3852329731,1995,0.7354750563,-0.48790898,-0.1277135732,-0.08401513085,0.05113308368,240,0.0608752409,0.1109474196,0.1091708773,120,0.1118774483,0.1318654923,377,9.440508021
SSO_SMA_TO_TBILL,SP500,150,100,LAG2,WAIT_ONE_TRADING_DAY,0,PRICE_INDEX,TOTAL_RETURN,1986-09-26,1986-09-29,2026-09-02,10059,0.1211498676,-0.6016492971,96.22401583,39.93429158,0.2298591765,0.4769436481,3776,1999-07-16,2003-04-16,2009-11-16,True,2406,3776,2000,-0.3633016131,1995,0.7306711521,-0.4180760684,-0.1277910359,-0.04166489571,0.05564303075,240,0.05936395714,0.09904558489,0.09468473178,120,0.09735595406,0.1119403759,377,9.440508021
SSO_ALWAYS,SP500,150,100,LAG2,WAIT_ONE_TRADING_DAY,10,PRICE_INDEX,TOTAL_RETURN,1986-09-26,1986-09-29,2026-09-02,10059,0.1349870704,-0.8889972816,157.0446692,39.93429158,0.3669713385,0.4464660635,5387,2000-03-23,2009-03-09,2014-12-22,True,2114,5387,2008,-0.6781495348,1995,0.7400320144,-0.7796872667,-0.2398162567,-0.1760316907,0.002175766654,240,0.01809658559,0.08484194637,0.09127295652,120,0.09544875262,0.1226047241,0,0
SSO_SMA_TO_SP500,SP500,150,100,LAG2,WAIT_ONE_TRADING_DAY,10,PRICE_INDEX,TOTAL_RETURN,1986-09-26,1986-09-29,2026-09-02,10059,0.1325213097,-0.6891668324,143.9806063,39.93429158,0.2707293629,0.4803806535,4967,1999-07-16,2009-03-09,2013-02-19,True,1443,4967,2008,-0.3901339302,1995,0.7320058417,-0.4919941832,-0.1379525455,-0.0944895521,0.0393682544,240,0.04900137232,0.1003254604,0.09849572034,120,0.1011762421,0.1207102679,377,9.440508021
SSO_SMA_TO_TBILL,SP500,150,100,LAG2,WAIT_ONE_TRADING_DAY,10,PRICE_INDEX,TOTAL_RETURN,1986-09-26,1986-09-29,2026-09-02,10059,0.1106102008,-0.6225999512,65.98915072,39.93429158,0.2299058981,0.4357797169,3903,1999-07-16,2003-04-16,2010-03-23,True,2533,3903,2000,-0.3765394156,1995,0.7272115404,-0.4318548485,-0.1388911878,-0.05272134784,0.04356831239,240,0.04750700364,0.08880819517,0.08414899594,120,0.08652889239,0.100849794,377,9.440508021
SSO_ALWAYS,SP500,150,100,LAG2,WAIT_ONE_TRADING_DAY,25,PRICE_INDEX,TOTAL_RETURN,1986-09-26,1986-09-29,2026-09-02,10059,0.1349870704,-0.8889972816,157.0446692,39.93429158,0.3669713385,0.4464660635,5387,2000-03-23,2009-03-09,2014-12-22,True,2114,5387,2008,-0.6781495348,1995,0.7400320144,-0.7796872667,-0.2398162567,-0.1760316907,0.002175766654,240,0.01809658559,0.08484194637,0.09127295652,120,0.09544875262,0.1226047241,0,0
SSO_SMA_TO_SP500,SP500,150,100,LAG2,WAIT_ONE_TRADING_DAY,25,PRICE_INDEX,TOTAL_RETURN,1986-09-26,1986-09-29,2026-09-02,10059,0.1165692396,-0.7384948721,81.71087858,39.93429158,0.2708470198,0.4278791011,5178,1999-07-16,2009-03-09,2013-09-18,True,1654,5178,2008,-0.3974212657,1995,0.7268085278,-0.4992451162,-0.1532273535,-0.1099962595,0.02194583841,240,0.03141748114,0.08469022174,0.08187435333,120,0.08529751856,0.1037828136,377,9.440508021
SSO_SMA_TO_TBILL,SP500,150,100,LAG2,WAIT_ONE_TRADING_DAY,25,PRICE_INDEX,TOTAL_RETURN,1986-09-26,1986-09-29,2026-09-02,10059,0.09496675847,-0.6520134782,37.44970673,39.93429158,0.2300500454,0.3739445553,4228,1999-07-16,2003-04-16,2011-02-11,True,2858,4228,2000,-0.3959056956,1995,0.722028613,-0.4519383848,-0.1552974281,-0.06908760389,0.02569253835,240,0.02994816181,0.07296041282,0.06839951072,120,0.07000357229,0.08427824503,377,9.440508021
SSO_ALWAYS,SP500,150,100,LAG2,WAIT_ONE_TRADING_DAY,50,PRICE_INDEX,TOTAL_RETURN,1986-09-26,1986-09-29,2026-09-02,10059,0.1349870704,-0.8889972816,157.0446692,39.93429158,0.3669713385,0.4464660635,5387,2000-03-23,2009-03-09,2014-12-22,True,2114,5387,2008,-0.6781495348,1995,0.7400320144,-0.7796872667,-0.2398162567,-0.1760316907,0.002175766654,240,0.01809658559,0.08484194637,0.09127295652,120,0.09544875262,0.1226047241,0,0
SSO_SMA_TO_SP500,SP500,150,100,LAG2,WAIT_ONE_TRADING_DAY,50,PRICE_INDEX,TOTAL_RETURN,1986-09-26,1986-09-29,2026-09-02,10059,0.09042844175,-0.804047642,31.7260773,39.93429158,0.2712106528,0.3402671692,6653,1999-07-16,2009-03-09,2017-10-02,True,3129,6653,2008,-0.4093975938,1995,0.7181636927,-0.5140695556,-0.1791738998,-0.1353028944,-0.006501161284,240,0.002706827732,0.05837972852,0.05427571535,120,0.05928867484,0.07617159852,377,9.440508021
SSO_SMA_TO_TBILL,SP500,150,100,LAG2,WAIT_ONE_TRADING_DAY,50,PRICE_INDEX,TOTAL_RETURN,1986-09-26,1986-09-29,2026-09-02,10059,0.06933171172,-0.6961131215,14.54068677,39.93429158,0.2304873221,0.2708257403,5464,1999-07-16,2003-04-16,2014-07-01,True,4094,5464,2000,-0.4269157866,1995,0.7134077073,-0.4839078926,-0.1820021458,-0.09579149045,-0.003480181995,240,0.0005806216844,0.0471878851,0.04136542157,120,0.04296451834,0.05734353271,377,9.440508021
SSO_ALWAYS,SP500,200,0,LAG1,IMMEDIATE_NEXT_RETURN,0,PRICE_INDEX,TOTAL_RETURN,1986-09-26,1986-09-29,2026-09-02,10059,0.1465609503,-0.8784113344,235.4956912,39.93429158,0.366966716,0.4741317981,5187,2000-03-23,2009-03-09,2014-06-05,True,1914,5187,2008,-0.6748374002,1995,0.7576778791,-0.7774153604,-0.232046769,-0.1676151763,0.01240267221,240,0.02848534888,0.09590754865,0.1024021977,120,0.1066208369,0.1340520267,0,0
SSO_SMA_TO_SP500,SP500,200,0,LAG1,IMMEDIATE_NEXT_RETURN,0,PRICE_INDEX,TOTAL_RETURN,1986-09-26,1986-09-29,2026-09-02,10059,0.1554334898,-0.6219739585,320.3872152,39.93429158,0.2719291676,0.553207502,2863,2007-07-13,2009-03-09,2012-09-13,True,1284,1889,2008,-0.3699761113,1995,0.7576778791,-0.4823441508,-0.1123968966,-0.07265683352,0.04916567629,240,0.05887775845,0.1210108425,0.1211097544,120,0.125188083,0.1420777266,261,6.535736323
SSO_SMA_TO_TBILL,SP500,200,0,LAG1,IMMEDIATE_NEXT_RETURN,0,PRICE_INDEX,TOTAL_RETURN,1986-09-26,1986-09-29,2026-09-02,10059,0.1370324569,-0.4927677201,168.7523113,39.93429158,0.2317961646,0.5356738726,2861,1999-07-16,2003-04-21,2007-05-16,True,1486,2861,2000,-0.3563383453,1995,0.7576778791,-0.3538014919,-0.08298746249,-0.03960048382,0.05322934866,240,0.05660760144,0.110466835,0.1095540799,120,0.1104910996,0.1230321842,261,6.535736323
SSO_ALWAYS,SP500,200,0,LAG1,IMMEDIATE_NEXT_RETURN,10,PRICE_INDEX,TOTAL_RETURN,1986-09-26,1986-09-29,2026-09-02,10059,0.1465609503,-0.8784113344,235.4956912,39.93429158,0.366966716,0.4741317981,5187,2000-03-23,2009-03-09,2014-06-05,True,1914,5187,2008,-0.6748374002,1995,0.7576778791,-0.7774153604,-0.232046769,-0.1676151763,0.01240267221,240,0.02848534888,0.09590754865,0.1024021977,120,0.1066208369,0.1340520267,0,0
SSO_SMA_TO_SP500,SP500,200,0,LAG1,IMMEDIATE_NEXT_RETURN,10,PRICE_INDEX,TOTAL_RETURN,1986-09-26,1986-09-29,2026-09-02,10059,0.1479027514,-0.6404130116,246.7559336,39.93429158,0.2719372593,0.5291342232,4946,1999-07-16,2009-03-09,2013-01-29,True,1422,4946,2008,-0.3699761113,1995,0.7576778791,-0.4854360017,-0.1214101431,-0.0808743021,0.04127036943,240,0.05090936507,0.1129089059,0.113324389,120,0.1176338445,0.1341460311,261,6.535736323
SSO_SMA_TO_TBILL,SP500,200,0,LAG1,IMMEDIATE_NEXT_RETURN,10,PRICE_INDEX,TOTAL_RETURN,1986-09-26,1986-09-29,2026-09-02,10059,0.1296216505,-0.5116902042,129.9697121,39.93429158,0.2318204477,0.5074117717,3903,1999-07-16,2003-04-21,2010-03-23,True,2528,3903,2000,-0.3697209233,1995,0.7576778791,-0.3671374578,-0.09139061606,-0.04868188804,0.04514659917,240,0.04865629172,0.1023859545,0.1020680514,120,0.1029251848,0.1152839452,261,6.535736323
SSO_ALWAYS,SP500,200,0,LAG1,IMMEDIATE_NEXT_RETURN,25,PRICE_INDEX,TOTAL_RETURN,1986-09-26,1986-09-29,2026-09-02,10059,0.1465609503,-0.8784113344,235.4956912,39.93429158,0.366966716,0.4741317981,5187,2000-03-23,2009-03-09,2014-06-05,True,1914,5187,2008,-0.6748374002,1995,0.7576778791,-0.7774153604,-0.232046769,-0.1676151763,0.01240267221,240,0.02848534888,0.09590754865,0.1024021977,120,0.1066208369,0.1340520267,0,0
SSO_SMA_TO_SP500,SP500,200,0,LAG1,IMMEDIATE_NEXT_RETURN,25,PRICE_INDEX,TOTAL_RETURN,1986-09-26,1986-09-29,2026-09-02,10059,0.1366846121,-0.6854251456,166.7029231,39.93429158,0.2719933716,0.4929473359,5051,1999-07-16,2009-03-09,2013-05-14,True,1527,5051,2008,-0.3699761113,1995,0.7576778791,-0.4900449256,-0.1347752813,-0.09307933758,0.02952406348,240,0.03905432406,0.1010416151,0.101733172,120,0.106383475,0.1223893694,261,6.535736323
SSO_SMA_TO_TBILL,SP500,200,0,LAG1,IMMEDIATE_NEXT_RETURN,25,PRICE_INDEX,TOTAL_RETURN,1986-09-26,1986-09-29,2026-09-02,10059,0.1185821674,-0.5387915564,87.80470085,39.93429158,0.2319083845,0.4649265036,5040,1999-07-16,2003-04-21,2013-05-03,True,3665,5040,2000,-0.3892990031,1995,0.7576778791,-0.386651172,-0.1038666827,-0.06215997511,0.03306741166,240,0.03650151104,0.09034573909,0.09091973047,120,0.09163132446,0.1038997242,261,6.535736323
SSO_ALWAYS,SP500,200,0,LAG1,IMMEDIATE_NEXT_RETURN,50,PRICE_INDEX,TOTAL_RETURN,1986-09-26,1986-09-29,2026-09-02,10059,0.1465609503,-0.8784113344,235.4956912,39.93429158,0.366966716,0.4741317981,5187,2000-03-23,2009-03-09,2014-06-05,True,1914,5187,2008,-0.6748374002,1995,0.7576778791,-0.7774153604,-0.232046769,-0.1676151763,0.01240267221,240,0.02848534888,0.09590754865,0.1024021977,120,0.1066208369,0.1340520267,0,0
SSO_SMA_TO_SP500,SP500,200,0,LAG1,IMMEDIATE_NEXT_RETURN,50,PRICE_INDEX,TOTAL_RETURN,1986-09-26,1986-09-29,2026-09-02,10059,0.1181940602,-0.7483889543,86.59628324,39.93429158,0.2722040582,0.4324829326,5374,1999-07-16,2009-03-09,2014-04-02,True,1850,5374,2000,-0.3751221431,1995,0.7576778791,-0.497650036,-0.1566435018,-0.1131016476,0.01020225526,240,0.01955365468,0.08170116924,0.08264411568,120,0.08784712846,0.102889168,261,6.535736323
SSO_SMA_TO_TBILL,SP500,200,0,LAG1,IMMEDIATE_NEXT_RETURN,50,PRICE_INDEX,TOTAL_RETURN,1986-09-26,1986-09-29,2026-09-02,10059,0.1003860896,-0.5965599736,45.6114422,39.93429158,0.232192108,0.3939566275,5282,1999-07-16,2009-07-13,2013-12-31,True,1632,5282,2000,-0.4206482368,1995,0.7576778791,-0.417907144,-0.1243211221,-0.0842441761,0.01304608186,240,0.01641362678,0.07070603137,0.07163611749,120,0.07181699719,0.08492369608,261,6.535736323
SSO_ALWAYS,SP500,200,0,LAG2,WAIT_ONE_TRADING_DAY,0,PRICE_INDEX,TOTAL_RETURN,1986-09-26,1986-09-29,2026-09-02,10059,0.1465609503,-0.8784113344,235.4956912,39.93429158,0.366966716,0.4741317981,5187,2000-03-23,2009-03-09,2014-06-05,True,1914,5187,2008,-0.6748374002,1995,0.7576778791,-0.7774153604,-0.232046769,-0.1676151763,0.01240267221,240,0.02848534888,0.09590754865,0.1024021977,120,0.1066208369,0.1340520267,0,0
SSO_SMA_TO_SP500,SP500,200,0,LAG2,WAIT_ONE_TRADING_DAY,0,PRICE_INDEX,TOTAL_RETURN,1986-09-26,1986-09-29,2026-09-02,10059,0.1597642428,-0.622418178,372.0137183,39.93429158,0.272656742,0.5661887469,2686,2007-07-13,2009-03-09,2012-03-13,True,1100,1705,2008,-0.3699761113,1995,0.7576778791,-0.495002658,-0.1042021638,-0.05974452998,0.06804204087,240,0.07792886074,0.1312672461,0.1268098259,120,0.1295593938,0.1502501137,261,6.535736323
SSO_SMA_TO_TBILL,SP500,200,0,LAG2,WAIT_ONE_TRADING_DAY,0,PRICE_INDEX,TOTAL_RETURN,1986-09-26,1986-09-29,2026-09-02,10059,0.1457391953,-0.4302145968,228.8486651,39.93429158,0.2329281887,0.5669703212,1650,1999-07-16,2000-05-23,2004-01-21,True,1338,1650,2000,-0.3271170361,1995,0.7576778791,-0.3718709787,-0.04332482693,-0.01687862826,0.07706587928,240,0.08064623737,0.1302617292,0.1220978059,120,0.1241260128,0.1413833619,261,6.535736323
SSO_ALWAYS,SP500,200,0,LAG2,WAIT_ONE_TRADING_DAY,10,PRICE_INDEX,TOTAL_RETURN,1986-09-26,1986-09-29,2026-09-02,10059,0.1465609503,-0.8784113344,235.4956912,39.93429158,0.366966716,0.4741317981,5187,2000-03-23,2009-03-09,2014-06-05,True,1914,5187,2008,-0.6748374002,1995,0.7576778791,-0.7774153604,-0.232046769,-0.1676151763,0.01240267221,240,0.02848534888,0.09590754865,0.1024021977,120,0.1066208369,0.1340520267,0,0
SSO_SMA_TO_SP500,SP500,200,0,LAG2,WAIT_ONE_TRADING_DAY,10,PRICE_INDEX,TOTAL_RETURN,1986-09-26,1986-09-29,2026-09-02,10059,0.152205278,-0.6287859737,286.5176511,39.93429158,0.2726388044,0.5422092853,2831,2007-07-13,2009-03-09,2012-09-07,True,1278,1883,2008,-0.3699761113,1995,0.7576778791,-0.4980189023,-0.1132986245,-0.06807641839,0.06000468334,240,0.06981710172,0.1231701554,0.1192446994,120,0.1219758074,0.1423041927,261,6.535736323
SSO_SMA_TO_TBILL,SP500,200,0,LAG2,WAIT_ONE_TRADING_DAY,10,PRICE_INDEX,TOTAL_RETURN,1986-09-26,1986-09-29,2026-09-02,10059,0.1382716412,-0.4381399488,176.2547421,39.93429158,0.2328956341,0.5389161075,2204,1999-07-16,2000-05-23,2005-07-28,True,1892,2204,2000,-0.3411071639,1995,0.7576778791,-0.383058941,-0.05152215529,-0.02598256516,0.06869441558,240,0.07224694543,0.1222057078,0.1145643148,120,0.1163569229,0.1335442352,261,6.535736323
SSO_ALWAYS,SP500,200,0,LAG2,WAIT_ONE_TRADING_DAY,25,PRICE_INDEX,TOTAL_RETURN,1986-09-26,1986-09-29,2026-09-02,10059,0.1465609503,-0.8784113344,235.4956912,39.93429158,0.366966716,0.4741317981,5187,2000-03-23,2009-03-09,2014-06-05,True,1914,5187,2008,-0.6748374002,1995,0.7576778791,-0.7774153604,-0.232046769,-0.1676151763,0.01240267221,240,0.02848534888,0.09590754865,0.1024021977,120,0.1066208369,0.1340520267,0,0
SSO_SMA_TO_SP500,SP500,200,0,LAG2,WAIT_ONE_TRADING_DAY,25,PRICE_INDEX,TOTAL_RETURN,1986-09-26,1986-09-29,2026-09-02,10059,0.1409450913,-0.6387543774,193.5650717,39.93429158,0.2726558531,0.5061525992,4939,1999-07-16,2009-03-09,2013-01-22,True,1415,4939,2008,-0.3699761113,1995,0.7576778791,-0.5025151217,-0.1267871554,-0.08045139649,0.04804704036,240,0.05774876735,0.110883337,0.1079781147,120,0.1106817307,0.1303807883,261,6.535736323
SSO_SMA_TO_TBILL,SP500,200,0,LAG2,WAIT_ONE_TRADING_DAY,25,PRICE_INDEX,TOTAL_RETURN,1986-09-26,1986-09-29,2026-09-02,10059,0.1271476241,-0.4642719578,119.0738569,39.93429158,0.2328983037,0.4967102602,2485,1999-07-16,2002-04-04,2006-05-05,True,1492,2485,2000,-0.3615740602,1995,0.7576778791,-0.3994886285,-0.06426246183,-0.03949742938,0.05624358071,240,0.05975472178,0.1100466498,0.103344844,120,0.1047894555,0.1217916192,261,6.535736323
SSO_ALWAYS,SP500,200,0,LAG2,WAIT_ONE_TRADING_DAY,50,PRICE_INDEX,TOTAL_RETURN,1986-09-26,1986-09-29,2026-09-02,10059,0.1465609503,-0.8784113344,235.4956912,39.93429158,0.366966716,0.4741317981,5187,2000-03-23,2009-03-09,2014-06-05,True,1914,5187,2008,-0.6748374002,1995,0.7576778791,-0.7774153604,-0.232046769,-0.1676151763,0.01240267221,240,0.02848534888,0.09590754865,0.1024021977,120,0.1066208369,0.1340520267,0,0
SSO_SMA_TO_SP500,SP500,200,0,LAG2,WAIT_ONE_TRADING_DAY,50,PRICE_INDEX,TOTAL_RETURN,1986-09-26,1986-09-29,2026-09-02,10059,0.1223852338,-0.7110595854,100.5502211,39.93429158,0.2728014373,0.4458766361,5178,1999-07-16,2009-03-09,2013-09-18,True,1654,5178,2008,-0.3699761113,1995,0.7576778791,-0.5099342604,-0.1488572727,-0.101292865,0.0283775983,240,0.0378972461,0.09113647945,0.08941505152,120,0.09207337115,0.1110099924,261,6.535736323
SSO_SMA_TO_TBILL,SP500,200,0,LAG2,WAIT_ONE_TRADING_DAY,50,PRICE_INDEX,TOTAL_RETURN,1986-09-26,1986-09-29,2026-09-02,10059,0.1088122113,-0.5072009372,61.85466486,39.93429158,0.2330400553,0.4261182442,4967,1999-07-16,2003-04-16,2013-02-19,True,3597,4967,2000,-0.3943465038,1995,0.7576778791,-0.4259567572,-0.08516178753,-0.06165064636,0.03577308591,240,0.03921617942,0.09014306568,0.08456042346,120,0.08573823907,0.1024391653,261,6.535736323
SSO_ALWAYS,SP500,200,50,LAG1,IMMEDIATE_NEXT_RETURN,0,PRICE_INDEX,TOTAL_RETURN,1986-09-26,1986-09-29,2026-09-02,10059,0.1407594119,-0.8838247466,192.3110741,39.93429158,0.3669689764,0.460298884,5279,2000-03-23,2009-03-09,2014-09-05,True,2006,5279,2008,-0.6764976834,1995,0.7488328111,-0.7785542111,-0.2359413347,-0.171834067,0.007276310959,240,0.02327785523,0.09036078653,0.09682353803,120,0.1010207013,0.128313937,0,0
SSO_SMA_TO_SP500,SP500,200,50,LAG1,IMMEDIATE_NEXT_RETURN,0,PRICE_INDEX,TOTAL_RETURN,1986-09-26,1986-09-29,2026-09-02,10059,0.1510138702,-0.6225525809,274.9215453,39.93429158,0.2719264676,0.5391037728,2880,2007-07-13,2009-03-09,2012-09-13,True,1284,1889,2008,-0.3699761113,1995,0.7488328111,-0.4824233327,-0.115312472,-0.07529782838,0.04547187552,240,0.05515566372,0.1169939336,0.1168640368,120,0.1210067057,0.1377595208,261,6.535736323
SSO_SMA_TO_TBILL,SP500,200,50,LAG1,IMMEDIATE_NEXT_RETURN,0,PRICE_INDEX,TOTAL_RETURN,1986-09-26,1986-09-29,2026-09-02,10059,0.1326832226,-0.4957354693,144.8049235,39.93429158,0.2317912712,0.5191318413,2877,1999-07-16,2003-04-21,2007-06-01,True,1502,2877,2000,-0.35851332,1995,0.7488328111,-0.3559687489,-0.08505658795,-0.0422154864,0.04953128413,240,0.05289348661,0.1062491457,0.1053685935,120,0.1063037102,0.1187808743,261,6.535736323
SSO_ALWAYS,SP500,200,50,LAG1,IMMEDIATE_NEXT_RETURN,10,PRICE_INDEX,TOTAL_RETURN,1986-09-26,1986-09-29,2026-09-02,10059,0.1407594119,-0.8838247466,192.3110741,39.93429158,0.3669689764,0.460298884,5279,2000-03-23,2009-03-09,2014-09-05,True,2006,5279,2008,-0.6764976834,1995,0.7488328111,-0.7785542111,-0.2359413347,-0.171834067,0.007276310959,240,0.02327785523,0.09036078653,0.09682353803,120,0.1010207013,0.128313937,0,0
SSO_SMA_TO_SP500,SP500,200,50,LAG1,IMMEDIATE_NEXT_RETURN,10,PRICE_INDEX,TOTAL_RETURN,1986-09-26,1986-09-29,2026-09-02,10059,0.1435119375,-0.6498975873,211.7391685,39.93429158,0.2719344266,0.5150312287,4981,1999-07-16,2009-03-09,2013-03-05,True,1457,4981,2008,-0.3699761113,1995,0.7488328111,-0.4855147106,-0.1242961121,-0.08349189431,0.03760436569,240,0.04721528029,0.1089210221,0.1091081551,120,0.11348054,0.1298834081,261,6.535736323
SSO_SMA_TO_TBILL,SP500,200,50,LAG1,IMMEDIATE_NEXT_RETURN,10,PRICE_INDEX,TOTAL_RETURN,1986-09-26,1986-09-29,2026-09-02,10059,0.1253007631,-0.5145472405,111.5259049,39.93429158,0.2318153994,0.4908715905,3917,1999-07-16,2003-04-21,2010-04-06,True,2542,3917,2000,-0.3718506775,1995,0.7488328111,-0.369259988,-0.09344078083,-0.05127216352,0.04147691452,240,0.04497012678,0.09820980891,0.09791080392,120,0.09876632475,0.1111137966,261,6.535736323
SSO_ALWAYS,SP500,200,50,LAG1,IMMEDIATE_NEXT_RETURN,25,PRICE_INDEX,TOTAL_RETURN,1986-09-26,1986-09-29,2026-09-02,10059,0.1407594119,-0.8838247466,192.3110741,39.93429158,0.3669689764,0.460298884,5279,2000-03-23,2009-03-09,2014-09-05,True,2006,5279,2008,-0.6764976834,1995,0.7488328111,-0.7785542111,-0.2359413347,-0.171834067,0.007276310959,240,0.02327785523,0.09036078653,0.09682353803,120,0.1010207013,0.128313937,0,0
SSO_SMA_TO_SP500,SP500,200,50,LAG1,IMMEDIATE_NEXT_RETURN,25,PRICE_INDEX,TOTAL_RETURN,1986-09-26,1986-09-29,2026-09-02,10059,0.1323367084,-0.6937224676,143.0463609,39.93429158,0.2719903396,0.4788476791,5110,1999-07-16,2009-03-09,2013-07-12,True,1586,5110,2008,-0.3699761113,1995,0.7488328111,-0.4901229295,-0.1376173488,-0.09566217088,0.02589941499,240,0.03540191131,0.09710128118,0.09756083487,120,0.1022719787,0.1181485115,261,6.535736323
SSO_SMA_TO_TBILL,SP500,200,50,LAG1,IMMEDIATE_NEXT_RETURN,25,PRICE_INDEX,TOTAL_RETURN,1986-09-26,1986-09-29,2026-09-02,10059,0.1143035068,-0.5414900262,75.34446723,39.93429158,0.2319031041,0.4483926973,5051,1999-07-16,2003-04-21,2013-05-14,True,3676,5051,2000,-0.3913626017,1995,0.7488328111,-0.3887082559,-0.1058886968,-0.06471355208,0.02944272467,240,0.03286487454,0.08638654397,0.08680453692,120,0.08754245805,0.09977686209,261,6.535736323
SSO_ALWAYS,SP500,200,50,LAG1,IMMEDIATE_NEXT_RETURN,50,PRICE_INDEX,TOTAL_RETURN,1986-09-26,1986-09-29,2026-09-02,10059,0.1407594119,-0.8838247466,192.3110741,39.93429158,0.3669689764,0.460298884,5279,2000-03-23,2009-03-09,2014-09-05,True,2006,5279,2008,-0.6764976834,1995,0.7488328111,-0.7785542111,-0.2359413347,-0.171834067,0.007276310959,240,0.02327785523,0.09036078653,0.09682353803,120,0.1010207013,0.128313937,0,0
SSO_SMA_TO_SP500,SP500,200,50,LAG1,IMMEDIATE_NEXT_RETURN,50,PRICE_INDEX,TOTAL_RETURN,1986-09-26,1986-09-29,2026-09-02,10059,0.1139168843,-0.7550255237,74.30753436,39.93429158,0.2722006934,0.4183947838,5438,1999-07-16,2009-03-09,2014-06-05,True,1914,5438,2000,-0.3772336461,1995,0.7488328111,-0.4977268766,-0.1594137372,-0.115627459,0.00664563312,240,0.01596978935,0.07771271231,0.07854407008,120,0.08380451608,0.09874402142,261,6.535736323
SSO_SMA_TO_TBILL,SP500,200,50,LAG1,IMMEDIATE_NEXT_RETURN,50,PRICE_INDEX,TOTAL_RETURN,1986-09-26,1986-09-29,2026-09-02,10059,0.09617703044,-0.6073940603,39.13879074,39.93429158,0.2321864418,0.3774430032,5374,1999-07-16,2009-07-13,2014-04-02,True,1724,5374,2000,-0.4226059042,1995,0.7488328111,-0.4198593999,-0.1262969833,-0.08673762159,0.009491642997,240,0.01284747001,0.06681007636,0.06765956075,120,0.06783865666,0.08083457867,261,6.535736323
SSO_ALWAYS,SP500,200,50,LAG2,WAIT_ONE_TRADING_DAY,0,PRICE_INDEX,TOTAL_RETURN,1986-09-26,1986-09-29,2026-09-02,10059,0.1407594119,-0.8838247466,192.3110741,39.93429158,0.3669689764,0.460298884,5279,2000-03-23,2009-03-09,2014-09-05,True,2006,5279,2008,-0.6764976834,1995,0.7488328111,-0.7785542111,-0.2359413347,-0.171834067,0.007276310959,240,0.02327785523,0.09036078653,0.09682353803,120,0.1010207013,0.128313937,0,0
SSO_SMA_TO_SP500,SP500,200,50,LAG2,WAIT_ONE_TRADING_DAY,0,PRICE_INDEX,TOTAL_RETURN,1986-09-26,1986-09-29,2026-09-02,10059,0.155321852,-0.6230120476,319.1533418,39.93429158,0.2726535177,0.5521034935,2708,2007-07-13,2009-03-09,2012-03-15,True,1102,1707,2008,-0.3699761113,1995,0.7488328111,-0.4950876976,-0.1071617359,-0.06243314263,0.06427449813,240,0.07413244751,0.1272161392,0.122618009,120,0.1253573709,0.1458669051,261,6.535736323
SSO_SMA_TO_TBILL,SP500,200,50,LAG2,WAIT_ONE_TRADING_DAY,0,PRICE_INDEX,TOTAL_RETURN,1986-09-26,1986-09-29,2026-09-02,10059,0.1413505265,-0.4323697513,196.3309756,39.93429158,0.2329229536,0.5504864897,1655,1999-07-16,2000-05-23,2004-01-26,True,1343,1655,2000,-0.3294818002,1995,0.7488328111,-0.3746569754,-0.04553494531,-0.0195703704,0.07327780044,240,0.07684567012,0.1261992932,0.1179235182,120,0.1198764344,0.1370536882,261,6.535736323
SSO_ALWAYS,SP500,200,50,LAG2,WAIT_ONE_TRADING_DAY,10,PRICE_INDEX,TOTAL_RETURN,1986-09-26,1986-09-29,2026-09-02,10059,0.1407594119,-0.8838247466,192.3110741,39.93429158,0.3669689764,0.460298884,5279,2000-03-23,2009-03-09,2014-09-05,True,2006,5279,2008,-0.6764976834,1995,0.7488328111,-0.7785542111,-0.2359413347,-0.171834067,0.007276310959,240,0.02327785523,0.09036078653,0.09682353803,120,0.1010207013,0.128313937,0,0
SSO_SMA_TO_SP500,SP500,200,50,LAG2,WAIT_ONE_TRADING_DAY,10,PRICE_INDEX,TOTAL_RETURN,1986-09-26,1986-09-29,2026-09-02,10059,0.1477918413,-0.6293698279,245.8056285,39.93429158,0.2726354466,0.5281233762,2835,2007-07-13,2009-03-09,2012-09-13,True,1284,1889,2008,-0.3699761113,1995,0.7488328111,-0.4981034339,-0.1162281433,-0.07074120643,0.05626549256,240,0.06604925772,0.1191594876,0.1150810254,120,0.1178019958,0.1379871684,261,6.535736323
SSO_SMA_TO_TBILL,SP500,200,50,LAG2,WAIT_ONE_TRADING_DAY,10,PRICE_INDEX,TOTAL_RETURN,1986-09-26,1986-09-29,2026-09-02,10059,0.1339115763,-0.4403192307,151.210257,39.93429158,0.2328902418,0.5224300683,2343,1999-07-16,2002-04-04,2005-12-14,True,1350,2343,2000,-0.3434227613,1995,0.7488328111,-0.3857953147,-0.05371333614,-0.02864938113,0.06493577947,240,0.06847591799,0.118044135,0.1104180522,120,0.1121367143,0.1292510182,261,6.535736323
SSO_ALWAYS,SP500,200,50,LAG2,WAIT_ONE_TRADING_DAY,25,PRICE_INDEX,TOTAL_RETURN,1986-09-26,1986-09-29,2026-09-02,10059,0.1407594119,-0.8838247466,192.3110741,39.93429158,0.3669689764,0.460298884,5279,2000-03-23,2009-03-09,2014-09-05,True,2006,5279,2008,-0.6764976834,1995,0.7488328111,-0.7785542111,-0.2359413347,-0.171834067,0.007276310959,240,0.02327785523,0.09036078653,0.09682353803,120,0.1010207013,0.128313937,0,0
SSO_SMA_TO_SP500,SP500,200,50,LAG2,WAIT_ONE_TRADING_DAY,25,PRICE_INDEX,TOTAL_RETURN,1986-09-26,1986-09-29,2026-09-02,10059,0.1365747859,-0.6483233982,166.0609178,39.93429158,0.2726522945,0.4920679328,4961,1999-07-16,2009-03-09,2013-02-13,True,1437,4961,2008,-0.3699761113,1995,0.7488328111,-0.5025988962,-0.1296721103,-0.08308079891,0.04435003044,240,0.05402342743,0.1069174449,0.1038563532,120,0.1065499337,0.1261088248,261,6.535736323
SSO_SMA_TO_TBILL,SP500,200,50,LAG2,WAIT_ONE_TRADING_DAY,25,PRICE_INDEX,TOTAL_RETURN,1986-09-26,1986-09-29,2026-09-02,10059,0.1228301689,-0.4673951497,102.1543494,39.93429158,0.2328926759,0.4802244811,2770,1999-07-16,2002-04-04,2007-02-14,True,1777,2770,2000,-0.3638177293,1995,0.7488328111,-0.4021521303,-0.06638267833,-0.04212724226,0.05252873462,240,0.05602762872,0.1060365022,0.09924031865,120,0.1006129758,0.1175669908,261,6.535736323
SSO_ALWAYS,SP500,200,50,LAG2,WAIT_ONE_TRADING_DAY,50,PRICE_INDEX,TOTAL_RETURN,1986-09-26,1986-09-29,2026-09-02,10059,0.1407594119,-0.8838247466,192.3110741,39.93429158,0.3669689764,0.460298884,5279,2000-03-23,2009-03-09,2014-09-05,True,2006,5279,2008,-0.6764976834,1995,0.7488328111,-0.7785542111,-0.2359413347,-0.171834067,0.007276310959,240,0.02327785523,0.09036078653,0.09682353803,120,0.1010207013,0.128313937,0,0
SSO_SMA_TO_SP500,SP500,200,50,LAG2,WAIT_ONE_TRADING_DAY,50,PRICE_INDEX,TOTAL_RETURN,1986-09-26,1986-09-29,2026-09-02,10059,0.1180860206,-0.7187133165,86.26278414,39.93429158,0.2727975436,0.4317999699,5212,1999-07-16,2009-03-09,2013-10-22,True,1688,5212,2008,-0.3699761113,1995,0.7488328111,-0.5100167856,-0.1516693115,-0.1037534848,0.02474997278,240,0.03424182228,0.08702656036,0.08536234604,120,0.08801079828,0.1068405597,261,6.535736323
SSO_SMA_TO_TBILL,SP500,200,50,LAG2,WAIT_ONE_TRADING_DAY,50,PRICE_INDEX,TOTAL_RETURN,1986-09-26,1986-09-29,2026-09-02,10059,0.1045649885,-0.51008748,53.06557804,39.93429158,0.2330340357,0.4096424154,4990,1999-07-16,2003-04-16,2013-03-14,True,3620,4990,2000,-0.3964749982,1995,0.7488328111,-0.4285028625,-0.08723464984,-0.06421980473,0.03213023528,240,0.03556131917,0.08604975231,0.08046078404,120,0.08163377946,0.09832750633,261,6.535736323
SSO_ALWAYS,SP500,200,100,LAG1,IMMEDIATE_NEXT_RETURN,0,PRICE_INDEX,TOTAL_RETURN,1986-09-26,1986-09-29,2026-09-02,10059,0.1349870704,-0.8889972816,157.0446692,39.93429158,0.3669713385,0.4464660635,5387,2000-03-23,2009-03-09,2014-12-22,True,2114,5387,2008,-0.6781495348,1995,0.7400320144,-0.7796872667,-0.2398162567,-0.1760316907,0.002175766654,240,0.01809658559,0.08484194637,0.09127295652,120,0.09544875262,0.1226047241,0,0
SSO_SMA_TO_SP500,SP500,200,100,LAG1,IMMEDIATE_NEXT_RETURN,0,PRICE_INDEX,TOTAL_RETURN,1986-09-26,1986-09-29,2026-09-02,10059,0.1466110355,-0.62738746,235.9068504,39.93429158,0.2719239398,0.5249995025,4934,1999-07-16,2009-03-09,2013-01-17,True,1410,4934,2008,-0.3699761113,1995,0.7400320144,-0.4825025043,-0.1182185509,-0.07793137439,0.04179097847,240,0.05144655079,0.1129913107,0.1126342823,120,0.116840753,0.1334513673,261,6.535736323
SSO_SMA_TO_TBILL,SP500,200,100,LAG1,IMMEDIATE_NEXT_RETURN,0,PRICE_INDEX,TOTAL_RETURN,1986-09-26,1986-09-29,2026-09-02,10059,0.1283505059,-0.4986859359,124.2553522,39.93429158,0.2317865799,0.5025887888,3895,1999-07-16,2003-04-21,2010-03-15,True,2520,3895,2000,-0.3606810034,1995,0.7400320144,-0.3581287951,-0.08712110159,-0.04482344059,0.04584610285,240,0.04919232575,0.1021681579,0.1011987814,120,0.1021319964,0.1145888735,261,6.535736323
SSO_ALWAYS,SP500,200,100,LAG1,IMMEDIATE_NEXT_RETURN,10,PRICE_INDEX,TOTAL_RETURN,1986-09-26,1986-09-29,2026-09-02,10059,0.1349870704,-0.8889972816,157.0446692,39.93429158,0.3669713385,0.4464660635,5387,2000-03-23,2009-03-09,2014-12-22,True,2114,5387,2008,-0.6781495348,1995,0.7400320144,-0.7796872667,-0.2398162567,-0.1760316907,0.002175766654,240,0.01809658559,0.08484194637,0.09127295652,120,0.09544875262,0.1226047241,0,0
SSO_SMA_TO_SP500,SP500,200,100,LAG1,IMMEDIATE_NEXT_RETURN,10,PRICE_INDEX,TOTAL_RETURN,1986-09-26,1986-09-29,2026-09-02,10059,0.139137799,-0.6591322462,181.6908176,39.93429158,0.2719317662,0.5009276945,5004,1999-07-16,2009-03-09,2013-03-28,True,1480,5004,2008,-0.3699761113,1995,0.7400320144,-0.4855934094,-0.1271726809,-0.08610210367,0.03395116856,240,0.04353407961,0.1049473208,0.1049077734,120,0.1093425565,0.1256366895,261,6.535736323
SSO_SMA_TO_TBILL,SP500,200,100,LAG1,IMMEDIATE_NEXT_RETURN,10,PRICE_INDEX,TOTAL_RETURN,1986-09-26,1986-09-29,2026-09-02,10059,0.1209962856,-0.5173876389,95.69902907,39.93429158,0.2318105531,0.4743303907,3925,1999-07-16,2003-04-21,2010-04-14,True,2550,3925,2000,-0.3739732918,1995,0.7400320144,-0.371375456,-0.09548637606,-0.05385545726,0.03782001427,240,0.04129681834,0.0941620564,0.09376912511,120,0.09462303327,0.1069586591,261,6.535736323
SSO_ALWAYS,SP500,200,100,LAG1,IMMEDIATE_NEXT_RETURN,25,PRICE_INDEX,TOTAL_RETURN,1986-09-26,1986-09-29,2026-09-02,10059,0.1349870704,-0.8889972816,157.0446692,39.93429158,0.3669713385,0.4464660635,5387,2000-03-23,2009-03-09,2014-12-22,True,2114,5387,2008,-0.6781495348,1995,0.7400320144,-0.7796872667,-0.2398162567,-0.1760316907,0.002175766654,240,0.01809658559,0.08484194637,0.09127295652,120,0.09544875262,0.1226047241,0,0
SSO_SMA_TO_SP500,SP500,200,100,LAG1,IMMEDIATE_NEXT_RETURN,25,PRICE_INDEX,TOTAL_RETURN,1986-09-26,1986-09-29,2026-09-02,10059,0.1280053172,-0.7018011566,122.7463509,39.93429158,0.2719874798,0.4647474851,5178,1999-07-16,2009-03-09,2013-09-18,True,1654,5178,2008,-0.3699761113,1995,0.7400320144,-0.4902009234,-0.1404501591,-0.09823771937,0.02228742865,240,0.03176223732,0.09317494228,0.09340418487,120,0.09817564912,0.1139235617,261,6.535736323
SSO_SMA_TO_TBILL,SP500,200,100,LAG1,IMMEDIATE_NEXT_RETURN,25,PRICE_INDEX,TOTAL_RETURN,1986-09-26,1986-09-29,2026-09-02,10059,0.1100410959,-0.5441727815,64.65217536,39.93429158,0.2318980256,0.4318578773,5109,1999-07-16,2003-04-21,2013-07-11,True,3734,5109,2000,-0.3934192821,1995,0.7400320144,-0.3907584955,-0.107906204,-0.06726024622,0.0258306563,240,0.02924089789,0.08232276838,0.08270475459,120,0.08344149018,0.0956640559,261,6.535736323
SSO_ALWAYS,SP500,200,100,LAG1,IMMEDIATE_NEXT_RETURN,50,PRICE_INDEX,TOTAL_RETURN,1986-09-26,1986-09-29,2026-09-02,10059,0.1349870704,-0.8889972816,157.0446692,39.93429158,0.3669713385,0.4464660635,5387,2000-03-23,2009-03-09,2014-12-22,True,2114,5387,2008,-0.6781495348,1995,0.7400320144,-0.7796872667,-0.2398162567,-0.1760316907,0.002175766654,240,0.01809658559,0.08484194637,0.09127295652,120,0.09544875262,0.1226047241,0,0
SSO_SMA_TO_SP500,SP500,200,100,LAG1,IMMEDIATE_NEXT_RETURN,50,PRICE_INDEX,TOTAL_RETURN,1986-09-26,1986-09-29,2026-09-02,10059,0.1096559522,-0.7614872207,63.76239582,39.93429158,0.2721975007,0.4043061024,5466,1999-07-16,2009-03-09,2014-07-03,True,1942,5466,2000,-0.3793380706,1995,0.7400320144,-0.4978037073,-0.1621749493,-0.1181461465,0.003101435489,240,0.01239842371,0.07366320925,0.0744594398,120,0.07977681644,0.09461434089,261,6.535736323
SSO_SMA_TO_TBILL,SP500,200,100,LAG1,IMMEDIATE_NEXT_RETURN,50,PRICE_INDEX,TOTAL_RETURN,1986-09-26,1986-09-29,2026-09-02,10059,0.09198395649,-0.6179374925,33.5845226,39.93429158,0.2321809772,0.3609283742,5438,1999-07-16,2009-07-13,2014-06-05,True,1788,5438,2000,-0.4245570087,1995,0.7400320144,-0.4218051603,-0.1282684405,-0.08922434633,0.005949578199,240,0.009293727713,0.06296745138,0.06369765141,120,0.06387497423,0.07676076167,261,6.535736323
SSO_ALWAYS,SP500,200,100,LAG2,WAIT_ONE_TRADING_DAY,0,PRICE_INDEX,TOTAL_RETURN,1986-09-26,1986-09-29,2026-09-02,10059,0.1349870704,-0.8889972816,157.0446692,39.93429158,0.3669713385,0.4464660635,5387,2000-03-23,2009-03-09,2014-12-22,True,2114,5387,2008,-0.6781495348,1995,0.7400320144,-0.7796872667,-0.2398162567,-0.1760316907,0.002175766654,240,0.01809658559,0.08484194637,0.09127295652,120,0.09544875262,0.1226047241,0,0
SSO_SMA_TO_SP500,SP500,200,100,LAG2,WAIT_ONE_TRADING_DAY,0,PRICE_INDEX,TOTAL_RETURN,1986-09-26,1986-09-29,2026-09-02,10059,0.1508963562,-0.6236049988,273.8028785,39.93429158,0.2726504659,0.5380176384,2749,2007-07-13,2009-03-09,2012-03-19,True,1106,1711,2008,-0.3699761113,1995,0.7400320144,-0.4951727253,-0.110111612,-0.06511414131,0.06052014224,240,0.07034930101,0.1231794287,0.1184416716,120,0.121170865,0.1415002798,261,6.535736323
SSO_SMA_TO_TBILL,SP500,200,100,LAG2,WAIT_ONE_TRADING_DAY,0,PRICE_INDEX,TOTAL_RETURN,1986-09-26,1986-09-29,2026-09-02,10059,0.1369785483,-0.4345168138,168.4330985,39.93429158,0.2329179201,0.5340015697,1671,1999-07-16,2000-05-23,2004-02-11,True,1359,1671,2000,-0.3318383191,1995,0.7400320144,-0.377430691,-0.04774001916,-0.02225481687,0.06950294047,240,0.07305836493,0.1220221522,0.1137646451,120,0.1156428046,0.1327403208,261,6.535736323
SSO_ALWAYS,SP500,200,100,LAG2,WAIT_ONE_TRADING_DAY,10,PRICE_INDEX,TOTAL_RETURN,1986-09-26,1986-09-29,2026-09-02,10059,0.1349870704,-0.8889972816,157.0446692,39.93429158,0.3669713385,0.4464660635,5387,2000-03-23,2009-03-09,2014-12-22,True,2114,5387,2008,-0.6781495348,1995,0.7400320144,-0.7796872667,-0.2398162567,-0.1760316907,0.002175766654,240,0.01809658559,0.08484194637,0.09127295652,120,0.09544875262,0.1226047241,0,0
SSO_SMA_TO_SP500,SP500,200,100,LAG2,WAIT_ONE_TRADING_DAY,10,PRICE_INDEX,TOTAL_RETURN,1986-09-26,1986-09-29,2026-09-02,10059,0.1433951894,-0.6299527791,210.8775933,39.93429158,0.2726322611,0.5140368668,2849,2007-07-13,2009-03-09,2012-09-13,True,1284,1889,2008,-0.3699761113,1995,0.7400320144,-0.4981879537,-0.1191480646,-0.07339844797,0.0525393894,240,0.06229458061,0.1151630319,0.1109327269,120,0.1136435971,0.1336849415,261,6.535736323
SSO_SMA_TO_TBILL,SP500,200,100,LAG2,WAIT_ONE_TRADING_DAY,10,PRICE_INDEX,TOTAL_RETURN,1986-09-26,1986-09-29,2026-09-02,10059,0.1295680932,-0.4435821529,129.7238606,39.93429158,0.2328850512,0.5059429424,2366,1999-07-16,2002-04-04,2006-01-06,True,1373,2366,2000,-0.3457302851,1995,0.7400320144,-0.3885196261,-0.05589951568,-0.03130896899,0.06119025949,240,0.06471804952,0.1139518671,0.1062871008,120,0.107932344,0.1249672486,261,6.535736323
SSO_ALWAYS,SP500,200,100,LAG2,WAIT_ONE_TRADING_DAY,25,PRICE_INDEX,TOTAL_RETURN,1986-09-26,1986-09-29,2026-09-02,10059,0.1349870704,-0.8889972816,157.0446692,39.93429158,0.3669713385,0.4464660635,5387,2000-03-23,2009-03-09,2014-12-22,True,2114,5387,2008,-0.6781495348,1995,0.7400320144,-0.7796872667,-0.2398162567,-0.1760316907,0.002175766654,240,0.01809658559,0.08484194637,0.09127295652,120,0.09544875262,0.1226047241,0,0
SSO_SMA_TO_SP500,SP500,200,100,LAG2,WAIT_ONE_TRADING_DAY,25,PRICE_INDEX,TOTAL_RETURN,1986-09-26,1986-09-29,2026-09-02,10059,0.1322211013,-0.6576391999,142.4642996,39.93429158,0.2726489083,0.4779826683,4984,1999-07-16,2009-03-09,2013-03-08,True,1460,4984,2008,-0.3699761113,1995,0.7400320144,-0.502682659,-0.1325476136,-0.08570275504,0.0406659605,240,0.05031110588,0.1029866554,0.09974981246,120,0.1024333944,0.1218634113,261,6.535736323
SSO_SMA_TO_TBILL,SP500,200,100,LAG2,WAIT_ONE_TRADING_DAY,25,PRICE_INDEX,TOTAL_RETURN,1986-09-26,1986-09-29,2026-09-02,10059,0.1185291335,-0.4705002201,87.63860895,39.93429158,0.2328872497,0.4637376185,2835,1999-07-16,2002-04-04,2007-04-20,True,1842,2835,2000,-0.3660535755,1995,0.7400320144,-0.4048038908,-0.06849814931,-0.04474992732,0.04882685186,240,0.05231354134,0.1018417779,0.09515095034,120,0.0964521704,0.1133408702,261,6.535736323
SSO_ALWAYS,SP500,200,100,LAG2,WAIT_ONE_TRADING_DAY,50,PRICE_INDEX,TOTAL_RETURN,1986-09-26,1986-09-29,2026-09-02,10059,0.1349870704,-0.8889972816,157.0446692,39.93429158,0.3669713385,0.4464660635,5387,2000-03-23,2009-03-09,2014-12-22,True,2114,5387,2008,-0.6781495348,1995,0.7400320144,-0.7796872667,-0.2398162567,-0.1760316907,0.002175766654,240,0.01809658559,0.08484194637,0.09127295652,120,0.09544875262,0.1226047241,0,0
SSO_SMA_TO_SP500,SP500,200,100,LAG2,WAIT_ONE_TRADING_DAY,50,PRICE_INDEX,TOTAL_RETURN,1986-09-26,1986-09-29,2026-09-02,10059,0.1138031578,-0.7261645115,74.00517402,39.93429158,0.2727938222,0.4177227098,5236,1999-07-16,2009-03-09,2013-11-15,True,1712,5236,2008,-0.3699761113,1995,0.7400320144,-0.5100992992,-0.1544721376,-0.1062074353,0.0211350444,240,0.03059917249,0.08297815563,0.08132460625,120,0.08396322749,0.102686661,261,6.535736323
SSO_SMA_TO_TBILL,SP500,200,100,LAG2,WAIT_ONE_TRADING_DAY,50,PRICE_INDEX,TOTAL_RETURN,1986-09-26,1986-09-29,2026-09-02,10059,0.1003339184,-0.5129571944,45.52516333,39.93429158,0.2330282177,0.39316551,5018,1999-07-16,2003-04-16,2013-04-11,True,3648,5018,2000,-0.3985960712,1995,0.7400320144,-0.4310377441,-0.08930287262,-0.06678199968,0.02850009673,240,0.03191921254,0.08201845799,0.07637652922,120,0.07754472387,0.09423106975,261,6.535736323
SSO_ALWAYS,SP500,250,0,LAG1,IMMEDIATE_NEXT_RETURN,0,PRICE_INDEX,TOTAL_RETURN,1986-09-26,1986-09-29,2026-09-02,10059,0.1465609503,-0.8784113344,235.4956912,39.93429158,0.366966716,0.4741317981,5187,2000-03-23,2009-03-09,2014-06-05,True,1914,5187,2008,-0.6748374002,1995,0.7576778791,-0.7774153604,-0.232046769,-0.1676151763,0.01240267221,240,0.02848534888,0.09590754865,0.1024021977,120,0.1066208369,0.1340520267,0,0
SSO_SMA_TO_SP500,SP500,250,0,LAG1,IMMEDIATE_NEXT_RETURN,0,PRICE_INDEX,TOTAL_RETURN,1986-09-26,1986-09-29,2026-09-02,10059,0.1592757836,-0.6212476645,365.8077849,39.93429158,0.2752072302,0.5620218189,2584,2007-07-13,2009-03-09,2013-01-10,True,1403,2008,2008,-0.3699761113,1995,0.753138974,-0.4931405793,-0.1114311947,-0.06677321857,0.05260299358,240,0.06234689484,0.1244437988,0.1256066532,120,0.1289082159,0.1463840498,216,5.408885232
SSO_SMA_TO_TBILL,SP500,250,0,LAG1,IMMEDIATE_NEXT_RETURN,0,PRICE_INDEX,TOTAL_RETURN,1986-09-26,1986-09-29,2026-09-02,10059,0.1454938406,-0.4002556423,226.8997466,39.93429158,0.2368969938,0.56061027,2686,1999-07-16,2003-04-25,2006-11-22,True,1307,2686,2000,-0.3437057954,1995,0.7484915889,-0.3412148435,-0.05588039268,-0.01302360016,0.06206026376,240,0.06416661196,0.1191561108,0.1199894906,120,0.120257099,0.1319546656,216,5.408885232
SSO_ALWAYS,SP500,250,0,LAG1,IMMEDIATE_NEXT_RETURN,10,PRICE_INDEX,TOTAL_RETURN,1986-09-26,1986-09-29,2026-09-02,10059,0.1465609503,-0.8784113344,235.4956912,39.93429158,0.366966716,0.4741317981,5187,2000-03-23,2009-03-09,2014-06-05,True,1914,5187,2008,-0.6748374002,1995,0.7576778791,-0.7774153604,-0.232046769,-0.1676151763,0.01240267221,240,0.02848534888,0.09590754865,0.1024021977,120,0.1066208369,0.1340520267,0,0
SSO_SMA_TO_SP500,SP500,250,0,LAG1,IMMEDIATE_NEXT_RETURN,10,PRICE_INDEX,TOTAL_RETURN,1986-09-26,1986-09-29,2026-09-02,10059,0.1530192009,-0.6268893523,294.7123941,39.93429158,0.2752663088,0.5422908089,2612,2007-07-13,2009-03-09,2013-01-25,True,1418,2023,2008,-0.3706061352,1995,0.7496344491,-0.4986619303,-0.1197498806,-0.07393210921,0.0460414697,240,0.05572463121,0.1178150112,0.1193564882,120,0.1228257845,0.1397328628,216,5.408885232
SSO_SMA_TO_TBILL,SP500,250,0,LAG1,IMMEDIATE_NEXT_RETURN,10,PRICE_INDEX,TOTAL_RETURN,1986-09-26,1986-09-29,2026-09-02,10059,0.1393116387,-0.4173523783,182.801379,39.93429158,0.2369185919,0.5377200735,2770,1999-07-16,2003-04-28,2007-02-14,True,1388,2770,2000,-0.3547739856,1995,0.7449963542,-0.352242717,-0.06265794205,-0.02059687496,0.05543978688,240,0.0575330049,0.1124810413,0.1133602882,120,0.1134412425,0.1255716281,216,5.408885232
SSO_ALWAYS,SP500,250,0,LAG1,IMMEDIATE_NEXT_RETURN,25,PRICE_INDEX,TOTAL_RETURN,1986-09-26,1986-09-29,2026-09-02,10059,0.1465609503,-0.8784113344,235.4956912,39.93429158,0.366966716,0.4741317981,5187,2000-03-23,2009-03-09,2014-06-05,True,1914,5187,2008,-0.6748374002,1995,0.7576778791,-0.7774153604,-0.232046769,-0.1676151763,0.01240267221,240,0.02848534888,0.09590754865,0.1024021977,120,0.1066208369,0.1340520267,0,0
SSO_SMA_TO_SP500,SP500,250,0,LAG1,IMMEDIATE_NEXT_RETURN,25,PRICE_INDEX,TOTAL_RETURN,1986-09-26,1986-09-29,2026-09-02,10059,0.1436859563,-0.6546594255,213.0297634,39.93429158,0.2753908092,0.5126434451,5017,1999-07-16,2009-03-09,2013-04-10,True,1493,5017,2008,-0.371551171,1995,0.7443842362,-0.5068415357,-0.1320974499,-0.08458085008,0.03626362325,240,0.04585627165,0.107976368,0.1100346426,120,0.1137522262,0.1298811113,216,5.408885232
SSO_SMA_TO_TBILL,SP500,250,0,LAG1,IMMEDIATE_NEXT_RETURN,25,PRICE_INDEX,TOTAL_RETURN,1986-09-26,1986-09-29,2026-09-02,10059,0.1300893515,-0.4421967428,132.1360598,39.93429158,0.2369928899,0.5033037231,2877,1999-07-16,2003-04-28,2007-06-01,True,1495,2877,2000,-0.3710473616,1995,0.739760059,-0.3684593906,-0.07274569814,-0.0318619763,0.04557408989,240,0.04764774162,0.1021481321,0.1032824855,120,0.1032824855,0.1160680887,216,5.408885232
SSO_ALWAYS,SP500,250,0,LAG1,IMMEDIATE_NEXT_RETURN,50,PRICE_INDEX,TOTAL_RETURN,1986-09-26,1986-09-29,2026-09-02,10059,0.1465609503,-0.8784113344,235.4956912,39.93429158,0.366966716,0.4741317981,5187,2000-03-23,2009-03-09,2014-06-05,True,1914,5187,2008,-0.6748374002,1995,0.7576778791,-0.7774153604,-0.232046769,-0.1676151763,0.01240267221,240,0.02848534888,0.09590754865,0.1024021977,120,0.1066208369,0.1340520267,0,0
SSO_SMA_TO_SP500,SP500,250,0,LAG1,IMMEDIATE_NEXT_RETURN,50,PRICE_INDEX,TOTAL_RETURN,1986-09-26,1986-09-29,2026-09-02,10059,0.1282674457,-0.7153368906,123.8906081,39.93429158,0.2756938396,0.463130376,5234,1999-07-16,2009-03-09,2013-11-13,True,1710,5234,2008,-0.3731262308,1995,0.7356514127,-0.5202051351,-0.1523331099,-0.1020920923,0.02013783603,240,0.0295812087,0.09131577661,0.09463979285,120,0.09876244257,0.1136122097,216,5.408885232
SSO_SMA_TO_TBILL,SP500,250,0,LAG1,IMMEDIATE_NEXT_RETURN,50,PRICE_INDEX,TOTAL_RETURN,1986-09-26,1986-09-29,2026-09-02,10059,0.1148541424,-0.4820503353,76.84567892,39.93429158,0.2372283187,0.445781588,5130,1999-07-16,2003-05-01,2013-08-01,True,3745,5130,2000,-0.3973142239,1995,0.7310503853,-0.394641382,-0.08935092136,-0.05038670962,0.02930341811,240,0.03134480076,0.08556794829,0.08652344794,120,0.08652344794,0.1008334886,216,5.408885232
SSO_ALWAYS,SP500,250,0,LAG2,WAIT_ONE_TRADING_DAY,0,PRICE_INDEX,TOTAL_RETURN,1986-09-26,1986-09-29,2026-09-02,10059,0.1465609503,-0.8784113344,235.4956912,39.93429158,0.366966716,0.4741317981,5187,2000-03-23,2009-03-09,2014-06-05,True,1914,5187,2008,-0.6748374002,1995,0.7576778791,-0.7774153604,-0.232046769,-0.1676151763,0.01240267221,240,0.02848534888,0.09590754865,0.1024021977,120,0.1066208369,0.1340520267,0,0
SSO_SMA_TO_SP500,SP500,250,0,LAG2,WAIT_ONE_TRADING_DAY,0,PRICE_INDEX,TOTAL_RETURN,1986-09-26,1986-09-29,2026-09-02,10059,0.1420828,-0.6327017655,201.4245596,39.93429158,0.2830817972,0.5041609148,2698,2007-07-13,2009-03-09,2013-01-23,True,1416,2021,2008,-0.3792105652,1995,0.7529775962,-0.5428467202,-0.1121554764,-0.06278914502,0.05202240615,240,0.06176093293,0.1199856328,0.1092331761,120,0.1119398546,0.1391592689,216,5.408885232
SSO_SMA_TO_TBILL,SP500,250,0,LAG2,WAIT_ONE_TRADING_DAY,0,PRICE_INDEX,TOTAL_RETURN,1986-09-26,1986-09-29,2026-09-02,10059,0.1142003996,-0.6243834135,75.06655944,39.93429158,0.2489568613,0.4374267813,2242,1987-08-25,1988-11-16,1993-10-14,True,1793,2242,2022,-0.3224968901,1995,0.7481252438,-0.6172177049,-0.06658509456,-0.00603672456,0.06144476447,240,0.06354989196,0.1059517444,0.09074425178,120,0.09340581484,0.117909029,216,5.408885232
SSO_ALWAYS,SP500,250,0,LAG2,WAIT_ONE_TRADING_DAY,10,PRICE_INDEX,TOTAL_RETURN,1986-09-26,1986-09-29,2026-09-02,10059,0.1465609503,-0.8784113344,235.4956912,39.93429158,0.366966716,0.4741317981,5187,2000-03-23,2009-03-09,2014-06-05,True,1914,5187,2008,-0.6748374002,1995,0.7576778791,-0.7774153604,-0.232046769,-0.1676151763,0.01240267221,240,0.02848534888,0.09590754865,0.1024021977,120,0.1066208369,0.1340520267,0,0
SSO_SMA_TO_SP500,SP500,250,0,LAG2,WAIT_ONE_TRADING_DAY,10,PRICE_INDEX,TOTAL_RETURN,1986-09-26,1986-09-29,2026-09-02,10059,0.1359190074,-0.6381728393,162.2773397,39.93429158,0.2830751279,0.4850377257,2771,2007-07-13,2009-03-09,2013-02-13,True,1437,2042,2008,-0.3804515233,1995,0.7494733939,-0.5460220483,-0.1204673816,-0.06997859794,0.04546450142,240,0.05514232196,0.1136609895,0.1032567517,120,0.1059488469,0.1326318825,216,5.408885232
SSO_SMA_TO_TBILL,SP500,250,0,LAG2,WAIT_ONE_TRADING_DAY,10,PRICE_INDEX,TOTAL_RETURN,1986-09-26,1986-09-29,2026-09-02,10059,0.1081870877,-0.6273778499,60.47724068,39.93429158,0.2489920068,0.4156533719,2317,1987-08-25,1988-11-16,1993-12-28,True,1868,2317,2022,-0.3312517785,1995,0.7446307414,-0.6198837007,-0.07272924817,-0.01425545036,0.05459730337,240,0.05692012931,0.09953955926,0.08486744363,120,0.08751466648,0.1115696293,216,5.408885232
SSO_ALWAYS,SP500,250,0,LAG2,WAIT_ONE_TRADING_DAY,25,PRICE_INDEX,TOTAL_RETURN,1986-09-26,1986-09-29,2026-09-02,10059,0.1465609503,-0.8784113344,235.4956912,39.93429158,0.366966716,0.4741317981,5187,2000-03-23,2009-03-09,2014-06-05,True,1914,5187,2008,-0.6748374002,1995,0.7576778791,-0.7774153604,-0.232046769,-0.1676151763,0.01240267221,240,0.02848534888,0.09590754865,0.1024021977,120,0.1066208369,0.1340520267,0,0
SSO_SMA_TO_SP500,SP500,250,0,LAG2,WAIT_ONE_TRADING_DAY,25,PRICE_INDEX,TOTAL_RETURN,1986-09-26,1986-09-29,2026-09-02,10059,0.1267241823,-0.6462370016,117.3004732,39.93429158,0.2831002911,0.4562945363,2877,2007-07-13,2009-03-09,2013-03-14,True,1466,2071,2008,-0.3823106325,1995,0.7442236643,-0.5507496167,-0.1328048862,-0.08067279975,0.03569204817,240,0.04527940552,0.1039959908,0.09434133074,120,0.09701167115,0.1228099149,216,5.408885232
SSO_SMA_TO_TBILL,SP500,250,0,LAG2,WAIT_ONE_TRADING_DAY,25,PRICE_INDEX,TOTAL_RETURN,1986-09-26,1986-09-29,2026-09-02,10059,0.09921674175,-0.63183034,43.71533921,39.93429158,0.2490845249,0.3829435368,2849,1987-08-25,1988-11-16,1994-01-28,True,1899,2348,2022,-0.3441884671,1995,0.7393955433,-0.6238528582,-0.08188112008,-0.02647147817,0.04434848714,240,0.04704059486,0.08990752977,0.07610062672,120,0.07872645735,0.1017919675,216,5.408885232
SSO_ALWAYS,SP500,250,0,LAG2,WAIT_ONE_TRADING_DAY,50,PRICE_INDEX,TOTAL_RETURN,1986-09-26,1986-09-29,2026-09-02,10059,0.1465609503,-0.8784113344,235.4956912,39.93429158,0.366966716,0.4741317981,5187,2000-03-23,2009-03-09,2014-06-05,True,1914,5187,2008,-0.6748374002,1995,0.7576778791,-0.7774153604,-0.232046769,-0.1676151763,0.01240267221,240,0.02848534888,0.09590754865,0.1024021977,120,0.1066208369,0.1340520267,0,0
SSO_SMA_TO_SP500,SP500,250,0,LAG2,WAIT_ONE_TRADING_DAY,50,PRICE_INDEX,TOTAL_RETURN,1986-09-26,1986-09-29,2026-09-02,10059,0.1115343404,-0.7029428897,68.21782425,39.93429158,0.2832359699,0.4082653312,5212,1999-07-16,2009-03-09,2013-10-22,True,1688,5212,2008,-0.3854029398,1995,0.7354916446,-0.5585352132,-0.153024052,-0.09825879983,0.0195751555,240,0.02901331946,0.08807056817,0.07961279476,120,0.08224719556,0.1066080767,216,5.408885232
SSO_SMA_TO_TBILL,SP500,250,0,LAG2,WAIT_ONE_TRADING_DAY,50,PRICE_INDEX,TOTAL_RETURN,1986-09-26,1986-09-29,2026-09-02,10059,0.08439773925,-0.6391477583,25.42330175,39.93429158,0.2493447061,0.3283413583,4289,1987-08-25,1988-11-16,1995-07-27,True,2444,2893,2022,-0.3652373818,1995,0.7306876945,-0.6303892163,-0.09696393029,-0.04653582035,0.02745440411,240,0.0307471021,0.07424311957,0.06161758897,120,0.06420807904,0.08604400944,216,5.408885232
SSO_ALWAYS,SP500,250,50,LAG1,IMMEDIATE_NEXT_RETURN,0,PRICE_INDEX,TOTAL_RETURN,1986-09-26,1986-09-29,2026-09-02,10059,0.1407594119,-0.8838247466,192.3110741,39.93429158,0.3669689764,0.460298884,5279,2000-03-23,2009-03-09,2014-09-05,True,2006,5279,2008,-0.6764976834,1995,0.7488328111,-0.7785542111,-0.2359413347,-0.171834067,0.007276310959,240,0.02327785523,0.09036078653,0.09682353803,120,0.1010207013,0.128313937,0,0
SSO_SMA_TO_SP500,SP500,250,50,LAG1,IMMEDIATE_NEXT_RETURN,0,PRICE_INDEX,TOTAL_RETURN,1986-09-26,1986-09-29,2026-09-02,10059,0.154753582,-0.621974086,312.9440142,39.93429158,0.2752033751,0.5478101952,2597,2007-07-13,2009-03-09,2013-01-18,True,1411,2016,2008,-0.3699761113,1995,0.7444378368,-0.4934012897,-0.1146079768,-0.06957371369,0.0488226422,240,0.05853746721,0.1203048703,0.1212396214,120,0.1246301675,0.1419752216,216,5.408885232
SSO_SMA_TO_TBILL,SP500,250,50,LAG1,IMMEDIATE_NEXT_RETURN,0,PRICE_INDEX,TOTAL_RETURN,1986-09-26,1986-09-29,2026-09-02,10059,0.1410254008,-0.4038681275,194.1099136,39.93429158,0.2368910813,0.5441037839,2708,1999-07-16,2003-04-25,2006-12-14,True,1329,2708,2000,-0.346068378,1995,0.7398135176,-0.3435687026,-0.05807713625,-0.01580897843,0.05824594724,240,0.06035065907,0.115015137,0.1156872188,120,0.1160230156,0.1276218251,216,5.408885232
SSO_ALWAYS,SP500,250,50,LAG1,IMMEDIATE_NEXT_RETURN,10,PRICE_INDEX,TOTAL_RETURN,1986-09-26,1986-09-29,2026-09-02,10059,0.1407594119,-0.8838247466,192.3110741,39.93429158,0.3669689764,0.460298884,5279,2000-03-23,2009-03-09,2014-09-05,True,2006,5279,2008,-0.6764976834,1995,0.7488328111,-0.7785542111,-0.2359413347,-0.171834067,0.007276310959,240,0.02327785523,0.09036078653,0.09682353803,120,0.1010207013,0.128313937,0,0
SSO_SMA_TO_SP500,SP500,250,50,LAG1,IMMEDIATE_NEXT_RETURN,10,PRICE_INDEX,TOTAL_RETURN,1986-09-26,1986-09-29,2026-09-02,10059,0.1485214056,-0.6276049535,252.1227909,39.93429158,0.2752623615,0.5280824116,2667,2007-07-13,2009-03-09,2013-02-01,True,1425,2030,2008,-0.3706061352,1995,0.7409507056,-0.4989198008,-0.122896922,-0.07671112139,0.04228468357,240,0.05193895009,0.1136346424,0.1150137054,120,0.1185707859,0.1353496139,216,5.408885232
SSO_SMA_TO_TBILL,SP500,250,50,LAG1,IMMEDIATE_NEXT_RETURN,10,PRICE_INDEX,TOTAL_RETURN,1986-09-26,1986-09-29,2026-09-02,10059,0.134867315,-0.4208618834,156.3843081,39.93429158,0.236912571,0.5212151068,2835,1999-07-16,2003-04-28,2007-04-20,True,1453,2835,2000,-0.357096724,1995,0.7363356303,-0.3545571733,-0.06483891586,-0.02336088045,0.05164924734,240,0.05374083921,0.1081231318,0.1090834815,120,0.1092329201,0.1212273939,216,5.408885232
SSO_ALWAYS,SP500,250,50,LAG1,IMMEDIATE_NEXT_RETURN,25,PRICE_INDEX,TOTAL_RETURN,1986-09-26,1986-09-29,2026-09-02,10059,0.1407594119,-0.8838247466,192.3110741,39.93429158,0.3669689764,0.460298884,5279,2000-03-23,2009-03-09,2014-09-05,True,2006,5279,2008,-0.6764976834,1995,0.7488328111,-0.7785542111,-0.2359413347,-0.171834067,0.007276310959,240,0.02327785523,0.09036078653,0.09682353803,120,0.1010207013,0.128313937,0,0
SSO_SMA_TO_SP500,SP500,250,50,LAG1,IMMEDIATE_NEXT_RETURN,25,PRICE_INDEX,TOTAL_RETURN,1986-09-26,1986-09-29,2026-09-02,10059,0.1392245689,-0.6642838502,182.2443154,39.93429158,0.2753867232,0.4984417104,5043,1999-07-16,2009-03-09,2013-05-06,True,1519,5043,2008,-0.371551171,1995,0.7357265504,-0.5070951988,-0.1352003466,-0.08732790675,0.03254195359,240,0.04210597709,0.1038980378,0.1057280258,120,0.1095316121,0.1255369629,216,5.408885232
SSO_SMA_TO_TBILL,SP500,250,50,LAG1,IMMEDIATE_NEXT_RETURN,25,PRICE_INDEX,TOTAL_RETURN,1986-09-26,1986-09-29,2026-09-02,10059,0.1256810029,-0.445556601,113.0407572,39.93429158,0.2369867065,0.4868039116,3826,1999-07-16,2003-04-28,2010-01-05,True,2444,3826,2000,-0.3733115176,1995,0.7311253238,-0.3707159042,-0.07490320012,-0.03459419017,0.04181898233,240,0.04389102309,0.09799151229,0.09911255876,120,0.09911255876,0.1118007854,216,5.408885232
SSO_ALWAYS,SP500,250,50,LAG1,IMMEDIATE_NEXT_RETURN,50,PRICE_INDEX,TOTAL_RETURN,1986-09-26,1986-09-29,2026-09-02,10059,0.1407594119,-0.8838247466,192.3110741,39.93429158,0.3669689764,0.460298884,5279,2000-03-23,2009-03-09,2014-09-05,True,2006,5279,2008,-0.6764976834,1995,0.7488328111,-0.7785542111,-0.2359413347,-0.171834067,0.007276310959,240,0.02327785523,0.09036078653,0.09682353803,120,0.1010207013,0.128313937,0,0
SSO_SMA_TO_SP500,SP500,250,50,LAG1,IMMEDIATE_NEXT_RETURN,50,PRICE_INDEX,TOTAL_RETURN,1986-09-26,1986-09-29,2026-09-02,10059,0.1238662041,-0.7232702725,105.9868757,39.93429158,0.2756895223,0.4489445821,5274,1999-07-16,2009-03-09,2013-12-23,True,1750,5274,2008,-0.3731262308,1995,0.7270370694,-0.5204519245,-0.1553636608,-0.1047865999,0.01647408103,240,0.02588927424,0.0871734125,0.09039290367,120,0.094598633,0.1093295967,216,5.408885232
SSO_SMA_TO_TBILL,SP500,250,50,LAG1,IMMEDIATE_NEXT_RETURN,50,PRICE_INDEX,TOTAL_RETURN,1986-09-26,1986-09-29,2026-09-02,10059,0.1105052246,-0.4851915653,65.74052339,39.93429158,0.2372218655,0.42929801,5208,1999-07-16,2003-05-01,2013-10-18,True,3823,5208,2000,-0.3994838223,1995,0.7224588777,-0.3968043465,-0.0914697869,-0.05306664424,0.02560674555,240,0.0276465423,0.08162333048,0.08241686309,120,0.08241686309,0.09661034713,216,5.408885232
SSO_ALWAYS,SP500,250,50,LAG2,WAIT_ONE_TRADING_DAY,0,PRICE_INDEX,TOTAL_RETURN,1986-09-26,1986-09-29,2026-09-02,10059,0.1407594119,-0.8838247466,192.3110741,39.93429158,0.3669689764,0.460298884,5279,2000-03-23,2009-03-09,2014-09-05,True,2006,5279,2008,-0.6764976834,1995,0.7488328111,-0.7785542111,-0.2359413347,-0.171834067,0.007276310959,240,0.02327785523,0.09036078653,0.09682353803,120,0.1010207013,0.128313937,0,0
SSO_SMA_TO_SP500,SP500,250,50,LAG2,WAIT_ONE_TRADING_DAY,0,PRICE_INDEX,TOTAL_RETURN,1986-09-26,1986-09-29,2026-09-02,10059,0.1376216929,-0.6333969127,172.2800794,39.93429158,0.283081151,0.4903254902,2708,2007-07-13,2009-03-09,2013-01-29,True,1422,2027,2008,-0.3792283185,1995,0.744204492,-0.5433249645,-0.1153154763,-0.0656053334,0.04824575435,240,0.05795523588,0.1157922798,0.1050228669,120,0.1077192938,0.1347793152,216,5.408885232
SSO_SMA_TO_TBILL,SP500,250,50,LAG2,WAIT_ONE_TRADING_DAY,0,PRICE_INDEX,TOTAL_RETURN,1986-09-26,1986-09-29,2026-09-02,10059,0.1098482044,-0.6251278922,64.20504455,39.93429158,0.2489540148,0.4216986656,2330,1987-08-25,1988-11-16,1994-01-10,True,1881,2330,2022,-0.323283256,1995,0.7393764241,-0.6175980604,-0.06879388319,-0.009294329518,0.05763428738,240,0.05973778269,0.1018433255,0.08660412084,120,0.0892556032,0.1135736415,216,5.408885232
SSO_ALWAYS,SP500,250,50,LAG2,WAIT_ONE_TRADING_DAY,10,PRICE_INDEX,TOTAL_RETURN,1986-09-26,1986-09-29,2026-09-02,10059,0.1407594119,-0.8838247466,192.3110741,39.93429158,0.3669689764,0.460298884,5279,2000-03-23,2009-03-09,2014-09-05,True,2006,5279,2008,-0.6764976834,1995,0.7488328111,-0.7785542111,-0.2359413347,-0.171834067,0.007276310959,240,0.02327785523,0.09036078653,0.09682353803,120,0.1010207013,0.128313937,0,0
SSO_SMA_TO_SP500,SP500,250,50,LAG2,WAIT_ONE_TRADING_DAY,10,PRICE_INDEX,TOTAL_RETURN,1986-09-26,1986-09-29,2026-09-02,10059,0.1314819768,-0.638857632,138.7971409,39.93429158,0.2830743587,0.4712023512,2835,2007-07-13,2009-03-09,2013-03-05,True,1457,2062,2008,-0.3804692411,1995,0.7407178272,-0.5464969709,-0.1235977979,-0.07277318302,0.04171139182,240,0.05136034816,0.109538514,0.09906912714,120,0.101751026,0.1282657487,216,5.408885232
SSO_SMA_TO_TBILL,SP500,250,50,LAG2,WAIT_ONE_TRADING_DAY,10,PRICE_INDEX,TOTAL_RETURN,1986-09-26,1986-09-29,2026-09-02,10059,0.1038583812,-0.6281163937,51.72668044,39.93429158,0.2489890216,0.3999277073,2554,1987-08-25,1988-11-16,1994-01-28,True,1899,2348,2022,-0.3320279828,1995,0.7358994106,-0.6202614071,-0.07492349757,-0.01748611935,0.05080334505,240,0.05313178326,0.09552262595,0.08074961925,120,0.08338681571,0.1073012554,216,5.408885232
SSO_ALWAYS,SP500,250,50,LAG2,WAIT_ONE_TRADING_DAY,25,PRICE_INDEX,TOTAL_RETURN,1986-09-26,1986-09-29,2026-09-02,10059,0.1407594119,-0.8838247466,192.3110741,39.93429158,0.3669689764,0.460298884,5279,2000-03-23,2009-03-09,2014-09-05,True,2006,5279,2008,-0.6764976834,1995,0.7488328111,-0.7785542111,-0.2359413347,-0.171834067,0.007276310959,240,0.02327785523,0.09036078653,0.09682353803,120,0.1010207013,0.128313937,0,0
SSO_SMA_TO_SP500,SP500,250,50,LAG2,WAIT_ONE_TRADING_DAY,25,PRICE_INDEX,TOTAL_RETURN,1986-09-26,1986-09-29,2026-09-02,10059,0.1223230677,-0.6496810601,100.3280577,39.93429158,0.2830993369,0.4424609251,5017,1999-07-16,2009-03-09,2013-04-10,True,1493,5017,2008,-0.3823282971,1995,0.7354943708,-0.5512195935,-0.1358913911,-0.08343525024,0.03197402067,240,0.04153278363,0.09997281886,0.09018754639,120,0.09284777286,0.1184642482,216,5.408885232
SSO_SMA_TO_TBILL,SP500,250,50,LAG2,WAIT_ONE_TRADING_DAY,25,PRICE_INDEX,TOTAL_RETURN,1986-09-26,1986-09-29,2026-09-02,10059,0.09492307443,-0.6325600588,37.39008851,39.93429158,0.2490813314,0.3672240139,3135,1987-08-25,1988-11-16,1995-06-19,True,2406,2855,2022,-0.344949656,1995,0.7306904131,-0.6242266205,-0.08405371293,-0.02966211048,0.04059139937,240,0.04328766029,0.08580975249,0.07201607849,120,0.07463196376,0.09758929816,216,5.408885232
SSO_ALWAYS,SP500,250,50,LAG2,WAIT_ONE_TRADING_DAY,50,PRICE_INDEX,TOTAL_RETURN,1986-09-26,1986-09-29,2026-09-02,10059,0.1407594119,-0.8838247466,192.3110741,39.93429158,0.3669689764,0.460298884,5279,2000-03-23,2009-03-09,2014-09-05,True,2006,5279,2008,-0.6764976834,1995,0.7488328111,-0.7785542111,-0.2359413347,-0.171834067,0.007276310959,240,0.02327785523,0.09036078653,0.09682353803,120,0.1010207013,0.128313937,0,0
SSO_SMA_TO_SP500,SP500,250,50,LAG2,WAIT_ONE_TRADING_DAY,50,PRICE_INDEX,TOTAL_RETURN,1986-09-26,1986-09-29,2026-09-02,10059,0.1071925591,-0.7112332402,58.34726512,39.93429158,0.283234706,0.3944391532,5235,1999-07-16,2009-03-09,2013-11-14,True,1711,5235,2008,-0.3854205161,1995,0.7268060522,-0.5589970453,-0.1560385932,-0.1009684068,0.01591498598,240,0.02532500052,0.08400068421,0.07551491542,120,0.07813933839,0.1023286816,216,5.408885232
SSO_SMA_TO_TBILL,SP500,250,50,LAG2,WAIT_ONE_TRADING_DAY,50,PRICE_INDEX,TOTAL_RETURN,1986-09-26,1986-09-29,2026-09-02,10059,0.08016195666,-0.6398629738,21.7447587,39.93429158,0.2493411655,0.3126386157,5542,1987-08-25,1988-11-16,1995-09-11,True,2490,2939,2022,-0.3659741396,1995,0.7220261443,-0.6307564838,-0.0991008319,-0.04966069399,0.02375809352,240,0.02705256871,0.07025439613,0.05758801392,120,0.06016869248,0.08183065189,216,5.408885232
SSO_ALWAYS,SP500,250,100,LAG1,IMMEDIATE_NEXT_RETURN,0,PRICE_INDEX,TOTAL_RETURN,1986-09-26,1986-09-29,2026-09-02,10059,0.1349870704,-0.8889972816,157.0446692,39.93429158,0.3669713385,0.4464660635,5387,2000-03-23,2009-03-09,2014-12-22,True,2114,5387,2008,-0.6781495348,1995,0.7400320144,-0.7796872667,-0.2398162567,-0.1760316907,0.002175766654,240,0.01809658559,0.08484194637,0.09127295652,120,0.09544875262,0.1226047241,0,0
SSO_SMA_TO_SP500,SP500,250,100,LAG1,IMMEDIATE_NEXT_RETURN,0,PRICE_INDEX,TOTAL_RETURN,1986-09-26,1986-09-29,2026-09-02,10059,0.1502488979,-0.622699134,267.7185711,39.93429158,0.2751996889,0.5335979176,2612,2007-07-13,2009-03-09,2013-01-23,True,1416,2021,2008,-0.3699761113,1995,0.7357796519,-0.4936618734,-0.1177734889,-0.07236588132,0.04505576442,240,0.05474159557,0.1161810671,0.1168894138,120,0.1203682147,0.1375975964,216,5.408885232
SSO_SMA_TO_TBILL,SP500,250,100,LAG1,IMMEDIATE_NEXT_RETURN,0,PRICE_INDEX,TOTAL_RETURN,1986-09-26,1986-09-29,2026-09-02,10059,0.1365742702,-0.4074589492,166.0579092,39.93429158,0.2368853649,0.5275961493,2757,1999-07-16,2003-04-25,2007-02-01,True,1378,2757,2000,-0.348422518,1995,0.7311782845,-0.3459142137,-0.06026882789,-0.01858657208,0.05444522538,240,0.0565482854,0.1106820288,0.1114013561,120,0.1118048199,0.1233269386,216,5.408885232
SSO_ALWAYS,SP500,250,100,LAG1,IMMEDIATE_NEXT_RETURN,10,PRICE_INDEX,TOTAL_RETURN,1986-09-26,1986-09-29,2026-09-02,10059,0.1349870704,-0.8889972816,157.0446692,39.93429158,0.3669713385,0.4464660635,5387,2000-03-23,2009-03-09,2014-12-22,True,2114,5387,2008,-0.6781495348,1995,0.7400320144,-0.7796872667,-0.2398162567,-0.1760316907,0.002175766654,240,0.01809658559,0.08484194637,0.09127295652,120,0.09544875262,0.1226047241,0,0
SSO_SMA_TO_SP500,SP500,250,100,LAG1,IMMEDIATE_NEXT_RETURN,10,PRICE_INDEX,TOTAL_RETURN,1986-09-26,1986-09-29,2026-09-02,10059,0.1440410331,-0.6336084229,215.6869927,39.93429158,0.2752585829,0.5138733633,4981,1999-07-16,2009-03-09,2013-03-05,True,1457,4981,2008,-0.3706061352,1995,0.7323098284,-0.4991775458,-0.1260327989,-0.07948186998,0.03854128707,240,0.04816674046,0.1094697936,0.1106876531,120,0.114331796,0.1309831029,216,5.408885232
SSO_SMA_TO_TBILL,SP500,250,100,LAG1,IMMEDIATE_NEXT_RETURN,10,PRICE_INDEX,TOTAL_RETURN,1986-09-26,1986-09-29,2026-09-02,10059,0.1304402071,-0.4243503426,133.7842605,39.93429158,0.2369067461,0.5047089958,2848,1999-07-16,2003-04-28,2007-05-03,True,1466,2848,2000,-0.3594111622,1995,0.7277176591,-0.3568634212,-0.067014874,-0.02611716105,0.04787221773,240,0.04996216808,0.1038644232,0.1048229867,120,0.1050403888,0.116899809,216,5.408885232
SSO_ALWAYS,SP500,250,100,LAG1,IMMEDIATE_NEXT_RETURN,25,PRICE_INDEX,TOTAL_RETURN,1986-09-26,1986-09-29,2026-09-02,10059,0.1349870704,-0.8889972816,157.0446692,39.93429158,0.3669713385,0.4464660635,5387,2000-03-23,2009-03-09,2014-12-22,True,2114,5387,2008,-0.6781495348,1995,0.7400320144,-0.7796872667,-0.2398162567,-0.1760316907,0.002175766654,240,0.01809658559,0.08484194637,0.09127295652,120,0.09544875262,0.1226047241,0,0
SSO_SMA_TO_SP500,SP500,250,100,LAG1,IMMEDIATE_NEXT_RETURN,25,PRICE_INDEX,TOTAL_RETURN,1986-09-26,1986-09-29,2026-09-02,10059,0.1347804633,-0.6736403014,155.9070808,39.93429158,0.275382806,0.4842393291,5051,1999-07-16,2009-03-09,2013-05-14,True,1527,5051,2008,-0.371551171,1995,0.7271116022,-0.5073487386,-0.1382922356,-0.09006679484,0.02883354839,240,0.03836902809,0.09983461139,0.1014380004,120,0.1053268775,0.1212093984,216,5.408885232
SSO_SMA_TO_TBILL,SP500,250,100,LAG1,IMMEDIATE_NEXT_RETURN,25,PRICE_INDEX,TOTAL_RETURN,1986-09-26,1986-09-29,2026-09-02,10059,0.1212897307,-0.4488963107,96.7045497,39.93429158,0.2369807191,0.4703029623,3896,1999-07-16,2003-04-28,2010-03-16,True,2514,3896,2000,-0.375567583,1995,0.722533213,-0.3729644149,-0.07705574042,-0.03731876801,0.03807725841,240,0.040147673,0.09386933044,0.09495827899,120,0.09495827899,0.1075354359,216,5.408885232
SSO_ALWAYS,SP500,250,100,LAG1,IMMEDIATE_NEXT_RETURN,50,PRICE_INDEX,TOTAL_RETURN,1986-09-26,1986-09-29,2026-09-02,10059,0.1349870704,-0.8889972816,157.0446692,39.93429158,0.3669713385,0.4464660635,5387,2000-03-23,2009-03-09,2014-12-22,True,2114,5387,2008,-0.6781495348,1995,0.7400320144,-0.7796872667,-0.2398162567,-0.1760316907,0.002175766654,240,0.01809658559,0.08484194637,0.09127295652,120,0.09544875262,0.1226047241,0,0
SSO_SMA_TO_SP500,SP500,250,100,LAG1,IMMEDIATE_NEXT_RETURN,50,PRICE_INDEX,TOTAL_RETURN,1986-09-26,1986-09-29,2026-09-02,10059,0.1194820114,-0.7309827646,90.67006757,39.93429158,0.2756853736,0.4347581494,5345,1999-07-16,2009-03-09,2014-03-04,True,1821,5345,2008,-0.3731262308,1995,0.7184652499,-0.5206985938,-0.1583834605,-0.1074730952,0.01282338407,240,0.02221047768,0.08314835042,0.08616237571,120,0.09045048913,0.1050633366,216,5.408885232
SSO_SMA_TO_TBILL,SP500,250,100,LAG1,IMMEDIATE_NEXT_RETURN,50,PRICE_INDEX,TOTAL_RETURN,1986-09-26,1986-09-29,2026-09-02,10059,0.106173153,-0.4883138277,56.23996044,39.93429158,0.2372156079,0.4128133063,5234,1999-07-16,2003-05-01,2013-11-13,True,3849,5234,2000,-0.4016456679,1995,0.7139097811,-0.39895964,-0.09358377961,-0.05573908894,0.02192324836,240,0.02396144425,0.07769081527,0.07832568749,120,0.07832568749,0.09238766316,216,5.408885232
SSO_ALWAYS,SP500,250,100,LAG2,WAIT_ONE_TRADING_DAY,0,PRICE_INDEX,TOTAL_RETURN,1986-09-26,1986-09-29,2026-09-02,10059,0.1349870704,-0.8889972816,157.0446692,39.93429158,0.3669713385,0.4464660635,5387,2000-03-23,2009-03-09,2014-12-22,True,2114,5387,2008,-0.6781495348,1995,0.7400320144,-0.7796872667,-0.2398162567,-0.1760316907,0.002175766654,240,0.01809658559,0.08484194637,0.09127295652,120,0.09544875262,0.1226047241,0,0
SSO_SMA_TO_SP500,SP500,250,100,LAG2,WAIT_ONE_TRADING_DAY,0,PRICE_INDEX,TOTAL_RETURN,1986-09-26,1986-09-29,2026-09-02,10059,0.1331778896,-0.6340907626,147.351934,39.93429158,0.2830806696,0.476489792,2757,2007-07-13,2009-03-09,2013-02-08,True,1432,2037,2008,-0.3792460719,1995,0.7354750563,-0.543802723,-0.1184643159,-0.0684131365,0.04448255717,240,0.0541630757,0.111614513,0.1008284238,120,0.1035146378,0.1304160822,216,5.408885232
SSO_SMA_TO_TBILL,SP500,250,100,LAG2,WAIT_ONE_TRADING_DAY,0,PRICE_INDEX,TOTAL_RETURN,1986-09-26,1986-09-29,2026-09-02,10059,0.1055128906,-0.6258709161,54.91486605,39.93429158,0.2489513557,0.405969983,2348,1987-08-25,1988-11-16,1994-01-28,True,1899,2348,2022,-0.3240687321,1995,0.7306711521,-0.6179780492,-0.07099750562,-0.0125413472,0.05383738542,240,0.05593923312,0.09779389022,0.08247959161,120,0.08512103121,0.1092549491,216,5.408885232
SSO_ALWAYS,SP500,250,100,LAG2,WAIT_ONE_TRADING_DAY,10,PRICE_INDEX,TOTAL_RETURN,1986-09-26,1986-09-29,2026-09-02,10059,0.1349870704,-0.8889972816,157.0446692,39.93429158,0.3669713385,0.4464660635,5387,2000-03-23,2009-03-09,2014-12-22,True,2114,5387,2008,-0.6781495348,1995,0.7400320144,-0.7796872667,-0.2398162567,-0.1760316907,0.002175766654,240,0.01809658559,0.08484194637,0.09127295652,120,0.09544875262,0.1226047241,0,0
SSO_SMA_TO_SP500,SP500,250,100,LAG2,WAIT_ONE_TRADING_DAY,10,PRICE_INDEX,TOTAL_RETURN,1986-09-26,1986-09-29,2026-09-02,10059,0.1270621567,-0.6395411467,118.7138247,39.93429158,0.2830737542,0.4573667022,2848,2007-07-13,2009-03-09,2013-03-08,True,1460,2065,2008,-0.380486959,1995,0.7320058417,-0.5469714109,-0.1267171584,-0.07555944713,0.03797165298,240,0.04759182686,0.1054311891,0.09489728327,120,0.09756902421,0.1239023089,216,5.408885232
SSO_SMA_TO_TBILL,SP500,250,100,LAG2,WAIT_ONE_TRADING_DAY,10,PRICE_INDEX,TOTAL_RETURN,1986-09-26,1986-09-29,2026-09-02,10059,0.09954646495,-0.6288534941,44.24206459,39.93429158,0.2489862237,0.384201475,2852,1987-08-25,1988-11-16,1995-06-16,True,2403,2852,2022,-0.3328033088,1995,0.7272115404,-0.6206387494,-0.07711261477,-0.02070628861,0.04702293196,240,0.04935691239,0.09146030756,0.07664731252,120,0.07927452034,0.1030491587,216,5.408885232
SSO_ALWAYS,SP500,250,100,LAG2,WAIT_ONE_TRADING_DAY,25,PRICE_INDEX,TOTAL_RETURN,1986-09-26,1986-09-29,2026-09-02,10059,0.1349870704,-0.8889972816,157.0446692,39.93429158,0.3669713385,0.4464660635,5387,2000-03-23,2009-03-09,2014-12-22,True,2114,5387,2008,-0.6781495348,1995,0.7400320144,-0.7796872667,-0.2398162567,-0.1760316907,0.002175766654,240,0.01809658559,0.08484194637,0.09127295652,120,0.09544875262,0.1226047241,0,0
SSO_SMA_TO_SP500,SP500,250,100,LAG2,WAIT_ONE_TRADING_DAY,25,PRICE_INDEX,TOTAL_RETURN,1986-09-26,1986-09-29,2026-09-02,10059,0.1179390243,-0.659458121,85.81104322,39.93429158,0.2830985474,0.4286270382,5044,1999-07-16,2009-03-09,2013-05-07,True,1520,5044,2008,-0.3823459618,1995,0.7268085278,-0.5516890929,-0.1389669953,-0.08618947545,0.02826923894,240,0.03779948848,0.09596419854,0.0860494152,120,0.0886995658,0.1141510732,216,5.408885232
SSO_SMA_TO_TBILL,SP500,250,100,LAG2,WAIT_ONE_TRADING_DAY,25,PRICE_INDEX,TOTAL_RETURN,1986-09-26,1986-09-29,2026-09-02,10059,0.09064606147,-0.6332883515,31.97991242,39.93429158,0.2490783252,0.351503922,3199,1987-08-25,1988-11-16,1995-07-06,True,2423,2872,2022,-0.3457099836,1995,0.722028613,-0.6246000227,-0.08622122423,-0.03284237317,0.03684772519,240,0.03954807492,0.08169494687,0.06794692251,120,0.07055289986,0.09340254571,216,5.408885232
SSO_ALWAYS,SP500,250,100,LAG2,WAIT_ONE_TRADING_DAY,50,PRICE_INDEX,TOTAL_RETURN,1986-09-26,1986-09-29,2026-09-02,10059,0.1349870704,-0.8889972816,157.0446692,39.93429158,0.3669713385,0.4464660635,5387,2000-03-23,2009-03-09,2014-12-22,True,2114,5387,2008,-0.6781495348,1995,0.7400320144,-0.7796872667,-0.2398162567,-0.1760316907,0.002175766654,240,0.01809658559,0.08484194637,0.09127295652,120,0.09544875262,0.1226047241,0,0
SSO_SMA_TO_SP500,SP500,250,100,LAG2,WAIT_ONE_TRADING_DAY,50,PRICE_INDEX,TOTAL_RETURN,1986-09-26,1986-09-29,2026-09-02,10059,0.1028676188,-0.7192924396,49.90468071,39.93429158,0.2832336068,0.3806126975,5274,1999-07-16,2009-03-09,2013-12-23,True,1750,5274,2008,-0.3854380923,1995,0.7181636927,-0.5594584081,-0.1590424879,-0.1036699459,0.0122678561,240,0.02164980094,0.0799459245,0.07143247856,120,0.07404696128,0.09809878463,216,5.408885232
SSO_SMA_TO_TBILL,SP500,250,100,LAG2,WAIT_ONE_TRADING_DAY,50,PRICE_INDEX,TOTAL_RETURN,1986-09-26,1986-09-29,2026-09-02,10059,0.07594260391,-0.6405767917,18.59839082,39.93429158,0.2493378118,0.2969353023,5576,1987-08-25,1988-11-16,1995-09-14,True,2493,2942,2022,-0.3667100637,1995,0.7134077073,-0.6311233973,-0.1012327354,-0.05277541173,0.02007497953,240,0.0233711768,0.0662448451,0.05357362395,120,0.05614452794,0.07763352565,216,5.408885232
UPRO_ALWAYS,SP500,150,0,LAG1,IMMEDIATE_NEXT_RETURN,0,PRICE_INDEX,TOTAL_RETURN,1986-09-26,1986-09-29,2026-09-02,10059,0.1486334489,-0.980292395,253.1068697,39.93429158,0.5504545628,0.479910777,6495,2000-03-23,2009-03-09,2018-01-03,True,3222,6495,2008,-0.8583231649,1995,1.250460134,-0.9219238785,-0.385398933,-0.302300655,-0.04399466883,240,-0.02198555498,0.07172749291,0.08443714589,120,0.08844947628,0.1358942642,0,0
UPRO_SMA_TO_SP500,SP500,150,0,LAG1,IMMEDIATE_NEXT_RETURN,0,PRICE_INDEX,TOTAL_RETURN,1986-09-26,1986-09-29,2026-09-02,10059,0.1644540212,-0.8364384065,437.0679937,39.93429158,0.3717192975,0.5134276225,5234,1999-07-16,2009-03-09,2013-11-13,True,1710,5234,2000,-0.5159779386,1995,1.238622115,-0.5947459677,-0.2138098219,-0.1448353698,0.02552891989,240,0.03610707703,0.1189788386,0.1165256915,120,0.1216810699,0.1424945575,377,9.440508021
UPRO_SMA_TO_TBILL,SP500,150,0,LAG1,IMMEDIATE_NEXT_RETURN,0,PRICE_INDEX,TOTAL_RETURN,1986-09-26,1986-09-29,2026-09-02,10059,0.1322416954,-0.7952985718,142.5678182,39.93429158,0.3429477784,0.4443619105,5340,1999-07-16,2003-04-16,2014-02-27,True,3970,5340,2000,-0.567249174,1995,1.232687766,-0.5642527231,-0.2172247566,-0.1252411786,0.006862565364,240,0.01215917746,0.09649238347,0.08542266407,120,0.08680243366,0.108668185,377,9.440508021
UPRO_ALWAYS,SP500,150,0,LAG1,IMMEDIATE_NEXT_RETURN,10,PRICE_INDEX,TOTAL_RETURN,1986-09-26,1986-09-29,2026-09-02,10059,0.1486334489,-0.980292395,253.1068697,39.93429158,0.5504545628,0.479910777,6495,2000-03-23,2009-03-09,2018-01-03,True,3222,6495,2008,-0.8583231649,1995,1.250460134,-0.9219238785,-0.385398933,-0.302300655,-0.04399466883,240,-0.02198555498,0.07172749291,0.08443714589,120,0.08844947628,0.1358942642,0,0
UPRO_SMA_TO_SP500,SP500,150,0,LAG1,IMMEDIATE_NEXT_RETURN,10,PRICE_INDEX,TOTAL_RETURN,1986-09-26,1986-09-29,2026-09-02,10059,0.1535072622,-0.8542151216,299.7354191,39.93429158,0.3716977307,0.4880089257,5345,1999-07-16,2009-03-09,2014-03-04,True,1821,5345,2000,-0.5260413981,1995,1.234147109,-0.5999721143,-0.2235045233,-0.1546143027,0.01405066576,240,0.02451042665,0.1077440462,0.1051182496,120,0.1102558997,0.1309893922,377,9.440508021
UPRO_SMA_TO_TBILL,SP500,150,0,LAG1,IMMEDIATE_NEXT_RETURN,10,PRICE_INDEX,TOTAL_RETURN,1986-09-26,1986-09-29,2026-09-02,10059,0.121597757,-0.8060645345,97.77111426,39.93429158,0.3429511185,0.4168039785,5442,1999-07-16,2003-04-16,2014-06-09,True,4072,5442,2000,-0.5762466367,1995,1.228224623,-0.5754324632,-0.2271867318,-0.1353333989,-0.004703973526,240,0.0004817491432,0.08524165298,0.07443847257,120,0.07573252876,0.09758626069,377,9.440508021
UPRO_ALWAYS,SP500,150,0,LAG1,IMMEDIATE_NEXT_RETURN,25,PRICE_INDEX,TOTAL_RETURN,1986-09-26,1986-09-29,2026-09-02,10059,0.1486334489,-0.980292395,253.1068697,39.93429158,0.5504545628,0.479910777,6495,2000-03-23,2009-03-09,2018-01-03,True,3222,6495,2008,-0.8583231649,1995,1.250460134,-0.9219238785,-0.385398933,-0.302300655,-0.04399466883,240,-0.02198555498,0.07172749291,0.08443714589,120,0.08844947628,0.1358942642,0,0
UPRO_SMA_TO_SP500,SP500,150,0,LAG1,IMMEDIATE_NEXT_RETURN,25,PRICE_INDEX,TOTAL_RETURN,1986-09-26,1986-09-29,2026-09-02,10059,0.1372595956,-0.8773506264,170.1037734,39.93429158,0.371711415,0.4498196775,5607,1999-07-16,2009-03-09,2014-11-21,True,2083,5607,2000,-0.5407637642,1995,1.227442996,-0.6076948034,-0.2378499029,-0.1690913842,-0.002947364019,240,0.00733706507,0.09150302661,0.08820425066,120,0.09331494844,0.1139273518,377,9.440508021
UPRO_SMA_TO_TBILL,SP500,150,0,LAG1,IMMEDIATE_NEXT_RETURN,25,PRICE_INDEX,TOTAL_RETURN,1986-09-26,1986-09-29,2026-09-02,10059,0.10579955,-0.821179334,55.48638702,39.93429158,0.3430059109,0.375413643,6710,1999-07-16,2003-04-16,2017-11-28,True,5340,6710,2000,-0.5894094997,1995,1.221538281,-0.5922339749,-0.2419107249,-0.1502723558,-0.02182635316,240,-0.01680370372,0.06898757016,0.05815003554,120,0.05931835586,0.08098803421,377,9.440508021
UPRO_ALWAYS,SP500,150,0,LAG1,IMMEDIATE_NEXT_RETURN,50,PRICE_INDEX,TOTAL_RETURN,1986-09-26,1986-09-29,2026-09-02,10059,0.1486334489,-0.980292395,253.1068697,39.93429158,0.5504545628,0.479910777,6495,2000-03-23,2009-03-09,2018-01-03,True,3222,6495,2008,-0.8583231649,1995,1.250460134,-0.9219238785,-0.385398933,-0.302300655,-0.04399466883,240,-0.02198555498,0.07172749291,0.08443714589,120,0.08844947628,0.1358942642,0,0
UPRO_SMA_TO_SP500,SP500,150,0,LAG1,IMMEDIATE_NEXT_RETURN,50,PRICE_INDEX,TOTAL_RETURN,1986-09-26,1986-09-29,2026-09-02,10059,0.1106344011,-0.908095745,66.04659697,39.93429158,0.371856951,0.3860498362,6755,1999-07-16,2009-03-09,2018-01-12,True,3231,6755,2000,-0.5643378277,1995,1.216291859,-0.6202608393,-0.2619447783,-0.1927176906,-0.03070143372,240,-0.02070328316,0.06531419073,0.06053282337,120,0.06559768087,0.08583119989,377,9.440508021
UPRO_SMA_TO_TBILL,SP500,150,0,LAG1,IMMEDIATE_NEXT_RETURN,50,PRICE_INDEX,TOTAL_RETURN,1986-09-26,1986-09-29,2026-09-02,10059,0.07991088903,-0.8597400323,21.54383155,39.93429158,0.3432298944,0.3063408108,9562,1999-07-16,2009-04-30,2025-09-19,True,5986,9562,2000,-0.6104864221,1995,1.210416705,-0.618823506,-0.2658772201,-0.1746473998,-0.0497667599,240,-0.04500739127,0.04260795934,0.0314967953,120,0.03246295581,0.05402521292,377,9.440508021
UPRO_ALWAYS,SP500,150,0,LAG2,WAIT_ONE_TRADING_DAY,0,PRICE_INDEX,TOTAL_RETURN,1986-09-26,1986-09-29,2026-09-02,10059,0.1486334489,-0.980292395,253.1068697,39.93429158,0.5504545628,0.479910777,6495,2000-03-23,2009-03-09,2018-01-03,True,3222,6495,2008,-0.8583231649,1995,1.250460134,-0.9219238785,-0.385398933,-0.302300655,-0.04399466883,240,-0.02198555498,0.07172749291,0.08443714589,120,0.08844947628,0.1358942642,0,0
UPRO_SMA_TO_SP500,SP500,150,0,LAG2,WAIT_ONE_TRADING_DAY,0,PRICE_INDEX,TOTAL_RETURN,1986-09-26,1986-09-29,2026-09-02,10059,0.1839809556,-0.8061772325,849.1204601,39.93429158,0.3732463162,0.5573174978,4303,1999-07-16,2003-03-11,2011-04-27,True,2969,4303,2000,-0.4822111675,1995,1.23836633,-0.5196687691,-0.2107846083,-0.1163127584,0.07186350359,240,0.07998780321,0.1358080032,0.135346792,120,0.139547484,0.1702029399,377,9.440508021
UPRO_SMA_TO_TBILL,SP500,150,0,LAG2,WAIT_ONE_TRADING_DAY,0,PRICE_INDEX,TOTAL_RETURN,1986-09-26,1986-09-29,2026-09-02,10059,0.1610742469,-0.7745664141,389.1686489,39.93429158,0.3448038061,0.5166702983,3917,1999-07-16,2003-04-16,2010-04-06,True,2547,3917,2000,-0.5217859135,1995,1.232170391,-0.5833150254,-0.212776512,-0.08135044135,0.07010019183,240,0.07491133554,0.1268325289,0.1205187802,120,0.1239839144,0.1502888315,377,9.440508021
UPRO_ALWAYS,SP500,150,0,LAG2,WAIT_ONE_TRADING_DAY,10,PRICE_INDEX,TOTAL_RETURN,1986-09-26,1986-09-29,2026-09-02,10059,0.1486334489,-0.980292395,253.1068697,39.93429158,0.5504545628,0.479910777,6495,2000-03-23,2009-03-09,2018-01-03,True,3222,6495,2008,-0.8583231649,1995,1.250460134,-0.9219238785,-0.385398933,-0.302300655,-0.04399466883,240,-0.02198555498,0.07172749291,0.08443714589,120,0.08844947628,0.1358942642,0,0
UPRO_SMA_TO_SP500,SP500,150,0,LAG2,WAIT_ONE_TRADING_DAY,10,PRICE_INDEX,TOTAL_RETURN,1986-09-26,1986-09-29,2026-09-02,10059,0.1728506284,-0.8154501428,582.3155222,39.93429158,0.3732774103,0.5319795465,5004,1999-07-16,2003-03-11,2013-03-28,True,3670,5004,2000,-0.4929766829,1995,1.233891835,-0.526130429,-0.2205166144,-0.1264178515,0.05986664864,240,0.06790001687,0.1252192159,0.1244197063,120,0.1285799689,0.1589313262,377,9.440508021
UPRO_SMA_TO_TBILL,SP500,150,0,LAG2,WAIT_ONE_TRADING_DAY,10,PRICE_INDEX,TOTAL_RETURN,1986-09-26,1986-09-29,2026-09-02,10059,0.1501592604,-0.7864227533,266.8866853,39.93429158,0.3448399706,0.4892414276,4191,1999-07-16,2003-04-16,2011-01-05,True,2821,4191,2000,-0.5317286175,1995,1.227708282,-0.5931812817,-0.2227950977,-0.09194903553,0.05785844277,240,0.06288036767,0.1153650054,0.1097344059,120,0.1130919478,0.1388646144,377,9.440508021
UPRO_ALWAYS,SP500,150,0,LAG2,WAIT_ONE_TRADING_DAY,25,PRICE_INDEX,TOTAL_RETURN,1986-09-26,1986-09-29,2026-09-02,10059,0.1486334489,-0.980292395,253.1068697,39.93429158,0.5504545628,0.479910777,6495,2000-03-23,2009-03-09,2018-01-03,True,3222,6495,2008,-0.8583231649,1995,1.250460134,-0.9219238785,-0.385398933,-0.302300655,-0.04399466883,240,-0.02198555498,0.07172749291,0.08443714589,120,0.08844947628,0.1358942642,0,0
UPRO_SMA_TO_SP500,SP500,150,0,LAG2,WAIT_ONE_TRADING_DAY,25,PRICE_INDEX,TOTAL_RETURN,1986-09-26,1986-09-29,2026-09-02,10059,0.1563305018,-0.829700882,330.4716805,39.93429158,0.3733696993,0.4939200979,5130,1999-07-16,2009-03-09,2013-08-01,True,1606,5130,2000,-0.5087261237,1995,1.227188488,-0.5366703182,-0.2349079047,-0.1413777924,0.04210062821,240,0.04999933706,0.1095843374,0.108205817,120,0.1123060896,0.1416790035,377,9.440508021
UPRO_SMA_TO_TBILL,SP500,150,0,LAG2,WAIT_ONE_TRADING_DAY,25,PRICE_INDEX,TOTAL_RETURN,1986-09-26,1986-09-29,2026-09-02,10059,0.1339587519,-0.8030683795,151.461687,39.93429158,0.3449436093,0.4480446857,4304,1999-07-16,2003-04-16,2011-04-28,True,2934,4304,2000,-0.5462743241,1995,1.22102349,-0.6075620407,-0.2376027622,-0.1076375497,0.03973542714,240,0.04506382976,0.09921128265,0.09373227546,120,0.09693151641,0.1218804464,377,9.440508021
UPRO_ALWAYS,SP500,150,0,LAG2,WAIT_ONE_TRADING_DAY,50,PRICE_INDEX,TOTAL_RETURN,1986-09-26,1986-09-29,2026-09-02,10059,0.1486334489,-0.980292395,253.1068697,39.93429158,0.5504545628,0.479910777,6495,2000-03-23,2009-03-09,2018-01-03,True,3222,6495,2008,-0.8583231649,1995,1.250460134,-0.9219238785,-0.385398933,-0.302300655,-0.04399466883,240,-0.02198555498,0.07172749291,0.08443714589,120,0.08844947628,0.1358942642,0,0
UPRO_SMA_TO_SP500,SP500,150,0,LAG2,WAIT_ONE_TRADING_DAY,50,PRICE_INDEX,TOTAL_RETURN,1986-09-26,1986-09-29,2026-09-02,10059,0.1292588247,-0.8723905951,128.3130259,39.93429158,0.3736451263,0.430389235,5439,1999-07-16,2009-03-09,2014-06-06,True,1915,5439,2000,-0.5339447816,1995,1.216038626,-0.5537520158,-0.2590838547,-0.1657921153,0.01309259751,240,0.02077143701,0.08347429929,0.08164798248,120,0.08564999318,0.1141169878,377,9.440508021
UPRO_SMA_TO_TBILL,SP500,150,0,LAG2,WAIT_ONE_TRADING_DAY,50,PRICE_INDEX,TOTAL_RETURN,1986-09-26,1986-09-29,2026-09-02,10059,0.1074108358,-0.8280251341,58.80838971,39.93429158,0.3452479013,0.3792936894,5341,1999-07-16,2003-04-16,2014-02-28,True,3971,5341,2000,-0.5695655129,2013,1.210236099,-0.6304537158,-0.2617054509,-0.1332356036,0.01015930925,240,0.01597331505,0.07192783459,0.06752129521,120,0.07046477801,0.09362864526,377,9.440508021
UPRO_ALWAYS,SP500,150,50,LAG1,IMMEDIATE_NEXT_RETURN,0,PRICE_INDEX,TOTAL_RETURN,1986-09-26,1986-09-29,2026-09-02,10059,0.1370317119,-0.9820109229,168.7478963,39.93429158,0.5504594435,0.4614668241,6733,2000-03-23,2009-03-09,2018-08-29,True,3460,6733,2008,-0.8597747321,1995,1.22788602,-0.9227273643,-0.3916285461,-0.3093660093,-0.05366050292,240,-0.03187310567,0.06090215039,0.07348140906,120,0.07745327156,0.1244216884,0,0
UPRO_SMA_TO_SP500,SP500,150,50,LAG1,IMMEDIATE_NEXT_RETURN,0,PRICE_INDEX,TOTAL_RETURN,1986-09-26,1986-09-29,2026-09-02,10059,0.155735016,-0.8446937309,323.7431179,39.93429158,0.371714235,0.493196251,5275,1999-07-16,2009-03-09,2013-12-24,True,1751,5275,2000,-0.5189986592,1995,1.216474456,-0.5952583216,-0.2174606701,-0.1495570999,0.01846972111,240,0.02898660966,0.1109387152,0.1082811336,120,0.1134307257,0.1340772679,377,9.440508021
UPRO_SMA_TO_TBILL,SP500,150,50,LAG1,IMMEDIATE_NEXT_RETURN,0,PRICE_INDEX,TOTAL_RETURN,1986-09-26,1986-09-29,2026-09-02,10059,0.1237638843,-0.797858528,105.602219,39.93429158,0.3429389427,0.4224363288,5429,1999-07-16,2003-04-16,2014-05-27,True,4059,5429,2000,-0.5699499174,1995,1.210598818,-0.566951908,-0.2208382142,-0.1299471426,-3.214955839e-05,240,0.00523279813,0.08867893526,0.07743573998,120,0.07880863371,0.1005658862,377,9.440508021
UPRO_ALWAYS,SP500,150,50,LAG1,IMMEDIATE_NEXT_RETURN,10,PRICE_INDEX,TOTAL_RETURN,1986-09-26,1986-09-29,2026-09-02,10059,0.1370317119,-0.9820109229,168.7478963,39.93429158,0.5504594435,0.4614668241,6733,2000-03-23,2009-03-09,2018-08-29,True,3460,6733,2008,-0.8597747321,1995,1.22788602,-0.9227273643,-0.3916285461,-0.3093660093,-0.05366050292,240,-0.03187310567,0.06090215039,0.07348140906,120,0.07745327156,0.1244216884,0,0
UPRO_SMA_TO_SP500,SP500,150,50,LAG1,IMMEDIATE_NEXT_RETURN,10,PRICE_INDEX,TOTAL_RETURN,1986-09-26,1986-09-29,2026-09-02,10059,0.1448702223,-0.8615732148,222.018726,39.93429158,0.3716924331,0.4677769288,5438,1999-07-16,2009-03-09,2014-06-05,True,1914,5438,2000,-0.528999314,1995,1.212043724,-0.6004778609,-0.2271103519,-0.1592820392,0.007070477204,240,0.01746965526,0.09996239919,0.09695792553,120,0.1020895915,0.1226568645,377,9.440508021
UPRO_SMA_TO_TBILL,SP500,150,50,LAG1,IMMEDIATE_NEXT_RETURN,10,PRICE_INDEX,TOTAL_RETURN,1986-09-26,1986-09-29,2026-09-02,10059,0.1131996438,-0.8084898536,72.42059777,39.93429158,0.3429420294,0.3948788552,5543,1999-07-16,2003-04-16,2014-09-18,True,4173,5543,2000,-0.578891228,1995,1.206179831,-0.5766037954,-0.2307542028,-0.1399850695,-0.01151948401,240,-0.006364719538,0.07727363399,0.06653237405,120,0.0678201517,0.0895149933,377,9.440508021
UPRO_ALWAYS,SP500,150,50,LAG1,IMMEDIATE_NEXT_RETURN,25,PRICE_INDEX,TOTAL_RETURN,1986-09-26,1986-09-29,2026-09-02,10059,0.1370317119,-0.9820109229,168.7478963,39.93429158,0.5504594435,0.4614668241,6733,2000-03-23,2009-03-09,2018-08-29,True,3460,6733,2008,-0.8597747321,1995,1.22788602,-0.9227273643,-0.3916285461,-0.3093660093,-0.05366050292,240,-0.03187310567,0.06090215039,0.07348140906,120,0.07745327156,0.1244216884,0,0
UPRO_SMA_TO_SP500,SP500,150,50,LAG1,IMMEDIATE_NEXT_RETURN,25,PRICE_INDEX,TOTAL_RETURN,1986-09-26,1986-09-29,2026-09-02,10059,0.1287442123,-0.8835410183,125.9985329,39.93429158,0.3717057636,0.4295891884,6548,1999-07-16,2009-03-09,2017-06-19,True,3024,6548,2000,-0.5436297997,1995,1.205405937,-0.6081907864,-0.2413799048,-0.1736791866,-0.009810547124,240,0.0004143146571,0.0837144722,0.08016882161,120,0.08527324673,0.1057205251,377,9.440508021
UPRO_SMA_TO_TBILL,SP500,150,50,LAG1,IMMEDIATE_NEXT_RETURN,25,PRICE_INDEX,TOTAL_RETURN,1986-09-26,1986-09-29,2026-09-02,10059,0.09751972797,-0.8234156304,41.09963711,39.93429158,0.342996441,0.3534923124,6748,1999-07-16,2003-04-16,2018-01-05,True,5378,6748,2000,-0.5919719433,1995,1.19955964,-0.5933589537,-0.2454102268,-0.154843659,-0.02852461434,240,-0.02353188507,0.06119490449,0.0503637931,120,0.0515267106,0.07299586006,377,9.440508021
UPRO_ALWAYS,SP500,150,50,LAG1,IMMEDIATE_NEXT_RETURN,50,PRICE_INDEX,TOTAL_RETURN,1986-09-26,1986-09-29,2026-09-02,10059,0.1370317119,-0.9820109229,168.7478963,39.93429158,0.5504594435,0.4614668241,6733,2000-03-23,2009-03-09,2018-08-29,True,3460,6733,2008,-0.8597747321,1995,1.22788602,-0.9227273643,-0.3916285461,-0.3093660093,-0.05366050292,240,-0.03187310567,0.06090215039,0.07348140906,120,0.07745327156,0.1244216884,0,0
UPRO_SMA_TO_SP500,SP500,150,50,LAG1,IMMEDIATE_NEXT_RETURN,50,PRICE_INDEX,TOTAL_RETURN,1986-09-26,1986-09-29,2026-09-02,10059,0.1023183775,-0.9127343611,48.92175025,39.93429158,0.3718507068,0.3658283757,7944,1999-07-16,2009-03-09,2021-04-15,True,4420,7944,2000,-0.5670567404,1995,1.194365123,-0.6207409353,-0.2653517987,-0.197175042,-0.03737357248,240,-0.02743333111,0.05784873157,0.05270172341,120,0.05775984905,0.07789080111,377,9.440508021
UPRO_SMA_TO_TBILL,SP500,150,50,LAG1,IMMEDIATE_NEXT_RETURN,50,PRICE_INDEX,TOTAL_RETURN,1986-09-26,1986-09-29,2026-09-02,10059,0.07182491183,-0.866858466,15.95785392,39.93429158,0.3432197885,0.2844340642,9791,1999-07-16,2009-07-10,2026-05-06,True,6144,9791,2000,-0.6129173273,1995,1.188548095,-0.6198751274,-0.2692660875,-0.1790875719,-0.05627369295,240,-0.05154256994,0.03521039996,0.02390667683,120,0.02486884112,0.04618138658,377,9.440508021
UPRO_ALWAYS,SP500,150,50,LAG2,WAIT_ONE_TRADING_DAY,0,PRICE_INDEX,TOTAL_RETURN,1986-09-26,1986-09-29,2026-09-02,10059,0.1370317119,-0.9820109229,168.7478963,39.93429158,0.5504594435,0.4614668241,6733,2000-03-23,2009-03-09,2018-08-29,True,3460,6733,2008,-0.8597747321,1995,1.22788602,-0.9227273643,-0.3916285461,-0.3093660093,-0.05366050292,240,-0.03187310567,0.06090215039,0.07348140906,120,0.07745327156,0.1244216884,0,0
UPRO_SMA_TO_SP500,SP500,150,50,LAG2,WAIT_ONE_TRADING_DAY,0,PRICE_INDEX,TOTAL_RETURN,1986-09-26,1986-09-29,2026-09-02,10059,0.1751189984,-0.808593786,629.0264958,39.93429158,0.3732387069,0.5371768778,4967,1999-07-16,2003-03-11,2013-02-19,True,3633,4967,2000,-0.4856091555,1995,1.216036121,-0.521091536,-0.2144832776,-0.1212067772,0.06448881614,240,0.07256932865,0.1276080602,0.1270859244,120,0.1312561227,0.1615873016,377,9.440508021
UPRO_SMA_TO_TBILL,SP500,150,50,LAG2,WAIT_ONE_TRADING_DAY,0,PRICE_INDEX,TOTAL_RETURN,1986-09-26,1986-09-29,2026-09-02,10059,0.1523837438,-0.7774328223,288.2952455,39.93429158,0.3447929831,0.494871487,3934,1999-07-16,2003-04-16,2010-04-23,True,2564,3934,2000,-0.5249241923,1995,1.209901994,-0.5866911935,-0.2164441913,-0.08630537611,0.0627797149,240,0.06752773142,0.1190168999,0.1123658023,120,0.1158044882,0.1417654763,377,9.440508021
UPRO_ALWAYS,SP500,150,50,LAG2,WAIT_ONE_TRADING_DAY,10,PRICE_INDEX,TOTAL_RETURN,1986-09-26,1986-09-29,2026-09-02,10059,0.1370317119,-0.9820109229,168.7478963,39.93429158,0.5504594435,0.4614668241,6733,2000-03-23,2009-03-09,2018-08-29,True,3460,6733,2008,-0.8597747321,1995,1.22788602,-0.9227273643,-0.3916285461,-0.3093660093,-0.05366050292,240,-0.03187310567,0.06090215039,0.07348140906,120,0.07745327156,0.1244216884,0,0
UPRO_SMA_TO_SP500,SP500,150,50,LAG2,WAIT_ONE_TRADING_DAY,10,PRICE_INDEX,TOTAL_RETURN,1986-09-26,1986-09-29,2026-09-02,10059,0.1640719805,-0.8177510831,431.3780077,39.93429158,0.3732695453,0.5118409969,5043,1999-07-16,2003-03-11,2013-05-06,True,3709,5043,2000,-0.4963040222,1995,1.211606265,-0.5282105861,-0.2241696745,-0.1312559065,0.05257450254,240,0.06056457375,0.1170409449,0.116238345,120,0.1203684074,0.1503366705,377,9.440508021
UPRO_SMA_TO_TBILL,SP500,150,50,LAG2,WAIT_ONE_TRADING_DAY,10,PRICE_INDEX,TOTAL_RETURN,1986-09-26,1986-09-29,2026-09-02,10059,0.1415504547,-0.7891384071,197.7090464,39.93429158,0.3448288714,0.4674450311,4218,1999-07-16,2003-04-16,2011-02-01,True,2848,4218,2000,-0.5348016473,1995,1.2054844,-0.596477509,-0.2264161004,-0.09684680449,0.05062171075,240,0.0555794047,0.1075650001,0.1016598959,120,0.1049917843,0.1304485895,377,9.440508021
UPRO_ALWAYS,SP500,150,50,LAG2,WAIT_ONE_TRADING_DAY,25,PRICE_INDEX,TOTAL_RETURN,1986-09-26,1986-09-29,2026-09-02,10059,0.1370317119,-0.9820109229,168.7478963,39.93429158,0.5504594435,0.4614668241,6733,2000-03-23,2009-03-09,2018-08-29,True,3460,6733,2008,-0.8597747321,1995,1.22788602,-0.9227273643,-0.3916285461,-0.3093660093,-0.05366050292,240,-0.03187310567,0.06090215039,0.07348140906,120,0.07745327156,0.1244216884,0,0
UPRO_SMA_TO_SP500,SP500,150,50,LAG2,WAIT_ONE_TRADING_DAY,25,PRICE_INDEX,TOTAL_RETURN,1986-09-26,1986-09-29,2026-09-02,10059,0.147675505,-0.8383235117,244.8126655,39.93429158,0.3733614498,0.4737870497,5212,1999-07-16,2009-03-09,2013-10-22,True,1688,5212,2000,-0.5119501073,1995,1.204969791,-0.5387042082,-0.2384935198,-0.1461329965,0.03493071674,240,0.04278685434,0.1016061214,0.1001424291,120,0.104212937,0.1333076659,377,9.440508021
UPRO_SMA_TO_TBILL,SP500,150,50,LAG2,WAIT_ONE_TRADING_DAY,25,PRICE_INDEX,TOTAL_RETURN,1986-09-26,1986-09-29,2026-09-02,10059,0.125471205,-0.8055723827,112.2024715,39.93429158,0.3449320954,0.4262549474,5109,1999-07-16,2003-04-16,2013-07-11,True,3739,5109,2000,-0.5492518977,1995,1.198866296,-0.6107417486,-0.2411547759,-0.1124506993,0.03262267334,240,0.03788524921,0.09144544583,0.08577419817,120,0.08894895517,0.1135899274,377,9.440508021
UPRO_ALWAYS,SP500,150,50,LAG2,WAIT_ONE_TRADING_DAY,50,PRICE_INDEX,TOTAL_RETURN,1986-09-26,1986-09-29,2026-09-02,10059,0.1370317119,-0.9820109229,168.7478963,39.93429158,0.5504594435,0.4614668241,6733,2000-03-23,2009-03-09,2018-08-29,True,3460,6733,2008,-0.8597747321,1995,1.22788602,-0.9227273643,-0.3916285461,-0.3093660093,-0.05366050292,240,-0.03187310567,0.06090215039,0.07348140906,120,0.07745327156,0.1244216884,0,0
UPRO_SMA_TO_SP500,SP500,150,50,LAG2,WAIT_ONE_TRADING_DAY,50,PRICE_INDEX,TOTAL_RETURN,1986-09-26,1986-09-29,2026-09-02,10059,0.1208064563,-0.8788517481,95.05399629,39.93429158,0.3736362349,0.410271725,5543,1999-07-16,2009-03-09,2014-09-18,True,2019,5543,2000,-0.5370032678,1995,1.193931161,-0.5557109218,-0.2625357878,-0.1704121086,0.006122268512,240,0.01375972177,0.07571914574,0.0737778314,120,0.07775079066,0.1058023862,377,9.440508021
UPRO_SMA_TO_TBILL,SP500,150,50,LAG2,WAIT_ONE_TRADING_DAY,50,PRICE_INDEX,TOTAL_RETURN,1986-09-26,1986-09-29,2026-09-02,10059,0.09912199691,-0.8302118099,43.56512066,39.93429158,0.3452356966,0.3575231158,5431,1999-07-16,2003-04-16,2014-05-29,True,4061,5431,2000,-0.5723902382,2013,1.18798752,-0.6334479451,-0.2651451699,-0.1379106845,0.0032488835,240,0.008994558281,0.06450655578,0.05975393096,120,0.06267481982,0.08554752681,377,9.440508021
UPRO_ALWAYS,SP500,150,100,LAG1,IMMEDIATE_NEXT_RETURN,0,PRICE_INDEX,TOTAL_RETURN,1986-09-26,1986-09-29,2026-09-02,10059,0.1255465269,-0.9835796766,112.5027343,39.93429158,0.5504645955,0.4430230357,7211,2000-03-23,2009-03-09,2019-12-20,True,3938,7211,2008,-0.8612115072,1995,1.205537133,-0.9235226266,-0.3977953574,-0.316360203,-0.06322913716,240,-0.04166123509,0.05018556387,0.06263575866,120,0.06656755939,0.1130643613,0,0
UPRO_SMA_TO_SP500,SP500,150,100,LAG1,IMMEDIATE_NEXT_RETURN,0,PRICE_INDEX,TOTAL_RETURN,1986-09-26,1986-09-29,2026-09-02,10059,0.1470808215,-0.8525328157,239.7976478,39.93429158,0.3717096811,0.4729637867,5374,1999-07-16,2009-03-09,2014-04-02,True,1850,5374,2000,-0.5220006887,1995,1.194544737,-0.5957700554,-0.2210947665,-0.1542530199,0.0114587279,240,0.02191468684,0.1029559281,0.1000970058,120,0.1052406167,0.1257654789,377,9.440508021
UPRO_SMA_TO_TBILL,SP500,150,100,LAG1,IMMEDIATE_NEXT_RETURN,0,PRICE_INDEX,TOTAL_RETURN,1986-09-26,1986-09-29,2026-09-02,10059,0.1153490911,-0.8003866089,78.21992905,39.93429158,0.3429306582,0.4005091077,5464,1999-07-16,2003-04-16,2014-07-01,True,4094,5464,2000,-0.5726339495,1995,1.188727232,-0.5696345169,-0.224435191,-0.1346280497,-0.006880028889,240,-0.001646562255,0.08066818231,0.06950715192,120,0.07087319586,0.09245628914,377,9.440508021
UPRO_ALWAYS,SP500,150,100,LAG1,IMMEDIATE_NEXT_RETURN,10,PRICE_INDEX,TOTAL_RETURN,1986-09-26,1986-09-29,2026-09-02,10059,0.1255465269,-0.9835796766,112.5027343,39.93429158,0.5504645955,0.4430230357,7211,2000-03-23,2009-03-09,2019-12-20,True,3938,7211,2008,-0.8612115072,1995,1.205537133,-0.9235226266,-0.3977953574,-0.316360203,-0.06322913716,240,-0.04166123509,0.05018556387,0.06263575866,120,0.06656755939,0.1130643613,0,0
UPRO_SMA_TO_SP500,SP500,150,100,LAG1,IMMEDIATE_NEXT_RETURN,10,PRICE_INDEX,TOTAL_RETURN,1986-09-26,1986-09-29,2026-09-02,10059,0.1362973839,-0.8685603076,164.4500386,39.93429158,0.3716876441,0.4475438481,5515,1999-07-16,2009-03-09,2014-08-21,True,1991,5515,2000,-0.5319389273,1995,1.190157842,-0.6009829953,-0.2306996355,-0.1639242605,0.0001379546878,240,0.01047688509,0.09216710428,0.08885741418,120,0.09398290496,0.1143852729,377,9.440508021
UPRO_SMA_TO_TBILL,SP500,150,100,LAG1,IMMEDIATE_NEXT_RETURN,10,PRICE_INDEX,TOTAL_RETURN,1986-09-26,1986-09-29,2026-09-02,10059,0.104863956,-0.8108849739,53.64218738,39.93429158,0.3429334915,0.3729521043,6671,1999-07-16,2003-04-16,2017-10-20,True,5301,6671,2000,-0.5815194555,1995,1.184351966,-0.5795941287,-0.2343054027,-0.1446119723,-0.01828869693,240,-0.01316471174,0.06956764996,0.05868402121,120,0.05996554229,0.08144035993,377,9.440508021
UPRO_ALWAYS,SP500,150,100,LAG1,IMMEDIATE_NEXT_RETURN,25,PRICE_INDEX,TOTAL_RETURN,1986-09-26,1986-09-29,2026-09-02,10059,0.1255465269,-0.9835796766,112.5027343,39.93429158,0.5504645955,0.4430230357,7211,2000-03-23,2009-03-09,2019-12-20,True,3938,7211,2008,-0.8612115072,1995,1.205537133,-0.9235226266,-0.3977953574,-0.316360203,-0.06322913716,240,-0.04166123509,0.05018556387,0.06263575866,120,0.06656755939,0.1130643613,0,0
UPRO_SMA_TO_SP500,SP500,150,100,LAG1,IMMEDIATE_NEXT_RETURN,25,PRICE_INDEX,TOTAL_RETURN,1986-09-26,1986-09-29,2026-09-02,10059,0.1202921261,-0.8894192861,93.32754933,39.93429158,0.3717006207,0.4093576294,6656,1999-07-16,2009-03-09,2017-10-05,True,3132,6656,2000,-0.5464781011,1995,1.183585729,-0.608686169,-0.2449029208,-0.1782419107,-0.01662686319,240,-0.00646123917,0.07598106937,0.07219228978,120,0.07729025686,0.09757371538,377,9.440508021
UPRO_SMA_TO_TBILL,SP500,150,100,LAG1,IMMEDIATE_NEXT_RETURN,25,PRICE_INDEX,TOTAL_RETURN,1986-09-26,1986-09-29,2026-09-02,10059,0.08930145209,-0.8311994836,30.44264343,39.93429158,0.3429875221,0.3315693727,6769,1999-07-16,2009-07-10,2018-01-26,True,3122,6769,2000,-0.5945185313,1995,1.177797275,-0.5944808902,-0.2488937676,-0.1593906222,-0.03517737444,240,-0.03021439293,0.05356300716,0.04263442092,120,0.04379195154,0.06508156177,377,9.440508021
UPRO_ALWAYS,SP500,150,100,LAG1,IMMEDIATE_NEXT_RETURN,50,PRICE_INDEX,TOTAL_RETURN,1986-09-26,1986-09-29,2026-09-02,10059,0.1255465269,-0.9835796766,112.5027343,39.93429158,0.5504645955,0.4430230357,7211,2000-03-23,2009-03-09,2019-12-20,True,3938,7211,2008,-0.8612115072,1995,1.205537133,-0.9235226266,-0.3977953574,-0.316360203,-0.06322913716,240,-0.04166123509,0.05018556387,0.06263575866,120,0.06656755939,0.1130643613,0,0
UPRO_SMA_TO_SP500,SP500,150,100,LAG1,IMMEDIATE_NEXT_RETURN,50,PRICE_INDEX,TOTAL_RETURN,1986-09-26,1986-09-29,2026-09-02,10059,0.0940641691,-0.9171390947,36.2365097,39.93429158,0.3718449709,0.3456058688,8043,1999-07-16,2009-03-09,2021-07-23,True,4519,8043,2000,-0.5697588294,1995,1.172654153,-0.6212204502,-0.2687432799,-0.2016080282,-0.04400014881,240,-0.03411749624,0.05043518837,0.04492802301,120,0.04997924063,0.07000803784,377,9.440508021
UPRO_SMA_TO_TBILL,SP500,150,100,LAG1,IMMEDIATE_NEXT_RETURN,50,PRICE_INDEX,TOTAL_RETURN,1986-09-26,1986-09-29,2026-09-02,10059,0.06379903986,-0.8738305437,11.82003762,39.93429158,0.343210233,0.2625257402,9910,1999-07-16,2009-07-10,,False,,,2000,-0.6153331908,1995,1.166894678,-0.6209239048,-0.2726394985,-0.1835041022,-0.0627364246,240,-0.05803338529,0.02789781046,0.01637199615,120,0.01733017046,0.03838904989,377,9.440508021
UPRO_ALWAYS,SP500,150,100,LAG2,WAIT_ONE_TRADING_DAY,0,PRICE_INDEX,TOTAL_RETURN,1986-09-26,1986-09-29,2026-09-02,10059,0.1255465269,-0.9835796766,112.5027343,39.93429158,0.5504645955,0.4430230357,7211,2000-03-23,2009-03-09,2019-12-20,True,3938,7211,2008,-0.8612115072,1995,1.205537133,-0.9235226266,-0.3977953574,-0.316360203,-0.06322913716,240,-0.04166123509,0.05018556387,0.06263575866,120,0.06656755939,0.1130643613,0,0
UPRO_SMA_TO_SP500,SP500,150,100,LAG2,WAIT_ONE_TRADING_DAY,0,PRICE_INDEX,TOTAL_RETURN,1986-09-26,1986-09-29,2026-09-02,10059,0.1663228902,-0.810980345,465.9737027,39.93429158,0.3732316045,0.5170348403,5004,1999-07-16,2003-03-11,2013-03-28,True,3670,5004,2000,-0.4889850341,1995,1.193927479,-0.5231939259,-0.21816482,-0.1260739628,0.05716446538,240,0.06520140576,0.1194348631,0.1188847136,120,0.1230246381,0.1530521878,377,9.440508021
UPRO_SMA_TO_TBILL,SP500,150,100,LAG2,WAIT_ONE_TRADING_DAY,0,PRICE_INDEX,TOTAL_RETURN,1986-09-26,1986-09-29,2026-09-02,10059,0.1437578156,-0.780262943,213.5649355,39.93429158,0.3447827086,0.4730706886,4198,1999-07-16,2003-04-16,2011-01-12,True,2828,4198,2000,-0.5280420516,1995,1.18785455,-0.5900401908,-0.220094988,-0.09123385993,0.05550891605,240,0.06019444135,0.1112376538,0.1042717021,120,0.1076841399,0.1333048141,377,9.440508021
UPRO_ALWAYS,SP500,150,100,LAG2,WAIT_ONE_TRADING_DAY,10,PRICE_INDEX,TOTAL_RETURN,1986-09-26,1986-09-29,2026-09-02,10059,0.1255465269,-0.9835796766,112.5027343,39.93429158,0.5504645955,0.4430230357,7211,2000-03-23,2009-03-09,2019-12-20,True,3938,7211,2008,-0.8612115072,1995,1.205537133,-0.9235226266,-0.3977953574,-0.316360203,-0.06322913716,240,-0.04166123509,0.05018556387,0.06263575866,120,0.06656755939,0.1130643613,0,0
UPRO_SMA_TO_SP500,SP500,150,100,LAG2,WAIT_ONE_TRADING_DAY,10,PRICE_INDEX,TOTAL_RETURN,1986-09-26,1986-09-29,2026-09-02,10059,0.1553585624,-0.8200234638,319.5585701,39.93429158,0.373262187,0.4917010367,5054,1999-07-16,2003-03-11,2013-05-17,True,3720,5054,2000,-0.4996097119,1995,1.189541818,-0.5302817237,-0.2278058189,-0.1360674351,0.04533212973,240,0.05327911649,0.1089313892,0.1081160663,120,0.1122161463,0.1418052849,377,9.440508021
UPRO_SMA_TO_TBILL,SP500,150,100,LAG2,WAIT_ONE_TRADING_DAY,10,PRICE_INDEX,TOTAL_RETURN,1986-09-26,1986-09-29,2026-09-02,10059,0.1330056167,-0.7918196819,146.4599934,39.93429158,0.3448183205,0.4456466566,4233,1999-07-16,2003-04-16,2011-02-16,True,2863,4233,2000,-0.5378546822,1995,1.183481028,-0.5997472088,-0.2300204353,-0.1017184277,0.04343408849,240,0.04832819263,0.09987460997,0.09364369697,120,0.09695012629,0.1220942994,377,9.440508021
UPRO_ALWAYS,SP500,150,100,LAG2,WAIT_ONE_TRADING_DAY,25,PRICE_INDEX,TOTAL_RETURN,1986-09-26,1986-09-29,2026-09-02,10059,0.1255465269,-0.9835796766,112.5027343,39.93429158,0.5504645955,0.4430230357,7211,2000-03-23,2009-03-09,2019-12-20,True,3938,7211,2008,-0.8612115072,1995,1.205537133,-0.9235226266,-0.3977953574,-0.316360203,-0.06322913716,240,-0.04166123509,0.05018556387,0.06263575866,120,0.06656755939,0.1130643613,0,0
UPRO_SMA_TO_SP500,SP500,150,100,LAG2,WAIT_ONE_TRADING_DAY,25,PRICE_INDEX,TOTAL_RETURN,1986-09-26,1986-09-29,2026-09-02,10059,0.1390848193,-0.8465100039,181.3536711,39.93429158,0.3733537071,0.4536526018,5248,1999-07-16,2009-03-09,2013-11-27,True,1724,5248,2000,-0.5151531138,1995,1.182971554,-0.5407292791,-0.2420625316,-0.1508621285,0.02780974424,240,0.0356235196,0.09373101881,0.09213727203,120,0.0961782297,0.1249972554,377,9.440508021
UPRO_SMA_TO_TBILL,SP500,150,100,LAG2,WAIT_ONE_TRADING_DAY,25,PRICE_INDEX,TOTAL_RETURN,1986-09-26,1986-09-29,2026-09-02,10059,0.1170467249,-0.8080446862,83.11796317,39.93429158,0.3449211298,0.4044632453,5178,1999-07-16,2003-04-16,2013-09-18,True,3808,5178,2000,-0.5522100975,1995,1.176928951,-0.6138958669,-0.2446904394,-0.1172381548,0.02555818796,240,0.03075558562,0.08373404978,0.0778735911,120,0.08102405001,0.1053602228,377,9.440508021
UPRO_ALWAYS,SP500,150,100,LAG2,WAIT_ONE_TRADING_DAY,50,PRICE_INDEX,TOTAL_RETURN,1986-09-26,1986-09-29,2026-09-02,10059,0.1255465269,-0.9835796766,112.5027343,39.93429158,0.5504645955,0.4430230357,7211,2000-03-23,2009-03-09,2019-12-20,True,3938,7211,2008,-0.8612115072,1995,1.205537133,-0.9235226266,-0.3977953574,-0.316360203,-0.06322913716,240,-0.04166123509,0.05018556387,0.06263575866,120,0.06656755939,0.1130643613,0,0
UPRO_SMA_TO_SP500,SP500,150,100,LAG2,WAIT_ONE_TRADING_DAY,50,PRICE_INDEX,TOTAL_RETURN,1986-09-26,1986-09-29,2026-09-02,10059,0.1124168932,-0.8849860922,70.41462149,39.93429158,0.3736278496,0.3901528344,6656,1999-07-16,2009-03-09,2017-10-05,True,3132,6656,2000,-0.5400418538,1995,1.172043052,-0.5576613339,-0.2659718314,-0.175006771,-0.0008004837908,240,0.006795786428,0.06811916424,0.06596451557,120,0.06990863286,0.0975387021,377,9.440508021
UPRO_SMA_TO_TBILL,SP500,150,100,LAG2,WAIT_ONE_TRADING_DAY,50,PRICE_INDEX,TOTAL_RETURN,1986-09-26,1986-09-29,2026-09-02,10059,0.09089474836,-0.8323708033,32.27240938,39.93429158,0.3452240394,0.3357506039,5466,1999-07-16,2003-04-16,2014-07-03,True,4096,5466,2000,-0.5751965841,1995,1.1660307,-0.6364180774,-0.2685690557,-0.1425608085,-0.003614646853,240,0.002063356816,0.05713625128,0.05204265967,120,0.05494112659,0.07756565531,377,9.440508021
UPRO_ALWAYS,SP500,200,0,LAG1,IMMEDIATE_NEXT_RETURN,0,PRICE_INDEX,TOTAL_RETURN,1986-09-26,1986-09-29,2026-09-02,10059,0.1486334489,-0.980292395,253.1068697,39.93429158,0.5504545628,0.479910777,6495,2000-03-23,2009-03-09,2018-01-03,True,3222,6495,2008,-0.8583231649,1995,1.250460134,-0.9219238785,-0.385398933,-0.302300655,-0.04399466883,240,-0.02198555498,0.07172749291,0.08443714589,120,0.08844947628,0.1358942642,0,0
UPRO_SMA_TO_SP500,SP500,200,0,LAG1,IMMEDIATE_NEXT_RETURN,0,PRICE_INDEX,TOTAL_RETURN,1986-09-26,1986-09-29,2026-09-02,10059,0.1911435532,-0.7470811949,1080.370461,39.93429158,0.3756215281,0.5723215465,5018,1999-07-16,2002-10-09,2013-04-11,True,3837,5018,2000,-0.4832206635,1995,1.250460134,-0.537402647,-0.1744592455,-0.1139482999,0.05313411597,240,0.06399701603,0.1458872057,0.1458318689,120,0.1500713548,0.1733534039,261,6.535736323
UPRO_SMA_TO_TBILL,SP500,200,0,LAG1,IMMEDIATE_NEXT_RETURN,0,PRICE_INDEX,TOTAL_RETURN,1986-09-26,1986-09-29,2026-09-02,10059,0.1721738143,-0.6833121131,569.0458413,39.93429158,0.3476909288,0.5427468487,5004,1999-07-16,2003-04-21,2013-03-28,True,3629,5004,2000,-0.5208711327,1995,1.250460134,-0.5196560491,-0.1582016989,-0.08567557133,0.05495748518,240,0.0608528885,0.1374876704,0.1337407667,120,0.1351819574,0.1548868326,261,6.535736323
UPRO_ALWAYS,SP500,200,0,LAG1,IMMEDIATE_NEXT_RETURN,10,PRICE_INDEX,TOTAL_RETURN,1986-09-26,1986-09-29,2026-09-02,10059,0.1486334489,-0.980292395,253.1068697,39.93429158,0.5504545628,0.479910777,6495,2000-03-23,2009-03-09,2018-01-03,True,3222,6495,2008,-0.8583231649,1995,1.250460134,-0.9219238785,-0.385398933,-0.302300655,-0.04399466883,240,-0.02198555498,0.07172749291,0.08443714589,120,0.08844947628,0.1358942642,0,0
UPRO_SMA_TO_SP500,SP500,200,0,LAG1,IMMEDIATE_NEXT_RETURN,10,PRICE_INDEX,TOTAL_RETURN,1986-09-26,1986-09-29,2026-09-02,10059,0.1833800683,-0.7631534427,832.0800864,39.93429158,0.375627489,0.5548973013,5052,1999-07-16,2009-03-09,2013-05-15,True,1528,5052,2000,-0.4939651901,1995,1.250460134,-0.5442979286,-0.1820241865,-0.1221533487,0.04520894534,240,0.0559900986,0.1377750624,0.1381390331,120,0.1423500561,0.1653405205,261,6.535736323
UPRO_SMA_TO_TBILL,SP500,200,0,LAG1,IMMEDIATE_NEXT_RETURN,10,PRICE_INDEX,TOTAL_RETURN,1986-09-26,1986-09-29,2026-09-02,10059,0.164533968,-0.6951262695,438.2679181,39.93429158,0.3477072268,0.5239176277,5045,1999-07-16,2003-04-21,2013-05-08,True,3670,5045,2000,-0.5308328562,1995,1.250460134,-0.5282117277,-0.1659156179,-0.09432129593,0.04686147353,240,0.0526074398,0.1289841883,0.1260915535,120,0.1274478208,0.1467510749,261,6.535736323
UPRO_ALWAYS,SP500,200,0,LAG1,IMMEDIATE_NEXT_RETURN,25,PRICE_INDEX,TOTAL_RETURN,1986-09-26,1986-09-29,2026-09-02,10059,0.1486334489,-0.980292395,253.1068697,39.93429158,0.5504545628,0.479910777,6495,2000-03-23,2009-03-09,2018-01-03,True,3222,6495,2008,-0.8583231649,1995,1.250460134,-0.9219238785,-0.385398933,-0.302300655,-0.04399466883,240,-0.02198555498,0.07172749291,0.08443714589,120,0.08844947628,0.1358942642,0,0
UPRO_SMA_TO_SP500,SP500,200,0,LAG1,IMMEDIATE_NEXT_RETURN,25,PRICE_INDEX,TOTAL_RETURN,1986-09-26,1986-09-29,2026-09-02,10059,0.1718152189,-0.792801259,562.1351459,39.93429158,0.3756682743,0.5287171706,5215,1999-07-16,2009-03-09,2013-10-25,True,1691,5215,2000,-0.5096839253,1995,1.250460134,-0.5544611905,-0.1932557684,-0.1343338065,0.03341820931,240,0.04407774313,0.1256179412,0.1266822535,120,0.1308508874,0.1534088472,261,6.535736323
UPRO_SMA_TO_TBILL,SP500,200,0,LAG1,IMMEDIATE_NEXT_RETURN,25,PRICE_INDEX,TOTAL_RETURN,1986-09-26,1986-09-29,2026-09-02,10059,0.1531532963,-0.7120468605,296.0842401,39.93429158,0.3477660312,0.4956281593,5207,1999-07-16,2003-04-21,2013-10-17,True,3832,5207,2000,-0.5454063874,1995,1.250460134,-0.5424270992,-0.1773683857,-0.1071527729,0.03481882701,240,0.0403440264,0.1164386082,0.1145688241,120,0.1159309735,0.1345807271,261,6.535736323
UPRO_ALWAYS,SP500,200,0,LAG1,IMMEDIATE_NEXT_RETURN,50,PRICE_INDEX,TOTAL_RETURN,1986-09-26,1986-09-29,2026-09-02,10059,0.1486334489,-0.980292395,253.1068697,39.93429158,0.5504545628,0.479910777,6495,2000-03-23,2009-03-09,2018-01-03,True,3222,6495,2008,-0.8583231649,1995,1.250460134,-0.9219238785,-0.385398933,-0.302300655,-0.04399466883,240,-0.02198555498,0.07172749291,0.08443714589,120,0.08844947628,0.1358942642,0,0
UPRO_SMA_TO_SP500,SP500,200,0,LAG1,IMMEDIATE_NEXT_RETURN,50,PRICE_INDEX,TOTAL_RETURN,1986-09-26,1986-09-29,2026-09-02,10059,0.1527531943,-0.8342731748,292.0093625,39.93429158,0.3758211291,0.4849867459,5438,1999-07-16,2009-03-09,2014-06-05,True,1914,5438,2000,-0.5348534162,1995,1.250460134,-0.5709311473,-0.2116698824,-0.1542996989,0.0140233169,240,0.02448279568,0.1059549802,0.1078058212,120,0.1119046138,0.1332817018,261,6.535736323
UPRO_SMA_TO_TBILL,SP500,200,0,LAG1,IMMEDIATE_NEXT_RETURN,50,PRICE_INDEX,TOTAL_RETURN,1986-09-26,1986-09-29,2026-09-02,10059,0.1343948469,-0.7565385059,153.8053097,39.93429158,0.3479555977,0.4483823473,5429,1999-07-16,2009-07-13,2014-05-27,True,1779,5429,2000,-0.5687421302,1995,1.250460134,-0.5657448022,-0.1961451327,-0.1281774862,0.01501551254,240,0.0201816724,0.0960423269,0.09534375361,120,0.09695937387,0.1150588782,261,6.535736323
UPRO_ALWAYS,SP500,200,0,LAG2,WAIT_ONE_TRADING_DAY,0,PRICE_INDEX,TOTAL_RETURN,1986-09-26,1986-09-29,2026-09-02,10059,0.1486334489,-0.980292395,253.1068697,39.93429158,0.5504545628,0.479910777,6495,2000-03-23,2009-03-09,2018-01-03,True,3222,6495,2008,-0.8583231649,1995,1.250460134,-0.9219238785,-0.385398933,-0.302300655,-0.04399466883,240,-0.02198555498,0.07172749291,0.08443714589,120,0.08844947628,0.1358942642,0,0
UPRO_SMA_TO_SP500,SP500,200,0,LAG2,WAIT_ONE_TRADING_DAY,0,PRICE_INDEX,TOTAL_RETURN,1986-09-26,1986-09-29,2026-09-02,10059,0.1999392974,-0.7297811882,1449.337831,39.93429158,0.377026183,0.5911264817,2840,1999-07-16,2002-10-09,2007-04-25,True,1659,2840,2000,-0.4581443206,1995,1.250460134,-0.5405214896,-0.1405860852,-0.09284281809,0.09127407424,240,0.09621133418,0.1647220222,0.1545346124,120,0.1588062978,0.1917474925,261,6.535736323
UPRO_SMA_TO_TBILL,SP500,200,0,LAG2,WAIT_ONE_TRADING_DAY,0,PRICE_INDEX,TOTAL_RETURN,1986-09-26,1986-09-29,2026-09-02,10059,0.1854284124,-0.6061021142,891.5774114,39.93429158,0.3493919266,0.5740168486,2485,1999-07-16,2002-04-03,2006-05-05,True,1493,2485,2000,-0.4866782392,1995,1.250460134,-0.5405110564,-0.1023678367,-0.05282786556,0.09132231271,240,0.09674360023,0.1631545875,0.1497066548,120,0.1535224446,0.1815526001,261,6.535736323
UPRO_ALWAYS,SP500,200,0,LAG2,WAIT_ONE_TRADING_DAY,10,PRICE_INDEX,TOTAL_RETURN,1986-09-26,1986-09-29,2026-09-02,10059,0.1486334489,-0.980292395,253.1068697,39.93429158,0.5504545628,0.479910777,6495,2000-03-23,2009-03-09,2018-01-03,True,3222,6495,2008,-0.8583231649,1995,1.250460134,-0.9219238785,-0.385398933,-0.302300655,-0.04399466883,240,-0.02198555498,0.07172749291,0.08443714589,120,0.08844947628,0.1358942642,0,0
UPRO_SMA_TO_SP500,SP500,200,0,LAG2,WAIT_ONE_TRADING_DAY,10,PRICE_INDEX,TOTAL_RETURN,1986-09-26,1986-09-29,2026-09-02,10059,0.1921184847,-0.7385571968,1116.2515,39.93429158,0.3769961387,0.5737878001,2877,1999-07-16,2002-10-09,2007-06-01,True,1696,2877,2000,-0.4694102176,1995,1.250460134,-0.5437216579,-0.1479500247,-0.1012433086,0.08306188824,240,0.08796199372,0.1564504431,0.1467833485,120,0.1510263548,0.1833948272,261,6.535736323
UPRO_SMA_TO_TBILL,SP500,200,0,LAG2,WAIT_ONE_TRADING_DAY,10,PRICE_INDEX,TOTAL_RETURN,1986-09-26,1986-09-29,2026-09-02,10059,0.1777021769,-0.6188761844,686.6753916,39.93429158,0.3493518025,0.5553093833,2758,1999-07-16,2002-04-04,2007-02-02,True,1765,2758,2000,-0.4973508782,1995,1.250460134,-0.5486952746,-0.1100592515,-0.061598904,0.08284004128,240,0.08821919201,0.15492191,0.1419878046,120,0.1457015587,0.1736786545,261,6.535736323
UPRO_ALWAYS,SP500,200,0,LAG2,WAIT_ONE_TRADING_DAY,25,PRICE_INDEX,TOTAL_RETURN,1986-09-26,1986-09-29,2026-09-02,10059,0.1486334489,-0.980292395,253.1068697,39.93429158,0.5504545628,0.479910777,6495,2000-03-23,2009-03-09,2018-01-03,True,3222,6495,2008,-0.8583231649,1995,1.250460134,-0.9219238785,-0.385398933,-0.302300655,-0.04399466883,240,-0.02198555498,0.07172749291,0.08443714589,120,0.08844947628,0.1358942642,0,0
UPRO_SMA_TO_SP500,SP500,200,0,LAG2,WAIT_ONE_TRADING_DAY,25,PRICE_INDEX,TOTAL_RETURN,1986-09-26,1986-09-29,2026-09-02,10059,0.1804682372,-0.7512051285,754.1151506,39.93429158,0.3769829301,0.5477283173,4981,1999-07-16,2002-10-09,2013-03-05,True,3800,4981,2000,-0.485891693,1995,1.250460134,-0.548486096,-0.1588913901,-0.1137139012,0.0708441428,240,0.07568897143,0.1439610692,0.1352395532,120,0.1394398484,0.1713362986,261,6.535736323
UPRO_SMA_TO_TBILL,SP500,200,0,LAG2,WAIT_ONE_TRADING_DAY,25,PRICE_INDEX,TOTAL_RETURN,1986-09-26,1986-09-29,2026-09-02,10059,0.166192816,-0.6373139763,463.9029075,39.93429158,0.3493260246,0.5271882087,2863,1999-07-16,2002-04-04,2007-05-18,True,1870,2863,2000,-0.5129644453,1995,1.250460134,-0.5607139197,-0.1216379845,-0.07461957791,0.07022440266,240,0.07554088353,0.1424661485,0.1304922824,120,0.1340550481,0.1617957786,261,6.535736323
UPRO_ALWAYS,SP500,200,0,LAG2,WAIT_ONE_TRADING_DAY,50,PRICE_INDEX,TOTAL_RETURN,1986-09-26,1986-09-29,2026-09-02,10059,0.1486334489,-0.980292395,253.1068697,39.93429158,0.5504545628,0.479910777,6495,2000-03-23,2009-03-09,2018-01-03,True,3222,6495,2008,-0.8583231649,1995,1.250460134,-0.9219238785,-0.385398933,-0.302300655,-0.04399466883,240,-0.02198555498,0.07172749291,0.08443714589,120,0.08844947628,0.1358942642,0,0
UPRO_SMA_TO_SP500,SP500,200,0,LAG2,WAIT_ONE_TRADING_DAY,50,PRICE_INDEX,TOTAL_RETURN,1986-09-26,1986-09-29,2026-09-02,10059,0.1612654531,-0.7811484404,391.7361972,39.93429158,0.3770458725,0.5041781929,5130,1999-07-16,2009-03-09,2013-08-01,True,1606,5130,2000,-0.5122825153,1995,1.250460134,-0.5563321123,-0.1768512703,-0.1341553752,0.05046347613,240,0.05550075365,0.1232678536,0.1162197519,120,0.1203496754,0.1514717956,261,6.535736323
UPRO_SMA_TO_TBILL,SP500,200,0,LAG2,WAIT_ONE_TRADING_DAY,50,PRICE_INDEX,TOTAL_RETURN,1986-09-26,1986-09-29,2026-09-02,10059,0.1472222515,-0.6666665633,240.9811827,39.93429158,0.3493748302,0.4801842376,5002,1999-07-16,2003-04-16,2013-03-26,True,3632,5002,2000,-0.5379655366,1995,1.250460134,-0.5800758852,-0.1412558507,-0.09596273087,0.04948295299,240,0.05469639797,0.1215242007,0.1115520169,120,0.114868574,0.1418568355,261,6.535736323
UPRO_ALWAYS,SP500,200,50,LAG1,IMMEDIATE_NEXT_RETURN,0,PRICE_INDEX,TOTAL_RETURN,1986-09-26,1986-09-29,2026-09-02,10059,0.1370317119,-0.9820109229,168.7478963,39.93429158,0.5504594435,0.4614668241,6733,2000-03-23,2009-03-09,2018-08-29,True,3460,6733,2008,-0.8597747321,1995,1.22788602,-0.9227273643,-0.3916285461,-0.3093660093,-0.05366050292,240,-0.03187310567,0.06090215039,0.07348140906,120,0.07745327156,0.1244216884,0,0
UPRO_SMA_TO_SP500,SP500,200,50,LAG1,IMMEDIATE_NEXT_RETURN,0,PRICE_INDEX,TOTAL_RETURN,1986-09-26,1986-09-29,2026-09-02,10059,0.1820486561,-0.7545798271,795.5022068,39.93429158,0.3756149946,0.5519029794,5051,1999-07-16,2009-03-09,2013-05-14,True,1527,5051,2000,-0.4867144888,1995,1.22788602,-0.5396321429,-0.1781849935,-0.1187757356,0.04573085479,240,0.05652924637,0.137690185,0.1373314859,120,0.1415395925,0.1644883309,261,6.535736323
UPRO_SMA_TO_TBILL,SP500,200,50,LAG1,IMMEDIATE_NEXT_RETURN,0,PRICE_INDEX,TOTAL_RETURN,1986-09-26,1986-09-29,2026-09-02,10059,0.1632237593,-0.687015607,419.0018506,39.93429158,0.3476815694,0.5206910732,5043,1999-07-16,2003-04-21,2013-05-06,True,3668,5043,2000,-0.5241104119,1995,1.22788602,-0.5238512094,-0.1620008188,-0.09065059011,0.04756121916,240,0.05342085221,0.1291063805,0.1252032867,120,0.1266370469,0.1461558482,261,6.535736323
UPRO_ALWAYS,SP500,200,50,LAG1,IMMEDIATE_NEXT_RETURN,10,PRICE_INDEX,TOTAL_RETURN,1986-09-26,1986-09-29,2026-09-02,10059,0.1370317119,-0.9820109229,168.7478963,39.93429158,0.5504594435,0.4614668241,6733,2000-03-23,2009-03-09,2018-08-29,True,3460,6733,2008,-0.8597747321,1995,1.22788602,-0.9227273643,-0.3916285461,-0.3093660093,-0.05366050292,240,-0.03187310567,0.06090215039,0.07348140906,120,0.07745327156,0.1244216884,0,0
UPRO_SMA_TO_SP500,SP500,200,50,LAG1,IMMEDIATE_NEXT_RETURN,10,PRICE_INDEX,TOTAL_RETURN,1986-09-26,1986-09-29,2026-09-02,10059,0.1743444488,-0.7754884388,612.6801581,39.93429158,0.3756207632,0.53447942,5130,1999-07-16,2009-03-09,2013-08-01,True,1606,5130,2000,-0.4973863742,1995,1.22788602,-0.5464941926,-0.1857157931,-0.1269360811,0.03786139606,240,0.04857852629,0.1295680102,0.1296957195,120,0.133875574,0.1565359833,261,6.535736323
UPRO_SMA_TO_TBILL,SP500,200,50,LAG1,IMMEDIATE_NEXT_RETURN,10,PRICE_INDEX,TOTAL_RETURN,1986-09-26,1986-09-29,2026-09-02,10059,0.1556422466,-0.6986916032,322.7069867,39.93429158,0.3476976603,0.5018631101,5113,1999-07-16,2003-04-21,2013-07-15,True,3738,5113,2000,-0.5340047866,1995,1.22788602,-0.5323321656,-0.1696799241,-0.09924927163,0.03952196833,240,0.0452331688,0.1206655542,0.1176116748,120,0.1189611279,0.1381906724,261,6.535736323
UPRO_ALWAYS,SP500,200,50,LAG1,IMMEDIATE_NEXT_RETURN,25,PRICE_INDEX,TOTAL_RETURN,1986-09-26,1986-09-29,2026-09-02,10059,0.1370317119,-0.9820109229,168.7478963,39.93429158,0.5504594435,0.4614668241,6733,2000-03-23,2009-03-09,2018-08-29,True,3460,6733,2008,-0.8597747321,1995,1.22788602,-0.9227273643,-0.3916285461,-0.3093660093,-0.05366050292,240,-0.03187310567,0.06090215039,0.07348140906,120,0.07745327156,0.1244216884,0,0
UPRO_SMA_TO_SP500,SP500,200,50,LAG1,IMMEDIATE_NEXT_RETURN,25,PRICE_INDEX,TOTAL_RETURN,1986-09-26,1986-09-29,2026-09-02,10059,0.162867902,-0.8035921934,413.9133428,39.93429158,0.3756612594,0.5083020152,5248,1999-07-16,2009-03-09,2013-11-27,True,1724,5248,2000,-0.5129988387,1995,1.22788602,-0.5566084725,-0.1968966858,-0.1390501767,0.02615354587,240,0.03674977888,0.1175757595,0.1183239324,120,0.1224617114,0.1446944516,261,6.535736323
UPRO_SMA_TO_TBILL,SP500,200,50,LAG1,IMMEDIATE_NEXT_RETURN,25,PRICE_INDEX,TOTAL_RETURN,1986-09-26,1986-09-29,2026-09-02,10059,0.1443484713,-0.715414317,218.013797,39.93429158,0.3477561538,0.4735776646,5234,1999-07-16,2003-04-21,2013-11-13,True,3859,5234,2000,-0.5484797895,1995,1.22788602,-0.5454976037,-0.1810810044,-0.11201093,0.02756375234,240,0.03305566942,0.1081468495,0.1061731915,120,0.1075309718,0.1260693282,261,6.535736323
UPRO_ALWAYS,SP500,200,50,LAG1,IMMEDIATE_NEXT_RETURN,50,PRICE_INDEX,TOTAL_RETURN,1986-09-26,1986-09-29,2026-09-02,10059,0.1370317119,-0.9820109229,168.7478963,39.93429158,0.5504594435,0.4614668241,6733,2000-03-23,2009-03-09,2018-08-29,True,3460,6733,2008,-0.8597747321,1995,1.22788602,-0.9227273643,-0.3916285461,-0.3093660093,-0.05366050292,240,-0.03187310567,0.06090215039,0.07348140906,120,0.07745327156,0.1244216884,0,0
UPRO_SMA_TO_SP500,SP500,200,50,LAG1,IMMEDIATE_NEXT_RETURN,50,PRICE_INDEX,TOTAL_RETURN,1986-09-26,1986-09-29,2026-09-02,10059,0.1439514242,-0.8429042471,215.0133687,39.93429158,0.375813631,0.4645806529,5515,1999-07-16,2009-03-09,2014-08-21,True,1991,5515,2000,-0.5379981645,1995,1.22788602,-0.5729990521,-0.215227695,-0.1589072899,0.006894994542,240,0.01729236054,0.09768055216,0.09958753538,120,0.1036559901,0.1247747196,261,6.535736323
UPRO_SMA_TO_TBILL,SP500,200,50,LAG1,IMMEDIATE_NEXT_RETURN,50,PRICE_INDEX,TOTAL_RETURN,1986-09-26,1986-09-29,2026-09-02,10059,0.1257332507,-0.7694458279,113.2504707,39.93429158,0.3479452015,0.4263442409,5453,1999-07-16,2009-07-13,2014-06-20,True,1803,5453,2000,-0.5716577647,1995,1.22788602,-0.5686588352,-0.19977301,-0.1329212437,0.00789927814,240,0.01303456719,0.08807814432,0.08709293632,120,0.0887021781,0.1066939287,261,6.535736323
UPRO_ALWAYS,SP500,200,50,LAG2,WAIT_ONE_TRADING_DAY,0,PRICE_INDEX,TOTAL_RETURN,1986-09-26,1986-09-29,2026-09-02,10059,0.1370317119,-0.9820109229,168.7478963,39.93429158,0.5504594435,0.4614668241,6733,2000-03-23,2009-03-09,2018-08-29,True,3460,6733,2008,-0.8597747321,1995,1.22788602,-0.9227273643,-0.3916285461,-0.3093660093,-0.05366050292,240,-0.03187310567,0.06090215039,0.07348140906,120,0.07745327156,0.1244216884,0,0
UPRO_SMA_TO_SP500,SP500,200,50,LAG2,WAIT_ONE_TRADING_DAY,0,PRICE_INDEX,TOTAL_RETURN,1986-09-26,1986-09-29,2026-09-02,10059,0.1907646498,-0.7329279136,1066.731032,39.93429158,0.377018683,0.5707563519,2863,1999-07-16,2002-10-09,2007-05-18,True,1682,2863,2000,-0.4619522097,1995,1.22788602,-0.541049496,-0.1445556152,-0.09780544068,0.08358870511,240,0.08848370485,0.1563549575,0.1459609602,120,0.1502009958,0.1828338407,261,6.535736323
UPRO_SMA_TO_TBILL,SP500,200,50,LAG2,WAIT_ONE_TRADING_DAY,0,PRICE_INDEX,TOTAL_RETURN,1986-09-26,1986-09-29,2026-09-02,10059,0.176364714,-0.6106890949,656.2122865,39.93429158,0.3493818854,0.5520387117,2749,1999-07-16,2002-04-03,2007-01-24,True,1757,2749,2000,-0.4902856062,1995,1.22788602,-0.5445849508,-0.1065138922,-0.0580093908,0.08365894873,240,0.08904249142,0.1548000142,0.1411688553,120,0.1449582338,0.1726271897,261,6.535736323
UPRO_ALWAYS,SP500,200,50,LAG2,WAIT_ONE_TRADING_DAY,10,PRICE_INDEX,TOTAL_RETURN,1986-09-26,1986-09-29,2026-09-02,10059,0.1370317119,-0.9820109229,168.7478963,39.93429158,0.5504594435,0.4614668241,6733,2000-03-23,2009-03-09,2018-08-29,True,3460,6733,2008,-0.8597747321,1995,1.22788602,-0.9227273643,-0.3916285461,-0.3093660093,-0.05366050292,240,-0.03187310567,0.06090215039,0.07348140906,120,0.07745327156,0.1244216884,0,0
UPRO_SMA_TO_SP500,SP500,200,50,LAG2,WAIT_ONE_TRADING_DAY,10,PRICE_INDEX,TOTAL_RETURN,1986-09-26,1986-09-29,2026-09-02,10059,0.1830036345,-0.7416017247,821.5752662,39.93429158,0.376988446,0.5534163678,4939,1999-07-16,2002-10-09,2013-01-22,True,3758,4939,2000,-0.4731389357,1995,1.22788602,-0.5442459869,-0.1518855415,-0.1061599761,0.07543435396,240,0.08029251726,0.1481435415,0.1382672577,120,0.1424788267,0.1745012692,261,6.535736323
UPRO_SMA_TO_TBILL,SP500,200,50,LAG2,WAIT_ONE_TRADING_DAY,10,PRICE_INDEX,TOTAL_RETURN,1986-09-26,1986-09-29,2026-09-02,10059,0.1686975527,-0.6233144098,505.4018003,39.93429158,0.3493415526,0.5333289253,2835,1999-07-16,2002-04-04,2007-04-20,True,1842,2835,2000,-0.5008832433,1995,1.22788602,-0.5526966066,-0.1141697813,-0.06673244709,0.07523624058,240,0.08057793984,0.1466264633,0.1335073258,120,0.1371954133,0.1648127218,261,6.535736323
UPRO_ALWAYS,SP500,200,50,LAG2,WAIT_ONE_TRADING_DAY,25,PRICE_INDEX,TOTAL_RETURN,1986-09-26,1986-09-29,2026-09-02,10059,0.1370317119,-0.9820109229,168.7478963,39.93429158,0.5504594435,0.4614668241,6733,2000-03-23,2009-03-09,2018-08-29,True,3460,6733,2008,-0.8597747321,1995,1.22788602,-0.9227273643,-0.3916285461,-0.3093660093,-0.05366050292,240,-0.03187310567,0.06090215039,0.07348140906,120,0.07745327156,0.1244216884,0,0
UPRO_SMA_TO_SP500,SP500,200,50,LAG2,WAIT_ONE_TRADING_DAY,25,PRICE_INDEX,TOTAL_RETURN,1986-09-26,1986-09-29,2026-09-02,10059,0.1714424639,-0.75410237,555.0383186,39.93429158,0.3769749479,0.5273566194,5017,1999-07-16,2002-10-09,2013-04-10,True,3836,5017,2000,-0.4895045875,1995,1.22788602,-0.54900495,-0.1627763701,-0.1185623481,0.0633026528,240,0.06810601239,0.1358319929,0.1268091874,120,0.1309783617,0.162505766,261,6.535736323
UPRO_SMA_TO_TBILL,SP500,200,50,LAG2,WAIT_ONE_TRADING_DAY,25,PRICE_INDEX,TOTAL_RETURN,1986-09-26,1986-09-29,2026-09-02,10059,0.1572761915,-0.6415374917,341.4384257,39.93429158,0.3493154612,0.5052063906,2919,1999-07-16,2002-04-04,2007-07-13,True,1926,2919,2000,-0.5163870861,1995,1.22788602,-0.5646086927,-0.1256171952,-0.07968189112,0.06270919011,240,0.06798865585,0.1340055863,0.1220971701,120,0.125635371,0.1530856088,261,6.535736323
UPRO_ALWAYS,SP500,200,50,LAG2,WAIT_ONE_TRADING_DAY,50,PRICE_INDEX,TOTAL_RETURN,1986-09-26,1986-09-29,2026-09-02,10059,0.1370317119,-0.9820109229,168.7478963,39.93429158,0.5504594435,0.4614668241,6733,2000-03-23,2009-03-09,2018-08-29,True,3460,6733,2008,-0.8597747321,1995,1.22788602,-0.9227273643,-0.3916285461,-0.3093660093,-0.05366050292,240,-0.03187310567,0.06090215039,0.07348140906,120,0.07745327156,0.1244216884,0,0
UPRO_SMA_TO_SP500,SP500,200,50,LAG2,WAIT_ONE_TRADING_DAY,50,PRICE_INDEX,TOTAL_RETURN,1986-09-26,1986-09-29,2026-09-02,10059,0.1523865029,-0.7925923404,288.3228113,39.93429158,0.3770374063,0.4838105531,5212,1999-07-16,2009-03-09,2013-10-22,True,1688,5212,2000,-0.5157099484,1995,1.22788602,-0.55684195,-0.1806532958,-0.1388919965,0.0430870266,240,0.04806010938,0.1152858187,0.1079306285,120,0.1120299525,0.1427910149,261,6.535736323
UPRO_SMA_TO_TBILL,SP500,200,50,LAG2,WAIT_ONE_TRADING_DAY,50,PRICE_INDEX,TOTAL_RETURN,1986-09-26,1986-09-29,2026-09-02,10059,0.1384506746,-0.6705665952,177.3652079,39.93429158,0.3493637437,0.4582058121,5040,1999-07-16,2003-04-16,2013-05-03,True,3670,5040,2000,-0.5412124823,1995,1.22788602,-0.5837989923,-0.1451461874,-0.1009082859,0.04211338878,240,0.047290536,0.1133670765,0.1032975563,120,0.106591345,0.1333216926,261,6.535736323
UPRO_ALWAYS,SP500,200,100,LAG1,IMMEDIATE_NEXT_RETURN,0,PRICE_INDEX,TOTAL_RETURN,1986-09-26,1986-09-29,2026-09-02,10059,0.1255465269,-0.9835796766,112.5027343,39.93429158,0.5504645955,0.4430230357,7211,2000-03-23,2009-03-09,2019-12-20,True,3938,7211,2008,-0.8612115072,1995,1.205537133,-0.9235226266,-0.3977953574,-0.316360203,-0.06322913716,240,-0.04166123509,0.05018556387,0.06263575866,120,0.06656755939,0.1130643613,0,0
UPRO_SMA_TO_SP500,SP500,200,100,LAG1,IMMEDIATE_NEXT_RETURN,0,PRICE_INDEX,TOTAL_RETURN,1986-09-26,1986-09-29,2026-09-02,10059,0.1730227092,-0.7673620249,585.7371676,39.93429158,0.3756089601,0.5314831046,5116,1999-07-16,2009-03-09,2013-07-18,True,1592,5116,2000,-0.490184879,1995,1.205537133,-0.5418510117,-0.1818941314,-0.1235771347,0.03837923355,240,0.04911348333,0.1295513629,0.1288937018,120,0.13307066,0.1556897569,261,6.535736323
UPRO_SMA_TO_TBILL,SP500,200,100,LAG1,IMMEDIATE_NEXT_RETURN,0,PRICE_INDEX,TOTAL_RETURN,1986-09-26,1986-09-29,2026-09-02,10059,0.1543415565,-0.6906759923,308.5157465,39.93429158,0.3476727488,0.4986334741,5054,1999-07-16,2003-04-21,2013-05-17,True,3679,5054,2000,-0.5273279634,1995,1.205537133,-0.5280099538,-0.1657830016,-0.09559881118,0.04021640499,240,0.04604047776,0.1206320084,0.1167296338,120,0.1181559934,0.1374453784,261,6.535736323
UPRO_ALWAYS,SP500,200,100,LAG1,IMMEDIATE_NEXT_RETURN,10,PRICE_INDEX,TOTAL_RETURN,1986-09-26,1986-09-29,2026-09-02,10059,0.1255465269,-0.9835796766,112.5027343,39.93429158,0.5504645955,0.4430230357,7211,2000-03-23,2009-03-09,2019-12-20,True,3938,7211,2008,-0.8612115072,1995,1.205537133,-0.9235226266,-0.3977953574,-0.316360203,-0.06322913716,240,-0.04166123509,0.05018556387,0.06263575866,120,0.06656755939,0.1130643613,0,0
UPRO_SMA_TO_SP500,SP500,200,100,LAG1,IMMEDIATE_NEXT_RETURN,10,PRICE_INDEX,TOTAL_RETURN,1986-09-26,1986-09-29,2026-09-02,10059,0.1653773301,-0.7871816552,451.1232494,39.93429158,0.3756145363,0.5140602333,5215,1999-07-16,2009-03-09,2013-10-25,True,1691,5215,2000,-0.5007846104,1995,1.205537133,-0.5486799879,-0.189390942,-0.1316930182,0.03056509811,240,0.04121856924,0.1214077579,0.1213145847,120,0.1254634998,0.1477974911,261,6.535736323
UPRO_SMA_TO_TBILL,SP500,200,100,LAG1,IMMEDIATE_NEXT_RETURN,10,PRICE_INDEX,TOTAL_RETURN,1986-09-26,1986-09-29,2026-09-02,10059,0.1468179351,-0.7022154366,237.6127617,39.93429158,0.3476886326,0.4798067722,5207,1999-07-16,2003-04-21,2013-10-17,True,3832,5207,2000,-0.5371554409,1995,1.205537133,-0.5364168362,-0.1734274484,-0.104150703,0.03223352014,240,0.0379101581,0.1123101737,0.1091951927,120,0.1105378568,0.1296588552,261,6.535736323
UPRO_ALWAYS,SP500,200,100,LAG1,IMMEDIATE_NEXT_RETURN,25,PRICE_INDEX,TOTAL_RETURN,1986-09-26,1986-09-29,2026-09-02,10059,0.1255465269,-0.9835796766,112.5027343,39.93429158,0.5504645955,0.4430230357,7211,2000-03-23,2009-03-09,2019-12-20,True,3938,7211,2008,-0.8612115072,1995,1.205537133,-0.9235226266,-0.3977953574,-0.316360203,-0.06322913716,240,-0.04166123509,0.05018556387,0.06263575866,120,0.06656755939,0.1130643613,0,0
UPRO_SMA_TO_SP500,SP500,200,100,LAG1,IMMEDIATE_NEXT_RETURN,25,PRICE_INDEX,TOTAL_RETURN,1986-09-26,1986-09-29,2026-09-02,10059,0.1539884165,-0.8138216843,304.7690213,39.93429158,0.3756547434,0.4878855581,5345,1999-07-16,2009-03-09,2014-03-04,True,1821,5345,2000,-0.5162915169,1995,1.205537133,-0.5587455193,-0.2005213714,-0.1437411094,0.0189395556,240,0.02947284763,0.1094359053,0.110027164,120,0.1141343151,0.1360454249,261,6.535736323
UPRO_SMA_TO_TBILL,SP500,200,100,LAG1,IMMEDIATE_NEXT_RETURN,25,PRICE_INDEX,TOTAL_RETURN,1986-09-26,1986-09-29,2026-09-02,10059,0.1356103974,-0.7228929184,160.5259958,39.93429158,0.347746815,0.4515253544,5277,1999-07-16,2009-07-13,2013-12-26,True,1627,5277,2000,-0.5515325764,1995,1.205537133,-0.5487624671,-0.1847770717,-0.1168429189,0.02035914734,240,0.02581797553,0.09989506154,0.09784034457,120,0.09919374424,0.1176285665,261,6.535736323
UPRO_ALWAYS,SP500,200,100,LAG1,IMMEDIATE_NEXT_RETURN,50,PRICE_INDEX,TOTAL_RETURN,1986-09-26,1986-09-29,2026-09-02,10059,0.1255465269,-0.9835796766,112.5027343,39.93429158,0.5504645955,0.4430230357,7211,2000-03-23,2009-03-09,2019-12-20,True,3938,7211,2008,-0.8612115072,1995,1.205537133,-0.9235226266,-0.3977953574,-0.316360203,-0.06322913716,240,-0.04166123509,0.05018556387,0.06263575866,120,0.06656755939,0.1130643613,0,0
UPRO_SMA_TO_SP500,SP500,200,100,LAG1,IMMEDIATE_NEXT_RETURN,50,PRICE_INDEX,TOTAL_RETURN,1986-09-26,1986-09-29,2026-09-02,10059,0.1352163821,-0.8510862517,158.3167469,39.93429158,0.3758066315,0.4441732649,5781,1999-07-16,2009-03-09,2015-05-14,True,2257,5781,2000,-0.541121819,1995,1.205537133,-0.5750570999,-0.2187696463,-0.16349003,-0.0001836056528,240,0.01015200062,0.08979779896,0.09142977109,120,0.09546811099,0.1163436773,261,6.535736323
UPRO_SMA_TO_TBILL,SP500,200,100,LAG1,IMMEDIATE_NEXT_RETURN,50,PRICE_INDEX,TOTAL_RETURN,1986-09-26,1986-09-29,2026-09-02,10059,0.1171373199,-0.7816695141,83.38758757,39.93429158,0.3479353436,0.4043043284,5702,1999-07-16,2009-07-13,2015-02-24,True,2052,5702,2000,-0.5745538423,1995,1.205537133,-0.5715534689,-0.2033847137,-0.1376394492,0.0008325475671,240,0.005937143188,0.08023432241,0.07890382167,120,0.08050668914,0.09839127714,261,6.535736323
UPRO_ALWAYS,SP500,200,100,LAG2,WAIT_ONE_TRADING_DAY,0,PRICE_INDEX,TOTAL_RETURN,1986-09-26,1986-09-29,2026-09-02,10059,0.1255465269,-0.9835796766,112.5027343,39.93429158,0.5504645955,0.4430230357,7211,2000-03-23,2009-03-09,2019-12-20,True,3938,7211,2008,-0.8612115072,1995,1.205537133,-0.9235226266,-0.3977953574,-0.316360203,-0.06322913716,240,-0.04166123509,0.05018556387,0.06263575866,120,0.06656755939,0.1130643613,0,0
UPRO_SMA_TO_SP500,SP500,200,100,LAG2,WAIT_ONE_TRADING_DAY,0,PRICE_INDEX,TOTAL_RETURN,1986-09-26,1986-09-29,2026-09-02,10059,0.1816596526,-0.7360381673,785.1143521,39.93429158,0.3770116815,0.5503847923,4934,1999-07-16,2002-10-09,2013-01-17,True,3753,4934,2000,-0.4657335491,1995,1.205537133,-0.5415769234,-0.1485070301,-0.1027411877,0.07595704162,240,0.08081012885,0.1480052355,0.1374505108,120,0.1416591295,0.1739863759,261,6.535736323
UPRO_SMA_TO_TBILL,SP500,200,100,LAG2,WAIT_ONE_TRADING_DAY,0,PRICE_INDEX,TOTAL_RETURN,1986-09-26,1986-09-29,2026-09-02,10059,0.1673698236,-0.6152229109,482.9724351,39.93429158,0.349372382,0.5300586315,2776,1999-07-16,2002-04-03,2007-02-20,True,1784,2776,2000,-0.4938678217,1995,1.205537133,-0.5486229464,-0.110641027,-0.06316285502,0.07604897916,240,0.08139503759,0.1465050082,0.1326939943,120,0.136457142,0.1638889534,261,6.535736323
UPRO_ALWAYS,SP500,200,100,LAG2,WAIT_ONE_TRADING_DAY,10,PRICE_INDEX,TOTAL_RETURN,1986-09-26,1986-09-29,2026-09-02,10059,0.1255465269,-0.9835796766,112.5027343,39.93429158,0.5504645955,0.4430230357,7211,2000-03-23,2009-03-09,2019-12-20,True,3938,7211,2008,-0.8612115072,1995,1.205537133,-0.9235226266,-0.3977953574,-0.316360203,-0.06322913716,240,-0.04166123509,0.05018556387,0.06263575866,120,0.06656755939,0.1130643613,0,0
UPRO_SMA_TO_SP500,SP500,200,100,LAG2,WAIT_ONE_TRADING_DAY,10,PRICE_INDEX,TOTAL_RETURN,1986-09-26,1986-09-29,2026-09-02,10059,0.1739579807,-0.7446109654,604.6796366,39.93429158,0.3769812519,0.5330435077,4981,1999-07-16,2002-10-09,2013-03-05,True,3800,4981,2000,-0.476841656,1995,1.205537133,-0.5447697409,-0.1558030985,-0.111050017,0.06786012117,240,0.07267668737,0.1398958626,0.1298139453,120,0.1339943084,0.1657161235,261,6.535736323
UPRO_SMA_TO_TBILL,SP500,200,100,LAG2,WAIT_ONE_TRADING_DAY,10,PRICE_INDEX,TOTAL_RETURN,1986-09-26,1986-09-29,2026-09-02,10059,0.1597612882,-0.6277011945,371.9758731,39.93429158,0.3493318405,0.5113465262,2852,1999-07-16,2002-04-04,2007-05-07,True,1859,2852,2000,-0.5043909798,1995,1.205537133,-0.5566626791,-0.1182615525,-0.07183818901,0.06768541929,240,0.07298992563,0.1381495836,0.125089363,120,0.128751959,0.1560132895,261,6.535736323
UPRO_ALWAYS,SP500,200,100,LAG2,WAIT_ONE_TRADING_DAY,25,PRICE_INDEX,TOTAL_RETURN,1986-09-26,1986-09-29,2026-09-02,10059,0.1255465269,-0.9835796766,112.5027343,39.93429158,0.5504645955,0.4430230357,7211,2000-03-23,2009-03-09,2019-12-20,True,3938,7211,2008,-0.8612115072,1995,1.205537133,-0.9235226266,-0.3977953574,-0.316360203,-0.06322913716,240,-0.04166123509,0.05018556387,0.06263575866,120,0.06656755939,0.1130643613,0,0
UPRO_SMA_TO_SP500,SP500,200,100,LAG2,WAIT_ONE_TRADING_DAY,25,PRICE_INDEX,TOTAL_RETURN,1986-09-26,1986-09-29,2026-09-02,10059,0.1624852108,-0.7569660313,408.5083651,39.93429158,0.3769674642,0.5069834967,5045,1999-07-16,2002-10-09,2013-05-08,True,3864,5045,2000,-0.4930922919,1995,1.205537133,-0.5495232349,-0.1666436209,-0.1233845378,0.055813863,240,0.06057609474,0.1277594406,0.1184409681,120,0.1225792506,0.1537413252,261,6.535736323
UPRO_SMA_TO_TBILL,SP500,200,100,LAG2,WAIT_ONE_TRADING_DAY,25,PRICE_INDEX,TOTAL_RETURN,1986-09-26,1986-09-29,2026-09-02,10059,0.1484272586,-0.6457120551,251.2987813,39.93429158,0.3493054357,0.4832226351,3934,1999-07-16,2002-04-04,2010-04-23,True,2941,3934,2000,-0.5197858633,1995,1.205537133,-0.5684691452,-0.1295841543,-0.08471678892,0.05524633973,240,0.06048904587,0.1255062789,0.1137639445,120,0.1172777478,0.1443537364,261,6.535736323
UPRO_ALWAYS,SP500,200,100,LAG2,WAIT_ONE_TRADING_DAY,50,PRICE_INDEX,TOTAL_RETURN,1986-09-26,1986-09-29,2026-09-02,10059,0.1255465269,-0.9835796766,112.5027343,39.93429158,0.5504645955,0.4430230357,7211,2000-03-23,2009-03-09,2019-12-20,True,3938,7211,2008,-0.8612115072,1995,1.205537133,-0.9235226266,-0.3977953574,-0.316360203,-0.06322913716,240,-0.04166123509,0.05018556387,0.06263575866,120,0.06656755939,0.1130643613,0,0
UPRO_SMA_TO_SP500,SP500,200,100,LAG2,WAIT_ONE_TRADING_DAY,50,PRICE_INDEX,TOTAL_RETURN,1986-09-26,1986-09-29,2026-09-02,10059,0.1435749582,-0.8034384151,212.2056736,39.93429158,0.3770294384,0.4634414942,5243,1999-07-16,2009-03-09,2013-11-22,True,1719,5243,2000,-0.5191134844,1995,1.205537133,-0.5573512287,-0.1844379705,-0.1436029663,0.0357619724,240,0.04067151103,0.1072194181,0.09970261027,120,0.10377156,0.1341752051,261,6.535736323
UPRO_SMA_TO_TBILL,SP500,200,100,LAG2,WAIT_ONE_TRADING_DAY,50,PRICE_INDEX,TOTAL_RETURN,1986-09-26,1986-09-29,2026-09-02,10059,0.1297456881,-0.683042626,130.540845,39.93429158,0.3493531949,0.4362254563,5052,1999-07-16,2009-07-09,2013-05-15,True,1406,5052,2000,-0.5444367895,1995,1.205537133,-0.5874892916,-0.149019114,-0.1058270579,0.03479517193,240,0.03993627197,0.1050200646,0.09510394553,120,0.0983751199,0.1248498866,261,6.535736323
UPRO_ALWAYS,SP500,250,0,LAG1,IMMEDIATE_NEXT_RETURN,0,PRICE_INDEX,TOTAL_RETURN,1986-09-26,1986-09-29,2026-09-02,10059,0.1486334489,-0.980292395,253.1068697,39.93429158,0.5504545628,0.479910777,6495,2000-03-23,2009-03-09,2018-01-03,True,3222,6495,2008,-0.8583231649,1995,1.250460134,-0.9219238785,-0.385398933,-0.302300655,-0.04399466883,240,-0.02198555498,0.07172749291,0.08443714589,120,0.08844947628,0.1358942642,0,0
UPRO_SMA_TO_SP500,SP500,250,0,LAG1,IMMEDIATE_NEXT_RETURN,0,PRICE_INDEX,TOTAL_RETURN,1986-09-26,1986-09-29,2026-09-02,10059,0.1984733032,-0.716662555,1380.282641,39.93429158,0.3819344982,0.5853951318,4990,1999-07-16,2002-10-09,2013-03-14,True,3809,4990,2000,-0.4750649796,1995,1.238622115,-0.5503397919,-0.1494399268,-0.09365049446,0.05972851576,240,0.07065943593,0.1530406362,0.1529226178,120,0.157188339,0.1817142064,216,5.408885232
UPRO_SMA_TO_TBILL,SP500,250,0,LAG1,IMMEDIATE_NEXT_RETURN,0,PRICE_INDEX,TOTAL_RETURN,1986-09-26,1986-09-29,2026-09-02,10059,0.1842253642,-0.5947554553,856.1484868,39.93429158,0.3553408102,0.5676648328,2919,1999-07-16,2003-04-25,2007-07-13,True,1540,2919,2000,-0.5079825989,1995,1.232687766,-0.505050734,-0.1217255188,-0.04777851649,0.06924980627,240,0.07249339178,0.1510000405,0.1480166451,120,0.1493843829,0.167454149,216,5.408885232
UPRO_ALWAYS,SP500,250,0,LAG1,IMMEDIATE_NEXT_RETURN,10,PRICE_INDEX,TOTAL_RETURN,1986-09-26,1986-09-29,2026-09-02,10059,0.1486334489,-0.980292395,253.1068697,39.93429158,0.5504545628,0.479910777,6495,2000-03-23,2009-03-09,2018-01-03,True,3222,6495,2008,-0.8583231649,1995,1.250460134,-0.9219238785,-0.385398933,-0.302300655,-0.04399466883,240,-0.02198555498,0.07172749291,0.08443714589,120,0.08844947628,0.1358942642,0,0
UPRO_SMA_TO_SP500,SP500,250,0,LAG1,IMMEDIATE_NEXT_RETURN,10,PRICE_INDEX,TOTAL_RETURN,1986-09-26,1986-09-29,2026-09-02,10059,0.1920051726,-0.7291135219,1112.022266,39.93429158,0.3819772035,0.5711993065,5043,1999-07-16,2009-03-09,2013-05-06,True,1519,5043,2000,-0.4839178395,1995,1.234147109,-0.555251367,-0.1550386929,-0.1006032064,0.05312257409,240,0.0639853551,0.1463875719,0.1467107996,120,0.1509535375,0.174808467,216,5.408885232
UPRO_SMA_TO_TBILL,SP500,250,0,LAG1,IMMEDIATE_NEXT_RETURN,10,PRICE_INDEX,TOTAL_RETURN,1986-09-26,1986-09-29,2026-09-02,10059,0.1778341293,-0.6063076424,689.7545122,39.93429158,0.3553553627,0.552416793,3896,1999-07-16,2003-04-28,2010-03-16,True,2514,3896,2000,-0.5162803138,1995,1.228224623,-0.513336042,-0.1280303859,-0.0550851096,0.06258451252,240,0.06580787877,0.143996842,0.1418312597,120,0.1426199156,0.1608851977,216,5.408885232
UPRO_ALWAYS,SP500,250,0,LAG1,IMMEDIATE_NEXT_RETURN,25,PRICE_INDEX,TOTAL_RETURN,1986-09-26,1986-09-29,2026-09-02,10059,0.1486334489,-0.980292395,253.1068697,39.93429158,0.5504545628,0.479910777,6495,2000-03-23,2009-03-09,2018-01-03,True,3222,6495,2008,-0.8583231649,1995,1.250460134,-0.9219238785,-0.385398933,-0.302300655,-0.04399466883,240,-0.02198555498,0.07172749291,0.08443714589,120,0.08844947628,0.1358942642,0,0
UPRO_SMA_TO_SP500,SP500,250,0,LAG1,IMMEDIATE_NEXT_RETURN,25,PRICE_INDEX,TOTAL_RETURN,1986-09-26,1986-09-29,2026-09-02,10059,0.1823563516,-0.7587105303,803.813633,39.93429158,0.3820671366,0.5498743069,5130,1999-07-16,2009-03-09,2013-08-01,True,1606,5130,2000,-0.4969340521,1995,1.227442996,-0.5625273476,-0.1633781964,-0.1109452596,0.0432785372,240,0.05403977863,0.1361915706,0.1374442263,120,0.1416526787,0.1647430306,216,5.408885232
UPRO_SMA_TO_TBILL,SP500,250,0,LAG1,IMMEDIATE_NEXT_RETURN,25,PRICE_INDEX,TOTAL_RETURN,1986-09-26,1986-09-29,2026-09-02,10059,0.1683000174,-0.6230948669,498.5818158,39.93429158,0.3554051361,0.5295054741,3925,1999-07-16,2003-04-28,2010-04-14,True,2543,3925,2000,-0.5284803059,1995,1.221538281,-0.5255197267,-0.1374145981,-0.06595352703,0.0526520304,240,0.0558452663,0.133596032,0.1317249134,120,0.1325352293,0.1507997972,216,5.408885232
UPRO_ALWAYS,SP500,250,0,LAG1,IMMEDIATE_NEXT_RETURN,50,PRICE_INDEX,TOTAL_RETURN,1986-09-26,1986-09-29,2026-09-02,10059,0.1486334489,-0.980292395,253.1068697,39.93429158,0.5504545628,0.479910777,6495,2000-03-23,2009-03-09,2018-01-03,True,3222,6495,2008,-0.8583231649,1995,1.250460134,-0.9219238785,-0.385398933,-0.302300655,-0.04399466883,240,-0.02198555498,0.07172749291,0.08443714589,120,0.08844947628,0.1358942642,0,0
UPRO_SMA_TO_SP500,SP500,250,0,LAG1,IMMEDIATE_NEXT_RETURN,50,PRICE_INDEX,TOTAL_RETURN,1986-09-26,1986-09-29,2026-09-02,10059,0.1664165091,-0.8011058769,467.4697009,39.93429158,0.3822859664,0.5142622626,5277,1999-07-16,2009-03-09,2013-12-26,True,1753,5277,2000,-0.5179435259,1995,1.216291859,-0.5744139195,-0.182214741,-0.1279521715,0.02704358759,240,0.03763736827,0.1193064607,0.1221355765,120,0.1262873881,0.1481010209,216,5.408885232
UPRO_SMA_TO_TBILL,SP500,250,0,LAG1,IMMEDIATE_NEXT_RETURN,50,PRICE_INDEX,TOTAL_RETURN,1986-09-26,1986-09-29,2026-09-02,10059,0.1525496743,-0.6495491099,289.9576254,39.93429158,0.3555625704,0.4912313794,5235,1999-07-16,2003-04-28,2013-11-14,True,3853,5235,2000,-0.5481723179,1995,1.210416705,-0.545190415,-0.1528617339,-0.08382593923,0.03627121544,240,0.0394147599,0.1167729924,0.1149985293,120,0.1155093515,0.1346004892,216,5.408885232
UPRO_ALWAYS,SP500,250,0,LAG2,WAIT_ONE_TRADING_DAY,0,PRICE_INDEX,TOTAL_RETURN,1986-09-26,1986-09-29,2026-09-02,10059,0.1486334489,-0.980292395,253.1068697,39.93429158,0.5504545628,0.479910777,6495,2000-03-23,2009-03-09,2018-01-03,True,3222,6495,2008,-0.8583231649,1995,1.250460134,-0.9219238785,-0.385398933,-0.302300655,-0.04399466883,240,-0.02198555498,0.07172749291,0.08443714589,120,0.08844947628,0.1358942642,0,0
UPRO_SMA_TO_SP500,SP500,250,0,LAG2,WAIT_ONE_TRADING_DAY,0,PRICE_INDEX,TOTAL_RETURN,1986-09-26,1986-09-29,2026-09-02,10059,0.1588498918,-0.7819996193,360.4792388,39.93429158,0.3969900152,0.5029965694,2855,1987-08-25,1987-10-19,1995-06-19,True,2800,2855,2022,-0.4650039105,1995,1.23836633,-0.7704813482,-0.1642511525,-0.08591005892,0.05794460781,240,0.06885712728,0.1384920096,0.1133670619,120,0.1174864307,0.1665898226,216,5.408885232
UPRO_SMA_TO_TBILL,SP500,250,0,LAG2,WAIT_ONE_TRADING_DAY,0,PRICE_INDEX,TOTAL_RETURN,1986-09-26,1986-09-29,2026-09-02,10059,0.1305581457,-0.8159789608,134.3427845,39.93429158,0.3734442117,0.4441532668,3199,1987-08-25,1988-11-16,1995-12-04,True,2574,3023,2000,-0.4636610062,1995,1.232170391,-0.8080869996,-0.1504428918,-0.04504634262,0.06659523597,240,0.07065804267,0.129010434,0.09480923317,120,0.09885993944,0.1453260054,216,5.408885232
UPRO_ALWAYS,SP500,250,0,LAG2,WAIT_ONE_TRADING_DAY,10,PRICE_INDEX,TOTAL_RETURN,1986-09-26,1986-09-29,2026-09-02,10059,0.1486334489,-0.980292395,253.1068697,39.93429158,0.5504545628,0.479910777,6495,2000-03-23,2009-03-09,2018-01-03,True,3222,6495,2008,-0.8583231649,1995,1.250460134,-0.9219238785,-0.385398933,-0.302300655,-0.04399466883,240,-0.02198555498,0.07172749291,0.08443714589,120,0.08844947628,0.1358942642,0,0
UPRO_SMA_TO_SP500,SP500,250,0,LAG2,WAIT_ONE_TRADING_DAY,10,PRICE_INDEX,TOTAL_RETURN,1986-09-26,1986-09-29,2026-09-02,10059,0.1525956077,-0.7820823755,290.4194603,39.93429158,0.396989932,0.4893587412,2880,1987-08-25,1987-12-04,1995-06-22,True,2757,2858,2022,-0.4719172826,1995,1.233891835,-0.7720798959,-0.1697524246,-0.09292214863,0.05134978635,240,0.06219428135,0.1315234456,0.1073683646,120,0.1114655387,0.1598428791,216,5.408885232
UPRO_SMA_TO_TBILL,SP500,250,0,LAG2,WAIT_ONE_TRADING_DAY,10,PRICE_INDEX,TOTAL_RETURN,1986-09-26,1986-09-29,2026-09-02,10059,0.1244565515,-0.8174459868,108.2330264,39.93429158,0.3734726037,0.429651136,3218,1987-08-25,1988-11-16,1995-12-06,True,2576,3025,2000,-0.4727061904,1995,1.227708282,-0.8094236321,-0.1531573723,-0.05294251189,0.059682347,240,0.06398397052,0.1221173613,0.08891052335,120,0.09293940487,0.1387544577,216,5.408885232
UPRO_ALWAYS,SP500,250,0,LAG2,WAIT_ONE_TRADING_DAY,25,PRICE_INDEX,TOTAL_RETURN,1986-09-26,1986-09-29,2026-09-02,10059,0.1486334489,-0.980292395,253.1068697,39.93429158,0.5504545628,0.479910777,6495,2000-03-23,2009-03-09,2018-01-03,True,3222,6495,2008,-0.8583231649,1995,1.250460134,-0.9219238785,-0.385398933,-0.302300655,-0.04399466883,240,-0.02198555498,0.07172749291,0.08443714589,120,0.08844947628,0.1358942642,0,0
UPRO_SMA_TO_SP500,SP500,250,0,LAG2,WAIT_ONE_TRADING_DAY,25,PRICE_INDEX,TOTAL_RETURN,1986-09-26,1986-09-29,2026-09-02,10059,0.1432657919,-0.7824095792,209.9266613,39.93429158,0.3970148687,0.4688723799,5052,1987-08-25,1987-12-04,1995-07-12,True,2777,2878,2022,-0.4821328487,1995,1.227188488,-0.7744598275,-0.1779467081,-0.1033525254,0.04152232054,240,0.05226544689,0.121633682,0.0984197177,120,0.1024837825,0.1498546255,216,5.408885232
UPRO_SMA_TO_TBILL,SP500,250,0,LAG2,WAIT_ONE_TRADING_DAY,25,PRICE_INDEX,TOTAL_RETURN,1986-09-26,1986-09-29,2026-09-02,10059,0.1153545105,-0.8196273384,78.23510812,39.93429158,0.3735417161,0.4078730968,4289,1987-08-25,1988-11-16,1996-01-31,True,2632,3081,2000,-0.4860051743,1995,1.22102349,-0.8114136221,-0.1572179059,-0.06467910289,0.04938411316,240,0.054038407,0.1121048051,0.0801110343,120,0.08410735842,0.1290675382,216,5.408885232
UPRO_ALWAYS,SP500,250,0,LAG2,WAIT_ONE_TRADING_DAY,50,PRICE_INDEX,TOTAL_RETURN,1986-09-26,1986-09-29,2026-09-02,10059,0.1486334489,-0.980292395,253.1068697,39.93429158,0.5504545628,0.479910777,6495,2000-03-23,2009-03-09,2018-01-03,True,3222,6495,2008,-0.8583231649,1995,1.250460134,-0.9219238785,-0.385398933,-0.302300655,-0.04399466883,240,-0.02198555498,0.07172749291,0.08443714589,120,0.08844947628,0.1358942642,0,0
UPRO_SMA_TO_SP500,SP500,250,0,LAG2,WAIT_ONE_TRADING_DAY,50,PRICE_INDEX,TOTAL_RETURN,1986-09-26,1986-09-29,2026-09-02,10059,0.1278529457,-0.7835226604,122.0859532,39.93429158,0.3971232418,0.4346609965,5236,1987-08-25,1988-11-16,1995-09-14,True,2493,2942,2022,-0.4987543031,1995,1.216038626,-0.7783790686,-0.1914513577,-0.1205046803,0.02531470025,240,0.03589064775,0.1052896684,0.08363629147,120,0.08764565876,0.1331376442,216,5.408885232
UPRO_SMA_TO_TBILL,SP500,250,0,LAG2,WAIT_ONE_TRADING_DAY,50,PRICE_INDEX,TOTAL_RETURN,1986-09-26,1986-09-29,2026-09-02,10059,0.1003179479,-0.8232122678,45.49878367,39.93429158,0.3737275865,0.3715239525,5599,1987-08-25,1988-11-16,1996-02-08,True,2640,3089,2000,-0.5074710694,2013,1.210236099,-0.8146907123,-0.1660696997,-0.08395598908,0.03240857046,240,0.0375371962,0.09505536159,0.06557402122,120,0.06951655956,0.1126097319,216,5.408885232
UPRO_ALWAYS,SP500,250,50,LAG1,IMMEDIATE_NEXT_RETURN,0,PRICE_INDEX,TOTAL_RETURN,1986-09-26,1986-09-29,2026-09-02,10059,0.1370317119,-0.9820109229,168.7478963,39.93429158,0.5504594435,0.4614668241,6733,2000-03-23,2009-03-09,2018-08-29,True,3460,6733,2008,-0.8597747321,1995,1.22788602,-0.9227273643,-0.3916285461,-0.3093660093,-0.05366050292,240,-0.03187310567,0.06090215039,0.07348140906,120,0.07745327156,0.1244216884,0,0
UPRO_SMA_TO_SP500,SP500,250,50,LAG1,IMMEDIATE_NEXT_RETURN,0,PRICE_INDEX,TOTAL_RETURN,1986-09-26,1986-09-29,2026-09-02,10059,0.1891418388,-0.7235057895,1010.189616,39.93429158,0.3819256747,0.564916645,5040,1999-07-16,2009-03-09,2013-05-03,True,1516,5040,2000,-0.4788447483,1995,1.216474456,-0.5510055265,-0.1535053307,-0.09908341451,0.05213005708,240,0.0629945279,0.144520285,0.1442014531,120,0.1484349785,0.172593689,216,5.408885232
UPRO_SMA_TO_TBILL,SP500,250,50,LAG1,IMMEDIATE_NEXT_RETURN,0,PRICE_INDEX,TOTAL_RETURN,1986-09-26,1986-09-29,2026-09-02,10059,0.175004836,-0.5996307894,626.5907325,39.93429158,0.3553294143,0.5456564931,3835,1999-07-16,2003-04-25,2010-01-14,True,2456,3835,2000,-0.511525346,1995,1.210598818,-0.5085880551,-0.1258111815,-0.05314725496,0.06158307809,240,0.06481535435,0.1421978538,0.139332591,120,0.1405698865,0.1583591831,216,5.408885232
UPRO_ALWAYS,SP500,250,50,LAG1,IMMEDIATE_NEXT_RETURN,10,PRICE_INDEX,TOTAL_RETURN,1986-09-26,1986-09-29,2026-09-02,10059,0.1370317119,-0.9820109229,168.7478963,39.93429158,0.5504594435,0.4614668241,6733,2000-03-23,2009-03-09,2018-08-29,True,3460,6733,2008,-0.8597747321,1995,1.22788602,-0.9227273643,-0.3916285461,-0.3093660093,-0.05366050292,240,-0.03187310567,0.06090215039,0.07348140906,120,0.07745327156,0.1244216884,0,0
UPRO_SMA_TO_SP500,SP500,250,50,LAG1,IMMEDIATE_NEXT_RETURN,10,PRICE_INDEX,TOTAL_RETURN,1986-09-26,1986-09-29,2026-09-02,10059,0.1827240698,-0.7440066784,813.8574753,39.93429158,0.3819682472,0.5507233252,5054,1999-07-16,2009-03-09,2013-05-17,True,1530,5054,2000,-0.4876338637,1995,1.212043724,-0.5559098298,-0.1590773366,-0.1059944499,0.0455714813,240,0.05636822716,0.1377965361,0.1380366235,120,0.1422473392,0.1657901273,216,5.408885232
UPRO_SMA_TO_TBILL,SP500,250,50,LAG1,IMMEDIATE_NEXT_RETURN,10,PRICE_INDEX,TOTAL_RETURN,1986-09-26,1986-09-29,2026-09-02,10059,0.1686633641,-0.6110439967,504.811714,39.93429158,0.3553438224,0.5304094687,3916,1999-07-16,2003-04-28,2010-04-05,True,2534,3916,2000,-0.5197633136,1995,1.206179831,-0.5168141494,-0.1320867188,-0.06041265263,0.0549655758,240,0.05817770329,0.1351434286,0.1331049126,120,0.1338572951,0.1519129425,216,5.408885232
UPRO_ALWAYS,SP500,250,50,LAG1,IMMEDIATE_NEXT_RETURN,25,PRICE_INDEX,TOTAL_RETURN,1986-09-26,1986-09-29,2026-09-02,10059,0.1370317119,-0.9820109229,168.7478963,39.93429158,0.5504594435,0.4614668241,6733,2000-03-23,2009-03-09,2018-08-29,True,3460,6733,2008,-0.8597747321,1995,1.22788602,-0.9227273643,-0.3916285461,-0.3093660093,-0.05366050292,240,-0.03187310567,0.06090215039,0.07348140906,120,0.07745327156,0.1244216884,0,0
UPRO_SMA_TO_SP500,SP500,250,50,LAG1,IMMEDIATE_NEXT_RETURN,25,PRICE_INDEX,TOTAL_RETURN,1986-09-26,1986-09-29,2026-09-02,10059,0.1731503758,-0.7719764631,588.2883412,39.93429158,0.3820579806,0.5294034509,5212,1999-07-16,2009-03-09,2013-10-22,True,1688,5212,2000,-0.5005563537,1995,1.205405937,-0.5631750382,-0.1686705827,-0.1162745098,0.03579802806,240,0.04649385161,0.1276745273,0.1288401463,120,0.1330168351,0.1556922081,216,5.408885232
UPRO_SMA_TO_TBILL,SP500,250,50,LAG1,IMMEDIATE_NEXT_RETURN,25,PRICE_INDEX,TOTAL_RETURN,1986-09-26,1986-09-29,2026-09-02,10059,0.159203486,-0.6276292609,364.8978536,39.93429158,0.3553933789,0.507501379,5130,1999-07-16,2003-04-28,2013-08-01,True,3748,5130,2000,-0.5318754603,1995,1.19955964,-0.5289107593,-0.1414272764,-0.07121979262,0.04510431149,240,0.0482864137,0.1248819571,0.1230470416,120,0.1238499471,0.1419296635,216,5.408885232
UPRO_ALWAYS,SP500,250,50,LAG1,IMMEDIATE_NEXT_RETURN,50,PRICE_INDEX,TOTAL_RETURN,1986-09-26,1986-09-29,2026-09-02,10059,0.1370317119,-0.9820109229,168.7478963,39.93429158,0.5504594435,0.4614668241,6733,2000-03-23,2009-03-09,2018-08-29,True,3460,6733,2008,-0.8597747321,1995,1.22788602,-0.9227273643,-0.3916285461,-0.3093660093,-0.05366050292,240,-0.03187310567,0.06090215039,0.07348140906,120,0.07745327156,0.1244216884,0,0
UPRO_SMA_TO_SP500,SP500,250,50,LAG1,IMMEDIATE_NEXT_RETURN,50,PRICE_INDEX,TOTAL_RETURN,1986-09-26,1986-09-29,2026-09-02,10059,0.1573346429,-0.8120409421,342.1277814,39.93429158,0.3822764766,0.4938035838,5425,1999-07-16,2009-03-09,2014-05-23,True,1901,5425,2000,-0.5214145498,1995,1.194365123,-0.5750440116,-0.1880535186,-0.1331794775,0.01967948618,240,0.03020886698,0.1110353785,0.1136472972,120,0.1177677728,0.1392876275,216,5.408885232
UPRO_SMA_TO_TBILL,SP500,250,50,LAG1,IMMEDIATE_NEXT_RETURN,50,PRICE_INDEX,TOTAL_RETURN,1986-09-26,1986-09-29,2026-09-02,10059,0.143575777,-0.6537652435,212.211741,39.93429158,0.3555504511,0.4692372087,5277,1999-07-16,2003-04-28,2013-12-26,True,3895,5277,2000,-0.5514256809,1995,1.188548095,-0.5484408644,-0.1568025534,-0.08899143803,0.02884095015,240,0.03197353416,0.108315588,0.1064489126,120,0.1070933646,0.1257903378,216,5.408885232
UPRO_ALWAYS,SP500,250,50,LAG2,WAIT_ONE_TRADING_DAY,0,PRICE_INDEX,TOTAL_RETURN,1986-09-26,1986-09-29,2026-09-02,10059,0.1370317119,-0.9820109229,168.7478963,39.93429158,0.5504594435,0.4614668241,6733,2000-03-23,2009-03-09,2018-08-29,True,3460,6733,2008,-0.8597747321,1995,1.22788602,-0.9227273643,-0.3916285461,-0.3093660093,-0.05366050292,240,-0.03187310567,0.06090215039,0.07348140906,120,0.07745327156,0.1244216884,0,0
UPRO_SMA_TO_SP500,SP500,250,50,LAG2,WAIT_ONE_TRADING_DAY,0,PRICE_INDEX,TOTAL_RETURN,1986-09-26,1986-09-29,2026-09-02,10059,0.1498117455,-0.7823655969,263.6853136,39.93429158,0.3969876986,0.4832667685,2877,1987-08-25,1987-10-19,1995-07-06,True,2817,2872,2022,-0.4662501574,1995,1.216036121,-0.770956838,-0.1682938321,-0.0913965324,0.05036146145,240,0.06120766945,0.1302177472,0.1049280249,120,0.1090162393,0.1575359401,216,5.408885232
UPRO_SMA_TO_TBILL,SP500,250,50,LAG2,WAIT_ONE_TRADING_DAY,0,PRICE_INDEX,TOTAL_RETURN,1986-09-26,1986-09-29,2026-09-02,10059,0.1217406535,-0.8167238433,98.26979046,39.93429158,0.3734389335,0.4231826318,3216,1987-08-25,1988-11-16,1996-01-30,True,2631,3080,2000,-0.4676658361,1995,1.209901994,-0.8084845824,-0.1566646849,-0.05129777414,0.0589340384,240,0.06299569629,0.1204389475,0.08651085967,120,0.09053093091,0.1364699188,216,5.408885232
UPRO_ALWAYS,SP500,250,50,LAG2,WAIT_ONE_TRADING_DAY,10,PRICE_INDEX,TOTAL_RETURN,1986-09-26,1986-09-29,2026-09-02,10059,0.1370317119,-0.9820109229,168.7478963,39.93429158,0.5504594435,0.4614668241,6733,2000-03-23,2009-03-09,2018-08-29,True,3460,6733,2008,-0.8597747321,1995,1.22788602,-0.9227273643,-0.3916285461,-0.3093660093,-0.05366050292,240,-0.03187310567,0.06090215039,0.07348140906,120,0.07745327156,0.1244216884,0,0
UPRO_SMA_TO_SP500,SP500,250,50,LAG2,WAIT_ONE_TRADING_DAY,10,PRICE_INDEX,TOTAL_RETURN,1986-09-26,1986-09-29,2026-09-02,10059,0.14360624,-0.7824482142,212.4376059,39.93429158,0.3969874395,0.469629344,5044,1987-08-25,1987-12-04,1995-07-12,True,2777,2878,2022,-0.4731474251,1995,1.211606265,-0.772552074,-0.1737684934,-0.09836653474,0.04381391042,240,0.05459250731,0.1232285908,0.09897479612,120,0.1030409837,0.1508593055,216,5.408885232
UPRO_SMA_TO_TBILL,SP500,250,50,LAG2,WAIT_ONE_TRADING_DAY,10,PRICE_INDEX,TOTAL_RETURN,1986-09-26,1986-09-29,2026-09-02,10059,0.115686647,-0.818184931,79.17088266,39.93429158,0.3734671398,0.408682394,3283,1987-08-25,1988-11-16,1996-01-31,True,2632,3081,2000,-0.4766434801,1995,1.2054844,-0.8098184459,-0.1593592857,-0.05914225255,0.0520708037,240,0.05636938827,0.1136711209,0.08065686056,120,0.08465527211,0.1299467806,216,5.408885232
UPRO_ALWAYS,SP500,250,50,LAG2,WAIT_ONE_TRADING_DAY,25,PRICE_INDEX,TOTAL_RETURN,1986-09-26,1986-09-29,2026-09-02,10059,0.1370317119,-0.9820109229,168.7478963,39.93429158,0.5504594435,0.4614668241,6733,2000-03-23,2009-03-09,2018-08-29,True,3460,6733,2008,-0.8597747321,1995,1.22788602,-0.9227273643,-0.3916285461,-0.3093660093,-0.05366050292,240,-0.03187310567,0.06090215039,0.07348140906,120,0.07745327156,0.1244216884,0,0
UPRO_SMA_TO_SP500,SP500,250,50,LAG2,WAIT_ONE_TRADING_DAY,25,PRICE_INDEX,TOTAL_RETURN,1986-09-26,1986-09-29,2026-09-02,10059,0.1343491897,-0.7827748685,153.5582956,39.93429158,0.3970121114,0.4491448114,5130,1987-08-25,1987-12-04,1995-09-11,True,2838,2939,2022,-0.4833391946,1995,1.204969791,-0.7749270751,-0.1819231396,-0.1087343072,0.03405688602,240,0.04473473025,0.113386894,0.09009397766,120,0.09412730638,0.1410797257,216,5.408885232
UPRO_SMA_TO_TBILL,SP500,250,50,LAG2,WAIT_ONE_TRADING_DAY,25,PRICE_INDEX,TOTAL_RETURN,1986-09-26,1986-09-29,2026-09-02,10059,0.106655595,-0.820357453,57.22784227,39.93429158,0.3735359731,0.3869086556,5484,1987-08-25,1988-11-16,1996-02-07,True,2639,3088,2000,-0.4898431609,1995,1.198866296,-0.8118043132,-0.1633900816,-0.07080201208,0.04184654057,240,0.04649500186,0.1036256255,0.07192406938,120,0.07589016976,0.1204175259,216,5.408885232
UPRO_ALWAYS,SP500,250,50,LAG2,WAIT_ONE_TRADING_DAY,50,PRICE_INDEX,TOTAL_RETURN,1986-09-26,1986-09-29,2026-09-02,10059,0.1370317119,-0.9820109229,168.7478963,39.93429158,0.5504594435,0.4614668241,6733,2000-03-23,2009-03-09,2018-08-29,True,3460,6733,2008,-0.8597747321,1995,1.22788602,-0.9227273643,-0.3916285461,-0.3093660093,-0.05366050292,240,-0.03187310567,0.06090215039,0.07348140906,120,0.07745327156,0.1244216884,0,0
UPRO_SMA_TO_SP500,SP500,250,50,LAG2,WAIT_ONE_TRADING_DAY,50,PRICE_INDEX,TOTAL_RETURN,1986-09-26,1986-09-29,2026-09-02,10059,0.1190565519,-0.7953666141,89.30409685,39.93429158,0.3971200415,0.4149397344,5282,1999-07-16,2009-03-09,2013-12-31,True,1758,5282,2022,-0.4999219301,1995,1.193931161,-0.7788381968,-0.1953624646,-0.1257835129,0.01796543888,240,0.02847712013,0.09705720551,0.07542260601,120,0.07940165091,0.1244319344,216,5.408885232
UPRO_SMA_TO_TBILL,SP500,250,50,LAG2,WAIT_ONE_TRADING_DAY,50,PRICE_INDEX,TOTAL_RETURN,1986-09-26,1986-09-29,2026-09-02,10059,0.09173630619,-0.8239278712,33.28169766,39.93429158,0.373721377,0.3505705672,5646,1987-08-25,1988-11-16,1996-05-22,True,2744,3193,2000,-0.5111487706,2013,1.18798752,-0.8150746143,-0.1700785201,-0.08995270563,0.02499293071,240,0.03008502468,0.08685778352,0.05749724314,120,0.06140996451,0.1040703208,216,5.408885232
UPRO_ALWAYS,SP500,250,100,LAG1,IMMEDIATE_NEXT_RETURN,0,PRICE_INDEX,TOTAL_RETURN,1986-09-26,1986-09-29,2026-09-02,10059,0.1255465269,-0.9835796766,112.5027343,39.93429158,0.5504645955,0.4430230357,7211,2000-03-23,2009-03-09,2019-12-20,True,3938,7211,2008,-0.8612115072,1995,1.205537133,-0.9235226266,-0.3977953574,-0.316360203,-0.06322913716,240,-0.04166123509,0.05018556387,0.06263575866,120,0.06656755939,0.1130643613,0,0
UPRO_SMA_TO_SP500,SP500,250,100,LAG1,IMMEDIATE_NEXT_RETURN,0,PRICE_INDEX,TOTAL_RETURN,1986-09-26,1986-09-29,2026-09-02,10059,0.1798825251,-0.7387080664,739.3164124,39.93429158,0.3819173378,0.5444366255,5052,1999-07-16,2009-03-09,2013-05-15,True,1528,5052,2000,-0.4825975006,1995,1.194544737,-0.5516703114,-0.1575515237,-0.1044840635,0.04458566788,240,0.05538407671,0.1360624387,0.1355457868,120,0.1397473579,0.1635859149,216,5.408885232
UPRO_SMA_TO_TBILL,SP500,250,100,LAG1,IMMEDIATE_NEXT_RETURN,0,PRICE_INDEX,TOTAL_RETURN,1986-09-26,1986-09-29,2026-09-02,10059,0.1658556008,-0.6044477273,458.576098,39.93429158,0.3553185413,0.5236461042,3903,1999-07-16,2003-04-25,2010-03-23,True,2524,3903,2000,-0.5150427707,1995,1.188727232,-0.5121002824,-0.1298780583,-0.05848601604,0.05397090519,240,0.05719186706,0.1332891795,0.1307137568,120,0.131822509,0.1493639796,216,5.408885232
UPRO_ALWAYS,SP500,250,100,LAG1,IMMEDIATE_NEXT_RETURN,10,PRICE_INDEX,TOTAL_RETURN,1986-09-26,1986-09-29,2026-09-02,10059,0.1255465269,-0.9835796766,112.5027343,39.93429158,0.5504645955,0.4430230357,7211,2000-03-23,2009-03-09,2019-12-20,True,3938,7211,2008,-0.8612115072,1995,1.205537133,-0.9235226266,-0.3977953574,-0.316360203,-0.06322913716,240,-0.04166123509,0.05018556387,0.06263575866,120,0.06656755939,0.1130643613,0,0
UPRO_SMA_TO_SP500,SP500,250,100,LAG1,IMMEDIATE_NEXT_RETURN,10,PRICE_INDEX,TOTAL_RETURN,1986-09-26,1986-09-29,2026-09-02,10059,0.1735147284,-0.7580817701,595.6289584,39.93429158,0.3819597774,0.5302458155,5178,1999-07-16,2009-03-09,2013-09-18,True,1654,5178,2000,-0.491323327,1995,1.190157842,-0.5565673533,-0.1630968957,-0.1113536698,0.03807412093,240,0.04880521661,0.1292563945,0.129427593,120,0.1336065265,0.1568153301,216,5.408885232
UPRO_SMA_TO_TBILL,SP500,250,100,LAG1,IMMEDIATE_NEXT_RETURN,10,PRICE_INDEX,TOTAL_RETURN,1986-09-26,1986-09-29,2026-09-02,10059,0.1595635071,-0.6157236196,369.4510213,39.93429158,0.3553328049,0.5084000999,3925,1999-07-16,2003-04-28,2010-04-14,True,2543,3925,2000,-0.5232214181,1995,1.184351966,-0.5202675829,-0.1361244008,-0.06571044828,0.04740085427,240,0.05060173789,0.1262438853,0.1244159843,120,0.1251613985,0.143009547,216,5.408885232
UPRO_ALWAYS,SP500,250,100,LAG1,IMMEDIATE_NEXT_RETURN,25,PRICE_INDEX,TOTAL_RETURN,1986-09-26,1986-09-29,2026-09-02,10059,0.1255465269,-0.9835796766,112.5027343,39.93429158,0.5504645955,0.4430230357,7211,2000-03-23,2009-03-09,2019-12-20,True,3938,7211,2008,-0.8612115072,1995,1.205537133,-0.9235226266,-0.3977953574,-0.316360203,-0.06322913716,240,-0.04166123509,0.05018556387,0.06263575866,120,0.06656755939,0.1130643613,0,0
UPRO_SMA_TO_SP500,SP500,250,100,LAG1,IMMEDIATE_NEXT_RETURN,25,PRICE_INDEX,TOTAL_RETURN,1986-09-26,1986-09-29,2026-09-02,10059,0.1640155805,-0.7845137128,430.5441463,39.93429158,0.3820493109,0.5089310729,5243,1999-07-16,2009-03-09,2013-11-22,True,1719,5243,2000,-0.5041527643,1995,1.183585729,-0.5638218048,-0.1746063906,-0.1215721048,0.02837074907,240,0.03900153611,0.1193411646,0.1203006854,120,0.1244458489,0.146774376,216,5.408885232
UPRO_SMA_TO_TBILL,SP500,250,100,LAG1,IMMEDIATE_NEXT_RETURN,25,PRICE_INDEX,TOTAL_RETURN,1986-09-26,1986-09-29,2026-09-02,10059,0.1501772888,-0.6321093425,267.0537963,39.93429158,0.3553821444,0.4854952469,5212,1999-07-16,2003-04-28,2013-10-22,True,3830,5212,2000,-0.5352463472,1995,1.177797275,-0.5322777358,-0.1454215045,-0.07645665299,0.037610301,240,0.04078126445,0.1162478622,0.1144352395,120,0.1152307999,0.1331996027,216,5.408885232
UPRO_ALWAYS,SP500,250,100,LAG1,IMMEDIATE_NEXT_RETURN,50,PRICE_INDEX,TOTAL_RETURN,1986-09-26,1986-09-29,2026-09-02,10059,0.1255465269,-0.9835796766,112.5027343,39.93429158,0.5504645955,0.4430230357,7211,2000-03-23,2009-03-09,2019-12-20,True,3938,7211,2008,-0.8612115072,1995,1.205537133,-0.9235226266,-0.3977953574,-0.316360203,-0.06322913716,240,-0.04166123509,0.05018556387,0.06263575866,120,0.06656755939,0.1130643613,0,0
UPRO_SMA_TO_SP500,SP500,250,100,LAG1,IMMEDIATE_NEXT_RETURN,50,PRICE_INDEX,TOTAL_RETURN,1986-09-26,1986-09-29,2026-09-02,10059,0.1483229976,-0.8223753561,250.3893129,39.93429158,0.3822674728,0.4733433943,5453,1999-07-16,2009-03-09,2014-06-20,True,1929,5453,2000,-0.5248607641,1995,1.172654153,-0.5756732049,-0.1938509296,-0.1383757336,0.01236778659,240,0.02283314293,0.1028249727,0.1052227673,120,0.1093121419,0.1305183741,216,5.408885232
UPRO_SMA_TO_TBILL,SP500,250,100,LAG1,IMMEDIATE_NEXT_RETURN,50,PRICE_INDEX,TOTAL_RETURN,1986-09-26,1986-09-29,2026-09-02,10059,0.1346712658,-0.6786021536,155.3090831,39.93429158,0.3555388542,0.4472410141,5429,1999-07-16,2012-06-04,2014-05-27,True,722,5429,2000,-0.5546557899,1995,1.166894678,-0.551668255,-0.1607252531,-0.09412809426,0.02146355749,240,0.02458517608,0.09999752539,0.09796438903,120,0.09874041639,0.1170481209,216,5.408885232
UPRO_ALWAYS,SP500,250,100,LAG2,WAIT_ONE_TRADING_DAY,0,PRICE_INDEX,TOTAL_RETURN,1986-09-26,1986-09-29,2026-09-02,10059,0.1255465269,-0.9835796766,112.5027343,39.93429158,0.5504645955,0.4430230357,7211,2000-03-23,2009-03-09,2019-12-20,True,3938,7211,2008,-0.8612115072,1995,1.205537133,-0.9235226266,-0.3977953574,-0.316360203,-0.06322913716,240,-0.04166123509,0.05018556387,0.06263575866,120,0.06656755939,0.1130643613,0,0
UPRO_SMA_TO_SP500,SP500,250,100,LAG2,WAIT_ONE_TRADING_DAY,0,PRICE_INDEX,TOTAL_RETURN,1986-09-26,1986-09-29,2026-09-02,10059,0.1408435985,-0.7827309874,192.8786492,39.93429158,0.3969858519,0.4635362858,5040,1987-08-25,1987-10-19,1995-09-05,True,2878,2933,2022,-0.4674935741,1995,1.193927479,-0.7714313762,-0.1723171784,-0.09685037406,0.04283225739,240,0.05361254033,0.122014521,0.09655249464,120,0.1006097888,0.1485518388,216,5.408885232
UPRO_SMA_TO_TBILL,SP500,250,100,LAG2,WAIT_ONE_TRADING_DAY,0,PRICE_INDEX,TOTAL_RETURN,1986-09-26,1986-09-29,2026-09-02,10059,0.1129914516,-0.8174657561,71.8816842,39.93429158,0.3734341548,0.4022109826,3283,1987-08-25,1988-11-16,1996-02-06,True,2638,3087,2000,-0.4716409812,1995,1.18785455,-0.8088813696,-0.1628412541,-0.05750862249,0.0513274534,240,0.05538777015,0.1117507281,0.07827493449,120,0.08226460089,0.127660674,216,5.408885232
UPRO_ALWAYS,SP500,250,100,LAG2,WAIT_ONE_TRADING_DAY,10,PRICE_INDEX,TOTAL_RETURN,1986-09-26,1986-09-29,2026-09-02,10059,0.1255465269,-0.9835796766,112.5027343,39.93429158,0.5504645955,0.4430230357,7211,2000-03-23,2009-03-09,2019-12-20,True,3938,7211,2008,-0.8612115072,1995,1.205537133,-0.9235226266,-0.3977953574,-0.316360203,-0.06322913716,240,-0.04166123509,0.05018556387,0.06263575866,120,0.06656755939,0.1130643613,0,0
UPRO_SMA_TO_SP500,SP500,250,100,LAG2,WAIT_ONE_TRADING_DAY,10,PRICE_INDEX,TOTAL_RETURN,1986-09-26,1986-09-29,2026-09-02,10059,0.1346864939,-0.782813466,155.3923421,39.93429158,0.3969854168,0.4498992635,5054,1987-08-25,1987-12-04,1995-09-12,True,2839,2940,2022,-0.474374774,1995,1.189541818,-0.7730233072,-0.1777653563,-0.1037785393,0.03633164053,240,0.04704472332,0.1150760925,0.09064439232,120,0.09467982628,0.1419448301,216,5.408885232
UPRO_SMA_TO_TBILL,SP500,250,100,LAG2,WAIT_ONE_TRADING_DAY,10,PRICE_INDEX,TOTAL_RETURN,1986-09-26,1986-09-29,2026-09-02,10059,0.1069846643,-0.8189209293,57.91135158,39.93429158,0.3734621753,0.3877126365,4289,1987-08-25,1988-11-16,1996-02-08,True,2640,3089,2000,-0.4805515857,1995,1.183481028,-0.8102124695,-0.1655161197,-0.06530174563,0.04451351902,240,0.04880888703,0.1054135266,0.07246530962,120,0.07643348015,0.1212691505,216,5.408885232
UPRO_ALWAYS,SP500,250,100,LAG2,WAIT_ONE_TRADING_DAY,25,PRICE_INDEX,TOTAL_RETURN,1986-09-26,1986-09-29,2026-09-02,10059,0.1255465269,-0.9835796766,112.5027343,39.93429158,0.5504645955,0.4430230357,7211,2000-03-23,2009-03-09,2019-12-20,True,3938,7211,2008,-0.8612115072,1995,1.205537133,-0.9235226266,-0.3977953574,-0.316360203,-0.06322913716,240,-0.04166123509,0.05018556387,0.06263575866,120,0.06656755939,0.1130643613,0,0
UPRO_SMA_TO_SP500,SP500,250,100,LAG2,WAIT_ONE_TRADING_DAY,25,PRICE_INDEX,TOTAL_RETURN,1986-09-26,1986-09-29,2026-09-02,10059,0.1255016455,-0.7831395719,112.3237249,39.93429158,0.3970098239,0.4294165576,5215,1987-08-25,1987-12-04,1995-09-20,True,2847,2948,2022,-0.4845428009,1995,1.182971554,-0.7753933877,-0.1858805547,-0.1140840798,0.02664455647,240,0.03725749898,0.1052003029,0.08183089188,120,0.08583371548,0.1322703875,216,5.408885232
UPRO_SMA_TO_TBILL,SP500,250,100,LAG2,WAIT_ONE_TRADING_DAY,25,PRICE_INDEX,TOTAL_RETURN,1986-09-26,1986-09-29,2026-09-02,10059,0.09802405151,-0.8210846567,41.86061318,39.93429158,0.3735307293,0.3659431971,5576,1987-08-25,1988-11-16,1996-05-20,True,2742,3191,2000,-0.4936526994,1995,1.176928951,-0.8121942225,-0.1695173942,-0.07688517246,0.03436269929,240,0.03900517222,0.09523600311,0.06379871439,120,0.06773481812,0.1118002771,216,5.408885232
UPRO_ALWAYS,SP500,250,100,LAG2,WAIT_ONE_TRADING_DAY,50,PRICE_INDEX,TOTAL_RETURN,1986-09-26,1986-09-29,2026-09-02,10059,0.1255465269,-0.9835796766,112.5027343,39.93429158,0.5504645955,0.4430230357,7211,2000-03-23,2009-03-09,2019-12-20,True,3938,7211,2008,-0.8612115072,1995,1.205537133,-0.9235226266,-0.3977953574,-0.316360203,-0.06322913716,240,-0.04166123509,0.05018556387,0.06263575866,120,0.06656755939,0.1130643613,0,0
UPRO_SMA_TO_SP500,SP500,250,100,LAG2,WAIT_ONE_TRADING_DAY,50,PRICE_INDEX,TOTAL_RETURN,1986-09-26,1986-09-29,2026-09-02,10059,0.1103282851,-0.8066330558,65.3235227,39.93429158,0.3971173108,0.395217784,5429,1999-07-16,2009-03-09,2014-05-27,True,1905,5429,2022,-0.5010869055,1995,1.172043052,-0.7792964063,-0.1992548675,-0.1310309486,0.01066845609,240,0.02111624559,0.08896841402,0.06727073156,120,0.07121968191,0.1157926358,216,5.408885232
UPRO_SMA_TO_TBILL,SP500,250,100,LAG2,WAIT_ONE_TRADING_DAY,50,PRICE_INDEX,TOTAL_RETURN,1986-09-26,1986-09-29,2026-09-02,10059,0.08322112816,-0.8246406216,24.34465841,39.93429158,0.3737156665,0.3296161618,5795,1987-08-25,1988-11-16,1996-10-04,True,2879,3328,2000,-0.5147992119,1995,1.1660307,-0.8154577481,-0.1761568467,-0.09591049257,0.01763015308,240,0.02268597337,0.07889999294,0.04948124579,120,0.05336437423,0.09562630043,216,5.408885232
TQQQ_ALWAYS,NASDAQ100,150,0,LAG1,IMMEDIATE_NEXT_RETURN,0,PRICE_INDEX,TOTAL_RETURN,1986-09-26,1986-09-29,2026-09-02,10059,0.1461438983,-0.9997995254,232.0990472,39.93429158,0.7819212139,0.5284163735,9655,2000-03-27,2009-03-09,,False,,,2000,-0.9162958512,1999,4.288122096,-0.9917504719,-0.7198956163,-0.4946031042,-0.1769845585,240,-0.1567649421,-0.006497112724,0.04664319722,120,0.05026317241,0.1098767596,0,0
TQQQ_SMA_TO_NASDAQ,NASDAQ100,150,0,LAG1,IMMEDIATE_NEXT_RETURN,0,PRICE_INDEX,TOTAL_RETURN,1986-09-26,1986-09-29,2026-09-02,10059,0.2235552564,-0.9905625148,3156.355242,39.93429158,0.5606159154,0.5878245255,7463,2000-03-27,2003-03-11,2020-09-01,True,6384,7463,2000,-0.8613784441,1999,4.288122096,-0.9398182842,-0.5561536428,-0.2870058225,-0.05543905658,240,-0.04111949612,0.09725427449,0.1341923132,120,0.1381150903,0.1814977344,335,8.388780337
TQQQ_SMA_TO_TBILL,NASDAQ100,150,0,LAG1,IMMEDIATE_NEXT_RETURN,0,PRICE_INDEX,TOTAL_RETURN,1986-09-26,1986-09-29,2026-09-02,10059,0.1933356098,-0.9872468405,1162.679641,39.93429158,0.5265355687,0.5432283308,7777,2000-03-27,2003-03-31,2021-07-12,True,6678,7777,2000,-0.8661534938,1999,4.288122096,-0.9197022508,-0.5435479084,-0.2615902674,-0.06834184658,240,-0.05810933033,0.07212488394,0.1075814931,120,0.1114122327,0.143006268,335,8.388780337
TQQQ_ALWAYS,NASDAQ100,150,0,LAG1,IMMEDIATE_NEXT_RETURN,10,PRICE_INDEX,TOTAL_RETURN,1986-09-26,1986-09-29,2026-09-02,10059,0.1461438983,-0.9997995254,232.0990472,39.93429158,0.7819212139,0.5284163735,9655,2000-03-27,2009-03-09,,False,,,2000,-0.9162958512,1999,4.288122096,-0.9917504719,-0.7198956163,-0.4946031042,-0.1769845585,240,-0.1567649421,-0.006497112724,0.04664319722,120,0.05026317241,0.1098767596,0,0
TQQQ_SMA_TO_NASDAQ,NASDAQ100,150,0,LAG1,IMMEDIATE_NEXT_RETURN,10,PRICE_INDEX,TOTAL_RETURN,1986-09-26,1986-09-29,2026-09-02,10059,0.2133289592,-0.9912602786,2257.482706,39.93429158,0.560571407,0.5728516309,7609,2000-03-27,2008-11-20,2021-01-25,True,4449,7609,2000,-0.8656118721,1999,4.288122096,-0.9416475722,-0.5641592915,-0.2952339799,-0.06563721763,240,-0.05147226147,0.08695681314,0.1237259435,120,0.1276125211,0.1704972728,335,8.388780337
TQQQ_SMA_TO_TBILL,NASDAQ100,150,0,LAG1,IMMEDIATE_NEXT_RETURN,10,PRICE_INDEX,TOTAL_RETURN,1986-09-26,1986-09-29,2026-09-02,10059,0.1833618841,-0.9880856325,831.569637,39.93429158,0.5265078623,0.5272834953,7891,2000-03-27,2003-03-31,2021-11-03,True,6792,7891,2000,-0.8702410943,1999,4.288122096,-0.9221561547,-0.5517809265,-0.2701117275,-0.0784006998,240,-0.06827866118,0.06191968365,0.0973606891,120,0.1011560785,0.1322917701,335,8.388780337
TQQQ_ALWAYS,NASDAQ100,150,0,LAG1,IMMEDIATE_NEXT_RETURN,25,PRICE_INDEX,TOTAL_RETURN,1986-09-26,1986-09-29,2026-09-02,10059,0.1461438983,-0.9997995254,232.0990472,39.93429158,0.7819212139,0.5284163735,9655,2000-03-27,2009-03-09,,False,,,2000,-0.9162958512,1999,4.288122096,-0.9917504719,-0.7198956163,-0.4946031042,-0.1769845585,240,-0.1567649421,-0.006497112724,0.04664319722,120,0.05026317241,0.1098767596,0,0
TQQQ_SMA_TO_NASDAQ,NASDAQ100,150,0,LAG1,IMMEDIATE_NEXT_RETURN,25,PRICE_INDEX,TOTAL_RETURN,1986-09-26,1986-09-29,2026-09-02,10059,0.1981306564,-0.9926251089,1364.610902,39.93429158,0.5605320036,0.5503609423,7819,2000-03-27,2008-11-20,2021-08-23,True,4659,7819,2000,-0.8717283137,1999,4.288122096,-0.9442910087,-0.5759123346,-0.3074136189,-0.08074712611,240,-0.06681123643,0.07084639541,0.1081879061,120,0.1120207431,0.1541680461,335,8.388780337
TQQQ_SMA_TO_TBILL,NASDAQ100,150,0,LAG1,IMMEDIATE_NEXT_RETURN,25,PRICE_INDEX,TOTAL_RETURN,1986-09-26,1986-09-29,2026-09-02,10059,0.1685389525,-0.989242898,502.670071,39.93429158,0.5264953609,0.5033352825,8478,2000-03-27,2003-03-31,2023-06-13,True,7379,8478,2000,-0.8761468449,1999,4.288122096,-0.9257014523,-0.5638677693,-0.2827255248,-0.09330420553,240,-0.08334585395,0.04661886492,0.08218721065,120,0.08593012024,0.1162989814,335,8.388780337
TQQQ_ALWAYS,NASDAQ100,150,0,LAG1,IMMEDIATE_NEXT_RETURN,50,PRICE_INDEX,TOTAL_RETURN,1986-09-26,1986-09-29,2026-09-02,10059,0.1461438983,-0.9997995254,232.0990472,39.93429158,0.7819212139,0.5284163735,9655,2000-03-27,2009-03-09,,False,,,2000,-0.9162958512,1999,4.288122096,-0.9917504719,-0.7198956163,-0.4946031042,-0.1769845585,240,-0.1567649421,-0.006497112724,0.04664319722,120,0.05026317241,0.1098767596,0,0
TQQQ_SMA_TO_NASDAQ,NASDAQ100,150,0,LAG1,IMMEDIATE_NEXT_RETURN,50,PRICE_INDEX,TOTAL_RETURN,1986-09-26,1986-09-29,2026-09-02,10059,0.1731725416,-0.9944460043,588.7323849,39.93429158,0.5605393027,0.5128026023,8702,2000-03-27,2008-11-20,2024-01-23,True,5542,8702,2000,-0.8813285436,1999,4.288122096,-0.9484413116,-0.5948377318,-0.327286315,-0.1054380737,240,-0.09187649924,0.04402214798,0.08271669875,120,0.08646143966,0.1273340959,335,8.388780337
TQQQ_SMA_TO_TBILL,NASDAQ100,150,0,LAG1,IMMEDIATE_NEXT_RETURN,50,PRICE_INDEX,TOTAL_RETURN,1986-09-26,1986-09-29,2026-09-02,10059,0.1441972588,-0.9909304178,216.8663239,39.93429158,0.5265520158,0.4633507822,8843,2000-03-27,2003-03-31,2024-06-12,True,7744,8843,2000,-0.885416379,1999,4.288122096,-0.9312658364,-0.583330669,-0.3033066076,-0.1176578725,240,-0.1079670003,0.02043795365,0.05731361774,120,0.06097049821,0.09009292984,335,8.388780337
TQQQ_ALWAYS,NASDAQ100,150,0,LAG2,WAIT_ONE_TRADING_DAY,0,PRICE_INDEX,TOTAL_RETURN,1986-09-26,1986-09-29,2026-09-02,10059,0.1461438983,-0.9997995254,232.0990472,39.93429158,0.7819212139,0.5284163735,9655,2000-03-27,2009-03-09,,False,,,2000,-0.9162958512,1999,4.288122096,-0.9917504719,-0.7198956163,-0.4946031042,-0.1769845585,240,-0.1567649421,-0.006497112724,0.04664319722,120,0.05026317241,0.1098767596,0,0
TQQQ_SMA_TO_NASDAQ,NASDAQ100,150,0,LAG2,WAIT_ONE_TRADING_DAY,0,PRICE_INDEX,TOTAL_RETURN,1986-09-26,1986-09-29,2026-09-02,10059,0.228020482,-0.9825698602,3650.588289,39.93429158,0.5677530227,0.5936929573,7227,2000-03-27,2003-03-11,2020-01-09,True,6148,7227,2000,-0.7280851546,1999,4.288122096,-0.8823284503,-0.487981212,-0.2332911763,-0.03221949607,240,-0.01754792667,0.1294567217,0.1468998948,120,0.1508666231,0.1974515591,335,8.388780337
TQQQ_SMA_TO_TBILL,NASDAQ100,150,0,LAG2,WAIT_ONE_TRADING_DAY,0,PRICE_INDEX,TOTAL_RETURN,1986-09-26,1986-09-29,2026-09-02,10059,0.2016073801,-0.9674704093,1532.012852,39.93429158,0.5350671023,0.5556665996,7234,2000-03-27,2003-03-31,2020-01-16,True,6135,7234,2002,-0.6421264705,1999,4.288122096,-0.7742569629,-0.4325654213,-0.175360955,-0.03194529083,240,-0.02131302674,0.118872731,0.1275112118,120,0.1314108814,0.1703550115,335,8.388780337
TQQQ_ALWAYS,NASDAQ100,150,0,LAG2,WAIT_ONE_TRADING_DAY,10,PRICE_INDEX,TOTAL_RETURN,1986-09-26,1986-09-29,2026-09-02,10059,0.1461438983,-0.9997995254,232.0990472,39.93429158,0.7819212139,0.5284163735,9655,2000-03-27,2009-03-09,,False,,,2000,-0.9162958512,1999,4.288122096,-0.9917504719,-0.7198956163,-0.4946031042,-0.1769845585,240,-0.1567649421,-0.006497112724,0.04664319722,120,0.05026317241,0.1098767596,0,0
TQQQ_SMA_TO_NASDAQ,NASDAQ100,150,0,LAG2,WAIT_ONE_TRADING_DAY,10,PRICE_INDEX,TOTAL_RETURN,1986-09-26,1986-09-29,2026-09-02,10059,0.2177568651,-0.983683647,2610.967175,39.93429158,0.5677690081,0.5789082715,7268,2000-03-27,2003-03-11,2020-02-19,True,6189,7268,2000,-0.7363892882,1999,4.288122096,-0.8859052036,-0.4972164856,-0.2421392162,-0.04266835224,240,-0.02815518768,0.1184850609,0.136316259,120,0.1402463822,0.1864269848,335,8.388780337
TQQQ_SMA_TO_TBILL,NASDAQ100,150,0,LAG2,WAIT_ONE_TRADING_DAY,10,PRICE_INDEX,TOTAL_RETURN,1986-09-26,1986-09-29,2026-09-02,10059,0.1915645201,-0.9696099232,1095.723471,39.93429158,0.5350843481,0.5399761339,7456,2000-03-27,2003-03-31,2020-08-25,True,6357,7456,2002,-0.6499175679,1999,4.288122096,-0.7811556833,-0.4428002285,-0.1848775262,-0.04239710752,240,-0.03187963701,0.1077260466,0.1171064955,120,0.1209701788,0.1592456171,335,8.388780337
TQQQ_ALWAYS,NASDAQ100,150,0,LAG2,WAIT_ONE_TRADING_DAY,25,PRICE_INDEX,TOTAL_RETURN,1986-09-26,1986-09-29,2026-09-02,10059,0.1461438983,-0.9997995254,232.0990472,39.93429158,0.7819212139,0.5284163735,9655,2000-03-27,2009-03-09,,False,,,2000,-0.9162958512,1999,4.288122096,-0.9917504719,-0.7198956163,-0.4946031042,-0.1769845585,240,-0.1567649421,-0.006497112724,0.04664319722,120,0.05026317241,0.1098767596,0,0
TQQQ_SMA_TO_NASDAQ,NASDAQ100,150,0,LAG2,WAIT_ONE_TRADING_DAY,25,PRICE_INDEX,TOTAL_RETURN,1986-09-26,1986-09-29,2026-09-02,10059,0.2025030978,-0.9852241471,1578.286408,39.93429158,0.5678197807,0.556706517,7464,2000-03-27,2003-03-11,2020-09-02,True,6385,7464,2000,-0.7483870706,1999,4.288122096,-0.8910738377,-0.5107747335,-0.2552364293,-0.0581496983,240,-0.04387123121,0.1018942617,0.1206041322,120,0.1244799126,0.1700798449,335,8.388780337
TQQQ_SMA_TO_TBILL,NASDAQ100,150,0,LAG2,WAIT_ONE_TRADING_DAY,25,PRICE_INDEX,TOTAL_RETURN,1986-09-26,1986-09-29,2026-09-02,10059,0.1766388413,-0.9725617698,662.3466878,39.93429158,0.5351386464,0.5164148762,7605,2000-03-27,2003-03-31,2021-01-21,True,6506,7605,2002,-0.6613013447,1999,4.288122096,-0.7911226656,-0.4578258854,-0.1989643255,-0.05788283997,240,-0.04753545117,0.09175475059,0.1016599869,120,0.1054702461,0.1427584647,335,8.388780337
TQQQ_ALWAYS,NASDAQ100,150,0,LAG2,WAIT_ONE_TRADING_DAY,50,PRICE_INDEX,TOTAL_RETURN,1986-09-26,1986-09-29,2026-09-02,10059,0.1461438983,-0.9997995254,232.0990472,39.93429158,0.7819212139,0.5284163735,9655,2000-03-27,2009-03-09,,False,,,2000,-0.9162958512,1999,4.288122096,-0.9917504719,-0.7198956163,-0.4946031042,-0.1769845585,240,-0.1567649421,-0.006497112724,0.04664319722,120,0.05026317241,0.1098767596,0,0
TQQQ_SMA_TO_NASDAQ,NASDAQ100,150,0,LAG2,WAIT_ONE_TRADING_DAY,50,PRICE_INDEX,TOTAL_RETURN,1986-09-26,1986-09-29,2026-09-02,10059,0.1774539012,-0.9883484577,680.918143,39.93429158,0.5679758292,0.5196470147,7826,2000-03-27,2008-11-20,2021-08-30,True,4666,7826,2000,-0.7672185217,1999,4.288122096,-0.8991888036,-0.5326069706,-0.2766062692,-0.08344760829,240,-0.06955265796,0.07493235514,0.09484754344,120,0.09863424072,0.1429987189,335,8.388780337
TQQQ_SMA_TO_TBILL,NASDAQ100,150,0,LAG2,WAIT_ONE_TRADING_DAY,50,PRICE_INDEX,TOTAL_RETURN,1986-09-26,1986-09-29,2026-09-02,10059,0.1521284199,-0.9768661407,285.7554082,39.93429158,0.5353049256,0.4770891342,7906,2000-03-27,2003-03-31,2021-11-18,True,6807,7906,2002,-0.6794931227,1999,4.288122096,-0.8067659553,-0.4820210254,-0.2219488065,-0.08318791772,240,-0.0731184577,0.06504726389,0.0763388209,120,0.08006150294,0.1157458218,335,8.388780337
TQQQ_ALWAYS,NASDAQ100,150,50,LAG1,IMMEDIATE_NEXT_RETURN,0,PRICE_INDEX,TOTAL_RETURN,1986-09-26,1986-09-29,2026-09-02,10059,0.1345569198,-0.9998170634,154.6852882,39.93429158,0.7819287694,0.5154305843,9655,2000-03-27,2009-03-09,,False,,,2000,-0.9171517438,1999,4.235072003,-0.9918368341,-0.7227521501,-0.4997389613,-0.1853190797,240,-0.1653034601,-0.01655356655,0.03605611464,120,0.03963849675,0.09865412026,0,0
TQQQ_SMA_TO_NASDAQ,NASDAQ100,150,50,LAG1,IMMEDIATE_NEXT_RETURN,0,PRICE_INDEX,TOTAL_RETURN,1986-09-26,1986-09-29,2026-09-02,10059,0.2144162843,-0.9906825529,2339.69703,39.93429158,0.5606126336,0.5744482161,7604,2000-03-27,2008-11-20,2021-01-20,True,4444,7604,2000,-0.8621010304,1999,4.235072003,-0.9399916644,-0.5582924188,-0.2911950617,-0.06219934942,240,-0.04797143232,0.08959822853,0.1259309675,120,0.1298241108,0.1726400997,335,8.388780337
TQQQ_SMA_TO_TBILL,NASDAQ100,150,50,LAG1,IMMEDIATE_NEXT_RETURN,0,PRICE_INDEX,TOTAL_RETURN,1986-09-26,1986-09-29,2026-09-02,10059,0.1844223542,-0.9873468666,861.8542259,39.93429158,0.5265296137,0.5289883284,7830,2000-03-27,2003-03-31,2021-09-03,True,6731,7830,2000,-0.8668511894,1999,4.235072003,-0.9199282213,-0.5457474281,-0.2659288372,-0.07500470688,240,-0.06483986114,0.06453543984,0.09951397809,120,0.1033157791,0.1344134334,335,8.388780337
TQQQ_ALWAYS,NASDAQ100,150,50,LAG1,IMMEDIATE_NEXT_RETURN,10,PRICE_INDEX,TOTAL_RETURN,1986-09-26,1986-09-29,2026-09-02,10059,0.1345569198,-0.9998170634,154.6852882,39.93429158,0.7819287694,0.5154305843,9655,2000-03-27,2009-03-09,,False,,,2000,-0.9171517438,1999,4.235072003,-0.9918368341,-0.7227521501,-0.4997389613,-0.1853190797,240,-0.1653034601,-0.01655356655,0.03605611464,120,0.03963849675,0.09865412026,0,0
TQQQ_SMA_TO_NASDAQ,NASDAQ100,150,50,LAG1,IMMEDIATE_NEXT_RETURN,10,PRICE_INDEX,TOTAL_RETURN,1986-09-26,1986-09-29,2026-09-02,10059,0.2042663693,-0.9916785865,1673.393892,39.93429158,0.5605679613,0.5594746241,7763,2000-03-27,2008-11-20,2021-06-28,True,4603,7763,2000,-0.866312391,1999,4.235072003,-0.9418156823,-0.5662594904,-0.2993748741,-0.07232452147,240,-0.05825021922,0.07937261593,0.1155408338,120,0.1193980511,0.1617221122,335,8.388780337
TQQQ_SMA_TO_TBILL,NASDAQ100,150,50,LAG1,IMMEDIATE_NEXT_RETURN,10,PRICE_INDEX,TOTAL_RETURN,1986-09-26,1986-09-29,2026-09-02,10059,0.1745231241,-0.9881790798,616.4138258,39.93429158,0.5265017333,0.5130430412,8460,2000-03-27,2003-03-31,2023-05-26,True,7361,8460,2000,-0.8709174827,1999,4.235072003,-0.9223752195,-0.5539407735,-0.2744002291,-0.08499162306,240,-0.07493652432,0.05443888261,0.08936762139,120,0.09313433925,0.1238167246,335,8.388780337
TQQQ_ALWAYS,NASDAQ100,150,50,LAG1,IMMEDIATE_NEXT_RETURN,25,PRICE_INDEX,TOTAL_RETURN,1986-09-26,1986-09-29,2026-09-02,10059,0.1345569198,-0.9998170634,154.6852882,39.93429158,0.7819287694,0.5154305843,9655,2000-03-27,2009-03-09,,False,,,2000,-0.9171517438,1999,4.235072003,-0.9918368341,-0.7227521501,-0.4997389613,-0.1853190797,240,-0.1653034601,-0.01655356655,0.03605611464,120,0.03963849675,0.09865412026,0,0
TQQQ_SMA_TO_NASDAQ,NASDAQ100,150,50,LAG1,IMMEDIATE_NEXT_RETURN,25,PRICE_INDEX,TOTAL_RETURN,1986-09-26,1986-09-29,2026-09-02,10059,0.1891815856,-0.9929780921,1011.538889,39.93429158,0.5605283112,0.5369835263,7892,2000-03-27,2008-11-20,2021-11-04,True,4732,7892,2000,-0.8723969497,1999,4.235072003,-0.9444515032,-0.5779558988,-0.311482951,-0.08732628721,240,-0.07347958544,0.06306026693,0.100115974,120,0.1039198566,0.1454842993,335,8.388780337
TQQQ_SMA_TO_TBILL,NASDAQ100,150,50,LAG1,IMMEDIATE_NEXT_RETURN,25,PRICE_INDEX,TOTAL_RETURN,1986-09-26,1986-09-29,2026-09-02,10059,0.1598109078,-0.9893272685,372.6119471,39.93429158,0.5264889702,0.4890949173,8513,2000-03-27,2003-03-31,2023-07-18,True,7414,8513,2000,-0.8767924487,1999,4.235072003,-0.9259105401,-0.565969373,-0.2869399132,-0.09978854466,240,-0.08989605044,0.03910910235,0.07430466506,120,0.07801929959,0.1079436428,335,8.388780337
TQQQ_ALWAYS,NASDAQ100,150,50,LAG1,IMMEDIATE_NEXT_RETURN,50,PRICE_INDEX,TOTAL_RETURN,1986-09-26,1986-09-29,2026-09-02,10059,0.1345569198,-0.9998170634,154.6852882,39.93429158,0.7819287694,0.5154305843,9655,2000-03-27,2009-03-09,,False,,,2000,-0.9171517438,1999,4.235072003,-0.9918368341,-0.7227521501,-0.4997389613,-0.1853190797,240,-0.1653034601,-0.01655356655,0.03605611464,120,0.03963849675,0.09865412026,0,0
TQQQ_SMA_TO_NASDAQ,NASDAQ100,150,50,LAG1,IMMEDIATE_NEXT_RETURN,50,PRICE_INDEX,TOTAL_RETURN,1986-09-26,1986-09-29,2026-09-02,10059,0.1644098878,-0.9947118343,436.4069654,39.93429158,0.5605351968,0.4994262032,8824,2000-03-27,2008-11-20,2024-05-24,True,5664,8824,2000,-0.881947137,1999,4.235072003,-0.9485898493,-0.5967900996,-0.3312388838,-0.1118405199,240,-0.09836573774,0.03651146124,0.07483029643,120,0.07854674843,0.118867873,335,8.388780337
TQQQ_SMA_TO_TBILL,NASDAQ100,150,50,LAG1,IMMEDIATE_NEXT_RETURN,50,PRICE_INDEX,TOTAL_RETURN,1986-09-26,1986-09-29,2026-09-02,10059,0.135651027,-0.991239921,160.7555091,39.93429158,0.5265451871,0.4491126087,8871,2000-03-27,2009-04-08,2024-07-10,True,5572,8871,2000,-0.8860136639,1999,4.235072003,-0.9314592651,-0.5853384862,-0.3074000706,-0.1239680436,240,-0.1143412598,0.01297837147,0.04961224897,120,0.05324150427,0.08193374473,335,8.388780337
TQQQ_ALWAYS,NASDAQ100,150,50,LAG2,WAIT_ONE_TRADING_DAY,0,PRICE_INDEX,TOTAL_RETURN,1986-09-26,1986-09-29,2026-09-02,10059,0.1345569198,-0.9998170634,154.6852882,39.93429158,0.7819287694,0.5154305843,9655,2000-03-27,2009-03-09,,False,,,2000,-0.9171517438,1999,4.235072003,-0.9918368341,-0.7227521501,-0.4997389613,-0.1853190797,240,-0.1653034601,-0.01655356655,0.03605611464,120,0.03963849675,0.09865412026,0,0
TQQQ_SMA_TO_NASDAQ,NASDAQ100,150,50,LAG2,WAIT_ONE_TRADING_DAY,0,PRICE_INDEX,TOTAL_RETURN,1986-09-26,1986-09-29,2026-09-02,10059,0.2188416029,-0.9827009181,2705.473764,39.93429158,0.5677503779,0.5804755542,7255,2000-03-27,2003-03-11,2020-02-06,True,6176,7255,2000,-0.7295148812,1999,4.235072003,-0.8826727776,-0.4904549984,-0.2377945794,-0.03915091301,240,-0.02457331472,0.1212456708,0.1385362377,120,0.1424729664,0.1884995238,335,8.388780337
TQQQ_SMA_TO_TBILL,NASDAQ100,150,50,LAG2,WAIT_ONE_TRADING_DAY,0,PRICE_INDEX,TOTAL_RETURN,1986-09-26,1986-09-29,2026-09-02,10059,0.1926259267,-0.9677305154,1135.384286,39.93429158,0.5350620822,0.5416436664,7261,2000-03-27,2003-03-31,2020-02-12,True,6162,7261,2002,-0.643041429,1999,4.235072003,-0.7749025058,-0.4353069456,-0.1802046217,-0.0388733867,240,-0.02831149104,0.1105238634,0.1192889448,120,0.1231591219,0.1613942978,335,8.388780337
TQQQ_ALWAYS,NASDAQ100,150,50,LAG2,WAIT_ONE_TRADING_DAY,10,PRICE_INDEX,TOTAL_RETURN,1986-09-26,1986-09-29,2026-09-02,10059,0.1345569198,-0.9998170634,154.6852882,39.93429158,0.7819287694,0.5154305843,9655,2000-03-27,2009-03-09,,False,,,2000,-0.9171517438,1999,4.235072003,-0.9918368341,-0.7227521501,-0.4997389613,-0.1853190797,240,-0.1653034601,-0.01655356655,0.03605611464,120,0.03963849675,0.09865412026,0,0
TQQQ_SMA_TO_NASDAQ,NASDAQ100,150,50,LAG2,WAIT_ONE_TRADING_DAY,10,PRICE_INDEX,TOTAL_RETURN,1986-09-26,1986-09-29,2026-09-02,10059,0.2086547018,-0.9838063303,1935.004068,39.93429158,0.5677662291,0.5656916214,7455,2000-03-27,2003-03-11,2020-08-24,True,6376,7455,2000,-0.7377753516,1999,4.235072003,-0.8862390647,-0.4996456524,-0.2465906487,-0.0495249326,240,-0.03510472457,0.1102252063,0.1280297821,120,0.1319301825,0.1775707816,335,8.388780337
TQQQ_SMA_TO_TBILL,NASDAQ100,150,50,LAG2,WAIT_ONE_TRADING_DAY,10,PRICE_INDEX,TOTAL_RETURN,1986-09-26,1986-09-29,2026-09-02,10059,0.1826581323,-0.9698529218,812.0475022,39.93429158,0.5350791859,0.5259539822,7463,2000-03-27,2003-03-31,2020-09-01,True,6364,7463,2002,-0.6508126073,1999,4.235072003,-0.7817814984,-0.4454923039,-0.1896652956,-0.04925040266,240,-0.03880254085,0.0998537914,0.1089601039,120,0.1127945669,0.1503699614,335,8.388780337
TQQQ_ALWAYS,NASDAQ100,150,50,LAG2,WAIT_ONE_TRADING_DAY,25,PRICE_INDEX,TOTAL_RETURN,1986-09-26,1986-09-29,2026-09-02,10059,0.1345569198,-0.9998170634,154.6852882,39.93429158,0.7819287694,0.5154305843,9655,2000-03-27,2009-03-09,,False,,,2000,-0.9171517438,1999,4.235072003,-0.9918368341,-0.7227521501,-0.4997389613,-0.1853190797,240,-0.1653034601,-0.01655356655,0.03605611464,120,0.03963849675,0.09865412026,0,0
TQQQ_SMA_TO_NASDAQ,NASDAQ100,150,50,LAG2,WAIT_ONE_TRADING_DAY,25,PRICE_INDEX,TOTAL_RETURN,1986-09-26,1986-09-29,2026-09-02,10059,0.1935149493,-0.9853352474,1169.677907,39.93429158,0.5678167997,0.5434916077,7604,2000-03-27,2003-03-11,2021-01-20,True,6525,7604,2000,-0.7497100498,1999,4.235072003,-0.8913925745,-0.5131383944,-0.259610933,-0.06489539849,240,-0.05070838471,0.09390111533,0.1124322345,120,0.1162787031,0.1613456629,335,8.388780337
TQQQ_SMA_TO_TBILL,NASDAQ100,150,50,LAG2,WAIT_ONE_TRADING_DAY,25,PRICE_INDEX,TOTAL_RETURN,1986-09-26,1986-09-29,2026-09-02,10059,0.167844016,-0.9727811655,490.8692639,39.93429158,0.53513327,0.5023946266,7759,2000-03-27,2003-03-31,2021-06-24,True,6660,7759,2002,-0.6621672797,1999,4.235072003,-0.7917199788,-0.4604453653,-0.2036693536,-0.06462530808,240,-0.0543464023,0.08367670832,0.09362623749,120,0.09740768042,0.1340090414,335,8.388780337
TQQQ_ALWAYS,NASDAQ100,150,50,LAG2,WAIT_ONE_TRADING_DAY,50,PRICE_INDEX,TOTAL_RETURN,1986-09-26,1986-09-29,2026-09-02,10059,0.1345569198,-0.9998170634,154.6852882,39.93429158,0.7819287694,0.5154305843,9655,2000-03-27,2009-03-09,,False,,,2000,-0.9171517438,1999,4.235072003,-0.9918368341,-0.7227521501,-0.4997389613,-0.1853190797,240,-0.1653034601,-0.01655356655,0.03605611464,120,0.03963849675,0.09865412026,0,0
TQQQ_SMA_TO_NASDAQ,NASDAQ100,150,50,LAG2,WAIT_ONE_TRADING_DAY,50,PRICE_INDEX,TOTAL_RETURN,1986-09-26,1986-09-29,2026-09-02,10059,0.1686529837,-0.9889068462,504.6326853,39.93429158,0.567972509,0.5064366343,7893,2000-03-27,2008-11-20,2021-11-05,True,4733,7893,2000,-0.7684424852,1999,4.235072003,-0.8994837947,-0.5348651505,-0.2808552532,-0.09001212033,240,-0.07620616688,0.06711233674,0.08686347309,120,0.09062153234,0.1344581291,335,8.388780337
TQQQ_SMA_TO_TBILL,NASDAQ100,150,50,LAG2,WAIT_ONE_TRADING_DAY,50,PRICE_INDEX,TOTAL_RETURN,1986-09-26,1986-09-29,2026-09-02,10059,0.1435167985,-0.9770511187,211.7751163,39.93429158,0.5352991901,0.4630739977,8508,2000-03-27,2003-03-31,2023-07-13,True,7409,8508,2002,-0.6803125476,1999,4.235072003,-0.8073185343,-0.4845236081,-0.226518831,-0.08974928449,240,-0.07974646806,0.0573798637,0.06848972363,120,0.07218425177,0.1072032183,335,8.388780337
TQQQ_ALWAYS,NASDAQ100,150,100,LAG1,IMMEDIATE_NEXT_RETURN,0,PRICE_INDEX,TOTAL_RETURN,1986-09-26,1986-09-29,2026-09-02,10059,0.1230864482,-0.999833068,103.0896114,39.93429158,0.7819365158,0.5024449429,9655,2000-03-27,2009-03-09,,False,,,2000,-0.9179989321,1999,4.182551226,-0.9919222976,-0.725579713,-0.5048229126,-0.1935696563,240,-0.1737559864,-0.02650877755,0.02557554518,120,0.029120722,0.08754434626,0,0
TQQQ_SMA_TO_NASDAQ,NASDAQ100,150,100,LAG1,IMMEDIATE_NEXT_RETURN,0,PRICE_INDEX,TOTAL_RETURN,1986-09-26,1986-09-29,2026-09-02,10059,0.2053450754,-0.9911285366,1734.307942,39.93429158,0.5606096887,0.5610714394,7689,2000-03-27,2008-11-20,2021-04-15,True,4529,7689,2000,-0.8628198927,1999,4.182551226,-0.9401645558,-0.5604210077,-0.2953599181,-0.06891162756,240,-0.05477478047,0.08199518705,0.1177293467,120,0.1215930779,0.163848394,335,8.388780337
TQQQ_SMA_TO_TBILL,NASDAQ100,150,100,LAG1,IMMEDIATE_NEXT_RETURN,0,PRICE_INDEX,TOTAL_RETURN,1986-09-26,1986-09-29,2026-09-02,10059,0.1755751881,-0.987446114,638.8522144,39.93429158,0.5265240174,0.5147476852,8452,2000-03-27,2003-03-31,2023-05-18,True,7353,8452,2000,-0.8675452893,1999,4.182551226,-0.9201535696,-0.5479364714,-0.270242155,-0.08162028081,240,-0.07152266481,0.05699930902,0.09150478661,120,0.09527786553,0.1258847318,335,8.388780337
TQQQ_ALWAYS,NASDAQ100,150,100,LAG1,IMMEDIATE_NEXT_RETURN,10,PRICE_INDEX,TOTAL_RETURN,1986-09-26,1986-09-29,2026-09-02,10059,0.1230864482,-0.999833068,103.0896114,39.93429158,0.7819365158,0.5024449429,9655,2000-03-27,2009-03-09,,False,,,2000,-0.9179989321,1999,4.182551226,-0.9919222976,-0.725579713,-0.5048229126,-0.1935696563,240,-0.1737559864,-0.02650877755,0.02557554518,120,0.029120722,0.08754434626,0,0
TQQQ_SMA_TO_NASDAQ,NASDAQ100,150,100,LAG1,IMMEDIATE_NEXT_RETURN,10,PRICE_INDEX,TOTAL_RETURN,1986-09-26,1986-09-29,2026-09-02,10059,0.1952709763,-0.9920768946,1240.4086,39.93429158,0.5605648525,0.546097151,7801,2000-03-27,2008-11-20,2021-08-05,True,4641,7801,2000,-0.8670092996,1999,4.182551226,-0.9419833185,-0.568349686,-0.3034916669,-0.07896432902,240,-0.06498011352,0.07183649837,0.1074148979,120,0.1112429744,0.1529816852,335,8.388780337
TQQQ_SMA_TO_TBILL,NASDAQ100,150,100,LAG1,IMMEDIATE_NEXT_RETURN,10,PRICE_INDEX,TOTAL_RETURN,1986-09-26,1986-09-29,2026-09-02,10059,0.1657499013,-0.9882717995,456.9187291,39.93429158,0.5264959631,0.4988019477,8478,2000-03-27,2003-03-31,2023-06-13,True,7379,8478,2000,-0.8715903851,1999,4.182551226,-0.9225936812,-0.556090333,-0.27866377,-0.09153577049,240,-0.08154717562,0.04697423464,0.08143233902,120,0.08517059983,0.1153824598,335,8.388780337
TQQQ_ALWAYS,NASDAQ100,150,100,LAG1,IMMEDIATE_NEXT_RETURN,25,PRICE_INDEX,TOTAL_RETURN,1986-09-26,1986-09-29,2026-09-02,10059,0.1230864482,-0.999833068,103.0896114,39.93429158,0.7819365158,0.5024449429,9655,2000-03-27,2009-03-09,,False,,,2000,-0.9179989321,1999,4.182551226,-0.9919222976,-0.725579713,-0.5048229126,-0.1935696563,240,-0.1737559864,-0.02650877755,0.02557554518,120,0.029120722,0.08754434626,0,0
TQQQ_SMA_TO_NASDAQ,NASDAQ100,150,100,LAG1,IMMEDIATE_NEXT_RETURN,25,PRICE_INDEX,TOTAL_RETURN,1986-09-26,1986-09-29,2026-09-02,10059,0.18029887,-0.9933141988,749.8064518,39.93429158,0.5605249557,0.5236056457,8508,2000-03-27,2008-11-20,2023-07-13,True,5348,8508,2000,-0.8730621397,1999,4.182551226,-0.9446115453,-0.5799897294,-0.3155285981,-0.0938587201,240,-0.08010064826,0.05533032922,0.0921023974,120,0.09587754212,0.1368120802,335,8.388780337
TQQQ_SMA_TO_TBILL,NASDAQ100,150,100,LAG1,IMMEDIATE_NEXT_RETURN,25,PRICE_INDEX,TOTAL_RETURN,1986-09-26,1986-09-29,2026-09-02,10059,0.1511475795,-0.9894109822,276.1998031,39.93429158,0.5264829383,0.4748539148,8708,2000-03-27,2003-03-31,2024-01-29,True,7609,8708,2000,-0.8774347251,1999,4.182551226,-0.9261190522,-0.5680609667,-0.2911297724,-0.1062268644,240,-0.09639979859,0.0316528166,0.06647910582,120,0.07016567676,0.09965038785,335,8.388780337
TQQQ_ALWAYS,NASDAQ100,150,100,LAG1,IMMEDIATE_NEXT_RETURN,50,PRICE_INDEX,TOTAL_RETURN,1986-09-26,1986-09-29,2026-09-02,10059,0.1230864482,-0.999833068,103.0896114,39.93429158,0.7819365158,0.5024449429,9655,2000-03-27,2009-03-09,,False,,,2000,-0.9179989321,1999,4.182551226,-0.9919222976,-0.725579713,-0.5048229126,-0.1935696563,240,-0.1737559864,-0.02650877755,0.02557554518,120,0.029120722,0.08754434626,0,0
TQQQ_SMA_TO_NASDAQ,NASDAQ100,150,100,LAG1,IMMEDIATE_NEXT_RETURN,50,PRICE_INDEX,TOTAL_RETURN,1986-09-26,1986-09-29,2026-09-02,10059,0.1557122069,-0.9949649546,323.4880654,39.93429158,0.5605314278,0.4860493425,8864,2000-03-27,2008-11-20,2024-07-03,True,5704,8864,2000,-0.8825625422,1999,4.182551226,-0.9487379683,-0.5987331682,-0.3351684473,-0.1181974929,240,-0.1048089601,0.02905439725,0.06700090833,120,0.07068928302,0.1104305674,335,8.388780337
TQQQ_SMA_TO_TBILL,NASDAQ100,150,100,LAG1,IMMEDIATE_NEXT_RETURN,50,PRICE_INDEX,TOTAL_RETURN,1986-09-26,1986-09-29,2026-09-02,10059,0.1271681635,-0.9916601792,119.1605377,39.93429158,0.5265387171,0.4348738017,9346,2000-03-27,2009-04-08,2025-10-28,True,6047,9346,2000,-0.8866078704,1999,4.182551226,-0.9316521613,-0.5873367402,-0.3114697082,-0.1302334313,240,-0.1206703186,0.00563623585,0.04196655673,120,0.04556839348,0.07383518577,335,8.388780337
TQQQ_ALWAYS,NASDAQ100,150,100,LAG2,WAIT_ONE_TRADING_DAY,0,PRICE_INDEX,TOTAL_RETURN,1986-09-26,1986-09-29,2026-09-02,10059,0.1230864482,-0.999833068,103.0896114,39.93429158,0.7819365158,0.5024449429,9655,2000-03-27,2009-03-09,,False,,,2000,-0.9179989321,1999,4.182551226,-0.9919222976,-0.725579713,-0.5048229126,-0.1935696563,240,-0.1737559864,-0.02650877755,0.02557554518,120,0.029120722,0.08754434626,0,0
TQQQ_SMA_TO_NASDAQ,NASDAQ100,150,100,LAG2,WAIT_ONE_TRADING_DAY,0,PRICE_INDEX,TOTAL_RETURN,1986-09-26,1986-09-29,2026-09-02,10059,0.2097308316,-0.9828309983,2005.01039,39.93429158,0.5677480661,0.5672577207,7449,2000-03-27,2003-03-11,2020-08-18,True,6370,7449,2000,-0.7309371745,1999,4.182551226,-0.8830161187,-0.4929169712,-0.2422717798,-0.0460330647,240,-0.03154884915,0.1130902377,0.1302331155,120,0.1341400693,0.1796273661,335,8.388780337
TQQQ_SMA_TO_TBILL,NASDAQ100,150,100,LAG2,WAIT_ONE_TRADING_DAY,0,PRICE_INDEX,TOTAL_RETURN,1986-09-26,1986-09-29,2026-09-02,10059,0.183711116,-0.967988557,841.4264888,39.93429158,0.5350574155,0.527620152,7462,2000-03-27,2003-03-31,2020-08-31,True,6363,7462,2002,-0.6439541027,1999,4.182551226,-0.7755462423,-0.4380353777,-0.1850201059,-0.04575227868,240,-0.03526029278,0.1025749086,0.1111261894,120,0.114967095,0.1525017027,335,8.388780337
TQQQ_ALWAYS,NASDAQ100,150,100,LAG2,WAIT_ONE_TRADING_DAY,10,PRICE_INDEX,TOTAL_RETURN,1986-09-26,1986-09-29,2026-09-02,10059,0.1230864482,-0.999833068,103.0896114,39.93429158,0.7819365158,0.5024449429,9655,2000-03-27,2009-03-09,,False,,,2000,-0.9179989321,1999,4.182551226,-0.9919222976,-0.725579713,-0.5048229126,-0.1935696563,240,-0.1737559864,-0.02650877755,0.02557554518,120,0.029120722,0.08754434626,0,0
TQQQ_SMA_TO_NASDAQ,NASDAQ100,150,100,LAG2,WAIT_ONE_TRADING_DAY,10,PRICE_INDEX,TOTAL_RETURN,1986-09-26,1986-09-29,2026-09-02,10059,0.1996200769,-0.9839280983,1434.019916,39.93429158,0.5677637833,0.5524745434,7463,2000-03-27,2003-03-11,2020-09-01,True,6384,7463,2000,-0.7391542089,1999,4.182551226,-0.8865719696,-0.5020632186,-0.2510161809,-0.05633277962,240,-0.0420049461,0.1021650392,0.1198032815,120,0.1236741817,0.1687802046,335,8.388780337
TQQQ_SMA_TO_TBILL,NASDAQ100,150,100,LAG2,WAIT_ONE_TRADING_DAY,10,PRICE_INDEX,TOTAL_RETURN,1986-09-26,1986-09-29,2026-09-02,10059,0.1738178304,-0.9700939916,601.8035365,39.93429158,0.535074377,0.5119312524,7604,2000-03-27,2003-03-31,2021-01-20,True,6505,7604,2002,-0.6517054115,1999,4.182551226,-0.7824055622,-0.4481715234,-0.1944252077,-0.05605502517,240,-0.04567631831,0.09181863606,0.1008726748,120,0.1046781363,0.1415617778,335,8.388780337
TQQQ_ALWAYS,NASDAQ100,150,100,LAG2,WAIT_ONE_TRADING_DAY,25,PRICE_INDEX,TOTAL_RETURN,1986-09-26,1986-09-29,2026-09-02,10059,0.1230864482,-0.999833068,103.0896114,39.93429158,0.7819365158,0.5024449429,9655,2000-03-27,2009-03-09,,False,,,2000,-0.9179989321,1999,4.182551226,-0.9919222976,-0.725579713,-0.5048229126,-0.1935696563,240,-0.1737559864,-0.02650877755,0.02557554518,120,0.029120722,0.08754434626,0,0
TQQQ_SMA_TO_NASDAQ,NASDAQ100,150,100,LAG2,WAIT_ONE_TRADING_DAY,25,PRICE_INDEX,TOTAL_RETURN,1986-09-26,1986-09-29,2026-09-02,10059,0.1845934933,-0.9859758829,866.8412856,39.93429158,0.5678141517,0.5302762742,7757,2000-03-27,2008-11-20,2021-06-22,True,4597,7757,2000,-0.7510261508,1999,4.182551226,-0.8917103983,-0.5154907676,-0.2639599839,-0.07159315343,240,-0.05749702033,0.0860503917,0.1043194837,120,0.1081368601,0.1526748645,335,8.388780337
TQQQ_SMA_TO_TBILL,NASDAQ100,150,100,LAG2,WAIT_ONE_TRADING_DAY,25,PRICE_INDEX,TOTAL_RETURN,1986-09-26,1986-09-29,2026-09-02,10059,0.1591144487,-0.9729988197,363.7802692,39.93429158,0.5351282469,0.4883738033,7791,2000-03-27,2003-03-31,2021-07-26,True,6692,7791,2002,-0.6630310523,1999,4.182551226,-0.7923156204,-0.4630523359,-0.2083470058,-0.07131989064,240,-0.0611090215,0.07602240413,0.08565063522,120,0.0894034777,0.1253261305,335,8.388780337
TQQQ_ALWAYS,NASDAQ100,150,100,LAG2,WAIT_ONE_TRADING_DAY,50,PRICE_INDEX,TOTAL_RETURN,1986-09-26,1986-09-29,2026-09-02,10059,0.1230864482,-0.999833068,103.0896114,39.93429158,0.7819365158,0.5024449429,9655,2000-03-27,2009-03-09,,False,,,2000,-0.9179989321,1999,4.182551226,-0.9919222976,-0.725579713,-0.5048229126,-0.1935696563,240,-0.1737559864,-0.02650877755,0.02557554518,120,0.029120722,0.08754434626,0,0
TQQQ_SMA_TO_NASDAQ,NASDAQ100,150,100,LAG2,WAIT_ONE_TRADING_DAY,50,PRICE_INDEX,TOTAL_RETURN,1986-09-26,1986-09-29,2026-09-02,10059,0.1599173694,-0.9894385035,373.9802583,39.93429158,0.5679695217,0.4932258359,8708,2000-03-27,2008-11-20,2024-01-29,True,5548,8708,2000,-0.7696600853,1999,4.182551226,-0.8997779407,-0.5371125464,-0.2850795149,-0.09652997491,240,-0.08281246112,0.05934878361,0.07893719034,120,0.08266682599,0.1259456701,335,8.388780337
TQQQ_SMA_TO_TBILL,NASDAQ100,150,100,LAG2,WAIT_ONE_TRADING_DAY,50,PRICE_INDEX,TOTAL_RETURN,1986-09-26,1986-09-29,2026-09-02,10059,0.1349690758,-0.9772346284,156.9452693,39.93429158,0.5352938077,0.449058295,8719,2000-03-27,2003-03-31,2024-02-09,True,7620,8719,2000,-0.6814724133,1999,4.182551226,-0.8078695671,-0.4870142396,-0.2310622652,-0.09626405191,240,-0.08632744466,0.04976724351,0.06069743704,120,0.0643640221,0.0987255549,335,8.388780337
TQQQ_ALWAYS,NASDAQ100,200,0,LAG1,IMMEDIATE_NEXT_RETURN,0,PRICE_INDEX,TOTAL_RETURN,1986-09-26,1986-09-29,2026-09-02,10059,0.1461438983,-0.9997995254,232.0990472,39.93429158,0.7819212139,0.5284163735,9655,2000-03-27,2009-03-09,,False,,,2000,-0.9162958512,1999,4.288122096,-0.9917504719,-0.7198956163,-0.4946031042,-0.1769845585,240,-0.1567649421,-0.006497112724,0.04664319722,120,0.05026317241,0.1098767596,0,0
TQQQ_SMA_TO_NASDAQ,NASDAQ100,200,0,LAG1,IMMEDIATE_NEXT_RETURN,0,PRICE_INDEX,TOTAL_RETURN,1986-09-26,1986-09-29,2026-09-02,10059,0.2373000922,-0.97785432,4930.891223,39.93429158,0.5738211927,0.6063194099,6729,2000-03-27,2003-02-13,2018-08-29,True,5676,6729,2000,-0.8087584536,1999,4.288122096,-0.917100931,-0.4656775626,-0.2358100631,-0.02385630314,240,-0.009057947584,0.1443665473,0.152243376,120,0.1562285855,0.2112962532,273,6.836229947
TQQQ_SMA_TO_TBILL,NASDAQ100,200,0,LAG1,IMMEDIATE_NEXT_RETURN,0,PRICE_INDEX,TOTAL_RETURN,1986-09-26,1986-09-29,2026-09-02,10059,0.2168866517,-0.9531794606,2537.484738,39.93429158,0.5422952175,0.578478645,6514,2000-03-27,2003-03-31,2018-01-26,True,5415,6514,2000,-0.7676817306,1999,4.288122096,-0.8605740151,-0.3954003584,-0.1803391638,-0.01986094297,240,-0.009095954992,0.1441611853,0.1376880239,120,0.1416228915,0.1935108546,273,6.836229947
TQQQ_ALWAYS,NASDAQ100,200,0,LAG1,IMMEDIATE_NEXT_RETURN,10,PRICE_INDEX,TOTAL_RETURN,1986-09-26,1986-09-29,2026-09-02,10059,0.1461438983,-0.9997995254,232.0990472,39.93429158,0.7819212139,0.5284163735,9655,2000-03-27,2009-03-09,,False,,,2000,-0.9162958512,1999,4.288122096,-0.9917504719,-0.7198956163,-0.4946031042,-0.1769845585,240,-0.1567649421,-0.006497112724,0.04664319722,120,0.05026317241,0.1098767596,0,0
TQQQ_SMA_TO_NASDAQ,NASDAQ100,200,0,LAG1,IMMEDIATE_NEXT_RETURN,10,PRICE_INDEX,TOTAL_RETURN,1986-09-26,1986-09-29,2026-09-02,10059,0.2288662673,-0.9794873758,3752.353174,39.93429158,0.5738239988,0.5943940823,7231,2000-03-27,2008-11-20,2020-01-13,True,4071,7231,2000,-0.8116070832,1999,4.288122096,-0.918329906,-0.4711004338,-0.2428128086,-0.03217089418,240,-0.01749858797,0.1352225291,0.1432867833,120,0.147241015,0.2023616953,273,6.836229947
TQQQ_SMA_TO_TBILL,NASDAQ100,200,0,LAG1,IMMEDIATE_NEXT_RETURN,10,PRICE_INDEX,TOTAL_RETURN,1986-09-26,1986-09-29,2026-09-02,10059,0.2085919712,-0.9547453706,1930.997557,39.93429158,0.5423031283,0.5658577815,6727,2000-03-27,2003-03-31,2018-08-27,True,5628,6727,2000,-0.7711422166,1999,4.288122096,-0.8626522402,-0.4015364772,-0.1878502235,-0.02820956567,240,-0.01753627164,0.1349262657,0.1288445725,120,0.1327488537,0.1846684037,273,6.836229947
TQQQ_ALWAYS,NASDAQ100,200,0,LAG1,IMMEDIATE_NEXT_RETURN,25,PRICE_INDEX,TOTAL_RETURN,1986-09-26,1986-09-29,2026-09-02,10059,0.1461438983,-0.9997995254,232.0990472,39.93429158,0.7819212139,0.5284163735,9655,2000-03-27,2009-03-09,,False,,,2000,-0.9162958512,1999,4.288122096,-0.9917504719,-0.7198956163,-0.4946031042,-0.1769845585,240,-0.1567649421,-0.006497112724,0.04664319722,120,0.05026317241,0.1098767596,0,0
TQQQ_SMA_TO_NASDAQ,NASDAQ100,200,0,LAG1,IMMEDIATE_NEXT_RETURN,25,PRICE_INDEX,TOTAL_RETURN,1986-09-26,1986-09-29,2026-09-02,10059,0.2163075695,-0.982055091,2489.70741,39.93429158,0.5738499981,0.5764844075,7420,2000-03-27,2008-11-20,2020-07-20,True,4260,7420,2000,-0.8158058588,1999,4.288122096,-0.9201415321,-0.4791417015,-0.2532097052,-0.04452553165,240,-0.03004052196,0.1214928798,0.1299657008,120,0.1338738596,0.1890667752,273,6.836229947
TQQQ_SMA_TO_TBILL,NASDAQ100,200,0,LAG1,IMMEDIATE_NEXT_RETURN,25,PRICE_INDEX,TOTAL_RETURN,1986-09-26,1986-09-29,2026-09-02,10059,0.1962404715,-0.9583413646,1281.227727,39.93429158,0.5423380321,0.5469039295,7435,2000-03-27,2009-05-22,2020-08-04,True,4092,7435,2000,-0.7762428462,1999,4.288122096,-0.8657154285,-0.4106353794,-0.1990018084,-0.04061477072,240,-0.03007772459,0.1211826348,0.1156917645,120,0.1195505547,0.1715110477,273,6.836229947
TQQQ_ALWAYS,NASDAQ100,200,0,LAG1,IMMEDIATE_NEXT_RETURN,50,PRICE_INDEX,TOTAL_RETURN,1986-09-26,1986-09-29,2026-09-02,10059,0.1461438983,-0.9997995254,232.0990472,39.93429158,0.7819212139,0.5284163735,9655,2000-03-27,2009-03-09,,False,,,2000,-0.9162958512,1999,4.288122096,-0.9917504719,-0.7198956163,-0.4946031042,-0.1769845585,240,-0.1567649421,-0.006497112724,0.04664319722,120,0.05026317241,0.1098767596,0,0
TQQQ_SMA_TO_NASDAQ,NASDAQ100,200,0,LAG1,IMMEDIATE_NEXT_RETURN,50,PRICE_INDEX,TOTAL_RETURN,1986-09-26,1986-09-29,2026-09-02,10059,0.195619872,-0.9856468587,1254.950123,39.93429158,0.5739514258,0.5465831942,7584,2000-03-27,2008-11-20,2020-12-31,True,4424,7584,2000,-0.822610276,1999,4.288122096,-0.9230778224,-0.4922990801,-0.2702553574,-0.06480732893,240,-0.05062979164,0.09942014671,0.1080644579,120,0.1118968679,0.1671911264,273,6.836229947
TQQQ_SMA_TO_TBILL,NASDAQ100,200,0,LAG1,IMMEDIATE_NEXT_RETURN,50,PRICE_INDEX,TOTAL_RETURN,1986-09-26,1986-09-29,2026-09-02,10059,0.1758940874,-0.9669294615,645.8095789,39.93429158,0.5424576234,0.5152612123,7604,2000-03-27,2009-05-22,2021-01-20,True,4261,7604,2000,-0.7845087824,1999,4.288122096,-0.8706794429,-0.4255232931,-0.2172847678,-0.06097958148,240,-0.05066620457,0.09854352736,0.09406718209,120,0.09785118038,0.1498418129,273,6.836229947
TQQQ_ALWAYS,NASDAQ100,200,0,LAG2,WAIT_ONE_TRADING_DAY,0,PRICE_INDEX,TOTAL_RETURN,1986-09-26,1986-09-29,2026-09-02,10059,0.1461438983,-0.9997995254,232.0990472,39.93429158,0.7819212139,0.5284163735,9655,2000-03-27,2009-03-09,,False,,,2000,-0.9162958512,1999,4.288122096,-0.9917504719,-0.7198956163,-0.4946031042,-0.1769845585,240,-0.1567649421,-0.006497112724,0.04664319722,120,0.05026317241,0.1098767596,0,0
TQQQ_SMA_TO_NASDAQ,NASDAQ100,200,0,LAG2,WAIT_ONE_TRADING_DAY,0,PRICE_INDEX,TOTAL_RETURN,1986-09-26,1986-09-29,2026-09-02,10059,0.2347531144,-0.9622677401,4541.377708,39.93429158,0.5809297796,0.6045994187,6275,2000-03-27,2002-10-07,2017-06-01,True,5351,6275,2000,-0.752664411,1999,4.288122096,-0.8929167935,-0.4005694561,-0.1687254221,0.01079535329,240,0.02611902856,0.1851833323,0.1524334345,120,0.1564193014,0.2421857192,273,6.836229947
TQQQ_SMA_TO_TBILL,NASDAQ100,200,0,LAG2,WAIT_ONE_TRADING_DAY,0,PRICE_INDEX,TOTAL_RETURN,1986-09-26,1986-09-29,2026-09-02,10059,0.2157350443,-0.8781324992,2443.333758,39.93429158,0.5507381314,0.5786322135,5230,2000-03-27,2003-03-31,2014-07-22,True,4131,5230,2000,-0.6580022485,1999,4.288122096,-0.7946954212,-0.2819707206,-0.07043520787,0.03421471635,240,0.04557362396,0.2028228022,0.1404939067,120,0.1444384789,0.2402500692,273,6.836229947
TQQQ_ALWAYS,NASDAQ100,200,0,LAG2,WAIT_ONE_TRADING_DAY,10,PRICE_INDEX,TOTAL_RETURN,1986-09-26,1986-09-29,2026-09-02,10059,0.1461438983,-0.9997995254,232.0990472,39.93429158,0.7819212139,0.5284163735,9655,2000-03-27,2009-03-09,,False,,,2000,-0.9162958512,1999,4.288122096,-0.9917504719,-0.7198956163,-0.4946031042,-0.1769845585,240,-0.1567649421,-0.006497112724,0.04664319722,120,0.05026317241,0.1098767596,0,0
TQQQ_SMA_TO_NASDAQ,NASDAQ100,200,0,LAG2,WAIT_ONE_TRADING_DAY,10,PRICE_INDEX,TOTAL_RETURN,1986-09-26,1986-09-29,2026-09-02,10059,0.2263366504,-0.9631261023,3455.937737,39.93429158,0.5809196596,0.5928208271,6423,2000-03-27,2002-10-07,2017-10-27,True,5499,6423,2000,-0.7563485868,1999,4.288122096,-0.8945042973,-0.4066531134,-0.1763429057,0.002185606568,240,0.01737875793,0.175718964,0.1434753644,120,0.1474302484,0.2328580086,273,6.836229947
TQQQ_SMA_TO_TBILL,NASDAQ100,200,0,LAG2,WAIT_ONE_TRADING_DAY,10,PRICE_INDEX,TOTAL_RETURN,1986-09-26,1986-09-29,2026-09-02,10059,0.2074482135,-0.8822083502,1859.349713,39.93429158,0.5507294328,0.5662063493,5344,2000-03-27,2003-03-31,2014-11-13,True,4245,5344,2000,-0.6630964602,1999,4.288122096,-0.797755605,-0.2892580437,-0.07895338552,0.02540548832,240,0.03666764309,0.1931466935,0.1316286447,120,0.1355425551,0.2309993111,273,6.836229947
TQQQ_ALWAYS,NASDAQ100,200,0,LAG2,WAIT_ONE_TRADING_DAY,25,PRICE_INDEX,TOTAL_RETURN,1986-09-26,1986-09-29,2026-09-02,10059,0.1461438983,-0.9997995254,232.0990472,39.93429158,0.7819212139,0.5284163735,9655,2000-03-27,2009-03-09,,False,,,2000,-0.9162958512,1999,4.288122096,-0.9917504719,-0.7198956163,-0.4946031042,-0.1769845585,240,-0.1567649421,-0.006497112724,0.04664319722,120,0.05026317241,0.1098767596,0,0
TQQQ_SMA_TO_NASDAQ,NASDAQ100,200,0,LAG2,WAIT_ONE_TRADING_DAY,25,PRICE_INDEX,TOTAL_RETURN,1986-09-26,1986-09-29,2026-09-02,10059,0.2138038047,-0.9643787121,2293.034103,39.93429158,0.5809260504,0.5751308119,6496,2000-03-27,2002-10-07,2018-01-08,True,5572,6496,2000,-0.7617789269,1999,4.288122096,-0.8968444289,-0.4156742234,-0.187652497,-0.01060760224,240,0.004391603851,0.1617574772,0.1301520847,120,0.1340608881,0.2190670467,273,6.836229947
TQQQ_SMA_TO_TBILL,NASDAQ100,200,0,LAG2,WAIT_ONE_TRADING_DAY,25,PRICE_INDEX,TOTAL_RETURN,1986-09-26,1986-09-29,2026-09-02,10059,0.1951084028,-0.8880751159,1233.68898,39.93429158,0.5507391306,0.5475441992,5506,2000-03-27,2003-03-31,2015-04-24,True,4407,5506,2000,-0.6706051414,1999,4.288122096,-0.8022661457,-0.3000640014,-0.09160022708,0.01231587055,240,0.02343426043,0.17876051,0.1184433979,120,0.122311705,0.217223974,273,6.836229947
TQQQ_ALWAYS,NASDAQ100,200,0,LAG2,WAIT_ONE_TRADING_DAY,50,PRICE_INDEX,TOTAL_RETURN,1986-09-26,1986-09-29,2026-09-02,10059,0.1461438983,-0.9997995254,232.0990472,39.93429158,0.7819212139,0.5284163735,9655,2000-03-27,2009-03-09,,False,,,2000,-0.9162958512,1999,4.288122096,-0.9917504719,-0.7198956163,-0.4946031042,-0.1769845585,240,-0.1567649421,-0.006497112724,0.04664319722,120,0.05026317241,0.1098767596,0,0
TQQQ_SMA_TO_NASDAQ,NASDAQ100,200,0,LAG2,WAIT_ONE_TRADING_DAY,50,PRICE_INDEX,TOTAL_RETURN,1986-09-26,1986-09-29,2026-09-02,10059,0.1931586927,-0.9672783116,1155.815908,39.93429158,0.5809942197,0.5455942936,7226,2000-03-27,2008-11-20,2020-01-08,True,4066,7226,2000,-0.7705791828,1999,4.288122096,-0.9006373228,-0.4304348512,-0.2061945068,-0.03160937331,240,-0.01692855443,0.1387173686,0.1082472292,120,0.1120802714,0.1966378853,273,6.836229947
TQQQ_SMA_TO_TBILL,NASDAQ100,200,0,LAG2,WAIT_ONE_TRADING_DAY,50,PRICE_INDEX,TOTAL_RETURN,1986-09-26,1986-09-29,2026-09-02,10059,0.1747812736,-0.8972285106,621.847423,39.93429158,0.5508159423,0.5163852031,6449,2000-03-27,2003-03-31,2017-11-22,True,5350,6449,2000,-0.6827734983,1999,4.288122096,-0.8095756504,-0.3177450539,-0.1123346511,-0.009172495652,240,0.001709884859,0.1554684274,0.09676548272,120,0.1005588135,0.1944294226,273,6.836229947
TQQQ_ALWAYS,NASDAQ100,200,50,LAG1,IMMEDIATE_NEXT_RETURN,0,PRICE_INDEX,TOTAL_RETURN,1986-09-26,1986-09-29,2026-09-02,10059,0.1345569198,-0.9998170634,154.6852882,39.93429158,0.7819287694,0.5154305843,9655,2000-03-27,2009-03-09,,False,,,2000,-0.9171517438,1999,4.235072003,-0.9918368341,-0.7227521501,-0.4997389613,-0.1853190797,240,-0.1653034601,-0.01655356655,0.03605611464,120,0.03963849675,0.09865412026,0,0
TQQQ_SMA_TO_NASDAQ,NASDAQ100,200,50,LAG1,IMMEDIATE_NEXT_RETURN,0,PRICE_INDEX,TOTAL_RETURN,1986-09-26,1986-09-29,2026-09-02,10059,0.2278931509,-0.9786069477,3635.50274,39.93429158,0.5738164158,0.5930159667,7227,2000-03-27,2008-11-20,2020-01-09,True,4067,7227,2000,-0.8099984724,1999,4.235072003,-0.9174448994,-0.4680660614,-0.2400807508,-0.03082114429,240,-0.01611717025,0.1360377061,0.1436854065,120,0.1476399396,0.2020638106,273,6.836229947
TQQQ_SMA_TO_TBILL,NASDAQ100,200,50,LAG1,IMMEDIATE_NEXT_RETURN,0,PRICE_INDEX,TOTAL_RETURN,1986-09-26,1986-09-29,2026-09-02,10059,0.2076349097,-0.9534458666,1870.865184,39.93429158,0.5422882503,0.5644034911,6694,2000-03-27,2003-03-31,2018-07-25,True,5595,6694,2000,-0.7691880928,1999,4.235072003,-0.8611441956,-0.3981030064,-0.1849198515,-0.02684894014,240,-0.0161549069,0.1359586072,0.1292381603,120,0.133142739,0.1843433561,273,6.836229947
TQQQ_ALWAYS,NASDAQ100,200,50,LAG1,IMMEDIATE_NEXT_RETURN,10,PRICE_INDEX,TOTAL_RETURN,1986-09-26,1986-09-29,2026-09-02,10059,0.1345569198,-0.9998170634,154.6852882,39.93429158,0.7819287694,0.5154305843,9655,2000-03-27,2009-03-09,,False,,,2000,-0.9171517438,1999,4.235072003,-0.9918368341,-0.7227521501,-0.4997389613,-0.1853190797,240,-0.1653034601,-0.01655356655,0.03605611464,120,0.03963849675,0.09865412026,0,0
TQQQ_SMA_TO_NASDAQ,NASDAQ100,200,50,LAG1,IMMEDIATE_NEXT_RETURN,10,PRICE_INDEX,TOTAL_RETURN,1986-09-26,1986-09-29,2026-09-02,10059,0.2195234467,-0.9804295323,2766.576999,39.93429158,0.5738190859,0.5810909763,7261,2000-03-27,2008-11-20,2020-02-12,True,4101,7261,2000,-0.8128286314,1999,4.235072003,-0.9186687751,-0.4734646915,-0.2470443613,-0.03907641025,240,-0.02449768163,0.126888873,0.1347953364,120,0.1387191301,0.1931973583,273,6.836229947
TQQQ_SMA_TO_TBILL,NASDAQ100,200,50,LAG1,IMMEDIATE_NEXT_RETURN,10,PRICE_INDEX,TOTAL_RETURN,1986-09-26,1986-09-29,2026-09-02,10059,0.1994032919,-0.9550028667,1423.707519,39.93429158,0.5422960173,0.5517830653,7255,2000-03-27,2003-03-31,2020-02-06,True,6156,7255,2000,-0.7726261409,1999,4.235072003,-0.8632139218,-0.4042116959,-0.1923889355,-0.03513804052,240,-0.02453509685,0.1267899215,0.1204603912,120,0.1243346189,0.1755688287,273,6.836229947
TQQQ_ALWAYS,NASDAQ100,200,50,LAG1,IMMEDIATE_NEXT_RETURN,25,PRICE_INDEX,TOTAL_RETURN,1986-09-26,1986-09-29,2026-09-02,10059,0.1345569198,-0.9998170634,154.6852882,39.93429158,0.7819287694,0.5154305843,9655,2000-03-27,2009-03-09,,False,,,2000,-0.9171517438,1999,4.235072003,-0.9918368341,-0.7227521501,-0.4997389613,-0.1853190797,240,-0.1653034601,-0.01655356655,0.03605611464,120,0.03963849675,0.09865412026,0,0
TQQQ_SMA_TO_NASDAQ,NASDAQ100,200,50,LAG1,IMMEDIATE_NEXT_RETURN,25,PRICE_INDEX,TOTAL_RETURN,1986-09-26,1986-09-29,2026-09-02,10059,0.2070602301,-0.9828793109,1835.639381,39.93429158,0.5738448805,0.5631823022,7451,2000-03-27,2008-11-20,2020-08-20,True,4291,7451,2000,-0.8170001819,1999,4.235072003,-0.9204728843,-0.4814700136,-0.2573831547,-0.05134289667,240,-0.03695027003,0.1133305341,0.1215731926,120,0.125451268,0.1800037815,273,6.836229947
TQQQ_SMA_TO_TBILL,NASDAQ100,200,50,LAG1,IMMEDIATE_NEXT_RETURN,25,PRICE_INDEX,TOTAL_RETURN,1986-09-26,1986-09-29,2026-09-02,10059,0.1871456982,-0.9602736087,944.6379369,39.93429158,0.542330705,0.5328304555,7456,2000-03-27,2009-05-22,2020-08-25,True,4113,7456,2000,-0.7776936977,1999,4.235072003,-0.8662645832,-0.4132699247,-0.2034781996,-0.04745480145,240,-0.03698720763,0.113051517,0.107405272,120,0.1112343589,0.1625125411,273,6.836229947
TQQQ_ALWAYS,NASDAQ100,200,50,LAG1,IMMEDIATE_NEXT_RETURN,50,PRICE_INDEX,TOTAL_RETURN,1986-09-26,1986-09-29,2026-09-02,10059,0.1345569198,-0.9998170634,154.6852882,39.93429158,0.7819287694,0.5154305843,9655,2000-03-27,2009-03-09,,False,,,2000,-0.9171517438,1999,4.235072003,-0.9918368341,-0.7227521501,-0.4997389613,-0.1853190797,240,-0.1653034601,-0.01655356655,0.03605611464,120,0.03963849675,0.09865412026,0,0
TQQQ_SMA_TO_NASDAQ,NASDAQ100,200,50,LAG1,IMMEDIATE_NEXT_RETURN,50,PRICE_INDEX,TOTAL_RETURN,1986-09-26,1986-09-29,2026-09-02,10059,0.186529817,-0.9863061067,925.2636907,39.93429158,0.5739459654,0.5332840754,7623,2000-03-27,2008-11-20,2021-02-08,True,4463,7623,2000,-0.823760479,1999,4.235072003,-0.9233969912,-0.4945685768,-0.274333547,-0.07147998217,240,-0.05739286692,0.09136139593,0.09983461511,120,0.1036375248,0.1582948842,273,6.836229947
TQQQ_SMA_TO_TBILL,NASDAQ100,200,50,LAG1,IMMEDIATE_NEXT_RETURN,50,PRICE_INDEX,TOTAL_RETURN,1986-09-26,1986-09-29,2026-09-02,10059,0.1669540035,-0.9684633656,476.1497237,39.93429158,0.5424499346,0.5011913685,7689,2000-03-27,2009-05-22,2021-04-15,True,4346,7689,2000,-0.7859060372,1999,4.235072003,-0.8712082974,-0.4280912873,-0.2216589843,-0.0676744193,240,-0.05742902045,0.09056673396,0.08594130023,120,0.08969617087,0.1409707287,273,6.836229947
TQQQ_ALWAYS,NASDAQ100,200,50,LAG2,WAIT_ONE_TRADING_DAY,0,PRICE_INDEX,TOTAL_RETURN,1986-09-26,1986-09-29,2026-09-02,10059,0.1345569198,-0.9998170634,154.6852882,39.93429158,0.7819287694,0.5154305843,9655,2000-03-27,2009-03-09,,False,,,2000,-0.9171517438,1999,4.235072003,-0.9918368341,-0.7227521501,-0.4997389613,-0.1853190797,240,-0.1653034601,-0.01655356655,0.03605611464,120,0.03963849675,0.09865412026,0,0
TQQQ_SMA_TO_NASDAQ,NASDAQ100,200,50,LAG2,WAIT_ONE_TRADING_DAY,0,PRICE_INDEX,TOTAL_RETURN,1986-09-26,1986-09-29,2026-09-02,10059,0.2253453773,-0.9624523346,3346.118683,39.93429158,0.5809267812,0.5914319724,6409,2000-03-27,2002-10-07,2017-10-13,True,5485,6409,2000,-0.7542982242,1999,4.235072003,-0.8933740983,-0.4032980682,-0.1734089821,0.00355921192,240,0.01878479027,0.1764709318,0.1438515192,120,0.1478066266,0.232638624,273,6.836229947
TQQQ_SMA_TO_TBILL,NASDAQ100,200,50,LAG2,WAIT_ONE_TRADING_DAY,0,PRICE_INDEX,TOTAL_RETURN,1986-09-26,1986-09-29,2026-09-02,10059,0.2064722083,-0.8788448463,1800.265308,39.93429158,0.5507331733,0.5647445855,5268,2000-03-27,2003-03-31,2014-08-29,True,4169,5268,2000,-0.6602613672,1999,4.235072003,-0.7955600552,-0.285239195,-0.0756725537,0.02681656526,240,0.03810033294,0.1940144953,0.1320009024,120,0.1359150338,0.2307289595,273,6.836229947
TQQQ_ALWAYS,NASDAQ100,200,50,LAG2,WAIT_ONE_TRADING_DAY,10,PRICE_INDEX,TOTAL_RETURN,1986-09-26,1986-09-29,2026-09-02,10059,0.1345569198,-0.9998170634,154.6852882,39.93429158,0.7819287694,0.5154305843,9655,2000-03-27,2009-03-09,,False,,,2000,-0.9171517438,1999,4.235072003,-0.9918368341,-0.7227521501,-0.4997389613,-0.1853190797,240,-0.1653034601,-0.01655356655,0.03605611464,120,0.03963849675,0.09865412026,0,0
TQQQ_SMA_TO_NASDAQ,NASDAQ100,200,50,LAG2,WAIT_ONE_TRADING_DAY,10,PRICE_INDEX,TOTAL_RETURN,1986-09-26,1986-09-29,2026-09-02,10059,0.2169930395,-0.9633064975,2546.358963,39.93429158,0.5809165653,0.5796534576,6455,2000-03-27,2002-10-07,2017-11-28,True,5531,6455,2000,-0.7579580636,1999,4.235072003,-0.8949548225,-0.4093540327,-0.1809835473,-0.004988898836,240,0.01010699117,0.1670601953,0.1349601578,120,0.1388845215,0.2233826036,273,6.836229947
TQQQ_SMA_TO_TBILL,NASDAQ100,200,50,LAG2,WAIT_ONE_TRADING_DAY,10,PRICE_INDEX,TOTAL_RETURN,1986-09-26,1986-09-29,2026-09-02,10059,0.1982485159,-0.8828968729,1369.981801,39.93429158,0.5507243736,0.552318779,5436,2000-03-27,2003-03-31,2015-02-13,True,4337,5436,2000,-0.6653219282,1999,4.235072003,-0.7986073511,-0.2924933462,-0.0841427383,0.01807035315,240,0.02925800803,0.184374598,0.123201658,120,0.1270853642,0.2215492178,273,6.836229947
TQQQ_ALWAYS,NASDAQ100,200,50,LAG2,WAIT_ONE_TRADING_DAY,25,PRICE_INDEX,TOTAL_RETURN,1986-09-26,1986-09-29,2026-09-02,10059,0.1345569198,-0.9998170634,154.6852882,39.93429158,0.7819287694,0.5154305843,9655,2000-03-27,2009-03-09,,False,,,2000,-0.9171517438,1999,4.235072003,-0.9918368341,-0.7227521501,-0.4997389613,-0.1853190797,240,-0.1653034601,-0.01655356655,0.03605611464,120,0.03963849675,0.09865412026,0,0
TQQQ_SMA_TO_NASDAQ,NASDAQ100,200,50,LAG2,WAIT_ONE_TRADING_DAY,25,PRICE_INDEX,TOTAL_RETURN,1986-09-26,1986-09-29,2026-09-02,10059,0.204555683,-0.9645529792,1689.523477,39.93429158,0.5809228114,0.56196404,6511,2000-03-27,2002-10-07,2018-01-23,True,5587,6511,2000,-0.7633525328,1999,4.235072003,-0.8972849604,-0.4183340785,-0.1922294182,-0.01769052287,240,-0.002787336565,0.1532015354,0.1217360936,120,0.1256147323,0.2097521216,273,6.836229947
TQQQ_SMA_TO_TBILL,NASDAQ100,200,50,LAG2,WAIT_ONE_TRADING_DAY,25,PRICE_INDEX,TOTAL_RETURN,1986-09-26,1986-09-29,2026-09-02,10059,0.1860027237,-0.8887293459,908.9906213,39.93429158,0.5507339189,0.533657281,6275,2000-03-27,2003-03-31,2017-06-01,True,5176,6275,2000,-0.6727810097,1999,4.235072003,-0.8030988958,-0.3032501151,-0.09671832514,0.005074370647,240,0.01611921165,0.1702352848,0.1101145988,120,0.1139530537,0.2078691531,273,6.836229947
TQQQ_ALWAYS,NASDAQ100,200,50,LAG2,WAIT_ONE_TRADING_DAY,50,PRICE_INDEX,TOTAL_RETURN,1986-09-26,1986-09-29,2026-09-02,10059,0.1345569198,-0.9998170634,154.6852882,39.93429158,0.7819287694,0.5154305843,9655,2000-03-27,2009-03-09,,False,,,2000,-0.9171517438,1999,4.235072003,-0.9918368341,-0.7227521501,-0.4997389613,-0.1853190797,240,-0.1653034601,-0.01655356655,0.03605611464,120,0.03963849675,0.09865412026,0,0
TQQQ_SMA_TO_NASDAQ,NASDAQ100,200,50,LAG2,WAIT_ONE_TRADING_DAY,50,PRICE_INDEX,TOTAL_RETURN,1986-09-26,1986-09-29,2026-09-02,10059,0.1840678687,-0.9687964606,851.6132002,39.93429158,0.5809907374,0.5324298032,7254,2000-03-27,2008-11-20,2020-02-05,True,4094,7254,2000,-0.7720946572,1999,4.235072003,-0.9010616566,-0.4330275158,-0.2106669588,-0.03854194522,240,-0.02395510792,0.1303306463,0.09999435871,120,0.1037978208,0.1874943601,273,6.836229947
TQQQ_SMA_TO_TBILL,NASDAQ100,200,50,LAG2,WAIT_ONE_TRADING_DAY,50,PRICE_INDEX,TOTAL_RETURN,1986-09-26,1986-09-29,2026-09-02,10059,0.1658304694,-0.8978292366,458.1815066,39.93429158,0.5508104745,0.5025008789,6496,2000-03-27,2003-03-31,2018-01-08,True,5397,6496,2000,-0.6848689867,1999,4.235072003,-0.8103776168,-0.3208506833,-0.1173359274,-0.01626028068,240,-0.005449887834,0.1471254503,0.08859811423,120,0.09236217136,0.1852497863,273,6.836229947
TQQQ_ALWAYS,NASDAQ100,200,100,LAG1,IMMEDIATE_NEXT_RETURN,0,PRICE_INDEX,TOTAL_RETURN,1986-09-26,1986-09-29,2026-09-02,10059,0.1230864482,-0.999833068,103.0896114,39.93429158,0.7819365158,0.5024449429,9655,2000-03-27,2009-03-09,,False,,,2000,-0.9179989321,1999,4.182551226,-0.9919222976,-0.725579713,-0.5048229126,-0.1935696563,240,-0.1737559864,-0.02650877755,0.02557554518,120,0.029120722,0.08754434626,0,0
TQQQ_SMA_TO_NASDAQ,NASDAQ100,200,100,LAG1,IMMEDIATE_NEXT_RETURN,0,PRICE_INDEX,TOTAL_RETURN,1986-09-26,1986-09-29,2026-09-02,10059,0.2185572182,-0.9795895956,2680.379352,39.93429158,0.5738119651,0.5797119996,7259,2000-03-27,2008-11-20,2020-02-10,True,4099,7259,2000,-0.81123052,1999,4.182551226,-0.9177874598,-0.4704440134,-0.2443278048,-0.03773666976,240,-0.02312648886,0.1277690305,0.1351905344,120,0.1391146248,0.1929012378,273,6.836229947
TQQQ_SMA_TO_TBILL,NASDAQ100,200,100,LAG1,IMMEDIATE_NEXT_RETURN,0,PRICE_INDEX,TOTAL_RETURN,1986-09-26,1986-09-29,2026-09-02,10059,0.1984530047,-0.9537107715,1379.349369,39.93429158,0.5422816282,0.5503276575,7254,2000-03-27,2003-03-31,2020-02-05,True,6155,7254,2000,-0.7706847715,1999,4.182551226,-0.8617120759,-0.4007937206,-0.1894751901,-0.03378749577,240,-0.02316395667,0.1278143962,0.120850597,120,0.1247251176,0.1752457863,273,6.836229947
TQQQ_ALWAYS,NASDAQ100,200,100,LAG1,IMMEDIATE_NEXT_RETURN,10,PRICE_INDEX,TOTAL_RETURN,1986-09-26,1986-09-29,2026-09-02,10059,0.1230864482,-0.999833068,103.0896114,39.93429158,0.7819365158,0.5024449429,9655,2000-03-27,2009-03-09,,False,,,2000,-0.9179989321,1999,4.182551226,-0.9919222976,-0.725579713,-0.5048229126,-0.1935696563,240,-0.1737559864,-0.02650877755,0.02557554518,120,0.029120722,0.08754434626,0,0
TQQQ_SMA_TO_NASDAQ,NASDAQ100,200,100,LAG1,IMMEDIATE_NEXT_RETURN,10,PRICE_INDEX,TOTAL_RETURN,1986-09-26,1986-09-29,2026-09-02,10059,0.2102511506,-0.9813284633,2039.738764,39.93429158,0.5738144992,0.5677873469,7434,2000-03-27,2008-11-20,2020-08-03,True,4274,7434,2000,-0.814042327,1999,4.182551226,-0.919006257,-0.4758185096,-0.251252497,-0.0459330307,240,-0.03144729631,0.1186159462,0.1263664964,120,0.1302600842,0.1841023756,273,6.836229947
TQQQ_SMA_TO_TBILL,NASDAQ100,200,100,LAG1,IMMEDIATE_NEXT_RETURN,10,PRICE_INDEX,TOTAL_RETURN,1986-09-26,1986-09-29,2026-09-02,10059,0.1902839737,-0.9564999483,1049.669471,39.93429158,0.5422892514,0.5377076701,7437,2000-03-27,2009-05-22,2020-08-06,True,4094,7437,2000,-0.7741005259,1999,4.182551226,-0.8637733376,-0.4068751018,-0.1969025306,-0.04201749496,240,-0.03148444498,0.1187114729,0.1121380259,120,0.1159824292,0.1665386643,273,6.836229947
TQQQ_ALWAYS,NASDAQ100,200,100,LAG1,IMMEDIATE_NEXT_RETURN,25,PRICE_INDEX,TOTAL_RETURN,1986-09-26,1986-09-29,2026-09-02,10059,0.1230864482,-0.999833068,103.0896114,39.93429158,0.7819365158,0.5024449429,9655,2000-03-27,2009-03-09,,False,,,2000,-0.9179989321,1999,4.182551226,-0.9919222976,-0.725579713,-0.5048229126,-0.1935696563,240,-0.1737559864,-0.02650877755,0.02557554518,120,0.029120722,0.08754434626,0,0
TQQQ_SMA_TO_NASDAQ,NASDAQ100,200,100,LAG1,IMMEDIATE_NEXT_RETURN,25,PRICE_INDEX,TOTAL_RETURN,1986-09-26,1986-09-29,2026-09-02,10059,0.1978826945,-0.9836657162,1353.378128,39.93429158,0.573840089,0.5498796743,7462,2000-03-27,2008-11-20,2020-08-31,True,4302,7462,2000,-0.8181868275,1999,4.182551226,-0.9208028801,-0.4837880447,-0.2615335087,-0.05811199025,240,-0.04381117073,0.1052271512,0.1132425619,120,0.1170907832,0.1710093751,273,6.836229947
TQQQ_SMA_TO_TBILL,NASDAQ100,200,100,LAG1,IMMEDIATE_NEXT_RETURN,25,PRICE_INDEX,TOTAL_RETURN,1986-09-26,1986-09-29,2026-09-02,10059,0.178119577,-0.9621163289,696.4615907,39.93429158,0.5423237229,0.5187563034,7463,2000-03-27,2009-05-22,2020-09-01,True,4120,7463,2000,-0.7791352226,1999,4.182551226,-0.8668115227,-0.4158928368,-0.2079298188,-0.05424643752,240,-0.04384784519,0.1049789259,0.09917987533,120,0.1029794853,0.1535799632,273,6.836229947
TQQQ_ALWAYS,NASDAQ100,200,100,LAG1,IMMEDIATE_NEXT_RETURN,50,PRICE_INDEX,TOTAL_RETURN,1986-09-26,1986-09-29,2026-09-02,10059,0.1230864482,-0.999833068,103.0896114,39.93429158,0.7819365158,0.5024449429,9655,2000-03-27,2009-03-09,,False,,,2000,-0.9179989321,1999,4.182551226,-0.9919222976,-0.725579713,-0.5048229126,-0.1935696563,240,-0.1737559864,-0.02650877755,0.02557554518,120,0.029120722,0.08754434626,0,0
TQQQ_SMA_TO_NASDAQ,NASDAQ100,200,100,LAG1,IMMEDIATE_NEXT_RETURN,50,PRICE_INDEX,TOTAL_RETURN,1986-09-26,1986-09-29,2026-09-02,10059,0.1775083785,-0.9869351088,682.1773684,39.93429158,0.5739408311,0.5199844353,7764,2000-03-27,2008-11-20,2021-06-29,True,4604,7764,2000,-0.8249032881,1999,4.182551226,-0.9237148535,-0.4968280522,-0.2783891682,-0.07810538861,240,-0.06410813171,0.08353778739,0.09166545046,120,0.09543908476,0.1494659671,273,6.836229947
TQQQ_SMA_TO_TBILL,NASDAQ100,200,100,LAG1,IMMEDIATE_NEXT_RETURN,50,PRICE_INDEX,TOTAL_RETURN,1986-09-26,1986-09-29,2026-09-02,10059,0.1580814041,-0.9699262015,351.0551302,39.93429158,0.5424425907,0.4871208482,7777,2000-03-27,2009-05-22,2021-07-12,True,4434,7777,2000,-0.78729431,1999,4.182551226,-0.8717350185,-0.4306479421,-0.2260089944,-0.07432188974,240,-0.06414402768,0.0826474286,0.07787532999,120,0.08160129504,0.1321676074,273,6.836229947
TQQQ_ALWAYS,NASDAQ100,200,100,LAG2,WAIT_ONE_TRADING_DAY,0,PRICE_INDEX,TOTAL_RETURN,1986-09-26,1986-09-29,2026-09-02,10059,0.1230864482,-0.999833068,103.0896114,39.93429158,0.7819365158,0.5024449429,9655,2000-03-27,2009-03-09,,False,,,2000,-0.9179989321,1999,4.182551226,-0.9919222976,-0.725579713,-0.5048229126,-0.1935696563,240,-0.1737559864,-0.02650877755,0.02557554518,120,0.029120722,0.08754434626,0,0
TQQQ_SMA_TO_NASDAQ,NASDAQ100,200,100,LAG2,WAIT_ONE_TRADING_DAY,0,PRICE_INDEX,TOTAL_RETURN,1986-09-26,1986-09-29,2026-09-02,10059,0.2160088069,-0.9626360363,2465.402063,39.93429158,0.5809241062,0.5782640946,6448,2000-03-27,2002-10-07,2017-11-21,True,5524,6448,2000,-0.755921337,1999,4.182551226,-0.8938294761,-0.4060144112,-0.1780664124,-0.003625521805,240,0.0115025735,0.1678221081,0.135333044,120,0.139257627,0.2231643851,273,6.836229947
TQQQ_SMA_TO_TBILL,NASDAQ100,200,100,LAG2,WAIT_ONE_TRADING_DAY,0,PRICE_INDEX,TOTAL_RETURN,1986-09-26,1986-09-29,2026-09-02,10059,0.1972794428,-0.8795530702,1326.425696,39.93429158,0.5507285562,0.5508563972,5356,2000-03-27,2003-03-31,2014-11-25,True,4257,5356,2000,-0.6625056901,1999,4.182551226,-0.7964210967,-0.2884929728,-0.08088068028,0.01947093245,240,0.03068004976,0.1851892831,0.123570681,120,0.1274546042,0.2212804225,273,6.836229947
TQQQ_ALWAYS,NASDAQ100,200,100,LAG2,WAIT_ONE_TRADING_DAY,10,PRICE_INDEX,TOTAL_RETURN,1986-09-26,1986-09-29,2026-09-02,10059,0.1230864482,-0.999833068,103.0896114,39.93429158,0.7819365158,0.5024449429,9655,2000-03-27,2009-03-09,,False,,,2000,-0.9179989321,1999,4.182551226,-0.9919222976,-0.725579713,-0.5048229126,-0.1935696563,240,-0.1737559864,-0.02650877755,0.02557554518,120,0.029120722,0.08754434626,0,0
TQQQ_SMA_TO_NASDAQ,NASDAQ100,200,100,LAG2,WAIT_ONE_TRADING_DAY,10,PRICE_INDEX,TOTAL_RETURN,1986-09-26,1986-09-29,2026-09-02,10059,0.2077201101,-0.9634860202,1876.143447,39.93429158,0.5809137944,0.5664856589,6500,2000-03-27,2002-10-07,2018-01-12,True,5576,6500,2000,-0.7595569995,1999,4.182551226,-0.8954034494,-0.4120428073,-0.1855982987,-0.01211243448,240,0.002886802828,0.1584647273,0.1265078982,120,0.1304019748,0.2139795078,273,6.836229947
TQQQ_SMA_TO_TBILL,NASDAQ100,200,100,LAG2,WAIT_ONE_TRADING_DAY,10,PRICE_INDEX,TOTAL_RETURN,1986-09-26,1986-09-29,2026-09-02,10059,0.1891184112,-0.8835814103,1009.395147,39.93429158,0.5507196554,0.5384306509,5506,2000-03-27,2003-03-31,2015-04-24,True,4407,5506,2000,-0.6675328209,1999,4.182551226,-0.7994555583,-0.2957141012,-0.08930313959,0.01078728894,240,0.02190092929,0.1757443669,0.1148369662,120,0.118690699,0.2121711559,273,6.836229947
TQQQ_ALWAYS,NASDAQ100,200,100,LAG2,WAIT_ONE_TRADING_DAY,25,PRICE_INDEX,TOTAL_RETURN,1986-09-26,1986-09-29,2026-09-02,10059,0.1230864482,-0.999833068,103.0896114,39.93429158,0.7819365158,0.5024449429,9655,2000-03-27,2009-03-09,,False,,,2000,-0.9179989321,1999,4.182551226,-0.9919222976,-0.725579713,-0.5048229126,-0.1935696563,240,-0.1737559864,-0.02650877755,0.02557554518,120,0.029120722,0.08754434626,0,0
TQQQ_SMA_TO_NASDAQ,NASDAQ100,200,100,LAG2,WAIT_ONE_TRADING_DAY,25,PRICE_INDEX,TOTAL_RETURN,1986-09-26,1986-09-29,2026-09-02,10059,0.1953775206,-0.9647264036,1244.831717,39.93429158,0.5809198958,0.5487968422,6694,2000-03-27,2002-10-07,2018-07-25,True,5770,6694,2000,-0.7649158326,1999,4.182551226,-0.8977236357,-0.4209819737,-0.1967808046,-0.02472312438,240,-0.00991535697,0.1447081426,0.1133823161,120,0.1172310206,0.2005078671,273,6.836229947
TQQQ_SMA_TO_TBILL,NASDAQ100,200,100,LAG2,WAIT_ONE_TRADING_DAY,25,PRICE_INDEX,TOTAL_RETURN,1986-09-26,1986-09-29,2026-09-02,10059,0.1769659263,-0.889379789,669.7393504,39.93429158,0.5507290482,0.5197698089,6409,2000-03-27,2003-03-31,2017-10-13,True,5310,6409,2000,-0.6749426275,1999,4.182551226,-0.8039281859,-0.3064219025,-0.1018078692,-0.002115723006,240,0.008856048297,0.1617851417,0.1018473687,120,0.1056561995,0.1985857178,273,6.836229947
TQQQ_ALWAYS,NASDAQ100,200,100,LAG2,WAIT_ONE_TRADING_DAY,50,PRICE_INDEX,TOTAL_RETURN,1986-09-26,1986-09-29,2026-09-02,10059,0.1230864482,-0.999833068,103.0896114,39.93429158,0.7819365158,0.5024449429,9655,2000-03-27,2009-03-09,,False,,,2000,-0.9179989321,1999,4.182551226,-0.9919222976,-0.725579713,-0.5048229126,-0.1935696563,240,-0.1737559864,-0.02650877755,0.02557554518,120,0.029120722,0.08754434626,0,0
TQQQ_SMA_TO_NASDAQ,NASDAQ100,200,100,LAG2,WAIT_ONE_TRADING_DAY,50,PRICE_INDEX,TOTAL_RETURN,1986-09-26,1986-09-29,2026-09-02,10059,0.1750458141,-0.9702442526,627.4639783,39.93429158,0.5809875784,0.5192648923,7434,2000-03-27,2008-11-20,2020-08-03,True,4274,7434,2000,-0.7736002063,1999,4.182551226,-0.9014842024,-0.4356085226,-0.2151144589,-0.04542526613,240,-0.03093182228,0.1220052394,0.09180249595,120,0.09557660398,0.1784202049,273,6.836229947
TQQQ_SMA_TO_TBILL,NASDAQ100,200,100,LAG2,WAIT_ONE_TRADING_DAY,50,PRICE_INDEX,TOTAL_RETURN,1986-09-26,1986-09-29,2026-09-02,10059,0.1569473753,-0.8984264855,337.5856444,39.93429158,0.5508053475,0.4886160073,6511,2000-03-27,2003-03-31,2018-01-23,True,5412,6511,2000,-0.686950751,1999,4.182551226,-0.8111762511,-0.3239423483,-0.1223093015,-0.02329775066,240,-0.01255887647,0.138842266,0.08049112142,120,0.08422612865,0.1761401989,273,6.836229947
TQQQ_ALWAYS,NASDAQ100,250,0,LAG1,IMMEDIATE_NEXT_RETURN,0,PRICE_INDEX,TOTAL_RETURN,1986-09-26,1986-09-29,2026-09-02,10059,0.1461438983,-0.9997995254,232.0990472,39.93429158,0.7819212139,0.5284163735,9655,2000-03-27,2009-03-09,,False,,,2000,-0.9162958512,1999,4.288122096,-0.9917504719,-0.7198956163,-0.4946031042,-0.1769845585,240,-0.1567649421,-0.006497112724,0.04664319722,120,0.05026317241,0.1098767596,0,0
TQQQ_SMA_TO_NASDAQ,NASDAQ100,250,0,LAG1,IMMEDIATE_NEXT_RETURN,0,PRICE_INDEX,TOTAL_RETURN,1986-09-26,1986-09-29,2026-09-02,10059,0.2406212384,-0.9597881633,5488.01868,39.93429158,0.5857079488,0.6123663902,6245,2000-03-27,2008-11-20,2017-05-02,True,3085,6245,2000,-0.7994693475,1999,4.288122096,-0.913093962,-0.4055382924,-0.1926365386,0.01265611009,240,0.02800799447,0.1987784897,0.1649198618,120,0.1689489148,0.2502174253,249,6.235242698
TQQQ_SMA_TO_TBILL,NASDAQ100,250,0,LAG1,IMMEDIATE_NEXT_RETURN,0,PRICE_INDEX,TOTAL_RETURN,1986-09-26,1986-09-29,2026-09-02,10059,0.2257884548,-0.8761542178,3394.778313,39.93429158,0.556398088,0.5930206224,5076,2000-03-27,2003-04-09,2014-02-18,True,3968,5076,2000,-0.7419659333,1999,4.288122096,-0.8451295241,-0.2890173897,-0.1095042687,0.03734584115,240,0.04873913828,0.2131358087,0.1608193204,120,0.1648341912,0.2532608534,249,6.235242698
TQQQ_ALWAYS,NASDAQ100,250,0,LAG1,IMMEDIATE_NEXT_RETURN,10,PRICE_INDEX,TOTAL_RETURN,1986-09-26,1986-09-29,2026-09-02,10059,0.1461438983,-0.9997995254,232.0990472,39.93429158,0.7819212139,0.5284163735,9655,2000-03-27,2009-03-09,,False,,,2000,-0.9162958512,1999,4.288122096,-0.9917504719,-0.7198956163,-0.4946031042,-0.1769845585,240,-0.1567649421,-0.006497112724,0.04664319722,120,0.05026317241,0.1098767596,0,0
TQQQ_SMA_TO_NASDAQ,NASDAQ100,250,0,LAG1,IMMEDIATE_NEXT_RETURN,10,PRICE_INDEX,TOTAL_RETURN,1986-09-26,1986-09-29,2026-09-02,10059,0.2329058841,-0.9620931484,4277.81648,39.93429158,0.5857007084,0.6017066202,6276,2000-03-27,2008-11-20,2017-06-02,True,3116,6276,2000,-0.800868858,1999,4.288122096,-0.9136976002,-0.4092128813,-0.197629877,0.006142250498,240,0.02139538465,0.1921447876,0.157330422,120,0.1613332258,0.2428595083,249,6.235242698
TQQQ_SMA_TO_TBILL,NASDAQ100,250,0,LAG1,IMMEDIATE_NEXT_RETURN,10,PRICE_INDEX,TOTAL_RETURN,1986-09-26,1986-09-29,2026-09-02,10059,0.2181653448,-0.8777508085,2646.171498,39.93429158,0.5563894495,0.5817985319,5184,2000-03-27,2003-04-10,2014-06-06,True,4075,5184,2000,-0.7437667621,1999,4.288122096,-0.8462111083,-0.2934122376,-0.1150117591,0.0306731661,240,0.04199317642,0.2055845457,0.1532565956,120,0.1572453095,0.2459061591,249,6.235242698
TQQQ_ALWAYS,NASDAQ100,250,0,LAG1,IMMEDIATE_NEXT_RETURN,25,PRICE_INDEX,TOTAL_RETURN,1986-09-26,1986-09-29,2026-09-02,10059,0.1461438983,-0.9997995254,232.0990472,39.93429158,0.7819212139,0.5284163735,9655,2000-03-27,2009-03-09,,False,,,2000,-0.9162958512,1999,4.288122096,-0.9917504719,-0.7198956163,-0.4946031042,-0.1769845585,240,-0.1567649421,-0.006497112724,0.04664319722,120,0.05026317241,0.1098767596,0,0
TQQQ_SMA_TO_NASDAQ,NASDAQ100,250,0,LAG1,IMMEDIATE_NEXT_RETURN,25,PRICE_INDEX,TOTAL_RETURN,1986-09-26,1986-09-29,2026-09-02,10059,0.2214084113,-0.9653091239,2942.583302,39.93429158,0.5857094106,0.5856969099,6426,2000-03-27,2008-11-20,2017-10-30,True,3266,6426,2000,-0.8029524237,1999,4.288122096,-0.9145963233,-0.4146890372,-0.2050713035,-0.003562139463,240,0.01154387597,0.1816071678,0.1460248,120,0.1499885017,0.231890091,249,6.235242698
TQQQ_SMA_TO_TBILL,NASDAQ100,250,0,LAG1,IMMEDIATE_NEXT_RETURN,25,PRICE_INDEX,TOTAL_RETURN,1986-09-26,1986-09-29,2026-09-02,10059,0.206805335,-0.8876504066,1820.223028,39.93429158,0.5563970879,0.5649438306,5230,2000-03-27,2009-07-08,2014-07-22,True,1840,5230,2000,-0.7464478032,1999,4.288122096,-0.8478213415,-0.299961779,-0.1232194115,0.02073217185,240,0.03194299901,0.1947840745,0.1419907697,120,0.145940519,0.2349413117,249,6.235242698
TQQQ_ALWAYS,NASDAQ100,250,0,LAG1,IMMEDIATE_NEXT_RETURN,50,PRICE_INDEX,TOTAL_RETURN,1986-09-26,1986-09-29,2026-09-02,10059,0.1461438983,-0.9997995254,232.0990472,39.93429158,0.7819212139,0.5284163735,9655,2000-03-27,2009-03-09,,False,,,2000,-0.9162958512,1999,4.288122096,-0.9917504719,-0.7198956163,-0.4946031042,-0.1769845585,240,-0.1567649421,-0.006497112724,0.04664319722,120,0.05026317241,0.1098767596,0,0
TQQQ_SMA_TO_NASDAQ,NASDAQ100,250,0,LAG1,IMMEDIATE_NEXT_RETURN,50,PRICE_INDEX,TOTAL_RETURN,1986-09-26,1986-09-29,2026-09-02,10059,0.202446027,-0.9700831631,1575.297873,39.93429158,0.5857760777,0.5589653406,6510,2000-03-27,2008-11-20,2018-01-22,True,3350,6510,2000,-0.8063835147,1999,4.288122096,-0.9160763857,-0.4237213556,-0.217345037,-0.01956036801,240,-0.004696886006,0.1651180341,0.1273899521,120,0.1312892023,0.2137864496,249,6.235242698
TQQQ_SMA_TO_TBILL,NASDAQ100,250,0,LAG1,IMMEDIATE_NEXT_RETURN,50,PRICE_INDEX,TOTAL_RETURN,1986-09-26,1986-09-29,2026-09-02,10059,0.1880696637,-0.9035966192,974.4476773,39.93429158,0.5564647372,0.5368007102,5352,2000-03-27,2009-07-08,2014-11-21,True,1962,5352,2000,-0.750862781,1999,4.288122096,-0.8504729515,-0.3107645293,-0.1367569417,0.004343887922,240,0.01537472054,0.1763577336,0.1234215168,120,0.1273070415,0.2168445923,249,6.235242698
TQQQ_ALWAYS,NASDAQ100,250,0,LAG2,WAIT_ONE_TRADING_DAY,0,PRICE_INDEX,TOTAL_RETURN,1986-09-26,1986-09-29,2026-09-02,10059,0.1461438983,-0.9997995254,232.0990472,39.93429158,0.7819212139,0.5284163735,9655,2000-03-27,2009-03-09,,False,,,2000,-0.9162958512,1999,4.288122096,-0.9917504719,-0.7198956163,-0.4946031042,-0.1769845585,240,-0.1567649421,-0.006497112724,0.04664319722,120,0.05026317241,0.1098767596,0,0
TQQQ_SMA_TO_NASDAQ,NASDAQ100,250,0,LAG2,WAIT_ONE_TRADING_DAY,0,PRICE_INDEX,TOTAL_RETURN,1986-09-26,1986-09-29,2026-09-02,10059,0.2263428918,-0.9489164598,3456.640197,39.93429158,0.5894706828,0.592893692,5359,2000-03-27,2002-10-07,2014-11-28,True,4435,5359,2000,-0.7499003883,1999,4.288122096,-0.891725856,-0.3583473039,-0.1481741377,0.02691147692,240,0.04247947291,0.2103310358,0.1550563734,120,0.1590513121,0.2558670675,249,6.235242698
TQQQ_SMA_TO_TBILL,NASDAQ100,250,0,LAG2,WAIT_ONE_TRADING_DAY,0,PRICE_INDEX,TOTAL_RETURN,1986-09-26,1986-09-29,2026-09-02,10059,0.2058046785,-0.8908181846,1760.913416,39.93429158,0.5608544262,0.5637749134,4876,1987-10-05,1990-08-03,1997-05-27,True,2489,3522,2000,-0.6405439886,1999,4.288122096,-0.8360229127,-0.3113593518,-0.03480529523,0.06030062798,240,0.07194604036,0.2283636772,0.1469431252,120,0.150910003,0.2642167212,249,6.235242698
TQQQ_ALWAYS,NASDAQ100,250,0,LAG2,WAIT_ONE_TRADING_DAY,10,PRICE_INDEX,TOTAL_RETURN,1986-09-26,1986-09-29,2026-09-02,10059,0.1461438983,-0.9997995254,232.0990472,39.93429158,0.7819212139,0.5284163735,9655,2000-03-27,2009-03-09,,False,,,2000,-0.9162958512,1999,4.288122096,-0.9917504719,-0.7198956163,-0.4946031042,-0.1769845585,240,-0.1567649421,-0.006497112724,0.04664319722,120,0.05026317241,0.1098767596,0,0
TQQQ_SMA_TO_NASDAQ,NASDAQ100,250,0,LAG2,WAIT_ONE_TRADING_DAY,10,PRICE_INDEX,TOTAL_RETURN,1986-09-26,1986-09-29,2026-09-02,10059,0.2187163337,-0.9492729736,2694.391777,39.93429158,0.5894842436,0.5823051083,5453,2000-03-27,2002-10-07,2015-03-02,True,4529,5453,2000,-0.7516458423,1999,4.288122096,-0.8924779143,-0.3623135979,-0.1534424648,0.02030592039,240,0.03577377603,0.2035988555,0.1475311941,120,0.1515001058,0.2486819376,249,6.235242698
TQQQ_SMA_TO_TBILL,NASDAQ100,250,0,LAG2,WAIT_ONE_TRADING_DAY,10,PRICE_INDEX,TOTAL_RETURN,1986-09-26,1986-09-29,2026-09-02,10059,0.1983058464,-0.8949313599,1372.601821,39.93429158,0.5608802206,0.552644778,4923,1987-10-05,1990-08-06,1997-07-14,True,2534,3570,2000,-0.6430526446,1999,4.288122096,-0.8392648942,-0.3188935599,-0.04077477987,0.05348029741,240,0.06505080127,0.22113501,0.1394708037,120,0.1434118373,0.256819017,249,6.235242698
TQQQ_ALWAYS,NASDAQ100,250,0,LAG2,WAIT_ONE_TRADING_DAY,25,PRICE_INDEX,TOTAL_RETURN,1986-09-26,1986-09-29,2026-09-02,10059,0.1461438983,-0.9997995254,232.0990472,39.93429158,0.7819212139,0.5284163735,9655,2000-03-27,2009-03-09,,False,,,2000,-0.9162958512,1999,4.288122096,-0.9917504719,-0.7198956163,-0.4946031042,-0.1769845585,240,-0.1567649421,-0.006497112724,0.04664319722,120,0.05026317241,0.1098767596,0,0
TQQQ_SMA_TO_NASDAQ,NASDAQ100,250,0,LAG2,WAIT_ONE_TRADING_DAY,25,PRICE_INDEX,TOTAL_RETURN,1986-09-26,1986-09-29,2026-09-02,10059,0.2073511857,-0.9498037449,1853.39233,39.93429158,0.5895239384,0.5664045559,6251,2000-03-27,2002-10-07,2017-05-08,True,5327,6251,2000,-0.7542444424,1999,4.288122096,-0.8935976119,-0.3682244751,-0.161293699,0.01046491975,240,0.02578358565,0.1935582273,0.136321298,120,0.1402514386,0.237785089,249,6.235242698
TQQQ_SMA_TO_TBILL,NASDAQ100,250,0,LAG2,WAIT_ONE_TRADING_DAY,25,PRICE_INDEX,TOTAL_RETURN,1986-09-26,1986-09-29,2026-09-02,10059,0.1871310366,-0.9009117084,944.1721536,39.93429158,0.5609392079,0.5359321074,4960,1987-10-05,1990-08-06,1997-07-15,True,2535,3571,2000,-0.6467874863,1999,4.288122096,-0.8440139329,-0.3300544435,-0.05134837254,0.04331932503,240,0.05477822967,0.210358296,0.1283396471,120,0.1322421819,0.2457898134,249,6.235242698
TQQQ_ALWAYS,NASDAQ100,250,0,LAG2,WAIT_ONE_TRADING_DAY,50,PRICE_INDEX,TOTAL_RETURN,1986-09-26,1986-09-29,2026-09-02,10059,0.1461438983,-0.9997995254,232.0990472,39.93429158,0.7819212139,0.5284163735,9655,2000-03-27,2009-03-09,,False,,,2000,-0.9162958512,1999,4.288122096,-0.9917504719,-0.7198956163,-0.4946031042,-0.1769845585,240,-0.1567649421,-0.006497112724,0.04664319722,120,0.05026317241,0.1098767596,0,0
TQQQ_SMA_TO_NASDAQ,NASDAQ100,250,0,LAG2,WAIT_ONE_TRADING_DAY,50,PRICE_INDEX,TOTAL_RETURN,1986-09-26,1986-09-29,2026-09-02,10059,0.1886070401,-0.9506777872,992.2047042,39.93429158,0.5896416925,0.5398611613,6427,2000-03-27,2002-10-07,2017-10-31,True,5503,6427,2000,-0.7585236612,1999,4.288122096,-0.895441586,-0.3779738188,-0.1742433606,-0.005758519128,240,0.009314199152,0.177091353,0.1178442331,120,0.1217104679,0.2197988106,249,6.235242698
TQQQ_SMA_TO_TBILL,NASDAQ100,250,0,LAG2,WAIT_ONE_TRADING_DAY,50,PRICE_INDEX,TOTAL_RETURN,1986-09-26,1986-09-29,2026-09-02,10059,0.1687008091,-0.9101497645,505.4580389,39.93429158,0.5610916208,0.508036488,5048,1987-10-05,1990-08-06,1997-08-05,True,2556,3592,2000,-0.6529377993,1999,4.288122096,-0.8516341323,-0.3482870176,-0.06926674749,0.02656839487,240,0.03784332198,0.1922854742,0.1099923672,120,0.1138314452,0.2275862595,249,6.235242698
TQQQ_ALWAYS,NASDAQ100,250,50,LAG1,IMMEDIATE_NEXT_RETURN,0,PRICE_INDEX,TOTAL_RETURN,1986-09-26,1986-09-29,2026-09-02,10059,0.1345569198,-0.9998170634,154.6852882,39.93429158,0.7819287694,0.5154305843,9655,2000-03-27,2009-03-09,,False,,,2000,-0.9171517438,1999,4.235072003,-0.9918368341,-0.7227521501,-0.4997389613,-0.1853190797,240,-0.1653034601,-0.01655356655,0.03605611464,120,0.03963849675,0.09865412026,0,0
TQQQ_SMA_TO_NASDAQ,NASDAQ100,250,50,LAG1,IMMEDIATE_NEXT_RETURN,0,PRICE_INDEX,TOTAL_RETURN,1986-09-26,1986-09-29,2026-09-02,10059,0.2309496261,-0.9616676965,4014.96426,39.93429158,0.5857042294,0.599001743,6276,2000-03-27,2008-11-20,2017-06-02,True,3116,6276,2000,-0.8009622719,1999,4.235072003,-0.9135378549,-0.4082376683,-0.1971556602,0.005290013472,240,0.02054185081,0.1897680233,0.1560373984,120,0.1600346411,0.2405203282,249,6.235242698
TQQQ_SMA_TO_TBILL,NASDAQ100,250,50,LAG1,IMMEDIATE_NEXT_RETURN,0,PRICE_INDEX,TOTAL_RETURN,1986-09-26,1986-09-29,2026-09-02,10059,0.2162324757,-0.8768397014,2483.576385,39.93429158,0.5563925687,0.5789534696,5184,2000-03-27,2003-04-09,2014-06-06,True,4076,5184,2000,-0.743886963,1999,4.235072003,-0.8459121285,-0.2922458724,-0.1144887135,0.02980581317,240,0.04112242994,0.2041164031,0.1519681236,120,0.1559512958,0.2435166698,249,6.235242698
TQQQ_ALWAYS,NASDAQ100,250,50,LAG1,IMMEDIATE_NEXT_RETURN,10,PRICE_INDEX,TOTAL_RETURN,1986-09-26,1986-09-29,2026-09-02,10059,0.1345569198,-0.9998170634,154.6852882,39.93429158,0.7819287694,0.5154305843,9655,2000-03-27,2009-03-09,,False,,,2000,-0.9171517438,1999,4.235072003,-0.9918368341,-0.7227521501,-0.4997389613,-0.1853190797,240,-0.1653034601,-0.01655356655,0.03605611464,120,0.03963849675,0.09865412026,0,0
TQQQ_SMA_TO_NASDAQ,NASDAQ100,250,50,LAG1,IMMEDIATE_NEXT_RETURN,10,PRICE_INDEX,TOTAL_RETURN,1986-09-26,1986-09-29,2026-09-02,10059,0.223294419,-0.9638649447,3129.595812,39.93429158,0.5856968628,0.5883420808,6423,2000-03-27,2008-11-20,2017-10-27,True,3263,6423,2000,-0.8023513632,1999,4.235072003,-0.9141384099,-0.4118955714,-0.202121049,-0.001176464073,240,0.01397726659,0.1832358883,0.1485058278,120,0.1524770285,0.233219484,249,6.235242698
TQQQ_SMA_TO_TBILL,NASDAQ100,250,50,LAG1,IMMEDIATE_NEXT_RETURN,10,PRICE_INDEX,TOTAL_RETURN,1986-09-26,1986-09-29,2026-09-02,10059,0.2086687937,-0.882740231,1935.905216,39.93429158,0.5563837973,0.5677314113,5211,2000-03-27,2009-07-08,2014-07-03,True,1821,5211,2000,-0.7456743849,1999,4.235072003,-0.8469882472,-0.2966207639,-0.1199653764,0.02318163898,240,0.03442546217,0.1964870109,0.1444630642,120,0.1484202861,0.2362275888,249,6.235242698
TQQQ_ALWAYS,NASDAQ100,250,50,LAG1,IMMEDIATE_NEXT_RETURN,25,PRICE_INDEX,TOTAL_RETURN,1986-09-26,1986-09-29,2026-09-02,10059,0.1345569198,-0.9998170634,154.6852882,39.93429158,0.7819287694,0.5154305843,9655,2000-03-27,2009-03-09,,False,,,2000,-0.9171517438,1999,4.235072003,-0.9918368341,-0.7227521501,-0.4997389613,-0.1853190797,240,-0.1653034601,-0.01655356655,0.03605611464,120,0.03963849675,0.09865412026,0,0
TQQQ_SMA_TO_NASDAQ,NASDAQ100,250,50,LAG1,IMMEDIATE_NEXT_RETURN,25,PRICE_INDEX,TOTAL_RETURN,1986-09-26,1986-09-29,2026-09-02,10059,0.2118865781,-0.966930603,2152.756301,39.93429158,0.5857053752,0.5723329703,6475,2000-03-27,2008-11-20,2017-12-18,True,3315,6475,2000,-0.804419417,1999,4.235072003,-0.9150325426,-0.4173468607,-0.2095208231,-0.01081026396,240,0.004197306745,0.1728143251,0.1372864107,120,0.1412188179,0.2223351526,249,6.235242698
TQQQ_SMA_TO_TBILL,NASDAQ100,250,50,LAG1,IMMEDIATE_NEXT_RETURN,25,PRICE_INDEX,TOTAL_RETURN,1986-09-26,1986-09-29,2026-09-02,10059,0.1973973441,-0.8930104358,1331.651882,39.93429158,0.5563912358,0.5508772696,5268,2000-03-27,2009-07-08,2014-08-29,True,1878,5268,2000,-0.748335466,1999,4.235072003,-0.8485903434,-0.3031405647,-0.1281270873,0.01331290161,240,0.02444827647,0.185887326,0.1332831397,120,0.1372017047,0.2253479217,249,6.235242698
TQQQ_ALWAYS,NASDAQ100,250,50,LAG1,IMMEDIATE_NEXT_RETURN,50,PRICE_INDEX,TOTAL_RETURN,1986-09-26,1986-09-29,2026-09-02,10059,0.1345569198,-0.9998170634,154.6852882,39.93429158,0.7819287694,0.5154305843,9655,2000-03-27,2009-03-09,,False,,,2000,-0.9171517438,1999,4.235072003,-0.9918368341,-0.7227521501,-0.4997389613,-0.1853190797,240,-0.1653034601,-0.01655356655,0.03605611464,120,0.03963849675,0.09865412026,0,0
TQQQ_SMA_TO_NASDAQ,NASDAQ100,250,50,LAG1,IMMEDIATE_NEXT_RETURN,50,PRICE_INDEX,TOTAL_RETURN,1986-09-26,1986-09-29,2026-09-02,10059,0.1930720204,-0.9714814998,1152.467772,39.93429158,0.5857717243,0.5456035687,6681,2000-03-27,2008-11-20,2018-07-12,True,3521,6681,2000,-0.807824964,1999,4.235072003,-0.9165050451,-0.4263381645,-0.2217258558,-0.02669212082,240,-0.01192550298,0.1564620751,0.1187936527,120,0.1226621173,0.2043719347,249,6.235242698
TQQQ_SMA_TO_TBILL,NASDAQ100,250,50,LAG1,IMMEDIATE_NEXT_RETURN,50,PRICE_INDEX,TOTAL_RETURN,1986-09-26,1986-09-29,2026-09-02,10059,0.178807732,-0.9081958787,712.8934549,39.93429158,0.5564585505,0.5227364436,5442,2000-03-27,2009-07-08,2015-02-19,True,2052,5442,2000,-0.7527175749,1999,4.235072003,-0.8512285541,-0.313894261,-0.1415888428,-0.00295626282,240,0.008000328925,0.1675042622,0.1148554765,120,0.118710324,0.2073917865,249,6.235242698
TQQQ_ALWAYS,NASDAQ100,250,50,LAG2,WAIT_ONE_TRADING_DAY,0,PRICE_INDEX,TOTAL_RETURN,1986-09-26,1986-09-29,2026-09-02,10059,0.1345569198,-0.9998170634,154.6852882,39.93429158,0.7819287694,0.5154305843,9655,2000-03-27,2009-03-09,,False,,,2000,-0.9171517438,1999,4.235072003,-0.9918368341,-0.7227521501,-0.4997389613,-0.1853190797,240,-0.1653034601,-0.01655356655,0.03605611464,120,0.03963849675,0.09865412026,0,0
TQQQ_SMA_TO_NASDAQ,NASDAQ100,250,50,LAG2,WAIT_ONE_TRADING_DAY,0,PRICE_INDEX,TOTAL_RETURN,1986-09-26,1986-09-29,2026-09-02,10059,0.2167747292,-0.9491784879,2528.18139,39.93429158,0.5894688814,0.5796041827,5506,2000-03-27,2002-10-07,2015-04-24,True,4582,5506,2000,-0.7517821997,1999,4.235072003,-0.8922874653,-0.361278023,-0.1529597168,0.01942124502,240,0.03488747546,0.2014429075,0.146244219,120,0.1502075996,0.2460632602,249,6.235242698
TQQQ_SMA_TO_TBILL,NASDAQ100,250,50,LAG2,WAIT_ONE_TRADING_DAY,0,PRICE_INDEX,TOTAL_RETURN,1986-09-26,1986-09-29,2026-09-02,10059,0.196396759,-0.8929236003,1287.929398,39.93429158,0.5608506865,0.5498089931,4923,1987-10-05,1990-08-03,1997-07-14,True,2537,3570,2000,-0.6432486246,1999,4.235072003,-0.8367279893,-0.3161083783,-0.04093223321,0.05257264538,240,0.06413944865,0.218817168,0.1381928684,120,0.1421284098,0.2541348718,249,6.235242698
TQQQ_ALWAYS,NASDAQ100,250,50,LAG2,WAIT_ONE_TRADING_DAY,10,PRICE_INDEX,TOTAL_RETURN,1986-09-26,1986-09-29,2026-09-02,10059,0.1345569198,-0.9998170634,154.6852882,39.93429158,0.7819287694,0.5154305843,9655,2000-03-27,2009-03-09,,False,,,2000,-0.9171517438,1999,4.235072003,-0.9918368341,-0.7227521501,-0.4997389613,-0.1853190797,240,-0.1653034601,-0.01655356655,0.03605611464,120,0.03963849675,0.09865412026,0,0
TQQQ_SMA_TO_NASDAQ,NASDAQ100,250,50,LAG2,WAIT_ONE_TRADING_DAY,10,PRICE_INDEX,TOTAL_RETURN,1986-09-26,1986-09-29,2026-09-02,10059,0.209207675,-0.949533173,1970.674053,39.93429158,0.5894823306,0.5690162101,5590,2000-03-27,2002-10-07,2015-07-17,True,4666,5590,2000,-0.7535145204,1999,4.235072003,-0.8930356228,-0.365226201,-0.1581984463,0.01286386903,240,0.02823061372,0.1947248781,0.1387764508,120,0.1427140101,0.2389774809,249,6.235242698
TQQQ_SMA_TO_TBILL,NASDAQ100,250,50,LAG2,WAIT_ONE_TRADING_DAY,10,PRICE_INDEX,TOTAL_RETURN,1986-09-26,1986-09-29,2026-09-02,10059,0.1889564343,-0.8969574589,1003.918887,39.93429158,0.5608763641,0.5386797809,4953,1987-10-05,1990-08-06,1997-07-15,True,2535,3571,2000,-0.6457384049,1999,4.235072003,-0.8399560308,-0.3235906288,-0.04819614906,0.04580202468,240,0.05729442507,0.2116447221,0.1307775546,120,0.1346874561,0.2467961627,249,6.235242698
TQQQ_ALWAYS,NASDAQ100,250,50,LAG2,WAIT_ONE_TRADING_DAY,25,PRICE_INDEX,TOTAL_RETURN,1986-09-26,1986-09-29,2026-09-02,10059,0.1345569198,-0.9998170634,154.6852882,39.93429158,0.7819287694,0.5154305843,9655,2000-03-27,2009-03-09,,False,,,2000,-0.9171517438,1999,4.235072003,-0.9918368341,-0.7227521501,-0.4997389613,-0.1853190797,240,-0.1653034601,-0.01655356655,0.03605611464,120,0.03963849675,0.09865412026,0,0
TQQQ_SMA_TO_NASDAQ,NASDAQ100,250,50,LAG2,WAIT_ONE_TRADING_DAY,25,PRICE_INDEX,TOTAL_RETURN,1986-09-26,1986-09-29,2026-09-02,10059,0.1979312001,-0.9500612218,1355.568335,39.93429158,0.5895218571,0.5531170035,6276,2000-03-27,2002-10-07,2017-06-02,True,5352,6276,2000,-0.756093568,1999,4.235072003,-0.8941495125,-0.3711100806,-0.166005572,0.003094648072,240,0.01831317825,0.1847582739,0.1276520772,120,0.1315511716,0.2281692626,249,6.235242698
TQQQ_SMA_TO_TBILL,NASDAQ100,250,50,LAG2,WAIT_ONE_TRADING_DAY,25,PRICE_INDEX,TOTAL_RETURN,1986-09-26,1986-09-29,2026-09-02,10059,0.1778688124,-0.902822485,690.566079,39.93429158,0.5609351753,0.5219689919,4993,1987-10-05,1990-08-06,1997-07-16,True,2536,3572,2000,-0.6494451446,1999,4.235072003,-0.8446846494,-0.3346745443,-0.05900243623,0.03571511037,240,0.04709666486,0.200951824,0.1197313199,120,0.1236030266,0.2358549146,249,6.235242698
TQQQ_ALWAYS,NASDAQ100,250,50,LAG2,WAIT_ONE_TRADING_DAY,50,PRICE_INDEX,TOTAL_RETURN,1986-09-26,1986-09-29,2026-09-02,10059,0.1345569198,-0.9998170634,154.6852882,39.93429158,0.7819287694,0.5154305843,9655,2000-03-27,2009-03-09,,False,,,2000,-0.9171517438,1999,4.235072003,-0.9918368341,-0.7227521501,-0.4997389613,-0.1853190797,240,-0.1653034601,-0.01655356655,0.03605611464,120,0.03963849675,0.09865412026,0,0
TQQQ_SMA_TO_NASDAQ,NASDAQ100,250,50,LAG2,WAIT_ONE_TRADING_DAY,50,PRICE_INDEX,TOTAL_RETURN,1986-09-26,1986-09-29,2026-09-02,10059,0.1793332999,-0.9512870343,725.6970135,39.93429158,0.5896393288,0.5265769954,6491,2000-03-27,2008-11-20,2018-01-03,True,3331,6491,2000,-0.7603405889,1999,4.235072003,-0.8959839221,-0.3808148946,-0.1788824821,-0.013010458,240,0.001963732281,0.1683568001,0.1093159775,120,0.113151671,0.2103238114,249,6.235242698
TQQQ_SMA_TO_TBILL,NASDAQ100,250,50,LAG2,WAIT_ONE_TRADING_DAY,50,PRICE_INDEX,TOTAL_RETURN,1986-09-26,1986-09-29,2026-09-02,10059,0.1595823811,-0.9118823983,369.6912419,39.93429158,0.5610872929,0.4940778315,5183,1987-10-05,1990-08-06,1998-07-08,True,2893,3929,2000,-0.6555491813,1999,4.235072003,-0.852272083,-0.3527813823,-0.07677623926,0.01908626907,240,0.03028508792,0.1829399346,0.1015240151,120,0.1053327662,0.2177965299,249,6.235242698
TQQQ_ALWAYS,NASDAQ100,250,100,LAG1,IMMEDIATE_NEXT_RETURN,0,PRICE_INDEX,TOTAL_RETURN,1986-09-26,1986-09-29,2026-09-02,10059,0.1230864482,-0.999833068,103.0896114,39.93429158,0.7819365158,0.5024449429,9655,2000-03-27,2009-03-09,,False,,,2000,-0.9179989321,1999,4.182551226,-0.9919222976,-0.725579713,-0.5048229126,-0.1935696563,240,-0.1737559864,-0.02650877755,0.02557554518,120,0.029120722,0.08754434626,0,0
TQQQ_SMA_TO_NASDAQ,NASDAQ100,250,100,LAG1,IMMEDIATE_NEXT_RETURN,0,PRICE_INDEX,TOTAL_RETURN,1986-09-26,1986-09-29,2026-09-02,10059,0.2213528859,-0.9634594753,2937.246001,39.93429158,0.5857008282,0.5856366358,6423,2000-03-27,2008-11-20,2017-10-27,True,3263,6423,2000,-0.8024441646,1999,4.182551226,-0.9139795052,-0.4109249344,-0.2016497339,-0.002022902191,240,0.01312952592,0.1808247983,0.1472221805,120,0.1511878615,0.2308979221,249,6.235242698
TQQQ_SMA_TO_TBILL,NASDAQ100,250,100,LAG1,IMMEDIATE_NEXT_RETURN,0,PRICE_INDEX,TOTAL_RETURN,1986-09-26,1986-09-29,2026-09-02,10059,0.2067504734,-0.8813082042,1816.92148,39.93429158,0.5563873842,0.5648857301,5211,2000-03-27,2009-07-07,2014-07-03,True,1822,5211,2000,-0.7457937977,1999,4.182551226,-0.8466908216,-0.2954598716,-0.119445531,0.0223201808,240,0.03356062569,0.1948825873,0.1431839353,120,0.1471356571,0.2337903585,249,6.235242698
TQQQ_ALWAYS,NASDAQ100,250,100,LAG1,IMMEDIATE_NEXT_RETURN,10,PRICE_INDEX,TOTAL_RETURN,1986-09-26,1986-09-29,2026-09-02,10059,0.1230864482,-0.999833068,103.0896114,39.93429158,0.7819365158,0.5024449429,9655,2000-03-27,2009-03-09,,False,,,2000,-0.9179989321,1999,4.182551226,-0.9919222976,-0.725579713,-0.5048229126,-0.1935696563,240,-0.1737559864,-0.02650877755,0.02557554518,120,0.029120722,0.08754434626,0,0
TQQQ_SMA_TO_NASDAQ,NASDAQ100,250,100,LAG1,IMMEDIATE_NEXT_RETURN,10,PRICE_INDEX,TOTAL_RETURN,1986-09-26,1986-09-29,2026-09-02,10059,0.2137573604,-0.9655540168,2289.532904,39.93429158,0.5856933354,0.5749770813,6451,2000-03-27,2008-11-20,2017-11-24,True,3291,6451,2000,-0.8038229137,1999,4.182551226,-0.9145769926,-0.4145662264,-0.2065873279,-0.008442339773,240,0.006612621104,0.1743930815,0.1397480409,120,0.1436878855,0.2236537111,249,6.235242698
TQQQ_SMA_TO_TBILL,NASDAQ100,250,100,LAG1,IMMEDIATE_NEXT_RETURN,10,PRICE_INDEX,TOTAL_RETURN,1986-09-26,1986-09-29,2026-09-02,10059,0.1992457595,-0.8883348186,1416.259146,39.93429158,0.5563784799,0.5536637042,5258,2000-03-27,2009-07-08,2014-08-19,True,1868,5258,2000,-0.7475679117,1999,4.182551226,-0.847761502,-0.2998148961,-0.1248915372,0.01574415756,240,0.02691229885,0.1875838752,0.1357361049,120,0.1396620812,0.2266236845,249,6.235242698
TQQQ_ALWAYS,NASDAQ100,250,100,LAG1,IMMEDIATE_NEXT_RETURN,25,PRICE_INDEX,TOTAL_RETURN,1986-09-26,1986-09-29,2026-09-02,10059,0.1230864482,-0.999833068,103.0896114,39.93429158,0.7819365158,0.5024449429,9655,2000-03-27,2009-03-09,,False,,,2000,-0.9179989321,1999,4.182551226,-0.9919222976,-0.725579713,-0.5048229126,-0.1935696563,240,-0.1737559864,-0.02650877755,0.02557554518,120,0.029120722,0.08754434626,0,0
TQQQ_SMA_TO_NASDAQ,NASDAQ100,250,100,LAG1,IMMEDIATE_NEXT_RETURN,25,PRICE_INDEX,TOTAL_RETURN,1986-09-26,1986-09-29,2026-09-02,10059,0.2024384574,-0.9684763761,1574.901898,39.93429158,0.585701658,0.5589685707,6505,2000-03-27,2008-11-20,2018-01-17,True,3345,6505,2000,-0.8058755703,1999,4.182551226,-0.9154665581,-0.4199927608,-0.2139456803,-0.01800605922,240,-0.003096305651,0.1640864355,0.1286141761,120,0.1325155336,0.2128538103,249,6.235242698
TQQQ_SMA_TO_TBILL,NASDAQ100,250,100,LAG1,IMMEDIATE_NEXT_RETURN,25,PRICE_INDEX,TOTAL_RETURN,1986-09-26,1986-09-29,2026-09-02,10059,0.1880621845,-0.8981150211,974.2027353,39.93429158,0.5563857186,0.5368101221,5349,2000-03-27,2009-07-08,2014-11-18,True,1959,5349,2000,-0.7502091803,1999,4.182551226,-0.849355502,-0.3063050897,-0.1330075615,0.00594715579,240,0.01700757872,0.1768814915,0.1246414315,120,0.1285290561,0.2158285407,249,6.235242698
TQQQ_ALWAYS,NASDAQ100,250,100,LAG1,IMMEDIATE_NEXT_RETURN,50,PRICE_INDEX,TOTAL_RETURN,1986-09-26,1986-09-29,2026-09-02,10059,0.1230864482,-0.999833068,103.0896114,39.93429158,0.7819365158,0.5024449429,9655,2000-03-27,2009-03-09,,False,,,2000,-0.9179989321,1999,4.182551226,-0.9919222976,-0.725579713,-0.5048229126,-0.1935696563,240,-0.1737559864,-0.02650877755,0.02557554518,120,0.029120722,0.08754434626,0,0
TQQQ_SMA_TO_NASDAQ,NASDAQ100,250,100,LAG1,IMMEDIATE_NEXT_RETURN,50,PRICE_INDEX,TOTAL_RETURN,1986-09-26,1986-09-29,2026-09-02,10059,0.1837705819,-0.9728145489,843.1161859,39.93429158,0.585767689,0.532241337,7234,2000-03-27,2008-11-20,2020-01-16,True,4074,7234,2000,-0.809255762,1999,4.182551226,-0.916931539,-0.428943234,-0.2260823931,-0.03377238457,240,-0.01910201336,0.1478699527,0.1102624323,120,0.114100352,0.1950299343,249,6.235242698
TQQQ_SMA_TO_TBILL,NASDAQ100,250,100,LAG1,IMMEDIATE_NEXT_RETURN,50,PRICE_INDEX,TOTAL_RETURN,1986-09-26,1986-09-29,2026-09-02,10059,0.1696175009,-0.9125759505,521.5347669,39.93429158,0.5564526986,0.5086715908,5590,2000-03-27,2009-07-08,2015-07-17,True,2200,5590,2000,-0.7545586631,1999,4.182551226,-0.8519803803,-0.3170099521,-0.1463939622,-0.01020374849,240,0.0006790946969,0.1588485944,0.1063542862,120,0.1101786964,0.1980119052,249,6.235242698
TQQQ_ALWAYS,NASDAQ100,250,100,LAG2,WAIT_ONE_TRADING_DAY,0,PRICE_INDEX,TOTAL_RETURN,1986-09-26,1986-09-29,2026-09-02,10059,0.1230864482,-0.999833068,103.0896114,39.93429158,0.7819365158,0.5024449429,9655,2000-03-27,2009-03-09,,False,,,2000,-0.9179989321,1999,4.182551226,-0.9919222976,-0.725579713,-0.5048229126,-0.1935696563,240,-0.1737559864,-0.02650877755,0.02557554518,120,0.029120722,0.08754434626,0,0
TQQQ_SMA_TO_NASDAQ,NASDAQ100,250,100,LAG2,WAIT_ONE_TRADING_DAY,0,PRICE_INDEX,TOTAL_RETURN,1986-09-26,1986-09-29,2026-09-02,10059,0.2072806987,-0.9494391866,1849.076188,39.93429158,0.5894673965,0.5663143154,6240,2000-03-27,2002-10-07,2017-04-27,True,5316,6240,2000,-0.7536499572,1999,4.182551226,-0.8928461933,-0.3641955173,-0.1577186733,0.01198523832,240,0.02735035402,0.1926277528,0.1374988148,120,0.1414308844,0.2363354526,249,6.235242698
TQQQ_SMA_TO_TBILL,NASDAQ100,250,100,LAG2,WAIT_ONE_TRADING_DAY,0,PRICE_INDEX,TOTAL_RETURN,1986-09-26,1986-09-29,2026-09-02,10059,0.18706173,-0.8949885286,941.973385,39.93429158,0.5608472795,0.5358426003,4953,1987-10-05,1990-08-03,1997-07-15,True,2538,3571,2000,-0.6459330616,1999,4.182551226,-0.8374300732,-0.320824913,-0.04867076282,0.04490056708,240,0.05638928408,0.2093444751,0.1295088929,120,0.1334133432,0.2441328744,249,6.235242698
TQQQ_ALWAYS,NASDAQ100,250,100,LAG2,WAIT_ONE_TRADING_DAY,10,PRICE_INDEX,TOTAL_RETURN,1986-09-26,1986-09-29,2026-09-02,10059,0.1230864482,-0.999833068,103.0896114,39.93429158,0.7819365158,0.5024449429,9655,2000-03-27,2009-03-09,,False,,,2000,-0.9179989321,1999,4.182551226,-0.9919222976,-0.725579713,-0.5048229126,-0.1935696563,240,-0.1737559864,-0.02650877755,0.02557554518,120,0.029120722,0.08754434626,0,0
TQQQ_SMA_TO_NASDAQ,NASDAQ100,250,100,LAG2,WAIT_ONE_TRADING_DAY,10,PRICE_INDEX,TOTAL_RETURN,1986-09-26,1986-09-29,2026-09-02,10059,0.1997726873,-0.9497920523,1441.32319,39.93429158,0.589480734,0.5557269545,6269,2000-03-27,2002-10-07,2017-05-26,True,5345,6269,2000,-0.7553692428,1999,4.182551226,-0.8935904699,-0.3681256612,-0.1629279699,0.005475694079,240,0.02074197444,0.185915855,0.1300880228,120,0.133994475,0.2293049936,249,6.235242698
TQQQ_SMA_TO_TBILL,NASDAQ100,250,100,LAG2,WAIT_ONE_TRADING_DAY,10,PRICE_INDEX,TOTAL_RETURN,1986-09-26,1986-09-29,2026-09-02,10059,0.1796794593,-0.8989445957,734.2521053,39.93429158,0.56087284,0.5247143121,4991,1987-10-05,1990-08-06,1997-07-16,True,2536,3572,2000,-0.6484041072,1999,4.182551226,-0.8406442339,-0.3282555613,-0.05587606757,0.03817929664,240,0.04959411304,0.2022278155,0.1221501552,120,0.126029168,0.236852693,249,6.235242698
TQQQ_ALWAYS,NASDAQ100,250,100,LAG2,WAIT_ONE_TRADING_DAY,25,PRICE_INDEX,TOTAL_RETURN,1986-09-26,1986-09-29,2026-09-02,10059,0.1230864482,-0.999833068,103.0896114,39.93429158,0.7819365158,0.5024449429,9655,2000-03-27,2009-03-09,,False,,,2000,-0.9179989321,1999,4.182551226,-0.9919222976,-0.725579713,-0.5048229126,-0.1935696563,240,-0.1737559864,-0.02650877755,0.02557554518,120,0.029120722,0.08754434626,0,0
TQQQ_SMA_TO_NASDAQ,NASDAQ100,250,100,LAG2,WAIT_ONE_TRADING_DAY,25,PRICE_INDEX,TOTAL_RETURN,1986-09-26,1986-09-29,2026-09-02,10059,0.1885841985,-0.9503173924,991.4435488,39.93429158,0.5895200922,0.5398290948,6423,2000-03-27,2002-10-07,2017-10-27,True,5499,6423,2000,-0.7579288839,1999,4.182551226,-0.8946985817,-0.373982665,-0.1706912326,-0.004222266847,240,0.010896768,0.1760248138,0.1190485239,120,0.1229168151,0.2186276188,249,6.235242698
TQQQ_SMA_TO_TBILL,NASDAQ100,250,100,LAG2,WAIT_ONE_TRADING_DAY,25,PRICE_INDEX,TOTAL_RETURN,1986-09-26,1986-09-29,2026-09-02,10059,0.16867835,-0.904696517,505.0702842,39.93429158,0.5609314751,0.508005406,5022,1987-10-05,1990-08-06,1997-08-04,True,2555,3591,2000,-0.6520829549,1999,4.182551226,-0.8453525189,-0.3392630353,-0.06659516092,0.02816590465,240,0.03947062348,0.1916180848,0.111188199,120,0.1150293189,0.2259987037,249,6.235242698
TQQQ_ALWAYS,NASDAQ100,250,100,LAG2,WAIT_ONE_TRADING_DAY,50,PRICE_INDEX,TOTAL_RETURN,1986-09-26,1986-09-29,2026-09-02,10059,0.1230864482,-0.999833068,103.0896114,39.93429158,0.7819365158,0.5024449429,9655,2000-03-27,2009-03-09,,False,,,2000,-0.9179989321,1999,4.182551226,-0.9919222976,-0.725579713,-0.5048229126,-0.1935696563,240,-0.1737559864,-0.02650877755,0.02557554518,120,0.029120722,0.08754434626,0,0
TQQQ_SMA_TO_NASDAQ,NASDAQ100,250,100,LAG2,WAIT_ONE_TRADING_DAY,50,PRICE_INDEX,TOTAL_RETURN,1986-09-26,1986-09-29,2026-09-02,10059,0.1701314106,-0.9535749687,530.7645538,39.93429158,0.5896372815,0.5132924748,6507,2000-03-27,2008-11-20,2018-01-19,True,3347,6507,2000,-0.7621439474,1999,4.182551226,-0.8965234758,-0.3836431502,-0.1834957958,-0.02020989678,240,-0.00533360439,0.1597606454,0.1008523216,120,0.1046577128,0.2009046159,249,6.235242698
TQQQ_SMA_TO_TBILL,NASDAQ100,250,100,LAG2,WAIT_ONE_TRADING_DAY,50,PRICE_INDEX,TOTAL_RETURN,1986-09-26,1986-09-29,2026-09-02,10059,0.1505346007,-0.9135817133,270.3869568,39.93429158,0.5610832975,0.4801187068,5209,1987-10-05,1990-08-06,1998-07-13,True,2898,3934,2000,-0.6581410607,1999,4.182551226,-0.852907326,-0.3572449975,-0.08422555062,0.01165826902,240,0.02278148583,0.1736672303,0.09311980888,120,0.09689847055,0.2080843386,249,6.235242698
