window,sma_days,spread_bps,series,entry_close,first_return,last_return,observations,cagr,max_drawdown,terminal_multiple,years,annualized_volatility,sharpe,longest_underwater_calendar_days,max_drawdown_peak,max_drawdown_trough,max_drawdown_recovery,max_drawdown_recovered,max_drawdown_recovery_days_from_trough,max_drawdown_recovery_days_from_peak,worst_calendar_year,worst_calendar_year_return,best_calendar_year,best_calendar_year_return,worst_rolling_1y_cagr,worst_rolling_5y_cagr,worst_rolling_10y_cagr,fraction_leveraged,fraction_1x,fraction_tbill,switches,switches_per_year,average_risk_on_episode_sessions,risk_on_state_cagr,risk_on_log_growth_contribution_per_year,average_risk_off_episode_sessions,risk_off_state_cagr,risk_off_log_growth_contribution_per_year,cohort_20y_min_cagr,cohort_30y_min_cagr,cohort_20y_median_cagr,cohort_30y_median_cagr,cohort_20y_max_cagr,cohort_30y_max_cagr,cohort_20y_min_terminal_multiple,cohort_30y_min_terminal_multiple,cohort_20y_median_terminal_multiple,cohort_30y_median_terminal_multiple
common,150,0,SP500_1X,1986-09-25,1986-09-26,2026-09-02,10060,0.112646685389,-0.552502410697,71.0185817948,39.9370294319,0.183471450391,0.503352307643,2243,2007-10-09,2009-03-09,2012-04-02,True,1120,1637,2008,-0.369976111327,1995,0.375762011774,-0.475191448321,-0.0819882366922,-0.0456206317854,,,,,,,,,,,,0.0478816333553,0.0933527571049,0.0878386329462,0.103071862813,0.122604304174,0.110747605128,2.54826487138,14.5499731976,5.38753021325,18.9771505948
common,150,0,SSO_ALWAYS,1986-09-25,1986-09-26,2026-09-02,10060,0.146635154939,-0.878411334357,236.193569202,39.9370294319,0.36694863241,0.474300274153,5187,2000-03-23,2009-03-09,2014-06-05,True,1914,5187,2008,-0.674837400222,1995,0.757677879096,-0.777415360384,-0.232046768979,-0.167615176251,1,0,0,0,0,10060,0.146635154939,0.136831701182,,,0,0.028485348882,0.106620836879,0.0959075486485,0.134052026669,0.16470139873,0.150868039305,1.75372780664,20.894189702,6.24500974931,43.5729391118
common,150,0,SSO_SMA_TO_SP500,1986-09-25,1986-09-26,2026-09-02,10060,0.149208540382,-0.673523153364,258.315485867,39.9370294319,0.273390035619,0.531930240261,4946,1999-07-16,2009-03-09,2013-01-29,True,1422,4946,2008,-0.415174113569,1995,0.757677879096,-0.520193705147,-0.132929899673,-0.0897064347739,0.768290258449,0.231709741551,0,347,8.68867827518,44.4195402299,0.155708164569,0.11111186663,13.3965517241,0.127974998824,0.0279616130537,0.0509949908835,0.118138983573,0.113036239782,0.135192425977,0.167099833272,0.152898782096,2.70403882573,28.5062484231,8.51638907715,44.8834568953
common,150,0,SSO_SMA_TO_TBILL,1986-09-25,1986-09-26,2026-09-02,10060,0.125132441007,-0.578628375853,110.897448315,39.9370294319,0.234087116949,0.48772614057,3925,1999-07-16,2003-04-11,2010-04-14,True,2560,3925,2000,-0.33501914379,1995,0.757677879096,-0.401291450007,-0.0957516654704,-0.0579905839554,0.768290258449,0,0.231709741551,347,8.68867827518,44.4195402299,0.155708164569,0.11111186663,13.3965517241,0.0296697467808,0.00678888743672,0.0372371152544,0.093852414348,0.0980024727641,0.110425315182,0.140185830644,0.127579184043,2.07759539023,14.7507880574,6.48901169644,23.1572446136
common,150,0,UPRO_ALWAYS,1986-09-25,1986-09-26,2026-09-02,10060,0.148748082532,-0.980292395007,254.21407323,39.9370294319,0.55042743405,0.480079097669,6495,2000-03-23,2009-03-09,2018-01-03,True,3222,6495,2008,-0.8583231649,1995,1.25046013403,-0.921923878458,-0.385398933042,-0.302300654977,1,0,0,0,0,10060,0.148748082532,0.138672725509,,,0,-0.021985554975,0.0884494762758,0.0717274929105,0.13589426421,0.17988409886,0.16326003388,0.64106989859,12.7144807843,3.99657010843,45.7478193042
common,150,0,UPRO_SMA_TO_SP500,1986-09-25,1986-09-26,2026-09-02,10060,0.178099746651,-0.821912880287,696.305986265,39.9370294319,0.378447379154,0.541774372729,5178,1999-07-16,2009-03-09,2013-09-18,True,1654,5178,2000,-0.46469337372,1995,1.25046013403,-0.585178880652,-0.188510071818,-0.13753132401,0.768290258449,0.231709741551,0,347,8.68867827518,44.4195402299,0.193692210243,0.135941143167,13.3965517241,0.127974998824,0.0279616130537,0.0477485958973,0.134619277165,0.128599866345,0.159072905491,0.214110244459,0.187260317649,2.54180219289,44.2466268032,11.2409860247,83.8335916271
common,150,0,UPRO_SMA_TO_TBILL,1986-09-25,1986-09-26,2026-09-02,10060,0.153418371968,-0.760894285988,298.931195953,39.9370294319,0.351129428876,0.49490991912,5215,1999-07-16,2003-04-11,2013-10-25,True,3850,5215,2000,-0.495972034818,1995,1.25046013403,-0.551601194855,-0.175618340121,-0.113125763092,0.768290258449,0,0.231709741551,347,8.68867827518,44.4195402299,0.193692210243,0.135941143167,13.3965517241,0.0296697467808,0.00678888743672,0.0297235707824,0.109547728269,0.112384912099,0.133843709212,0.18611215434,0.161186082431,1.79644150555,22.6173364481,8.41839527292,43.3186502114
common,150,0,NASDAQ100_1X,1986-09-25,1986-09-26,2026-09-02,10060,0.149246346082,-0.828728190357,258.655082067,39.9370294319,0.260598345192,0.543846084633,5357,2000-03-27,2002-10-07,2014-11-26,True,4433,5357,2008,-0.415734769887,1999,1.02066439534,-0.696996006051,-0.205944836372,-0.0811562162528,,,,,,,,,,,,0.0368898080802,0.122827454404,0.118190188506,0.138755042789,0.170315238805,0.154863024271,2.06372637018,32.3191229931,9.3392843764,49.3071368262
common,150,0,TQQQ_ALWAYS,1986-09-25,1986-09-26,2026-09-02,10060,0.146104331208,-0.999799525426,231.865840871,39.9370294319,0.781882469034,0.52835312295,9655,2000-03-27,2009-03-09,,False,,,2000,-0.916295851152,1999,4.2881220955,-0.991750471878,-0.719895616286,-0.494603104244,1,0,0,0,0,10060,0.146104331208,0.136368653597,,,0,-0.156764942104,0.0502631724139,-0.00649711272352,0.109876759579,0.317340620201,0.159395885121,0.0330349067205,4.35485070277,0.877775129411,22.8195535465
common,150,0,TQQQ_SMA_TO_NASDAQ,1986-09-25,1986-09-26,2026-09-02,10060,0.233247308053,-0.991150654138,4327.86359984,39.9370294319,0.562128240468,0.601762069411,7420,2000-03-27,2003-03-11,2020-07-20,True,6341,7420,2000,-0.861378444092,1999,4.2881220955,-0.939818284246,-0.55854069093,-0.287329996283,0.744035785288,0.255964214712,0,313,7.83733804072,47.6751592357,0.274453480107,0.180304495546,16.4012738854,0.121197347422,0.0293462827763,-0.0300091203773,0.144928848758,0.103052634998,0.191552684666,0.381590347321,0.233414622172,0.54369209207,58.0009912748,7.1128132609,192.123558925
common,150,0,TQQQ_SMA_TO_TBILL,1986-09-25,1986-09-26,2026-09-02,10060,0.207974882733,-0.988402304269,1892.99267364,39.9370294319,0.528348541188,0.566232236562,7463,2000-03-27,2003-03-31,2020-09-01,True,6364,7463,2000,-0.866153493783,1999,4.2881220955,-0.919702250838,-0.547052856039,-0.261918439933,0.744035785288,0,0.255964214712,313,7.83733804072,47.6751592357,0.274453480107,0.180304495546,16.4012738854,0.0342571731526,0.0086408113109,-0.0412461512902,0.121699470468,0.0791174883385,0.159157724505,0.356487997671,0.203377130787,0.430667804975,31.359109587,4.58539341974,83.9999852866
common,200,0,SP500_1X,1986-09-25,1986-09-26,2026-09-02,10060,0.112646685389,-0.552502410697,71.0185817948,39.9370294319,0.183471450391,0.503352307643,2243,2007-10-09,2009-03-09,2012-04-02,True,1120,1637,2008,-0.369976111327,1995,0.375762011774,-0.475191448321,-0.0819882366922,-0.0456206317854,,,,,,,,,,,,0.0478816333553,0.0933527571049,0.0878386329462,0.103071862813,0.122604304174,0.110747605128,2.54826487138,14.5499731976,5.38753021325,18.9771505948
common,200,0,SSO_ALWAYS,1986-09-25,1986-09-26,2026-09-02,10060,0.146635154939,-0.878411334357,236.193569202,39.9370294319,0.36694863241,0.474300274153,5187,2000-03-23,2009-03-09,2014-06-05,True,1914,5187,2008,-0.674837400222,1995,0.757677879096,-0.777415360384,-0.232046768979,-0.167615176251,1,0,0,0,0,10060,0.146635154939,0.136831701182,,,0,0.028485348882,0.106620836879,0.0959075486485,0.134052026669,0.16470139873,0.150868039305,1.75372780664,20.894189702,6.24500974931,43.5729391118
common,200,0,SSO_SMA_TO_SP500,1986-09-25,1986-09-26,2026-09-02,10060,0.162664156602,-0.624838939543,411.196741493,39.9370294319,0.275436748039,0.572316811021,2598,2007-07-13,2009-03-09,2012-09-06,True,1277,1882,2008,-0.374740556606,1995,0.757677879096,-0.486379365224,-0.118304593512,-0.0705500891315,0.782007952286,0.217992047714,0,230,5.7590662919,67.8189655172,0.18943999775,0.135520278196,19.0695652174,0.071900757669,0.0151937802938,0.0650960337465,0.130226767212,0.127260963758,0.150859221999,0.176733514538,0.169603721382,3.53000523011,39.358671839,10.9771912203,67.7522015309
common,200,0,SSO_SMA_TO_TBILL,1986-09-25,1986-09-26,2026-09-02,10060,0.152257216715,-0.445848231163,287.145272528,39.9370294319,0.237252691314,0.584854327721,2770,1999-07-16,2003-04-16,2007-02-14,True,1400,2770,2000,-0.284172145215,1995,0.757677879096,-0.332420847909,-0.0499235983069,-0.0270895265177,0.782007952286,0,0.217992047714,230,5.7590662919,67.8189655172,0.18943999775,0.135520278196,19.0695652174,0.0287502763441,0.0062025375529,0.0700827601792,0.125589469436,0.125814548711,0.142322423384,0.159448030471,0.161163957541,3.87567495236,34.8138711723,10.7005980905,54.1874064754
common,200,0,UPRO_ALWAYS,1986-09-25,1986-09-26,2026-09-02,10060,0.148748082532,-0.980292395007,254.21407323,39.9370294319,0.55042743405,0.480079097669,6495,2000-03-23,2009-03-09,2018-01-03,True,3222,6495,2008,-0.8583231649,1995,1.25046013403,-0.921923878458,-0.385398933042,-0.302300654977,1,0,0,0,0,10060,0.148748082532,0.138672725509,,,0,-0.021985554975,0.0884494762758,0.0717274929105,0.13589426421,0.17988409886,0.16326003388,0.64106989859,12.7144807843,3.99657010843,45.7478193042
common,200,0,UPRO_SMA_TO_SP500,1986-09-25,1986-09-26,2026-09-02,10060,0.205526446656,-0.730027701482,1745.65311043,39.9370294319,0.382383263569,0.600374756198,4987,1999-07-16,2009-03-09,2013-03-11,True,1463,4987,2000,-0.426492020085,1995,1.25046013403,-0.538151782769,-0.155857095041,-0.103856289256,0.782007952286,0.217992047714,0,230,5.7590662919,67.8189655172,0.245859926898,0.171722576434,19.0695652174,0.071900757669,0.0151937802938,0.0760261010363,0.15979477379,0.157758129455,0.191437058677,0.23408466009,0.221579586341,4.32968321262,85.4127206367,18.7225727269,191.487575326
common,200,0,UPRO_SMA_TO_TBILL,1986-09-25,1986-09-26,2026-09-02,10060,0.19473584888,-0.63941941798,1219.01753481,39.9370294319,0.355880850511,0.592033854953,3827,1999-07-16,2003-04-16,2010-01-06,True,2457,3827,2000,-0.438907156793,1995,1.25046013403,-0.482814661098,-0.112944925733,-0.068644923542,0.782007952286,0,0.217992047714,230,5.7590662919,67.8189655172,0.245859926898,0.171722576434,19.0695652174,0.0287502763441,0.0062025375529,0.081064001498,0.156465824807,0.156436880549,0.183022043002,0.215956723334,0.212764768951,4.75366003305,78.4180825657,18.2994791827,154.915486937
common,200,0,NASDAQ100_1X,1986-09-25,1986-09-26,2026-09-02,10060,0.149246346082,-0.828728190357,258.655082067,39.9370294319,0.260598345192,0.543846084633,5357,2000-03-27,2002-10-07,2014-11-26,True,4433,5357,2008,-0.415734769887,1999,1.02066439534,-0.696996006051,-0.205944836372,-0.0811562162528,,,,,,,,,,,,0.0368898080802,0.122827454404,0.118190188506,0.138755042789,0.170315238805,0.154863024271,2.06372637018,32.3191229931,9.3392843764,49.3071368262
common,200,0,TQQQ_ALWAYS,1986-09-25,1986-09-26,2026-09-02,10060,0.146104331208,-0.999799525426,231.865840871,39.9370294319,0.781882469034,0.52835312295,9655,2000-03-27,2009-03-09,,False,,,2000,-0.916295851152,1999,4.2881220955,-0.991750471878,-0.719895616286,-0.494603104244,1,0,0,0,0,10060,0.146104331208,0.136368653597,,,0,-0.156764942104,0.0502631724139,-0.00649711272352,0.109876759579,0.317340620201,0.159395885121,0.0330349067205,4.35485070277,0.877775129411,22.8195535465
common,200,0,TQQQ_SMA_TO_NASDAQ,1986-09-25,1986-09-26,2026-09-02,10060,0.231360440494,-0.978531485152,4071.1422244,39.9370294319,0.575528681237,0.59790073449,6694,2000-03-27,2003-03-11,2018-07-25,True,5615,6694,2000,-0.808758453577,1999,4.2881220955,-0.917100931049,-0.469465136953,-0.235615520901,0.759343936382,0.240656063618,0,273,6.8357612943,55.7591240876,0.271285947431,0.181696004184,17.6715328467,0.114859174136,0.0264236031602,-0.0132848373913,0.157133836097,0.142977060166,0.209388455145,0.337309740124,0.253967916197,0.765307622593,79.725006001,14.4795280449,300.033431601
common,200,0,TQQQ_SMA_TO_TBILL,1986-09-25,1986-09-26,2026-09-02,10060,0.208657221531,-0.955794823348,1936.16949311,39.9370294319,0.544335484416,0.56591661194,6510,2000-03-27,2003-03-31,2018-01-22,True,5411,6510,2000,-0.767681730596,1999,4.2881220955,-0.860574015073,-0.401744894619,-0.179915368702,0.759343936382,0,0.240656063618,273,6.8357612943,55.7591240876,0.271285947431,0.181696004184,17.6715328467,0.0326756397016,0.00781400494143,-0.0147743950136,0.143343832333,0.140173647322,0.189807446846,0.293636123723,0.240362788452,0.742529655667,55.6397589841,13.7854490616,183.844079516
common,250,0,SP500_1X,1986-09-25,1986-09-26,2026-09-02,10060,0.112646685389,-0.552502410697,71.0185817948,39.9370294319,0.183471450391,0.503352307643,2243,2007-10-09,2009-03-09,2012-04-02,True,1120,1637,2008,-0.369976111327,1995,0.375762011774,-0.475191448321,-0.0819882366922,-0.0456206317854,,,,,,,,,,,,0.0478816333553,0.0933527571049,0.0878386329462,0.103071862813,0.122604304174,0.110747605128,2.54826487138,14.5499731976,5.38753021325,18.9771505948
common,250,0,SSO_ALWAYS,1986-09-25,1986-09-26,2026-09-02,10060,0.146635154939,-0.878411334357,236.193569202,39.9370294319,0.36694863241,0.474300274153,5187,2000-03-23,2009-03-09,2014-06-05,True,1914,5187,2008,-0.674837400222,1995,0.757677879096,-0.777415360384,-0.232046768979,-0.167615176251,1,0,0,0,0,10060,0.146635154939,0.136831701182,,,0,0.028485348882,0.106620836879,0.0959075486485,0.134052026669,0.16470139873,0.150868039305,1.75372780664,20.894189702,6.24500974931,43.5729391118
common,250,0,SSO_SMA_TO_SP500,1986-09-25,1986-09-26,2026-09-02,10060,0.156997812093,-0.630218228088,338.308899039,39.9370294319,0.278971066569,0.551086602493,2486,2007-07-13,2009-03-09,2013-01-25,True,1418,2023,2008,-0.379210565231,1995,0.757677879096,-0.508638690558,-0.114176895726,-0.0600177987154,0.797514910537,0.202485089463,0,216,5.40851443066,73.6055045872,0.173138215238,0.127170107819,18.8611111111,0.0959702021541,0.0186584493735,0.0639813770095,0.125070892169,0.128017951601,0.146828365608,0.165990963974,0.167442102523,3.45684996314,34.3136347727,11.1258914163,60.9586094028
common,250,0,SSO_SMA_TO_TBILL,1986-09-25,1986-09-26,2026-09-02,10060,0.141999070397,-0.431353598682,200.908712468,39.9370294319,0.242702528965,0.540286696254,1365,1987-08-25,1988-11-16,1989-10-06,True,324,773,2011,-0.31626818147,1995,0.757677879096,-0.40651747952,-0.0644568946027,0.00217349018822,0.797514910537,0,0.202485089463,216,5.40851443066,73.6055045872,0.173138215238,0.127170107819,18.8611111111,0.0279372789298,0.00561018940142,0.0686340842916,0.117669175107,0.120834347221,0.136657444476,0.156589993557,0.1577357938,3.77207604472,28.1490887189,9.79159202127,46.6786992743
common,250,0,UPRO_ALWAYS,1986-09-25,1986-09-26,2026-09-02,10060,0.148748082532,-0.980292395007,254.21407323,39.9370294319,0.55042743405,0.480079097669,6495,2000-03-23,2009-03-09,2018-01-03,True,3222,6495,2008,-0.8583231649,1995,1.25046013403,-0.921923878458,-0.385398933042,-0.302300654977,1,0,0,0,0,10060,0.148748082532,0.138672725509,,,0,-0.021985554975,0.0884494762758,0.0717274929105,0.13589426421,0.17988409886,0.16326003388,0.64106989859,12.7144807843,3.99657010843,45.7478193042
common,250,0,UPRO_SMA_TO_SP500,1986-09-25,1986-09-26,2026-09-02,10060,0.193159988919,-0.701723035301,1156.42506866,39.9370294319,0.38915578063,0.5702135355,2835,2007-07-13,2009-03-09,2013-04-10,True,1493,2098,2022,-0.422113136658,1995,1.25046013403,-0.577843189,-0.14848911288,-0.0808819539377,0.797514910537,0.202485089463,0,216,5.40851443066,73.6055045872,0.219361593266,0.157946791137,18.8611111111,0.0959702021541,0.0186584493735,0.0732356310585,0.148776877415,0.16009624224,0.183929186563,0.210690606044,0.216456918128,4.11056626182,64.1435546092,19.501003891,158.443335696
common,250,0,UPRO_SMA_TO_TBILL,1986-09-25,1986-09-26,2026-09-02,10060,0.177692458826,-0.597581593001,686.756606968,39.9370294319,0.364052357362,0.547426259767,1919,1987-08-25,1988-11-16,1992-11-25,True,1470,1919,2011,-0.448196501012,1995,1.25046013403,-0.565060043247,-0.118311412361,-0.0265400738132,0.797514910537,0,0.202485089463,216,5.40851443066,73.6055045872,0.219361593266,0.157946791137,18.8611111111,0.0279372789298,0.00561018940142,0.0779288064692,0.141219201296,0.150853072476,0.173158140535,0.202156695341,0.206343092037,4.48540396366,52.6199751615,16.6110817818,120.500916208
common,250,0,NASDAQ100_1X,1986-09-25,1986-09-26,2026-09-02,10060,0.149246346082,-0.828728190357,258.655082067,39.9370294319,0.260598345192,0.543846084633,5357,2000-03-27,2002-10-07,2014-11-26,True,4433,5357,2008,-0.415734769887,1999,1.02066439534,-0.696996006051,-0.205944836372,-0.0811562162528,,,,,,,,,,,,0.0368898080802,0.122827454404,0.118190188506,0.138755042789,0.170315238805,0.154863024271,2.06372637018,32.3191229931,9.3392843764,49.3071368262
common,250,0,TQQQ_ALWAYS,1986-09-25,1986-09-26,2026-09-02,10060,0.146104331208,-0.999799525426,231.865840871,39.9370294319,0.781882469034,0.52835312295,9655,2000-03-27,2009-03-09,,False,,,2000,-0.916295851152,1999,4.2881220955,-0.991750471878,-0.719895616286,-0.494603104244,1,0,0,0,0,10060,0.146104331208,0.136368653597,,,0,-0.156764942104,0.0502631724139,-0.00649711272352,0.109876759579,0.317340620201,0.159395885121,0.0330349067205,4.35485070277,0.877775129411,22.8195535465
common,250,0,TQQQ_SMA_TO_NASDAQ,1986-09-25,1986-09-26,2026-09-02,10060,0.240933656137,-0.959690348096,5546.75699145,39.9370294319,0.587008578373,0.612740056759,6241,2000-03-27,2008-11-20,2017-04-28,True,3081,6241,2000,-0.799267763056,1999,4.2881220955,-0.913007016031,-0.410920535337,-0.191674620597,0.77972166998,0.22027833002,0,237,5.93434222253,65.9159663866,0.28874528316,0.19729045711,18.6218487395,0.0871609730491,0.0185735876803,0.0334139759347,0.169967650392,0.198017750371,0.252090748937,0.348163522936,0.297750933889,1.92968585474,110.996410647,37.1104130219,849.623103358
common,250,0,TQQQ_SMA_TO_TBILL,1986-09-25,1986-09-26,2026-09-02,10060,0.226678211733,-0.885977141439,3496.5410919,39.9370294319,0.557944002942,0.594226936513,5203,2000-03-27,2003-04-09,2014-06-25,True,4095,5203,2000,-0.741568027976,1999,4.2881220955,-0.844890540062,-0.29842776706,-0.107538530609,0.77972166998,0,0.22027833002,237,5.93434222253,65.9159663866,0.28874528316,0.19729045711,18.6218487395,0.0320870880394,0.00701941809669,0.0575731403056,0.166734462482,0.217209941415,0.25886002538,0.310977128062,0.307871689933,3.06343200925,102.153314229,50.9834170217,999.11637423
SP500_extended,150,0,SP500_1X,1980-12-26,1980-12-29,2026-09-02,11513,0.111624959035,-0.552502410697,125.761670439,45.6837782341,0.179082128204,0.457736057466,2243,2007-10-09,2009-03-09,2012-04-02,True,1120,1637,2008,-0.369976111327,1995,0.375762011774,-0.475191448321,-0.0819882366922,-0.0456206317854,,,,,,,,,,,,0.0478816333553,0.0933527571049,0.0952959994462,0.102195711929,0.145695416256,0.110747605128,2.54826487138,14.5499731976,6.17490141593,18.5276083362
SP500_extended,150,0,SSO_ALWAYS,1980-12-26,1980-12-29,2026-09-02,11513,0.135661561148,-0.878411334357,334.179421142,45.6837782341,0.358222856185,0.425575833595,5187,2000-03-23,2009-03-09,2014-06-05,True,1914,5187,2008,-0.674837400222,1995,0.757677879096,-0.777415360384,-0.232046768979,-0.167615176251,1,0,0,0,0,11513,0.135661561148,0.127215354387,,,0,0.028485348882,0.0887693279602,0.114500792384,0.126341059319,0.178344260563,0.150868039305,1.75372780664,12.8240667374,8.74712695567,35.5066482911
SP500_extended,150,0,SSO_SMA_TO_SP500,1980-12-26,1980-12-29,2026-09-02,11513,0.142692505164,-0.673523153364,443.029757727,45.6837782341,0.2707094398,0.481377067062,4946,1999-07-16,2009-03-09,2013-01-29,True,1422,4946,2008,-0.415174113569,1995,0.757677879096,-0.520193705147,-0.132929899673,-0.0897064347739,0.755841222965,0.244158777035,0,396,8.66828478964,43.7286432161,0.151337774041,0.106508418771,14.196969697,0.116346944087,0.0268789054947,0.0509949908835,0.114238862403,0.125752006466,0.132260988013,0.180153460225,0.152898782096,2.70403882573,25.6616596885,10.6869700888,41.52622671
SP500_extended,150,0,SSO_SMA_TO_TBILL,1980-12-26,1980-12-29,2026-09-02,11513,0.124583398624,-0.578628375853,213.546302139,45.6837782341,0.234441979974,0.448303952057,3925,1999-07-16,2003-04-11,2010-04-14,True,2560,3925,2000,-0.33501914379,1995,0.757677879096,-0.401291450007,-0.0957516654704,-0.0579905839554,0.755841222965,0,0.244158777035,396,8.66828478964,43.7286432161,0.151337774041,0.106508418771,14.196969697,0.0456616426476,0.0109042359688,0.0372371152544,0.093852414348,0.10236739986,0.112010533878,0.166752498569,0.12816304923,2.07759539023,14.7507880574,7.02307374347,24.1729780361
SP500_extended,150,0,UPRO_ALWAYS,1980-12-26,1980-12-29,2026-09-02,11513,0.130074097316,-0.980292395007,266.762499302,45.6837782341,0.537367790263,0.430686931534,6495,2000-03-23,2009-03-09,2018-01-03,True,3222,6495,2008,-0.8583231649,1995,1.25046013403,-0.921923878458,-0.385398933042,-0.302300654977,1,0,0,0,0,11513,0.130074097316,0.122283203421,,,0,-0.021985554975,0.0502117807513,0.0986463571751,0.122565160748,0.186004104598,0.16326003388,0.64106989859,4.34787894521,6.56384626845,32.0933848233
SP500_extended,150,0,UPRO_SMA_TO_SP500,1980-12-26,1980-12-29,2026-09-02,11513,0.165684034846,-0.821912880287,1100.68922367,45.6837782341,0.376817744601,0.491185182545,5178,1999-07-16,2009-03-09,2013-09-18,True,1654,5178,1981,-0.467286706188,1995,1.25046013403,-0.585178880652,-0.188510071818,-0.13753132401,0.755841222965,0.244158777035,0,396,8.66828478964,43.7286432161,0.182087915853,0.12642916359,14.196969697,0.116346944087,0.0268789054947,0.0477485958973,0.122739815203,0.141281138499,0.153865845542,0.214110244459,0.187260317649,2.54180219289,32.2333092394,14.0557103273,73.2393765024
SP500_extended,150,0,UPRO_SMA_TO_TBILL,1980-12-26,1980-12-29,2026-09-02,11513,0.147210564264,-0.760894285988,530.547010489,45.6837782341,0.351684546663,0.454592876043,5215,1999-07-16,2003-04-11,2013-10-25,True,3850,5215,2000,-0.495972034818,1995,1.25046013403,-0.551601194855,-0.175618340121,-0.113125763092,0.755841222965,0,0.244158777035,396,8.66828478964,43.7286432161,0.182087915853,0.12642916359,14.196969697,0.0456616426476,0.0109042359688,0.0297235707824,0.109547728269,0.124031801822,0.134419949437,0.194503773623,0.161186082431,1.79644150555,22.6173364481,10.3650636854,43.9736995629
SP500_extended,200,0,SP500_1X,1980-12-26,1980-12-29,2026-09-02,11513,0.111624959035,-0.552502410697,125.761670439,45.6837782341,0.179082128204,0.457736057466,2243,2007-10-09,2009-03-09,2012-04-02,True,1120,1637,2008,-0.369976111327,1995,0.375762011774,-0.475191448321,-0.0819882366922,-0.0456206317854,,,,,,,,,,,,0.0478816333553,0.0933527571049,0.0952959994462,0.102195711929,0.145695416256,0.110747605128,2.54826487138,14.5499731976,6.17490141593,18.5276083362
SP500_extended,200,0,SSO_ALWAYS,1980-12-26,1980-12-29,2026-09-02,11513,0.135661561148,-0.878411334357,334.179421142,45.6837782341,0.358222856185,0.425575833595,5187,2000-03-23,2009-03-09,2014-06-05,True,1914,5187,2008,-0.674837400222,1995,0.757677879096,-0.777415360384,-0.232046768979,-0.167615176251,1,0,0,0,0,11513,0.135661561148,0.127215354387,,,0,0.028485348882,0.0887693279602,0.114500792384,0.126341059319,0.178344260563,0.150868039305,1.75372780664,12.8240667374,8.74712695567,35.5066482911
SP500_extended,200,0,SSO_SMA_TO_SP500,1980-12-26,1980-12-29,2026-09-02,11513,0.15785497004,-0.624838939543,809.026449121,45.6837782341,0.273111206816,0.527815799966,2598,2007-07-13,2009-03-09,2012-09-06,True,1277,1882,2008,-0.374740556606,1995,0.757677879096,-0.486379365224,-0.118304593512,-0.0705500891315,0.773647181447,0.226352818553,0,254,5.55996044588,69.5859375,0.190334704539,0.134690832249,20.5196850394,0.0537310820366,0.0118782972966,0.0650960337465,0.129247206683,0.1397842657,0.146843075697,0.197977741185,0.169603721382,3.53000523011,38.3480259888,13.6915667512,61.0048372897
SP500_extended,200,0,SSO_SMA_TO_TBILL,1980-12-26,1980-12-29,2026-09-02,11513,0.155391072651,-0.445848231163,734.003397566,45.6837782341,0.238116984725,0.558573191251,2770,1999-07-16,2003-04-16,2007-02-14,True,1400,2770,2000,-0.284172145215,1995,0.757677879096,-0.332420847909,-0.0499235983069,-0.0270895265177,0.773647181447,0,0.226352818553,254,5.55996044588,69.5859375,0.190334704539,0.134690832249,20.5196850394,0.0438868670443,0.00974804545566,0.0700827601792,0.125398226482,0.130493909297,0.14359689828,0.204930188389,0.161163957541,3.87567495236,34.6144174354,11.6242391754,56.0310004797
SP500_extended,200,0,UPRO_ALWAYS,1980-12-26,1980-12-29,2026-09-02,11513,0.130074097316,-0.980292395007,266.762499302,45.6837782341,0.537367790263,0.430686931534,6495,2000-03-23,2009-03-09,2018-01-03,True,3222,6495,2008,-0.8583231649,1995,1.25046013403,-0.921923878458,-0.385398933042,-0.302300654977,1,0,0,0,0,11513,0.130074097316,0.122283203421,,,0,-0.021985554975,0.0502117807513,0.0986463571751,0.122565160748,0.186004104598,0.16326003388,0.64106989859,4.34787894521,6.56384626845,32.0933848233
SP500_extended,200,0,UPRO_SMA_TO_SP500,1980-12-26,1980-12-29,2026-09-02,11513,0.196474192733,-0.730027701482,3621.75197553,45.6837782341,0.381407838871,0.558230605675,4987,1999-07-16,2009-03-09,2013-03-11,True,1463,4987,2000,-0.426492020085,1995,1.25046013403,-0.538151782769,-0.155857095041,-0.103856289256,0.773647181447,0.226352818553,0,254,5.55996044588,69.5859375,0.2419429947,0.167500761872,20.5196850394,0.0537310820366,0.0118782972966,0.0760261010363,0.154146540533,0.170177287361,0.183503640534,0.243673000925,0.221579586341,4.32968321262,73.7468362456,23.175722801,156.819914579
SP500_extended,200,0,UPRO_SMA_TO_TBILL,1980-12-26,1980-12-29,2026-09-02,11513,0.193928114238,-0.63941941798,3285.89783198,45.6837782341,0.357194620105,0.564860872205,3827,1999-07-16,2003-04-16,2010-01-06,True,2457,3827,2000,-0.438907156793,1995,1.25046013403,-0.482814661098,-0.112944925733,-0.068644923542,0.773647181447,0,0.226352818553,254,5.55996044588,69.5859375,0.2419429947,0.167500761872,20.5196850394,0.0438868670443,0.00974804545566,0.081064001498,0.15124375281,0.165168133074,0.180641777531,0.252354100715,0.212764768951,4.75366003305,68.4072810697,21.2702192432,145.827885595
SP500_extended,250,0,SP500_1X,1980-12-26,1980-12-29,2026-09-02,11513,0.111624959035,-0.552502410697,125.761670439,45.6837782341,0.179082128204,0.457736057466,2243,2007-10-09,2009-03-09,2012-04-02,True,1120,1637,2008,-0.369976111327,1995,0.375762011774,-0.475191448321,-0.0819882366922,-0.0456206317854,,,,,,,,,,,,0.0478816333553,0.0933527571049,0.0952959994462,0.102195711929,0.145695416256,0.110747605128,2.54826487138,14.5499731976,6.17490141593,18.5276083362
SP500_extended,250,0,SSO_ALWAYS,1980-12-26,1980-12-29,2026-09-02,11513,0.135661561148,-0.878411334357,334.179421142,45.6837782341,0.358222856185,0.425575833595,5187,2000-03-23,2009-03-09,2014-06-05,True,1914,5187,2008,-0.674837400222,1995,0.757677879096,-0.777415360384,-0.232046768979,-0.167615176251,1,0,0,0,0,11513,0.135661561148,0.127215354387,,,0,0.028485348882,0.0887693279602,0.114500792384,0.126341059319,0.178344260563,0.150868039305,1.75372780664,12.8240667374,8.74712695567,35.5066482911
SP500_extended,250,0,SSO_SMA_TO_SP500,1980-12-26,1980-12-29,2026-09-02,11513,0.151510134391,-0.630218228088,629.423520036,45.6837782341,0.276177956603,0.505138719599,2486,2007-07-13,2009-03-09,2013-01-25,True,1418,2023,2008,-0.379210565231,1995,0.757677879096,-0.508638690558,-0.114176895726,-0.0600177987154,0.789021106575,0.210978893425,0,234,5.12216828479,76.9830508475,0.172185551131,0.125174629805,20.7606837607,0.0778463591977,0.0158996114693,0.0639813770095,0.124037986818,0.137642869542,0.143410457993,0.190996703957,0.167442102523,3.45684996314,33.3809866246,13.1861794677,55.7575684184
SP500_extended,250,0,SSO_SMA_TO_TBILL,1980-12-26,1980-12-29,2026-09-02,11513,0.143624042439,-0.431353598682,459.83317408,45.6837782341,0.242791895203,0.510318124714,1365,1987-08-25,1988-11-16,1989-10-06,True,324,773,2011,-0.31626818147,1995,0.757677879096,-0.40651747952,-0.0644568946027,0.00217349018822,0.789021106575,0,0.210978893425,234,5.12216828479,76.9830508475,0.172185551131,0.125174629805,20.7606837607,0.0434828722038,0.00902757490865,0.0686340842916,0.115823989657,0.128523785142,0.136857182428,0.189126752644,0.1577357938,3.77207604472,26.7877343601,11.2257233956,46.9087169886
SP500_extended,250,0,UPRO_ALWAYS,1980-12-26,1980-12-29,2026-09-02,11513,0.130074097316,-0.980292395007,266.762499302,45.6837782341,0.537367790263,0.430686931534,6495,2000-03-23,2009-03-09,2018-01-03,True,3222,6495,2008,-0.8583231649,1995,1.25046013403,-0.921923878458,-0.385398933042,-0.302300654977,1,0,0,0,0,11513,0.130074097316,0.122283203421,,,0,-0.021985554975,0.0502117807513,0.0986463571751,0.122565160748,0.186004104598,0.16326003388,0.64106989859,4.34787894521,6.56384626845,32.0933848233
SP500_extended,250,0,UPRO_SMA_TO_SP500,1980-12-26,1980-12-29,2026-09-02,11513,0.182861395503,-0.701723035301,2147.30730629,45.6837782341,0.387253512859,0.526141906316,2835,2007-07-13,2009-03-09,2013-04-10,True,1493,2098,2022,-0.422113136658,1995,1.25046013403,-0.577843189,-0.14848911288,-0.0808819539377,0.789021106575,0.210978893425,0,234,5.12216828479,76.9830508475,0.212838059338,0.152036803098,20.7606837607,0.0778463591977,0.0158996114693,0.0732356310585,0.144079227849,0.168443886666,0.177392334677,0.228878367524,0.216456918128,4.11056626182,56.7235023126,22.4986890544,134.19403362
SP500_extended,250,0,UPRO_SMA_TO_TBILL,1980-12-26,1980-12-29,2026-09-02,11513,0.174760595125,-0.597581593001,1568.74203608,45.6837782341,0.364207205307,0.516577066853,1919,1987-08-25,1988-11-16,1992-11-25,True,1470,1919,2011,-0.448196501012,1995,1.25046013403,-0.565060043247,-0.118311412361,-0.0265400738132,0.789021106575,0,0.210978893425,234,5.12216828479,76.9830508475,0.212838059338,0.152036803098,20.7606837607,0.0434828722038,0.00902757490865,0.0779288064692,0.135718777722,0.15850803667,0.170153363957,0.228194161952,0.206343092037,4.48540396366,45.519748383,18.966230202,111.478250588
NASDAQ100_extended,150,0,NASDAQ100_1X,1986-09-25,1986-09-26,2026-09-02,10060,0.149246346082,-0.828728190357,258.655082067,39.9370294319,0.260598345192,0.543846084633,5357,2000-03-27,2002-10-07,2014-11-26,True,4433,5357,2008,-0.415734769887,1999,1.02066439534,-0.696996006051,-0.205944836372,-0.0811562162528,,,,,,,,,,,,0.0368898080802,0.122827454404,0.118190188506,0.138755042789,0.170315238805,0.154863024271,2.06372637018,32.3191229931,9.3392843764,49.3071368262
NASDAQ100_extended,150,0,TQQQ_ALWAYS,1986-09-25,1986-09-26,2026-09-02,10060,0.146104331208,-0.999799525426,231.865840871,39.9370294319,0.781882469034,0.52835312295,9655,2000-03-27,2009-03-09,,False,,,2000,-0.916295851152,1999,4.2881220955,-0.991750471878,-0.719895616286,-0.494603104244,1,0,0,0,0,10060,0.146104331208,0.136368653597,,,0,-0.156764942104,0.0502631724139,-0.00649711272352,0.109876759579,0.317340620201,0.159395885121,0.0330349067205,4.35485070277,0.877775129411,22.8195535465
NASDAQ100_extended,150,0,TQQQ_SMA_TO_NASDAQ,1986-09-25,1986-09-26,2026-09-02,10060,0.233247308053,-0.991150654138,4327.86359984,39.9370294319,0.562128240468,0.601762069411,7420,2000-03-27,2003-03-11,2020-07-20,True,6341,7420,2000,-0.861378444092,1999,4.2881220955,-0.939818284246,-0.55854069093,-0.287329996283,0.744035785288,0.255964214712,0,313,7.83733804072,47.6751592357,0.274453480107,0.180304495546,16.4012738854,0.121197347422,0.0293462827763,-0.0300091203773,0.144928848758,0.103052634998,0.191552684666,0.381590347321,0.233414622172,0.54369209207,58.0009912748,7.1128132609,192.123558925
NASDAQ100_extended,150,0,TQQQ_SMA_TO_TBILL,1986-09-25,1986-09-26,2026-09-02,10060,0.207974882733,-0.988402304269,1892.99267364,39.9370294319,0.528348541188,0.566232236562,7463,2000-03-27,2003-03-31,2020-09-01,True,6364,7463,2000,-0.866153493783,1999,4.2881220955,-0.919702250838,-0.547052856039,-0.261918439933,0.744035785288,0,0.255964214712,313,7.83733804072,47.6751592357,0.274453480107,0.180304495546,16.4012738854,0.0342571731526,0.0086408113109,-0.0412461512902,0.121699470468,0.0791174883385,0.159157724505,0.356487997671,0.203377130787,0.430667804975,31.359109587,4.58539341974,83.9999852866
NASDAQ100_extended,200,0,NASDAQ100_1X,1986-09-25,1986-09-26,2026-09-02,10060,0.149246346082,-0.828728190357,258.655082067,39.9370294319,0.260598345192,0.543846084633,5357,2000-03-27,2002-10-07,2014-11-26,True,4433,5357,2008,-0.415734769887,1999,1.02066439534,-0.696996006051,-0.205944836372,-0.0811562162528,,,,,,,,,,,,0.0368898080802,0.122827454404,0.118190188506,0.138755042789,0.170315238805,0.154863024271,2.06372637018,32.3191229931,9.3392843764,49.3071368262
NASDAQ100_extended,200,0,TQQQ_ALWAYS,1986-09-25,1986-09-26,2026-09-02,10060,0.146104331208,-0.999799525426,231.865840871,39.9370294319,0.781882469034,0.52835312295,9655,2000-03-27,2009-03-09,,False,,,2000,-0.916295851152,1999,4.2881220955,-0.991750471878,-0.719895616286,-0.494603104244,1,0,0,0,0,10060,0.146104331208,0.136368653597,,,0,-0.156764942104,0.0502631724139,-0.00649711272352,0.109876759579,0.317340620201,0.159395885121,0.0330349067205,4.35485070277,0.877775129411,22.8195535465
NASDAQ100_extended,200,0,TQQQ_SMA_TO_NASDAQ,1986-09-25,1986-09-26,2026-09-02,10060,0.231360440494,-0.978531485152,4071.1422244,39.9370294319,0.575528681237,0.59790073449,6694,2000-03-27,2003-03-11,2018-07-25,True,5615,6694,2000,-0.808758453577,1999,4.2881220955,-0.917100931049,-0.469465136953,-0.235615520901,0.759343936382,0.240656063618,0,273,6.8357612943,55.7591240876,0.271285947431,0.181696004184,17.6715328467,0.114859174136,0.0264236031602,-0.0132848373913,0.157133836097,0.142977060166,0.209388455145,0.337309740124,0.253967916197,0.765307622593,79.725006001,14.4795280449,300.033431601
NASDAQ100_extended,200,0,TQQQ_SMA_TO_TBILL,1986-09-25,1986-09-26,2026-09-02,10060,0.208657221531,-0.955794823348,1936.16949311,39.9370294319,0.544335484416,0.56591661194,6510,2000-03-27,2003-03-31,2018-01-22,True,5411,6510,2000,-0.767681730596,1999,4.2881220955,-0.860574015073,-0.401744894619,-0.179915368702,0.759343936382,0,0.240656063618,273,6.8357612943,55.7591240876,0.271285947431,0.181696004184,17.6715328467,0.0326756397016,0.00781400494143,-0.0147743950136,0.143343832333,0.140173647322,0.189807446846,0.293636123723,0.240362788452,0.742529655667,55.6397589841,13.7854490616,183.844079516
NASDAQ100_extended,250,0,NASDAQ100_1X,1986-09-25,1986-09-26,2026-09-02,10060,0.149246346082,-0.828728190357,258.655082067,39.9370294319,0.260598345192,0.543846084633,5357,2000-03-27,2002-10-07,2014-11-26,True,4433,5357,2008,-0.415734769887,1999,1.02066439534,-0.696996006051,-0.205944836372,-0.0811562162528,,,,,,,,,,,,0.0368898080802,0.122827454404,0.118190188506,0.138755042789,0.170315238805,0.154863024271,2.06372637018,32.3191229931,9.3392843764,49.3071368262
NASDAQ100_extended,250,0,TQQQ_ALWAYS,1986-09-25,1986-09-26,2026-09-02,10060,0.146104331208,-0.999799525426,231.865840871,39.9370294319,0.781882469034,0.52835312295,9655,2000-03-27,2009-03-09,,False,,,2000,-0.916295851152,1999,4.2881220955,-0.991750471878,-0.719895616286,-0.494603104244,1,0,0,0,0,10060,0.146104331208,0.136368653597,,,0,-0.156764942104,0.0502631724139,-0.00649711272352,0.109876759579,0.317340620201,0.159395885121,0.0330349067205,4.35485070277,0.877775129411,22.8195535465
NASDAQ100_extended,250,0,TQQQ_SMA_TO_NASDAQ,1986-09-25,1986-09-26,2026-09-02,10060,0.240933656137,-0.959690348096,5546.75699145,39.9370294319,0.587008578373,0.612740056759,6241,2000-03-27,2008-11-20,2017-04-28,True,3081,6241,2000,-0.799267763056,1999,4.2881220955,-0.913007016031,-0.410920535337,-0.191674620597,0.77972166998,0.22027833002,0,237,5.93434222253,65.9159663866,0.28874528316,0.19729045711,18.6218487395,0.0871609730491,0.0185735876803,0.0334139759347,0.169967650392,0.198017750371,0.252090748937,0.348163522936,0.297750933889,1.92968585474,110.996410647,37.1104130219,849.623103358
NASDAQ100_extended,250,0,TQQQ_SMA_TO_TBILL,1986-09-25,1986-09-26,2026-09-02,10060,0.226678211733,-0.885977141439,3496.5410919,39.9370294319,0.557944002942,0.594226936513,5203,2000-03-27,2003-04-09,2014-06-25,True,4095,5203,2000,-0.741568027976,1999,4.2881220955,-0.844890540062,-0.29842776706,-0.107538530609,0.77972166998,0,0.22027833002,237,5.93434222253,65.9159663866,0.28874528316,0.19729045711,18.6218487395,0.0320870880394,0.00701941809669,0.0575731403056,0.166734462482,0.217209941415,0.25886002538,0.310977128062,0.307871689933,3.06343200925,102.153314229,50.9834170217,999.11637423
common,150,50,SP500_1X,1986-09-25,1986-09-26,2026-09-02,10060,0.112646685389,-0.552502410697,71.0185817948,39.9370294319,0.183471450391,0.503352307643,2243,2007-10-09,2009-03-09,2012-04-02,True,1120,1637,2008,-0.369976111327,1995,0.375762011774,-0.475191448321,-0.0819882366922,-0.0456206317854,,,,,,,,,,,,0.0478816333553,0.0933527571049,0.0878386329462,0.103071862813,0.122604304174,0.110747605128,2.54826487138,14.5499731976,5.38753021325,18.9771505948
common,150,50,SSO_ALWAYS,1986-09-25,1986-09-26,2026-09-02,10060,0.140833242184,-0.88382474662,192.878306006,39.9370294319,0.366950893578,0.460467102613,5279,2000-03-23,2009-03-09,2014-09-05,True,2006,5279,2008,-0.676497683449,1995,0.748832811145,-0.778554211141,-0.23594133465,-0.171834067002,1,0,0,0,0,10060,0.140833242184,0.131758909615,,,0,0.0232778552273,0.101020701297,0.0903607865308,0.128313937002,0.158807709261,0.145045163878,1.58442436795,17.9441029972,5.64230075798,37.4211359002
common,150,50,SSO_SMA_TO_SP500,1986-09-25,1986-09-26,2026-09-02,10060,0.144743562813,-0.682255694923,221.121775533,39.9370294319,0.273387743278,0.517680978401,4981,1999-07-16,2009-03-09,2013-03-05,True,1457,4981,2008,-0.41532199217,1995,0.748832811145,-0.520368232256,-0.135699653313,-0.0923335010091,0.768290258449,0.231709741551,0,347,8.68867827518,44.4195402299,0.149863479213,0.10721903626,13.3965517241,0.127974998824,0.0279616130537,0.0472327805554,0.113882589228,0.108966167516,0.130787372053,0.162466136609,0.148487974931,2.51689189049,25.4241586394,7.91473362391,39.9420400005
common,150,50,SSO_SMA_TO_TBILL,1986-09-25,1986-09-26,2026-09-02,10060,0.120761005419,-0.581385938475,94.9298126329,39.9370294319,0.234082374557,0.471088108464,4225,1999-07-16,2003-04-11,2011-02-08,True,2860,4225,2000,-0.337146619208,1995,0.748832811145,-0.402247249345,-0.0979128436797,-0.0606422239787,0.768290258449,0,0.231709741551,347,8.68867827518,44.4195402299,0.149863479213,0.10721903626,13.3965517241,0.0296697467808,0.00678888743672,0.0335334849861,0.089662854471,0.0938003248154,0.106121790968,0.135658989728,0.123265245628,1.93415392788,13.1466604011,6.00844669597,20.6107679986
common,150,50,UPRO_ALWAYS,1986-09-25,1986-09-26,2026-09-02,10060,0.137145191665,-0.982010922896,169.481388171,39.9370294319,0.550432316361,0.461634801519,6733,2000-03-23,2009-03-09,2018-08-29,True,3460,6733,2008,-0.85977473214,1995,1.22788602039,-0.922727364296,-0.391628546145,-0.309366009335,1,0,0,0,0,10060,0.137145191665,0.12852090377,,,0,-0.0318731056722,0.077453271565,0.0609021503929,0.124421688364,0.167966564706,0.151513304388,0.523173451691,9.37556990637,3.26217003541,33.7358413575
common,150,50,UPRO_SMA_TO_SP500,1986-09-25,1986-09-26,2026-09-02,10060,0.168962913806,-0.831317679976,510.222812361,39.9370294319,0.378441530239,0.521189076074,5234,1999-07-16,2009-03-09,2013-11-13,True,1710,5234,2000,-0.468120598771,1995,1.22788602039,-0.585806572699,-0.192389320072,-0.142504707112,0.768290258449,0.231709741551,0,347,8.68867827518,44.4195402299,0.181648967895,0.128155344216,13.3965517241,0.127974998824,0.0279616130537,0.0402598463082,0.125932238003,0.120327785946,0.150172170052,0.204489225031,0.178192997821,2.20209831048,35.1334021386,9.70443652057,66.5246389697
common,150,50,UPRO_SMA_TO_TBILL,1986-09-25,1986-09-26,2026-09-02,10060,0.144472957206,-0.76402087746,219.043809058,39.9370294319,0.351120371325,0.472726152544,5269,1999-07-16,2003-04-11,2013-12-18,True,3904,5269,2000,-0.49919900266,1995,1.22788602039,-0.553036034682,-0.179559216038,-0.118114299276,0.768290258449,0,0.231709741551,347,8.68867827518,44.4195402299,0.181648967895,0.128155344216,13.3965517241,0.0296697467808,0.00678888743672,0.0223820054251,0.101064201265,0.104365563108,0.12515118942,0.17671300123,0.15231789621,1.55691154984,17.9653846378,7.2831341465,34.3957071779
common,150,50,NASDAQ100_1X,1986-09-25,1986-09-26,2026-09-02,10060,0.149246346082,-0.828728190357,258.655082067,39.9370294319,0.260598345192,0.543846084633,5357,2000-03-27,2002-10-07,2014-11-26,True,4433,5357,2008,-0.415734769887,1999,1.02066439534,-0.696996006051,-0.205944836372,-0.0811562162528,,,,,,,,,,,,0.0368898080802,0.122827454404,0.118190188506,0.138755042789,0.170315238805,0.154863024271,2.06372637018,32.3191229931,9.3392843764,49.3071368262
common,150,50,TQQQ_ALWAYS,1986-09-25,1986-09-26,2026-09-02,10060,0.134517753111,-0.99981706341,154.525568068,39.9370294319,0.781890023029,0.51536709249,9655,2000-03-27,2009-03-09,,False,,,2000,-0.917151743783,1999,4.23507200311,-0.991836834068,-0.722752150098,-0.499738961302,1,0,0,0,0,10060,0.134517753111,0.126207673516,,,0,-0.165303460076,0.0396384967503,-0.0165535665469,0.0986541202582,0.304040784432,0.147674700654,0.0269508374326,3.20991615785,0.716167840431,16.8224042851
common,150,50,TQQQ_SMA_TO_NASDAQ,1986-09-25,1986-09-26,2026-09-02,10060,0.223980731055,-0.991216669972,3202.25577838,39.9370294319,0.562124880443,0.588341583895,7452,2000-03-27,2003-03-11,2020-08-21,True,6373,7452,2000,-0.86210103043,1999,4.23507200311,-0.939991664441,-0.560683438287,-0.291533686531,0.744035785288,0.255964214712,0,313,7.83733804072,47.6751592357,0.261589798038,0.172762158588,16.4012738854,0.121197347422,0.0293462827763,-0.0370148192965,0.136540002769,0.0951744956463,0.182464392492,0.370553250763,0.223968953789,0.470318516279,46.5176617894,6.16277309118,152.693885328
common,150,50,TQQQ_SMA_TO_TBILL,1986-09-25,1986-09-26,2026-09-02,10060,0.198898201852,-0.988494673487,1400.65567867,39.9370294319,0.528342749562,0.551955749823,7592,2000-03-27,2003-03-31,2021-01-08,True,6493,7592,2000,-0.866851189435,1999,4.23507200311,-0.919928221302,-0.549251362844,-0.266272020469,0.744035785288,0,0.255964214712,313,7.83733804072,47.6751592357,0.261589798038,0.172762158588,16.4012738854,0.0342571731526,0.0086408113109,-0.0481706914512,0.113480825167,0.0711945444876,0.150239140638,0.345651435995,0.194161493877,0.372547340671,25.1504745302,3.95703832135,66.652328243
common,200,50,SP500_1X,1986-09-25,1986-09-26,2026-09-02,10060,0.112646685389,-0.552502410697,71.0185817948,39.9370294319,0.183471450391,0.503352307643,2243,2007-10-09,2009-03-09,2012-04-02,True,1120,1637,2008,-0.369976111327,1995,0.375762011774,-0.475191448321,-0.0819882366922,-0.0456206317854,,,,,,,,,,,,0.0478816333553,0.0933527571049,0.0878386329462,0.103071862813,0.122604304174,0.110747605128,2.54826487138,14.5499731976,5.38753021325,18.9771505948
common,200,50,SSO_ALWAYS,1986-09-25,1986-09-26,2026-09-02,10060,0.140833242184,-0.88382474662,192.878306006,39.9370294319,0.366950893578,0.460467102613,5279,2000-03-23,2009-03-09,2014-09-05,True,2006,5279,2008,-0.676497683449,1995,0.748832811145,-0.778554211141,-0.23594133465,-0.171834067002,1,0,0,0,0,10060,0.140833242184,0.131758909615,,,0,0.0232778552273,0.101020701297,0.0903607865308,0.128313937002,0.158807709261,0.145045163878,1.58442436795,17.9441029972,5.64230075798,37.4211359002
common,200,50,SSO_SMA_TO_SP500,1986-09-25,1986-09-26,2026-09-02,10060,0.158068730901,-0.625548480047,351.042765191,39.9370294319,0.275434109813,0.557928175327,2612,2007-07-13,2009-03-09,2012-09-13,True,1284,1889,2008,-0.374784077534,1995,0.748832811145,-0.486650234725,-0.121410896623,-0.073341156273,0.782007952286,0.217992047714,0,230,5.7590662919,67.8189655172,0.183425145833,0.131559950206,19.0695652174,0.071900757669,0.0151937802938,0.0612123498705,0.125849000571,0.123051896324,0.146361047483,0.17201729873,0.165050440805,3.28129977644,35.0328017427,10.1858554068,60.2407806895
common,200,50,SSO_SMA_TO_TBILL,1986-09-25,1986-09-26,2026-09-02,10060,0.147702924405,-0.44925050655,245.138787127,39.9370294319,0.237248376199,0.568153359298,2835,1999-07-16,2003-04-16,2007-04-20,True,1465,2835,2000,-0.286658998191,1995,0.748832811145,-0.333699058245,-0.0521511570305,-0.029902099278,0.782007952286,0,0.217992047714,230,5.7590662919,67.8189655172,0.183425145833,0.131559950206,19.0695652174,0.0287502763441,0.0062025375529,0.0661808930893,0.121163943142,0.121501630247,0.137895507474,0.154801092942,0.15664353306,3.60261544269,30.9324013158,9.90827808716,48.2282905853
common,200,50,UPRO_ALWAYS,1986-09-25,1986-09-26,2026-09-02,10060,0.137145191665,-0.982010922896,169.481388171,39.9370294319,0.550432316361,0.461634801519,6733,2000-03-23,2009-03-09,2018-08-29,True,3460,6733,2008,-0.85977473214,1995,1.22788602039,-0.922727364296,-0.391628546145,-0.309366009335,1,0,0,0,0,10060,0.137145191665,0.12852090377,,,0,-0.0318731056722,0.077453271565,0.0609021503929,0.124421688364,0.167966564706,0.151513304388,0.523173451691,9.37556990637,3.26217003541,33.7358413575
common,200,50,UPRO_SMA_TO_SP500,1986-09-25,1986-09-26,2026-09-02,10060,0.196015761252,-0.744882830999,1272.27495545,39.9370294319,0.382377195104,0.579647766571,5040,1999-07-16,2009-03-09,2013-05-03,True,1516,5040,2000,-0.430477003648,1995,1.22788602039,-0.538847212141,-0.161796889842,-0.10903261775,0.782007952286,0.217992047714,0,230,5.7590662919,67.8189655172,0.233291674879,0.163802053452,19.0695652174,0.071900757669,0.0151937802938,0.0681927817763,0.150827577942,0.14895780929,0.182163949203,0.224213355127,0.212087372635,3.74104367728,67.6692458146,16.0724609598,151.438829565
common,200,50,UPRO_SMA_TO_TBILL,1986-09-25,1986-09-26,2026-09-02,10060,0.185310293073,-0.643842852724,888.449985006,39.9370294319,0.355872660413,0.569766170414,3897,1999-07-16,2003-04-16,2010-03-17,True,2527,3897,2000,-0.442805874572,1995,1.22788602039,-0.484799080591,-0.117104115427,-0.0740246408383,0.782007952286,0,0.217992047714,230,5.7590662919,67.8189655172,0.233291674879,0.163802053452,19.0695652174,0.0287502763441,0.0062025375529,0.0731940070285,0.147389808769,0.147844921996,0.173890003038,0.206230421706,0.203341050275,4.10737897839,61.9067981874,15.7639261551,122.777053104
common,200,50,NASDAQ100_1X,1986-09-25,1986-09-26,2026-09-02,10060,0.149246346082,-0.828728190357,258.655082067,39.9370294319,0.260598345192,0.543846084633,5357,2000-03-27,2002-10-07,2014-11-26,True,4433,5357,2008,-0.415734769887,1999,1.02066439534,-0.696996006051,-0.205944836372,-0.0811562162528,,,,,,,,,,,,0.0368898080802,0.122827454404,0.118190188506,0.138755042789,0.170315238805,0.154863024271,2.06372637018,32.3191229931,9.3392843764,49.3071368262
common,200,50,TQQQ_ALWAYS,1986-09-25,1986-09-26,2026-09-02,10060,0.134517753111,-0.99981706341,154.525568068,39.9370294319,0.781890023029,0.51536709249,9655,2000-03-27,2009-03-09,,False,,,2000,-0.917151743783,1999,4.23507200311,-0.991836834068,-0.722752150098,-0.499738961302,1,0,0,0,0,10060,0.134517753111,0.126207673516,,,0,-0.165303460076,0.0396384967503,-0.0165535665469,0.0986541202582,0.304040784432,0.147674700654,0.0269508374326,3.20991615785,0.716167840431,16.8224042851
common,200,50,TQQQ_SMA_TO_NASDAQ,1986-09-25,1986-09-26,2026-09-02,10060,0.221940887905,-0.978644669363,2995.8929182,39.9370294319,0.575524530825,0.584555202936,7253,2000-03-27,2003-03-11,2020-02-04,True,6174,7253,2000,-0.809998472439,1999,4.23507200311,-0.917444899376,-0.471848942958,-0.239908658161,0.759343936382,0.240656063618,0,273,6.8357612943,55.7591240876,0.258454607396,0.174016883182,17.6715328467,0.114859174136,0.0264236031602,-0.0204000714451,0.148478925728,0.134662686783,0.200097424664,0.326512255755,0.244223568967,0.66217822532,63.6463080601,12.5166294927,238.065389373
common,200,50,TQQQ_SMA_TO_TBILL,1986-09-25,1986-09-26,2026-09-02,10060,0.199411342026,-0.956050227267,1424.79828832,39.9370294319,0.544329075596,0.551808026908,6682,2000-03-27,2003-03-31,2018-07-13,True,5583,6682,2000,-0.769188092794,1999,4.23507200311,-0.861144195557,-0.404432982079,-0.184521343815,0.759343936382,0,0.240656063618,273,6.8357612943,55.7591240876,0.258454607396,0.174016883182,17.6715328467,0.0326756397016,0.00781400494143,-0.0218788878206,0.134792065821,0.13174105355,0.180632325647,0.283191261619,0.230724164093,0.642469714297,44.4185007731,11.8834187565,145.742957283
common,250,50,SP500_1X,1986-09-25,1986-09-26,2026-09-02,10060,0.112646685389,-0.552502410697,71.0185817948,39.9370294319,0.183471450391,0.503352307643,2243,2007-10-09,2009-03-09,2012-04-02,True,1120,1637,2008,-0.369976111327,1995,0.375762011774,-0.475191448321,-0.0819882366922,-0.0456206317854,,,,,,,,,,,,0.0478816333553,0.0933527571049,0.0878386329462,0.103071862813,0.122604304174,0.110747605128,2.54826487138,14.5499731976,5.38753021325,18.9771505948
common,250,50,SSO_ALWAYS,1986-09-25,1986-09-26,2026-09-02,10060,0.140833242184,-0.88382474662,192.878306006,39.9370294319,0.366950893578,0.460467102613,5279,2000-03-23,2009-03-09,2014-09-05,True,2006,5279,2008,-0.676497683449,1995,0.748832811145,-0.778554211141,-0.23594133465,-0.171834067002,1,0,0,0,0,10060,0.140833242184,0.131758909615,,,0,0.0232778552273,0.101020701297,0.0903607865308,0.128313937002,0.158807709261,0.145045163878,1.58442436795,17.9441029972,5.64230075798,37.4211359002
common,250,50,SSO_SMA_TO_SP500,1986-09-25,1986-09-26,2026-09-02,10060,0.152335877364,-0.631005419783,287.929176441,39.9370294319,0.278968085601,0.536603706466,2507,2007-07-13,2009-03-09,2013-02-01,True,1425,2030,2008,-0.379228318543,1995,0.748832811145,-0.508981214315,-0.117464609795,-0.0629333626965,0.797514910537,0.202485089463,0,216,5.40851443066,73.6055045872,0.167205809406,0.123132630617,18.8611111111,0.0959702021541,0.0186584493735,0.0600400375344,0.120637421499,0.123672939318,0.142299372787,0.161244086749,0.162831101737,3.20955909264,30.4804474256,10.2994372882,54.1349030685
common,250,50,SSO_SMA_TO_TBILL,1986-09-25,1986-09-26,2026-09-02,10060,0.137397570662,-0.432787650646,170.990122593,39.9370294319,0.242697607882,0.523642625725,1365,1987-08-25,1988-11-16,1989-10-06,True,324,773,2011,-0.318560644905,1995,0.748832811145,-0.407369748625,-0.0672471423386,-0.000755890745454,0.797514910537,0,0.202485089463,216,5.40851443066,73.6055045872,0.167205809406,0.123132630617,18.8611111111,0.0279372789298,0.00561018940142,0.0646755096475,0.113264871751,0.116571030012,0.132143292826,0.152145281549,0.153163129644,3.50223501065,25.0045448248,9.07387251825,41.425184529
common,250,50,UPRO_ALWAYS,1986-09-25,1986-09-26,2026-09-02,10060,0.137145191665,-0.982010922896,169.481388171,39.9370294319,0.550432316361,0.461634801519,6733,2000-03-23,2009-03-09,2018-08-29,True,3460,6733,2008,-0.85977473214,1995,1.22788602039,-0.922727364296,-0.391628546145,-0.309366009335,1,0,0,0,0,10060,0.137145191665,0.12852090377,,,0,-0.0318731056722,0.077453271565,0.0609021503929,0.124421688364,0.167966564706,0.151513304388,0.523173451691,9.37556990637,3.26217003541,33.7358413575
common,250,50,UPRO_SMA_TO_SP500,1986-09-25,1986-09-26,2026-09-02,10060,0.183564201728,-0.702994057344,837.652535366,39.9370294319,0.389148857511,0.549450843996,2852,2007-07-13,2009-03-09,2013-04-11,True,1494,2099,2022,-0.423535975804,1995,1.22788602039,-0.578624175419,-0.154800657478,-0.0865761597233,0.797514910537,0.202485089463,0,216,5.40851443066,73.6055045872,0.207060638242,0.149871946468,18.8611111111,0.0959702021541,0.0186584493735,0.0652986229757,0.139740936153,0.151011840568,0.17455169351,0.200853504952,0.206867225538,3.5434581908,50.6130113521,16.6636979809,124.815491606
common,250,50,UPRO_SMA_TO_TBILL,1986-09-25,1986-09-26,2026-09-02,10060,0.168221066627,-0.599614241402,497.449794712,39.9370294319,0.364042963967,0.525234452793,1931,1987-08-25,1988-11-16,1992-12-07,True,1482,1931,2011,-0.451897845496,1995,1.22788602039,-0.566313237653,-0.123563897164,-0.0322243512696,0.797514910537,0,0.202485089463,216,5.40851443066,73.6055045872,0.207060638242,0.149871946468,18.8611111111,0.0279372789298,0.00561018940142,0.0699570904713,0.132242706493,0.141600598106,0.163929298014,0.192935667266,0.196833129753,3.86658197478,41.5202340503,14.134616807,95.0774136209
common,250,50,NASDAQ100_1X,1986-09-25,1986-09-26,2026-09-02,10060,0.149246346082,-0.828728190357,258.655082067,39.9370294319,0.260598345192,0.543846084633,5357,2000-03-27,2002-10-07,2014-11-26,True,4433,5357,2008,-0.415734769887,1999,1.02066439534,-0.696996006051,-0.205944836372,-0.0811562162528,,,,,,,,,,,,0.0368898080802,0.122827454404,0.118190188506,0.138755042789,0.170315238805,0.154863024271,2.06372637018,32.3191229931,9.3392843764,49.3071368262
common,250,50,TQQQ_ALWAYS,1986-09-25,1986-09-26,2026-09-02,10060,0.134517753111,-0.99981706341,154.525568068,39.9370294319,0.781890023029,0.51536709249,9655,2000-03-27,2009-03-09,,False,,,2000,-0.917151743783,1999,4.23507200311,-0.991836834068,-0.722752150098,-0.499738961302,1,0,0,0,0,10060,0.134517753111,0.126207673516,,,0,-0.165303460076,0.0396384967503,-0.0165535665469,0.0986541202582,0.304040784432,0.147674700654,0.0269508374326,3.20991615785,0.716167840431,16.8224042851
common,250,50,TQQQ_SMA_TO_NASDAQ,1986-09-25,1986-09-26,2026-09-02,10060,0.23118066244,-0.961593748378,4047.47160627,39.9370294319,0.587004923035,0.59929605484,6275,2000-03-27,2008-11-20,2017-06-01,True,3115,6275,2000,-0.800767713181,1999,4.23507200311,-0.913453741611,-0.413622324732,-0.196241704857,0.77972166998,0.22027833002,0,237,5.93434222253,65.9159663866,0.275736728042,0.189400009469,18.6218487395,0.0871609730491,0.0185735876803,0.0257877292461,0.160960662211,0.189038011615,0.242281449687,0.337078761582,0.287489140911,1.66398724218,88.0265869292,31.9253947854,671.048580274
common,250,50,TQQQ_SMA_TO_TBILL,1986-09-25,1986-09-26,2026-09-02,10060,0.217037257273,-0.886621677766,2551.42794455,39.9370294319,0.55793857679,0.580084094335,5226,2000-03-27,2003-04-09,2014-07-18,True,4118,5226,2000,-0.743499133186,1999,4.23507200311,-0.845678634611,-0.301645500035,-0.112580988552,0.77972166998,0,0.22027833002,237,5.93434222253,65.9159663866,0.275736728042,0.189400009469,18.6218487395,0.0320870880394,0.00701941809669,0.0497686071301,0.157752364976,0.208007497927,0.248951925012,0.300198117685,0.297529868421,2.64162779044,81.0134989295,43.8032290947,788.483270092
SP500_extended,150,50,SP500_1X,1980-12-26,1980-12-29,2026-09-02,11513,0.111624959035,-0.552502410697,125.761670439,45.6837782341,0.179082128204,0.457736057466,2243,2007-10-09,2009-03-09,2012-04-02,True,1120,1637,2008,-0.369976111327,1995,0.375762011774,-0.475191448321,-0.0819882366922,-0.0456206317854,,,,,,,,,,,,0.0478816333553,0.0933527571049,0.0952959994462,0.102195711929,0.145695416256,0.110747605128,2.54826487138,14.5499731976,6.17490141593,18.5276083362
SP500_extended,150,50,SSO_ALWAYS,1980-12-26,1980-12-29,2026-09-02,11513,0.12991459437,-0.88382474662,265.047832561,45.6837782341,0.358226333769,0.411413407858,5279,2000-03-23,2009-03-09,2014-09-05,True,2006,5279,2008,-0.676497683449,1995,0.748832811145,-0.778554211141,-0.23594133465,-0.171834067002,1,0,0,0,0,11513,0.12991459437,0.122142049664,,,0,0.0232778552273,0.0832585647588,0.10886074661,0.120641315686,0.172382509076,0.145045163878,1.58442436795,11.0132728305,7.90288986699,30.4931329205
SP500_extended,150,50,SSO_SMA_TO_SP500,1980-12-26,1980-12-29,2026-09-02,11513,0.138321703517,-0.682255694923,371.876321725,45.6837782341,0.270708415249,0.467219264978,4981,1999-07-16,2009-03-09,2013-03-05,True,1457,4981,2008,-0.41532199217,1995,0.748832811145,-0.520368232256,-0.135699653313,-0.0923335010091,0.755841222965,0.244158777035,0,396,8.66828478964,43.7286432161,0.145514483182,0.102676082278,14.196969697,0.116346944087,0.0268789054947,0.0472327805554,0.110222742157,0.121608456242,0.127935210952,0.17557259911,0.148487974931,2.51689189049,23.0272150241,9.92717091166,37.0214186147
SP500_extended,150,50,SSO_SMA_TO_TBILL,1980-12-26,1980-12-29,2026-09-02,11513,0.120281864354,-0.581385938475,179.249388947,45.6837782341,0.23443915991,0.43195815309,4225,1999-07-16,2003-04-11,2011-02-08,True,2860,4225,2000,-0.337146619208,1995,0.748832811145,-0.402247249345,-0.0979128436797,-0.0606422239787,0.755841222965,0,0.244158777035,396,8.66828478964,43.7286432161,0.145514483182,0.102676082278,14.196969697,0.0456616426476,0.0109042359688,0.0335334849861,0.089662854471,0.0983799692497,0.107695379843,0.162247257671,0.124068686629,1.93415392788,13.1466604011,6.53208886865,21.511521891
SP500_extended,150,50,UPRO_ALWAYS,1980-12-26,1980-12-29,2026-09-02,11513,0.118658207861,-0.982010922896,167.757458914,45.6837782341,0.537375239547,0.411803718547,6733,2000-03-23,2009-03-09,2018-08-29,True,3460,6733,2008,-0.85977473214,1995,1.22788602039,-0.922727364296,-0.391628546145,-0.309366009335,1,0,0,0,0,11513,0.118658207861,0.112129938401,,,0,-0.0318731056722,0.03959842162,0.0875450264678,0.111226437514,0.174025546079,0.151513304388,0.523173451691,3.20586519079,5.35728724224,23.6668064288
SP500_extended,150,50,UPRO_SMA_TO_SP500,1980-12-26,1980-12-29,2026-09-02,11513,0.156782679973,-0.831317679976,775.497095688,45.6837782341,0.376814929896,0.470843006714,5234,1999-07-16,2009-03-09,2013-11-13,True,1710,5234,1981,-0.469730164326,1995,1.22788602039,-0.585806572699,-0.192389320072,-0.142504707112,0.755841222965,0.244158777035,0,396,8.66828478964,43.7286432161,0.170159282385,0.118763694455,14.196969697,0.116346944087,0.0268789054947,0.0402598463082,0.114659790674,0.132697605607,0.145127228329,0.204489225031,0.178192997821,2.20209831048,25.9540726797,12.0859181645,58.3032553259
SP500_extended,150,50,UPRO_SMA_TO_TBILL,1980-12-26,1980-12-29,2026-09-02,11513,0.138450275848,-0.76402087746,373.800030847,45.6837782341,0.351679348239,0.432798838534,5269,1999-07-16,2003-04-11,2013-12-18,True,3904,5269,2000,-0.49919900266,1995,1.22788602039,-0.553036034682,-0.179559216038,-0.118114299276,0.755841222965,0,0.244158777035,396,8.66828478964,43.7286432161,0.170159282385,0.118763694455,14.196969697,0.0456616426476,0.0109042359688,0.0223820054251,0.101064201265,0.115375213467,0.125902973119,0.185295391781,0.15231789621,1.55691154984,17.9653846378,8.88013937697,35.0946149337
SP500_extended,200,50,SP500_1X,1980-12-26,1980-12-29,2026-09-02,11513,0.111624959035,-0.552502410697,125.761670439,45.6837782341,0.179082128204,0.457736057466,2243,2007-10-09,2009-03-09,2012-04-02,True,1120,1637,2008,-0.369976111327,1995,0.375762011774,-0.475191448321,-0.0819882366922,-0.0456206317854,,,,,,,,,,,,0.0478816333553,0.0933527571049,0.0952959994462,0.102195711929,0.145695416256,0.110747605128,2.54826487138,14.5499731976,6.17490141593,18.5276083362
SP500_extended,200,50,SSO_ALWAYS,1980-12-26,1980-12-29,2026-09-02,11513,0.12991459437,-0.88382474662,265.047832561,45.6837782341,0.358226333769,0.411413407858,5279,2000-03-23,2009-03-09,2014-09-05,True,2006,5279,2008,-0.676497683449,1995,0.748832811145,-0.778554211141,-0.23594133465,-0.171834067002,1,0,0,0,0,11513,0.12991459437,0.122142049664,,,0,0.0232778552273,0.0832585647588,0.10886074661,0.120641315686,0.172382509076,0.145045163878,1.58442436795,11.0132728305,7.90288986699,30.4931329205
SP500_extended,200,50,SSO_SMA_TO_SP500,1980-12-26,1980-12-29,2026-09-02,11513,0.15332571946,-0.625548480047,676.394985239,45.6837782341,0.273109394586,0.513463304486,2612,2007-07-13,2009-03-09,2012-09-13,True,1284,1889,2008,-0.374784077534,1995,0.748832811145,-0.486650234725,-0.121410896623,-0.073341156273,0.773647181447,0.226352818553,0,254,5.55996044588,69.5859375,0.184314825117,0.130771401459,20.5196850394,0.0537310820366,0.0118782972966,0.0612123498705,0.124888996116,0.135284955616,0.1423400189,0.193213743401,0.165050440805,3.28129977644,34.1475868814,12.6502076846,54.2124576341
SP500_extended,200,50,SSO_SMA_TO_TBILL,1980-12-26,1980-12-29,2026-09-02,11513,0.150871460246,-0.44925050655,613.671181952,45.6837782341,0.238114176911,0.542112488668,2835,1999-07-16,2003-04-16,2007-04-20,True,1465,2835,2000,-0.286658998191,1995,0.748832811145,-0.333699058245,-0.0521511570305,-0.029902099278,0.773647181447,0,0.226352818553,254,5.55996044588,69.5859375,0.184314825117,0.130771401459,20.5196850394,0.0438868670443,0.00974804545566,0.0661808930893,0.121054870649,0.126246606937,0.139063103669,0.200158871459,0.15664353306,3.60261544269,30.8229379803,10.7812697331,49.717690287
SP500_extended,200,50,UPRO_ALWAYS,1980-12-26,1980-12-29,2026-09-02,11513,0.118658207861,-0.982010922896,167.757458914,45.6837782341,0.537375239547,0.411803718547,6733,2000-03-23,2009-03-09,2018-08-29,True,3460,6733,2008,-0.85977473214,1995,1.22788602039,-0.922727364296,-0.391628546145,-0.309366009335,1,0,0,0,0,11513,0.118658207861,0.112129938401,,,0,-0.0318731056722,0.03959842162,0.0875450264678,0.111226437514,0.174025546079,0.151513304388,0.523173451691,3.20586519079,5.35728724224,23.6668064288
SP500_extended,200,50,UPRO_SMA_TO_SP500,1980-12-26,1980-12-29,2026-09-02,11513,0.187131384887,-0.744882830999,2531.54735958,45.6837782341,0.381403941304,0.537675755616,5040,1999-07-16,2009-03-09,2013-05-03,True,1516,5040,2000,-0.430477003648,1995,1.22788602039,-0.538847212141,-0.161796889842,-0.10903261775,0.773647181447,0.226352818553,0,254,5.55996044588,69.5859375,0.229412364304,0.159661498716,20.5196850394,0.0537310820366,0.0118782972966,0.0681927817763,0.145582924743,0.160957735909,0.174385355645,0.233800068733,0.212087372635,3.74104367728,58.9814097619,19.7846419471,124.393199636
SP500_extended,200,50,UPRO_SMA_TO_TBILL,1980-12-26,1980-12-29,2026-09-02,11513,0.184605187743,-0.643842852724,2296.79062415,45.6837782341,0.357189486043,0.542913622551,3897,1999-07-16,2003-04-16,2010-03-17,True,2527,3897,2000,-0.442805874572,1995,1.22788602039,-0.484799080591,-0.117104115427,-0.0740246408383,0.773647181447,0,0.226352818553,254,5.55996044588,69.5859375,0.229412364304,0.159661498716,20.5196850394,0.0438868670443,0.00974804545566,0.0731940070285,0.142374113646,0.156016996526,0.171323713386,0.242454498643,0.203341050275,4.10737897839,54.2412558804,18.1670490314,114.871966463
SP500_extended,250,50,SP500_1X,1980-12-26,1980-12-29,2026-09-02,11513,0.111624959035,-0.552502410697,125.761670439,45.6837782341,0.179082128204,0.457736057466,2243,2007-10-09,2009-03-09,2012-04-02,True,1120,1637,2008,-0.369976111327,1995,0.375762011774,-0.475191448321,-0.0819882366922,-0.0456206317854,,,,,,,,,,,,0.0478816333553,0.0933527571049,0.0952959994462,0.102195711929,0.145695416256,0.110747605128,2.54826487138,14.5499731976,6.17490141593,18.5276083362
SP500_extended,250,50,SSO_ALWAYS,1980-12-26,1980-12-29,2026-09-02,11513,0.12991459437,-0.88382474662,265.047832561,45.6837782341,0.358226333769,0.411413407858,5279,2000-03-23,2009-03-09,2014-09-05,True,2006,5279,2008,-0.676497683449,1995,0.748832811145,-0.778554211141,-0.23594133465,-0.171834067002,1,0,0,0,0,11513,0.12991459437,0.122142049664,,,0,0.0232778552273,0.0832585647588,0.10886074661,0.120641315686,0.172382509076,0.145045163878,1.58442436795,11.0132728305,7.90288986699,30.4931329205
SP500_extended,250,50,SSO_SMA_TO_SP500,1980-12-26,1980-12-29,2026-09-02,11513,0.146919161793,-0.631005419783,524.425290544,45.6837782341,0.276176161031,0.49067243981,2507,2007-07-13,2009-03-09,2013-02-01,True,1425,2030,2008,-0.379228318543,1995,0.748832811145,-0.508981214315,-0.117464609795,-0.0629333626965,0.789021106575,0.210978893425,0,234,5.12216828479,76.9830508475,0.166257314386,0.121179746245,20.7606837607,0.0778463591977,0.0158996114693,0.0600400375344,0.119615460828,0.133102543811,0.1388371791,0.186165861044,0.162831101737,3.20955909264,29.6574483389,12.1726263389,49.4402869749
SP500_extended,250,50,SSO_SMA_TO_TBILL,1980-12-26,1980-12-29,2026-09-02,11513,0.139064511016,-0.432787650646,383.125412766,45.6837782341,0.242788832304,0.493863847004,1365,1987-08-25,1988-11-16,1989-10-06,True,324,773,2011,-0.318560644905,1995,0.748832811145,-0.407369748625,-0.0672471423386,-0.000755890745454,0.789021106575,0,0.210978893425,234,5.12216828479,76.9830508475,0.166257314386,0.121179746245,20.7606837607,0.0434828722038,0.00902757490865,0.0646755096475,0.111433781628,0.124146200408,0.132370614546,0.184316841307,0.153163129644,3.50223501065,23.7996514854,10.38618223,41.6611859114
SP500_extended,250,50,UPRO_ALWAYS,1980-12-26,1980-12-29,2026-09-02,11513,0.118658207861,-0.982010922896,167.757458914,45.6837782341,0.537375239547,0.411803718547,6733,2000-03-23,2009-03-09,2018-08-29,True,3460,6733,2008,-0.85977473214,1995,1.22788602039,-0.922727364296,-0.391628546145,-0.309366009335,1,0,0,0,0,11513,0.118658207861,0.112129938401,,,0,-0.0318731056722,0.03959842162,0.0875450264678,0.111226437514,0.174025546079,0.151513304388,0.523173451691,3.20586519079,5.35728724224,23.6668064288
SP500_extended,250,50,UPRO_SMA_TO_SP500,1980-12-26,1980-12-29,2026-09-02,11513,0.173447641936,-0.702994057344,1490.61340866,45.6837782341,0.38724949322,0.505507801233,2852,2007-07-13,2009-03-09,2013-04-11,True,1494,2099,2022,-0.423535975804,1995,1.22788602039,-0.578624175419,-0.154800657478,-0.0865761597233,0.789021106575,0.210978893425,0,234,5.12216828479,76.9830508475,0.200600607164,0.144046506832,20.7606837607,0.0778463591977,0.0158996114693,0.0652986229757,0.135093601497,0.159439732323,0.167991115897,0.218955968498,0.206867225538,3.5434581908,44.7739697379,19.2892518072,105.506326475
SP500_extended,250,50,UPRO_SMA_TO_TBILL,1980-12-26,1980-12-29,2026-09-02,11513,0.165411311444,-0.599614241402,1088.98614877,45.6837782341,0.364201570822,0.494638415415,1931,1987-08-25,1988-11-16,1992-12-07,True,1482,1931,2011,-0.451897845496,1995,1.22788602039,-0.566313237653,-0.123563897164,-0.0322243512696,0.789021106575,0,0.210978893425,234,5.12216828479,76.9830508475,0.200600607164,0.144046506832,20.7606837607,0.0434828722038,0.00902757490865,0.0699570904713,0.126798814551,0.149293862461,0.160804175948,0.218277287444,0.196833129753,3.86658197478,35.9304301301,16.1790363884,87.6355271743
NASDAQ100_extended,150,50,NASDAQ100_1X,1986-09-25,1986-09-26,2026-09-02,10060,0.149246346082,-0.828728190357,258.655082067,39.9370294319,0.260598345192,0.543846084633,5357,2000-03-27,2002-10-07,2014-11-26,True,4433,5357,2008,-0.415734769887,1999,1.02066439534,-0.696996006051,-0.205944836372,-0.0811562162528,,,,,,,,,,,,0.0368898080802,0.122827454404,0.118190188506,0.138755042789,0.170315238805,0.154863024271,2.06372637018,32.3191229931,9.3392843764,49.3071368262
NASDAQ100_extended,150,50,TQQQ_ALWAYS,1986-09-25,1986-09-26,2026-09-02,10060,0.134517753111,-0.99981706341,154.525568068,39.9370294319,0.781890023029,0.51536709249,9655,2000-03-27,2009-03-09,,False,,,2000,-0.917151743783,1999,4.23507200311,-0.991836834068,-0.722752150098,-0.499738961302,1,0,0,0,0,10060,0.134517753111,0.126207673516,,,0,-0.165303460076,0.0396384967503,-0.0165535665469,0.0986541202582,0.304040784432,0.147674700654,0.0269508374326,3.20991615785,0.716167840431,16.8224042851
NASDAQ100_extended,150,50,TQQQ_SMA_TO_NASDAQ,1986-09-25,1986-09-26,2026-09-02,10060,0.223980731055,-0.991216669972,3202.25577838,39.9370294319,0.562124880443,0.588341583895,7452,2000-03-27,2003-03-11,2020-08-21,True,6373,7452,2000,-0.86210103043,1999,4.23507200311,-0.939991664441,-0.560683438287,-0.291533686531,0.744035785288,0.255964214712,0,313,7.83733804072,47.6751592357,0.261589798038,0.172762158588,16.4012738854,0.121197347422,0.0293462827763,-0.0370148192965,0.136540002769,0.0951744956463,0.182464392492,0.370553250763,0.223968953789,0.470318516279,46.5176617894,6.16277309118,152.693885328
NASDAQ100_extended,150,50,TQQQ_SMA_TO_TBILL,1986-09-25,1986-09-26,2026-09-02,10060,0.198898201852,-0.988494673487,1400.65567867,39.9370294319,0.528342749562,0.551955749823,7592,2000-03-27,2003-03-31,2021-01-08,True,6493,7592,2000,-0.866851189435,1999,4.23507200311,-0.919928221302,-0.549251362844,-0.266272020469,0.744035785288,0,0.255964214712,313,7.83733804072,47.6751592357,0.261589798038,0.172762158588,16.4012738854,0.0342571731526,0.0086408113109,-0.0481706914512,0.113480825167,0.0711945444876,0.150239140638,0.345651435995,0.194161493877,0.372547340671,25.1504745302,3.95703832135,66.652328243
NASDAQ100_extended,200,50,NASDAQ100_1X,1986-09-25,1986-09-26,2026-09-02,10060,0.149246346082,-0.828728190357,258.655082067,39.9370294319,0.260598345192,0.543846084633,5357,2000-03-27,2002-10-07,2014-11-26,True,4433,5357,2008,-0.415734769887,1999,1.02066439534,-0.696996006051,-0.205944836372,-0.0811562162528,,,,,,,,,,,,0.0368898080802,0.122827454404,0.118190188506,0.138755042789,0.170315238805,0.154863024271,2.06372637018,32.3191229931,9.3392843764,49.3071368262
NASDAQ100_extended,200,50,TQQQ_ALWAYS,1986-09-25,1986-09-26,2026-09-02,10060,0.134517753111,-0.99981706341,154.525568068,39.9370294319,0.781890023029,0.51536709249,9655,2000-03-27,2009-03-09,,False,,,2000,-0.917151743783,1999,4.23507200311,-0.991836834068,-0.722752150098,-0.499738961302,1,0,0,0,0,10060,0.134517753111,0.126207673516,,,0,-0.165303460076,0.0396384967503,-0.0165535665469,0.0986541202582,0.304040784432,0.147674700654,0.0269508374326,3.20991615785,0.716167840431,16.8224042851
NASDAQ100_extended,200,50,TQQQ_SMA_TO_NASDAQ,1986-09-25,1986-09-26,2026-09-02,10060,0.221940887905,-0.978644669363,2995.8929182,39.9370294319,0.575524530825,0.584555202936,7253,2000-03-27,2003-03-11,2020-02-04,True,6174,7253,2000,-0.809998472439,1999,4.23507200311,-0.917444899376,-0.471848942958,-0.239908658161,0.759343936382,0.240656063618,0,273,6.8357612943,55.7591240876,0.258454607396,0.174016883182,17.6715328467,0.114859174136,0.0264236031602,-0.0204000714451,0.148478925728,0.134662686783,0.200097424664,0.326512255755,0.244223568967,0.66217822532,63.6463080601,12.5166294927,238.065389373
NASDAQ100_extended,200,50,TQQQ_SMA_TO_TBILL,1986-09-25,1986-09-26,2026-09-02,10060,0.199411342026,-0.956050227267,1424.79828832,39.9370294319,0.544329075596,0.551808026908,6682,2000-03-27,2003-03-31,2018-07-13,True,5583,6682,2000,-0.769188092794,1999,4.23507200311,-0.861144195557,-0.404432982079,-0.184521343815,0.759343936382,0,0.240656063618,273,6.8357612943,55.7591240876,0.258454607396,0.174016883182,17.6715328467,0.0326756397016,0.00781400494143,-0.0218788878206,0.134792065821,0.13174105355,0.180632325647,0.283191261619,0.230724164093,0.642469714297,44.4185007731,11.8834187565,145.742957283
NASDAQ100_extended,250,50,NASDAQ100_1X,1986-09-25,1986-09-26,2026-09-02,10060,0.149246346082,-0.828728190357,258.655082067,39.9370294319,0.260598345192,0.543846084633,5357,2000-03-27,2002-10-07,2014-11-26,True,4433,5357,2008,-0.415734769887,1999,1.02066439534,-0.696996006051,-0.205944836372,-0.0811562162528,,,,,,,,,,,,0.0368898080802,0.122827454404,0.118190188506,0.138755042789,0.170315238805,0.154863024271,2.06372637018,32.3191229931,9.3392843764,49.3071368262
NASDAQ100_extended,250,50,TQQQ_ALWAYS,1986-09-25,1986-09-26,2026-09-02,10060,0.134517753111,-0.99981706341,154.525568068,39.9370294319,0.781890023029,0.51536709249,9655,2000-03-27,2009-03-09,,False,,,2000,-0.917151743783,1999,4.23507200311,-0.991836834068,-0.722752150098,-0.499738961302,1,0,0,0,0,10060,0.134517753111,0.126207673516,,,0,-0.165303460076,0.0396384967503,-0.0165535665469,0.0986541202582,0.304040784432,0.147674700654,0.0269508374326,3.20991615785,0.716167840431,16.8224042851
NASDAQ100_extended,250,50,TQQQ_SMA_TO_NASDAQ,1986-09-25,1986-09-26,2026-09-02,10060,0.23118066244,-0.961593748378,4047.47160627,39.9370294319,0.587004923035,0.59929605484,6275,2000-03-27,2008-11-20,2017-06-01,True,3115,6275,2000,-0.800767713181,1999,4.23507200311,-0.913453741611,-0.413622324732,-0.196241704857,0.77972166998,0.22027833002,0,237,5.93434222253,65.9159663866,0.275736728042,0.189400009469,18.6218487395,0.0871609730491,0.0185735876803,0.0257877292461,0.160960662211,0.189038011615,0.242281449687,0.337078761582,0.287489140911,1.66398724218,88.0265869292,31.9253947854,671.048580274
NASDAQ100_extended,250,50,TQQQ_SMA_TO_TBILL,1986-09-25,1986-09-26,2026-09-02,10060,0.217037257273,-0.886621677766,2551.42794455,39.9370294319,0.55793857679,0.580084094335,5226,2000-03-27,2003-04-09,2014-07-18,True,4118,5226,2000,-0.743499133186,1999,4.23507200311,-0.845678634611,-0.301645500035,-0.112580988552,0.77972166998,0,0.22027833002,237,5.93434222253,65.9159663866,0.275736728042,0.189400009469,18.6218487395,0.0320870880394,0.00701941809669,0.0497686071301,0.157752364976,0.208007497927,0.248951925012,0.300198117685,0.297529868421,2.64162779044,81.0134989295,43.8032290947,788.483270092
common,150,100,SP500_1X,1986-09-25,1986-09-26,2026-09-02,10060,0.112646685389,-0.552502410697,71.0185817948,39.9370294319,0.183471450391,0.503352307643,2243,2007-10-09,2009-03-09,2012-04-02,True,1120,1637,2008,-0.369976111327,1995,0.375762011774,-0.475191448321,-0.0819882366922,-0.0456206317854,,,,,,,,,,,,0.0478816333553,0.0933527571049,0.0878386329462,0.103071862813,0.122604304174,0.110747605128,2.54826487138,14.5499731976,5.38753021325,18.9771505948
common,150,100,SSO_ALWAYS,1986-09-25,1986-09-26,2026-09-02,10060,0.135060528239,-0.888997281567,157.505699709,39.9370294319,0.366953256477,0.446634024697,5387,2000-03-23,2009-03-09,2014-12-22,True,2114,5387,2008,-0.678149534838,1995,0.740032014357,-0.779687266654,-0.239816256731,-0.176031690714,1,0,0,0,0,10060,0.135060528239,0.126685978357,,,0,0.018096585587,0.0954487526238,0.0848419463738,0.12260472405,0.152943681983,0.139251590364,1.43146132531,15.4104795575,5.09774521756,32.1377342927
common,150,100,SSO_SMA_TO_SP500,1986-09-25,1986-09-26,2026-09-02,10060,0.140295810914,-0.690754892077,189.282615513,39.9370294319,0.273385622293,0.50343123429,5004,1999-07-16,2009-03-09,2013-03-28,True,1480,5004,2008,-0.415469837525,1995,0.740032014357,-0.520542700745,-0.138460636224,-0.0949530579532,0.768290258449,0.231709741551,0,347,8.68867827518,44.4195402299,0.144048192451,0.10332609895,13.3965517241,0.127974998824,0.0279616130537,0.0434839345577,0.10964228141,0.104936157648,0.126399291335,0.157850710222,0.144093922137,2.34269279249,22.6752325417,7.35793003349,35.5445314429
common,150,100,SSO_SMA_TO_TBILL,1986-09-25,1986-09-26,2026-09-02,10060,0.116406434621,-0.584125529484,81.2609395075,39.9370294319,0.234077832222,0.454449128778,4302,1999-07-16,2003-04-11,2011-04-26,True,2937,4302,2000,-0.33926734417,1995,0.740032014357,-0.403201548052,-0.100068915965,-0.063286473008,0.768290258449,0,0.231709741551,347,8.68867827518,44.4195402299,0.144048192451,0.10332609895,13.3965517241,0.0296697467808,0.00678888743672,0.0298429775784,0.0854892265753,0.0896487788562,0.101834827853,0.131149997765,0.118967693631,1.80061240734,11.7169423343,5.5684063853,18.344255913
common,150,100,UPRO_ALWAYS,1986-09-25,1986-09-26,2026-09-02,10060,0.125658864286,-0.983579676624,112.988621813,39.9370294319,0.550437469947,0.443190669809,7211,2000-03-23,2009-03-09,2019-12-20,True,3938,7211,2008,-0.861211507194,1995,1.20553713297,-0.923522626581,-0.397795357378,-0.31636020298,1,0,0,0,0,10060,0.125658864286,0.118368521369,,,0,-0.0416612350923,0.0665675593926,0.0501855638673,0.113064361301,0.156168755633,0.139884555927,0.42695402809,6.91336388781,2.66269168005,24.8774224733
common,150,100,UPRO_SMA_TO_SP500,1986-09-25,1986-09-26,2026-09-02,10060,0.159896445949,-0.840226291277,373.862747827,39.9370294319,0.378436176442,0.500602597107,5275,1999-07-16,2009-03-09,2013-12-24,True,1751,5275,2000,-0.471526061564,1995,1.20553713297,-0.586433348661,-0.196250236743,-0.147449684208,0.768290258449,0.231709741551,0,347,8.68867827518,44.4195402299,0.169726578724,0.120369117346,13.3965517241,0.127974998824,0.0279616130537,0.0328242138359,0.117311237489,0.112031406626,0.141339306627,0.194943922529,0.169194433237,1.90777969478,27.896822354,8.36384488886,52.7889759713
common,150,100,UPRO_SMA_TO_TBILL,1986-09-25,1986-09-26,2026-09-02,10060,0.135596433275,-0.767106753097,160.503055459,39.9370294319,0.351111847287,0.450540693153,5345,1999-07-16,2003-04-11,2014-03-04,True,3980,5345,2000,-0.502405479841,1995,1.20553713297,-0.554466358823,-0.183481469147,-0.123075049552,0.768290258449,0,0.231709741551,347,8.68867827518,44.4195402299,0.169726578724,0.120369117346,13.3965517241,0.0296697467808,0.00678888743672,0.0150923821576,0.0926450777854,0.0962702799155,0.116594680894,0.167387818969,0.143516955253,1.34930885908,14.2700693773,6.2856878573,27.3654922723
common,150,100,NASDAQ100_1X,1986-09-25,1986-09-26,2026-09-02,10060,0.149246346082,-0.828728190357,258.655082067,39.9370294319,0.260598345192,0.543846084633,5357,2000-03-27,2002-10-07,2014-11-26,True,4433,5357,2008,-0.415734769887,1999,1.02066439534,-0.696996006051,-0.205944836372,-0.0811562162528,,,,,,,,,,,,0.0368898080802,0.122827454404,0.118190188506,0.138755042789,0.170315238805,0.154863024271,2.06372637018,32.3191229931,9.3392843764,49.3071368262
common,150,100,TQQQ_ALWAYS,1986-09-25,1986-09-26,2026-09-02,10060,0.123047677841,-0.999833067993,102.980302763,39.9370294319,0.781897767952,0.502381209685,9655,2000-03-27,2009-03-09,,False,,,2000,-0.917998932107,1999,4.18255122569,-0.991922297558,-0.725579712986,-0.504822912565,1,0,0,0,0,10060,0.123047677841,0.116046130635,,,0,-0.173755986429,0.0291207219992,-0.0265087775523,0.087544346258,0.290874499469,0.136071374715,0.0219870274074,2.36595651346,0.584307478013,12.4011407645
common,150,100,TQQQ_SMA_TO_NASDAQ,1986-09-25,1986-09-26,2026-09-02,10060,0.214783278499,-0.99145604938,2369.36119321,39.9370294319,0.562121855882,0.574920621058,7463,2000-03-27,2008-11-20,2020-09-01,True,4303,7463,2000,-0.86281989267,1999,4.18255122569,-0.940164555823,-0.562815905123,-0.295712813672,0.744035785288,0.255964214712,0,313,7.83733804072,47.6751592357,0.248855258082,0.1652194065,16.4012738854,0.121197347422,0.0293462827763,-0.0439703025464,0.128212164401,0.0873522230979,0.173444924172,0.359603727039,0.214595106641,0.406843762718,37.307406446,5.33964504203,121.354861235
common,150,100,TQQQ_SMA_TO_TBILL,1986-09-25,1986-09-26,2026-09-02,10060,0.189889228874,-0.988586312401,1036.35044786,39.9370294319,0.528337314809,0.537678618454,7627,2000-03-27,2003-03-31,2021-02-12,True,6528,7627,2000,-0.867545289271,1999,4.18255122569,-0.920153569638,-0.551439321605,-0.270600162055,0.744035785288,0,0.255964214712,313,7.83733804072,47.6751592357,0.248855258082,0.1652194065,16.4012738854,0.0342571731526,0.0086408113109,-0.0550455976751,0.105321949707,0.0632871581936,0.141461880917,0.334900856027,0.185015929131,0.322267902758,20.1708112471,3.41204435954,52.9664625375
common,200,100,SP500_1X,1986-09-25,1986-09-26,2026-09-02,10060,0.112646685389,-0.552502410697,71.0185817948,39.9370294319,0.183471450391,0.503352307643,2243,2007-10-09,2009-03-09,2012-04-02,True,1120,1637,2008,-0.369976111327,1995,0.375762011774,-0.475191448321,-0.0819882366922,-0.0456206317854,,,,,,,,,,,,0.0478816333553,0.0933527571049,0.0878386329462,0.103071862813,0.122604304174,0.110747605128,2.54826487138,14.5499731976,5.38753021325,18.9771505948
common,200,100,SSO_ALWAYS,1986-09-25,1986-09-26,2026-09-02,10060,0.135060528239,-0.888997281567,157.505699709,39.9370294319,0.366953256477,0.446634024697,5387,2000-03-23,2009-03-09,2014-12-22,True,2114,5387,2008,-0.678149534838,1995,0.740032014357,-0.779687266654,-0.239816256731,-0.176031690714,1,0,0,0,0,10060,0.135060528239,0.126685978357,,,0,0.018096585587,0.0954487526238,0.0848419463738,0.12260472405,0.152943681983,0.139251590364,1.43146132531,15.4104795575,5.09774521756,32.1377342927
common,200,100,SSO_SMA_TO_SP500,1986-09-25,1986-09-26,2026-09-02,10060,0.153491343244,-0.626256697646,299.687414082,39.9370294319,0.275431640311,0.543539005243,2667,2007-07-13,2009-03-09,2012-09-13,True,1284,1889,2008,-0.374827596761,1995,0.740032014357,-0.486920968877,-0.124506341711,-0.0761239185935,0.782007952286,0.217992047714,0,230,5.7590662919,67.8189655172,0.177440546476,0.127599513537,19.0695652174,0.071900757669,0.0151937802938,0.0573427207384,0.121488071124,0.11885843209,0.141880332914,0.167319855974,0.160514761737,3.05011065065,31.182283832,9.45155312561,53.562015119
common,200,100,SSO_SMA_TO_TBILL,1986-09-25,1986-09-26,2026-09-02,10060,0.143166508682,-0.45263198489,209.276522663,39.9370294319,0.237244256919,0.551451444193,2848,1999-07-16,2003-04-16,2007-05-03,True,1478,2848,2000,-0.289137277773,1995,0.740032014357,-0.334974855985,-0.054373553983,-0.0327066184358,0.782007952286,0,0.217992047714,230,5.7590662919,67.8189655172,0.177440546476,0.127599513537,19.0695652174,0.0287502763441,0.0062025375529,0.0622931465468,0.116755696019,0.117028478175,0.133457873865,0.150172652701,0.152140583077,3.34878751732,27.4835952428,9.14713211285,42.8808777284
common,200,100,UPRO_ALWAYS,1986-09-25,1986-09-26,2026-09-02,10060,0.125658864286,-0.983579676624,112.988621813,39.9370294319,0.550437469947,0.443190669809,7211,2000-03-23,2009-03-09,2019-12-20,True,3938,7211,2008,-0.861211507194,1995,1.20553713297,-0.923522626581,-0.397795357378,-0.31636020298,1,0,0,0,0,10060,0.125658864286,0.118368521369,,,0,-0.0416612350923,0.0665675593926,0.0501855638673,0.113064361301,0.156168755633,0.139884555927,0.42695402809,6.91336388781,2.66269168005,24.8774224733
common,200,100,UPRO_SMA_TO_SP500,1986-09-25,1986-09-26,2026-09-02,10060,0.186579591908,-0.758921315079,927.249200178,39.9370294319,0.382371612762,0.558919519421,5051,1999-07-16,2009-03-09,2013-05-14,True,1527,5051,2000,-0.434434509277,1995,1.20553713297,-0.539541631494,-0.167695215999,-0.114179329841,0.782007952286,0.217992047714,0,230,5.7590662919,67.8189655172,0.220849531934,0.155881095604,19.0695652174,0.071900757669,0.0151937802938,0.0604160608963,0.141929227244,0.140223964346,0.172962715988,0.214420472697,0.20266840154,3.23240624647,53.6110810533,13.7976390658,119.793462901
common,200,100,UPRO_SMA_TO_TBILL,1986-09-25,1986-09-26,2026-09-02,10060,0.175958586338,-0.648212259655,647.512972307,39.9370294319,0.355864992563,0.547496795005,3917,1999-07-16,2003-04-16,2010-04-06,True,2547,3917,2000,-0.44667770925,1995,1.20553713297,-0.48677599398,-0.12124403106,-0.0793735780402,0.782007952286,0,0.217992047714,230,5.7590662919,67.8189655172,0.220849531934,0.155881095604,19.0695652174,0.0287502763441,0.0062025375529,0.0653808759298,0.138384528934,0.139320321028,0.164815939618,0.196581390634,0.193990045697,3.54893409745,48.871404912,13.580550304,97.2335505667
common,200,100,NASDAQ100_1X,1986-09-25,1986-09-26,2026-09-02,10060,0.149246346082,-0.828728190357,258.655082067,39.9370294319,0.260598345192,0.543846084633,5357,2000-03-27,2002-10-07,2014-11-26,True,4433,5357,2008,-0.415734769887,1999,1.02066439534,-0.696996006051,-0.205944836372,-0.0811562162528,,,,,,,,,,,,0.0368898080802,0.122827454404,0.118190188506,0.138755042789,0.170315238805,0.154863024271,2.06372637018,32.3191229931,9.3392843764,49.3071368262
common,200,100,TQQQ_ALWAYS,1986-09-25,1986-09-26,2026-09-02,10060,0.123047677841,-0.999833067993,102.980302763,39.9370294319,0.781897767952,0.502381209685,9655,2000-03-27,2009-03-09,,False,,,2000,-0.917998932107,1999,4.18255122569,-0.991922297558,-0.725579712986,-0.504822912565,1,0,0,0,0,10060,0.123047677841,0.116046130635,,,0,-0.173755986429,0.0291207219992,-0.0265087775523,0.087544346258,0.290874499469,0.136071374715,0.0219870274074,2.36595651346,0.584307478013,12.4011407645
common,200,100,TQQQ_SMA_TO_NASDAQ,1986-09-25,1986-09-26,2026-09-02,10060,0.212592881083,-0.979549081005,2204.59586058,39.9370294319,0.575520704844,0.571209183682,7408,2000-03-27,2008-11-20,2020-07-08,True,4248,7408,2000,-0.811230519993,1999,4.18255122569,-0.917787459751,-0.474222168185,-0.244177917441,0.759343936382,0.240656063618,0,273,6.8357612943,55.7591240876,0.245752082965,0.166337340691,17.6715328467,0.114859174136,0.0264236031602,-0.0274643840778,0.13988828084,0.126484065866,0.19087726948,0.315801364486,0.234554413768,0.572941522713,50.8096848966,10.830355324,188.893940172
common,200,100,TQQQ_SMA_TO_TBILL,1986-09-25,1986-09-26,2026-09-02,10060,0.190235689162,-0.956304169753,1048.47018714,39.9370294319,0.544323009758,0.53769880247,7434,2000-03-27,2003-03-31,2020-08-03,True,6335,7434,2000,-0.770684771528,1999,4.18255122569,-0.861712075914,-0.407109138176,-0.189101700976,0.759343936382,0,0.240656063618,273,6.8357612943,55.7591240876,0.245752082965,0.166337340691,17.6715328467,0.0326756397016,0.00781400494143,-0.0289325360781,0.126303798913,0.123419981502,0.171527459634,0.272830164674,0.221159915957,0.555888977214,35.4598734263,10.2528170111,115.536704581
common,250,100,SP500_1X,1986-09-25,1986-09-26,2026-09-02,10060,0.112646685389,-0.552502410697,71.0185817948,39.9370294319,0.183471450391,0.503352307643,2243,2007-10-09,2009-03-09,2012-04-02,True,1120,1637,2008,-0.369976111327,1995,0.375762011774,-0.475191448321,-0.0819882366922,-0.0456206317854,,,,,,,,,,,,0.0478816333553,0.0933527571049,0.0878386329462,0.103071862813,0.122604304174,0.110747605128,2.54826487138,14.5499731976,5.38753021325,18.9771505948
common,250,100,SSO_ALWAYS,1986-09-25,1986-09-26,2026-09-02,10060,0.135060528239,-0.888997281567,157.505699709,39.9370294319,0.366953256477,0.446634024697,5387,2000-03-23,2009-03-09,2014-12-22,True,2114,5387,2008,-0.678149534838,1995,0.740032014357,-0.779687266654,-0.239816256731,-0.176031690714,1,0,0,0,0,10060,0.135060528239,0.126685978357,,,0,0.018096585587,0.0954487526238,0.0848419463738,0.12260472405,0.152943681983,0.139251590364,1.43146132531,15.4104795575,5.09774521756,32.1377342927
common,250,100,SSO_SMA_TO_SP500,1986-09-25,1986-09-26,2026-09-02,10060,0.147692600061,-0.631790957158,245.05073401,39.9370294319,0.278965269832,0.522120266869,2581,2007-07-13,2009-03-09,2013-02-19,True,1443,2048,2008,-0.379246071854,1995,0.740032014357,-0.509323509087,-0.120740212186,-0.0658399629253,0.797514910537,0.202485089463,0,216,5.40851443066,73.6055045872,0.161303241506,0.119095042685,18.8611111111,0.0959702021541,0.0186584493735,0.0561131901954,0.116221300602,0.119337176758,0.137788143825,0.156516404507,0.158238186898,2.97995245144,27.0753787607,9.53308842435,48.0749539415
common,250,100,SSO_SMA_TO_TBILL,1986-09-25,1986-09-26,2026-09-02,10060,0.132814486486,-0.434218125151,145.526256032,39.9370294319,0.242692876624,0.506997597659,1369,1987-08-25,1988-11-16,1989-10-09,True,327,776,2011,-0.320845486383,1995,0.740032014357,-0.408220817411,-0.0700291450466,-0.00367678896217,0.797514910537,0,0.202485089463,216,5.40851443066,73.6055045872,0.161303241506,0.119095042685,18.8611111111,0.0279372789298,0.00561018940142,0.0607314905124,0.108877804025,0.112284538837,0.127646946714,0.147717529022,0.148608401067,3.25169080994,22.2112068244,8.40075326631,36.7628454539
common,250,100,UPRO_ALWAYS,1986-09-25,1986-09-26,2026-09-02,10060,0.125658864286,-0.983579676624,112.988621813,39.9370294319,0.550437469947,0.443190669809,7211,2000-03-23,2009-03-09,2019-12-20,True,3938,7211,2008,-0.861211507194,1995,1.20553713297,-0.923522626581,-0.397795357378,-0.31636020298,1,0,0,0,0,10060,0.125658864286,0.118368521369,,,0,-0.0416612350923,0.0665675593926,0.0501855638673,0.113064361301,0.156168755633,0.139884555927,0.42695402809,6.91336388781,2.66269168005,24.8774224733
common,250,100,UPRO_SMA_TO_SP500,1986-09-25,1986-09-26,2026-09-02,10060,0.174045066871,-0.704259732429,606.740007515,39.9370294319,0.389142408064,0.528686880917,2880,2007-07-13,2009-03-09,2013-05-03,True,1516,2121,2022,-0.424955392226,1995,1.20553713297,-0.579403760217,-0.161065766028,-0.092235397484,0.797514910537,0.202485089463,0,216,5.40851443066,73.6055045872,0.19488311087,0.141796658749,18.8611111111,0.0959702021541,0.0186584493735,0.0574198800133,0.130775579235,0.142237371164,0.165258640292,0.191095796284,0.197352610441,3.05456535673,39.9361034838,14.2936409373,98.3767216079
common,250,100,UPRO_SMA_TO_TBILL,1986-09-25,1986-09-26,2026-09-02,10060,0.158825333079,-0.601636733204,360.319678433,39.9370294319,0.364034076803,0.50304093617,1942,1987-08-25,1988-11-16,1992-12-18,True,1493,1942,2011,-0.455574569902,1995,1.20553713297,-0.567562890585,-0.128785379279,-0.0378757458086,0.797514910537,0,0.202485089463,216,5.40851443066,73.6055045872,0.19488311087,0.141796658749,18.8611111111,0.0279372789298,0.00561018940142,0.0620438943826,0.123336331668,0.132547951779,0.15477255449,0.183784867755,0.187397620756,3.33310757829,32.7614642837,12.0602021185,75.0168311622
common,250,100,NASDAQ100_1X,1986-09-25,1986-09-26,2026-09-02,10060,0.149246346082,-0.828728190357,258.655082067,39.9370294319,0.260598345192,0.543846084633,5357,2000-03-27,2002-10-07,2014-11-26,True,4433,5357,2008,-0.415734769887,1999,1.02066439534,-0.696996006051,-0.205944836372,-0.0811562162528,,,,,,,,,,,,0.0368898080802,0.122827454404,0.118190188506,0.138755042789,0.170315238805,0.154863024271,2.06372637018,32.3191229931,9.3392843764,49.3071368262
common,250,100,TQQQ_ALWAYS,1986-09-25,1986-09-26,2026-09-02,10060,0.123047677841,-0.999833067993,102.980302763,39.9370294319,0.781897767952,0.502381209685,9655,2000-03-27,2009-03-09,,False,,,2000,-0.917998932107,1999,4.18255122569,-0.991922297558,-0.725579712986,-0.504822912565,1,0,0,0,0,10060,0.123047677841,0.116046130635,,,0,-0.173755986429,0.0291207219992,-0.0265087775523,0.087544346258,0.290874499469,0.136071374715,0.0219870274074,2.36595651346,0.584307478013,12.4011407645
common,250,100,TQQQ_SMA_TO_NASDAQ,1986-09-25,1986-09-26,2026-09-02,10060,0.221503791733,-0.963407368585,2953.3910942,39.9370294319,0.587001583773,0.585851597521,6412,2000-03-27,2008-11-20,2017-10-16,True,3252,6412,2000,-0.80225653826,1999,4.18255122569,-0.91389819804,-0.416311870193,-0.200783234246,0.77972166998,0.22027833002,0,237,5.93434222253,65.9159663866,0.262858776767,0.181509128192,18.6218487395,0.0871609730491,0.0185735876803,0.0182173476073,0.152022524462,0.18012509244,0.232548470624,0.326084539594,0.27730793486,1.43486102425,69.8092949313,27.4645934684,530.001379816
common,250,100,TQQQ_SMA_TO_TBILL,1986-09-25,1986-09-26,2026-09-02,10060,0.207471551326,-0.887262606384,1861.74612251,39.9370294319,0.55793348315,0.565940671778,5265,2000-03-27,2003-04-09,2014-08-26,True,4157,5265,2000,-0.745415915498,1999,4.18255122569,-0.846462768478,-0.304848650931,-0.117595231696,0.77972166998,0,0.22027833002,237,5.93434222253,65.9159663866,0.262858776767,0.181509128192,18.6218487395,0.0320870880394,0.00701941809669,0.0420212450182,0.148838927636,0.198574181508,0.239070425251,0.289507149325,0.28726926231,2.27788330402,64.2475806171,37.4462728568,621.25802593
SP500_extended,150,100,SP500_1X,1980-12-26,1980-12-29,2026-09-02,11513,0.111624959035,-0.552502410697,125.761670439,45.6837782341,0.179082128204,0.457736057466,2243,2007-10-09,2009-03-09,2012-04-02,True,1120,1637,2008,-0.369976111327,1995,0.375762011774,-0.475191448321,-0.0819882366922,-0.0456206317854,,,,,,,,,,,,0.0478816333553,0.0933527571049,0.0952959994462,0.102195711929,0.145695416256,0.110747605128,2.54826487138,14.5499731976,6.17490141593,18.5276083362
SP500_extended,150,100,SSO_ALWAYS,1980-12-26,1980-12-29,2026-09-02,11513,0.124196552914,-0.888997281567,210.216132493,45.6837782341,0.358229915292,0.397251205814,5387,2000-03-23,2009-03-09,2014-12-22,True,2114,5387,2008,-0.678149534838,1995,0.740032014357,-0.779687266654,-0.239816256731,-0.176031690714,1,0,0,0,0,11513,0.124196552914,0.117068605324,,,0,0.018096585587,0.0777755437896,0.103249088447,0.11497025899,0.166450758278,0.139251590364,1.43146132531,9.45812849978,7.14011511241,26.1874126279
SP500_extended,150,100,SSO_SMA_TO_SP500,1980-12-26,1980-12-29,2026-09-02,11513,0.133967500878,-0.690754892077,312.149085902,45.6837782341,0.270707564139,0.453061138299,5004,1999-07-16,2009-03-09,2013-03-28,True,1480,5004,2008,-0.415469837525,1995,0.740032014357,-0.520542700745,-0.138460636224,-0.0949530579532,0.755841222965,0.244158777035,0,396,8.66828478964,43.7286432161,0.139720486965,0.0988436405627,14.196969697,0.116346944087,0.0268789054947,0.0434839345577,0.106220988043,0.11740253737,0.123625842228,0.171009394643,0.144093922137,2.34269279249,20.663163054,9.20858845603,33.0051926189
SP500_extended,150,100,SSO_SMA_TO_TBILL,1980-12-26,1980-12-29,2026-09-02,11513,0.115996666036,-0.584125529484,150.460057926,45.6837782341,0.234436540091,0.415611717998,4302,1999-07-16,2003-04-11,2011-04-26,True,2937,4302,2000,-0.33926734417,1995,0.740032014357,-0.403201548052,-0.100068915965,-0.063286473008,0.755841222965,0,0.244158777035,396,8.66828478964,43.7286432161,0.139720486965,0.0988436405627,14.196969697,0.0456616426476,0.0109042359688,0.0298429775784,0.0854892265753,0.0940941836794,0.103396852834,0.157759290814,0.119989071806,1.80061240734,11.7169423343,6.0407962225,19.1430319309
SP500_extended,150,100,UPRO_ALWAYS,1980-12-26,1980-12-29,2026-09-02,11513,0.107357019965,-0.983579676624,105.494005464,45.6837782341,0.537382965973,0.392920902264,7211,2000-03-23,2009-03-09,2019-12-20,True,3938,7211,2008,-0.861211507194,1995,1.20553713297,-0.923522626581,-0.397795357378,-0.31636020298,1,0,0,0,0,11513,0.107357019965,0.101976112991,,,0,-0.0416612350923,0.0290917438347,0.0765552635801,0.100001626209,0.162167320265,0.139884555927,0.42695402809,2.36377301491,4.37246733392,17.4524531389
SP500_extended,150,100,UPRO_SMA_TO_SP500,1980-12-26,1980-12-29,2026-09-02,11513,0.147948813809,-0.840226291277,546.370547584,45.6837782341,0.37681261359,0.450500039202,5275,1999-07-16,2009-03-09,2013-12-24,True,1751,5275,1981,-0.47216255182,1995,1.20553713297,-0.586433348661,-0.196250236743,-0.147449684208,0.755841222965,0.244158777035,0,396,8.66828478964,43.7286432161,0.158350377087,0.111097804134,14.196969697,0.116346944087,0.0268789054947,0.0328242138359,0.106637477535,0.124178165475,0.136454315852,0.194943922529,0.169194433237,1.90777969478,20.8978198022,10.3920904422,46.412559053
SP500_extended,150,100,UPRO_SMA_TO_TBILL,1980-12-26,1980-12-29,2026-09-02,11513,0.129756406597,-0.767106753097,263.357952823,45.6837782341,0.351674683788,0.41100366557,5345,1999-07-16,2003-04-11,2014-03-04,True,3980,5345,2000,-0.502405479841,1995,1.20553713297,-0.554466358823,-0.183481469147,-0.123075049552,0.755841222965,0,0.244158777035,396,8.66828478964,43.7286432161,0.158350377087,0.111097804134,14.196969697,0.0456616426476,0.0109042359688,0.0150923821576,0.0926450777854,0.106784820825,0.117164192241,0.176157499635,0.143516955253,1.34930885908,14.2700693773,7.60788407088,27.7784378024
SP500_extended,200,100,SP500_1X,1980-12-26,1980-12-29,2026-09-02,11513,0.111624959035,-0.552502410697,125.761670439,45.6837782341,0.179082128204,0.457736057466,2243,2007-10-09,2009-03-09,2012-04-02,True,1120,1637,2008,-0.369976111327,1995,0.375762011774,-0.475191448321,-0.0819882366922,-0.0456206317854,,,,,,,,,,,,0.0478816333553,0.0933527571049,0.0952959994462,0.102195711929,0.145695416256,0.110747605128,2.54826487138,14.5499731976,6.17490141593,18.5276083362
SP500_extended,200,100,SSO_ALWAYS,1980-12-26,1980-12-29,2026-09-02,11513,0.124196552914,-0.888997281567,210.216132493,45.6837782341,0.358229915292,0.397251205814,5387,2000-03-23,2009-03-09,2014-12-22,True,2114,5387,2008,-0.678149534838,1995,0.740032014357,-0.779687266654,-0.239816256731,-0.176031690714,1,0,0,0,0,11513,0.124196552914,0.117068605324,,,0,0.018096585587,0.0777755437896,0.103249088447,0.11497025899,0.166450758278,0.139251590364,1.43146132531,9.45812849978,7.14011511241,26.1874126279
SP500_extended,200,100,SSO_SMA_TO_SP500,1980-12-26,1980-12-29,2026-09-02,11513,0.148814062723,-0.626256697646,565.504291886,45.6837782341,0.273107752808,0.499110385888,2667,2007-07-13,2009-03-09,2012-09-13,True,1284,1889,2008,-0.374827596761,1995,0.740032014357,-0.486920968877,-0.124506341711,-0.0761239185935,0.773647181447,0.226352818553,0,254,5.55996044588,69.5859375,0.178325226171,0.126851863169,20.5196850394,0.0537310820366,0.0118782972966,0.0573427207384,0.120547486719,0.130803283428,0.137854520495,0.188468561367,0.160514761737,3.05011065065,30.40714478,11.6880272899,48.176196819
SP500_extended,200,100,SSO_SMA_TO_TBILL,1980-12-26,1980-12-29,2026-09-02,11513,0.146369404245,-0.45263198489,513.063660692,45.6837782341,0.238111564583,0.525651085236,2848,1999-07-16,2003-04-16,2007-05-03,True,1478,2848,2000,-0.289137277773,1995,0.740032014357,-0.334974855985,-0.054373553983,-0.0327066184358,0.773647181447,0,0.226352818553,254,5.55996044588,69.5859375,0.178325226171,0.126851863169,20.5196850394,0.0438868670443,0.00974804545566,0.0622931465468,0.116728159061,0.121910044872,0.134596467146,0.195406318761,0.152140583077,3.34878751732,27.4466696862,9.98069372577,44.1893773479
SP500_extended,200,100,UPRO_ALWAYS,1980-12-26,1980-12-29,2026-09-02,11513,0.107357019965,-0.983579676624,105.494005464,45.6837782341,0.537382965973,0.392920902264,7211,2000-03-23,2009-03-09,2019-12-20,True,3938,7211,2008,-0.861211507194,1995,1.20553713297,-0.923522626581,-0.397795357378,-0.31636020298,1,0,0,0,0,11513,0.107357019965,0.101976112991,,,0,-0.0416612350923,0.0290917438347,0.0765552635801,0.100001626209,0.162167320265,0.139884555927,0.42695402809,2.36377301491,4.37246733392,17.4524531389
SP500_extended,200,100,UPRO_SMA_TO_SP500,1980-12-26,1980-12-29,2026-09-02,11513,0.177861024646,-0.758921315079,1769.47679085,45.6837782341,0.381400531953,0.517119939362,5051,1999-07-16,2009-03-09,2013-05-14,True,1527,5051,2000,-0.434434509277,1995,1.20553713297,-0.539541631494,-0.167695215999,-0.114179329841,0.773647181447,0.226352818553,0,254,5.55996044588,69.5859375,0.217007484797,0.15182180529,20.5196850394,0.0537310820366,0.0118782972966,0.0604160608963,0.13708238644,0.152042965166,0.1653535994,0.224004980153,0.20266840154,3.23240624647,47.1717071974,16.9579568538,98.6703196976
SP500_extended,200,100,UPRO_SMA_TO_TBILL,1980-12-26,1980-12-29,2026-09-02,11513,0.175354554684,-0.648212259655,1605.38877043,45.6837782341,0.357184873266,0.520965122627,3917,1999-07-16,2003-04-16,2010-04-06,True,2547,3917,2000,-0.44667770925,1995,1.20553713297,-0.48677599398,-0.12124403106,-0.0793735780402,0.773647181447,0,0.226352818553,254,5.55996044588,69.5859375,0.217007484797,0.15182180529,20.5196850394,0.0438868670443,0.00974804545566,0.0653808759298,0.133572328388,0.146937236385,0.162091247037,0.232632616829,0.193990045697,3.54893409745,43.0082341409,15.5164746005,90.6350566978
SP500_extended,250,100,SP500_1X,1980-12-26,1980-12-29,2026-09-02,11513,0.111624959035,-0.552502410697,125.761670439,45.6837782341,0.179082128204,0.457736057466,2243,2007-10-09,2009-03-09,2012-04-02,True,1120,1637,2008,-0.369976111327,1995,0.375762011774,-0.475191448321,-0.0819882366922,-0.0456206317854,,,,,,,,,,,,0.0478816333553,0.0933527571049,0.0952959994462,0.102195711929,0.145695416256,0.110747605128,2.54826487138,14.5499731976,6.17490141593,18.5276083362
SP500_extended,250,100,SSO_ALWAYS,1980-12-26,1980-12-29,2026-09-02,11513,0.124196552914,-0.888997281567,210.216132493,45.6837782341,0.358229915292,0.397251205814,5387,2000-03-23,2009-03-09,2014-12-22,True,2114,5387,2008,-0.678149534838,1995,0.740032014357,-0.779687266654,-0.239816256731,-0.176031690714,1,0,0,0,0,11513,0.124196552914,0.117068605324,,,0,0.018096585587,0.0777755437896,0.103249088447,0.11497025899,0.166450758278,0.139251590364,1.43146132531,9.45812849978,7.14011511241,26.1874126279
SP500_extended,250,100,SSO_SMA_TO_SP500,1980-12-26,1980-12-29,2026-09-02,11513,0.142346367937,-0.631790957158,436.940312835,45.6837782341,0.276174532658,0.476205763837,2581,2007-07-13,2009-03-09,2013-02-19,True,1443,2048,2008,-0.379246071854,1995,0.740032014357,-0.509323509087,-0.120740212186,-0.0658399629253,0.789021106575,0.210978893425,0,234,5.12216828479,76.9830508475,0.16035889799,0.117184753198,20.7606837607,0.0778463591977,0.0158996114693,0.0561131901954,0.115210214788,0.128580215294,0.134282067325,0.181354481838,0.158238186898,2.97995245144,26.3491729959,11.2369552419,43.8386033069
SP500_extended,250,100,SSO_SMA_TO_TBILL,1980-12-26,1980-12-29,2026-09-02,11513,0.134523033838,-0.434218125151,319.21217517,45.6837782341,0.242785959573,0.477408898197,1369,1987-08-25,1988-11-16,1989-10-09,True,327,776,2011,-0.320845486383,1995,0.740032014357,-0.408220817411,-0.0700291450466,-0.00367678896217,0.789021106575,0,0.210978893425,234,5.12216828479,76.9830508475,0.16035889799,0.117184753198,20.7606837607,0.0434828722038,0.00902757490865,0.0607314905124,0.107060727274,0.119830827349,0.127906183645,0.179526255304,0.148608401067,3.25169080994,21.1448108098,9.61719399648,37.0050407784
SP500_extended,250,100,UPRO_ALWAYS,1980-12-26,1980-12-29,2026-09-02,11513,0.107357019965,-0.983579676624,105.494005464,45.6837782341,0.537382965973,0.392920902264,7211,2000-03-23,2009-03-09,2019-12-20,True,3938,7211,2008,-0.861211507194,1995,1.20553713297,-0.923522626581,-0.397795357378,-0.31636020298,1,0,0,0,0,11513,0.107357019965,0.101976112991,,,0,-0.0416612350923,0.0290917438347,0.0765552635801,0.100001626209,0.162167320265,0.139884555927,0.42695402809,2.36377301491,4.37246733392,17.4524531389
SP500_extended,250,100,UPRO_SMA_TO_SP500,1980-12-26,1980-12-29,2026-09-02,11513,0.1641082972,-0.704259732429,1034.73026231,45.6837782341,0.387245950542,0.48487278701,2880,2007-07-13,2009-03-09,2013-05-03,True,1516,2121,2022,-0.424955392226,1995,1.20553713297,-0.579403760217,-0.161065766028,-0.092235397484,0.789021106575,0.210978893425,0,234,5.12216828479,76.9830508475,0.188485969016,0.136055772344,20.7606837607,0.0778463591977,0.0158996114693,0.0574198800133,0.126178061622,0.150195194652,0.158664454892,0.209113151587,0.197352610441,3.05456535673,35.34130094,16.4221863867,82.9503216304
SP500_extended,250,100,UPRO_SMA_TO_TBILL,1980-12-26,1980-12-29,2026-09-02,11513,0.156135927006,-0.601636733204,755.935051182,45.6837782341,0.364196443442,0.472698566856,1942,1987-08-25,1988-11-16,1992-12-18,True,1493,1942,2011,-0.455574569902,1995,1.20553713297,-0.567562890585,-0.128785379279,-0.0378757458086,0.789021106575,0,0.210978893425,234,5.12216828479,76.9830508475,0.188485969016,0.136055772344,20.7606837607,0.0434828722038,0.00902757490865,0.0620438943826,0.117948425693,0.140423858329,0.15152917823,0.208439950741,0.187397620756,3.33310757829,28.3608568006,13.8560156915,68.8913231168
NASDAQ100_extended,150,100,NASDAQ100_1X,1986-09-25,1986-09-26,2026-09-02,10060,0.149246346082,-0.828728190357,258.655082067,39.9370294319,0.260598345192,0.543846084633,5357,2000-03-27,2002-10-07,2014-11-26,True,4433,5357,2008,-0.415734769887,1999,1.02066439534,-0.696996006051,-0.205944836372,-0.0811562162528,,,,,,,,,,,,0.0368898080802,0.122827454404,0.118190188506,0.138755042789,0.170315238805,0.154863024271,2.06372637018,32.3191229931,9.3392843764,49.3071368262
NASDAQ100_extended,150,100,TQQQ_ALWAYS,1986-09-25,1986-09-26,2026-09-02,10060,0.123047677841,-0.999833067993,102.980302763,39.9370294319,0.781897767952,0.502381209685,9655,2000-03-27,2009-03-09,,False,,,2000,-0.917998932107,1999,4.18255122569,-0.991922297558,-0.725579712986,-0.504822912565,1,0,0,0,0,10060,0.123047677841,0.116046130635,,,0,-0.173755986429,0.0291207219992,-0.0265087775523,0.087544346258,0.290874499469,0.136071374715,0.0219870274074,2.36595651346,0.584307478013,12.4011407645
NASDAQ100_extended,150,100,TQQQ_SMA_TO_NASDAQ,1986-09-25,1986-09-26,2026-09-02,10060,0.214783278499,-0.99145604938,2369.36119321,39.9370294319,0.562121855882,0.574920621058,7463,2000-03-27,2008-11-20,2020-09-01,True,4303,7463,2000,-0.86281989267,1999,4.18255122569,-0.940164555823,-0.562815905123,-0.295712813672,0.744035785288,0.255964214712,0,313,7.83733804072,47.6751592357,0.248855258082,0.1652194065,16.4012738854,0.121197347422,0.0293462827763,-0.0439703025464,0.128212164401,0.0873522230979,0.173444924172,0.359603727039,0.214595106641,0.406843762718,37.307406446,5.33964504203,121.354861235
NASDAQ100_extended,150,100,TQQQ_SMA_TO_TBILL,1986-09-25,1986-09-26,2026-09-02,10060,0.189889228874,-0.988586312401,1036.35044786,39.9370294319,0.528337314809,0.537678618454,7627,2000-03-27,2003-03-31,2021-02-12,True,6528,7627,2000,-0.867545289271,1999,4.18255122569,-0.920153569638,-0.551439321605,-0.270600162055,0.744035785288,0,0.255964214712,313,7.83733804072,47.6751592357,0.248855258082,0.1652194065,16.4012738854,0.0342571731526,0.0086408113109,-0.0550455976751,0.105321949707,0.0632871581936,0.141461880917,0.334900856027,0.185015929131,0.322267902758,20.1708112471,3.41204435954,52.9664625375
NASDAQ100_extended,200,100,NASDAQ100_1X,1986-09-25,1986-09-26,2026-09-02,10060,0.149246346082,-0.828728190357,258.655082067,39.9370294319,0.260598345192,0.543846084633,5357,2000-03-27,2002-10-07,2014-11-26,True,4433,5357,2008,-0.415734769887,1999,1.02066439534,-0.696996006051,-0.205944836372,-0.0811562162528,,,,,,,,,,,,0.0368898080802,0.122827454404,0.118190188506,0.138755042789,0.170315238805,0.154863024271,2.06372637018,32.3191229931,9.3392843764,49.3071368262
NASDAQ100_extended,200,100,TQQQ_ALWAYS,1986-09-25,1986-09-26,2026-09-02,10060,0.123047677841,-0.999833067993,102.980302763,39.9370294319,0.781897767952,0.502381209685,9655,2000-03-27,2009-03-09,,False,,,2000,-0.917998932107,1999,4.18255122569,-0.991922297558,-0.725579712986,-0.504822912565,1,0,0,0,0,10060,0.123047677841,0.116046130635,,,0,-0.173755986429,0.0291207219992,-0.0265087775523,0.087544346258,0.290874499469,0.136071374715,0.0219870274074,2.36595651346,0.584307478013,12.4011407645
NASDAQ100_extended,200,100,TQQQ_SMA_TO_NASDAQ,1986-09-25,1986-09-26,2026-09-02,10060,0.212592881083,-0.979549081005,2204.59586058,39.9370294319,0.575520704844,0.571209183682,7408,2000-03-27,2008-11-20,2020-07-08,True,4248,7408,2000,-0.811230519993,1999,4.18255122569,-0.917787459751,-0.474222168185,-0.244177917441,0.759343936382,0.240656063618,0,273,6.8357612943,55.7591240876,0.245752082965,0.166337340691,17.6715328467,0.114859174136,0.0264236031602,-0.0274643840778,0.13988828084,0.126484065866,0.19087726948,0.315801364486,0.234554413768,0.572941522713,50.8096848966,10.830355324,188.893940172
NASDAQ100_extended,200,100,TQQQ_SMA_TO_TBILL,1986-09-25,1986-09-26,2026-09-02,10060,0.190235689162,-0.956304169753,1048.47018714,39.9370294319,0.544323009758,0.53769880247,7434,2000-03-27,2003-03-31,2020-08-03,True,6335,7434,2000,-0.770684771528,1999,4.18255122569,-0.861712075914,-0.407109138176,-0.189101700976,0.759343936382,0,0.240656063618,273,6.8357612943,55.7591240876,0.245752082965,0.166337340691,17.6715328467,0.0326756397016,0.00781400494143,-0.0289325360781,0.126303798913,0.123419981502,0.171527459634,0.272830164674,0.221159915957,0.555888977214,35.4598734263,10.2528170111,115.536704581
NASDAQ100_extended,250,100,NASDAQ100_1X,1986-09-25,1986-09-26,2026-09-02,10060,0.149246346082,-0.828728190357,258.655082067,39.9370294319,0.260598345192,0.543846084633,5357,2000-03-27,2002-10-07,2014-11-26,True,4433,5357,2008,-0.415734769887,1999,1.02066439534,-0.696996006051,-0.205944836372,-0.0811562162528,,,,,,,,,,,,0.0368898080802,0.122827454404,0.118190188506,0.138755042789,0.170315238805,0.154863024271,2.06372637018,32.3191229931,9.3392843764,49.3071368262
NASDAQ100_extended,250,100,TQQQ_ALWAYS,1986-09-25,1986-09-26,2026-09-02,10060,0.123047677841,-0.999833067993,102.980302763,39.9370294319,0.781897767952,0.502381209685,9655,2000-03-27,2009-03-09,,False,,,2000,-0.917998932107,1999,4.18255122569,-0.991922297558,-0.725579712986,-0.504822912565,1,0,0,0,0,10060,0.123047677841,0.116046130635,,,0,-0.173755986429,0.0291207219992,-0.0265087775523,0.087544346258,0.290874499469,0.136071374715,0.0219870274074,2.36595651346,0.584307478013,12.4011407645
NASDAQ100_extended,250,100,TQQQ_SMA_TO_NASDAQ,1986-09-25,1986-09-26,2026-09-02,10060,0.221503791733,-0.963407368585,2953.3910942,39.9370294319,0.587001583773,0.585851597521,6412,2000-03-27,2008-11-20,2017-10-16,True,3252,6412,2000,-0.80225653826,1999,4.18255122569,-0.91389819804,-0.416311870193,-0.200783234246,0.77972166998,0.22027833002,0,237,5.93434222253,65.9159663866,0.262858776767,0.181509128192,18.6218487395,0.0871609730491,0.0185735876803,0.0182173476073,0.152022524462,0.18012509244,0.232548470624,0.326084539594,0.27730793486,1.43486102425,69.8092949313,27.4645934684,530.001379816
NASDAQ100_extended,250,100,TQQQ_SMA_TO_TBILL,1986-09-25,1986-09-26,2026-09-02,10060,0.207471551326,-0.887262606384,1861.74612251,39.9370294319,0.55793348315,0.565940671778,5265,2000-03-27,2003-04-09,2014-08-26,True,4157,5265,2000,-0.745415915498,1999,4.18255122569,-0.846462768478,-0.304848650931,-0.117595231696,0.77972166998,0,0.22027833002,237,5.93434222253,65.9159663866,0.262858776767,0.181509128192,18.6218487395,0.0320870880394,0.00701941809669,0.0420212450182,0.148838927636,0.198574181508,0.239070425251,0.289507149325,0.28726926231,2.27788330402,64.2475806171,37.4462728568,621.25802593
