series,family,sma_days,spread_bps,lag,execution,switch_cost_bps,entry_close,first_return,last_return,observations,cagr,max_drawdown,terminal_multiple,years,annualized_volatility,sharpe,longest_underwater_calendar_days,max_drawdown_peak,max_drawdown_trough,max_drawdown_recovery,max_drawdown_recovered,max_drawdown_recovery_days_from_trough,max_drawdown_recovery_days_from_peak,worst_calendar_year,worst_calendar_year_return,best_calendar_year,best_calendar_year_return,worst_rolling_1y_cagr,worst_rolling_5y_cagr,worst_rolling_10y_cagr,worst_rolling_20y_cagr,cohort_20y_count,cohort_20y_min_cagr,cohort_20y_median_cagr,worst_rolling_30y_cagr,cohort_30y_count,cohort_30y_min_cagr,cohort_30y_median_cagr,switch_count,switches_per_year
SSO_ALWAYS,SP500,150,0,LAG1,IMMEDIATE_NEXT_RETURN,0,1986-09-26,1986-09-29,2026-09-02,10059,0.146560950323,-0.878411334357,235.495691218,39.9342915811,0.366966716039,0.47413179807,5187,2000-03-23,2009-03-09,2014-06-05,True,1914,5187,2008,-0.674837400222,1995,0.757677879096,-0.777415360384,-0.232046768979,-0.167615176251,0.012402672213,240,0.028485348882,0.0959075486485,0.102402197705,120,0.106620836879,0.134052026669,0,0
SSO_SMA_TO_SP500,SP500,150,0,LAG1,IMMEDIATE_NEXT_RETURN,0,1986-09-26,1986-09-29,2026-09-02,10059,0.149174188636,-0.673523153364,257.90909271,39.9342915811,0.27340359095,0.531825853904,4946,1999-07-16,2009-03-09,2013-01-29,True,1422,4946,2008,-0.415174113569,1995,0.757677879096,-0.520193705147,-0.132929899673,-0.0897064347739,0.0413552098797,240,0.0509949908835,0.113036239782,0.112028478217,120,0.118138983573,0.135192425977,347,8.68927396133
SSO_SMA_TO_TBILL,SP500,150,0,LAG1,IMMEDIATE_NEXT_RETURN,0,1986-09-26,1986-09-29,2026-09-02,10059,0.125137387952,-0.578628375853,110.881123939,39.9342915811,0.234098743607,0.487750403717,3925,1999-07-16,2003-04-11,2010-04-14,True,2560,3925,2000,-0.33501914379,1995,0.757677879096,-0.401291450007,-0.0957516654704,-0.0579905839554,0.0335995070505,240,0.0372371152544,0.0980024727641,0.0918697937621,120,0.093852414348,0.110425315182,347,8.68927396133
SSO_ALWAYS,SP500,150,0,LAG1,IMMEDIATE_NEXT_RETURN,10,1986-09-26,1986-09-29,2026-09-02,10059,0.146560950323,-0.878411334357,235.495691218,39.9342915811,0.366966716039,0.47413179807,5187,2000-03-23,2009-03-09,2014-06-05,True,1914,5187,2008,-0.674837400222,1995,0.757677879096,-0.777415360384,-0.232046768979,-0.167615176251,0.012402672213,240,0.028485348882,0.0959075486485,0.102402197705,120,0.106620836879,0.134052026669,0,0
SSO_SMA_TO_SP500,SP500,150,0,LAG1,IMMEDIATE_NEXT_RETURN,10,1986-09-26,1986-09-29,2026-09-02,10059,0.139227004384,-0.714199936406,182.259875001,39.9342915811,0.273389469814,0.500015186015,5051,1999-07-16,2009-03-09,2013-05-14,True,1527,5051,2008,-0.420996125325,1995,0.757677879096,-0.526853924613,-0.14584705718,-0.1017342547,0.0306274307437,240,0.0401679051511,0.101928962352,0.101658299842,120,0.10796854106,0.124641335318,347,8.68927396133
SSO_SMA_TO_TBILL,SP500,150,0,LAG1,IMMEDIATE_NEXT_RETURN,10,1986-09-26,1986-09-29,2026-09-02,10059,0.115398264834,-0.60238422774,78.3577638802,39.9342915811,0.234116015718,0.450568856093,5116,1999-07-16,2003-04-11,2013-07-18,True,3751,5116,2000,-0.348844976249,1995,0.757677879096,-0.41833262621,-0.107616818092,-0.0705338390189,0.0222865902425,240,0.0260383554292,0.0872491877059,0.0817579022846,120,0.0836860217719,0.100184181877,347,8.68927396133
SSO_ALWAYS,SP500,150,0,LAG1,IMMEDIATE_NEXT_RETURN,25,1986-09-26,1986-09-29,2026-09-02,10059,0.146560950323,-0.878411334357,235.495691218,39.9342915811,0.366966716039,0.47413179807,5187,2000-03-23,2009-03-09,2014-06-05,True,1914,5187,2008,-0.674837400222,1995,0.757677879096,-0.777415360384,-0.232046768979,-0.167615176251,0.012402672213,240,0.028485348882,0.0959075486485,0.102402197705,120,0.106620836879,0.134052026669,0,0
SSO_SMA_TO_SP500,SP500,150,0,LAG1,IMMEDIATE_NEXT_RETURN,25,1986-09-26,1986-09-29,2026-09-02,10059,0.124449073604,-0.765971544336,108.204286633,39.9342915811,0.273426024559,0.452197626844,5282,1999-07-16,2009-03-09,2013-12-31,True,1758,5282,2008,-0.429631370215,1995,0.757677879096,-0.536683475787,-0.164886425026,-0.119500657456,0.0147228829965,240,0.0241161296801,0.0860613449099,0.0862649572382,120,0.092867309964,0.108978838092,347,8.68927396133
SSO_SMA_TO_TBILL,SP500,150,0,LAG1,IMMEDIATE_NEXT_RETURN,25,1986-09-26,1986-09-29,2026-09-02,10059,0.100929437913,-0.635570320609,46.5195421798,39.9342915811,0.234209196407,0.39469357872,5425,1999-07-16,2003-04-11,2014-05-23,True,4060,5425,2000,-0.369071516348,1995,0.757677879096,-0.443019470257,-0.125144975454,-0.0890591956235,0.00552816896565,240,0.00944592908594,0.0714206665598,0.0667467376856,120,0.0685945790505,0.085022461501,347,8.68927396133
SSO_ALWAYS,SP500,150,0,LAG1,IMMEDIATE_NEXT_RETURN,50,1986-09-26,1986-09-29,2026-09-02,10059,0.146560950323,-0.878411334357,235.495691218,39.9342915811,0.366966716039,0.47413179807,5187,2000-03-23,2009-03-09,2014-06-05,True,1914,5187,2008,-0.674837400222,1995,0.757677879096,-0.777415360384,-0.232046768979,-0.167615176251,0.012402672213,240,0.028485348882,0.0959075486485,0.102402197705,120,0.106620836879,0.134052026669,0,0
SSO_SMA_TO_SP500,SP500,150,0,LAG1,IMMEDIATE_NEXT_RETURN,50,1986-09-26,1986-09-29,2026-09-02,10059,0.100195881932,-0.832381431942,45.2976500662,39.9342915811,0.27364081196,0.372320922311,6650,1999-07-16,2009-03-09,2017-09-29,True,3126,6650,2008,-0.443766174857,1995,0.757677879096,-0.552645794457,-0.195740960314,-0.148390824224,-0.0112926109218,240,-0.00214018856188,0.0596310647971,0.0610359122155,120,0.0674718750898,0.0834331079625,347,8.68927396133
SSO_SMA_TO_TBILL,SP500,150,0,LAG1,IMMEDIATE_NEXT_RETURN,50,1986-09-26,1986-09-29,2026-09-02,10059,0.0771835402097,-0.730161743882,19.4745144437,39.9342915811,0.234543601929,0.301436915927,6755,1999-07-16,2009-04-30,2018-01-12,True,3179,6755,2000,-0.401459091549,1995,0.757677879096,-0.481933114197,-0.153653019358,-0.119177259184,-0.0218483728098,240,-0.0176675858792,0.0448242344574,0.0421408655192,120,0.0438587686917,0.0600376484025,347,8.68927396133
SSO_ALWAYS,SP500,150,0,LAG2,WAIT_ONE_TRADING_DAY,0,1986-09-26,1986-09-29,2026-09-02,10059,0.146560950323,-0.878411334357,235.495691218,39.9342915811,0.366966716039,0.47413179807,5187,2000-03-23,2009-03-09,2014-06-05,True,1914,5187,2008,-0.674837400222,1995,0.757677879096,-0.777415360384,-0.232046768979,-0.167615176251,0.012402672213,240,0.028485348882,0.0959075486485,0.102402197705,120,0.106620836879,0.134052026669,0,0
SSO_SMA_TO_SP500,SP500,150,0,LAG2,WAIT_ONE_TRADING_DAY,0,1986-09-26,1986-09-29,2026-09-02,10059,0.156900310894,-0.640463338408,337.037663396,39.9342915811,0.274883425568,0.554823367944,4189,1999-07-16,2003-03-11,2011-01-03,True,2855,4189,2008,-0.377348239949,1995,0.757677879096,-0.484788068015,-0.117902027758,-0.0726226101787,0.0634731296553,240,0.0725554467984,0.121567930201,0.117328307041,120,0.120054738775,0.145021723497,347,8.68927396133
SSO_SMA_TO_TBILL,SP500,150,0,LAG2,WAIT_ONE_TRADING_DAY,0,1986-09-26,1986-09-29,2026-09-02,10059,0.140623982417,-0.568291343647,191.401441552,39.9342915811,0.236393796531,0.54316102151,3671,1999-07-16,2003-04-09,2009-08-03,True,2308,3671,2000,-0.314048422872,1995,0.757677879096,-0.413538706957,-0.111778953237,-0.0222555882747,0.0647158754745,240,0.069551739008,0.114284676383,0.104141748464,120,0.106836003218,0.131584138237,347,8.68927396133
SSO_ALWAYS,SP500,150,0,LAG2,WAIT_ONE_TRADING_DAY,10,1986-09-26,1986-09-29,2026-09-02,10059,0.146560950323,-0.878411334357,235.495691218,39.9342915811,0.366966716039,0.47413179807,5187,2000-03-23,2009-03-09,2014-06-05,True,1914,5187,2008,-0.674837400222,1995,0.757677879096,-0.777415360384,-0.232046768979,-0.167615176251,0.012402672213,240,0.028485348882,0.0959075486485,0.102402197705,120,0.106620836879,0.134052026669,0,0
SSO_SMA_TO_SP500,SP500,150,0,LAG2,WAIT_ONE_TRADING_DAY,10,1986-09-26,1986-09-29,2026-09-02,10059,0.146886249781,-0.658348697246,238.178661154,39.9342915811,0.274890005052,0.523168430174,4304,1999-07-16,2003-03-11,2011-04-28,True,2970,4304,2008,-0.383546812808,1995,0.757677879096,-0.491939755217,-0.129476532977,-0.0848761607632,0.0525174972796,240,0.0609753647986,0.11087683942,0.107165238333,120,0.109866870809,0.134459820184,347,8.68927396133
SSO_SMA_TO_TBILL,SP500,150,0,LAG2,WAIT_ONE_TRADING_DAY,10,1986-09-26,1986-09-29,2026-09-02,10059,0.130750808247,-0.591814007109,135.260073407,39.9342915811,0.236378393793,0.506370671496,3715,1999-07-16,2003-04-09,2009-09-16,True,2352,3715,2000,-0.328310264385,1995,0.757677879096,-0.418785070785,-0.123433802772,-0.0352746699678,0.0530623848901,240,0.0580040872034,0.10331483625,0.0940986229284,120,0.0967683711011,0.121027300273,347,8.68927396133
SSO_ALWAYS,SP500,150,0,LAG2,WAIT_ONE_TRADING_DAY,25,1986-09-26,1986-09-29,2026-09-02,10059,0.146560950323,-0.878411334357,235.495691218,39.9342915811,0.366966716039,0.47413179807,5187,2000-03-23,2009-03-09,2014-06-05,True,1914,5187,2008,-0.674837400222,1995,0.757677879096,-0.777415360384,-0.232046768979,-0.167615176251,0.012402672213,240,0.028485348882,0.0959075486485,0.102402197705,120,0.106620836879,0.134052026669,0,0
SSO_SMA_TO_SP500,SP500,150,0,LAG2,WAIT_ONE_TRADING_DAY,25,1986-09-26,1986-09-29,2026-09-02,10059,0.13200896409,-0.718127872104,141.40222647,39.9342915811,0.274957212619,0.475589895698,5054,1999-07-16,2009-03-09,2013-05-17,True,1530,5054,2008,-0.392740575523,1995,0.757677879096,-0.50249464394,-0.14657532263,-0.102975992338,0.0362751440383,240,0.0438179598154,0.0945385225401,0.0920749559775,120,0.09473976613,0.118574300463,347,8.68927396133
SSO_SMA_TO_TBILL,SP500,150,0,LAG2,WAIT_ONE_TRADING_DAY,25,1986-09-26,1986-09-29,2026-09-02,10059,0.116082829776,-0.62475630737,80.3013814905,39.9342915811,0.236422058973,0.45104908897,3916,1999-07-16,2003-04-09,2010-04-05,True,2553,3916,2000,-0.349174665143,1995,0.757677879096,-0.426576428031,-0.140651283508,-0.0545027833888,0.0357994536874,240,0.0407450555334,0.0876006965202,0.0791864340581,120,0.0818197944791,0.105532905587,347,8.68927396133
SSO_ALWAYS,SP500,150,0,LAG2,WAIT_ONE_TRADING_DAY,50,1986-09-26,1986-09-29,2026-09-02,10059,0.146560950323,-0.878411334357,235.495691218,39.9342915811,0.366966716039,0.47413179807,5187,2000-03-23,2009-03-09,2014-06-05,True,1914,5187,2008,-0.674837400222,1995,0.757677879096,-0.777415360384,-0.232046768979,-0.167615176251,0.012402672213,240,0.028485348882,0.0959075486485,0.102402197705,120,0.106620836879,0.134052026669,0,0
SSO_SMA_TO_SP500,SP500,150,0,LAG2,WAIT_ONE_TRADING_DAY,50,1986-09-26,1986-09-29,2026-09-02,10059,0.107592713479,-0.7981142835,59.1953310959,39.9342915811,0.275221971163,0.396124641353,5619,1999-07-16,2009-03-09,2014-12-03,True,2095,5619,2008,-0.407789603264,1995,0.757677879096,-0.519634846412,-0.174385036798,-0.132408351824,0.00970709264301,240,0.0157812190065,0.0682219673773,0.067331138025,120,0.069935569925,0.0927925148191,347,8.68927396133
SSO_SMA_TO_TBILL,SP500,150,0,LAG2,WAIT_ONE_TRADING_DAY,50,1986-09-26,1986-09-29,2026-09-02,10059,0.0920100892425,-0.673950695079,33.6166337932,39.9342915811,0.23667272597,0.358623034804,5414,1999-07-16,2003-04-09,2014-05-12,True,4051,5414,2000,-0.382583609297,1995,0.757677879096,-0.457182645042,-0.168654038537,-0.0857633714861,0.00759874495534,240,0.0124096976888,0.0613551086959,0.0547346393208,120,0.0573083340655,0.0802559629717,347,8.68927396133
SSO_ALWAYS,SP500,150,50,LAG1,IMMEDIATE_NEXT_RETURN,0,1986-09-26,1986-09-29,2026-09-02,10059,0.140759411879,-0.88382474662,192.311074147,39.9342915811,0.366968976402,0.460298883961,5279,2000-03-23,2009-03-09,2014-09-05,True,2006,5279,2008,-0.676497683449,1995,0.748832811145,-0.778554211141,-0.23594133465,-0.171834067002,0.00727631095862,240,0.0232778552273,0.0903607865308,0.0968235380278,120,0.101020701297,0.128313937002,0,0
SSO_SMA_TO_SP500,SP500,150,50,LAG1,IMMEDIATE_NEXT_RETURN,0,1986-09-26,1986-09-29,2026-09-02,10059,0.144709039024,-0.682255694923,220.773897139,39.9342915811,0.273401297246,0.517575883656,4981,1999-07-16,2009-03-09,2013-03-05,True,1457,4981,2008,-0.41532199217,1995,0.748832811145,-0.520368232256,-0.135699653313,-0.0923335010091,0.037621705347,240,0.0472327805554,0.108966167516,0.107745505356,120,0.113882589228,0.130787372053,347,8.68927396133
SSO_SMA_TO_TBILL,SP500,150,50,LAG1,IMMEDIATE_NEXT_RETURN,0,1986-09-26,1986-09-29,2026-09-02,10059,0.120765634025,-0.581385938475,94.915838732,39.9342915811,0.234094001679,0.471111542428,4225,1999-07-16,2003-04-11,2011-02-08,True,2860,4225,2000,-0.337146619208,1995,0.748832811145,-0.402247249345,-0.0979128436797,-0.0606422239787,0.0299178532008,240,0.0335334849861,0.0938003248154,0.0876876904366,120,0.089662854471,0.106121790968,347,8.68927396133
SSO_ALWAYS,SP500,150,50,LAG1,IMMEDIATE_NEXT_RETURN,10,1986-09-26,1986-09-29,2026-09-02,10059,0.140759411879,-0.88382474662,192.311074147,39.9342915811,0.366968976402,0.460298883961,5279,2000-03-23,2009-03-09,2014-09-05,True,2006,5279,2008,-0.676497683449,1995,0.748832811145,-0.778554211141,-0.23594133465,-0.171834067002,0.00727631095862,240,0.0232778552273,0.0903607865308,0.0968235380278,120,0.101020701297,0.128313937002,0,0
SSO_SMA_TO_SP500,SP500,150,50,LAG1,IMMEDIATE_NEXT_RETURN,10,1986-09-26,1986-09-29,2026-09-02,10059,0.134800504844,-0.721844462989,156.017077464,39.9342915811,0.273386991625,0.485764941278,5109,1999-07-16,2009-03-09,2013-07-11,True,1585,5109,2008,-0.421142531776,1995,0.748832811145,-0.527026029101,-0.148575548477,-0.104326609189,0.0269323878345,240,0.0364444521665,0.0978994869496,0.097415267678,120,0.103750862308,0.120277224341,347,8.68927396133
SSO_SMA_TO_TBILL,SP500,150,50,LAG1,IMMEDIATE_NEXT_RETURN,10,1986-09-26,1986-09-29,2026-09-02,10059,0.111064352552,-0.604986326051,67.0753741992,39.9342915811,0.234111059431,0.433931373798,5178,1999-07-16,2003-04-11,2013-09-18,True,3813,5178,2000,-0.350928218636,1995,0.748832811145,-0.419261220416,-0.109749638262,-0.0731501713302,0.0186452327005,240,0.0223747122239,0.0831295199287,0.0776145297447,120,0.0795354001556,0.0959420976076,347,8.68927396133
SSO_ALWAYS,SP500,150,50,LAG1,IMMEDIATE_NEXT_RETURN,25,1986-09-26,1986-09-29,2026-09-02,10059,0.140759411879,-0.88382474662,192.311074147,39.9342915811,0.366968976402,0.460298883961,5279,2000-03-23,2009-03-09,2014-09-05,True,2006,5279,2008,-0.676497683449,1995,0.748832811145,-0.778554211141,-0.23594133465,-0.171834067002,0.00727631095862,240,0.0232778552273,0.0903607865308,0.0968235380278,120,0.101020701297,0.128313937002,0,0
SSO_SMA_TO_SP500,SP500,150,50,LAG1,IMMEDIATE_NEXT_RETURN,25,1986-09-26,1986-09-29,2026-09-02,10059,0.120079994143,-0.772231293645,92.6244274525,39.9342915811,0.273423269074,0.437949899111,5374,1999-07-16,2009-03-09,2014-04-02,True,1850,5374,2008,-0.429775593165,1995,0.748832811145,-0.536852004825,-0.167554097298,-0.122041738906,0.0110848616498,240,0.0204501366795,0.0820444310545,0.0820812124668,120,0.0886816788152,0.104675504603,347,8.68927396133
SSO_SMA_TO_TBILL,SP500,150,50,LAG1,IMMEDIATE_NEXT_RETURN,25,1986-09-26,1986-09-29,2026-09-02,10059,0.0966517446779,-0.637955240724,39.8213979671,39.9342915811,0.234203918854,0.378062813092,5439,1999-07-16,2003-04-11,2014-06-06,True,4074,5439,2000,-0.371090047899,1995,0.748832811145,-0.443908653519,-0.12723590285,-0.0916233813467,0.00194650447283,240,0.00584153194068,0.0672996535001,0.0626608612334,120,0.0645017591102,0.0808600327557,347,8.68927396133
SSO_ALWAYS,SP500,150,50,LAG1,IMMEDIATE_NEXT_RETURN,50,1986-09-26,1986-09-29,2026-09-02,10059,0.140759411879,-0.88382474662,192.311074147,39.9342915811,0.366968976402,0.460298883961,5279,2000-03-23,2009-03-09,2014-09-05,True,2006,5279,2008,-0.676497683449,1995,0.748832811145,-0.778554211141,-0.23594133465,-0.171834067002,0.00727631095862,240,0.0232778552273,0.0903607865308,0.0968235380278,120,0.101020701297,0.128313937002,0,0
SSO_SMA_TO_SP500,SP500,150,50,LAG1,IMMEDIATE_NEXT_RETURN,50,1986-09-26,1986-09-29,2026-09-02,10059,0.0959210389499,-0.836864862013,38.7754407231,39.9342915811,0.273637593314,0.358085180894,6703,1999-07-16,2009-03-09,2017-11-21,True,3179,6703,2008,-0.443906823692,1995,0.748832811145,-0.552808517283,-0.198310071395,-0.150848529954,-0.0148373605746,240,-0.00571219273043,0.0557563095989,0.0569493370016,120,0.0633777605095,0.0792657303943,347,8.68927396133
SSO_SMA_TO_TBILL,SP500,150,50,LAG1,IMMEDIATE_NEXT_RETURN,50,1986-09-26,1986-09-29,2026-09-02,10059,0.0729981123479,-0.737382981137,16.6704647883,39.9342915811,0.234537790469,0.284829679579,8014,1999-07-16,2009-04-30,2021-06-24,True,4438,8014,2000,-0.403374005426,1995,0.748832811145,-0.482760174352,-0.15567581175,-0.121656666283,-0.0253325227918,240,-0.0211751696408,0.0409030209856,0.0381492350114,120,0.0398606892825,0.0560202892362,347,8.68927396133
SSO_ALWAYS,SP500,150,50,LAG2,WAIT_ONE_TRADING_DAY,0,1986-09-26,1986-09-29,2026-09-02,10059,0.140759411879,-0.88382474662,192.311074147,39.9342915811,0.366968976402,0.460298883961,5279,2000-03-23,2009-03-09,2014-09-05,True,2006,5279,2008,-0.676497683449,1995,0.748832811145,-0.778554211141,-0.23594133465,-0.171834067002,0.00727631095862,240,0.0232778552273,0.0903607865308,0.0968235380278,120,0.101020701297,0.128313937002,0,0
SSO_SMA_TO_SP500,SP500,150,50,LAG2,WAIT_ONE_TRADING_DAY,0,1986-09-26,1986-09-29,2026-09-02,10059,0.152404419006,-0.642809906247,288.501872775,39.9342915811,0.274879936106,0.540648823497,4200,1999-07-16,2003-03-11,2011-01-14,True,2866,4200,2008,-0.377504404547,1995,0.748832811145,-0.484967166673,-0.120044489703,-0.0753084315619,0.0596490008484,240,0.0687134498001,0.117498864708,0.113070129328,120,0.115786192844,0.140622080094,347,8.68927396133
SSO_SMA_TO_TBILL,SP500,150,50,LAG2,WAIT_ONE_TRADING_DAY,0,1986-09-26,1986-09-29,2026-09-02,10059,0.136191342836,-0.571181517965,163.838289712,39.9342915811,0.236388160535,0.526682274426,3689,1999-07-16,2003-04-09,2009-08-21,True,2326,3689,2000,-0.316373210171,1995,0.748832811145,-0.415053810891,-0.113936287061,-0.0250164302633,0.060911940353,240,0.0657205015805,0.110142056036,0.0999338251933,120,0.102617834093,0.127298174951,347,8.68927396133
SSO_ALWAYS,SP500,150,50,LAG2,WAIT_ONE_TRADING_DAY,10,1986-09-26,1986-09-29,2026-09-02,10059,0.140759411879,-0.88382474662,192.311074147,39.9342915811,0.366968976402,0.460298883961,5279,2000-03-23,2009-03-09,2014-09-05,True,2006,5279,2008,-0.676497683449,1995,0.748832811145,-0.778554211141,-0.23594133465,-0.171834067002,0.00727631095862,240,0.0232778552273,0.0903607865308,0.0968235380278,120,0.101020701297,0.128313937002,0,0
SSO_SMA_TO_SP500,SP500,150,50,LAG2,WAIT_ONE_TRADING_DAY,10,1986-09-26,1986-09-29,2026-09-02,10059,0.142429274069,-0.665013915846,203.879261165,39.9342915811,0.274886351117,0.508994556823,4942,1999-07-16,2009-03-09,2013-01-25,True,1418,4942,2008,-0.383701422769,1995,0.748832811145,-0.492116367796,-0.13159088247,-0.0875264940609,0.0487327636847,240,0.0571748487703,0.106771934744,0.102945792435,120,0.105637151001,0.130133797952,347,8.68927396133
SSO_SMA_TO_TBILL,SP500,150,50,LAG2,WAIT_ONE_TRADING_DAY,10,1986-09-26,1986-09-29,2026-09-02,10059,0.126356537333,-0.594546703468,115.781672874,39.9342915811,0.236372565677,0.489890914103,3743,1999-07-16,2003-04-09,2009-10-14,True,2380,3743,2000,-0.330586716278,1995,0.748832811145,-0.420286620906,-0.125562829002,-0.0379987501739,0.049300084465,240,0.0542142145779,0.099212304645,0.089928974364,120,0.0925885698776,0.116767808587,347,8.68927396133
SSO_ALWAYS,SP500,150,50,LAG2,WAIT_ONE_TRADING_DAY,25,1986-09-26,1986-09-29,2026-09-02,10059,0.140759411879,-0.88382474662,192.311074147,39.9342915811,0.366968976402,0.460298883961,5279,2000-03-23,2009-03-09,2014-09-05,True,2006,5279,2008,-0.676497683449,1995,0.748832811145,-0.778554211141,-0.23594133465,-0.171834067002,0.00727631095862,240,0.0232778552273,0.0903607865308,0.0968235380278,120,0.101020701297,0.128313937002,0,0
SSO_SMA_TO_SP500,SP500,150,50,LAG2,WAIT_ONE_TRADING_DAY,25,1986-09-26,1986-09-29,2026-09-02,10059,0.12760980379,-0.725695386636,121.039312759,39.9342915811,0.274953311628,0.461419912879,5130,1999-07-16,2009-03-09,2013-08-01,True,1606,5130,2008,-0.392892879635,1995,0.748832811145,-0.502667587414,-0.148648142149,-0.10557390586,0.0325488161043,240,0.0400789032656,0.0904308756745,0.0879130196795,120,0.0905676959514,0.114316389822,347,8.68927396133
SSO_SMA_TO_TBILL,SP500,150,50,LAG2,WAIT_ONE_TRADING_DAY,25,1986-09-26,1986-09-29,2026-09-02,10059,0.111745560875,-0.627268463815,68.737418581,39.9342915811,0.236415942988,0.434572355113,3924,1999-07-16,2003-04-09,2010-04-13,True,2561,3924,2000,-0.35138040462,1995,0.748832811145,-0.428057849431,-0.142738491483,-0.0571725694642,0.0320988289373,240,0.0370268254208,0.0835956299488,0.0750736163731,120,0.0776969625123,0.101324684103,347,8.68927396133
SSO_ALWAYS,SP500,150,50,LAG2,WAIT_ONE_TRADING_DAY,50,1986-09-26,1986-09-29,2026-09-02,10059,0.140759411879,-0.88382474662,192.311074147,39.9342915811,0.366968976402,0.460298883961,5279,2000-03-23,2009-03-09,2014-09-05,True,2006,5279,2008,-0.676497683449,1995,0.748832811145,-0.778554211141,-0.23594133465,-0.171834067002,0.00727631095862,240,0.0232778552273,0.0903607865308,0.0968235380278,120,0.101020701297,0.128313937002,0,0
SSO_SMA_TO_SP500,SP500,150,50,LAG2,WAIT_ONE_TRADING_DAY,50,1986-09-26,1986-09-29,2026-09-02,10059,0.10328843847,-0.803534376308,50.6707876759,39.9342915811,0.275217657941,0.381968807301,5785,1999-07-16,2009-03-09,2015-05-18,True,2261,5785,2008,-0.407938132994,1995,0.748832811145,-0.519801831586,-0.176390311377,-0.134921024902,0.00607630040974,240,0.0121425927649,0.0643326196225,0.0632635012927,120,0.0658580289218,0.0886229760717,347,8.68927396133
SSO_SMA_TO_TBILL,SP500,150,50,LAG2,WAIT_ONE_TRADING_DAY,50,1986-09-26,1986-09-29,2026-09-02,10059,0.0877663706997,-0.676133508218,28.7756024297,39.9342915811,0.236666131755,0.342163412045,5438,1999-07-16,2003-04-09,2014-06-05,True,4075,5438,2000,-0.384676121118,1995,0.748832811145,-0.459433141908,-0.17067323271,-0.0883448875155,0.00399887353186,240,0.00879270022701,0.057459842688,0.0507150082908,120,0.0532789156534,0.0761439587612,347,8.68927396133
SSO_ALWAYS,SP500,150,100,LAG1,IMMEDIATE_NEXT_RETURN,0,1986-09-26,1986-09-29,2026-09-02,10059,0.134987070363,-0.888997281567,157.044669184,39.9342915811,0.366971338499,0.446466063453,5387,2000-03-23,2009-03-09,2014-12-22,True,2114,5387,2008,-0.678149534838,1995,0.740032014357,-0.779687266654,-0.239816256731,-0.176031690714,0.00217576665428,240,0.018096585587,0.0848419463738,0.0912729565194,120,0.0954487526238,0.12260472405,0,0
SSO_SMA_TO_SP500,SP500,150,100,LAG1,IMMEDIATE_NEXT_RETURN,0,1986-09-26,1986-09-29,2026-09-02,10059,0.140261116932,-0.690754892077,188.984827871,39.9342915811,0.273399174883,0.503325431129,5004,1999-07-16,2009-03-09,2013-03-28,True,1480,5004,2008,-0.415469837525,1995,0.740032014357,-0.520542700745,-0.138460636224,-0.0949530579532,0.0339014839926,240,0.0434839345577,0.104936157648,0.103478911357,120,0.10964228141,0.126399291335,347,8.68927396133
SSO_SMA_TO_TBILL,SP500,150,100,LAG1,IMMEDIATE_NEXT_RETURN,0,1986-09-26,1986-09-29,2026-09-02,10059,0.116410747278,-0.584125529484,81.2489776981,39.9342915811,0.234089459792,0.454471733667,4302,1999-07-16,2003-04-11,2011-04-26,True,2937,4302,2000,-0.33926734417,1995,0.740032014357,-0.403201548052,-0.100068915965,-0.063286473008,0.0262492122959,240,0.0298429775784,0.0896487788562,0.0835214912943,120,0.0854892265753,0.101834827853,347,8.68927396133
SSO_ALWAYS,SP500,150,100,LAG1,IMMEDIATE_NEXT_RETURN,10,1986-09-26,1986-09-29,2026-09-02,10059,0.134987070363,-0.888997281567,157.044669184,39.9342915811,0.366971338499,0.446466063453,5387,2000-03-23,2009-03-09,2014-12-22,True,2114,5387,2008,-0.678149534838,1995,0.740032014357,-0.779687266654,-0.239816256731,-0.176031690714,0.00217576665428,240,0.018096585587,0.0848419463738,0.0912729565194,120,0.0954487526238,0.12260472405,0,0
SSO_SMA_TO_SP500,SP500,150,100,LAG1,IMMEDIATE_NEXT_RETURN,10,1986-09-26,1986-09-29,2026-09-02,10059,0.130391083704,-0.729284718285,133.552294504,39.9342915811,0.273384684778,0.47151421494,5131,1999-07-16,2009-03-09,2013-08-02,True,1607,5131,2008,-0.421288905313,1995,0.740032014357,-0.527198075782,-0.151295399707,-0.106911553607,0.0232504912637,240,0.0327342258362,0.0938846404319,0.0931884616352,120,0.0995491237625,0.115929928812,347,8.68927396133
SSO_SMA_TO_TBILL,SP500,150,100,LAG1,IMMEDIATE_NEXT_RETURN,10,1986-09-26,1986-09-29,2026-09-02,10059,0.106747161449,-0.607571465943,57.4172409496,39.9342915811,0.234106303154,0.417292945494,5215,1999-07-16,2003-04-11,2013-10-25,True,3850,5215,2000,-0.353004850918,1995,0.740032014357,-0.420188356705,-0.111877419507,-0.0757592110617,0.0150167456744,240,0.0187240501953,0.0790507108291,0.0734869140982,120,0.0754005624468,0.0917162549134,347,8.68927396133
SSO_ALWAYS,SP500,150,100,LAG1,IMMEDIATE_NEXT_RETURN,25,1986-09-26,1986-09-29,2026-09-02,10059,0.134987070363,-0.888997281567,157.044669184,39.9342915811,0.366971338499,0.446466063453,5387,2000-03-23,2009-03-09,2014-12-22,True,2114,5387,2008,-0.678149534838,1995,0.740032014357,-0.779687266654,-0.239816256731,-0.176031690714,0.00217576665428,240,0.018096585587,0.0848419463738,0.0912729565194,120,0.0954487526238,0.12260472405,0,0
SSO_SMA_TO_SP500,SP500,150,100,LAG1,IMMEDIATE_NEXT_RETURN,25,1986-09-26,1986-09-29,2026-09-02,10059,0.115727771542,-0.778323774643,79.2875050248,39.9342915811,0.273420684893,0.423701690984,5438,1999-07-16,2009-03-09,2014-06-05,True,1914,5438,2008,-0.429919783692,1995,0.740032014357,-0.537020477258,-0.170213322092,-0.124575556847,0.00745978376825,240,0.0167971662208,0.0780422647933,0.0779134670906,120,0.084489772776,0.10038875238,347,8.68927396133
SSO_SMA_TO_TBILL,SP500,150,100,LAG1,IMMEDIATE_NEXT_RETURN,25,1986-09-26,1986-09-29,2026-09-02,10059,0.0923905557156,-0.642983770678,34.0875444875,39.9342915811,0.234198841207,0.361431104264,5515,1999-07-16,2008-06-09,2014-08-21,True,2264,5515,2000,-0.373102174673,1995,0.740032014357,-0.44479644074,-0.129321890294,-0.0941804198398,-0.00162250049148,240,0.00224990604901,0.0631837511594,0.0585905230219,120,0.0604245032704,0.0767134608217,347,8.68927396133
SSO_ALWAYS,SP500,150,100,LAG1,IMMEDIATE_NEXT_RETURN,50,1986-09-26,1986-09-29,2026-09-02,10059,0.134987070363,-0.888997281567,157.044669184,39.9342915811,0.366971338499,0.446466063453,5387,2000-03-23,2009-03-09,2014-12-22,True,2114,5387,2008,-0.678149534838,1995,0.740032014357,-0.779687266654,-0.239816256731,-0.176031690714,0.00217576665428,240,0.018096585587,0.0848419463738,0.0912729565194,120,0.0954487526238,0.12260472405,0,0
SSO_SMA_TO_SP500,SP500,150,100,LAG1,IMMEDIATE_NEXT_RETURN,50,1986-09-26,1986-09-29,2026-09-02,10059,0.0916626892437,-0.841228489239,33.1921938492,39.9342915811,0.273634545811,0.343848961577,6730,1999-07-16,2009-03-09,2017-12-18,True,3206,6730,2008,-0.444047440907,1995,0.740032014357,-0.552971185453,-0.200871047104,-0.153299210499,-0.018369498607,240,-0.00927150822939,0.0518956214044,0.0528783895889,120,0.0592992363279,0.0751056551309,347,8.68927396133
SSO_SMA_TO_TBILL,SP500,150,100,LAG1,IMMEDIATE_NEXT_RETURN,50,1986-09-26,1986-09-29,2026-09-02,10059,0.0688288327794,-0.744411160081,14.2700969606,39.9342915811,0.234532178586,0.268221506322,8057,1999-07-16,2009-04-30,2021-08-06,True,4481,8057,2000,-0.405282843302,1995,0.740032014357,-0.483585936001,-0.157693825165,-0.124129162457,-0.0288043579139,240,-0.0246703251822,0.037033597706,0.0341727843349,120,0.0358778136962,0.0520241131036,347,8.68927396133
SSO_ALWAYS,SP500,150,100,LAG2,WAIT_ONE_TRADING_DAY,0,1986-09-26,1986-09-29,2026-09-02,10059,0.134987070363,-0.888997281567,157.044669184,39.9342915811,0.366971338499,0.446466063453,5387,2000-03-23,2009-03-09,2014-12-22,True,2114,5387,2008,-0.678149534838,1995,0.740032014357,-0.779687266654,-0.239816256731,-0.176031690714,0.00217576665428,240,0.018096585587,0.0848419463738,0.0912729565194,120,0.0954487526238,0.12260472405,0,0
SSO_SMA_TO_SP500,SP500,150,100,LAG2,WAIT_ONE_TRADING_DAY,0,1986-09-26,1986-09-29,2026-09-02,10059,0.147925876039,-0.645141224373,246.954521853,39.9342915811,0.27487661715,0.52647366332,4221,1999-07-16,2003-03-11,2011-02-04,True,2887,4221,2008,-0.377660534342,1995,0.740032014357,-0.485146207951,-0.122181807961,-0.0779865486293,0.0558385181237,240,0.0648851095374,0.113400317083,0.108828063259,120,0.111533797743,0.136239221594,347,8.68927396133
SSO_SMA_TO_TBILL,SP500,150,100,LAG2,WAIT_ONE_TRADING_DAY,0,1986-09-26,1986-09-29,2026-09-02,10059,0.131775808094,-0.574052424036,140.243826177,39.9342915811,0.236382722729,0.510202424858,3693,1999-07-16,2003-04-09,2009-08-25,True,2330,3693,2000,-0.318690183251,1995,0.740032014357,-0.416565041174,-0.116088441493,-0.0277695528897,0.0571214909716,240,0.0619028826427,0.106082435291,0.0957418234176,120,0.0984156251871,0.123035844226,347,8.68927396133
SSO_ALWAYS,SP500,150,100,LAG2,WAIT_ONE_TRADING_DAY,10,1986-09-26,1986-09-29,2026-09-02,10059,0.134987070363,-0.888997281567,157.044669184,39.9342915811,0.366971338499,0.446466063453,5387,2000-03-23,2009-03-09,2014-12-22,True,2114,5387,2008,-0.678149534838,1995,0.740032014357,-0.779687266654,-0.239816256731,-0.176031690714,0.00217576665428,240,0.018096585587,0.0848419463738,0.0912729565194,120,0.0954487526238,0.12260472405,0,0
SSO_SMA_TO_SP500,SP500,150,100,LAG2,WAIT_ONE_TRADING_DAY,10,1986-09-26,1986-09-29,2026-09-02,10059,0.137989497106,-0.674007644904,174.518470097,39.9342915811,0.274882867673,0.494820070472,4981,1999-07-16,2009-03-09,2013-03-05,True,1457,4981,2008,-0.383855998273,1995,0.740032014357,-0.492292923792,-0.13370015577,-0.0901692248407,0.0449615355934,240,0.0533878420296,0.102630937458,0.0987423116305,120,0.101423435116,0.12582415516,347,8.68927396133
SSO_SMA_TO_TBILL,SP500,150,100,LAG2,WAIT_ONE_TRADING_DAY,10,1986-09-26,1986-09-29,2026-09-02,10059,0.121979223201,-0.597261181457,99.1078754149,39.9342915811,0.236366935745,0.473410058192,3776,1999-07-16,2003-04-09,2009-11-16,True,2413,3776,2000,-0.33285551642,1995,0.740032014357,-0.421784332029,-0.127686743801,-0.0407152138044,0.0455511221762,240,0.0504378134069,0.0951919700005,0.0857751024753,120,0.0884245837018,0.112524385047,347,8.68927396133
SSO_ALWAYS,SP500,150,100,LAG2,WAIT_ONE_TRADING_DAY,25,1986-09-26,1986-09-29,2026-09-02,10059,0.134987070363,-0.888997281567,157.044669184,39.9342915811,0.366971338499,0.446466063453,5387,2000-03-23,2009-03-09,2014-12-22,True,2114,5387,2008,-0.678149534838,1995,0.740032014357,-0.779687266654,-0.239816256731,-0.176031690714,0.00217576665428,240,0.018096585587,0.0848419463738,0.0912729565194,120,0.0954487526238,0.12260472405,0,0
SSO_SMA_TO_SP500,SP500,150,100,LAG2,WAIT_ONE_TRADING_DAY,25,1986-09-26,1986-09-29,2026-09-02,10059,0.123227619139,-0.73305993546,103.608359004,39.9342915811,0.274949581068,0.447249321404,5208,1999-07-16,2009-03-09,2013-10-18,True,1684,5208,2008,-0.393045149805,1995,0.740032014357,-0.502840475482,-0.150715985181,-0.108164367231,0.0288357852582,240,0.0363531375399,0.0863385376927,0.0837668308762,120,0.0864114115687,0.11009753417,347,8.68927396133
SSO_SMA_TO_TBILL,SP500,150,100,LAG2,WAIT_ONE_TRADING_DAY,25,1986-09-26,1986-09-29,2026-09-02,10059,0.107425028793,-0.629763872187,58.8384961797,39.9342915811,0.236410025123,0.418094529414,3934,1999-07-16,2003-04-09,2010-04-23,True,2571,3934,2000,-0.353578730028,1995,0.740032014357,-0.429535483296,-0.144820688427,-0.0598348907714,0.0284113236704,240,0.0333217769164,0.0795621967111,0.0709763603331,120,0.0735897300395,0.0971323661157,347,8.68927396133
SSO_ALWAYS,SP500,150,100,LAG2,WAIT_ONE_TRADING_DAY,50,1986-09-26,1986-09-29,2026-09-02,10059,0.134987070363,-0.888997281567,157.044669184,39.9342915811,0.366971338499,0.446466063453,5387,2000-03-23,2009-03-09,2014-12-22,True,2114,5387,2008,-0.678149534838,1995,0.740032014357,-0.779687266654,-0.239816256731,-0.176031690714,0.00217576665428,240,0.018096585587,0.0848419463738,0.0912729565194,120,0.0954487526238,0.12260472405,0,0
SSO_SMA_TO_SP500,SP500,150,100,LAG2,WAIT_ONE_TRADING_DAY,50,1986-09-26,1986-09-29,2026-09-02,10059,0.0990007729636,-0.808809098669,43.3736530791,39.9342915811,0.275213514954,0.367812372489,6584,1999-07-16,2009-03-09,2017-07-25,True,3060,6584,2008,-0.408086629624,1995,0.740032014357,-0.519968763262,-0.178390771633,-0.137426490342,0.00245846435325,240,0.00851690035854,0.0604174432668,0.0592112552544,120,0.0617959160459,0.0844692330794,347,8.68927396133
SSO_SMA_TO_TBILL,SP500,150,100,LAG2,WAIT_ONE_TRADING_DAY,50,1986-09-26,1986-09-29,2026-09-02,10059,0.083539027981,-0.678301768954,24.6316083522,39.9342915811,0.236659735402,0.325702710442,5466,1999-07-16,2003-04-09,2014-07-03,True,4103,5466,2000,-0.386761599458,1995,0.740032014357,-0.461674369864,-0.172687579141,-0.0909191855812,0.000411764400148,240,0.00518852549057,0.0535654125747,0.0467105863159,120,0.0492647432879,0.0720474944268,347,8.68927396133
SSO_ALWAYS,SP500,200,0,LAG1,IMMEDIATE_NEXT_RETURN,0,1986-09-26,1986-09-29,2026-09-02,10059,0.146560950323,-0.878411334357,235.495691218,39.9342915811,0.366966716039,0.47413179807,5187,2000-03-23,2009-03-09,2014-06-05,True,1914,5187,2008,-0.674837400222,1995,0.757677879096,-0.777415360384,-0.232046768979,-0.167615176251,0.012402672213,240,0.028485348882,0.0959075486485,0.102402197705,120,0.106620836879,0.134052026669,0,0
SSO_SMA_TO_SP500,SP500,200,0,LAG1,IMMEDIATE_NEXT_RETURN,0,1986-09-26,1986-09-29,2026-09-02,10059,0.162590021172,-0.624838939543,409.981783973,39.9342915811,0.275450217313,0.572089588709,2598,2007-07-13,2009-03-09,2012-09-06,True,1277,1882,2008,-0.374740556606,1995,0.757677879096,-0.486379365224,-0.118304593512,-0.0705500891315,0.0553269172404,240,0.0650960337465,0.127260963758,0.127475574776,120,0.130226767212,0.150859221999,230,5.75946112711
SSO_SMA_TO_TBILL,SP500,200,0,LAG1,IMMEDIATE_NEXT_RETURN,0,1986-09-26,1986-09-29,2026-09-02,10059,0.152183034627,-0.445848231163,286.296848227,39.9342915811,0.23726420877,0.584586715011,2770,1999-07-16,2003-04-16,2007-02-14,True,1400,2770,2000,-0.284172145215,1995,0.757677879096,-0.332420847909,-0.0499235983069,-0.0270895265177,0.0679647019128,240,0.0700827601792,0.125814548711,0.124379519975,120,0.125589469436,0.142322423384,230,5.75946112711
SSO_ALWAYS,SP500,200,0,LAG1,IMMEDIATE_NEXT_RETURN,10,1986-09-26,1986-09-29,2026-09-02,10059,0.146560950323,-0.878411334357,235.495691218,39.9342915811,0.366966716039,0.47413179807,5187,2000-03-23,2009-03-09,2014-06-05,True,1914,5187,2008,-0.674837400222,1995,0.757677879096,-0.777415360384,-0.232046768979,-0.167615176251,0.012402672213,240,0.028485348882,0.0959075486485,0.102402197705,120,0.106620836879,0.134052026669,0,0
SSO_SMA_TO_SP500,SP500,200,0,LAG1,IMMEDIATE_NEXT_RETURN,10,1986-09-26,1986-09-29,2026-09-02,10059,0.155910043603,-0.631995289732,325.70682035,39.9342915811,0.275489134553,0.551118015381,4558,2000-03-23,2009-03-09,2012-09-14,True,1285,4558,2008,-0.375990450233,1995,0.757677879096,-0.491974367896,-0.127257849773,-0.0786019485124,0.0481190385,240,0.0578214319784,0.119974190505,0.12087742621,120,0.123612518274,0.143785408444,230,5.75946112711
SSO_SMA_TO_TBILL,SP500,200,0,LAG1,IMMEDIATE_NEXT_RETURN,10,1986-09-26,1986-09-29,2026-09-02,10059,0.145562853233,-0.465452503436,227.446290927,39.9342915811,0.237282149104,0.560255740131,2863,1999-07-16,2003-04-16,2007-05-18,True,1493,2863,2000,-0.294834725839,1995,0.757677879096,-0.333748981593,-0.0578758586525,-0.0356166618019,0.0606705071523,240,0.0627740990889,0.118230497432,0.117351617025,120,0.118555923467,0.1354297542,230,5.75946112711
SSO_ALWAYS,SP500,200,0,LAG1,IMMEDIATE_NEXT_RETURN,25,1986-09-26,1986-09-29,2026-09-02,10059,0.146560950323,-0.878411334357,235.495691218,39.9342915811,0.366966716039,0.47413179807,5187,2000-03-23,2009-03-09,2014-06-05,True,1914,5187,2008,-0.674837400222,1995,0.757677879096,-0.777415360384,-0.232046768979,-0.167615176251,0.012402672213,240,0.028485348882,0.0959075486485,0.102402197705,120,0.106620836879,0.134052026669,0,0
SSO_SMA_TO_SP500,SP500,200,0,LAG1,IMMEDIATE_NEXT_RETURN,25,1986-09-26,1986-09-29,2026-09-02,10059,0.145949569739,-0.676587066577,230.532714137,39.9342915811,0.275585746527,0.519599663379,5040,1999-07-16,2009-03-09,2013-05-03,True,1516,5040,2008,-0.377862945951,1995,0.757677879096,-0.500263084528,-0.140534032443,-0.0905640025816,0.0373860659019,240,0.0469891047083,0.109296931019,0.110646336041,120,0.113751371231,0.133328975837,230,5.75946112711
SSO_SMA_TO_TBILL,SP500,200,0,LAG1,IMMEDIATE_NEXT_RETURN,25,1986-09-26,1986-09-29,2026-09-02,10059,0.135691541083,-0.493600485376,160.984687737,39.9342915811,0.237353569433,0.523667958708,3828,1999-07-16,2003-04-16,2010-01-07,True,2458,3828,2000,-0.31055097887,1995,0.757677879096,-0.335738714367,-0.069694309475,-0.0482831765178,0.0498090047172,240,0.0518910554035,0.107137721789,0.106879004279,120,0.1080748793,0.125281250907,230,5.75946112711
SSO_ALWAYS,SP500,200,0,LAG1,IMMEDIATE_NEXT_RETURN,50,1986-09-26,1986-09-29,2026-09-02,10059,0.146560950323,-0.878411334357,235.495691218,39.9342915811,0.366966716039,0.47413179807,5187,2000-03-23,2009-03-09,2014-06-05,True,1914,5187,2008,-0.674837400222,1995,0.757677879096,-0.777415360384,-0.232046768979,-0.167615176251,0.012402672213,240,0.028485348882,0.0959075486485,0.102402197705,120,0.106620836879,0.134052026669,0,0
SSO_SMA_TO_SP500,SP500,200,0,LAG1,IMMEDIATE_NEXT_RETURN,50,1986-09-26,1986-09-29,2026-09-02,10059,0.129506434036,-0.740018329955,129.441379404,39.9342915811,0.275848596282,0.466945721269,5275,1999-07-16,2009-03-09,2013-12-24,True,1751,5275,2008,-0.380977519554,1995,0.757677879096,-0.513804946671,-0.162256702781,-0.110195562419,0.0197063376684,240,0.0291457159805,0.0914460570051,0.0935955699126,120,0.0974756965066,0.116410585225,230,5.75946112711
SSO_SMA_TO_TBILL,SP500,200,0,LAG1,IMMEDIATE_NEXT_RETURN,50,1986-09-26,1986-09-29,2026-09-02,10059,0.119395596985,-0.53734247454,90.3909890691,39.9342915811,0.237591155023,0.462506338202,5212,1999-07-16,2003-04-16,2013-10-22,True,3842,5212,2000,-0.336020294886,1995,0.757677879096,-0.339150532492,-0.0891016701978,-0.0690666019416,0.0319175576364,240,0.033964124821,0.0887633014754,0.0896079836493,120,0.0907898944849,0.108551784294,230,5.75946112711
SSO_ALWAYS,SP500,200,0,LAG2,WAIT_ONE_TRADING_DAY,0,1986-09-26,1986-09-29,2026-09-02,10059,0.146560950323,-0.878411334357,235.495691218,39.9342915811,0.366966716039,0.47413179807,5187,2000-03-23,2009-03-09,2014-06-05,True,1914,5187,2008,-0.674837400222,1995,0.757677879096,-0.777415360384,-0.232046768979,-0.167615176251,0.012402672213,240,0.028485348882,0.0959075486485,0.102402197705,120,0.106620836879,0.134052026669,0,0
SSO_SMA_TO_SP500,SP500,200,0,LAG2,WAIT_ONE_TRADING_DAY,0,1986-09-26,1986-09-29,2026-09-02,10059,0.150914395347,-0.640520014401,273.974312157,39.9342915811,0.281373332406,0.532653578619,2678,2007-07-13,2009-03-09,2012-09-13,True,1284,1889,2008,-0.385682416824,1995,0.757677879096,-0.53672046414,-0.114704638192,-0.0628191914746,0.0602989857567,240,0.0701141284902,0.126422559014,0.115031333233,120,0.117752160042,0.148591739654,230,5.75946112711
SSO_SMA_TO_TBILL,SP500,200,0,LAG2,WAIT_ONE_TRADING_DAY,0,1986-09-26,1986-09-29,2026-09-02,10059,0.131157038485,-0.604945169507,137.214239391,39.9342915811,0.24635580579,0.500455208859,2022,1987-08-25,1988-08-22,1993-03-08,True,1659,2022,2022,-0.3257409345,1995,0.757677879096,-0.601176439715,-0.0407301084536,-0.015762434522,0.0669750945809,240,0.0705219091065,0.121157769483,0.102337209231,120,0.105027060666,0.137736256421,230,5.75946112711
SSO_ALWAYS,SP500,200,0,LAG2,WAIT_ONE_TRADING_DAY,10,1986-09-26,1986-09-29,2026-09-02,10059,0.146560950323,-0.878411334357,235.495691218,39.9342915811,0.366966716039,0.47413179807,5187,2000-03-23,2009-03-09,2014-06-05,True,1914,5187,2008,-0.674837400222,1995,0.757677879096,-0.777415360384,-0.232046768979,-0.167615176251,0.012402672213,240,0.028485348882,0.0959075486485,0.102402197705,120,0.106620836879,0.134052026669,0,0
SSO_SMA_TO_SP500,SP500,200,0,LAG2,WAIT_ONE_TRADING_DAY,10,1986-09-26,1986-09-29,2026-09-02,10059,0.144301503265,-0.646582528471,217.656748565,39.9342915811,0.281387557276,0.512148688469,2758,2007-07-13,2009-03-09,2013-01-25,True,1418,2023,2008,-0.386910437672,1995,0.757677879096,-0.537642148339,-0.123694450526,-0.0709380239114,0.0530571478077,240,0.0628052531545,0.119098073346,0.108506010152,120,0.111210914292,0.141625144685,230,5.75946112711
SSO_SMA_TO_TBILL,SP500,200,0,LAG2,WAIT_ONE_TRADING_DAY,10,1986-09-26,1986-09-29,2026-09-02,10059,0.124657667678,-0.605734884113,109.008778843,39.9342915811,0.24637510655,0.477030316495,2193,1987-08-25,1988-08-22,1993-08-26,True,1830,2193,2022,-0.335784329151,1995,0.757677879096,-0.601969890204,-0.0505126883759,-0.0243888468192,0.059423667583,240,0.0629453798254,0.114089391727,0.0958861739817,120,0.09856028402,0.130939177283,230,5.75946112711
SSO_ALWAYS,SP500,200,0,LAG2,WAIT_ONE_TRADING_DAY,25,1986-09-26,1986-09-29,2026-09-02,10059,0.146560950323,-0.878411334357,235.495691218,39.9342915811,0.366966716039,0.47413179807,5187,2000-03-23,2009-03-09,2014-06-05,True,1914,5187,2008,-0.674837400222,1995,0.757677879096,-0.777415360384,-0.232046768979,-0.167615176251,0.012402672213,240,0.028485348882,0.0959075486485,0.102402197705,120,0.106620836879,0.134052026669,0,0
SSO_SMA_TO_SP500,SP500,200,0,LAG2,WAIT_ONE_TRADING_DAY,25,1986-09-26,1986-09-29,2026-09-02,10059,0.134441060164,-0.655496142072,154.055726997,39.9342915811,0.281446432607,0.481331051224,2877,2007-07-13,2009-03-09,2013-03-08,True,1460,2065,2008,-0.388750165255,1995,0.757677879096,-0.539022962095,-0.137024839745,-0.0829995749139,0.0422736078695,240,0.0519218904445,0.108506355857,0.098777442175,120,0.101458607298,0.131386310279,230,5.75946112711
SSO_SMA_TO_TBILL,SP500,200,0,LAG2,WAIT_ONE_TRADING_DAY,25,1986-09-26,1986-09-29,2026-09-02,10059,0.114966495457,-0.606917974567,77.1555524212,39.9342915811,0.246446912646,0.44182304088,2316,1987-08-25,1988-08-22,1993-12-27,True,1953,2316,2022,-0.350587924751,1995,0.757677879096,-0.603158591658,-0.0652373221544,-0.0372028311958,0.0481826326527,240,0.0516669777005,0.10358695547,0.0862683613214,120,0.0889190025999,0.120817233243,230,5.75946112711
SSO_ALWAYS,SP500,200,0,LAG2,WAIT_ONE_TRADING_DAY,50,1986-09-26,1986-09-29,2026-09-02,10059,0.146560950323,-0.878411334357,235.495691218,39.9342915811,0.366966716039,0.47413179807,5187,2000-03-23,2009-03-09,2014-06-05,True,1914,5187,2008,-0.674837400222,1995,0.757677879096,-0.777415360384,-0.232046768979,-0.167615176251,0.012402672213,240,0.028485348882,0.0959075486485,0.102402197705,120,0.106620836879,0.134052026669,0,0
SSO_SMA_TO_SP500,SP500,200,0,LAG2,WAIT_ONE_TRADING_DAY,50,1986-09-26,1986-09-29,2026-09-02,10059,0.118163059115,-0.717556576002,86.5004599554,39.9342915811,0.281644576469,0.429844303048,5218,1999-07-16,2009-03-09,2013-10-28,True,1694,5218,2008,-0.391810234716,1995,0.757677879096,-0.547364189767,-0.158836203572,-0.102794424433,0.024510583343,240,0.0339944343535,0.0900952116704,0.0827205872022,120,0.0853625714335,0.114011835879,230,5.75946112711
SSO_SMA_TO_TBILL,SP500,200,0,LAG2,WAIT_ONE_TRADING_DAY,50,1986-09-26,1986-09-29,2026-09-02,10059,0.0989679333274,-0.608885841441,43.3219257903,39.9342915811,0.246680738616,0.383012554498,2918,1987-08-25,1988-08-22,1995-07-06,True,2509,2872,2022,-0.374578213898,1995,0.757677879096,-0.605135829278,-0.0893203191111,-0.0582282272616,0.0296752433147,240,0.0330980665166,0.0860888485844,0.0703943063311,120,0.0730062127749,0.103955013895,230,5.75946112711
SSO_ALWAYS,SP500,200,50,LAG1,IMMEDIATE_NEXT_RETURN,0,1986-09-26,1986-09-29,2026-09-02,10059,0.140759411879,-0.88382474662,192.311074147,39.9342915811,0.366968976402,0.460298883961,5279,2000-03-23,2009-03-09,2014-09-05,True,2006,5279,2008,-0.676497683449,1995,0.748832811145,-0.778554211141,-0.23594133465,-0.171834067002,0.00727631095862,240,0.0232778552273,0.0903607865308,0.0968235380278,120,0.101020701297,0.128313937002,0,0
SSO_SMA_TO_SP500,SP500,200,50,LAG1,IMMEDIATE_NEXT_RETURN,0,1986-09-26,1986-09-29,2026-09-02,10059,0.157994975634,-0.625548480047,350.010390714,39.9342915811,0.275447578581,0.557701488579,2612,2007-07-13,2009-03-09,2012-09-13,True,1284,1889,2008,-0.374784077534,1995,0.748832811145,-0.486650234725,-0.121410896623,-0.073341156273,0.0514729758784,240,0.0612123498705,0.123051896324,0.123108442017,120,0.125849000571,0.146361047483,230,5.75946112711
SSO_SMA_TO_TBILL,SP500,200,50,LAG1,IMMEDIATE_NEXT_RETURN,0,1986-09-26,1986-09-29,2026-09-02,10059,0.147629121884,-0.44925050655,244.417863489,39.9342915811,0.23725989299,0.567886360633,2835,1999-07-16,2003-04-16,2007-04-20,True,1465,2835,2000,-0.286658998191,1995,0.748832811145,-0.333699058245,-0.0521511570305,-0.029902099278,0.0640646087088,240,0.0661808930893,0.121501630247,0.119959085368,120,0.121163943142,0.137895507474,230,5.75946112711
SSO_ALWAYS,SP500,200,50,LAG1,IMMEDIATE_NEXT_RETURN,10,1986-09-26,1986-09-29,2026-09-02,10059,0.140759411879,-0.88382474662,192.311074147,39.9342915811,0.366968976402,0.460298883961,5279,2000-03-23,2009-03-09,2014-09-05,True,2006,5279,2008,-0.676497683449,1995,0.748832811145,-0.778554211141,-0.23594133465,-0.171834067002,0.00727631095862,240,0.0232778552273,0.0903607865308,0.0968235380278,120,0.101020701297,0.128313937002,0,0
SSO_SMA_TO_SP500,SP500,200,50,LAG1,IMMEDIATE_NEXT_RETURN,10,1986-09-26,1986-09-29,2026-09-02,10059,0.15134140015,-0.641699123674,278.063016225,39.9342915811,0.275486371873,0.536732246212,4946,1999-07-16,2009-03-09,2013-01-29,True,1422,4946,2008,-0.376033884163,1995,0.748832811145,-0.492242286745,-0.130332609646,-0.0813688365348,0.0442914195425,240,0.0539642736482,0.11577215034,0.116535850538,120,0.11926037095,0.139372055007,230,5.75946112711
SSO_SMA_TO_TBILL,SP500,200,50,LAG1,IMMEDIATE_NEXT_RETURN,10,1986-09-26,1986-09-29,2026-09-02,10059,0.141035106236,-0.468734416249,194.175859186,39.9342915811,0.23727768883,0.54355685843,2877,1999-07-16,2003-04-16,2007-06-01,True,1507,2877,2000,-0.297284536012,1995,0.748832811145,-0.335024648958,-0.0600847724263,-0.0384045835906,0.0567970515697,240,0.0588988817361,0.11394895933,0.112958812222,120,0.114158051254,0.131011984372,230,5.75946112711
SSO_ALWAYS,SP500,200,50,LAG1,IMMEDIATE_NEXT_RETURN,25,1986-09-26,1986-09-29,2026-09-02,10059,0.140759411879,-0.88382474662,192.311074147,39.9342915811,0.366968976402,0.460298883961,5279,2000-03-23,2009-03-09,2014-09-05,True,2006,5279,2008,-0.676497683449,1995,0.748832811145,-0.778554211141,-0.23594133465,-0.171834067002,0.00727631095862,240,0.0232778552273,0.0903607865308,0.0968235380278,120,0.101020701297,0.128313937002,0,0
SSO_SMA_TO_SP500,SP500,200,50,LAG1,IMMEDIATE_NEXT_RETURN,25,1986-09-26,1986-09-29,2026-09-02,10059,0.141420294275,-0.685606850831,196.810805996,39.9342915811,0.275582797649,0.505219349468,5051,1999-07-16,2009-03-09,2013-05-14,True,1527,5051,2008,-0.377906249547,1995,0.748832811145,-0.500526632134,-0.143562018967,-0.0932949694686,0.0335976426158,240,0.0431714445392,0.10512859348,0.106274010879,120,0.109437419606,0.128884552604,230,5.75946112711
SSO_SMA_TO_TBILL,SP500,200,50,LAG1,IMMEDIATE_NEXT_RETURN,25,1986-09-26,1986-09-29,2026-09-02,10059,0.131202809669,-0.496709580576,137.43613901,39.9342915811,0.237348892466,0.506974359685,3896,1999-07-16,2003-04-16,2010-03-16,True,2526,3896,2000,-0.312946189308,1995,0.748832811145,-0.337010572002,-0.0718755135897,-0.051034480863,0.0459752141833,240,0.0480555211402,0.102849799138,0.102527371962,120,0.103718215839,0.120814788313,230,5.75946112711
SSO_ALWAYS,SP500,200,50,LAG1,IMMEDIATE_NEXT_RETURN,50,1986-09-26,1986-09-29,2026-09-02,10059,0.140759411879,-0.88382474662,192.311074147,39.9342915811,0.366968976402,0.460298883961,5279,2000-03-23,2009-03-09,2014-09-05,True,2006,5279,2008,-0.676497683449,1995,0.748832811145,-0.778554211141,-0.23594133465,-0.171834067002,0.00727631095862,240,0.0232778552273,0.0903607865308,0.0968235380278,120,0.101020701297,0.128313937002,0,0
SSO_SMA_TO_SP500,SP500,200,50,LAG1,IMMEDIATE_NEXT_RETURN,50,1986-09-26,1986-09-29,2026-09-02,10059,0.125042148772,-0.747269055982,110.506928724,39.9342915811,0.27584533657,0.45257970102,5347,1999-07-16,2009-03-09,2014-03-06,True,1823,5347,2008,-0.381020606361,1995,0.748832811145,-0.514061352669,-0.165208158114,-0.11286757723,0.0159824788644,240,0.0253931185653,0.0873749005333,0.0892903691724,120,0.0932247863062,0.112033424257,230,5.75946112711
SSO_SMA_TO_TBILL,SP500,200,50,LAG1,IMMEDIATE_NEXT_RETURN,50,1986-09-26,1986-09-29,2026-09-02,10059,0.114971274008,-0.540183011014,77.1687588031,39.9342915811,0.237586117386,0.445829709642,5235,1999-07-16,2003-04-16,2013-11-14,True,3865,5235,2000,-0.338327022537,1995,0.748832811145,-0.340394440036,-0.0912373716185,-0.0717578237841,0.0281491047593,240,0.0301939579321,0.0844625280334,0.0853242513747,120,0.0865011911078,0.104158066885,230,5.75946112711
SSO_ALWAYS,SP500,200,50,LAG2,WAIT_ONE_TRADING_DAY,0,1986-09-26,1986-09-29,2026-09-02,10059,0.140759411879,-0.88382474662,192.311074147,39.9342915811,0.366968976402,0.460298883961,5279,2000-03-23,2009-03-09,2014-09-05,True,2006,5279,2008,-0.676497683449,1995,0.748832811145,-0.778554211141,-0.23594133465,-0.171834067002,0.00727631095862,240,0.0232778552273,0.0903607865308,0.0968235380278,120,0.101020701297,0.128313937002,0,0
SSO_SMA_TO_SP500,SP500,200,50,LAG2,WAIT_ONE_TRADING_DAY,0,1986-09-26,1986-09-29,2026-09-02,10059,0.146364548359,-0.641205400488,233.890117943,39.9342915811,0.281372195553,0.518565725483,2698,2007-07-13,2009-03-09,2013-01-18,True,1411,2016,2008,-0.385725479694,1995,0.748832811145,-0.537633543021,-0.117821238131,-0.0656341844326,0.0564314607596,240,0.0662167632158,0.122266296269,0.110711824598,120,0.113422133485,0.144051929852,230,5.75946112711
SSO_SMA_TO_TBILL,SP500,200,50,LAG2,WAIT_ONE_TRADING_DAY,0,1986-09-26,1986-09-29,2026-09-02,10059,0.126685297176,-0.605705627159,117.138918542,39.9342915811,0.246352809527,0.484368659172,2191,1987-08-25,1988-08-22,1993-08-24,True,1828,2191,2022,-0.326402025916,1995,0.748832811145,-0.601962482141,-0.0437244575804,-0.0186046111474,0.0630915306205,240,0.0666255383516,0.116893492229,0.0980668762351,120,0.10074632949,0.13328167312,230,5.75946112711
SSO_ALWAYS,SP500,200,50,LAG2,WAIT_ONE_TRADING_DAY,10,1986-09-26,1986-09-29,2026-09-02,10059,0.140759411879,-0.88382474662,192.311074147,39.9342915811,0.366968976402,0.460298883961,5279,2000-03-23,2009-03-09,2014-09-05,True,2006,5279,2008,-0.676497683449,1995,0.748832811145,-0.778554211141,-0.23594133465,-0.171834067002,0.00727631095862,240,0.0232778552273,0.0903607865308,0.0968235380278,120,0.101020701297,0.128313937002,0,0
SSO_SMA_TO_SP500,SP500,200,50,LAG2,WAIT_ONE_TRADING_DAY,10,1986-09-26,1986-09-29,2026-09-02,10059,0.139777798662,-0.647256355743,185.812174112,39.9342915811,0.281386293803,0.49806193789,2832,2007-07-13,2009-03-09,2013-02-08,True,1432,2037,2008,-0.386953414461,1995,0.748832811145,-0.538553410671,-0.126779402668,-0.0737286304799,0.0492160379913,240,0.0589345068698,0.114920335183,0.1042117799,120,0.106906227671,0.137169942099,230,5.75946112711
SSO_SMA_TO_TBILL,SP500,200,50,LAG2,WAIT_ONE_TRADING_DAY,10,1986-09-26,1986-09-29,2026-09-02,10059,0.120211619976,-0.60649382161,93.0600972755,39.9342915811,0.246371965894,0.460945314819,2242,1987-08-25,1988-08-22,1993-10-14,True,1879,2242,2022,-0.336435573309,1995,0.748832811145,-0.602754368816,-0.0536244593088,-0.0272061130082,0.0555675892217,240,0.0590765853086,0.109821637165,0.0916408315859,120,0.0943046042962,0.126499265135,230,5.75946112711
SSO_ALWAYS,SP500,200,50,LAG2,WAIT_ONE_TRADING_DAY,25,1986-09-26,1986-09-29,2026-09-02,10059,0.140759411879,-0.88382474662,192.311074147,39.9342915811,0.366968976402,0.460298883961,5279,2000-03-23,2009-03-09,2014-09-05,True,2006,5279,2008,-0.676497683449,1995,0.748832811145,-0.778554211141,-0.23594133465,-0.171834067002,0.00727631095862,240,0.0232778552273,0.0903607865308,0.0968235380278,120,0.101020701297,0.128313937002,0,0
SSO_SMA_TO_SP500,SP500,200,50,LAG2,WAIT_ONE_TRADING_DAY,25,1986-09-26,1986-09-29,2026-09-02,10059,0.129956336312,-0.658446682055,131.516388794,39.9342915811,0.281444978704,0.467247798788,5004,1999-07-16,2009-03-09,2013-03-28,True,1480,5004,2008,-0.38879301308,1995,0.748832811145,-0.539931502977,-0.140062863491,-0.085753952421,0.0384718318739,240,0.0480907814646,0.104192127822,0.0945208993244,120,0.0971916998461,0.126951694936,230,5.75946112711
SSO_SMA_TO_TBILL,SP500,200,50,LAG2,WAIT_ONE_TRADING_DAY,25,1986-09-26,1986-09-29,2026-09-02,10059,0.110558759337,-0.607674634683,65.8672016133,39.9342915811,0.246443555205,0.425743105194,2347,1987-08-25,1988-08-22,1994-01-27,True,1984,2347,2022,-0.351224654414,1995,0.748832811145,-0.603940727456,-0.0683008357943,-0.0399830945227,0.0443674692841,240,0.0478392331014,0.0993225191217,0.082060277273,120,0.0847006719469,0.11638909951,230,5.75946112711
SSO_ALWAYS,SP500,200,50,LAG2,WAIT_ONE_TRADING_DAY,50,1986-09-26,1986-09-29,2026-09-02,10059,0.140759411879,-0.88382474662,192.311074147,39.9342915811,0.366968976402,0.460298883961,5279,2000-03-23,2009-03-09,2014-09-05,True,2006,5279,2008,-0.676497683449,1995,0.748832811145,-0.778554211141,-0.23594133465,-0.171834067002,0.00727631095862,240,0.0232778552273,0.0903607865308,0.0968235380278,120,0.101020701297,0.128313937002,0,0
SSO_SMA_TO_SP500,SP500,200,50,LAG2,WAIT_ONE_TRADING_DAY,50,1986-09-26,1986-09-29,2026-09-02,10059,0.113742686194,-0.725435835021,73.844889405,39.9342915811,0.281642804072,0.415771784844,5243,1999-07-16,2009-03-09,2013-11-22,True,1719,5243,2008,-0.391852868035,1995,0.748832811145,-0.547610744658,-0.161797442442,-0.10548934451,0.0207735993941,240,0.0302286173298,0.0859046104906,0.0785262468402,120,0.0811580179325,0.109661474869,230,5.75946112711
SSO_SMA_TO_TBILL,SP500,200,50,LAG2,WAIT_ONE_TRADING_DAY,50,1986-09-26,1986-09-29,2026-09-02,10059,0.0946234434487,-0.609638713528,36.9836509591,39.9342915811,0.246677019682,0.366948352612,5051,1987-08-25,1988-08-22,1995-07-17,True,2520,2883,2022,-0.375191421781,1995,0.748832811145,-0.605914068133,-0.092304905135,-0.0609477756845,0.0259274429339,240,0.0293379070476,0.0818671304482,0.0662477166242,120,0.068849526201,0.099631918688,230,5.75946112711
SSO_ALWAYS,SP500,200,100,LAG1,IMMEDIATE_NEXT_RETURN,0,1986-09-26,1986-09-29,2026-09-02,10059,0.134987070363,-0.888997281567,157.044669184,39.9342915811,0.366971338499,0.446466063453,5387,2000-03-23,2009-03-09,2014-12-22,True,2114,5387,2008,-0.678149534838,1995,0.740032014357,-0.779687266654,-0.239816256731,-0.176031690714,0.00217576665428,240,0.018096585587,0.0848419463738,0.0912729565194,120,0.0954487526238,0.12260472405,0,0
SSO_SMA_TO_SP500,SP500,200,100,LAG1,IMMEDIATE_NEXT_RETURN,0,1986-09-26,1986-09-29,2026-09-02,10059,0.153417966297,-0.626256697646,298.810207441,39.9342915811,0.275445108583,0.543312854165,2667,2007-07-13,2009-03-09,2012-09-13,True,1284,1889,2008,-0.374827596761,1995,0.740032014357,-0.486920968877,-0.124506341711,-0.0761239185935,0.0476330031124,240,0.0573427207384,0.11885843209,0.118758105599,120,0.121488071124,0.141880332914,230,5.75946112711
SSO_SMA_TO_TBILL,SP500,200,100,LAG1,IMMEDIATE_NEXT_RETURN,0,1986-09-26,1986-09-29,2026-09-02,10059,0.14309308389,-0.45263198489,208.663955212,39.9342915811,0.237255773054,0.551185059747,2848,1999-07-16,2003-04-16,2007-05-03,True,1478,2848,2000,-0.289137277773,1995,0.740032014357,-0.334974855985,-0.054373553983,-0.0327066184358,0.0601786513781,240,0.0622931465468,0.117028478175,0.115555908803,120,0.116755696019,0.133457873865,230,5.75946112711
SSO_ALWAYS,SP500,200,100,LAG1,IMMEDIATE_NEXT_RETURN,10,1986-09-26,1986-09-29,2026-09-02,10059,0.134987070363,-0.888997281567,157.044669184,39.9342915811,0.366971338499,0.446466063453,5387,2000-03-23,2009-03-09,2014-12-22,True,2114,5387,2008,-0.678149534838,1995,0.740032014357,-0.779687266654,-0.239816256731,-0.176031690714,0.00217576665428,240,0.018096585587,0.0848419463738,0.0912729565194,120,0.0954487526238,0.12260472405,0,0
SSO_SMA_TO_SP500,SP500,200,100,LAG1,IMMEDIATE_NEXT_RETURN,10,1986-09-26,1986-09-29,2026-09-02,10059,0.146790689266,-0.651692182405,237.387431243,39.9342915811,0.275483777896,0.522345942809,4981,1999-07-16,2009-03-09,2013-03-05,True,1457,4981,2008,-0.376077316395,1995,0.740032014357,-0.49251007172,-0.133396621755,-0.084127491681,0.0404776737756,240,0.050121074068,0.111605859559,0.112174500945,120,0.114924962287,0.134975610269,230,5.75946112711
SSO_SMA_TO_TBILL,SP500,200,100,LAG1,IMMEDIATE_NEXT_RETURN,10,1986-09-26,1986-09-29,2026-09-02,10059,0.136525131283,-0.471996267754,165.771446514,39.9342915811,0.237273424376,0.526857030122,3776,1999-07-16,2003-04-16,2009-11-16,True,2406,3776,2000,-0.299725900495,1995,0.740032014357,-0.336297908527,-0.0622885676335,-0.0411845223631,0.0529376353125,240,0.0550376884874,0.109564158112,0.108583157589,120,0.109777350239,0.126580806999,230,5.75946112711
SSO_ALWAYS,SP500,200,100,LAG1,IMMEDIATE_NEXT_RETURN,25,1986-09-26,1986-09-29,2026-09-02,10059,0.134987070363,-0.888997281567,157.044669184,39.9342915811,0.366971338499,0.446466063453,5387,2000-03-23,2009-03-09,2014-12-22,True,2114,5387,2008,-0.678149534838,1995,0.740032014357,-0.779687266654,-0.239816256731,-0.176031690714,0.00217576665428,240,0.018096585587,0.0848419463738,0.0912729565194,120,0.0954487526238,0.12260472405,0,0
SSO_SMA_TO_SP500,SP500,200,100,LAG1,IMMEDIATE_NEXT_RETURN,25,1986-09-26,1986-09-29,2026-09-02,10059,0.136908796856,-0.694375317257,168.020948311,39.9342915811,0.275580017405,0.490838501542,5109,1999-07-16,2009-03-09,2013-07-11,True,1585,5109,2008,-0.377949551449,1995,0.740032014357,-0.50079004805,-0.146579421222,-0.0960178103629,0.0298229504557,240,0.0393676001794,0.100975805478,0.101918779113,120,0.105140059738,0.124500088293,230,5.75946112711
SSO_SMA_TO_TBILL,SP500,200,100,LAG1,IMMEDIATE_NEXT_RETURN,25,1986-09-26,1986-09-29,2026-09-02,10059,0.12673169716,-0.499799670848,117.331720135,39.9342915811,0.237344411245,0.490279814313,3912,1999-07-16,2003-04-16,2010-04-01,True,2542,3912,2000,-0.315333142289,1995,0.740032014357,-0.33828002903,-0.0740516633475,-0.0537779070435,0.0421553192088,240,0.0442338673711,0.0985137292969,0.0981927290715,120,0.0993785626786,0.116365932075,230,5.75946112711
SSO_ALWAYS,SP500,200,100,LAG1,IMMEDIATE_NEXT_RETURN,50,1986-09-26,1986-09-29,2026-09-02,10059,0.134987070363,-0.888997281567,157.044669184,39.9342915811,0.366971338499,0.446466063453,5387,2000-03-23,2009-03-09,2014-12-22,True,2114,5387,2008,-0.678149534838,1995,0.740032014357,-0.779687266654,-0.239816256731,-0.176031690714,0.00217576665428,240,0.018096585587,0.0848419463738,0.0912729565194,120,0.0954487526238,0.12260472405,0,0
SSO_SMA_TO_SP500,SP500,200,100,LAG1,IMMEDIATE_NEXT_RETURN,50,1986-09-26,1986-09-29,2026-09-02,10059,0.120595386456,-0.754317755368,94.3417657645,39.9342915811,0.275842245313,0.438213147503,5432,1999-07-16,2009-03-09,2014-05-30,True,1908,5432,2008,-0.381063691483,1995,0.740032014357,-0.514317630545,-0.168149296693,-0.115531641461,0.0122721171728,240,0.0216541015025,0.0833188198682,0.0850019994096,120,0.0889902254012,0.107673309179,230,5.75946112711
SSO_SMA_TO_TBILL,SP500,200,100,LAG1,IMMEDIATE_NEXT_RETURN,50,1986-09-26,1986-09-29,2026-09-02,10059,0.110564317123,-0.551786581907,65.8803665197,39.9342915811,0.237581275271,0.429152136245,5274,1999-07-16,2009-07-10,2013-12-23,True,1627,5274,2000,-0.340625797773,1995,0.740032014357,-0.343217156672,-0.0939318552296,-0.0744413395038,0.0243943106255,240,0.0264374349781,0.0802933116873,0.0810572434348,120,0.0822292326855,0.099842515919,230,5.75946112711
SSO_ALWAYS,SP500,200,100,LAG2,WAIT_ONE_TRADING_DAY,0,1986-09-26,1986-09-29,2026-09-02,10059,0.134987070363,-0.888997281567,157.044669184,39.9342915811,0.366971338499,0.446466063453,5387,2000-03-23,2009-03-09,2014-12-22,True,2114,5387,2008,-0.678149534838,1995,0.740032014357,-0.779687266654,-0.239816256731,-0.176031690714,0.00217576665428,240,0.018096585587,0.0848419463738,0.0912729565194,120,0.0954487526238,0.12260472405,0,0
SSO_SMA_TO_SP500,SP500,200,100,LAG2,WAIT_ONE_TRADING_DAY,0,1986-09-26,1986-09-29,2026-09-02,10059,0.141832563791,-0.641889498155,199.669630119,39.9342915811,0.281371224037,0.504477532611,2709,2007-07-13,2009-03-09,2013-01-25,True,1418,2023,2008,-0.385768540859,1995,0.740032014357,-0.538544848652,-0.1209269523,-0.0684407992309,0.0525779370521,240,0.0623334855293,0.118108614213,0.106408931231,120,0.10910876261,0.139529939809,230,5.75946112711
SSO_SMA_TO_TBILL,SP500,200,100,LAG2,WAIT_ONE_TRADING_DAY,0,1986-09-26,1986-09-29,2026-09-02,10059,0.122231111649,-0.606464642785,100.000311016,39.9342915811,0.246350002074,0.468281464383,2242,1987-08-25,1988-08-22,1993-10-14,True,1879,2242,2022,-0.327062487165,1995,0.740032014357,-0.602746998029,-0.046858562141,-0.0214386584134,0.0592219956734,240,0.0627432424625,0.112673628755,0.0938129693494,120,0.0964820643775,0.128844410182,230,5.75946112711
SSO_ALWAYS,SP500,200,100,LAG2,WAIT_ONE_TRADING_DAY,10,1986-09-26,1986-09-29,2026-09-02,10059,0.134987070363,-0.888997281567,157.044669184,39.9342915811,0.366971338499,0.446466063453,5387,2000-03-23,2009-03-09,2014-12-22,True,2114,5387,2008,-0.678149534838,1995,0.740032014357,-0.779687266654,-0.239816256731,-0.176031690714,0.00217576665428,240,0.018096585587,0.0848419463738,0.0912729565194,120,0.0954487526238,0.12260472405,0,0
SSO_SMA_TO_SP500,SP500,200,100,LAG2,WAIT_ONE_TRADING_DAY,10,1986-09-26,1986-09-29,2026-09-02,10059,0.135271853846,-0.647928916324,158.625975321,39.9342915811,0.281385195654,0.483974846981,2840,2007-07-13,2009-03-09,2013-02-19,True,1443,2048,2008,-0.386996389546,1995,0.740032014357,-0.53946290328,-0.12985357958,-0.0765109314691,0.0453888338358,240,0.0550777519548,0.110741370665,0.0999340676809,120,0.10261809926,0.132732006214,230,5.75946112711
SSO_SMA_TO_TBILL,SP500,200,100,LAG2,WAIT_ONE_TRADING_DAY,10,1986-09-26,1986-09-29,2026-09-02,10059,0.115783027185,-0.607251319964,79.4444646283,39.9342915811,0.246369014025,0.444859667247,2330,1987-08-25,1988-08-22,1994-01-10,True,1967,2330,2022,-0.337086196688,1995,0.740032014357,-0.603537323927,-0.0567261175302,-0.0300153210879,0.0517254405846,240,0.055221766044,0.105504124758,0.0874118191726,120,0.0900652942743,0.12208855704,230,5.75946112711
SSO_ALWAYS,SP500,200,100,LAG2,WAIT_ONE_TRADING_DAY,25,1986-09-26,1986-09-29,2026-09-02,10059,0.134987070363,-0.888997281567,157.044669184,39.9342915811,0.366971338499,0.446466063453,5387,2000-03-23,2009-03-09,2014-12-22,True,2114,5387,2008,-0.678149534838,1995,0.740032014357,-0.779687266654,-0.239816256731,-0.176031690714,0.00217576665428,240,0.018096585587,0.0848419463738,0.0912729565194,120,0.0954487526238,0.12260472405,0,0
SSO_SMA_TO_SP500,SP500,200,100,LAG2,WAIT_ONE_TRADING_DAY,25,1986-09-26,1986-09-29,2026-09-02,10059,0.12548921921,-0.667975175062,112.274212078,39.9342915811,0.281443690081,0.453164205199,5040,1999-07-16,2009-03-09,2013-05-03,True,1516,5040,2008,-0.388835859208,1995,0.740032014357,-0.540838279421,-0.143090275921,-0.0885001321759,0.034683819142,240,0.0442735205797,0.0998780528014,0.0902807295397,120,0.0929412052847,0.122517259962,230,5.75946112711
SSO_SMA_TO_TBILL,SP500,200,100,LAG2,WAIT_ONE_TRADING_DAY,25,1986-09-26,1986-09-29,2026-09-02,10059,0.106168327719,-0.608429859975,56.2301643984,39.9342915811,0.246440386484,0.409662522649,2369,1987-08-25,1988-08-22,1994-02-02,True,1990,2353,2022,-0.351860777134,1995,0.740032014357,-0.604721344301,-0.0713543935505,-0.0427554055781,0.040566087838,240,0.0440253154698,0.0951864970874,0.0778683798906,120,0.0804985673306,0.112017975282,230,5.75946112711
SSO_ALWAYS,SP500,200,100,LAG2,WAIT_ONE_TRADING_DAY,50,1986-09-26,1986-09-29,2026-09-02,10059,0.134987070363,-0.888997281567,157.044669184,39.9342915811,0.366971338499,0.446466063453,5387,2000-03-23,2009-03-09,2014-12-22,True,2114,5387,2008,-0.678149534838,1995,0.740032014357,-0.779687266654,-0.239816256731,-0.176031690714,0.00217576665428,240,0.018096585587,0.0848419463738,0.0912729565194,120,0.0954487526238,0.12260472405,0,0
SSO_SMA_TO_SP500,SP500,200,100,LAG2,WAIT_ONE_TRADING_DAY,50,1986-09-26,1986-09-29,2026-09-02,10059,0.109339667387,-0.733095496305,63.0406358479,39.9342915811,0.281641196825,0.401698924292,5282,1999-07-16,2009-03-09,2013-12-31,True,1758,5282,2008,-0.391895499664,1995,0.740032014357,-0.547857172047,-0.164748338192,-0.108176243796,0.0170501441475,240,0.0264764123939,0.0818547533781,0.0743480402782,120,0.0769696374736,0.10532798578,230,5.75946112711
SSO_SMA_TO_TBILL,SP500,200,100,LAG2,WAIT_ONE_TRADING_DAY,50,1986-09-26,1986-09-29,2026-09-02,10059,0.0902960097711,-0.610390157973,31.5725690867,39.9342915811,0.246673489267,0.350883502876,5116,1987-08-25,1988-08-22,1995-09-08,True,2573,2936,2022,-0.37580404514,1995,0.740032014357,-0.606690795603,-0.0952797917762,-0.0636595454963,0.022193181133,240,0.0255913304082,0.0776492923821,0.0621170770413,120,0.0647088285464,0.09532563701,230,5.75946112711
SSO_ALWAYS,SP500,250,0,LAG1,IMMEDIATE_NEXT_RETURN,0,1986-09-26,1986-09-29,2026-09-02,10059,0.146560950323,-0.878411334357,235.495691218,39.9342915811,0.366966716039,0.47413179807,5187,2000-03-23,2009-03-09,2014-06-05,True,1914,5187,2008,-0.674837400222,1995,0.757677879096,-0.777415360384,-0.232046768979,-0.167615176251,0.012402672213,240,0.028485348882,0.0959075486485,0.102402197705,120,0.106620836879,0.134052026669,0,0
SSO_SMA_TO_SP500,SP500,250,0,LAG1,IMMEDIATE_NEXT_RETURN,0,1986-09-26,1986-09-29,2026-09-02,10059,0.156923650463,-0.630218228088,337.309302253,39.9342915811,0.278984711268,0.550861544745,2486,2007-07-13,2009-03-09,2013-01-25,True,1418,2023,2008,-0.379210565231,1995,0.757677879096,-0.508638690558,-0.114176895726,-0.0600177987154,0.0542224841932,240,0.0639813770095,0.128017951601,0.122332250139,120,0.125070892169,0.146828365608,216,5.40888523241
SSO_SMA_TO_TBILL,SP500,250,0,LAG1,IMMEDIATE_NEXT_RETURN,0,1986-09-26,1986-09-29,2026-09-02,10059,0.141924848625,-0.431353598682,200.315090179,39.9342915811,0.24271431634,0.540023473488,1365,1987-08-25,1988-11-16,1989-10-06,True,324,773,2011,-0.31626818147,1995,0.757677879096,-0.40651747952,-0.0644568946027,0.00217349018822,0.0665188934482,240,0.0686340842916,0.120834347221,0.1149485503,120,0.117669175107,0.136657444476,216,5.40888523241
SSO_ALWAYS,SP500,250,0,LAG1,IMMEDIATE_NEXT_RETURN,10,1986-09-26,1986-09-29,2026-09-02,10059,0.146560950323,-0.878411334357,235.495691218,39.9342915811,0.366966716039,0.47413179807,5187,2000-03-23,2009-03-09,2014-06-05,True,1914,5187,2008,-0.674837400222,1995,0.757677879096,-0.777415360384,-0.232046768979,-0.167615176251,0.012402672213,240,0.028485348882,0.0959075486485,0.102402197705,120,0.106620836879,0.134052026669,0,0
SSO_SMA_TO_SP500,SP500,250,0,LAG1,IMMEDIATE_NEXT_RETURN,10,1986-09-26,1986-09-29,2026-09-02,10059,0.150679762218,-0.634265550474,271.752642023,39.9342915811,0.279029259554,0.531411378308,2525,2007-07-13,2009-03-09,2013-03-05,True,1457,2062,2008,-0.379831354665,1995,0.757677879096,-0.513022385638,-0.120007778853,-0.0647999316691,0.0484897407274,240,0.0581955657806,0.12250133574,0.116285249378,120,0.119009135911,0.141107055365,216,5.40888523241
SSO_SMA_TO_TBILL,SP500,250,0,LAG1,IMMEDIATE_NEXT_RETURN,10,1986-09-26,1986-09-29,2026-09-02,10059,0.135761908541,-0.445151826382,161.383497667,39.9342915811,0.242739875566,0.517677497269,1582,2010-04-23,2011-12-30,2013-05-17,True,504,1120,2011,-0.329813684947,1995,0.757677879096,-0.41592315389,-0.073025184413,-0.00292643134763,0.0607192834899,240,0.0628229721631,0.114964490853,0.108941332089,120,0.111647298474,0.13091116019,216,5.40888523241
SSO_ALWAYS,SP500,250,0,LAG1,IMMEDIATE_NEXT_RETURN,25,1986-09-26,1986-09-29,2026-09-02,10059,0.146560950323,-0.878411334357,235.495691218,39.9342915811,0.366966716039,0.47413179807,5187,2000-03-23,2009-03-09,2014-06-05,True,1914,5187,2008,-0.674837400222,1995,0.757677879096,-0.777415360384,-0.232046768979,-0.167615176251,0.012402672213,240,0.028485348882,0.0959075486485,0.102402197705,120,0.106620836879,0.134052026669,0,0
SSO_SMA_TO_SP500,SP500,250,0,LAG1,IMMEDIATE_NEXT_RETURN,25,1986-09-26,1986-09-29,2026-09-02,10059,0.14136545447,-0.640261062925,196.433547441,39.9342915811,0.279131548468,0.502184055895,2598,2007-07-13,2009-03-09,2013-04-10,True,1493,2098,2008,-0.380762538818,1995,0.757677879096,-0.51953279569,-0.128693026475,-0.0719364447403,0.039938372023,240,0.0495650374188,0.113958546759,0.107264545091,120,0.109966419889,0.132600225771,216,5.40888523241
SSO_SMA_TO_TBILL,SP500,250,0,LAG1,IMMEDIATE_NEXT_RETURN,25,1986-09-26,1986-09-29,2026-09-02,10059,0.12656835505,-0.472786758673,116.654368874,39.9342915811,0.242819096179,0.484085987447,1627,2010-04-23,2011-12-30,2013-08-02,True,581,1197,2011,-0.349654891462,1995,0.757677879096,-0.429770022715,-0.0857465070693,-0.0105371760747,0.05206817196,240,0.0541547031763,0.105729987852,0.0999799740183,120,0.102664073481,0.122334241927,216,5.40888523241
SSO_ALWAYS,SP500,250,0,LAG1,IMMEDIATE_NEXT_RETURN,50,1986-09-26,1986-09-29,2026-09-02,10059,0.146560950323,-0.878411334357,235.495691218,39.9342915811,0.366966716039,0.47413179807,5187,2000-03-23,2009-03-09,2014-06-05,True,1914,5187,2008,-0.674837400222,1995,0.757677879096,-0.777415360384,-0.232046768979,-0.167615176251,0.012402672213,240,0.028485348882,0.0959075486485,0.102402197705,120,0.106620836879,0.134052026669,0,0
SSO_SMA_TO_SP500,SP500,250,0,LAG1,IMMEDIATE_NEXT_RETURN,50,1986-09-26,1986-09-29,2026-09-02,10059,0.125978227472,-0.66185962294,114.238833363,39.9342915811,0.279396479863,0.453366379767,4879,2000-03-23,2009-03-09,2013-08-01,True,1606,4879,2008,-0.382314512405,1995,0.757677879096,-0.530211797055,-0.143006813074,-0.0837333075889,0.0258126835873,240,0.0353085880845,0.0994910376718,0.0923620779765,120,0.0950275887453,0.118398868987,216,5.40888523241
SSO_SMA_TO_TBILL,SP500,250,0,LAG1,IMMEDIATE_NEXT_RETURN,50,1986-09-26,1986-09-29,2026-09-02,10059,0.111380613963,-0.515903094518,67.8420727033,39.9342915811,0.24306001182,0.427957423543,1928,2010-04-23,2011-12-30,2013-11-13,True,684,1300,2011,-0.381489031261,1995,0.757677879096,-0.452166483666,-0.106603252748,-0.0231179223991,0.0377777220545,240,0.0398359115049,0.0907635699372,0.0851755485882,120,0.0878235232563,0.108060518678,216,5.40888523241
SSO_ALWAYS,SP500,250,0,LAG2,WAIT_ONE_TRADING_DAY,0,1986-09-26,1986-09-29,2026-09-02,10059,0.146560950323,-0.878411334357,235.495691218,39.9342915811,0.366966716039,0.47413179807,5187,2000-03-23,2009-03-09,2014-06-05,True,1914,5187,2008,-0.674837400222,1995,0.757677879096,-0.777415360384,-0.232046768979,-0.167615176251,0.012402672213,240,0.028485348882,0.0959075486485,0.102402197705,120,0.106620836879,0.134052026669,0,0
SSO_SMA_TO_SP500,SP500,250,0,LAG2,WAIT_ONE_TRADING_DAY,0,1986-09-26,1986-09-29,2026-09-02,10059,0.145529683415,-0.620442785742,227.183443194,39.9342915811,0.287340693526,0.511460220196,2427,2007-07-13,2009-03-09,2012-09-14,True,1285,1890,2008,-0.37929623559,1995,0.757677879096,-0.549516652454,-0.107654438186,-0.0522563827182,0.0544079675351,240,0.0641685773628,0.124801404745,0.111796002296,120,0.114508934461,0.143541079278,216,5.40888523241
SSO_SMA_TO_TBILL,SP500,250,0,LAG2,WAIT_ONE_TRADING_DAY,0,1986-09-26,1986-09-29,2026-09-02,10059,0.122125815625,-0.637887145087,99.6263003736,39.9342915811,0.255379888,0.460611054999,2316,1987-08-25,1988-09-01,1993-12-27,True,1943,2316,2022,-0.324118943654,1995,0.757677879096,-0.627066287438,-0.0542701392108,0.0120635764412,0.0674871324727,240,0.0696042435917,0.116125472872,0.0969951558801,120,0.0996719719837,0.127977504067,216,5.40888523241
SSO_ALWAYS,SP500,250,0,LAG2,WAIT_ONE_TRADING_DAY,10,1986-09-26,1986-09-29,2026-09-02,10059,0.146560950323,-0.878411334357,235.495691218,39.9342915811,0.366966716039,0.47413179807,5187,2000-03-23,2009-03-09,2014-06-05,True,1914,5187,2008,-0.674837400222,1995,0.757677879096,-0.777415360384,-0.232046768979,-0.167615176251,0.012402672213,240,0.028485348882,0.0959075486485,0.102402197705,120,0.106620836879,0.134052026669,0,0
SSO_SMA_TO_SP500,SP500,250,0,LAG2,WAIT_ONE_TRADING_DAY,10,1986-09-26,1986-09-29,2026-09-02,10059,0.139347288127,-0.624597101954,183.029938693,39.9342915811,0.287324425748,0.492625088714,2457,2007-07-13,2009-03-09,2013-01-22,True,1415,2020,2008,-0.379916939354,1995,0.757677879096,-0.556195047983,-0.113528255041,-0.057078001657,0.0486742154318,240,0.0583817481595,0.119339568685,0.105805769662,120,0.108504084851,0.13765440398,216,5.40888523241
SSO_SMA_TO_TBILL,SP500,250,0,LAG2,WAIT_ONE_TRADING_DAY,10,1986-09-26,1986-09-29,2026-09-02,10059,0.116069730431,-0.644350067588,80.2637524687,39.9342915811,0.255395604559,0.439393895376,2351,1987-08-25,1988-09-01,1994-01-31,True,1978,2351,2022,-0.331516573113,1995,0.757677879096,-0.632610006062,-0.0618064679239,0.00630913943401,0.0616822573393,240,0.0637878558459,0.109617054071,0.0910846685523,120,0.0937470622699,0.122330430162,216,5.40888523241
SSO_ALWAYS,SP500,250,0,LAG2,WAIT_ONE_TRADING_DAY,25,1986-09-26,1986-09-29,2026-09-02,10059,0.146560950323,-0.878411334357,235.495691218,39.9342915811,0.366966716039,0.47413179807,5187,2000-03-23,2009-03-09,2014-06-05,True,1914,5187,2008,-0.674837400222,1995,0.757677879096,-0.777415360384,-0.232046768979,-0.167615176251,0.012402672213,240,0.028485348882,0.0959075486485,0.102402197705,120,0.106620836879,0.134052026669,0,0
SSO_SMA_TO_SP500,SP500,250,0,LAG2,WAIT_ONE_TRADING_DAY,25,1986-09-26,1986-09-29,2026-09-02,10059,0.130124712375,-0.630751110012,132.301271765,39.9342915811,0.287334710114,0.464312423038,2580,2007-07-13,2009-03-09,2013-03-06,True,1458,2063,2008,-0.380847995001,1995,0.757677879096,-0.566039638353,-0.122277453534,-0.0642734407873,0.0401213421717,240,0.0497497013144,0.111002558571,0.0968697500799,120,0.0995462601764,0.128819172526,216,5.40888523241
SSO_SMA_TO_TBILL,SP500,250,0,LAG2,WAIT_ONE_TRADING_DAY,25,1986-09-26,1986-09-29,2026-09-02,10059,0.107035577508,-0.653840527097,58.0178117532,39.9342915811,0.255458065294,0.40751113145,2858,1987-08-25,1988-09-01,1995-06-22,True,2485,2858,2022,-0.342475072414,1995,0.757677879096,-0.640781558085,-0.0730124384004,-0.00227191317679,0.0530232918991,240,0.0551117173724,0.100331724529,0.0822676102303,120,0.0849084891367,0.11384714102,216,5.40888523241
SSO_ALWAYS,SP500,250,0,LAG2,WAIT_ONE_TRADING_DAY,50,1986-09-26,1986-09-29,2026-09-02,10059,0.146560950323,-0.878411334357,235.495691218,39.9342915811,0.366966716039,0.47413179807,5187,2000-03-23,2009-03-09,2014-06-05,True,1914,5187,2008,-0.674837400222,1995,0.757677879096,-0.777415360384,-0.232046768979,-0.167615176251,0.012402672213,240,0.028485348882,0.0959075486485,0.102402197705,120,0.106620836879,0.134052026669,0,0
SSO_SMA_TO_SP500,SP500,250,0,LAG2,WAIT_ONE_TRADING_DAY,50,1986-09-26,1986-09-29,2026-09-02,10059,0.114889026542,-0.640804291986,76.9417603857,39.9342915811,0.287444324621,0.416995187349,2629,2007-07-13,2009-03-09,2013-05-08,True,1521,2126,2008,-0.382399754412,1995,0.757677879096,-0.581995787124,-0.136696634838,-0.0761677101186,0.0259931684163,240,0.0354907436539,0.0965206638794,0.082107184574,120,0.0847476720201,0.114310866293,216,5.40888523241
SSO_SMA_TO_TBILL,SP500,250,0,LAG2,WAIT_ONE_TRADING_DAY,50,1986-09-26,1986-09-29,2026-09-02,10059,0.0921111659975,-0.669128472921,33.741116094,39.9342915811,0.255665762023,0.354264536337,2977,1987-08-25,1988-09-01,1995-10-19,True,2604,2977,2022,-0.360376866917,1995,0.757677879096,-0.654024959139,-0.0914289452739,-0.0164395572393,0.0387198684107,240,0.0407799263881,0.0849446391217,0.0677015722028,120,0.0703069080122,0.0996243325027,216,5.40888523241
SSO_ALWAYS,SP500,250,50,LAG1,IMMEDIATE_NEXT_RETURN,0,1986-09-26,1986-09-29,2026-09-02,10059,0.140759411879,-0.88382474662,192.311074147,39.9342915811,0.366968976402,0.460298883961,5279,2000-03-23,2009-03-09,2014-09-05,True,2006,5279,2008,-0.676497683449,1995,0.748832811145,-0.778554211141,-0.23594133465,-0.171834067002,0.00727631095862,240,0.0232778552273,0.0903607865308,0.0968235380278,120,0.101020701297,0.128313937002,0,0
SSO_SMA_TO_SP500,SP500,250,50,LAG1,IMMEDIATE_NEXT_RETURN,0,1986-09-26,1986-09-29,2026-09-02,10059,0.152262095173,-0.631005419783,287.082411424,39.9342915811,0.27898172972,0.536379163489,2507,2007-07-13,2009-03-09,2013-02-01,True,1425,2030,2008,-0.379228318543,1995,0.748832811145,-0.508981214315,-0.117464609795,-0.0629333626965,0.0503114225466,240,0.0600400375344,0.123672939318,0.11790954905,120,0.120637421499,0.142299372787,216,5.40888523241
SSO_SMA_TO_TBILL,SP500,250,50,LAG1,IMMEDIATE_NEXT_RETURN,0,1986-09-26,1986-09-29,2026-09-02,10059,0.137323727525,-0.432787650646,170.487261244,39.9342915811,0.242709394492,0.523379986892,1365,1987-08-25,1988-11-16,1989-10-06,True,324,773,2011,-0.318560644905,1995,0.748832811145,-0.407369748625,-0.0672471423386,-0.000755890745454,0.0625622133336,240,0.0646755096475,0.116571030012,0.110554945673,120,0.113264871751,0.132143292826,216,5.40888523241
SSO_ALWAYS,SP500,250,50,LAG1,IMMEDIATE_NEXT_RETURN,10,1986-09-26,1986-09-29,2026-09-02,10059,0.140759411879,-0.88382474662,192.311074147,39.9342915811,0.366968976402,0.460298883961,5279,2000-03-23,2009-03-09,2014-09-05,True,2006,5279,2008,-0.676497683449,1995,0.748832811145,-0.778554211141,-0.23594133465,-0.171834067002,0.00727631095862,240,0.0232778552273,0.0903607865308,0.0968235380278,120,0.101020701297,0.128313937002,0,0
SSO_SMA_TO_SP500,SP500,250,50,LAG1,IMMEDIATE_NEXT_RETURN,10,1986-09-26,1986-09-29,2026-09-02,10059,0.146043365226,-0.635044126226,231.287436372,39.9342915811,0.27902616676,0.516931576419,2584,2007-07-13,2009-03-09,2013-03-08,True,1460,2065,2008,-0.379849090224,1995,0.748832811145,-0.513361853558,-0.12327385172,-0.0677006628005,0.0445999469947,240,0.0542756588669,0.118217624875,0.111886377309,120,0.114599552286,0.136547136254,216,5.40888523241
SSO_SMA_TO_TBILL,SP500,250,50,LAG1,IMMEDIATE_NEXT_RETURN,10,1986-09-26,1986-09-29,2026-09-02,10059,0.131185619578,-0.448585366465,137.352760107,39.9342915811,0.242734825332,0.501035910456,1627,2010-04-23,2011-12-30,2013-07-12,True,560,1176,2011,-0.332060732079,1995,0.748832811145,-0.416761916,-0.0757898773123,-0.00584090506907,0.0567841193574,240,0.0588859238033,0.110749685079,0.104571399713,120,0.107266725012,0.126408796353,216,5.40888523241
SSO_ALWAYS,SP500,250,50,LAG1,IMMEDIATE_NEXT_RETURN,25,1986-09-26,1986-09-29,2026-09-02,10059,0.140759411879,-0.88382474662,192.311074147,39.9342915811,0.366968976402,0.460298883961,5279,2000-03-23,2009-03-09,2014-09-05,True,2006,5279,2008,-0.676497683449,1995,0.748832811145,-0.778554211141,-0.23594133465,-0.171834067002,0.00727631095862,240,0.0232778552273,0.0903607865308,0.0968235380278,120,0.101020701297,0.128313937002,0,0
SSO_SMA_TO_SP500,SP500,250,50,LAG1,IMMEDIATE_NEXT_RETURN,25,1986-09-26,1986-09-29,2026-09-02,10059,0.136766587319,-0.641026875426,167.183697891,39.9342915811,0.279128288555,0.487709931673,2612,2007-07-13,2009-03-09,2013-05-03,True,1516,2121,2008,-0.380780247746,1995,0.748832811145,-0.51986772526,-0.131926864226,-0.0748150403884,0.0360803030265,240,0.0456771008412,0.109748142318,0.102901220319,120,0.105592470122,0.128096587426,216,5.40888523241
SSO_SMA_TO_TBILL,SP500,250,50,LAG1,IMMEDIATE_NEXT_RETURN,25,1986-09-26,1986-09-29,2026-09-02,10059,0.122029109376,-0.476049286842,99.284002237,39.9342915811,0.242813853459,0.467450005345,1629,2010-04-23,2011-12-30,2013-09-18,True,628,1244,2011,-0.351835413621,1995,0.748832811145,-0.430588900064,-0.0884732587539,-0.013429403378,0.0481651025997,240,0.0502497649563,0.101388759612,0.0956453550777,120,0.0983188994456,0.117863158233,216,5.40888523241
SSO_ALWAYS,SP500,250,50,LAG1,IMMEDIATE_NEXT_RETURN,50,1986-09-26,1986-09-29,2026-09-02,10059,0.140759411879,-0.88382474662,192.311074147,39.9342915811,0.366968976402,0.460298883961,5279,2000-03-23,2009-03-09,2014-09-05,True,2006,5279,2008,-0.676497683449,1995,0.748832811145,-0.778554211141,-0.23594133465,-0.171834067002,0.00727631095862,240,0.0232778552273,0.0903607865308,0.0968235380278,120,0.101020701297,0.128313937002,0,0
SSO_SMA_TO_SP500,SP500,250,50,LAG1,IMMEDIATE_NEXT_RETURN,50,1986-09-26,1986-09-29,2026-09-02,10059,0.12144135958,-0.670504033654,97.2281509608,39.9342915811,0.279392940939,0.438906520582,4957,2000-03-23,2009-03-09,2013-10-18,True,1684,4957,2008,-0.38233217695,1995,0.748832811145,-0.530539282384,-0.146187525503,-0.0865753126415,0.0220070195045,240,0.0314734621178,0.0951777518531,0.0880574783791,120,0.0907125071526,0.11397380373,216,5.40888523241
SSO_SMA_TO_TBILL,SP500,250,50,LAG1,IMMEDIATE_NEXT_RETURN,50,1986-09-26,1986-09-29,2026-09-02,10059,0.106902563767,-0.518898807954,57.7400792019,39.9342915811,0.243054448821,0.411338101029,1932,2010-04-23,2011-12-30,2013-11-14,True,685,1301,2011,-0.383562817709,1995,0.748832811145,-0.452953198632,-0.109267799403,-0.0259733758317,0.0339276688567,240,0.0359840148325,0.0864008031505,0.0808992684759,120,0.0835368301085,0.103638078399,216,5.40888523241
SSO_ALWAYS,SP500,250,50,LAG2,WAIT_ONE_TRADING_DAY,0,1986-09-26,1986-09-29,2026-09-02,10059,0.140759411879,-0.88382474662,192.311074147,39.9342915811,0.366968976402,0.460298883961,5279,2000-03-23,2009-03-09,2014-09-05,True,2006,5279,2008,-0.676497683449,1995,0.748832811145,-0.778554211141,-0.23594133465,-0.171834067002,0.00727631095862,240,0.0232778552273,0.0903607865308,0.0968235380278,120,0.101020701297,0.128313937002,0,0
SSO_SMA_TO_SP500,SP500,250,50,LAG2,WAIT_ONE_TRADING_DAY,0,1986-09-26,1986-09-29,2026-09-02,10059,0.140911369272,-0.621234718411,193.336737139,39.9342915811,0.28733942121,0.497391200594,2435,2007-07-13,2009-03-09,2013-01-10,True,1403,2008,2008,-0.379322608281,1995,0.748832811145,-0.550174220807,-0.110958711469,-0.0552073513276,0.0504924791892,240,0.0602227712324,0.120423407105,0.107411740863,120,0.110113997035,0.138965810169,216,5.40888523241
SSO_SMA_TO_TBILL,SP500,250,50,LAG2,WAIT_ONE_TRADING_DAY,0,1986-09-26,1986-09-29,2026-09-02,10059,0.117601856447,-0.638413390925,84.7835721504,39.9342915811,0.255376613264,0.444784395964,2347,1987-08-25,1988-09-01,1994-01-27,True,1974,2347,2022,-0.324988366834,1995,0.748832811145,-0.627591516466,-0.0579502366021,0.00863504397009,0.0635230753379,240,0.0656382826798,0.111623265029,0.0926692601721,120,0.0953355424074,0.123434527807,216,5.40888523241
SSO_ALWAYS,SP500,250,50,LAG2,WAIT_ONE_TRADING_DAY,10,1986-09-26,1986-09-29,2026-09-02,10059,0.140759411879,-0.88382474662,192.311074147,39.9342915811,0.366968976402,0.460298883961,5279,2000-03-23,2009-03-09,2014-09-05,True,2006,5279,2008,-0.676497683449,1995,0.748832811145,-0.778554211141,-0.23594133465,-0.171834067002,0.00727631095862,240,0.0232778552273,0.0903607865308,0.0968235380278,120,0.101020701297,0.128313937002,0,0
SSO_SMA_TO_SP500,SP500,250,50,LAG2,WAIT_ONE_TRADING_DAY,10,1986-09-26,1986-09-29,2026-09-02,10059,0.134753898911,-0.62538036679,155.761399898,39.9342915811,0.287323042058,0.478555627928,2498,2007-07-13,2009-03-09,2013-01-29,True,1422,2027,2008,-0.379943285672,1995,0.748832811145,-0.556842867916,-0.116810778122,-0.0600139572968,0.0447800190717,240,0.0544573988796,0.11508457706,0.101445130139,120,0.104132826857,0.133075014,216,5.40888523241
SSO_SMA_TO_TBILL,SP500,250,50,LAG2,WAIT_ONE_TRADING_DAY,10,1986-09-26,1986-09-29,2026-09-02,10059,0.111570186949,-0.644866921088,68.3057347605,39.9342915811,0.255392205374,0.423568448068,2836,1987-08-25,1988-09-01,1995-05-31,True,2463,2836,2022,-0.332376480314,1995,0.748832811145,-0.633127427477,-0.0654572393684,0.00290010106841,0.057739756302,240,0.059843461384,0.105109188891,0.086782080287,120,0.0894339968917,0.117810197997,216,5.40888523241
SSO_ALWAYS,SP500,250,50,LAG2,WAIT_ONE_TRADING_DAY,25,1986-09-26,1986-09-29,2026-09-02,10059,0.140759411879,-0.88382474662,192.311074147,39.9342915811,0.366968976402,0.460298883961,5279,2000-03-23,2009-03-09,2014-09-05,True,2006,5279,2008,-0.676497683449,1995,0.748832811145,-0.778554211141,-0.23594133465,-0.171834067002,0.00727631095862,240,0.0232778552273,0.0903607865308,0.0968235380278,120,0.101020701297,0.128313937002,0,0
SSO_SMA_TO_SP500,SP500,250,50,LAG2,WAIT_ONE_TRADING_DAY,25,1986-09-26,1986-09-29,2026-09-02,10059,0.125568504869,-0.631521534728,112.59049446,39.9342915811,0.287333158824,0.450243972094,2584,2007-07-13,2009-03-09,2013-03-11,True,1463,2068,2008,-0.38087430176,1995,0.748832811145,-0.566673088185,-0.12552757914,-0.0671869921454,0.0362589064551,240,0.045857358602,0.106711725885,0.0925443488976,120,0.0952103263302,0.124285016667,216,5.40888523241
SSO_SMA_TO_TBILL,SP500,250,50,LAG2,WAIT_ONE_TRADING_DAY,25,1986-09-26,1986-09-29,2026-09-02,10059,0.10257245609,-0.654343588448,49.3740840555,39.9342915811,0.255454479219,0.391689870973,2873,1987-08-25,1988-09-01,1995-07-07,True,2500,2873,2022,-0.343320883091,1995,0.748832811145,-0.641287470922,-0.0766196043034,-0.00565188180981,0.049112945473,240,0.0511994929643,0.0960557690291,0.0779997911931,120,0.080630277652,0.109375812794,216,5.40888523241
SSO_ALWAYS,SP500,250,50,LAG2,WAIT_ONE_TRADING_DAY,50,1986-09-26,1986-09-29,2026-09-02,10059,0.140759411879,-0.88382474662,192.311074147,39.9342915811,0.366968976402,0.460298883961,5279,2000-03-23,2009-03-09,2014-09-05,True,2006,5279,2008,-0.676497683449,1995,0.748832811145,-0.778554211141,-0.23594133465,-0.171834067002,0.00727631095862,240,0.0232778552273,0.0903607865308,0.0968235380278,120,0.101020701297,0.128313937002,0,0
SSO_SMA_TO_SP500,SP500,250,50,LAG2,WAIT_ONE_TRADING_DAY,50,1986-09-26,1986-09-29,2026-09-02,10059,0.110394243182,-0.644692556005,65.4786664623,39.9342915811,0.287442492741,0.402932872317,4801,2000-03-23,2009-03-09,2013-05-15,True,1528,4801,2008,-0.382425995239,1995,0.748832811145,-0.582605945843,-0.139893367546,-0.0790442265499,0.0221831969274,240,0.0316512714018,0.0922542152112,0.07783999816,120,0.0804700946992,0.10985744368,216,5.40888523241
SSO_SMA_TO_TBILL,SP500,250,50,LAG2,WAIT_ONE_TRADING_DAY,50,1986-09-26,1986-09-29,2026-09-02,10059,0.0877082137942,-0.669609316839,28.7142284724,39.9342915811,0.255661864142,0.338456552346,3006,1987-08-25,1988-09-01,1995-11-17,True,2633,3006,2022,-0.361199649526,1995,0.748832811145,-0.654512220354,-0.0949644474369,-0.0197715306388,0.0348626369929,240,0.0369208424972,0.0806303019549,0.0634911929464,120,0.0660862761785,0.0952871898493,216,5.40888523241
SSO_ALWAYS,SP500,250,100,LAG1,IMMEDIATE_NEXT_RETURN,0,1986-09-26,1986-09-29,2026-09-02,10059,0.134987070363,-0.888997281567,157.044669184,39.9342915811,0.366971338499,0.446466063453,5387,2000-03-23,2009-03-09,2014-12-22,True,2114,5387,2008,-0.678149534838,1995,0.740032014357,-0.779687266654,-0.239816256731,-0.176031690714,0.00217576665428,240,0.018096585587,0.0848419463738,0.0912729565194,120,0.0954487526238,0.12260472405,0,0
SSO_SMA_TO_SP500,SP500,250,100,LAG1,IMMEDIATE_NEXT_RETURN,0,1986-09-26,1986-09-29,2026-09-02,10059,0.147619195459,-0.631790957158,244.333452866,39.9342915811,0.278978913377,0.52189623876,2581,2007-07-13,2009-03-09,2013-02-19,True,1443,2048,2008,-0.379246071854,1995,0.740032014357,-0.509323509087,-0.120740212186,-0.0658399629253,0.0464147635104,240,0.0561131901954,0.119337176758,0.113504155634,120,0.116221300602,0.137788143825,216,5.40888523241
SSO_SMA_TO_TBILL,SP500,250,100,LAG1,IMMEDIATE_NEXT_RETURN,0,1986-09-26,1986-09-29,2026-09-02,10059,0.132741020143,-0.434218125151,145.100290201,39.9342915811,0.242704662478,0.506735542912,1369,1987-08-25,1988-11-16,1989-10-09,True,327,776,2011,-0.320845486383,1995,0.740032014357,-0.408220817411,-0.0700291450466,-0.00367678896217,0.058620103821,240,0.0607314905124,0.112284538837,0.106178534853,120,0.108877804025,0.127646946714,216,5.40888523241
SSO_ALWAYS,SP500,250,100,LAG1,IMMEDIATE_NEXT_RETURN,10,1986-09-26,1986-09-29,2026-09-02,10059,0.134987070363,-0.888997281567,157.044669184,39.9342915811,0.366971338499,0.446466063453,5387,2000-03-23,2009-03-09,2014-12-22,True,2114,5387,2008,-0.678149534838,1995,0.740032014357,-0.779687266654,-0.239816256731,-0.176031690714,0.00217576665428,240,0.018096585587,0.0848419463738,0.0912729565194,120,0.0954487526238,0.12260472405,0,0
SSO_SMA_TO_SP500,SP500,250,100,LAG1,IMMEDIATE_NEXT_RETURN,10,1986-09-26,1986-09-29,2026-09-02,10059,0.141425523127,-0.635821065765,196.846813614,39.9342915811,0.279023239139,0.5024512312,2597,2007-07-13,2009-03-09,2013-03-14,True,1466,2071,2008,-0.379866825782,1995,0.740032014357,-0.513701094537,-0.126527892635,-0.0705924757826,0.0407244775528,240,0.0503701652827,0.113950146882,0.10750471966,120,0.110207224955,0.13200531445,216,5.40888523241
SSO_SMA_TO_TBILL,SP500,250,100,LAG1,IMMEDIATE_NEXT_RETURN,10,1986-09-26,1986-09-29,2026-09-02,10059,0.126627644954,-0.451997753719,116.899791844,39.9342915811,0.242729964902,0.484393366344,1627,2010-04-23,2011-12-30,2013-07-18,True,566,1182,2011,-0.334300308254,1995,0.740032014357,-0.417599496813,-0.0785464006968,-0.00874693924092,0.0528634465936,240,0.0549633518013,0.106411785834,0.100218568506,120,0.102903294317,0.121964643502,216,5.40888523241
SSO_ALWAYS,SP500,250,100,LAG1,IMMEDIATE_NEXT_RETURN,25,1986-09-26,1986-09-29,2026-09-02,10059,0.134987070363,-0.888997281567,157.044669184,39.9342915811,0.366971338499,0.446466063453,5387,2000-03-23,2009-03-09,2014-12-22,True,2114,5387,2008,-0.678149534838,1995,0.740032014357,-0.779687266654,-0.239816256731,-0.176031690714,0.00217576665428,240,0.018096585587,0.0848419463738,0.0912729565194,120,0.0954487526238,0.12260472405,0,0
SSO_SMA_TO_SP500,SP500,250,100,LAG1,IMMEDIATE_NEXT_RETURN,25,1986-09-26,1986-09-29,2026-09-02,10059,0.132186124866,-0.641791078537,142.288654906,39.9342915811,0.279125193744,0.473235264466,2667,2007-07-13,2009-03-09,2013-05-06,True,1519,2124,2008,-0.380797956675,1995,0.740032014357,-0.520202430922,-0.135148788776,-0.0776847859414,0.0322364414934,240,0.0418034600394,0.105553537208,0.0985549708583,120,0.1012356372,0.123588535346,216,5.40888523241
SSO_SMA_TO_TBILL,SP500,250,100,LAG1,IMMEDIATE_NEXT_RETURN,25,1986-09-26,1986-09-29,2026-09-02,10059,0.117508029795,-0.479291715728,84.4997886168,39.9342915811,0.242808800465,0.450813066433,1634,2010-04-23,2011-12-30,2013-10-17,True,657,1273,2011,-0.354008686005,1995,0.740032014357,-0.43140662412,-0.091191953038,-0.0163132555515,0.0442764064181,240,0.0463591850265,0.0971901439468,0.0913276991122,120,0.093990729646,0.113409766361,216,5.40888523241
SSO_ALWAYS,SP500,250,100,LAG1,IMMEDIATE_NEXT_RETURN,50,1986-09-26,1986-09-29,2026-09-02,10059,0.134987070363,-0.888997281567,157.044669184,39.9342915811,0.366971338499,0.446466063453,5387,2000-03-23,2009-03-09,2014-12-22,True,2114,5387,2008,-0.678149534838,1995,0.740032014357,-0.779687266654,-0.239816256731,-0.176031690714,0.00217576665428,240,0.018096585587,0.0848419463738,0.0912729565194,120,0.0954487526238,0.12260472405,0,0
SSO_SMA_TO_SP500,SP500,250,100,LAG1,IMMEDIATE_NEXT_RETURN,50,1986-09-26,1986-09-29,2026-09-02,10059,0.116922648265,-0.678927681977,82.750070693,39.9342915811,0.279389566941,0.42444611933,4983,2000-03-23,2009-03-09,2013-11-13,True,1710,4983,2008,-0.382349841495,1995,0.740032014357,-0.530866548782,-0.14935652044,-0.0894085800951,0.0182153699022,240,0.0276524377446,0.0908812933899,0.0837697242801,120,0.0864143120329,0.109538550939,216,5.40888523241
SSO_SMA_TO_TBILL,SP500,250,100,LAG1,IMMEDIATE_NEXT_RETURN,50,1986-09-26,1986-09-29,2026-09-02,10059,0.102442434758,-0.521876065858,49.1421012182,39.9342915811,0.243049075333,0.394717823489,1942,2010-04-23,2011-12-30,2013-11-22,True,693,1309,2011,-0.385629709256,1995,0.740032014357,-0.453738805603,-0.111924472469,-0.0288205606219,0.0300917936038,240,0.0321462814188,0.0821681783681,0.0766397230372,120,0.0792669123395,0.0992588392442,216,5.40888523241
SSO_ALWAYS,SP500,250,100,LAG2,WAIT_ONE_TRADING_DAY,0,1986-09-26,1986-09-29,2026-09-02,10059,0.134987070363,-0.888997281567,157.044669184,39.9342915811,0.366971338499,0.446466063453,5387,2000-03-23,2009-03-09,2014-12-22,True,2114,5387,2008,-0.678149534838,1995,0.740032014357,-0.779687266654,-0.239816256731,-0.176031690714,0.00217576665428,240,0.018096585587,0.0848419463738,0.0912729565194,120,0.0954487526238,0.12260472405,0,0
SSO_SMA_TO_SP500,SP500,250,100,LAG2,WAIT_ONE_TRADING_DAY,0,1986-09-26,1986-09-29,2026-09-02,10059,0.136311548302,-0.622025019662,164.531921303,39.9342915811,0.287338309365,0.483321855259,2457,2007-07-13,2009-03-09,2013-01-18,True,1411,2016,2008,-0.379348980478,1995,0.740032014357,-0.55083084807,-0.114250840081,-0.0581492123091,0.0465914235976,240,0.0562914876112,0.116182670794,0.103044648715,120,0.105736270656,0.134381017411,216,5.40888523241
SSO_SMA_TO_TBILL,SP500,250,100,LAG2,WAIT_ONE_TRADING_DAY,0,1986-09-26,1986-09-29,2026-09-02,10059,0.113096012616,-0.638938886655,72.151853948,39.9342915811,0.25537351905,0.428957125753,2817,1987-08-25,1988-09-01,1995-05-12,True,2444,2817,2022,-0.325856697287,1995,0.740032014357,-0.628116020633,-0.0616161138481,0.00521803230618,0.0595736299854,240,0.0616869184567,0.107134289336,0.0883603051825,120,0.091016094756,0.118923807935,216,5.40888523241
SSO_ALWAYS,SP500,250,100,LAG2,WAIT_ONE_TRADING_DAY,10,1986-09-26,1986-09-29,2026-09-02,10059,0.134987070363,-0.888997281567,157.044669184,39.9342915811,0.366971338499,0.446466063453,5387,2000-03-23,2009-03-09,2014-12-22,True,2114,5387,2008,-0.678149534838,1995,0.740032014357,-0.779687266654,-0.239816256731,-0.176031690714,0.00217576665428,240,0.018096585587,0.0848419463738,0.0912729565194,120,0.0954487526238,0.12260472405,0,0
SSO_SMA_TO_SP500,SP500,250,100,LAG2,WAIT_ONE_TRADING_DAY,10,1986-09-26,1986-09-29,2026-09-02,10059,0.130178903061,-0.626162018063,132.55485103,39.9342915811,0.287321818843,0.464485840998,2519,2007-07-13,2009-03-09,2013-02-08,True,1432,2037,2008,-0.379969631498,1995,0.740032014357,-0.557489760708,-0.120081236474,-0.0629408516435,0.0409001769823,240,0.0505474931373,0.110865485265,0.0971015673961,120,0.0997786871788,0.128513932533,216,5.40888523241
SSO_SMA_TO_TBILL,SP500,250,100,LAG2,WAIT_ONE_TRADING_DAY,10,1986-09-26,1986-09-29,2026-09-02,10059,0.107088661045,-0.645383037869,58.1290133602,39.9342915811,0.255388986692,0.407742389242,2855,1987-08-25,1988-09-01,1995-06-19,True,2482,2855,2022,-0.333235306747,1995,0.740032014357,-0.633644134807,-0.0690939039849,-0.000497481995523,0.0538117875898,240,0.0559135842358,0.100743011701,0.0824963414656,120,0.0851378219416,0.113308047867,216,5.40888523241
SSO_ALWAYS,SP500,250,100,LAG2,WAIT_ONE_TRADING_DAY,25,1986-09-26,1986-09-29,2026-09-02,10059,0.134987070363,-0.888997281567,157.044669184,39.9342915811,0.366971338499,0.446466063453,5387,2000-03-23,2009-03-09,2014-12-22,True,2114,5387,2008,-0.678149534838,1995,0.740032014357,-0.779687266654,-0.239816256731,-0.176031690714,0.00217576665428,240,0.018096585587,0.0848419463738,0.0912729565194,120,0.0954487526238,0.12260472405,0,0
SSO_SMA_TO_SP500,SP500,250,100,LAG2,WAIT_ONE_TRADING_DAY,25,1986-09-26,1986-09-29,2026-09-02,10059,0.121030541841,-0.632290372333,95.815883976,39.9342915811,0.287331767996,0.436175194441,2597,2007-07-13,2009-03-09,2013-03-28,True,1480,2085,2008,-0.380900608027,1995,0.740032014357,-0.567305631443,-0.128765759093,-0.0700915513571,0.0324107079373,240,0.0419793416272,0.102370368716,0.0882358864973,120,0.0908913724674,0.119759316202,216,5.40888523241
SSO_SMA_TO_TBILL,SP500,250,100,LAG2,WAIT_ONE_TRADING_DAY,25,1986-09-26,1986-09-29,2026-09-02,10059,0.0981272064056,-0.654845932738,42.0179477137,39.9342915811,0.255451073591,0.375867998647,2933,1987-08-25,1988-09-01,1995-09-05,True,2560,2933,2022,-0.344165630718,1995,0.740032014357,-0.641792685558,-0.0802128318732,-0.00902049282343,0.0452170128479,240,0.0473016674682,0.0916840340036,0.0737486854392,120,0.076368820104,0.10495105786,216,5.40888523241
SSO_ALWAYS,SP500,250,100,LAG2,WAIT_ONE_TRADING_DAY,50,1986-09-26,1986-09-29,2026-09-02,10059,0.134987070363,-0.888997281567,157.044669184,39.9342915811,0.366971338499,0.446466063453,5387,2000-03-23,2009-03-09,2014-12-22,True,2114,5387,2008,-0.678149534838,1995,0.740032014357,-0.779687266654,-0.239816256731,-0.176031690714,0.00217576665428,240,0.018096585587,0.0848419463738,0.0912729565194,120,0.0954487526238,0.12260472405,0,0
SSO_SMA_TO_SP500,SP500,250,100,LAG2,WAIT_ONE_TRADING_DAY,50,1986-09-26,1986-09-29,2026-09-02,10059,0.105917458339,-0.653798756989,55.7231437585,39.9342915811,0.287440821245,0.388870229764,4865,2000-03-23,2009-03-09,2013-07-18,True,1592,4865,2008,-0.382452235576,1995,0.740032014357,-0.583215231321,-0.143078350843,-0.0819118651365,0.0183872692507,240,0.027825930298,0.0879603688837,0.073589522552,120,0.0762092688314,0.105421700946,216,5.40888523241
SSO_SMA_TO_TBILL,SP500,250,100,LAG2,WAIT_ONE_TRADING_DAY,50,1986-09-26,1986-09-29,2026-09-02,10059,0.0833228923872,-0.670089475365,24.4361586381,39.9342915811,0.255658146538,0.322647956432,3023,1987-08-25,1988-09-01,1995-12-04,True,2650,3023,2022,-0.362021398027,1995,0.740032014357,-0.654998809109,-0.0984862881801,-0.023092307696,0.0310196235906,240,0.0330759619352,0.0763958291711,0.0592973020325,120,0.0618821727932,0.090921412002,216,5.40888523241
UPRO_ALWAYS,SP500,150,0,LAG1,IMMEDIATE_NEXT_RETURN,0,1986-09-26,1986-09-29,2026-09-02,10059,0.148633448862,-0.980292395007,253.106869741,39.9342915811,0.550454562794,0.479910777027,6495,2000-03-23,2009-03-09,2018-01-03,True,3222,6495,2008,-0.8583231649,1995,1.25046013403,-0.921923878458,-0.385398933042,-0.302300654977,-0.0439946688308,240,-0.021985554975,0.0717274929105,0.0844371458897,120,0.0884494762758,0.13589426421,0,0
UPRO_SMA_TO_SP500,SP500,150,0,LAG1,IMMEDIATE_NEXT_RETURN,0,1986-09-26,1986-09-29,2026-09-02,10059,0.178066536683,-0.821912880287,695.210527405,39.9342915811,0.378466178486,0.541706762287,5178,1999-07-16,2009-03-09,2013-09-18,True,1654,5178,2000,-0.46469337372,1995,1.25046013403,-0.585178880652,-0.188510071818,-0.13753132401,0.0370515844285,240,0.0477485958973,0.128599866345,0.129413976776,120,0.134619277165,0.159072905491,347,8.68927396133
UPRO_SMA_TO_TBILL,SP500,150,0,LAG1,IMMEDIATE_NEXT_RETURN,0,1986-09-26,1986-09-29,2026-09-02,10059,0.153425406717,-0.760894285988,298.887192549,39.9342915811,0.351146867801,0.494934540331,5215,1999-07-16,2003-04-11,2013-10-25,True,3850,5215,2000,-0.495972034818,1995,1.25046013403,-0.551601194855,-0.175618340121,-0.113125763092,0.0250559931708,240,0.0297235707824,0.112384912099,0.10653809011,120,0.109547728269,0.133843709212,347,8.68927396133
UPRO_ALWAYS,SP500,150,0,LAG1,IMMEDIATE_NEXT_RETURN,10,1986-09-26,1986-09-29,2026-09-02,10059,0.148633448862,-0.980292395007,253.106869741,39.9342915811,0.550454562794,0.479910777027,6495,2000-03-23,2009-03-09,2018-01-03,True,3222,6495,2008,-0.8583231649,1995,1.25046013403,-0.921923878458,-0.385398933042,-0.302300654977,-0.0439946688308,240,-0.021985554975,0.0717274929105,0.0844371458897,120,0.0884494762758,0.13589426421,0,0
UPRO_SMA_TO_SP500,SP500,150,0,LAG1,IMMEDIATE_NEXT_RETURN,10,1986-09-26,1986-09-29,2026-09-02,10059,0.167869261963,-0.844101317862,491.293201386,39.9342915811,0.378452003711,0.518724460208,5274,1999-07-16,2009-03-09,2013-12-23,True,1750,5274,2000,-0.475823107245,1995,1.25046013403,-0.591345262203,-0.199158089051,-0.14892722784,0.0263681401582,240,0.0369549537086,0.1178166336,0.11888167061,120,0.124000951653,0.148434418005,347,8.68927396133
UPRO_SMA_TO_TBILL,SP500,150,0,LAG1,IMMEDIATE_NEXT_RETURN,10,1986-09-26,1986-09-29,2026-09-02,10059,0.14344142417,-0.774374453142,211.218386219,39.9342915811,0.351154094188,0.47015647953,5341,1999-07-16,2003-04-11,2014-02-28,True,3976,5341,2000,-0.506451443565,1995,1.25046013403,-0.564364070962,-0.186435517039,-0.124934869852,0.0138365865291,240,0.0186059326013,0.101494541946,0.0962903543935,120,0.0992354616051,0.123361823868,347,8.68927396133
UPRO_ALWAYS,SP500,150,0,LAG1,IMMEDIATE_NEXT_RETURN,25,1986-09-26,1986-09-29,2026-09-02,10059,0.148633448862,-0.980292395007,253.106869741,39.9342915811,0.550454562794,0.479910777027,6495,2000-03-23,2009-03-09,2018-01-03,True,3222,6495,2008,-0.8583231649,1995,1.25046013403,-0.921923878458,-0.385398933042,-0.302300654977,-0.0439946688308,240,-0.021985554975,0.0717274929105,0.0844371458897,120,0.0884494762758,0.13589426421,0,0
UPRO_SMA_TO_SP500,SP500,150,0,LAG1,IMMEDIATE_NEXT_RETURN,25,1986-09-26,1986-09-29,2026-09-02,10059,0.152719786883,-0.872341778508,291.67160563,39.9342915811,0.378472473529,0.484194426051,5466,1999-07-16,2009-03-09,2014-07-03,True,1942,5466,2000,-0.492105381902,1995,1.25046013403,-0.600434631822,-0.214888196164,-0.165760221555,0.0105293213917,240,0.0205845346537,0.101183666598,0.103247667861,120,0.108239919913,0.132639900922,347,8.68927396133
UPRO_SMA_TO_TBILL,SP500,150,0,LAG1,IMMEDIATE_NEXT_RETURN,25,1986-09-26,1986-09-29,2026-09-02,10059,0.128608824388,-0.794402594118,125.396414347,39.9342915811,0.351209817495,0.432936014223,5607,1999-07-16,2008-06-09,2014-11-21,True,2356,5607,2000,-0.521782323776,1995,1.25046013403,-0.582853119387,-0.20241552044,-0.142375949763,-0.0027833131987,240,0.00213369857601,0.0851104599892,0.0810775281934,120,0.0839274769372,0.107801081853,347,8.68927396133
UPRO_ALWAYS,SP500,150,0,LAG1,IMMEDIATE_NEXT_RETURN,50,1986-09-26,1986-09-29,2026-09-02,10059,0.148633448862,-0.980292395007,253.106869741,39.9342915811,0.550454562794,0.479910777027,6495,2000-03-23,2009-03-09,2018-01-03,True,3222,6495,2008,-0.8583231649,1995,1.25046013403,-0.921923878458,-0.385398933042,-0.302300654977,-0.0439946688308,240,-0.021985554975,0.0717274929105,0.0844371458897,120,0.0884494762758,0.13589426421,0,0
UPRO_SMA_TO_SP500,SP500,150,0,LAG1,IMMEDIATE_NEXT_RETURN,50,1986-09-26,1986-09-29,2026-09-02,10059,0.127856825464,-0.908567151688,122.102725661,39.9342915811,0.37861784285,0.426527412255,6671,1999-07-16,2009-03-09,2017-10-20,True,3147,6671,2000,-0.518177235628,1995,1.25046013403,-0.615165513649,-0.242662645694,-0.193132560363,-0.0153786578759,240,-0.00682816102035,0.0736924497388,0.0776241909194,120,0.0824099718925,0.106430053127,347,8.68927396133
UPRO_SMA_TO_TBILL,SP500,150,0,LAG1,IMMEDIATE_NEXT_RETURN,50,1986-09-26,1986-09-29,2026-09-02,10059,0.104265911238,-0.852940038185,52.49480472,39.9342915811,0.351422301065,0.370802024401,6748,1999-07-16,2009-04-30,2018-01-05,True,3172,6748,2000,-0.546330765243,1995,1.25046013403,-0.611997235413,-0.228405624768,-0.17073122327,-0.0299335662976,240,-0.0247834113458,0.0584308730946,0.0561410980915,120,0.0588367409015,0.082489334367,347,8.68927396133
UPRO_ALWAYS,SP500,150,0,LAG2,WAIT_ONE_TRADING_DAY,0,1986-09-26,1986-09-29,2026-09-02,10059,0.148633448862,-0.980292395007,253.106869741,39.9342915811,0.550454562794,0.479910777027,6495,2000-03-23,2009-03-09,2018-01-03,True,3222,6495,2008,-0.8583231649,1995,1.25046013403,-0.921923878458,-0.385398933042,-0.302300654977,-0.0439946688308,240,-0.021985554975,0.0717274929105,0.0844371458897,120,0.0884494762758,0.13589426421,0,0
UPRO_SMA_TO_SP500,SP500,150,0,LAG2,WAIT_ONE_TRADING_DAY,0,1986-09-26,1986-09-29,2026-09-02,10059,0.193642715396,-0.78924469117,1174.688687,39.9342915811,0.381314243969,0.574950906522,4302,1999-07-16,2003-03-11,2011-04-26,True,2968,4302,2022,-0.450026471934,1995,1.25046013403,-0.581266197799,-0.203133181237,-0.104693971499,0.0771870987631,240,0.0809675335147,0.141887500168,0.134687490395,120,0.138885743021,0.181116127779,347,8.68927396133
UPRO_SMA_TO_TBILL,SP500,150,0,LAG2,WAIT_ONE_TRADING_DAY,0,1986-09-26,1986-09-29,2026-09-02,10059,0.176849461269,-0.75169272776,667.09787209,39.9342915811,0.354590546302,0.550278374725,3777,1999-07-16,2003-04-09,2009-11-17,True,2414,3777,2000,-0.470919839641,1995,1.25046013403,-0.578014861576,-0.197601737942,-0.0619490422308,0.0714094640807,240,0.0779402675478,0.13628820131,0.121296061069,120,0.125444766482,0.167872493432,347,8.68927396133
UPRO_ALWAYS,SP500,150,0,LAG2,WAIT_ONE_TRADING_DAY,10,1986-09-26,1986-09-29,2026-09-02,10059,0.148633448862,-0.980292395007,253.106869741,39.9342915811,0.550454562794,0.479910777027,6495,2000-03-23,2009-03-09,2018-01-03,True,3222,6495,2008,-0.8583231649,1995,1.25046013403,-0.921923878458,-0.385398933042,-0.302300654977,-0.0439946688308,240,-0.021985554975,0.0717274929105,0.0844371458897,120,0.0884494762758,0.13589426421,0,0
UPRO_SMA_TO_SP500,SP500,150,0,LAG2,WAIT_ONE_TRADING_DAY,10,1986-09-26,1986-09-29,2026-09-02,10059,0.183310614188,-0.799728835705,830.132086495,39.9342915811,0.381305233016,0.55213970836,5017,1999-07-16,2003-03-11,2013-04-10,True,3683,5017,2022,-0.458218577123,1995,1.25046013403,-0.585012105499,-0.2135893204,-0.116523759274,0.0653971085863,240,0.0692966285609,0.130323526766,0.124366524879,120,0.128526590762,0.170192413296,347,8.68927396133
UPRO_SMA_TO_TBILL,SP500,150,0,LAG2,WAIT_ONE_TRADING_DAY,10,1986-09-26,1986-09-29,2026-09-02,10059,0.166662721483,-0.765222334623,471.426476294,39.9342915811,0.354565490154,0.525752444251,3897,1999-07-16,2003-04-09,2010-03-17,True,2534,3897,2000,-0.481920116695,1995,1.25046013403,-0.581789855071,-0.208130458293,-0.0744395887428,0.0596827110668,240,0.0663020471404,0.125159592464,0.111096902201,120,0.115207871546,0.15705576172,347,8.68927396133
UPRO_ALWAYS,SP500,150,0,LAG2,WAIT_ONE_TRADING_DAY,25,1986-09-26,1986-09-29,2026-09-02,10059,0.148633448862,-0.980292395007,253.106869741,39.9342915811,0.550454562794,0.479910777027,6495,2000-03-23,2009-03-09,2018-01-03,True,3222,6495,2008,-0.8583231649,1995,1.25046013403,-0.921923878458,-0.385398933042,-0.302300654977,-0.0439946688308,240,-0.021985554975,0.0717274929105,0.0844371458897,120,0.0884494762758,0.13589426421,0,0
UPRO_SMA_TO_SP500,SP500,150,0,LAG2,WAIT_ONE_TRADING_DAY,25,1986-09-26,1986-09-29,2026-09-02,10059,0.16796083554,-0.814503104582,492.83392864,39.9342915811,0.381333118556,0.517864743999,5178,1999-07-16,2003-03-11,2013-09-18,True,3844,5178,2000,-0.474844278304,1995,1.25046013403,-0.590575140405,-0.229035969802,-0.133997646929,0.0479319733265,240,0.0520046575009,0.113547994639,0.109041794889,120,0.113145160501,0.153879821248,347,8.68927396133
UPRO_SMA_TO_TBILL,SP500,150,0,LAG2,WAIT_ONE_TRADING_DAY,25,1986-09-26,1986-09-29,2026-09-02,10059,0.151528897517,-0.784169864627,279.877101677,39.9342915811,0.354572486302,0.488895677222,4303,1999-07-16,2003-04-09,2011-04-27,True,2940,4303,2000,-0.498013002647,1995,1.25046013403,-0.587396085192,-0.223684330463,-0.0928870991498,0.0423112523571,240,0.0490585025075,0.108360841361,0.0959530326163,120,0.100007970859,0.141231896197,347,8.68927396133
UPRO_ALWAYS,SP500,150,0,LAG2,WAIT_ONE_TRADING_DAY,50,1986-09-26,1986-09-29,2026-09-02,10059,0.148633448862,-0.980292395007,253.106869741,39.9342915811,0.550454562794,0.479910777027,6495,2000-03-23,2009-03-09,2018-01-03,True,3222,6495,2008,-0.8583231649,1995,1.25046013403,-0.921923878458,-0.385398933042,-0.302300654977,-0.0439946688308,240,-0.021985554975,0.0717274929105,0.0844371458897,120,0.0884494762758,0.13589426421,0,0
UPRO_SMA_TO_SP500,SP500,150,0,LAG2,WAIT_ONE_TRADING_DAY,50,1986-09-26,1986-09-29,2026-09-02,10059,0.142769140625,-0.867122737053,206.31547543,39.9342915811,0.381489960824,0.460617872911,5465,1999-07-16,2009-03-09,2014-07-02,True,1941,5465,2000,-0.501802199637,1995,1.25046013403,-0.599699718553,-0.254158619618,-0.162412151283,0.0194009442304,240,0.0237480236361,0.0872999837621,0.08391354877,120,0.0879239418887,0.127360916162,347,8.68927396133
UPRO_SMA_TO_TBILL,SP500,150,0,LAG2,WAIT_ONE_TRADING_DAY,50,1986-09-26,1986-09-29,2026-09-02,10059,0.126691622337,-0.812465160637,117.165182709,39.9342915811,0.354703004782,0.427328003156,5347,1999-07-16,2003-04-09,2014-03-06,True,3984,5347,2000,-0.523781599323,1995,1.25046013403,-0.606623298213,-0.248981368908,-0.122878602301,0.0139332531882,240,0.0208810017743,0.0812041274034,0.0711213466819,120,0.0750368842985,0.115167736976,347,8.68927396133
UPRO_ALWAYS,SP500,150,50,LAG1,IMMEDIATE_NEXT_RETURN,0,1986-09-26,1986-09-29,2026-09-02,10059,0.137031711948,-0.982010922896,168.747896283,39.9342915811,0.550459443524,0.461466824148,6733,2000-03-23,2009-03-09,2018-08-29,True,3460,6733,2008,-0.85977473214,1995,1.22788602039,-0.922727364296,-0.391628546145,-0.309366009335,-0.0536605029174,240,-0.0318731056722,0.0609021503929,0.073481409059,120,0.077453271565,0.124421688364,0,0
UPRO_SMA_TO_SP500,SP500,150,50,LAG1,IMMEDIATE_NEXT_RETURN,0,1986-09-26,1986-09-29,2026-09-02,10059,0.168929337442,-0.831317679976,509.420107643,39.9342915811,0.378460327943,0.521120442416,5234,1999-07-16,2009-03-09,2013-11-13,True,1710,5234,2000,-0.468120598771,1995,1.22788602039,-0.585806572699,-0.192389320072,-0.142504707112,0.0296277382013,240,0.0402598463082,0.120327785946,0.120730433796,120,0.125932238003,0.150172170052,347,8.68927396133
UPRO_SMA_TO_TBILL,SP500,150,50,LAG1,IMMEDIATE_NEXT_RETURN,0,1986-09-26,1986-09-29,2026-09-02,10059,0.14447932649,-0.76402087746,219.011565273,39.9342915811,0.351137811238,0.472749668136,5269,1999-07-16,2003-04-11,2013-12-18,True,3904,5269,2000,-0.49919900266,1995,1.22788602039,-0.553036034682,-0.179559216038,-0.118114299276,0.0177652188896,240,0.0223820054251,0.104365563108,0.098077159776,120,0.101064201265,0.12515118942,347,8.68927396133
UPRO_ALWAYS,SP500,150,50,LAG1,IMMEDIATE_NEXT_RETURN,10,1986-09-26,1986-09-29,2026-09-02,10059,0.137031711948,-0.982010922896,168.747896283,39.9342915811,0.550459443524,0.461466824148,6733,2000-03-23,2009-03-09,2018-08-29,True,3460,6733,2008,-0.85977473214,1995,1.22788602039,-0.922727364296,-0.391628546145,-0.309366009335,-0.0536605029174,240,-0.0318731056722,0.0609021503929,0.073481409059,120,0.077453271565,0.124421688364,0,0
UPRO_SMA_TO_SP500,SP500,150,50,LAG1,IMMEDIATE_NEXT_RETURN,10,1986-09-26,1986-09-29,2026-09-02,10059,0.158811153782,-0.852334343808,359.998339594,39.9342915811,0.378445886706,0.498137879705,5347,1999-07-16,2009-03-09,2014-03-06,True,1823,5347,2000,-0.47917907575,1995,1.22788602039,-0.591963623508,-0.202986435499,-0.153834897024,0.0190207725254,240,0.0295433513319,0.1095284172,0.110279105672,120,0.115395210079,0.139615386451,347,8.68927396133
UPRO_SMA_TO_TBILL,SP500,150,50,LAG1,IMMEDIATE_NEXT_RETURN,10,1986-09-26,1986-09-29,2026-09-02,10059,0.134572780688,-0.777324775403,154.771668153,39.9342915811,0.351144751651,0.447972356782,5431,1999-07-16,2003-04-11,2014-05-29,True,4066,5431,2000,-0.509611318473,1995,1.22788602039,-0.56575807062,-0.190324682499,-0.12985698156,0.00662561097297,240,0.0113436320773,0.0935591751915,0.0879077813968,120,0.0908307814956,0.114773172709,347,8.68927396133
UPRO_ALWAYS,SP500,150,50,LAG1,IMMEDIATE_NEXT_RETURN,25,1986-09-26,1986-09-29,2026-09-02,10059,0.137031711948,-0.982010922896,168.747896283,39.9342915811,0.550459443524,0.461466824148,6733,2000-03-23,2009-03-09,2018-08-29,True,3460,6733,2008,-0.85977473214,1995,1.22788602039,-0.922727364296,-0.391628546145,-0.309366009335,-0.0536605029174,240,-0.0318731056722,0.0609021503929,0.073481409059,120,0.077453271565,0.124421688364,0,0
UPRO_SMA_TO_SP500,SP500,150,50,LAG1,IMMEDIATE_NEXT_RETURN,25,1986-09-26,1986-09-29,2026-09-02,10059,0.143779179512,-0.87908342273,213.724296281,39.9342915811,0.378465955899,0.463609664226,5610,1999-07-16,2009-03-09,2014-11-24,True,2086,5610,2000,-0.495357105442,1995,1.22788602039,-0.601039239428,-0.218641346374,-0.170570824111,0.00329533766056,240,0.013308127396,0.0931826447705,0.0947653055571,120,0.0997548502708,0.123942171552,347,8.68927396133
UPRO_SMA_TO_TBILL,SP500,150,50,LAG1,IMMEDIATE_NEXT_RETURN,25,1986-09-26,1986-09-29,2026-09-02,10059,0.119855224,-0.805260214938,91.8850511849,39.9342915811,0.35120004553,0.410755774229,5785,1999-07-16,2008-06-09,2015-05-18,True,2534,5785,2000,-0.524844044889,1995,1.22788602039,-0.584187955589,-0.206228295057,-0.147199957981,-0.00987607868802,240,-0.00501116073736,0.0772426867771,0.0728112771415,120,0.0756398406447,0.0993892231063,347,8.68927396133
UPRO_ALWAYS,SP500,150,50,LAG1,IMMEDIATE_NEXT_RETURN,50,1986-09-26,1986-09-29,2026-09-02,10059,0.137031711948,-0.982010922896,168.747896283,39.9342915811,0.550459443524,0.461466824148,6733,2000-03-23,2009-03-09,2018-08-29,True,3460,6733,2008,-0.85977473214,1995,1.22788602039,-0.922727364296,-0.391628546145,-0.309366009335,-0.0536605029174,240,-0.0318731056722,0.0609021503929,0.073481409059,120,0.077453271565,0.124421688364,0,0
UPRO_SMA_TO_SP500,SP500,150,50,LAG1,IMMEDIATE_NEXT_RETURN,50,1986-09-26,1986-09-29,2026-09-02,10059,0.119109057652,-0.91339573011,89.4715790365,39.9342915811,0.378610655416,0.405951566749,6727,1999-07-16,2009-03-09,2017-12-15,True,3203,6727,2000,-0.521262037809,1995,1.22788602039,-0.615747831027,-0.247495886616,-0.197785321676,-0.0224271765279,240,-0.0139091254402,0.0658130956573,0.069338835708,120,0.0741226653012,0.0979460012382,347,8.68927396133
UPRO_SMA_TO_TBILL,SP500,150,50,LAG1,IMMEDIATE_NEXT_RETURN,50,1986-09-26,1986-09-29,2026-09-02,10059,0.0957011168642,-0.860747284581,38.4659150243,39.9342915811,0.351411812624,0.348635596249,6769,1999-07-16,2009-07-10,2018-01-26,True,3122,6769,2000,-0.549235318428,1995,1.22788602039,-0.613238812806,-0.232094156232,-0.175395737275,-0.036833223929,240,-0.0317363611727,0.0505805690804,0.0480655186485,120,0.0507409466823,0.0741060340397,347,8.68927396133
UPRO_ALWAYS,SP500,150,50,LAG2,WAIT_ONE_TRADING_DAY,0,1986-09-26,1986-09-29,2026-09-02,10059,0.137031711948,-0.982010922896,168.747896283,39.9342915811,0.550459443524,0.461466824148,6733,2000-03-23,2009-03-09,2018-08-29,True,3460,6733,2008,-0.85977473214,1995,1.22788602039,-0.922727364296,-0.391628546145,-0.309366009335,-0.0536605029174,240,-0.0318731056722,0.0609021503929,0.073481409059,120,0.077453271565,0.124421688364,0,0
UPRO_SMA_TO_SP500,SP500,150,50,LAG2,WAIT_ONE_TRADING_DAY,0,1986-09-26,1986-09-29,2026-09-02,10059,0.184383672721,-0.791992367533,860.730915484,39.9342915811,0.381306109563,0.554516649462,4981,1999-07-16,2003-03-11,2013-03-05,True,3647,4981,2022,-0.451415654335,1995,1.22788602039,-0.583432004242,-0.207004284052,-0.109874142483,0.0695034981102,240,0.0732370548819,0.133539584211,0.126055345102,120,0.130221730255,0.172172160752,347,8.68927396133
UPRO_SMA_TO_TBILL,SP500,150,50,LAG2,WAIT_ONE_TRADING_DAY,0,1986-09-26,1986-09-29,2026-09-02,10059,0.167720683249,-0.755013634226,488.803347233,39.9342915811,0.354579694324,0.528307054268,3825,1999-07-16,2003-04-09,2010-01-04,True,2462,3825,2000,-0.474505473929,1995,1.22788602039,-0.580197484825,-0.201499711979,-0.0672411150141,0.0637670754305,240,0.0702314382377,0.128113377149,0.112765791195,120,0.11688300523,0.15903294442,347,8.68927396133
UPRO_ALWAYS,SP500,150,50,LAG2,WAIT_ONE_TRADING_DAY,10,1986-09-26,1986-09-29,2026-09-02,10059,0.137031711948,-0.982010922896,168.747896283,39.9342915811,0.550459443524,0.461466824148,6733,2000-03-23,2009-03-09,2018-08-29,True,3460,6733,2008,-0.85977473214,1995,1.22788602039,-0.922727364296,-0.391628546145,-0.309366009335,-0.0536605029174,240,-0.0318731056722,0.0609021503929,0.073481409059,120,0.077453271565,0.124421688364,0,0
UPRO_SMA_TO_SP500,SP500,150,50,LAG2,WAIT_ONE_TRADING_DAY,10,1986-09-26,1986-09-29,2026-09-02,10059,0.174131717242,-0.802339827321,608.263583952,39.9342915811,0.381296861568,0.531705358193,5045,1999-07-16,2003-03-11,2013-05-08,True,3711,5045,2000,-0.461681775665,1995,1.22788602039,-0.587158537076,-0.21740962829,-0.121635484027,0.0577976062078,240,0.0616496137498,0.12208976426,0.115812896424,120,0.119941384696,0.161309295743,347,8.68927396133
UPRO_SMA_TO_TBILL,SP500,150,50,LAG2,WAIT_ONE_TRADING_DAY,10,1986-09-26,1986-09-29,2026-09-02,10059,0.157612961629,-0.768362293675,345.428833201,39.9342915811,0.35455438218,0.50377978476,3916,1999-07-16,2003-04-09,2010-04-05,True,2553,3916,2000,-0.485431200899,1995,1.22788602039,-0.583952953014,-0.211977284814,-0.0796611953316,0.0521239696189,240,0.0586764479101,0.116984473743,0.10264422252,120,0.106723986928,0.148298082248,347,8.68927396133
UPRO_ALWAYS,SP500,150,50,LAG2,WAIT_ONE_TRADING_DAY,25,1986-09-26,1986-09-29,2026-09-02,10059,0.137031711948,-0.982010922896,168.747896283,39.9342915811,0.550459443524,0.461466824148,6733,2000-03-23,2009-03-09,2018-08-29,True,3460,6733,2008,-0.85977473214,1995,1.22788602039,-0.922727364296,-0.391628546145,-0.309366009335,-0.0536605029174,240,-0.0318731056722,0.0609021503929,0.073481409059,120,0.077453271565,0.124421688364,0,0
UPRO_SMA_TO_SP500,SP500,150,50,LAG2,WAIT_ONE_TRADING_DAY,25,1986-09-26,1986-09-29,2026-09-02,10059,0.158901006263,-0.824309135295,361.114738973,39.9342915811,0.381324390774,0.497432419447,5232,1999-07-16,2009-03-09,2013-11-11,True,1708,5232,2000,-0.478403316241,1995,1.22788602039,-0.592692798435,-0.232781239346,-0.139008269128,0.0404570501644,240,0.0444813052501,0.105251058526,0.100604749456,120,0.104676967848,0.145149680113,347,8.68927396133
UPRO_SMA_TO_TBILL,SP500,150,50,LAG2,WAIT_ONE_TRADING_DAY,25,1986-09-26,1986-09-29,2026-09-02,10059,0.142596530179,-0.787056415978,205.074652217,39.9342915811,0.354560993887,0.466923704077,5113,1999-07-16,2003-04-09,2013-07-15,True,3750,5113,2000,-0.501415023598,1995,1.22788602039,-0.589530186171,-0.227455597759,-0.0980046329621,0.0348764219286,240,0.0415562195187,0.100349125511,0.0876155600594,120,0.0916397186778,0.132458656229,347,8.68927396133
UPRO_ALWAYS,SP500,150,50,LAG2,WAIT_ONE_TRADING_DAY,50,1986-09-26,1986-09-29,2026-09-02,10059,0.137031711948,-0.982010922896,168.747896283,39.9342915811,0.550459443524,0.461466824148,6733,2000-03-23,2009-03-09,2018-08-29,True,3460,6733,2008,-0.85977473214,1995,1.22788602039,-0.922727364296,-0.391628546145,-0.309366009335,-0.0536605029174,240,-0.0318731056722,0.0609021503929,0.073481409059,120,0.077453271565,0.124421688364,0,0
UPRO_SMA_TO_SP500,SP500,150,50,LAG2,WAIT_ONE_TRADING_DAY,50,1986-09-26,1986-09-29,2026-09-02,10059,0.1339047224,-0.874164656263,151.173762045,39.9342915811,0.381480637441,0.440194690862,5642,1999-07-16,2009-03-09,2014-12-26,True,2118,5642,2000,-0.505178540783,1995,1.22788602039,-0.601770181755,-0.257781845731,-0.167258369372,0.0121295335631,240,0.0164267471161,0.0789833776478,0.0756676666947,120,0.0796476183159,0.118808628564,347,8.68927396133
UPRO_SMA_TO_TBILL,SP500,150,50,LAG2,WAIT_ONE_TRADING_DAY,50,1986-09-26,1986-09-29,2026-09-02,10059,0.11795191683,-0.81497328557,85.8505713833,39.9342915811,0.354690870864,0.405364355407,5438,1999-07-16,2003-04-09,2014-06-05,True,4075,5438,2000,-0.527008983667,1995,1.22788602039,-0.609884343668,-0.25262974561,-0.127826937184,0.00670084368838,240,0.0135802286001,0.0733222556022,0.0629727813992,120,0.0668879804827,0.106659296015,347,8.68927396133
UPRO_ALWAYS,SP500,150,100,LAG1,IMMEDIATE_NEXT_RETURN,0,1986-09-26,1986-09-29,2026-09-02,10059,0.125546526947,-0.983579676624,112.502734316,39.9342915811,0.550464595536,0.443023035668,7211,2000-03-23,2009-03-09,2019-12-20,True,3938,7211,2008,-0.861211507194,1995,1.20553713297,-0.923522626581,-0.397795357378,-0.31636020298,-0.0632291371647,240,-0.0416612350923,0.0501855638673,0.0626357586577,120,0.0665675593926,0.113064361301,0,0
UPRO_SMA_TO_SP500,SP500,150,100,LAG1,IMMEDIATE_NEXT_RETURN,0,1986-09-26,1986-09-29,2026-09-02,10059,0.159862510851,-0.840226291277,373.274570693,39.9342915811,0.378454972479,0.500532940243,5275,1999-07-16,2009-03-09,2013-12-24,True,1751,5275,2000,-0.471526061564,1995,1.20553713297,-0.586433348661,-0.196250236743,-0.147449684208,0.0222566315179,240,0.0328242138359,0.112031406626,0.112113182758,120,0.117311237489,0.141339306627,347,8.68927396133
UPRO_SMA_TO_TBILL,SP500,150,100,LAG1,IMMEDIATE_NEXT_RETURN,0,1986-09-26,1986-09-29,2026-09-02,10059,0.135602146957,-0.767106753097,160.479429017,39.9342915811,0.351129288145,0.450563103317,5345,1999-07-16,2003-04-11,2014-03-04,True,3980,5345,2000,-0.502405479841,1995,1.20553713297,-0.554466358823,-0.183481469147,-0.123075049552,0.0105259026036,240,0.0150923821576,0.0962702799155,0.0896804647066,120,0.0926450777854,0.116594680894,347,8.68927396133
UPRO_ALWAYS,SP500,150,100,LAG1,IMMEDIATE_NEXT_RETURN,10,1986-09-26,1986-09-29,2026-09-02,10059,0.125546526947,-0.983579676624,112.502734316,39.9342915811,0.550464595536,0.443023035668,7211,2000-03-23,2009-03-09,2019-12-20,True,3938,7211,2008,-0.861211507194,1995,1.20553713297,-0.923522626581,-0.397795357378,-0.31636020298,-0.0632291371647,240,-0.0416612350923,0.0501855638673,0.0626357586577,120,0.0665675593926,0.113064361301,0,0
UPRO_SMA_TO_SP500,SP500,150,100,LAG1,IMMEDIATE_NEXT_RETURN,10,1986-09-26,1986-09-29,2026-09-02,10059,0.149822809109,-0.860133003046,263.786653974,39.9342915811,0.378440264773,0.477550117934,5438,1999-07-16,2009-03-09,2014-06-05,True,1914,5438,2000,-0.482513734462,1995,1.20553713297,-0.592581082346,-0.206796690904,-0.158714535535,0.0117256011269,240,0.0221843188729,0.101211823527,0.101742214474,120,0.106854889129,0.130863603815,347,8.68927396133
UPRO_SMA_TO_TBILL,SP500,150,100,LAG1,IMMEDIATE_NEXT_RETURN,10,1986-09-26,1986-09-29,2026-09-02,10059,0.125772441499,-0.780236677282,113.408024376,39.9342915811,0.35113594254,0.425786543036,5466,1999-07-16,2003-04-11,2014-07-03,True,4101,5466,2000,-0.512751128748,1995,1.20553713297,-0.567147683123,-0.194195469512,-0.134751677342,-0.000534469804131,240,0.00413271283908,0.0856805456189,0.0795888487765,120,0.0824899063369,0.106310991827,347,8.68927396133
UPRO_ALWAYS,SP500,150,100,LAG1,IMMEDIATE_NEXT_RETURN,25,1986-09-26,1986-09-29,2026-09-02,10059,0.125546526947,-0.983579676624,112.502734316,39.9342915811,0.550464595536,0.443023035668,7211,2000-03-23,2009-03-09,2019-12-20,True,3938,7211,2008,-0.861211507194,1995,1.20553713297,-0.923522626581,-0.397795357378,-0.31636020298,-0.0632291371647,240,-0.0416612350923,0.0501855638673,0.0626357586577,120,0.0665675593926,0.113064361301,0,0
UPRO_SMA_TO_SP500,SP500,150,100,LAG1,IMMEDIATE_NEXT_RETURN,25,1986-09-26,1986-09-29,2026-09-02,10059,0.134907430685,-0.885469384143,156.605213936,39.9342915811,0.378459933272,0.443023722897,6433,1999-07-16,2009-03-09,2017-02-24,True,2909,6433,2000,-0.498588181128,1995,1.20553713297,-0.601642964639,-0.223613785689,-0.175353950399,-0.0038872553237,240,0.00608320123013,0.0850179028755,0.0863476993409,120,0.0913342839077,0.115310766016,347,8.68927396133
UPRO_SMA_TO_TBILL,SP500,150,100,LAG1,IMMEDIATE_NEXT_RETURN,25,1986-09-26,1986-09-29,2026-09-02,10059,0.111169041869,-0.815748911784,67.3282277624,39.9342915811,0.351190806854,0.388573846092,6655,1999-07-16,2009-07-10,2017-10-04,True,3008,6655,2000,-0.527886324628,1995,1.20553713297,-0.585518590833,-0.210023052214,-0.151997096703,-0.0169187837202,240,-0.0121054696699,0.0694315373524,0.0646077833514,120,0.0674151207534,0.0910438208341,347,8.68927396133
UPRO_ALWAYS,SP500,150,100,LAG1,IMMEDIATE_NEXT_RETURN,50,1986-09-26,1986-09-29,2026-09-02,10059,0.125546526947,-0.983579676624,112.502734316,39.9342915811,0.550464595536,0.443023035668,7211,2000-03-23,2009-03-09,2019-12-20,True,3938,7211,2008,-0.861211507194,1995,1.20553713297,-0.923522626581,-0.397795357378,-0.31636020298,-0.0632291371647,240,-0.0416612350923,0.0501855638673,0.0626357586577,120,0.0665675593926,0.113064361301,0,0
UPRO_SMA_TO_SP500,SP500,150,100,LAG1,IMMEDIATE_NEXT_RETURN,50,1986-09-26,1986-09-29,2026-09-02,10059,0.110428663178,-0.917969557274,65.5597703212,39.9342915811,0.378603962728,0.385374545235,6760,1999-07-16,2009-03-09,2018-01-17,True,3236,6760,2000,-0.524327252055,1995,1.20553713297,-0.616329298541,-0.252298549731,-0.20241150825,-0.0294256219904,240,-0.02093999154,0.0578975503312,0.0611167325916,120,0.0658983585996,0.0895265499084,347,8.68927396133
UPRO_SMA_TO_TBILL,SP500,150,100,LAG1,IMMEDIATE_NEXT_RETURN,50,1986-09-26,1986-09-29,2026-09-02,10059,0.0872022866068,-0.868364296917,28.185671711,39.9342915811,0.351401857061,0.326467485814,8137,1999-07-16,2009-07-10,2021-10-25,True,4490,8137,2000,-0.552121428226,1995,1.20553713297,-0.614476482743,-0.235765257355,-0.18003427016,-0.0436841840509,240,-0.0386401183918,0.0429813516167,0.0400512488911,120,0.0427066124766,0.0658358834478,347,8.68927396133
UPRO_ALWAYS,SP500,150,100,LAG2,WAIT_ONE_TRADING_DAY,0,1986-09-26,1986-09-29,2026-09-02,10059,0.125546526947,-0.983579676624,112.502734316,39.9342915811,0.550464595536,0.443023035668,7211,2000-03-23,2009-03-09,2019-12-20,True,3938,7211,2008,-0.861211507194,1995,1.20553713297,-0.923522626581,-0.397795357378,-0.31636020298,-0.0632291371647,240,-0.0416612350923,0.0501855638673,0.0626357586577,120,0.0665675593926,0.113064361301,0,0
UPRO_SMA_TO_SP500,SP500,150,100,LAG2,WAIT_ONE_TRADING_DAY,0,1986-09-26,1986-09-29,2026-09-02,10059,0.175195949089,-0.794704373993,630.67351706,39.9342915811,0.381298466781,0.5340809379,5017,1999-07-16,2003-03-11,2013-04-10,True,3683,5017,2000,-0.453977694695,1995,1.20553713297,-0.585586724218,-0.210856797835,-0.115024626606,0.0618742841037,240,0.0655614373482,0.125341977397,0.117488399532,120,0.121623157538,0.163295434545,347,8.68927396133
UPRO_SMA_TO_TBILL,SP500,150,100,LAG2,WAIT_ONE_TRADING_DAY,0,1986-09-26,1986-09-29,2026-09-02,10059,0.158662220891,-0.758290310501,358.155284776,39.9342915811,0.354569370884,0.506333765821,3896,1999-07-16,2003-04-09,2010-03-16,True,2533,3896,2000,-0.478067007167,1995,1.20553713297,-0.582368935523,-0.205378967949,-0.0725036239987,0.0561787817167,240,0.0625773163873,0.119990221215,0.104299951565,120,0.108385911713,0.150259820208,347,8.68927396133
UPRO_ALWAYS,SP500,150,100,LAG2,WAIT_ONE_TRADING_DAY,10,1986-09-26,1986-09-29,2026-09-02,10059,0.125546526947,-0.983579676624,112.502734316,39.9342915811,0.550464595536,0.443023035668,7211,2000-03-23,2009-03-09,2019-12-20,True,3938,7211,2008,-0.861211507194,1995,1.20553713297,-0.923522626581,-0.397795357378,-0.31636020298,-0.0632291371647,240,-0.0416612350923,0.0501855638673,0.0626357586577,120,0.0665675593926,0.113064361301,0,0
UPRO_SMA_TO_SP500,SP500,150,100,LAG2,WAIT_ONE_TRADING_DAY,10,1986-09-26,1986-09-29,2026-09-02,10059,0.165023522007,-0.804916923453,445.686017418,39.9342915811,0.381288981724,0.511269557519,5110,1999-07-16,2003-03-11,2013-07-12,True,3776,5110,2000,-0.465330221375,1995,1.20553713297,-0.589293981364,-0.221211591066,-0.126717914175,0.0502518952049,240,0.0540568677177,0.11397496343,0.107323874644,120,0.111421023445,0.152493127211,347,8.68927396133
UPRO_SMA_TO_TBILL,SP500,150,100,LAG2,WAIT_ONE_TRADING_DAY,10,1986-09-26,1986-09-29,2026-09-02,10059,0.148632908789,-0.771460432522,253.102117294,39.9342915811,0.354543802743,0.481805161913,3934,1999-07-16,2003-04-09,2010-04-23,True,2571,3934,2000,-0.488918685146,1995,1.20553713297,-0.586104978355,-0.215805638877,-0.0848536317763,0.0446187310294,240,0.0511049654784,0.108868315046,0.0942553870351,120,0.098304181836,0.139606212381,347,8.68927396133
UPRO_ALWAYS,SP500,150,100,LAG2,WAIT_ONE_TRADING_DAY,25,1986-09-26,1986-09-29,2026-09-02,10059,0.125546526947,-0.983579676624,112.502734316,39.9342915811,0.550464595536,0.443023035668,7211,2000-03-23,2009-03-09,2019-12-20,True,3938,7211,2008,-0.861211507194,1995,1.20553713297,-0.923522626581,-0.397795357378,-0.31636020298,-0.0632291371647,240,-0.0416612350923,0.0501855638673,0.0626357586577,120,0.0665675593926,0.113064361301,0,0
UPRO_SMA_TO_SP500,SP500,150,100,LAG2,WAIT_ONE_TRADING_DAY,25,1986-09-26,1986-09-29,2026-09-02,10059,0.149910961562,-0.833620493716,264.595471585,39.9342915811,0.38131615451,0.476998650665,5274,1999-07-16,2009-03-09,2013-12-23,True,1750,5274,2000,-0.481938431897,1995,1.20553713297,-0.594799616464,-0.236508524111,-0.143990176128,0.0330350365718,240,0.0370113441788,0.0971184448167,0.0922314301301,120,0.0962727361982,0.136485115657,347,8.68927396133
UPRO_SMA_TO_TBILL,SP500,150,100,LAG2,WAIT_ONE_TRADING_DAY,25,1986-09-26,1986-09-29,2026-09-02,10059,0.133732965624,-0.789904522188,150.262003893,39.9342915811,0.354550029938,0.44494977503,5207,1999-07-16,2003-04-09,2013-10-17,True,3844,5207,2000,-0.504794177666,1995,1.20553713297,-0.591653362979,-0.231208755434,-0.103093578025,0.0274942172821,240,0.0341071781867,0.0923856954246,0.0793410615237,120,0.0833346726405,0.123721511741,347,8.68927396133
UPRO_ALWAYS,SP500,150,100,LAG2,WAIT_ONE_TRADING_DAY,50,1986-09-26,1986-09-29,2026-09-02,10059,0.125546526947,-0.983579676624,112.502734316,39.9342915811,0.550464595536,0.443023035668,7211,2000-03-23,2009-03-09,2019-12-20,True,3938,7211,2008,-0.861211507194,1995,1.20553713297,-0.923522626581,-0.397795357378,-0.31636020298,-0.0632291371647,240,-0.0416612350923,0.0501855638673,0.0626357586577,120,0.0665675593926,0.113064361301,0,0
UPRO_SMA_TO_SP500,SP500,150,100,LAG2,WAIT_ONE_TRADING_DAY,50,1986-09-26,1986-09-29,2026-09-02,10059,0.12510858357,-0.880833745118,110.767821257,39.9342915811,0.381471805289,0.419770075779,6649,1999-07-16,2009-03-09,2017-09-28,True,3125,6649,2000,-0.508532187656,1995,1.20553713297,-0.603830046538,-0.261387673117,-0.172076814439,0.00490959194767,240,0.00915742769928,0.0708963414358,0.0674840668459,120,0.071433806542,0.110320753467,347,8.68927396133
UPRO_SMA_TO_TBILL,SP500,150,100,LAG2,WAIT_ONE_TRADING_DAY,50,1986-09-26,1986-09-29,2026-09-02,10059,0.109279530101,-0.817448005514,62.9043070511,39.9342915811,0.354679265116,0.383398765497,5520,1999-07-16,2003-04-09,2014-08-26,True,4157,5520,2000,-0.530214674959,1995,1.20553713297,-0.613118533107,-0.256260602812,-0.132747628536,-0.000480372820596,240,0.00633126702254,0.0653533778783,0.0548857632963,120,0.0587888886952,0.0981164353778,347,8.68927396133
UPRO_ALWAYS,SP500,200,0,LAG1,IMMEDIATE_NEXT_RETURN,0,1986-09-26,1986-09-29,2026-09-02,10059,0.148633448862,-0.980292395007,253.106869741,39.9342915811,0.550454562794,0.479910777027,6495,2000-03-23,2009-03-09,2018-01-03,True,3222,6495,2008,-0.8583231649,1995,1.25046013403,-0.921923878458,-0.385398933042,-0.302300654977,-0.0439946688308,240,-0.021985554975,0.0717274929105,0.0844371458897,120,0.0884494762758,0.13589426421,0,0
UPRO_SMA_TO_SP500,SP500,200,0,LAG1,IMMEDIATE_NEXT_RETURN,0,1986-09-26,1986-09-29,2026-09-02,10059,0.205410133992,-0.730027701482,1738.05009621,39.9342915811,0.382401906777,0.600128235825,4987,1999-07-16,2009-03-09,2013-03-11,True,1463,4987,2000,-0.426492020085,1995,1.25046013403,-0.538151782769,-0.155857095041,-0.103856289256,0.0650403897801,240,0.0760261010363,0.157758129455,0.155519444605,120,0.15979477379,0.191437058677,230,5.75946112711
UPRO_SMA_TO_TBILL,SP500,200,0,LAG1,IMMEDIATE_NEXT_RETURN,0,1986-09-26,1986-09-29,2026-09-02,10059,0.194619840925,-0.63941941798,1213.70822817,39.9342915811,0.355898131261,0.591766401249,3827,1999-07-16,2003-04-16,2010-01-06,True,2457,3827,2000,-0.438907156793,1995,1.25046013403,-0.482814661098,-0.112944925733,-0.068644923542,0.0777944955397,240,0.081064001498,0.156436880549,0.152420575472,120,0.156465824807,0.183022043002,230,5.75946112711
UPRO_ALWAYS,SP500,200,0,LAG1,IMMEDIATE_NEXT_RETURN,10,1986-09-26,1986-09-29,2026-09-02,10059,0.148633448862,-0.980292395007,253.106869741,39.9342915811,0.550454562794,0.479910777027,6495,2000-03-23,2009-03-09,2018-01-03,True,3222,6495,2008,-0.8583231649,1995,1.25046013403,-0.921923878458,-0.385398933042,-0.302300654977,-0.0439946688308,240,-0.021985554975,0.0717274929105,0.0844371458897,120,0.0884494762758,0.13589426421,0,0
UPRO_SMA_TO_SP500,SP500,200,0,LAG1,IMMEDIATE_NEXT_RETURN,10,1986-09-26,1986-09-29,2026-09-02,10059,0.198484121803,-0.752533349709,1380.78029946,39.9342915811,0.382429048341,0.585035943656,5040,1999-07-16,2009-03-09,2013-05-03,True,1516,5040,2000,-0.435034681611,1995,1.25046013403,-0.543196485723,-0.164429021007,-0.1117105974,0.0577661680601,240,0.0686768469511,0.150140289909,0.148757179296,120,0.153007488642,0.184286524669,230,5.75946112711
UPRO_SMA_TO_TBILL,SP500,200,0,LAG1,IMMEDIATE_NEXT_RETURN,10,1986-09-26,1986-09-29,2026-09-02,10059,0.187755827303,-0.652175706606,964.221005134,39.9342915811,0.355909139071,0.57555571822,3903,1999-07-16,2003-04-16,2010-03-23,True,2533,3903,2000,-0.447264889226,1995,1.25046013403,-0.483843589678,-0.120369689551,-0.0768078439247,0.070433163327,240,0.0736803385723,0.14910267521,0.145676445189,120,0.149239339697,0.175954416903,230,5.75946112711
UPRO_ALWAYS,SP500,200,0,LAG1,IMMEDIATE_NEXT_RETURN,25,1986-09-26,1986-09-29,2026-09-02,10059,0.148633448862,-0.980292395007,253.106869741,39.9342915811,0.550454562794,0.479910777027,6495,2000-03-23,2009-03-09,2018-01-03,True,3222,6495,2008,-0.8583231649,1995,1.25046013403,-0.921923878458,-0.385398933042,-0.302300654977,-0.0439946688308,240,-0.021985554975,0.0717274929105,0.0844371458897,120,0.0884494762758,0.13589426421,0,0
UPRO_SMA_TO_SP500,SP500,200,0,LAG1,IMMEDIATE_NEXT_RETURN,25,1986-09-26,1986-09-29,2026-09-02,10059,0.188156787218,-0.782858975124,977.30538685,39.9342915811,0.382497322934,0.562360997349,5131,1999-07-16,2009-03-09,2013-08-02,True,1607,5131,2000,-0.447626251592,1995,1.25046013403,-0.550669681331,-0.177139754582,-0.123377670383,0.0469344067048,240,0.0577333578117,0.13879178106,0.138675355467,120,0.142888362874,0.17362791105,230,5.75946112711
UPRO_SMA_TO_TBILL,SP500,200,0,LAG1,IMMEDIATE_NEXT_RETURN,25,1986-09-26,1986-09-29,2026-09-02,10059,0.177520938404,-0.670491295009,682.46800943,39.9342915811,0.355955341149,0.551195596265,5051,1999-07-16,2003-04-16,2013-05-14,True,3681,5051,2000,-0.459583880501,1995,1.25046013403,-0.485385070739,-0.131404188201,-0.088933340672,0.0594716891164,240,0.0626856125634,0.138115933363,0.13562165877,120,0.138470787115,0.16537862914,230,5.75946112711
UPRO_ALWAYS,SP500,200,0,LAG1,IMMEDIATE_NEXT_RETURN,50,1986-09-26,1986-09-29,2026-09-02,10059,0.148633448862,-0.980292395007,253.106869741,39.9342915811,0.550454562794,0.479910777027,6495,2000-03-23,2009-03-09,2018-01-03,True,3222,6495,2008,-0.8583231649,1995,1.25046013403,-0.921923878458,-0.385398933042,-0.302300654977,-0.0439946688308,240,-0.021985554975,0.0717274929105,0.0844371458897,120,0.0884494762758,0.13589426421,0,0
UPRO_SMA_TO_SP500,SP500,200,0,LAG1,IMMEDIATE_NEXT_RETURN,50,1986-09-26,1986-09-29,2026-09-02,10059,0.171108023638,-0.825447035513,548.745360703,39.9342915811,0.382684564244,0.524486719811,5345,1999-07-16,2009-03-09,2014-03-04,True,1821,5345,2000,-0.468031794462,1995,1.25046013403,-0.562878437908,-0.197937229432,-0.142521195392,0.0290919501718,240,0.0397068593612,0.120088847878,0.122035457029,120,0.126186898148,0.156035891936,230,5.75946112711
UPRO_SMA_TO_TBILL,SP500,200,0,LAG1,IMMEDIATE_NEXT_RETURN,50,1986-09-26,1986-09-29,2026-09-02,10059,0.160624787741,-0.698953735804,383.197677043,39.9342915811,0.356111478074,0.510495981075,5269,1999-07-16,2003-04-16,2013-12-18,True,3899,5269,2000,-0.479547690015,1995,1.25046013403,-0.487949107597,-0.149524202314,-0.108829054926,0.0414155650269,240,0.0445747149475,0.119298275893,0.11897907563,120,0.120711653111,0.147731146734,230,5.75946112711
UPRO_ALWAYS,SP500,200,0,LAG2,WAIT_ONE_TRADING_DAY,0,1986-09-26,1986-09-29,2026-09-02,10059,0.148633448862,-0.980292395007,253.106869741,39.9342915811,0.550454562794,0.479910777027,6495,2000-03-23,2009-03-09,2018-01-03,True,3222,6495,2008,-0.8583231649,1995,1.25046013403,-0.921923878458,-0.385398933042,-0.302300654977,-0.0439946688308,240,-0.021985554975,0.0717274929105,0.0844371458897,120,0.0884494762758,0.13589426421,0,0
UPRO_SMA_TO_SP500,SP500,200,0,LAG2,WAIT_ONE_TRADING_DAY,0,1986-09-26,1986-09-29,2026-09-02,10059,0.177473048052,-0.781999619297,681.360458099,39.9342915811,0.393738174472,0.543703593685,2841,1987-08-25,1987-10-19,1995-06-05,True,2786,2841,1987,-0.472588912271,1995,1.25046013403,-0.76422981421,-0.14930603843,-0.0933598596999,0.0750185490551,240,0.0838507250707,0.151155551383,0.125274955097,120,0.129438382099,0.186939971742,230,5.75946112711
UPRO_SMA_TO_TBILL,SP500,200,0,LAG2,WAIT_ONE_TRADING_DAY,0,1986-09-26,1986-09-29,2026-09-02,10059,0.157259767812,-0.800042236062,341.244973928,39.9342915811,0.369545028895,0.507362604134,3005,1987-08-25,1988-08-22,1995-11-16,True,2642,3005,1987,-0.54808345832,1995,1.25046013403,-0.797032466088,-0.134940046843,-0.052283286018,0.0748492572082,240,0.0801887126575,0.150844092619,0.112464212125,120,0.116580240406,0.175505892927,230,5.75946112711
UPRO_ALWAYS,SP500,200,0,LAG2,WAIT_ONE_TRADING_DAY,10,1986-09-26,1986-09-29,2026-09-02,10059,0.148633448862,-0.980292395007,253.106869741,39.9342915811,0.550454562794,0.479910777027,6495,2000-03-23,2009-03-09,2018-01-03,True,3222,6495,2008,-0.8583231649,1995,1.25046013403,-0.921923878458,-0.385398933042,-0.302300654977,-0.0439946688308,240,-0.021985554975,0.0717274929105,0.0844371458897,120,0.0884494762758,0.13589426421,0,0
UPRO_SMA_TO_SP500,SP500,200,0,LAG2,WAIT_ONE_TRADING_DAY,10,1986-09-26,1986-09-29,2026-09-02,10059,0.170707555999,-0.782082375543,541.301484591,39.9342915811,0.393748328805,0.529055546181,2863,1987-08-25,1987-12-04,1995-06-19,True,2754,2855,2022,-0.474255785233,1995,1.25046013403,-0.764698873684,-0.157944487696,-0.101306164464,0.0676761765461,240,0.0764480288338,0.143607784667,0.118689684873,120,0.122828746904,0.179645108777,230,5.75946112711
UPRO_SMA_TO_TBILL,SP500,200,0,LAG2,WAIT_ONE_TRADING_DAY,10,1986-09-26,1986-09-29,2026-09-02,10059,0.150610416665,-0.800441951632,271.099399445,39.9342915811,0.36955788379,0.49175438912,3017,1987-08-25,1988-08-22,1995-11-28,True,2654,3017,1987,-0.548986839486,1995,1.25046013403,-0.797436265424,-0.139427084279,-0.060589609006,0.0672421014828,240,0.0725437673828,0.143538405195,0.105953912203,120,0.110045852897,0.168588001822,230,5.75946112711
UPRO_ALWAYS,SP500,200,0,LAG2,WAIT_ONE_TRADING_DAY,25,1986-09-26,1986-09-29,2026-09-02,10059,0.148633448862,-0.980292395007,253.106869741,39.9342915811,0.550454562794,0.479910777027,6495,2000-03-23,2009-03-09,2018-01-03,True,3222,6495,2008,-0.8583231649,1995,1.25046013403,-0.921923878458,-0.385398933042,-0.302300654977,-0.0439946688308,240,-0.021985554975,0.0717274929105,0.0844371458897,120,0.0884494762758,0.13589426421,0,0
UPRO_SMA_TO_SP500,SP500,200,0,LAG2,WAIT_ONE_TRADING_DAY,25,1986-09-26,1986-09-29,2026-09-02,10059,0.16061957201,-0.782409579183,383.128914142,39.9342915811,0.393790394889,0.507050343792,5043,1987-08-25,1987-12-04,1995-07-06,True,2771,2872,2022,-0.485973221431,1995,1.25046013403,-0.765401591353,-0.170753864208,-0.113109892548,0.0567429344947,240,0.0654249610596,0.132573309528,0.108871742034,120,0.112974478464,0.168978747684,230,5.75946112711
UPRO_SMA_TO_TBILL,SP500,200,0,LAG2,WAIT_ONE_TRADING_DAY,25,1986-09-26,1986-09-29,2026-09-02,10059,0.140695609673,-0.801040775145,191.882013057,39.9342915811,0.369605747307,0.468307894196,3025,1987-08-25,1988-08-22,1995-12-06,True,2662,3025,1987,-0.55034021655,1995,1.25046013403,-0.798041214145,-0.146122380605,-0.0729281211624,0.0559181089113,240,0.0611635213845,0.132171900907,0.096247742173,120,0.100303770817,0.158274592746,230,5.75946112711
UPRO_ALWAYS,SP500,200,0,LAG2,WAIT_ONE_TRADING_DAY,50,1986-09-26,1986-09-29,2026-09-02,10059,0.148633448862,-0.980292395007,253.106869741,39.9342915811,0.550454562794,0.479910777027,6495,2000-03-23,2009-03-09,2018-01-03,True,3222,6495,2008,-0.8583231649,1995,1.25046013403,-0.921923878458,-0.385398933042,-0.302300654977,-0.0439946688308,240,-0.021985554975,0.0717274929105,0.0844371458897,120,0.0884494762758,0.13589426421,0,0
UPRO_SMA_TO_SP500,SP500,200,0,LAG2,WAIT_ONE_TRADING_DAY,50,1986-09-26,1986-09-29,2026-09-02,10059,0.143965937656,-0.794020907999,215.122332298,39.9342915811,0.39393203357,0.47030005896,5232,1999-07-16,2009-03-09,2013-11-11,True,1708,5232,2022,-0.504962167768,1995,1.25046013403,-0.766570463324,-0.191712739971,-0.132477643493,0.0387333154063,240,0.0472673778957,0.114697148896,0.0926673751971,120,0.0967101567709,0.151756893146,230,5.75946112711
UPRO_SMA_TO_TBILL,SP500,200,0,LAG2,WAIT_ONE_TRADING_DAY,50,1986-09-26,1986-09-29,2026-09-02,10059,0.124327862609,-0.802036814757,107.739470061,39.9342915811,0.369761697523,0.429155481622,5054,1987-08-25,1988-08-22,1996-02-06,True,2724,3087,1987,-0.552591325823,1995,1.25046013403,-0.799047461227,-0.157187682276,-0.0931733545984,0.0372741370099,240,0.0424269330938,0.113573884638,0.0802278546739,120,0.0842246110203,0.141191150218,230,5.75946112711
UPRO_ALWAYS,SP500,200,50,LAG1,IMMEDIATE_NEXT_RETURN,0,1986-09-26,1986-09-29,2026-09-02,10059,0.137031711948,-0.982010922896,168.747896283,39.9342915811,0.550459443524,0.461466824148,6733,2000-03-23,2009-03-09,2018-08-29,True,3460,6733,2008,-0.85977473214,1995,1.22788602039,-0.922727364296,-0.391628546145,-0.309366009335,-0.0536605029174,240,-0.0318731056722,0.0609021503929,0.073481409059,120,0.077453271565,0.124421688364,0,0
UPRO_SMA_TO_SP500,SP500,200,50,LAG1,IMMEDIATE_NEXT_RETURN,0,1986-09-26,1986-09-29,2026-09-02,10059,0.195900545046,-0.744882830999,1266.7687263,39.9342915811,0.382395837197,0.579402013843,5040,1999-07-16,2009-03-09,2013-05-03,True,1516,5040,2000,-0.430477003648,1995,1.22788602039,-0.538847212141,-0.161796889842,-0.10903261775,0.0572751815487,240,0.0681927817763,0.14895780929,0.146585232563,120,0.150827577942,0.182163949203,230,5.75946112711
UPRO_SMA_TO_TBILL,SP500,200,50,LAG1,IMMEDIATE_NEXT_RETURN,0,1986-09-26,1986-09-29,2026-09-02,10059,0.185195377572,-0.643842852724,884.604896976,39.9342915811,0.35588993986,0.569499535469,3897,1999-07-16,2003-04-16,2010-03-17,True,2527,3897,2000,-0.442805874572,1995,1.22788602039,-0.484799080591,-0.117104115427,-0.0740246408383,0.0699362971381,240,0.0731940070285,0.147844921996,0.143510323177,120,0.147389808769,0.173890003038,230,5.75946112711
UPRO_ALWAYS,SP500,200,50,LAG1,IMMEDIATE_NEXT_RETURN,10,1986-09-26,1986-09-29,2026-09-02,10059,0.137031711948,-0.982010922896,168.747896283,39.9342915811,0.550459443524,0.461466824148,6733,2000-03-23,2009-03-09,2018-08-29,True,3460,6733,2008,-0.85977473214,1995,1.22788602039,-0.922727364296,-0.391628546145,-0.309366009335,-0.0536605029174,240,-0.0318731056722,0.0609021503929,0.073481409059,120,0.077453271565,0.124421688364,0,0
UPRO_SMA_TO_SP500,SP500,200,50,LAG1,IMMEDIATE_NEXT_RETURN,10,1986-09-26,1986-09-29,2026-09-02,10059,0.189029172791,-0.766150113952,1006.3745027,39.9342915811,0.382422800025,0.564311551403,5054,1999-07-16,2009-03-09,2013-05-17,True,1530,5054,2000,-0.438960307036,1995,1.22788602039,-0.543884319018,-0.170308499621,-0.116841557637,0.0500539961707,240,0.0608970292312,0.141610563554,0.139875251542,120,0.144092770109,0.175019120847,230,5.75946112711
UPRO_SMA_TO_TBILL,SP500,200,50,LAG1,IMMEDIATE_NEXT_RETURN,10,1986-09-26,1986-09-29,2026-09-02,10059,0.178385514771,-0.656442653139,702.767438758,39.9342915811,0.355900754765,0.553289834413,3924,1999-07-16,2003-04-16,2010-04-13,True,2554,3924,2000,-0.451105533835,1995,1.22788602039,-0.485824061214,-0.124494066298,-0.082140410349,0.0626286363899,240,0.0658640961344,0.140432964521,0.136818336967,120,0.140220037566,0.166740892493,230,5.75946112711
UPRO_ALWAYS,SP500,200,50,LAG1,IMMEDIATE_NEXT_RETURN,25,1986-09-26,1986-09-29,2026-09-02,10059,0.137031711948,-0.982010922896,168.747896283,39.9342915811,0.550459443524,0.461466824148,6733,2000-03-23,2009-03-09,2018-08-29,True,3460,6733,2008,-0.85977473214,1995,1.22788602039,-0.922727364296,-0.391628546145,-0.309366009335,-0.0536605029174,240,-0.0318731056722,0.0609021503929,0.073481409059,120,0.077453271565,0.124421688364,0,0
UPRO_SMA_TO_SP500,SP500,200,50,LAG1,IMMEDIATE_NEXT_RETURN,25,1986-09-26,1986-09-29,2026-09-02,10059,0.178783311477,-0.794807082636,712.303921968,39.9342915811,0.38249080595,0.541640816194,5218,1999-07-16,2009-03-09,2013-10-28,True,1694,5218,2000,-0.451464385297,1995,1.22788602039,-0.551346261838,-0.182929794371,-0.12844123897,0.0393012091746,240,0.0500332071595,0.130325110278,0.129871378069,120,0.134051882478,0.164443876979,230,5.75946112711
UPRO_SMA_TO_TBILL,SP500,200,50,LAG1,IMMEDIATE_NEXT_RETURN,25,1986-09-26,1986-09-29,2026-09-02,10059,0.168231369831,-0.674533554428,497.41324081,39.9342915811,0.355946667072,0.528933009177,5130,1999-07-16,2003-04-16,2013-08-01,True,3760,5130,2000,-0.463338927386,1995,1.22788602039,-0.487359627673,-0.135476826815,-0.0941958674882,0.0517470822749,240,0.0549494101904,0.12953862741,0.126841291856,120,0.129535997258,0.156328897514,230,5.75946112711
UPRO_ALWAYS,SP500,200,50,LAG1,IMMEDIATE_NEXT_RETURN,50,1986-09-26,1986-09-29,2026-09-02,10059,0.137031711948,-0.982010922896,168.747896283,39.9342915811,0.550459443524,0.461466824148,6733,2000-03-23,2009-03-09,2018-08-29,True,3460,6733,2008,-0.85977473214,1995,1.22788602039,-0.922727364296,-0.391628546145,-0.309366009335,-0.0536605029174,240,-0.0318731056722,0.0609021503929,0.073481409059,120,0.077453271565,0.124421688364,0,0
UPRO_SMA_TO_SP500,SP500,200,50,LAG1,IMMEDIATE_NEXT_RETURN,50,1986-09-26,1986-09-29,2026-09-02,10059,0.161869047126,-0.835051750179,399.950187372,39.9342915811,0.382677598151,0.503777459039,5438,1999-07-16,2009-03-09,2014-06-05,True,1914,5438,2000,-0.471728141556,1995,1.22788602039,-0.563536635043,-0.203580928202,-0.147474186655,0.0215888419713,240,0.0321379390921,0.111761232861,0.11336013552,120,0.117479548619,0.147123551036,230,5.75946112711
UPRO_SMA_TO_TBILL,SP500,200,50,LAG1,IMMEDIATE_NEXT_RETURN,50,1986-09-26,1986-09-29,2026-09-02,10059,0.151468514419,-0.714344721675,279.2916236,39.9342915811,0.356102320152,0.488243743478,5345,1999-07-16,2009-07-10,2014-03-04,True,1698,5345,2000,-0.483164019645,1995,1.22788602039,-0.489913826424,-0.153511880504,-0.113976659602,0.033822605365,240,0.0369703573718,0.1107760744,0.110197914303,120,0.111916238047,0.138756186952,230,5.75946112711
UPRO_ALWAYS,SP500,200,50,LAG2,WAIT_ONE_TRADING_DAY,0,1986-09-26,1986-09-29,2026-09-02,10059,0.137031711948,-0.982010922896,168.747896283,39.9342915811,0.550459443524,0.461466824148,6733,2000-03-23,2009-03-09,2018-08-29,True,3460,6733,2008,-0.85977473214,1995,1.22788602039,-0.922727364296,-0.391628546145,-0.309366009335,-0.0536605029174,240,-0.0318731056722,0.0609021503929,0.073481409059,120,0.077453271565,0.124421688364,0,0
UPRO_SMA_TO_SP500,SP500,200,50,LAG2,WAIT_ONE_TRADING_DAY,0,1986-09-26,1986-09-29,2026-09-02,10059,0.16817959531,-0.782365596882,496.533659669,39.9342915811,0.393735079259,0.523570030547,2858,1987-08-25,1987-10-19,1995-06-22,True,2803,2858,1987,-0.476786758558,1995,1.22788602039,-0.76517848706,-0.155287472582,-0.0985906597899,0.0671900014081,240,0.0759549699477,0.142567374668,0.116570594779,120,0.120701886521,0.177812723234,230,5.75946112711
UPRO_SMA_TO_TBILL,SP500,200,50,LAG2,WAIT_ONE_TRADING_DAY,0,1986-09-26,1986-09-29,2026-09-02,10059,0.148125852619,-0.80082855474,248.678381221,39.9342915811,0.369539467354,0.485914080104,3023,1987-08-25,1988-08-22,1995-12-04,True,2660,3023,1987,-0.551680417543,1995,1.22788602039,-0.797849150301,-0.141642051969,-0.0577510746725,0.0670382200944,240,0.0723391921531,0.142110043183,0.103858946985,120,0.107943205852,0.166281174866,230,5.75946112711
UPRO_ALWAYS,SP500,200,50,LAG2,WAIT_ONE_TRADING_DAY,10,1986-09-26,1986-09-29,2026-09-02,10059,0.137031711948,-0.982010922896,168.747896283,39.9342915811,0.550459443524,0.461466824148,6733,2000-03-23,2009-03-09,2018-08-29,True,3460,6733,2008,-0.85977473214,1995,1.22788602039,-0.922727364296,-0.391628546145,-0.309366009335,-0.0536605029174,240,-0.0318731056722,0.0609021503929,0.073481409059,120,0.077453271565,0.124421688364,0,0
UPRO_SMA_TO_SP500,SP500,200,50,LAG2,WAIT_ONE_TRADING_DAY,10,1986-09-26,1986-09-29,2026-09-02,10059,0.16146750132,-0.782448214197,394.467280767,39.9342915811,0.393745051986,0.508922941133,5009,1987-08-25,1987-12-04,1995-07-07,True,2772,2873,1987,-0.477832661828,1995,1.22788602039,-0.76564565917,-0.163865182831,-0.106491118876,0.059901097849,240,0.0686062016876,0.135088231431,0.110036263718,120,0.114143378549,0.170511976632,230,5.75946112711
UPRO_SMA_TO_TBILL,SP500,200,50,LAG2,WAIT_ONE_TRADING_DAY,10,1986-09-26,1986-09-29,2026-09-02,10059,0.141528982869,-0.801226698459,197.560594162,39.9342915811,0.369552128932,0.470306967877,3025,1987-08-25,1988-08-22,1995-12-06,True,2662,3025,1987,-0.552576608389,1995,1.22788602039,-0.798251324863,-0.146094326326,-0.0660094748816,0.0594863463309,240,0.0647498012032,0.13467945531,0.097399006308,120,0.101459363507,0.159417568888,230,5.75946112711
UPRO_ALWAYS,SP500,200,50,LAG2,WAIT_ONE_TRADING_DAY,25,1986-09-26,1986-09-29,2026-09-02,10059,0.137031711948,-0.982010922896,168.747896283,39.9342915811,0.550459443524,0.461466824148,6733,2000-03-23,2009-03-09,2018-08-29,True,3460,6733,2008,-0.85977473214,1995,1.22788602039,-0.922727364296,-0.391628546145,-0.309366009335,-0.0536605029174,240,-0.0318731056722,0.0609021503929,0.073481409059,120,0.077453271565,0.124421688364,0,0
UPRO_SMA_TO_SP500,SP500,200,50,LAG2,WAIT_ONE_TRADING_DAY,25,1986-09-26,1986-09-29,2026-09-02,10059,0.151459138858,-0.78277486853,279.200824766,39.9342915811,0.393786844892,0.48692052291,5054,1987-08-25,1987-12-04,1995-09-05,True,2832,2933,2022,-0.486985609353,1995,1.22788602039,-0.766345549301,-0.17658449353,-0.118226746135,0.0490474743367,240,0.0576634359715,0.124176596133,0.100294265795,120,0.104365335404,0.159794471049,230,5.75946112711
UPRO_SMA_TO_TBILL,SP500,200,50,LAG2,WAIT_ONE_TRADING_DAY,25,1986-09-26,1986-09-29,2026-09-02,10059,0.131692430569,-0.801823167145,139.831827684,39.9342915811,0.369599701872,0.446863754873,3082,1987-08-25,1988-08-22,1996-02-01,True,2719,3082,1987,-0.553919213458,1995,1.22788602039,-0.79885383944,-0.152737751207,-0.0782768008113,0.0482446463466,240,0.0534522532311,0.123427103482,0.0877679165955,120,0.0917926389304,0.149185089811,230,5.75946112711
UPRO_ALWAYS,SP500,200,50,LAG2,WAIT_ONE_TRADING_DAY,50,1986-09-26,1986-09-29,2026-09-02,10059,0.137031711948,-0.982010922896,168.747896283,39.9342915811,0.550459443524,0.461466824148,6733,2000-03-23,2009-03-09,2018-08-29,True,3460,6733,2008,-0.85977473214,1995,1.22788602039,-0.922727364296,-0.391628546145,-0.309366009335,-0.0536605029174,240,-0.0318731056722,0.0609021503929,0.073481409059,120,0.077453271565,0.124421688364,0,0
UPRO_SMA_TO_SP500,SP500,200,50,LAG2,WAIT_ONE_TRADING_DAY,50,1986-09-26,1986-09-29,2026-09-02,10059,0.134936946803,-0.805356589551,156.767945164,39.9342915811,0.393928026397,0.450178464728,5274,1999-07-16,2009-03-09,2013-12-23,True,1750,5274,2022,-0.50593715651,1995,1.22788602039,-0.76750971806,-0.197396002389,-0.137482756127,0.0311690056934,240,0.039638129169,0.106127614635,0.0842152448989,120,0.0882268224105,0.142745809994,230,5.75946112711
UPRO_SMA_TO_TBILL,SP500,200,50,LAG2,WAIT_ONE_TRADING_DAY,50,1986-09-26,1986-09-29,2026-09-02,10059,0.115453869378,-0.802815289906,78.5139095239,39.9342915811,0.36975516639,0.407721145155,5178,1987-08-25,1988-08-22,1996-02-12,True,2730,3093,1987,-0.556152405378,1995,1.22788602039,-0.799856037667,-0.163717325052,-0.0984052307173,0.0297361620548,240,0.0348518200697,0.105120764685,0.0718719480305,120,0.0758378555588,0.132297681718,230,5.75946112711
UPRO_ALWAYS,SP500,200,100,LAG1,IMMEDIATE_NEXT_RETURN,0,1986-09-26,1986-09-29,2026-09-02,10059,0.125546526947,-0.983579676624,112.502734316,39.9342915811,0.550464595536,0.443023035668,7211,2000-03-23,2009-03-09,2019-12-20,True,3938,7211,2008,-0.861211507194,1995,1.20553713297,-0.923522626581,-0.397795357378,-0.31636020298,-0.0632291371647,240,-0.0416612350923,0.0501855638673,0.0626357586577,120,0.0665675593926,0.113064361301,0,0
UPRO_SMA_TO_SP500,SP500,200,100,LAG1,IMMEDIATE_NEXT_RETURN,0,1986-09-26,1986-09-29,2026-09-02,10059,0.186465462138,-0.758921315079,923.261729704,39.9342915811,0.382390253765,0.558674534584,5051,1999-07-16,2009-03-09,2013-05-14,True,1527,5051,2000,-0.434434509277,1995,1.20553713297,-0.539541631494,-0.167695215999,-0.114179329841,0.0495661661469,240,0.0604160608963,0.140223964346,0.137719612827,120,0.141929227244,0.172962715988,230,5.75946112711
UPRO_SMA_TO_TBILL,SP500,200,100,LAG1,IMMEDIATE_NEXT_RETURN,0,1986-09-26,1986-09-29,2026-09-02,10059,0.175844753311,-0.648212259655,644.72845779,39.9342915811,0.355882270732,0.547230979129,3917,1999-07-16,2003-04-16,2010-04-06,True,2547,3917,2000,-0.44667770925,1995,1.20553713297,-0.48677599398,-0.12124403106,-0.0793735780402,0.0621349644884,240,0.0653808759298,0.139320321028,0.134668479238,120,0.138384528934,0.164815939618,230,5.75946112711
UPRO_ALWAYS,SP500,200,100,LAG1,IMMEDIATE_NEXT_RETURN,10,1986-09-26,1986-09-29,2026-09-02,10059,0.125546526947,-0.983579676624,112.502734316,39.9342915811,0.550464595536,0.443023035668,7211,2000-03-23,2009-03-09,2019-12-20,True,3938,7211,2008,-0.861211507194,1995,1.20553713297,-0.923522626581,-0.397795357378,-0.31636020298,-0.0632291371647,240,-0.0416612350923,0.0501855638673,0.0626357586577,120,0.0665675593926,0.113064361301,0,0
UPRO_SMA_TO_SP500,SP500,200,100,LAG1,IMMEDIATE_NEXT_RETURN,10,1986-09-26,1986-09-29,2026-09-02,10059,0.179648301721,-0.779018310614,733.478057047,39.9342915811,0.382417037805,0.543585901883,5178,1999-07-16,2009-03-09,2013-09-18,True,1654,5178,2000,-0.442858863823,1995,1.20553713297,-0.544571153327,-0.176146930688,-0.121943161044,0.0423976333141,240,0.0531734233246,0.133059591921,0.131061514683,120,0.135246493834,0.165849228099,230,5.75946112711
UPRO_SMA_TO_TBILL,SP500,200,100,LAG1,IMMEDIATE_NEXT_RETURN,10,1986-09-26,1986-09-29,2026-09-02,10059,0.169088617068,-0.660657483205,512.199478575,39.9342915811,0.355892892696,0.531022259834,5052,1999-07-16,2003-04-16,2013-05-15,True,3682,5052,2000,-0.454919695779,1995,1.20553713297,-0.487797041578,-0.12859933031,-0.087442466453,0.0548805868118,240,0.0581043286907,0.131959676274,0.128028236765,120,0.131271029624,0.157664366176,230,5.75946112711
UPRO_ALWAYS,SP500,200,100,LAG1,IMMEDIATE_NEXT_RETURN,25,1986-09-26,1986-09-29,2026-09-02,10059,0.125546526947,-0.983579676624,112.502734316,39.9342915811,0.550464595536,0.443023035668,7211,2000-03-23,2009-03-09,2019-12-20,True,3938,7211,2008,-0.861211507194,1995,1.20553713297,-0.923522626581,-0.397795357378,-0.31636020298,-0.0632291371647,240,-0.0416612350923,0.0501855638673,0.0626357586577,120,0.0665675593926,0.113064361301,0,0
UPRO_SMA_TO_SP500,SP500,200,100,LAG1,IMMEDIATE_NEXT_RETURN,25,1986-09-26,1986-09-29,2026-09-02,10059,0.169483275348,-0.806098355251,519.1499738,39.9342915811,0.38248477495,0.52091937794,5271,1999-07-16,2009-03-09,2013-12-20,True,1747,5271,2000,-0.455276053652,1995,1.20553713297,-0.552021859703,-0.18867941103,-0.133475836311,0.0317232491805,240,0.0423886926991,0.121920927382,0.121134993103,120,0.125283243672,0.155331227525,230,5.75946112711
UPRO_SMA_TO_TBILL,SP500,200,100,LAG1,IMMEDIATE_NEXT_RETURN,25,1986-09-26,1986-09-29,2026-09-02,10059,0.159014583471,-0.678526441709,362.530744209,39.9342915811,0.355938515131,0.506668731277,5215,1999-07-16,2003-04-16,2013-10-25,True,3845,5215,2000,-0.467068081834,1995,1.20553713297,-0.489326715808,-0.139530592454,-0.0994282847163,0.0440783744517,240,0.0472691044951,0.120944934488,0.118128336105,120,0.120670842921,0.14726862391,230,5.75946112711
UPRO_ALWAYS,SP500,200,100,LAG1,IMMEDIATE_NEXT_RETURN,50,1986-09-26,1986-09-29,2026-09-02,10059,0.125546526947,-0.983579676624,112.502734316,39.9342915811,0.550464595536,0.443023035668,7211,2000-03-23,2009-03-09,2019-12-20,True,3938,7211,2008,-0.861211507194,1995,1.20553713297,-0.923522626581,-0.397795357378,-0.31636020298,-0.0632291371647,240,-0.0416612350923,0.0501855638673,0.0626357586577,120,0.0665675593926,0.113064361301,0,0
UPRO_SMA_TO_SP500,SP500,200,100,LAG1,IMMEDIATE_NEXT_RETURN,50,1986-09-26,1986-09-29,2026-09-02,10059,0.152702456448,-0.844128455554,291.496540861,39.9342915811,0.382671117758,0.483066941855,5520,1999-07-16,2009-03-09,2014-08-26,True,1996,5520,2000,-0.475399000971,1995,1.20553713297,-0.564193876235,-0.209185225521,-0.15239883934,0.0141400299169,240,0.024623706831,0.103495079408,0.104751418688,120,0.108839049285,0.138261477537,230,5.75946112711
UPRO_SMA_TO_TBILL,SP500,200,100,LAG1,IMMEDIATE_NEXT_RETURN,50,1986-09-26,1986-09-29,2026-09-02,10059,0.142383978966,-0.73038069983,203.556704664,39.9342915811,0.356093684082,0.465989815731,5438,1999-07-16,2009-07-10,2014-06-05,True,1791,5438,2000,-0.486755413345,1995,1.20553713297,-0.493132286245,-0.157481079432,-0.119094812219,0.0262845920582,240,0.0294209438505,0.102327658381,0.101485186266,120,0.103189372251,0.129850930907,230,5.75946112711
UPRO_ALWAYS,SP500,200,100,LAG2,WAIT_ONE_TRADING_DAY,0,1986-09-26,1986-09-29,2026-09-02,10059,0.125546526947,-0.983579676624,112.502734316,39.9342915811,0.550464595536,0.443023035668,7211,2000-03-23,2009-03-09,2019-12-20,True,3938,7211,2008,-0.861211507194,1995,1.20553713297,-0.923522626581,-0.397795357378,-0.31636020298,-0.0632291371647,240,-0.0416612350923,0.0501855638673,0.0626357586577,120,0.0665675593926,0.113064361301,0,0
UPRO_SMA_TO_SP500,SP500,200,100,LAG2,WAIT_ONE_TRADING_DAY,0,1986-09-26,1986-09-29,2026-09-02,10059,0.158958987695,-0.782730987395,361.836937908,39.9342915811,0.393732456651,0.503435649575,2878,1987-08-25,1987-10-19,1995-07-12,True,2823,2878,1987,-0.480951437173,1995,1.20553713297,-0.766123402687,-0.161227178168,-0.103791567085,0.059418036985,240,0.0681163045475,0.134042804396,0.107933091546,120,0.112032494476,0.168675842745,230,5.75946112711
UPRO_SMA_TO_TBILL,SP500,200,100,LAG2,WAIT_ONE_TRADING_DAY,0,1986-09-26,1986-09-29,2026-09-02,10059,0.139063532046,-0.801611830862,181.218377108,39.9342915811,0.369534409308,0.464464402225,3080,1987-08-25,1988-08-22,1996-01-30,True,2717,3080,1987,-0.555248956773,1995,1.20553713297,-0.798662600034,-0.148292502142,-0.0631876161979,0.0592835209755,240,0.0645462847572,0.133390355379,0.0953197777929,120,0.0993725108881,0.157220407033,230,5.75946112711
UPRO_ALWAYS,SP500,200,100,LAG2,WAIT_ONE_TRADING_DAY,10,1986-09-26,1986-09-29,2026-09-02,10059,0.125546526947,-0.983579676624,112.502734316,39.9342915811,0.550464595536,0.443023035668,7211,2000-03-23,2009-03-09,2019-12-20,True,3938,7211,2008,-0.861211507194,1995,1.20553713297,-0.923522626581,-0.397795357378,-0.31636020298,-0.0632291371647,240,-0.0416612350923,0.0501855638673,0.0626357586577,120,0.0665675593926,0.113064361301,0,0
UPRO_SMA_TO_SP500,SP500,200,100,LAG2,WAIT_ONE_TRADING_DAY,10,1986-09-26,1986-09-29,2026-09-02,10059,0.152299873217,-0.782813466002,287.458524106,39.9342915811,0.393742247744,0.488789517319,5044,1987-08-25,1987-12-04,1995-09-05,True,2832,2933,1987,-0.48198901525,1995,1.20553713297,-0.766588694909,-0.169744573135,-0.111646442491,0.0521822159127,240,0.0608210743416,0.126708570089,0.101449308391,120,0.105524721029,0.161476162388,230,5.75946112711
UPRO_SMA_TO_TBILL,SP500,200,100,LAG2,WAIT_ONE_TRADING_DAY,10,1986-09-26,1986-09-29,2026-09-02,10059,0.132518732327,-0.802008408812,143.96752174,39.9342915811,0.369546877533,0.448858391712,3082,1987-08-25,1988-08-22,1996-02-01,True,2719,3082,1987,-0.556138014109,1995,1.20553713297,-0.799063156255,-0.152710280833,-0.0713983674954,0.0517865304465,240,0.0570120474577,0.125734296005,0.0889098095572,120,0.0929388254778,0.150318603768,230,5.75946112711
UPRO_ALWAYS,SP500,200,100,LAG2,WAIT_ONE_TRADING_DAY,25,1986-09-26,1986-09-29,2026-09-02,10059,0.125546526947,-0.983579676624,112.502734316,39.9342915811,0.550464595536,0.443023035668,7211,2000-03-23,2009-03-09,2019-12-20,True,3938,7211,2008,-0.861211507194,1995,1.20553713297,-0.923522626581,-0.397795357378,-0.31636020298,-0.0632291371647,240,-0.0416612350923,0.0501855638673,0.0626357586577,120,0.0665675593926,0.113064361301,0,0
UPRO_SMA_TO_SP500,SP500,200,100,LAG2,WAIT_ONE_TRADING_DAY,25,1986-09-26,1986-09-29,2026-09-02,10059,0.142370508183,-0.783139571909,203.460872244,39.9342915811,0.393783767401,0.466789881925,5178,1987-08-25,1987-12-04,1995-09-14,True,2841,2942,2022,-0.4879960588,1995,1.20553713297,-0.7672857687,-0.182374446354,-0.123314358104,0.0414076354721,240,0.049958030065,0.115883224162,0.091782672061,120,0.0958223177038,0.150800559088,230,5.75946112711
UPRO_SMA_TO_TBILL,SP500,200,100,LAG2,WAIT_ONE_TRADING_DAY,25,1986-09-26,1986-09-29,2026-09-02,10059,0.122759821332,-0.802602531782,101.899074446,39.9342915811,0.369594159803,0.425418459156,3089,1987-08-25,1988-08-22,1996-02-08,True,2726,3089,1987,-0.557469932295,1995,1.20553713297,-0.79966324633,-0.159302233287,-0.0835949140111,0.0406265295048,240,0.0457966010685,0.114899367861,0.0793532234801,120,0.0833468795968,0.14016642401,230,5.75946112711
UPRO_ALWAYS,SP500,200,100,LAG2,WAIT_ONE_TRADING_DAY,50,1986-09-26,1986-09-29,2026-09-02,10059,0.125546526947,-0.983579676624,112.502734316,39.9342915811,0.550464595536,0.443023035668,7211,2000-03-23,2009-03-09,2019-12-20,True,3938,7211,2008,-0.861211507194,1995,1.20553713297,-0.923522626581,-0.397795357378,-0.31636020298,-0.0632291371647,240,-0.0416612350923,0.0501855638673,0.0626357586577,120,0.0665675593926,0.113064361301,0,0
UPRO_SMA_TO_SP500,SP500,200,100,LAG2,WAIT_ONE_TRADING_DAY,50,1986-09-26,1986-09-29,2026-09-02,10059,0.125978728138,-0.816069006851,114.240861895,39.9342915811,0.393924491523,0.430056048335,5374,1999-07-16,2009-03-09,2014-04-02,True,1850,5374,2022,-0.506910278388,1995,1.20553713297,-0.768445252875,-0.203039616392,-0.142459265716,0.0236593693438,240,0.0320640432087,0.0978437142473,0.075828034339,120,0.0798086470951,0.133789064446,230,5.75946112711
UPRO_SMA_TO_TBILL,SP500,200,100,LAG2,WAIT_ONE_TRADING_DAY,50,1986-09-26,1986-09-29,2026-09-02,10059,0.106649433413,-0.803590752849,57.2151193622,39.9342915811,0.369749138364,0.386285650223,5234,1987-08-25,1988-08-22,1996-10-07,True,2968,3331,1987,-0.559685348429,1995,1.20553713297,-0.800661411738,-0.170196738766,-0.103607207892,0.0222525556027,240,0.0273313410448,0.0967239065449,0.0635802220437,120,0.0675155173362,0.123411539829,230,5.75946112711
UPRO_ALWAYS,SP500,250,0,LAG1,IMMEDIATE_NEXT_RETURN,0,1986-09-26,1986-09-29,2026-09-02,10059,0.148633448862,-0.980292395007,253.106869741,39.9342915811,0.550454562794,0.479910777027,6495,2000-03-23,2009-03-09,2018-01-03,True,3222,6495,2008,-0.8583231649,1995,1.25046013403,-0.921923878458,-0.385398933042,-0.302300654977,-0.0439946688308,240,-0.021985554975,0.0717274929105,0.0844371458897,120,0.0884494762758,0.13589426421,0,0
UPRO_SMA_TO_SP500,SP500,250,0,LAG1,IMMEDIATE_NEXT_RETURN,0,1986-09-26,1986-09-29,2026-09-02,10059,0.193044026021,-0.701723035301,1151.38837713,39.9342915811,0.389174760282,0.569970294369,2835,2007-07-13,2009-03-09,2013-04-10,True,1493,2098,2022,-0.422113136658,1995,1.25046013403,-0.577843189,-0.14848911288,-0.0808819539377,0.0622784091647,240,0.0732356310585,0.16009624224,0.14454216329,120,0.148776877415,0.183929186563,216,5.40888523241
UPRO_SMA_TO_TBILL,SP500,250,0,LAG1,IMMEDIATE_NEXT_RETURN,0,1986-09-26,1986-09-29,2026-09-02,10059,0.177576945783,-0.597581593001,683.765508554,39.9342915811,0.364070042825,0.547163199043,1919,1987-08-25,1988-11-16,1992-11-25,True,1470,1919,2011,-0.448196501012,1995,1.25046013403,-0.565060043247,-0.118311412361,-0.0265400738132,0.0746687824091,240,0.0779288064692,0.150853072476,0.137012346887,120,0.141219201296,0.173158140535,216,5.40888523241
UPRO_ALWAYS,SP500,250,0,LAG1,IMMEDIATE_NEXT_RETURN,10,1986-09-26,1986-09-29,2026-09-02,10059,0.148633448862,-0.980292395007,253.106869741,39.9342915811,0.550454562794,0.479910777027,6495,2000-03-23,2009-03-09,2018-01-03,True,3222,6495,2008,-0.8583231649,1995,1.25046013403,-0.921923878458,-0.385398933042,-0.302300654977,-0.0439946688308,240,-0.021985554975,0.0717274929105,0.0844371458897,120,0.0884494762758,0.13589426421,0,0
UPRO_SMA_TO_SP500,SP500,250,0,LAG1,IMMEDIATE_NEXT_RETURN,10,1986-09-26,1986-09-29,2026-09-02,10059,0.186605197005,-0.704987725797,927.614007051,39.9342915811,0.389209588284,0.556040449348,2848,2007-07-13,2009-03-09,2013-04-30,True,1513,2118,2022,-0.428438203539,1995,1.25046013403,-0.581619718243,-0.154094137676,-0.0855579410897,0.0565018584837,240,0.0673994962355,0.153515538619,0.138375497999,120,0.142587395958,0.177785961462,216,5.40888523241
UPRO_SMA_TO_TBILL,SP500,250,0,LAG1,IMMEDIATE_NEXT_RETURN,10,1986-09-26,1986-09-29,2026-09-02,10059,0.171221592215,-0.605553958457,550.874471093,39.9342915811,0.364090179996,0.532275449017,1931,1987-08-25,1988-11-16,1992-12-07,True,1482,1931,2011,-0.459128354718,1995,1.25046013403,-0.571953091421,-0.126386468761,-0.0314938760145,0.06882485427,240,0.0720671506854,0.144423100482,0.130886251406,120,0.135070439753,0.167151069796,216,5.40888523241
UPRO_ALWAYS,SP500,250,0,LAG1,IMMEDIATE_NEXT_RETURN,25,1986-09-26,1986-09-29,2026-09-02,10059,0.148633448862,-0.980292395007,253.106869741,39.9342915811,0.550454562794,0.479910777027,6495,2000-03-23,2009-03-09,2018-01-03,True,3222,6495,2008,-0.8583231649,1995,1.25046013403,-0.921923878458,-0.385398933042,-0.302300654977,-0.0439946688308,240,-0.021985554975,0.0717274929105,0.0844371458897,120,0.0884494762758,0.13589426421,0,0
UPRO_SMA_TO_SP500,SP500,250,0,LAG1,IMMEDIATE_NEXT_RETURN,25,1986-09-26,1986-09-29,2026-09-02,10059,0.177000086753,-0.709823884287,670.516057192,39.9342915811,0.389287261403,0.535115432782,2877,2007-07-13,2009-03-09,2013-05-10,True,1523,2128,2022,-0.437807859232,1995,1.25046013403,-0.587228229098,-0.162442963612,-0.0925360497611,0.0478851438151,240,0.0586939016143,0.144322471806,0.129176282349,120,0.133354143949,0.168737374506,216,5.40888523241
UPRO_SMA_TO_TBILL,SP500,250,0,LAG1,IMMEDIATE_NEXT_RETURN,25,1986-09-26,1986-09-29,2026-09-02,10059,0.161741006296,-0.621317445712,398.193834458,39.9342915811,0.364147643732,0.509908784354,1989,2010-04-23,2011-12-30,2013-10-17,True,657,1273,2011,-0.475141134703,1995,1.25046013403,-0.582100916033,-0.138375488766,-0.038886563082,0.0601076345832,240,0.0633234871804,0.134959213295,0.121747556379,120,0.125897932289,0.158250466041,216,5.40888523241
UPRO_ALWAYS,SP500,250,0,LAG1,IMMEDIATE_NEXT_RETURN,50,1986-09-26,1986-09-29,2026-09-02,10059,0.148633448862,-0.980292395007,253.106869741,39.9342915811,0.550454562794,0.479910777027,6495,2000-03-23,2009-03-09,2018-01-03,True,3222,6495,2008,-0.8583231649,1995,1.25046013403,-0.921923878458,-0.385398933042,-0.302300654977,-0.0439946688308,240,-0.021985554975,0.0717274929105,0.0844371458897,120,0.0884494762758,0.13589426421,0,0
UPRO_SMA_TO_SP500,SP500,250,0,LAG1,IMMEDIATE_NEXT_RETURN,50,1986-09-26,1986-09-29,2026-09-02,10059,0.161132454313,-0.739383017151,389.948525201,39.9342915811,0.389484483405,0.500172013281,5208,1999-07-16,2009-03-09,2013-10-18,True,1684,5208,2022,-0.453114120263,1995,1.25046013403,-0.601587800557,-0.176202307962,-0.104071065548,0.0336515128076,240,0.0443134531134,0.129251437777,0.113978909248,120,0.118100541787,0.154113877938,216,5.40888523241
UPRO_SMA_TO_TBILL,SP500,250,0,LAG1,IMMEDIATE_NEXT_RETURN,50,1986-09-26,1986-09-29,2026-09-02,10059,0.146079087927,-0.652286706173,231.575510871,39.9342915811,0.36431606092,0.472552566245,2191,2010-04-23,2011-12-30,2013-11-13,True,684,1300,2011,-0.500832771763,1995,1.25046013403,-0.598514399869,-0.15803161635,-0.0511068547862,0.045707983068,240,0.0488801541038,0.11980782085,0.106650165115,120,0.110744681889,0.143667060223,216,5.40888523241
UPRO_ALWAYS,SP500,250,0,LAG2,WAIT_ONE_TRADING_DAY,0,1986-09-26,1986-09-29,2026-09-02,10059,0.148633448862,-0.980292395007,253.106869741,39.9342915811,0.550454562794,0.479910777027,6495,2000-03-23,2009-03-09,2018-01-03,True,3222,6495,2008,-0.8583231649,1995,1.25046013403,-0.921923878458,-0.385398933042,-0.302300654977,-0.0439946688308,240,-0.021985554975,0.0717274929105,0.0844371458897,120,0.0884494762758,0.13589426421,0,0
UPRO_SMA_TO_SP500,SP500,250,0,LAG2,WAIT_ONE_TRADING_DAY,0,1986-09-26,1986-09-29,2026-09-02,10059,0.165131303828,-0.784996749389,447.335577703,39.9342915811,0.405065934521,0.514446096041,2855,1987-08-25,1988-09-01,1995-06-19,True,2482,2855,2022,-0.468500992323,1995,1.25046013403,-0.777412893622,-0.141830626659,-0.0656946464489,0.061997061514,240,0.0729513813544,0.149861176803,0.117927753439,120,0.122063996385,0.174587479413,216,5.40888523241
UPRO_SMA_TO_TBILL,SP500,250,0,LAG2,WAIT_ONE_TRADING_DAY,0,1986-09-26,1986-09-29,2026-09-02,10059,0.141326963017,-0.824180160465,196.169175031,39.9342915811,0.38307561408,0.467405526471,3023,1987-08-25,1988-09-01,1995-12-04,True,2650,3023,1987,-0.516786753553,1995,1.25046013403,-0.815979267202,-0.156227136622,-0.0198718458008,0.0751703636497,240,0.0784319092641,0.139087116256,0.103045277743,120,0.107126456723,0.158755248008,216,5.40888523241
UPRO_ALWAYS,SP500,250,0,LAG2,WAIT_ONE_TRADING_DAY,10,1986-09-26,1986-09-29,2026-09-02,10059,0.148633448862,-0.980292395007,253.106869741,39.9342915811,0.550454562794,0.479910777027,6495,2000-03-23,2009-03-09,2018-01-03,True,3222,6495,2008,-0.8583231649,1995,1.25046013403,-0.921923878458,-0.385398933042,-0.302300654977,-0.0439946688308,240,-0.021985554975,0.0717274929105,0.0844371458897,120,0.0884494762758,0.13589426421,0,0
UPRO_SMA_TO_SP500,SP500,250,0,LAG2,WAIT_ONE_TRADING_DAY,10,1986-09-26,1986-09-29,2026-09-02,10059,0.158843119082,-0.78883408719,360.395115994,39.9342915811,0.405053601617,0.501080815637,2872,1987-08-25,1988-09-01,1995-07-06,True,2499,2872,2022,-0.474318336484,1995,1.25046013403,-0.780721686165,-0.145429667004,-0.0704478985997,0.0562220407699,240,0.0671167922494,0.143751795815,0.111904483615,120,0.116018440946,0.168570926113,216,5.40888523241
UPRO_SMA_TO_TBILL,SP500,250,0,LAG2,WAIT_ONE_TRADING_DAY,10,1986-09-26,1986-09-29,2026-09-02,10059,0.135167249708,-0.827318160074,158.043348469,39.9342915811,0.383085247646,0.453267940656,3032,1987-08-25,1988-09-01,1995-12-13,True,2659,3032,1987,-0.517752696832,1995,1.25046013403,-0.818714764502,-0.162950990781,-0.0254447029351,0.0693237079682,240,0.0725675176638,0.132795237572,0.097102193035,120,0.101161383079,0.152909127192,216,5.40888523241
UPRO_ALWAYS,SP500,250,0,LAG2,WAIT_ONE_TRADING_DAY,25,1986-09-26,1986-09-29,2026-09-02,10059,0.148633448862,-0.980292395007,253.106869741,39.9342915811,0.550454562794,0.479910777027,6495,2000-03-23,2009-03-09,2018-01-03,True,3222,6495,2008,-0.8583231649,1995,1.25046013403,-0.921923878458,-0.385398933042,-0.302300654977,-0.0439946688308,240,-0.021985554975,0.0717274929105,0.0844371458897,120,0.0884494762758,0.13589426421,0,0
UPRO_SMA_TO_SP500,SP500,250,0,LAG2,WAIT_ONE_TRADING_DAY,25,1986-09-26,1986-09-29,2026-09-02,10059,0.149462732116,-0.794469014579,260.507830165,39.9342915811,0.405059714028,0.481002172822,3199,1987-08-25,1988-09-01,1995-09-06,True,2561,2934,2022,-0.482935875693,1995,1.25046013403,-0.785598912487,-0.150806650298,-0.0775413120272,0.0476076082643,240,0.0584135033313,0.134611429481,0.102919180308,120,0.106999892738,0.15970856753,216,5.40888523241
UPRO_SMA_TO_TBILL,SP500,250,0,LAG2,WAIT_ONE_TRADING_DAY,25,1986-09-26,1986-09-29,2026-09-02,10059,0.12597850975,-0.831926146356,114.239977055,39.9342915811,0.383125633108,0.432033683614,3087,1987-08-25,1988-09-01,1996-02-06,True,2714,3087,1987,-0.519199799702,1995,1.25046013403,-0.82274694218,-0.172948870924,-0.0337549824988,0.0606024196847,240,0.06381977322,0.123640700005,0.0882365070805,120,0.0922628947979,0.144276752462,216,5.40888523241
UPRO_ALWAYS,SP500,250,0,LAG2,WAIT_ONE_TRADING_DAY,50,1986-09-26,1986-09-29,2026-09-02,10059,0.148633448862,-0.980292395007,253.106869741,39.9342915811,0.550454562794,0.479910777027,6495,2000-03-23,2009-03-09,2018-01-03,True,3222,6495,2008,-0.8583231649,1995,1.25046013403,-0.921923878458,-0.385398933042,-0.302300654977,-0.0439946688308,240,-0.021985554975,0.0717274929105,0.0844371458897,120,0.0884494762758,0.13589426421,0,0
UPRO_SMA_TO_SP500,SP500,250,0,LAG2,WAIT_ONE_TRADING_DAY,50,1986-09-26,1986-09-29,2026-09-02,10059,0.133966342318,-0.803546179344,151.502179682,39.9342915811,0.405135525474,0.447466706046,3283,1987-08-25,1988-09-01,1995-11-27,True,2643,3016,2022,-0.497013479918,1995,1.25046013403,-0.793503293936,-0.16401034636,-0.089266929916,0.033377747077,240,0.0440368635357,0.119577361561,0.0880751966483,120,0.0921009875301,0.144935449583,216,5.40888523241
UPRO_SMA_TO_TBILL,SP500,250,0,LAG2,WAIT_ONE_TRADING_DAY,50,1986-09-26,1986-09-29,2026-09-02,10059,0.110798720615,-0.839349037162,66.4379474491,39.9342915811,0.383262073545,0.39658175093,3314,1987-08-25,1988-09-01,1996-09-20,True,2941,3314,1987,-0.521606805686,1995,1.25046013403,-0.829281777419,-0.189379935843,-0.0474755699674,0.0461960474057,240,0.049369698992,0.107814068741,0.0735901347828,120,0.0775623320985,0.130088385708,216,5.40888523241
UPRO_ALWAYS,SP500,250,50,LAG1,IMMEDIATE_NEXT_RETURN,0,1986-09-26,1986-09-29,2026-09-02,10059,0.137031711948,-0.982010922896,168.747896283,39.9342915811,0.550459443524,0.461466824148,6733,2000-03-23,2009-03-09,2018-08-29,True,3460,6733,2008,-0.85977473214,1995,1.22788602039,-0.922727364296,-0.391628546145,-0.309366009335,-0.0536605029174,240,-0.0318731056722,0.0609021503929,0.073481409059,120,0.077453271565,0.124421688364,0,0
UPRO_SMA_TO_SP500,SP500,250,50,LAG1,IMMEDIATE_NEXT_RETURN,0,1986-09-26,1986-09-29,2026-09-02,10059,0.1834493359,-0.702994057344,834.027291636,39.9342915811,0.389167835879,0.549208337021,2852,2007-07-13,2009-03-09,2013-04-11,True,1494,2099,2022,-0.423535975804,1995,1.22788602039,-0.578624175419,-0.154800657478,-0.0865761597233,0.0544106028663,240,0.0652986229757,0.151011840568,0.13553945994,120,0.139740936153,0.17455169351,216,5.40888523241
UPRO_SMA_TO_TBILL,SP500,250,50,LAG1,IMMEDIATE_NEXT_RETURN,0,1986-09-26,1986-09-29,2026-09-02,10059,0.168106644903,-0.599614241402,495.296901152,39.9342915811,0.364060647927,0.524972170683,1931,1987-08-25,1988-11-16,1992-12-07,True,1482,1931,2011,-0.451897845496,1995,1.22788602039,-0.566313237653,-0.123563897164,-0.0322243512696,0.0667092063301,240,0.0699570904713,0.141600598106,0.128068871328,120,0.132242706493,0.163929298014,216,5.40888523241
UPRO_ALWAYS,SP500,250,50,LAG1,IMMEDIATE_NEXT_RETURN,10,1986-09-26,1986-09-29,2026-09-02,10059,0.137031711948,-0.982010922896,168.747896283,39.9342915811,0.550459443524,0.461466824148,6733,2000-03-23,2009-03-09,2018-08-29,True,3460,6733,2008,-0.85977473214,1995,1.22788602039,-0.922727364296,-0.391628546145,-0.309366009335,-0.0536605029174,240,-0.0318731056722,0.0609021503929,0.073481409059,120,0.077453271565,0.124421688364,0,0
UPRO_SMA_TO_SP500,SP500,250,50,LAG1,IMMEDIATE_NEXT_RETURN,10,1986-09-26,1986-09-29,2026-09-02,10059,0.177062289188,-0.706244836294,671.932610536,39.9342915811,0.389202504013,0.535280659129,2877,2007-07-13,2009-03-09,2013-05-06,True,1519,2124,2022,-0.429845469476,1995,1.22788602039,-0.582393718116,-0.16036413687,-0.0912231777639,0.0486768364323,240,0.0595056487112,0.144809681824,0.129421300209,120,0.133600139338,0.168457108334,216,5.40888523241
UPRO_SMA_TO_TBILL,SP500,250,50,LAG1,IMMEDIATE_NEXT_RETURN,10,1986-09-26,1986-09-29,2026-09-02,10059,0.161802402315,-0.607546337786,399.035071296,39.9342915811,0.364080613418,0.510085872994,1942,1987-08-25,1988-11-16,1992-12-18,True,1493,1942,2011,-0.462756371366,1995,1.22788602039,-0.573186424856,-0.131590848019,-0.0371492269734,0.0609085614717,240,0.0641387839838,0.135263193616,0.121990962293,120,0.126142309301,0.157972988269,216,5.40888523241
UPRO_ALWAYS,SP500,250,50,LAG1,IMMEDIATE_NEXT_RETURN,25,1986-09-26,1986-09-29,2026-09-02,10059,0.137031711948,-0.982010922896,168.747896283,39.9342915811,0.550459443524,0.461466824148,6733,2000-03-23,2009-03-09,2018-08-29,True,3460,6733,2008,-0.85977473214,1995,1.22788602039,-0.922727364296,-0.391628546145,-0.309366009335,-0.0536605029174,240,-0.0318731056722,0.0609021503929,0.073481409059,120,0.077453271565,0.124421688364,0,0
UPRO_SMA_TO_SP500,SP500,250,50,LAG1,IMMEDIATE_NEXT_RETURN,25,1986-09-26,1986-09-29,2026-09-02,10059,0.167534425085,-0.720651490962,485.699441029,39.9342915811,0.389279936815,0.514360227247,5109,1999-07-16,2009-03-09,2013-07-11,True,1585,5109,2022,-0.439192055753,1995,1.22788602039,-0.587991853275,-0.168651079877,-0.0981580550061,0.0401239417956,240,0.0508644354551,0.135472707121,0.120294443457,120,0.124439513375,0.159420648875,216,5.40888523241
UPRO_SMA_TO_TBILL,SP500,250,50,LAG1,IMMEDIATE_NEXT_RETURN,25,1986-09-26,1986-09-29,2026-09-02,10059,0.152398061096,-0.625996216467,288.438316642,39.9342915811,0.364137819285,0.487723020761,1992,2010-04-23,2011-12-30,2013-10-22,True,662,1278,2011,-0.478661742074,1995,1.22788602039,-0.583305010497,-0.143508445816,-0.0444987462808,0.0522559062111,240,0.0554597833785,0.125981661097,0.112924150123,120,0.117041950084,0.149151706245,216,5.40888523241
UPRO_ALWAYS,SP500,250,50,LAG1,IMMEDIATE_NEXT_RETURN,50,1986-09-26,1986-09-29,2026-09-02,10059,0.137031711948,-0.982010922896,168.747896283,39.9342915811,0.550459443524,0.461466824148,6733,2000-03-23,2009-03-09,2018-08-29,True,3460,6733,2008,-0.85977473214,1995,1.22788602039,-0.922727364296,-0.391628546145,-0.309366009335,-0.0536605029174,240,-0.0318731056722,0.0609021503929,0.073481409059,120,0.077453271565,0.124421688364,0,0
UPRO_SMA_TO_SP500,SP500,250,50,LAG1,IMMEDIATE_NEXT_RETURN,50,1986-09-26,1986-09-29,2026-09-02,10059,0.151794403205,-0.754209352603,282.465689954,39.9342915811,0.38947675705,0.479427997638,5236,1999-07-16,2009-03-09,2013-11-15,True,1712,5236,2022,-0.454460630605,1995,1.22788602039,-0.602735747375,-0.182308437609,-0.109621607988,0.025995732729,240,0.0365903361404,0.120722092753,0.10521660937,120,0.109305891564,0.144928914026,216,5.40888523241
UPRO_SMA_TO_TBILL,SP500,250,50,LAG1,IMMEDIATE_NEXT_RETURN,50,1986-09-26,1986-09-29,2026-09-02,10059,0.136862098895,-0.656582839628,167.745566985,39.9342915811,0.364305805927,0.450377505387,2863,2010-04-23,2011-12-30,2013-11-15,True,686,1302,2011,-0.504181046774,1995,1.22788602039,-0.59967120209,-0.163047475921,-0.0566476806269,0.0379629062742,240,0.0411232645447,0.110950462794,0.09794551144,120,0.102007890698,0.134682863775,216,5.40888523241
UPRO_ALWAYS,SP500,250,50,LAG2,WAIT_ONE_TRADING_DAY,0,1986-09-26,1986-09-29,2026-09-02,10059,0.137031711948,-0.982010922896,168.747896283,39.9342915811,0.550459443524,0.461466824148,6733,2000-03-23,2009-03-09,2018-08-29,True,3460,6733,2008,-0.85977473214,1995,1.22788602039,-0.922727364296,-0.391628546145,-0.309366009335,-0.0536605029174,240,-0.0318731056722,0.0609021503929,0.073481409059,120,0.077453271565,0.124421688364,0,0
UPRO_SMA_TO_SP500,SP500,250,50,LAG2,WAIT_ONE_TRADING_DAY,0,1986-09-26,1986-09-29,2026-09-02,10059,0.155753087445,-0.785639617957,323.94533265,39.9342915811,0.405062467223,0.494487219706,3121,1987-08-25,1988-09-01,1995-07-06,True,2499,2872,2022,-0.469873168432,1995,1.22788602039,-0.778058350684,-0.146108109792,-0.0715047802458,0.0541235819484,240,0.0650086382318,0.141205933422,0.109125378817,120,0.11322912339,0.16534005003,216,5.40888523241
UPRO_SMA_TO_TBILL,SP500,250,50,LAG2,WAIT_ONE_TRADING_DAY,0,1986-09-26,1986-09-29,2026-09-02,10059,0.132140349296,-0.824705869021,142.059097976,39.9342915811,0.383069490185,0.446303530966,3080,1987-08-25,1988-09-01,1996-01-30,True,2707,3080,1987,-0.520671872927,1995,1.22788602039,-0.816512889673,-0.16279651603,-0.0265031952913,0.0671992192893,240,0.0704485954073,0.130320828433,0.0943600852251,120,0.0984091984691,0.149632036709,216,5.40888523241
UPRO_ALWAYS,SP500,250,50,LAG2,WAIT_ONE_TRADING_DAY,10,1986-09-26,1986-09-29,2026-09-02,10059,0.137031711948,-0.982010922896,168.747896283,39.9342915811,0.550459443524,0.461466824148,6733,2000-03-23,2009-03-09,2018-08-29,True,3460,6733,2008,-0.85977473214,1995,1.22788602039,-0.922727364296,-0.391628546145,-0.309366009335,-0.0536605029174,240,-0.0318731056722,0.0609021503929,0.073481409059,120,0.077453271565,0.124421688364,0,0
UPRO_SMA_TO_SP500,SP500,250,50,LAG2,WAIT_ONE_TRADING_DAY,10,1986-09-26,1986-09-29,2026-09-02,10059,0.1495155167,-0.789465481959,260.985983578,39.9342915811,0.405049976483,0.481121720378,3199,1987-08-25,1988-09-01,1995-09-05,True,2560,2933,2022,-0.4756754939,1995,1.22788602039,-0.781357548406,-0.149689210981,-0.0762284735047,0.0483913763019,240,0.0592172408718,0.134956412922,0.103149535204,120,0.107231169259,0.159370864553,216,5.40888523241
UPRO_SMA_TO_TBILL,SP500,250,50,LAG2,WAIT_ONE_TRADING_DAY,10,1986-09-26,1986-09-29,2026-09-02,10059,0.126030215912,-0.827834485882,114.449660713,39.9342915811,0.383078957884,0.432166776213,3086,1987-08-25,1988-09-01,1996-02-05,True,2713,3086,1987,-0.521630049853,1995,1.22788602039,-0.81924045459,-0.169468020142,-0.0320383475977,0.0613959097955,240,0.0646276161711,0.124259976408,0.0884637953636,120,0.0924910924379,0.143774660592,216,5.40888523241
UPRO_ALWAYS,SP500,250,50,LAG2,WAIT_ONE_TRADING_DAY,25,1986-09-26,1986-09-29,2026-09-02,10059,0.137031711948,-0.982010922896,168.747896283,39.9342915811,0.550459443524,0.461466824148,6733,2000-03-23,2009-03-09,2018-08-29,True,3460,6733,2008,-0.85977473214,1995,1.22788602039,-0.922727364296,-0.391628546145,-0.309366009335,-0.0536605029174,240,-0.0318731056722,0.0609021503929,0.073481409059,120,0.077453271565,0.124421688364,0,0
UPRO_SMA_TO_SP500,SP500,250,50,LAG2,WAIT_ONE_TRADING_DAY,25,1986-09-26,1986-09-29,2026-09-02,10059,0.140210633069,-0.795083560684,188.650981293,39.9342915811,0.405055851361,0.461043943003,3227,1987-08-25,1988-09-01,1995-09-14,True,2569,2942,2022,-0.484270785125,1995,1.22788602039,-0.78622063177,-0.156332609099,-0.0832777753567,0.0398408098471,240,0.0505783798387,0.125964986543,0.0942349806597,120,0.0982836310189,0.15046616326,216,5.40888523241
UPRO_SMA_TO_TBILL,SP500,250,50,LAG2,WAIT_ONE_TRADING_DAY,25,1986-09-26,1986-09-29,2026-09-02,10059,0.11691543671,-0.832428694095,82.7287370231,39.9342915811,0.383119093951,0.410935171259,3199,1987-08-25,1988-09-01,1996-02-12,True,2720,3093,1987,-0.523065517761,1995,1.22788602039,-0.823260939778,-0.179388059588,-0.0402924014853,0.0527392797748,240,0.0559446287034,0.115174415445,0.0796679163253,120,0.0836626688004,0.135061328812,216,5.40888523241
UPRO_ALWAYS,SP500,250,50,LAG2,WAIT_ONE_TRADING_DAY,50,1986-09-26,1986-09-29,2026-09-02,10059,0.137031711948,-0.982010922896,168.747896283,39.9342915811,0.550459443524,0.461466824148,6733,2000-03-23,2009-03-09,2018-08-29,True,3460,6733,2008,-0.85977473214,1995,1.22788602039,-0.922727364296,-0.391628546145,-0.309366009335,-0.0536605029174,240,-0.0318731056722,0.0609021503929,0.073481409059,120,0.077453271565,0.124421688364,0,0
UPRO_SMA_TO_SP500,SP500,250,50,LAG2,WAIT_ONE_TRADING_DAY,50,1986-09-26,1986-09-29,2026-09-02,10059,0.124838974703,-0.804133584352,109.712766971,39.9342915811,0.405131264962,0.427513100197,5480,1987-08-25,1988-09-01,1995-12-05,True,2651,3024,2022,-0.498312045064,1995,1.22788602039,-0.79410209213,-0.170192334041,-0.0949304755334,0.0257164466177,240,0.036308166074,0.110901770499,0.0795078760243,120,0.0835020363531,0.135818005229,216,5.40888523241
UPRO_SMA_TO_TBILL,SP500,250,50,LAG2,WAIT_ONE_TRADING_DAY,50,1986-09-26,1986-09-29,2026-09-02,10059,0.101857830669,-0.839829390153,48.1121199826,39.9342915811,0.383255117287,0.375491401239,4192,1987-08-25,1988-09-01,1996-10-17,True,2968,3341,1987,-0.525453170994,1995,1.22788602039,-0.829776825332,-0.195691196833,-0.0539201582253,0.0384397140792,240,0.0416015241198,0.0992005065601,0.0651368670935,120,0.0690778549396,0.120990535448,216,5.40888523241
UPRO_ALWAYS,SP500,250,100,LAG1,IMMEDIATE_NEXT_RETURN,0,1986-09-26,1986-09-29,2026-09-02,10059,0.125546526947,-0.983579676624,112.502734316,39.9342915811,0.550464595536,0.443023035668,7211,2000-03-23,2009-03-09,2019-12-20,True,3938,7211,2008,-0.861211507194,1995,1.20553713297,-0.923522626581,-0.397795357378,-0.31636020298,-0.0632291371647,240,-0.0416612350923,0.0501855638673,0.0626357586577,120,0.0665675593926,0.113064361301,0,0
UPRO_SMA_TO_SP500,SP500,250,100,LAG1,IMMEDIATE_NEXT_RETURN,0,1986-09-26,1986-09-29,2026-09-02,10059,0.173931288004,-0.704259732429,604.13082989,39.9342915811,0.389161385171,0.528445108315,2880,2007-07-13,2009-03-09,2013-05-03,True,1516,2121,2022,-0.424955392226,1995,1.20553713297,-0.579403760217,-0.161065766028,-0.092235397484,0.0466006413887,240,0.0574198800133,0.142237371164,0.12660708169,120,0.130775579235,0.165258640292,216,5.40888523241
UPRO_SMA_TO_TBILL,SP500,250,100,LAG1,IMMEDIATE_NEXT_RETURN,0,1986-09-26,1986-09-29,2026-09-02,10059,0.15871199263,-0.601636733204,358.770187661,39.9342915811,0.364051759286,0.502779432949,1942,1987-08-25,1988-11-16,1992-12-18,True,1493,1942,2011,-0.455574569902,1995,1.20553713297,-0.567562890585,-0.128785379279,-0.0378757458086,0.0588081497715,240,0.0620438943826,0.132547951779,0.119195258207,120,0.123336331668,0.15477255449,216,5.40888523241
UPRO_ALWAYS,SP500,250,100,LAG1,IMMEDIATE_NEXT_RETURN,10,1986-09-26,1986-09-29,2026-09-02,10059,0.125546526947,-0.983579676624,112.502734316,39.9342915811,0.550464595536,0.443023035668,7211,2000-03-23,2009-03-09,2019-12-20,True,3938,7211,2008,-0.861211507194,1995,1.20553713297,-0.923522626581,-0.397795357378,-0.31636020298,-0.0632291371647,240,-0.0416612350923,0.0501855638673,0.0626357586577,120,0.0665675593926,0.113064361301,0,0
UPRO_SMA_TO_SP500,SP500,250,100,LAG1,IMMEDIATE_NEXT_RETURN,10,1986-09-26,1986-09-29,2026-09-02,10059,0.167595609961,-0.715560844362,486.716933252,39.9342915811,0.389195893377,0.514519597696,5052,1999-07-16,2009-03-09,2013-05-15,True,1528,5052,2022,-0.431249350151,1995,1.20553713297,-0.583166328906,-0.166588005678,-0.096853624312,0.0409093446481,240,0.0516697494681,0.136127646511,0.120537048615,120,0.124683086761,0.159201656171,216,5.40888523241
UPRO_SMA_TO_TBILL,SP500,250,100,LAG1,IMMEDIATE_NEXT_RETURN,10,1986-09-26,1986-09-29,2026-09-02,10059,0.152458452747,-0.611255512707,289.042566347,39.9342915811,0.364071553046,0.487894587588,1992,2010-04-23,2011-12-30,2013-10-18,True,658,1274,2011,-0.466360255688,1995,1.20553713297,-0.574416272945,-0.136764508529,-0.0427718623514,0.0530504699713,240,0.0562686189666,0.12637043092,0.113165159208,120,0.117283921028,0.148866581527,216,5.40888523241
UPRO_ALWAYS,SP500,250,100,LAG1,IMMEDIATE_NEXT_RETURN,25,1986-09-26,1986-09-29,2026-09-02,10059,0.125546526947,-0.983579676624,112.502734316,39.9342915811,0.550464595536,0.443023035668,7211,2000-03-23,2009-03-09,2019-12-20,True,3938,7211,2008,-0.861211507194,1995,1.20553713297,-0.923522626581,-0.397795357378,-0.31636020298,-0.0632291371647,240,-0.0416612350923,0.0501855638673,0.0626357586577,120,0.0665675593926,0.113064361301,0,0
UPRO_SMA_TO_SP500,SP500,250,100,LAG1,IMMEDIATE_NEXT_RETURN,25,1986-09-26,1986-09-29,2026-09-02,10059,0.158144374966,-0.736544297369,351.818231044,39.9342915811,0.389273085738,0.493603750848,5207,1999-07-16,2009-03-09,2013-10-17,True,1683,5207,2022,-0.440572922506,1995,1.20553713297,-0.58875410699,-0.17481352105,-0.103745535608,0.0324198008327,240,0.043092444957,0.12656520508,0.111481985525,120,0.115594519526,0.150179737252,216,5.40888523241
UPRO_SMA_TO_TBILL,SP500,250,100,LAG1,IMMEDIATE_NEXT_RETURN,25,1986-09-26,1986-09-29,2026-09-02,10059,0.143129747186,-0.630617435654,208.93138792,39.9342915811,0.364128500928,0.465535548016,2204,2010-04-23,2011-12-30,2013-10-29,True,669,1285,2011,-0.482158931569,1995,1.20553713297,-0.584505702242,-0.148611105687,-0.0500784636196,0.0444619044534,240,0.0476538065743,0.117239508923,0.104169668378,120,0.108255146472,0.140123928743,216,5.40888523241
UPRO_ALWAYS,SP500,250,100,LAG1,IMMEDIATE_NEXT_RETURN,50,1986-09-26,1986-09-29,2026-09-02,10059,0.125546526947,-0.983579676624,112.502734316,39.9342915811,0.550464595536,0.443023035668,7211,2000-03-23,2009-03-09,2019-12-20,True,3938,7211,2008,-0.861211507194,1995,1.20553713297,-0.923522626581,-0.397795357378,-0.31636020298,-0.0632291371647,240,-0.0416612350923,0.0501855638673,0.0626357586577,120,0.0665675593926,0.113064361301,0,0
UPRO_SMA_TO_SP500,SP500,250,100,LAG1,IMMEDIATE_NEXT_RETURN,50,1986-09-26,1986-09-29,2026-09-02,10059,0.142530944294,-0.768192971808,204.605093141,39.9342915811,0.389469503918,0.458682712075,5341,1999-07-16,2009-03-09,2014-02-28,True,1817,5341,2022,-0.455803901837,1995,1.20553713297,-0.603880450145,-0.188369642512,-0.115138064637,0.0183962386354,240,0.0289239141253,0.111914830493,0.0965227566663,120,0.100579940838,0.135811717593,216,5.40888523241
UPRO_SMA_TO_TBILL,SP500,250,100,LAG1,IMMEDIATE_NEXT_RETURN,50,1986-09-26,1986-09-29,2026-09-02,10059,0.127718735017,-0.660826128173,121.507137247,39.9342915811,0.364296056732,0.428200736411,3916,2010-04-23,2011-12-30,2013-12-20,True,721,1337,2011,-0.507507050205,1995,1.20553713297,-0.600824735238,-0.168033729478,-0.0621564534019,0.0302747719827,240,0.0334233178662,0.10223704648,0.0893088546328,120,0.0933393470384,0.125768755863,216,5.40888523241
UPRO_ALWAYS,SP500,250,100,LAG2,WAIT_ONE_TRADING_DAY,0,1986-09-26,1986-09-29,2026-09-02,10059,0.125546526947,-0.983579676624,112.502734316,39.9342915811,0.550464595536,0.443023035668,7211,2000-03-23,2009-03-09,2019-12-20,True,3938,7211,2008,-0.861211507194,1995,1.20553713297,-0.923522626581,-0.397795357378,-0.31636020298,-0.0632291371647,240,-0.0416612350923,0.0501855638673,0.0626357586577,120,0.0665675593926,0.113064361301,0,0
UPRO_SMA_TO_SP500,SP500,250,100,LAG2,WAIT_ONE_TRADING_DAY,0,1986-09-26,1986-09-29,2026-09-02,10059,0.146449847376,-0.786280605009,234.586116534,39.9342915811,0.405059455249,0.474527566484,3204,1987-08-25,1988-09-01,1995-09-05,True,2560,2933,2022,-0.471241883284,1995,1.20553713297,-0.778701977571,-0.150364507193,-0.0772790992603,0.0463080462095,240,0.0571242601301,0.132431580277,0.100391834122,120,0.104463334056,0.156090784667,216,5.40888523241
UPRO_SMA_TO_TBILL,SP500,250,100,LAG2,WAIT_ONE_TRADING_DAY,0,1986-09-26,1986-09-29,2026-09-02,10059,0.123027180077,-0.825230038959,102.872579888,39.9342915811,0.383063847691,0.425200442513,3087,1987-08-25,1988-09-01,1996-02-06,True,2714,3087,1987,-0.524525980221,1995,1.20553713297,-0.817044999071,-0.169315107694,-0.0330900399907,0.0592867375066,240,0.062523944694,0.121783374547,0.0857428063315,120,0.0897601041958,0.140534028657,216,5.40888523241
UPRO_ALWAYS,SP500,250,100,LAG2,WAIT_ONE_TRADING_DAY,10,1986-09-26,1986-09-29,2026-09-02,10059,0.125546526947,-0.983579676624,112.502734316,39.9342915811,0.550464595536,0.443023035668,7211,2000-03-23,2009-03-09,2019-12-20,True,3938,7211,2008,-0.861211507194,1995,1.20553713297,-0.923522626581,-0.397795357378,-0.31636020298,-0.0632291371647,240,-0.0416612350923,0.0501855638673,0.0626357586577,120,0.0665675593926,0.113064361301,0,0
UPRO_SMA_TO_SP500,SP500,250,100,LAG2,WAIT_ONE_TRADING_DAY,10,1986-09-26,1986-09-29,2026-09-02,10059,0.140262485987,-0.790095028794,188.993889359,39.9342915811,0.405046806672,0.461161847679,3218,1987-08-25,1988-09-01,1995-09-14,True,2569,2942,2022,-0.477029227942,1995,1.20553713297,-0.781991607677,-0.154224173265,-0.081973415834,0.0406183405686,240,0.0513757371327,0.12607779551,0.094463045871,120,0.0985126090191,0.150242733799,216,5.40888523241
UPRO_SMA_TO_TBILL,SP500,250,100,LAG2,WAIT_ONE_TRADING_DAY,10,1986-09-26,1986-09-29,2026-09-02,10059,0.116966230242,-0.828349300533,82.8791118108,39.9342915811,0.383073149493,0.411064518391,3199,1987-08-25,1988-09-01,1996-02-08,True,2716,3089,1987,-0.525476452786,1995,1.20553713297,-0.819764654098,-0.175934666476,-0.0385877405166,0.0535264552001,240,0.0567460588183,0.115788562858,0.0798929454058,120,0.0838885985181,0.134733345851,216,5.40888523241
UPRO_ALWAYS,SP500,250,100,LAG2,WAIT_ONE_TRADING_DAY,25,1986-09-26,1986-09-29,2026-09-02,10059,0.125546526947,-0.983579676624,112.502734316,39.9342915811,0.550464595536,0.443023035668,7211,2000-03-23,2009-03-09,2019-12-20,True,3938,7211,2008,-0.861211507194,1995,1.20553713297,-0.923522626581,-0.397795357378,-0.31636020298,-0.0632291371647,240,-0.0416612350923,0.0501855638673,0.0626357586577,120,0.0665675593926,0.113064361301,0,0
UPRO_SMA_TO_SP500,SP500,250,100,LAG2,WAIT_ONE_TRADING_DAY,25,1986-09-26,1986-09-29,2026-09-02,10059,0.131032502062,-0.795696308166,136.612250961,39.9342915811,0.405052443985,0.441084934957,5408,1987-08-25,1988-09-01,1995-11-17,True,2633,3006,2022,-0.485602327303,1995,1.20553713297,-0.786840588184,-0.162571715791,-0.0889788780228,0.0321311701509,240,0.0428008305543,0.117378446549,0.0856186868723,120,0.089635525489,0.141405270651,216,5.40888523241
UPRO_SMA_TO_TBILL,SP500,250,100,LAG2,WAIT_ONE_TRADING_DAY,25,1986-09-26,1986-09-29,2026-09-02,10059,0.107924820499,-0.832929771003,59.9082968266,39.9342915811,0.383113036085,0.389835564985,3326,1987-08-25,1988-09-01,1996-10-02,True,2953,3326,1987,-0.526900378607,1995,1.20553713297,-0.82377347995,-0.18577746701,-0.046785946074,0.0449340075982,240,0.0481273524783,0.106385250564,0.0711663274305,120,0.0751296916586,0.126078655062,216,5.40888523241
UPRO_ALWAYS,SP500,250,100,LAG2,WAIT_ONE_TRADING_DAY,50,1986-09-26,1986-09-29,2026-09-02,10059,0.125546526947,-0.983579676624,112.502734316,39.9342915811,0.550464595536,0.443023035668,7211,2000-03-23,2009-03-09,2019-12-20,True,3938,7211,2008,-0.861211507194,1995,1.20553713297,-0.923522626581,-0.397795357378,-0.31636020298,-0.0632291371647,240,-0.0416612350923,0.0501855638673,0.0626357586577,120,0.0665675593926,0.113064361301,0,0
UPRO_SMA_TO_SP500,SP500,250,100,LAG2,WAIT_ONE_TRADING_DAY,50,1986-09-26,1986-09-29,2026-09-02,10059,0.115784577934,-0.804719270173,79.4488740656,39.9342915811,0.405127459618,0.407558714926,5576,1987-08-25,1988-09-01,1996-01-31,True,2708,3081,2022,-0.499607334632,1995,1.20553713297,-0.794699192448,-0.176328945006,-0.100559109966,0.0181115284812,240,0.0286362607787,0.102203207616,0.0710075473289,120,0.0749703240634,0.126739550103,216,5.40888523241
UPRO_SMA_TO_TBILL,SP500,250,100,LAG2,WAIT_ONE_TRADING_DAY,50,1986-09-26,1986-09-29,2026-09-02,10059,0.0929884207308,-0.84030833727,34.8405556352,39.9342915811,0.383248642101,0.354399957009,4267,1987-08-25,1988-09-01,1996-11-07,True,2989,3362,1987,-0.529268833568,1995,1.20553713297,-0.83027046955,-0.201953665588,-0.0603214950976,0.0307404624572,240,0.0338904315027,0.0909177374833,0.0567496994988,120,0.0606597215466,0.111965434333,216,5.40888523241
TQQQ_ALWAYS,NASDAQ100,150,0,LAG1,IMMEDIATE_NEXT_RETURN,0,1986-09-26,1986-09-29,2026-09-02,10059,0.14614389832,-0.999799525426,232.099047245,39.9342915811,0.781921213919,0.528416373497,9655,2000-03-27,2009-03-09,,False,,,2000,-0.916295851152,1999,4.2881220955,-0.991750471878,-0.719895616286,-0.494603104244,-0.176984558461,240,-0.156764942104,-0.00649711272352,0.0466431972192,120,0.0502631724139,0.109876759579,0,0
TQQQ_SMA_TO_NASDAQ,NASDAQ100,150,0,LAG1,IMMEDIATE_NEXT_RETURN,0,1986-09-26,1986-09-29,2026-09-02,10059,0.233271766985,-0.991150654138,4328.80723918,39.9342915811,0.562156120831,0.60180832133,7420,2000-03-27,2003-03-11,2020-07-20,True,6341,7420,2000,-0.861378444092,1999,4.2881220955,-0.939818284246,-0.55854069093,-0.287329996283,-0.0444945990069,240,-0.0300091203773,0.103052634998,0.140982586391,120,0.144928848758,0.191552684666,313,7.83787535993
TQQQ_SMA_TO_TBILL,NASDAQ100,150,0,LAG1,IMMEDIATE_NEXT_RETURN,0,1986-09-26,1986-09-29,2026-09-02,10059,0.207986077684,-0.988402304269,1892.71402048,39.9342915811,0.528374773465,0.566260414433,7463,2000-03-27,2003-03-31,2020-09-01,True,6364,7463,2000,-0.866153493783,1999,4.2881220955,-0.919702250838,-0.547052856039,-0.261918439933,-0.0516618658155,240,-0.0412461512902,0.0791174883385,0.117833273532,120,0.121699470468,0.159157724505,313,7.83787535993
TQQQ_ALWAYS,NASDAQ100,150,0,LAG1,IMMEDIATE_NEXT_RETURN,10,1986-09-26,1986-09-29,2026-09-02,10059,0.14614389832,-0.999799525426,232.099047245,39.9342915811,0.781921213919,0.528416373497,9655,2000-03-27,2009-03-09,,False,,,2000,-0.916295851152,1999,4.2881220955,-0.991750471878,-0.719895616286,-0.494603104244,-0.176984558461,240,-0.156764942104,-0.00649711272352,0.0466431972192,120,0.0502631724139,0.109876759579,0,0
TQQQ_SMA_TO_NASDAQ,NASDAQ100,150,0,LAG1,IMMEDIATE_NEXT_RETURN,10,1986-09-26,1986-09-29,2026-09-02,10059,0.223638520597,-0.991724411637,3164.94423214,39.9342915811,0.562099464023,0.587859163036,7456,2000-03-27,2003-03-11,2020-08-25,True,6377,7456,2000,-0.865611872068,1999,4.2881220955,-0.941647572227,-0.566329835562,-0.295413419606,-0.053770123504,240,-0.0394252619884,0.0926468117243,0.130981463876,120,0.134893135834,0.18110834245,313,7.83787535993
TQQQ_SMA_TO_TBILL,NASDAQ100,150,0,LAG1,IMMEDIATE_NEXT_RETURN,10,1986-09-26,1986-09-29,2026-09-02,10059,0.198550341108,-0.989165099933,1383.83023111,39.9342915811,0.528332062692,0.551416268047,7604,2000-03-27,2003-03-31,2021-01-20,True,6505,7604,2000,-0.870241094302,1999,4.2881220955,-0.922156154727,-0.555044692981,-0.270290092544,-0.0608678144016,240,-0.0505532099434,0.0687302785904,0.108035063066,120,0.111867371396,0.149009376753,313,7.83787535993
TQQQ_ALWAYS,NASDAQ100,150,0,LAG1,IMMEDIATE_NEXT_RETURN,25,1986-09-26,1986-09-29,2026-09-02,10059,0.14614389832,-0.999799525426,232.099047245,39.9342915811,0.781921213919,0.528416373497,9655,2000-03-27,2009-03-09,,False,,,2000,-0.916295851152,1999,4.2881220955,-0.991750471878,-0.719895616286,-0.494603104244,-0.176984558461,240,-0.156764942104,-0.00649711272352,0.0466431972192,120,0.0502631724139,0.109876759579,0,0
TQQQ_SMA_TO_NASDAQ,NASDAQ100,150,0,LAG1,IMMEDIATE_NEXT_RETURN,25,1986-09-26,1986-09-29,2026-09-02,10059,0.209311740675,-0.992858806476,1977.45819756,39.9342915811,0.562040081186,0.566904310456,7604,2000-03-27,2008-11-20,2021-01-20,True,4444,7604,2000,-0.871728313672,1999,4.2881220955,-0.944291008704,-0.577770745662,-0.307381810646,-0.0675319421933,240,-0.0533957100903,0.0770307228656,0.116125450212,120,0.11998574038,0.16560394624,313,7.83787535993
TQQQ_SMA_TO_TBILL,NASDAQ100,150,0,LAG1,IMMEDIATE_NEXT_RETURN,25,1986-09-26,1986-09-29,2026-09-02,10059,0.184517302206,-0.990217514629,864.617583701,39.9342915811,0.528295174489,0.529118303852,7779,2000-03-27,2003-03-31,2021-07-14,True,6680,7779,2000,-0.876146844918,1999,4.2881220955,-0.925701452324,-0.566783323128,-0.282685238522,-0.0745264053894,240,-0.0643618149182,0.0534576306928,0.0934804619846,120,0.097262431006,0.133950869649,313,7.83787535993
TQQQ_ALWAYS,NASDAQ100,150,0,LAG1,IMMEDIATE_NEXT_RETURN,50,1986-09-26,1986-09-29,2026-09-02,10059,0.14614389832,-0.999799525426,232.099047245,39.9342915811,0.781921213919,0.528416373497,9655,2000-03-27,2009-03-09,,False,,,2000,-0.916295851152,1999,4.2881220955,-0.991750471878,-0.719895616286,-0.494603104244,-0.176984558461,240,-0.156764942104,-0.00649711272352,0.0466431972192,120,0.0502631724139,0.109876759579,0,0
TQQQ_SMA_TO_NASDAQ,NASDAQ100,150,0,LAG1,IMMEDIATE_NEXT_RETURN,50,1986-09-26,1986-09-29,2026-09-02,10059,0.18575883061,-0.994594941716,901.555610962,39.9342915811,0.562009403731,0.531905024809,7891,2000-03-27,2008-11-20,2021-11-03,True,4731,7891,2000,-0.881328543615,1999,4.2881220955,-0.948441311602,-0.596208266824,-0.326917649751,-0.0900695814864,240,-0.0762750203902,0.050828171295,0.0917494981512,120,0.0955254803701,0.140338142704,313,7.83787535993
TQQQ_SMA_TO_TBILL,NASDAQ100,150,0,LAG1,IMMEDIATE_NEXT_RETURN,50,1986-09-26,1986-09-29,2026-09-02,10059,0.161447295894,-0.991752141503,394.193331057,39.9342915811,0.528306181845,0.491880549598,8508,2000-03-27,2003-03-31,2023-07-13,True,7409,8508,2000,-0.885416378999,1999,4.2881220955,-0.931265836358,-0.585700633015,-0.302917663809,-0.0968949893596,240,-0.0869760758011,0.0283111094811,0.0695990718456,120,0.0732984434354,0.109372292152,313,7.83787535993
TQQQ_ALWAYS,NASDAQ100,150,0,LAG2,WAIT_ONE_TRADING_DAY,0,1986-09-26,1986-09-29,2026-09-02,10059,0.14614389832,-0.999799525426,232.099047245,39.9342915811,0.781921213919,0.528416373497,9655,2000-03-27,2009-03-09,,False,,,2000,-0.916295851152,1999,4.2881220955,-0.991750471878,-0.719895616286,-0.494603104244,-0.176984558461,240,-0.156764942104,-0.00649711272352,0.0466431972192,120,0.0502631724139,0.109876759579,0,0
TQQQ_SMA_TO_NASDAQ,NASDAQ100,150,0,LAG2,WAIT_ONE_TRADING_DAY,0,1986-09-26,1986-09-29,2026-09-02,10059,0.22749528055,-0.981504265286,3588.75564722,39.9342915811,0.569888906069,0.592887736995,7227,2000-03-27,2003-03-11,2020-01-09,True,6148,7227,2000,-0.728085154628,1999,4.2881220955,-0.882328450312,-0.478012932789,-0.223833220158,-0.0319814323602,240,-0.0173062539048,0.133013506601,0.145259807788,120,0.149220863577,0.196306612777,313,7.83787535993
TQQQ_SMA_TO_TBILL,NASDAQ100,150,0,LAG2,WAIT_ONE_TRADING_DAY,0,1986-09-26,1986-09-29,2026-09-02,10059,0.201419750925,-0.964392724273,1522.48869205,39.9342915811,0.537615170348,0.555327751418,7231,2000-03-27,2003-03-31,2020-01-13,True,6132,7231,2000,-0.623980152932,1999,4.2881220955,-0.774256962911,-0.415716613912,-0.159878771776,-0.0307599727135,240,-0.0201146901219,0.123289098701,0.125621406399,120,0.129514539781,0.169406517692,313,7.83787535993
TQQQ_ALWAYS,NASDAQ100,150,0,LAG2,WAIT_ONE_TRADING_DAY,10,1986-09-26,1986-09-29,2026-09-02,10059,0.14614389832,-0.999799525426,232.099047245,39.9342915811,0.781921213919,0.528416373497,9655,2000-03-27,2009-03-09,,False,,,2000,-0.916295851152,1999,4.2881220955,-0.991750471878,-0.719895616286,-0.494603104244,-0.176984558461,240,-0.156764942104,-0.00649711272352,0.0466431972192,120,0.0502631724139,0.109876759579,0,0
TQQQ_SMA_TO_NASDAQ,NASDAQ100,150,0,LAG2,WAIT_ONE_TRADING_DAY,10,1986-09-26,1986-09-29,2026-09-02,10059,0.21790715505,-0.982686143625,2623.86631204,39.9342915811,0.56989322319,0.579126819261,7261,2000-03-27,2003-03-11,2020-02-12,True,6182,7261,2000,-0.736389288179,1999,4.2881220955,-0.88590520363,-0.487222915859,-0.232636852439,-0.0413784278439,240,-0.0268457080048,0.122042788537,0.135221193889,120,0.139147529601,0.185919894106,313,7.83787535993
TQQQ_SMA_TO_TBILL,NASDAQ100,150,0,LAG2,WAIT_ONE_TRADING_DAY,10,1986-09-26,1986-09-29,2026-09-02,10059,0.192035304783,-0.966734661512,1113.14538582,39.9342915811,0.537622461637,0.540738122574,7268,2000-03-27,2003-03-31,2020-02-19,True,6169,7268,2000,-0.635463597403,1999,4.2881220955,-0.781155683267,-0.426025758394,-0.16940780414,-0.0401688254603,240,-0.0296268814572,0.112322033476,0.115754930149,120,0.119613938817,0.159311198743,313,7.83787535993
TQQQ_ALWAYS,NASDAQ100,150,0,LAG2,WAIT_ONE_TRADING_DAY,25,1986-09-26,1986-09-29,2026-09-02,10059,0.14614389832,-0.999799525426,232.099047245,39.9342915811,0.781921213919,0.528416373497,9655,2000-03-27,2009-03-09,,False,,,2000,-0.916295851152,1999,4.2881220955,-0.991750471878,-0.719895616286,-0.494603104244,-0.176984558461,240,-0.156764942104,-0.00649711272352,0.0466431972192,120,0.0502631724139,0.109876759579,0,0
TQQQ_SMA_TO_NASDAQ,NASDAQ100,150,0,LAG2,WAIT_ONE_TRADING_DAY,25,1986-09-26,1986-09-29,2026-09-02,10059,0.203647479924,-0.984320822549,1639.39253507,39.9342915811,0.569924735331,0.558461289723,7463,2000-03-27,2003-03-11,2020-09-01,True,6384,7463,2000,-0.748387070646,1999,4.2881220955,-0.891073837707,-0.500750792577,-0.245671591498,-0.0553204694084,240,-0.0409991111639,0.105676576149,0.120309489227,120,0.124184250532,0.170541663872,313,7.83787535993
TQQQ_SMA_TO_TBILL,NASDAQ100,150,0,LAG2,WAIT_ONE_TRADING_DAY,25,1986-09-26,1986-09-29,2026-09-02,10059,0.178078546163,-0.969965787862,695.493603307,39.9342915811,0.537659927324,0.518828807615,7604,2000-03-27,2003-03-31,2021-01-20,True,6505,7604,2000,-0.652054836924,1999,4.2881220955,-0.791122665594,-0.441168113659,-0.183516577244,-0.0541284592918,240,-0.0437398356664,0.096589719904,0.101098924708,120,0.104907243345,0.144283620116,313,7.83787535993
TQQQ_ALWAYS,NASDAQ100,150,0,LAG2,WAIT_ONE_TRADING_DAY,50,1986-09-26,1986-09-29,2026-09-02,10059,0.14614389832,-0.999799525426,232.099047245,39.9342915811,0.781921213919,0.528416373497,9655,2000-03-27,2009-03-09,,False,,,2000,-0.916295851152,1999,4.2881220955,-0.991750471878,-0.719895616286,-0.494603104244,-0.176984558461,240,-0.156764942104,-0.00649711272352,0.0466431972192,120,0.0502631724139,0.109876759579,0,0
TQQQ_SMA_TO_NASDAQ,NASDAQ100,150,0,LAG2,WAIT_ONE_TRADING_DAY,50,1986-09-26,1986-09-29,2026-09-02,10059,0.180204888662,-0.986713979541,747.42593314,39.9342915811,0.570044004224,0.523962430898,7788,2000-03-27,2003-03-11,2021-07-23,True,6709,7788,2000,-0.767218521667,1999,4.2881220955,-0.899188803648,-0.522551550655,-0.266948015721,-0.0781532585102,240,-0.0641780457487,0.0794280044705,0.095842158608,120,0.0996322959175,0.145166818473,313,7.83787535993
TQQQ_SMA_TO_TBILL,NASDAQ100,150,0,LAG2,WAIT_ONE_TRADING_DAY,50,1986-09-26,1986-09-29,2026-09-02,10059,0.155133942952,-0.974677403299,317.086935756,39.9342915811,0.537793093558,0.482256603853,7889,2000-03-27,2003-03-31,2021-11-01,True,6790,7889,2000,-0.678096075398,1999,4.2881220955,-0.806765955282,-0.465570673702,-0.20654613238,-0.0769900591328,240,-0.0668525272741,0.0714918141953,0.0770511488977,120,0.0807762946331,0.119438269925,313,7.83787535993
TQQQ_ALWAYS,NASDAQ100,150,50,LAG1,IMMEDIATE_NEXT_RETURN,0,1986-09-26,1986-09-29,2026-09-02,10059,0.134556919845,-0.99981706341,154.685288161,39.9342915811,0.781928769397,0.515430584344,9655,2000-03-27,2009-03-09,,False,,,2000,-0.917151743783,1999,4.23507200311,-0.991836834068,-0.722752150098,-0.499738961302,-0.185319079707,240,-0.165303460076,-0.0165535665469,0.036056114642,120,0.0396384967503,0.0986541202582,0,0
TQQQ_SMA_TO_NASDAQ,NASDAQ100,150,50,LAG1,IMMEDIATE_NEXT_RETURN,0,1986-09-26,1986-09-29,2026-09-02,10059,0.224004373277,-0.991216669972,3202.95399228,39.9342915811,0.562152762868,0.588387164975,7452,2000-03-27,2003-03-11,2020-08-21,True,6373,7452,2000,-0.86210103043,1999,4.23507200311,-0.939991664441,-0.560683438287,-0.291533686531,-0.0514064812591,240,-0.0370148192965,0.0951744956463,0.132623717845,120,0.136540002769,0.182464392492,313,7.83787535993
TQQQ_SMA_TO_TBILL,NASDAQ100,150,50,LAG1,IMMEDIATE_NEXT_RETURN,0,1986-09-26,1986-09-29,2026-09-02,10059,0.198908692735,-0.988494673487,1400.44949872,39.9342915811,0.528368983184,0.551983215502,7592,2000-03-27,2003-03-31,2021-01-08,True,6493,7592,2000,-0.866851189435,1999,4.23507200311,-0.919928221302,-0.549251362844,-0.266272020469,-0.0585167249247,240,-0.0481706914512,0.0711945444876,0.109643997463,120,0.113480825167,0.150239140638,313,7.83787535993
TQQQ_ALWAYS,NASDAQ100,150,50,LAG1,IMMEDIATE_NEXT_RETURN,10,1986-09-26,1986-09-29,2026-09-02,10059,0.134556919845,-0.99981706341,154.685288161,39.9342915811,0.781928769397,0.515430584344,9655,2000-03-27,2009-03-09,,False,,,2000,-0.917151743783,1999,4.23507200311,-0.991836834068,-0.722752150098,-0.499738961302,-0.185319079707,240,-0.165303460076,-0.0165535665469,0.036056114642,120,0.0396384967503,0.0986541202582,0,0
TQQQ_SMA_TO_NASDAQ,NASDAQ100,150,50,LAG1,IMMEDIATE_NEXT_RETURN,10,1986-09-26,1986-09-29,2026-09-02,10059,0.214443515708,-0.991968098676,2341.79306298,39.9342915811,0.562095946638,0.574436998037,7464,2000-03-27,2008-11-20,2020-09-02,True,4304,7464,2000,-0.866312391006,1999,4.23507200311,-0.941815682345,-0.568434776106,-0.299569429711,-0.0606149089789,240,-0.0463629534093,0.0847950773289,0.122695863817,120,0.126577821096,0.172099712429,313,7.83787535993
TQQQ_SMA_TO_TBILL,NASDAQ100,150,50,LAG1,IMMEDIATE_NEXT_RETURN,10,1986-09-26,1986-09-29,2026-09-02,10059,0.189543860795,-0.989251393906,1023.91821083,39.9342915811,0.528326103199,0.537138206802,7757,2000-03-27,2003-03-31,2021-06-22,True,6658,7757,2000,-0.870917482702,1999,4.23507200311,-0.92237521952,-0.557204409151,-0.274594292813,-0.0676561302829,240,-0.0574105304509,0.060964900519,0.0999175689456,120,0.103720765475,0.140197484235,313,7.83787535993
TQQQ_ALWAYS,NASDAQ100,150,50,LAG1,IMMEDIATE_NEXT_RETURN,25,1986-09-26,1986-09-29,2026-09-02,10059,0.134556919845,-0.99981706341,154.685288161,39.9342915811,0.781928769397,0.515430584344,9655,2000-03-27,2009-03-09,,False,,,2000,-0.917151743783,1999,4.23507200311,-0.991836834068,-0.722752150098,-0.499738961302,-0.185319079707,240,-0.165303460076,-0.0165535665469,0.036056114642,120,0.0396384967503,0.0986541202582,0,0
TQQQ_SMA_TO_NASDAQ,NASDAQ100,150,50,LAG1,IMMEDIATE_NEXT_RETURN,25,1986-09-26,1986-09-29,2026-09-02,10059,0.20022439406,-0.99320199382,1463.15307624,39.9342915811,0.562036323838,0.55348122934,7757,2000-03-27,2008-11-20,2021-06-22,True,4597,7757,2000,-0.872396949711,1999,4.23507200311,-0.944451503228,-0.57982015452,-0.311467225092,-0.0742771781834,240,-0.0602325008169,0.0691890992833,0.107948685701,120,0.111779651508,0.156717882505,313,7.83787535993
TQQQ_SMA_TO_TBILL,NASDAQ100,150,50,LAG1,IMMEDIATE_NEXT_RETURN,25,1986-09-26,1986-09-29,2026-09-02,10059,0.175616272856,-0.990295426703,639.744435014,39.9342915811,0.528288960448,0.51483966598,7886,2000-03-27,2003-03-31,2021-10-29,True,6787,7886,2000,-0.876792448678,1999,4.23507200311,-0.925910540093,-0.568886062543,-0.286916325914,-0.0812159930709,240,-0.0711194036334,0.0459067380302,0.0854695952557,120,0.0892228348748,0.125333805013,313,7.83787535993
TQQQ_ALWAYS,NASDAQ100,150,50,LAG1,IMMEDIATE_NEXT_RETURN,50,1986-09-26,1986-09-29,2026-09-02,10059,0.134556919845,-0.99981706341,154.685288161,39.9342915811,0.781928769397,0.515430584344,9655,2000-03-27,2009-03-09,,False,,,2000,-0.917151743783,1999,4.23507200311,-0.991836834068,-0.722752150098,-0.499738961302,-0.185319079707,240,-0.165303460076,-0.0165535665469,0.036056114642,120,0.0396384967503,0.0986541202582,0,0
TQQQ_SMA_TO_NASDAQ,NASDAQ100,150,50,LAG1,IMMEDIATE_NEXT_RETURN,50,1986-09-26,1986-09-29,2026-09-02,10059,0.176848471822,-0.994854694878,667.07547457,39.9342915811,0.562005244328,0.518482009285,8513,2000-03-27,2008-11-20,2023-07-18,True,5353,8513,2000,-0.881947136968,1999,4.23507200311,-0.948589849332,-0.59816818397,-0.33088783188,-0.0966517859449,240,-0.0829465667183,0.0431856953189,0.0837513125091,120,0.0874986108039,0.131644694603,313,7.83787535993
TQQQ_SMA_TO_TBILL,NASDAQ100,150,50,LAG1,IMMEDIATE_NEXT_RETURN,50,1986-09-26,1986-09-29,2026-09-02,10059,0.152719625603,-0.991817831125,291.669975972,39.9342915811,0.52829954172,0.477602862739,8698,2000-03-27,2003-03-31,2024-01-19,True,7599,8698,2000,-0.886013663876,1999,4.23507200311,-0.931459265078,-0.587711551927,-0.307029410064,-0.103422890522,240,-0.0935703344208,0.0210765170288,0.0617631608113,120,0.0654344304431,0.100942023261,313,7.83787535993
TQQQ_ALWAYS,NASDAQ100,150,50,LAG2,WAIT_ONE_TRADING_DAY,0,1986-09-26,1986-09-29,2026-09-02,10059,0.134556919845,-0.99981706341,154.685288161,39.9342915811,0.781928769397,0.515430584344,9655,2000-03-27,2009-03-09,,False,,,2000,-0.917151743783,1999,4.23507200311,-0.991836834068,-0.722752150098,-0.499738961302,-0.185319079707,240,-0.165303460076,-0.0165535665469,0.036056114642,120,0.0396384967503,0.0986541202582,0,0
TQQQ_SMA_TO_NASDAQ,NASDAQ100,150,50,LAG2,WAIT_ONE_TRADING_DAY,0,1986-09-26,1986-09-29,2026-09-02,10059,0.218261811169,-0.981643801281,2654.55264575,39.9342915811,0.569886318156,0.579635555316,7255,2000-03-27,2003-03-11,2020-02-06,True,6176,7255,2000,-0.729514881163,1999,4.23507200311,-0.882672777625,-0.480543125936,-0.228406823931,-0.0389933850042,240,-0.0244133967652,0.124915510143,0.136858568507,120,0.140789496319,0.187256141316,313,7.83787535993
TQQQ_SMA_TO_TBILL,NASDAQ100,150,50,LAG2,WAIT_ONE_TRADING_DAY,0,1986-09-26,1986-09-29,2026-09-02,10059,0.192382426986,-0.96467833581,1126.16371325,39.9342915811,0.53761023352,0.54128187683,7259,2000-03-27,2003-03-31,2020-02-10,True,6160,7259,2000,-0.625957262907,1999,4.23507200311,-0.77490250584,-0.418548771856,-0.164829230517,-0.0377754821251,240,-0.0272015215093,0.115170797085,0.117364227801,120,0.121227749826,0.160499891437,313,7.83787535993
TQQQ_ALWAYS,NASDAQ100,150,50,LAG2,WAIT_ONE_TRADING_DAY,10,1986-09-26,1986-09-29,2026-09-02,10059,0.134556919845,-0.99981706341,154.685288161,39.9342915811,0.781928769397,0.515430584344,9655,2000-03-27,2009-03-09,,False,,,2000,-0.917151743783,1999,4.23507200311,-0.991836834068,-0.722752150098,-0.499738961302,-0.185319079707,240,-0.165303460076,-0.0165535665469,0.036056114642,120,0.0396384967503,0.0986541202582,0,0
TQQQ_SMA_TO_NASDAQ,NASDAQ100,150,50,LAG2,WAIT_ONE_TRADING_DAY,10,1986-09-26,1986-09-29,2026-09-02,10059,0.208745809501,-0.982816763262,1940.83742261,39.9342915811,0.569890505964,0.56587509684,7455,2000-03-27,2003-03-11,2020-08-24,True,6376,7455,2000,-0.737775351632,1999,4.23507200311,-0.886239064745,-0.489708466068,-0.237158580343,-0.0483223122819,240,-0.0338838586045,0.114023255597,0.126893594491,120,0.130790066308,0.176948002981,313,7.83787535993
TQQQ_SMA_TO_TBILL,NASDAQ100,150,50,LAG2,WAIT_ONE_TRADING_DAY,10,1986-09-26,1986-09-29,2026-09-02,10059,0.183068572558,-0.967001488004,823.378162102,39.9342915811,0.537617387839,0.526692750692,7463,2000-03-27,2003-03-31,2020-09-01,True,6364,7463,2000,-0.6373803275,1999,4.23507200311,-0.781781498367,-0.428807945509,-0.174302112554,-0.0471162321387,240,-0.0366449177567,0.104369105306,0.107570128689,120,0.111399785555,0.150461948395,313,7.83787535993
TQQQ_ALWAYS,NASDAQ100,150,50,LAG2,WAIT_ONE_TRADING_DAY,25,1986-09-26,1986-09-29,2026-09-02,10059,0.134556919845,-0.99981706341,154.685288161,39.9342915811,0.781928769397,0.515430584344,9655,2000-03-27,2009-03-09,,False,,,2000,-0.917151743783,1999,4.23507200311,-0.991836834068,-0.722752150098,-0.499738961302,-0.185319079707,240,-0.165303460076,-0.0165535665469,0.036056114642,120,0.0396384967503,0.0986541202582,0,0
TQQQ_SMA_TO_NASDAQ,NASDAQ100,150,50,LAG2,WAIT_ONE_TRADING_DAY,25,1986-09-26,1986-09-29,2026-09-02,10059,0.194593398554,-0.9844391098,1212.63586022,39.9342915811,0.569921823237,0.545210827291,7604,2000-03-27,2003-03-11,2021-01-20,True,6525,7604,2000,-0.749710049836,1999,4.23507200311,-0.891392574504,-0.50317077001,-0.250116511513,-0.0621633630819,240,-0.0479349000068,0.0977057974128,0.11209127706,120,0.115936566747,0.161634334493,313,7.83787535993
TQQQ_SMA_TO_TBILL,NASDAQ100,150,50,LAG2,WAIT_ONE_TRADING_DAY,25,1986-09-26,1986-09-29,2026-09-02,10059,0.169216799517,-0.970206696983,514.446946588,39.9342915811,0.537654647246,0.504784869342,7752,2000-03-27,2003-03-31,2021-06-17,True,6653,7752,2000,-0.653884330388,1999,4.23507200311,-0.791719978751,-0.443876902244,-0.188327748967,-0.0609748239788,240,-0.0506558027483,0.0887679381513,0.0930216347559,120,0.0968009871413,0.135549093935,313,7.83787535993
TQQQ_ALWAYS,NASDAQ100,150,50,LAG2,WAIT_ONE_TRADING_DAY,50,1986-09-26,1986-09-29,2026-09-02,10059,0.134556919845,-0.99981706341,154.685288161,39.9342915811,0.781928769397,0.515430584344,9655,2000-03-27,2009-03-09,,False,,,2000,-0.917151743783,1999,4.23507200311,-0.991836834068,-0.722752150098,-0.499738961302,-0.185319079707,240,-0.165303460076,-0.0165535665469,0.036056114642,120,0.0396384967503,0.0986541202582,0,0
TQQQ_SMA_TO_NASDAQ,NASDAQ100,150,50,LAG2,WAIT_ONE_TRADING_DAY,50,1986-09-26,1986-09-29,2026-09-02,10059,0.171327147235,-0.987278994115,552.860568776,39.9342915811,0.570040765029,0.510715589731,7889,2000-03-27,2008-11-20,2021-11-01,True,4729,7889,2000,-0.768442485207,1999,4.23507200311,-0.89948379465,-0.524865854725,-0.271267563282,-0.0848307602777,240,-0.0709461974207,0.0715672184583,0.0878034305174,120,0.0915647398632,0.136503243126,313,7.83787535993
TQQQ_SMA_TO_TBILL,NASDAQ100,150,50,LAG2,WAIT_ONE_TRADING_DAY,50,1986-09-26,1986-09-29,2026-09-02,10059,0.146444790283,-0.974880519815,234.544796856,39.9342915811,0.53778746757,0.468216864939,8508,2000-03-27,2003-03-31,2023-07-13,True,7409,8508,2000,-0.679788644195,1999,4.23507200311,-0.807318534324,-0.468161177382,-0.211221601231,-0.0836709480198,240,-0.0736013362747,0.0635954146943,0.06915026531,120,0.0728470774106,0.110820507777,313,7.83787535993
TQQQ_ALWAYS,NASDAQ100,150,100,LAG1,IMMEDIATE_NEXT_RETURN,0,1986-09-26,1986-09-29,2026-09-02,10059,0.123086448205,-0.999833067993,103.089611408,39.9342915811,0.781936515809,0.502444942865,9655,2000-03-27,2009-03-09,,False,,,2000,-0.917998932107,1999,4.18255122569,-0.991922297558,-0.725579712986,-0.504822912565,-0.193569656275,240,-0.173755986429,-0.0265087775523,0.0255755451803,120,0.0291207219992,0.087544346258,0,0
TQQQ_SMA_TO_NASDAQ,NASDAQ100,150,100,LAG1,IMMEDIATE_NEXT_RETURN,0,1986-09-26,1986-09-29,2026-09-02,10059,0.21480611486,-0.99145604938,2369.87780432,39.9342915811,0.562149740345,0.574965531413,7463,2000-03-27,2008-11-20,2020-09-01,True,4303,7463,2000,-0.86281989267,1999,4.18255122569,-0.940164555823,-0.562815905123,-0.295712813672,-0.0582687420754,240,-0.0439703025464,0.0873522230979,0.124325631435,120,0.128212164401,0.173444924172,313,7.83787535993
TQQQ_SMA_TO_TBILL,NASDAQ100,150,100,LAG1,IMMEDIATE_NEXT_RETURN,0,1986-09-26,1986-09-29,2026-09-02,10059,0.189899025601,-0.988586312401,1036.19789453,39.9342915811,0.52836354975,0.537705372044,7627,2000-03-27,2003-03-31,2021-02-12,True,6528,7627,2000,-0.867545289271,1999,4.18255122569,-0.920153569638,-0.551439321605,-0.270600162055,-0.0653224093284,240,-0.0550455976751,0.0632871581936,0.101514270326,120,0.105321949707,0.141461880917,313,7.83787535993
TQQQ_ALWAYS,NASDAQ100,150,100,LAG1,IMMEDIATE_NEXT_RETURN,10,1986-09-26,1986-09-29,2026-09-02,10059,0.123086448205,-0.999833067993,103.089611408,39.9342915811,0.781936515809,0.502444942865,9655,2000-03-27,2009-03-09,,False,,,2000,-0.917998932107,1999,4.18255122569,-0.991922297558,-0.725579712986,-0.504822912565,-0.193569656275,240,-0.173755986429,-0.0265087775523,0.0255755451803,120,0.0291207219992,0.087544346258,0,0
TQQQ_SMA_TO_NASDAQ,NASDAQ100,150,100,LAG1,IMMEDIATE_NEXT_RETURN,10,1986-09-26,1986-09-29,2026-09-02,10059,0.205317106086,-0.992354112163,1732.70156725,39.9342915811,0.562092764715,0.561014356464,7605,2000-03-27,2008-11-20,2021-01-21,True,4445,7605,2000,-0.867009299579,1999,4.18255122569,-0.941983318507,-0.570529617521,-0.303701155315,-0.0674105547157,240,-0.0532509166272,0.0769338590065,0.114470513118,120,0.118322979225,0.163159302992,313,7.83787535993
TQQQ_SMA_TO_TBILL,NASDAQ100,150,100,LAG1,IMMEDIATE_NEXT_RETURN,10,1986-09-26,1986-09-29,2026-09-02,10059,0.180604569345,-0.989337005608,757.600966836,39.9342915811,0.528320500569,0.522859501828,7788,2000-03-27,2003-03-31,2021-07-23,True,6689,7788,2000,-0.871590385102,1999,4.18255122569,-0.922593681198,-0.559353763386,-0.278873342673,-0.07439574882,240,-0.0642186988406,0.0531360510344,0.0918591017892,120,0.0956334054916,0.131532475905,313,7.83787535993
TQQQ_ALWAYS,NASDAQ100,150,100,LAG1,IMMEDIATE_NEXT_RETURN,25,1986-09-26,1986-09-29,2026-09-02,10059,0.123086448205,-0.999833067993,103.089611408,39.9342915811,0.781936515809,0.502444942865,9655,2000-03-27,2009-03-09,,False,,,2000,-0.917998932107,1999,4.18255122569,-0.991922297558,-0.725579712986,-0.504822912565,-0.193569656275,240,-0.173755986429,-0.0265087775523,0.0255755451803,120,0.0291207219992,0.087544346258,0,0
TQQQ_SMA_TO_NASDAQ,NASDAQ100,150,100,LAG1,IMMEDIATE_NEXT_RETURN,25,1986-09-26,1986-09-29,2026-09-02,10059,0.191204839575,-0.993528706259,1082.59250931,39.9342915811,0.56203290197,0.540057672619,7788,2000-03-27,2008-11-20,2021-07-23,True,4628,7788,2000,-0.873062139704,1999,4.18255122569,-0.944611545266,-0.581859730679,-0.315528767543,-0.0809739891161,240,-0.0670202865797,0.0614041409011,0.0998313791444,120,0.103633241161,0.147899078271,313,7.83787535993
TQQQ_SMA_TO_TBILL,NASDAQ100,150,100,LAG1,IMMEDIATE_NEXT_RETURN,25,1986-09-26,1986-09-29,2026-09-02,10059,0.166781645699,-0.990372722776,473.349333344,39.9342915811,0.528283103273,0.500560385623,8466,2000-03-27,2003-03-31,2023-06-01,True,7367,8466,2000,-0.877434725097,1999,4.18255122569,-0.926119052215,-0.570978713388,-0.291122690112,-0.0878575916546,240,-0.0778285550914,0.038415142899,0.0775169801421,120,0.081241706456,0.116781766013,313,7.83787535993
TQQQ_ALWAYS,NASDAQ100,150,100,LAG1,IMMEDIATE_NEXT_RETURN,50,1986-09-26,1986-09-29,2026-09-02,10059,0.123086448205,-0.999833067993,103.089611408,39.9342915811,0.781936515809,0.502444942865,9655,2000-03-27,2009-03-09,,False,,,2000,-0.917998932107,1999,4.18255122569,-0.991922297558,-0.725579712986,-0.504822912565,-0.193569656275,240,-0.173755986429,-0.0265087775523,0.0255755451803,120,0.0291207219992,0.087544346258,0,0
TQQQ_SMA_TO_NASDAQ,NASDAQ100,150,100,LAG1,IMMEDIATE_NEXT_RETURN,50,1986-09-26,1986-09-29,2026-09-02,10059,0.168004584825,-0.99510197844,493.571673149,39.9342915811,0.562001420395,0.505058519827,8703,2000-03-27,2008-11-20,2024-01-24,True,5543,8703,2000,-0.882562542187,1999,4.18255122569,-0.948737968287,-0.600118697781,-0.334834815341,-0.103186735774,240,-0.0895702925266,0.0355983846247,0.0758112862707,120,0.0795301163965,0.123017048075,313,7.83787535993
TQQQ_SMA_TO_TBILL,NASDAQ100,150,100,LAG1,IMMEDIATE_NEXT_RETURN,50,1986-09-26,1986-09-29,2026-09-02,10059,0.144057064235,-0.99188300138,215.807721219,39.9342915811,0.528293258418,0.463324535584,8740,2000-03-27,2003-03-31,2024-03-01,True,7641,8740,2000,-0.88660787044,1999,4.18255122569,-0.931652161262,-0.589712822808,-0.311117130462,-0.109903962478,240,-0.100117326506,0.0138924278446,0.0539842291888,120,0.0576276082401,0.0925753702699,313,7.83787535993
TQQQ_ALWAYS,NASDAQ100,150,100,LAG2,WAIT_ONE_TRADING_DAY,0,1986-09-26,1986-09-29,2026-09-02,10059,0.123086448205,-0.999833067993,103.089611408,39.9342915811,0.781936515809,0.502444942865,9655,2000-03-27,2009-03-09,,False,,,2000,-0.917998932107,1999,4.18255122569,-0.991922297558,-0.725579712986,-0.504822912565,-0.193569656275,240,-0.173755986429,-0.0265087775523,0.0255755451803,120,0.0291207219992,0.087544346258,0,0
TQQQ_SMA_TO_NASDAQ,NASDAQ100,150,100,LAG2,WAIT_ONE_TRADING_DAY,0,1986-09-26,1986-09-29,2026-09-02,10059,0.209097294773,-0.981782292751,1963.5030533,39.9342915811,0.569884061697,0.56638294894,7451,2000-03-27,2003-03-11,2020-08-20,True,6372,7451,2000,-0.730937174508,1999,4.18255122569,-0.883016118679,-0.483061195878,-0.232953730161,-0.0459549290791,240,-0.0314695271772,0.116874963649,0.128518499767,120,0.132419526507,0.178222065251,313,7.83787535993
TQQQ_SMA_TO_TBILL,NASDAQ100,150,100,LAG2,WAIT_ONE_TRADING_DAY,0,1986-09-26,1986-09-29,2026-09-02,10059,0.183412591272,-0.96496167313,832.993797664,39.9342915811,0.537605648014,0.527235429579,7462,2000-03-27,2003-03-31,2020-08-31,True,6363,7462,2000,-0.627924093828,1999,4.18255122569,-0.775546242308,-0.421367359757,-0.169750791895,-0.0447405956263,240,-0.0342374862367,0.107110782717,0.109167170818,120,0.113001304501,0.15164107744,313,7.83787535993
TQQQ_ALWAYS,NASDAQ100,150,100,LAG2,WAIT_ONE_TRADING_DAY,10,1986-09-26,1986-09-29,2026-09-02,10059,0.123086448205,-0.999833067993,103.089611408,39.9342915811,0.781936515809,0.502444942865,9655,2000-03-27,2009-03-09,,False,,,2000,-0.917998932107,1999,4.18255122569,-0.991922297558,-0.725579712986,-0.504822912565,-0.193569656275,240,-0.173755986429,-0.0265087775523,0.0255755451803,120,0.0291207219992,0.087544346258,0,0
TQQQ_SMA_TO_NASDAQ,NASDAQ100,150,100,LAG2,WAIT_ONE_TRADING_DAY,10,1986-09-26,1986-09-29,2026-09-02,10059,0.199652878336,-0.982946405121,1435.58659926,39.9342915811,0.569888120173,0.552622951735,7463,2000-03-27,2003-03-11,2020-09-01,True,6384,7463,2000,-0.739154208901,1999,4.18255122569,-0.886571969578,-0.492182106975,-0.241653913521,-0.0552162774896,240,-0.0408714919569,0.106060615599,0.118626629452,120,0.12249346229,0.167934408604,313,7.83787535993
TQQQ_SMA_TO_TBILL,NASDAQ100,150,100,LAG2,WAIT_ONE_TRADING_DAY,10,1986-09-26,1986-09-29,2026-09-02,10059,0.174168801399,-0.967266189856,609.031257262,39.9342915811,0.537612665339,0.512646808558,7604,2000-03-27,2003-03-31,2021-01-20,True,6505,7604,2000,-0.63928709246,1999,4.18255122569,-0.782405562211,-0.431576802011,-0.179167851373,-0.0540137321227,240,-0.0436125811818,0.0966169627784,0.0994449218575,120,0.103245447981,0.141679770744,313,7.83787535993
TQQQ_ALWAYS,NASDAQ100,150,100,LAG2,WAIT_ONE_TRADING_DAY,25,1986-09-26,1986-09-29,2026-09-02,10059,0.123086448205,-0.999833067993,103.089611408,39.9342915811,0.781936515809,0.502444942865,9655,2000-03-27,2009-03-09,,False,,,2000,-0.917998932107,1999,4.18255122569,-0.991922297558,-0.725579712986,-0.504822912565,-0.193569656275,240,-0.173755986429,-0.0265087775523,0.0255755451803,120,0.0291207219992,0.087544346258,0,0
TQQQ_SMA_TO_NASDAQ,NASDAQ100,150,100,LAG2,WAIT_ONE_TRADING_DAY,25,1986-09-26,1986-09-29,2026-09-02,10059,0.185606930549,-0.984556511588,896.954979549,39.9342915811,0.569919242534,0.5319599452,7690,2000-03-27,2003-03-11,2021-04-16,True,6611,7690,2000,-0.751026150817,1999,4.18255122569,-0.89171039834,-0.505579152328,-0.254535485154,-0.0689570635425,240,-0.0548209063173,0.0897920466293,0.103932902788,120,0.10774894282,0.152845695687,313,7.83787535993
TQQQ_SMA_TO_TBILL,NASDAQ100,150,100,LAG2,WAIT_ONE_TRADING_DAY,25,1986-09-26,1986-09-29,2026-09-02,10059,0.160421229935,-0.970445687835,380.522929919,39.9342915811,0.537649718413,0.490740364461,7787,2000-03-27,2003-03-31,2021-07-22,True,6688,7787,2000,-0.655704312261,1999,4.18255122569,-0.792315620412,-0.446572711899,-0.193110836389,-0.0677720078065,240,-0.0575221295711,0.0811187194065,0.0850031566263,120,0.0887537609161,0.126847916405,313,7.83787535993
TQQQ_ALWAYS,NASDAQ100,150,100,LAG2,WAIT_ONE_TRADING_DAY,50,1986-09-26,1986-09-29,2026-09-02,10059,0.123086448205,-0.999833067993,103.089611408,39.9342915811,0.781936515809,0.502444942865,9655,2000-03-27,2009-03-09,,False,,,2000,-0.917998932107,1999,4.18255122569,-0.991922297558,-0.725579712986,-0.504822912565,-0.193569656275,240,-0.173755986429,-0.0265087775523,0.0255755451803,120,0.0291207219992,0.087544346258,0,0
TQQQ_SMA_TO_NASDAQ,NASDAQ100,150,100,LAG2,WAIT_ONE_TRADING_DAY,50,1986-09-26,1986-09-29,2026-09-02,10059,0.162515702316,-0.987889951638,408.936479967,39.9342915811,0.570037857116,0.49746833396,8702,2000-03-27,2008-11-20,2024-01-23,True,5542,8702,2000,-0.769660085323,1999,4.18255122569,-0.899777940708,-0.527169070006,-0.275561896306,-0.0914602578263,240,-0.0776657697981,0.0638376502467,0.0798232334749,120,0.0835559319717,0.127904742919,313,7.83787535993
TQQQ_SMA_TO_TBILL,NASDAQ100,150,100,LAG2,WAIT_ONE_TRADING_DAY,50,1986-09-26,1986-09-29,2026-09-02,10059,0.137820525793,-0.97508201899,173.48664209,39.9342915811,0.537782192696,0.454176565555,8719,2000-03-27,2003-03-31,2024-02-09,True,7620,8719,2000,-0.681472413277,1999,4.18255122569,-0.807869567052,-0.470739268885,-0.215869777922,-0.090303844743,240,-0.0803017048151,0.0557568951765,0.0613069091063,120,0.0649756009639,0.102253812263,313,7.83787535993
TQQQ_ALWAYS,NASDAQ100,200,0,LAG1,IMMEDIATE_NEXT_RETURN,0,1986-09-26,1986-09-29,2026-09-02,10059,0.14614389832,-0.999799525426,232.099047245,39.9342915811,0.781921213919,0.528416373497,9655,2000-03-27,2009-03-09,,False,,,2000,-0.916295851152,1999,4.2881220955,-0.991750471878,-0.719895616286,-0.494603104244,-0.176984558461,240,-0.156764942104,-0.00649711272352,0.0466431972192,120,0.0502631724139,0.109876759579,0,0
TQQQ_SMA_TO_NASDAQ,NASDAQ100,200,0,LAG1,IMMEDIATE_NEXT_RETURN,0,1986-09-26,1986-09-29,2026-09-02,10059,0.231384732738,-0.978531485152,4072.02988869,39.9342915811,0.575557227504,0.597946413887,6694,2000-03-27,2003-03-11,2018-07-25,True,5615,6694,2000,-0.808758453577,1999,4.2881220955,-0.917100931049,-0.469465136953,-0.235615520901,-0.0280200701669,240,-0.0132848373913,0.142977060166,0.153145506416,120,0.157133836097,0.209388455145,273,6.83622994652
TQQQ_SMA_TO_TBILL,NASDAQ100,200,0,LAG1,IMMEDIATE_NEXT_RETURN,0,1986-09-26,1986-09-29,2026-09-02,10059,0.2086684696,-0.955794823348,1935.88448422,39.9342915811,0.544362510439,0.565944774064,6510,2000-03-27,2003-03-31,2018-01-22,True,5411,6510,2000,-0.767681730596,1999,4.2881220955,-0.860574015073,-0.401744894619,-0.179915368702,-0.0254776935281,240,-0.0147743950136,0.140173647322,0.139403033093,120,0.143343832333,0.189807446846,273,6.83622994652
TQQQ_ALWAYS,NASDAQ100,200,0,LAG1,IMMEDIATE_NEXT_RETURN,10,1986-09-26,1986-09-29,2026-09-02,10059,0.14614389832,-0.999799525426,232.099047245,39.9342915811,0.781921213919,0.528416373497,9655,2000-03-27,2009-03-09,,False,,,2000,-0.916295851152,1999,4.2881220955,-0.991750471878,-0.719895616286,-0.494603104244,-0.176984558461,240,-0.156764942104,-0.00649711272352,0.0466431972192,120,0.0502631724139,0.109876759579,0,0
TQQQ_SMA_TO_NASDAQ,NASDAQ100,200,0,LAG1,IMMEDIATE_NEXT_RETURN,10,1986-09-26,1986-09-29,2026-09-02,10059,0.222991228767,-0.979311281032,3098.76928618,39.9342915811,0.575551088801,0.586057660987,7254,2000-03-27,2008-11-20,2020-02-05,True,4094,7254,2000,-0.811607083166,1999,4.2881220955,-0.918329906047,-0.474849567777,-0.242165194965,-0.0361063392101,240,-0.0214936944149,0.133818484596,0.144410864589,120,0.148368984178,0.200639653974,273,6.83622994652
TQQQ_SMA_TO_TBILL,NASDAQ100,200,0,LAG1,IMMEDIATE_NEXT_RETURN,10,1986-09-26,1986-09-29,2026-09-02,10059,0.200429806792,-0.957358673484,1473.18648076,39.9342915811,0.54436195222,0.553372770962,6694,2000-03-27,2003-03-31,2018-07-25,True,5595,6694,2000,-0.771142216608,1999,4.2881220955,-0.862652240187,-0.40781662233,-0.186942312848,-0.0335851135651,240,-0.0229708598435,0.131451968671,0.130772485312,120,0.134683434486,0.181129449523,273,6.83622994652
TQQQ_ALWAYS,NASDAQ100,200,0,LAG1,IMMEDIATE_NEXT_RETURN,25,1986-09-26,1986-09-29,2026-09-02,10059,0.14614389832,-0.999799525426,232.099047245,39.9342915811,0.781921213919,0.528416373497,9655,2000-03-27,2009-03-09,,False,,,2000,-0.916295851152,1999,4.2881220955,-0.991750471878,-0.719895616286,-0.494603104244,-0.176984558461,240,-0.156764942104,-0.00649711272352,0.0466431972192,120,0.0502631724139,0.109876759579,0,0
TQQQ_SMA_TO_NASDAQ,NASDAQ100,200,0,LAG1,IMMEDIATE_NEXT_RETURN,25,1986-09-26,1986-09-29,2026-09-02,10059,0.210492572357,-0.981737125308,2056.05082934,39.9342915811,0.575563637394,0.568202566717,7437,2000-03-27,2008-11-20,2020-08-06,True,4277,7437,2000,-0.81580585877,1999,4.2881220955,-0.920141532116,-0.482833834533,-0.251896722235,-0.0481247192381,240,-0.0336942732948,0.12068678567,0.131416638353,120,0.135329815428,0.187780059856,273,6.83622994652
TQQQ_SMA_TO_TBILL,NASDAQ100,200,0,LAG1,IMMEDIATE_NEXT_RETURN,25,1986-09-26,1986-09-29,2026-09-02,10059,0.188161722323,-0.959604062896,977.467505907,39.9342915811,0.544384095556,0.534492140592,7452,2000-03-27,2003-03-31,2020-08-21,True,6353,7452,2000,-0.776242846153,1999,4.2881220955,-0.865715428496,-0.416820042619,-0.197382969574,-0.0456349296831,240,-0.035153020576,0.118478251288,0.117933116209,120,0.121799658467,0.168214921906,273,6.83622994652
TQQQ_ALWAYS,NASDAQ100,200,0,LAG1,IMMEDIATE_NEXT_RETURN,50,1986-09-26,1986-09-29,2026-09-02,10059,0.14614389832,-0.999799525426,232.099047245,39.9342915811,0.781921213919,0.528416373497,9655,2000-03-27,2009-03-09,,False,,,2000,-0.916295851152,1999,4.2881220955,-0.991750471878,-0.719895616286,-0.494603104244,-0.176984558461,240,-0.156764942104,-0.00649711272352,0.0466431972192,120,0.0502631724139,0.109876759579,0,0
TQQQ_SMA_TO_NASDAQ,NASDAQ100,200,0,LAG1,IMMEDIATE_NEXT_RETURN,50,1986-09-26,1986-09-29,2026-09-02,10059,0.189903779867,-0.985170934639,1036.36324135,39.9342915811,0.575642563035,0.538391515508,7604,2000-03-27,2008-11-20,2021-01-20,True,4444,7604,2000,-0.822610275989,1999,4.2881220955,-0.923077822401,-0.495897946283,-0.267870694045,-0.0678624107868,240,-0.0537311885935,0.0993929646847,0.110044219384,120,0.113883476688,0.166610715889,273,6.83622994652
TQQQ_SMA_TO_TBILL,NASDAQ100,200,0,LAG1,IMMEDIATE_NEXT_RETURN,50,1986-09-26,1986-09-29,2026-09-02,10059,0.167952746486,-0.965743155261,492.697640681,39.9342915811,0.544482271995,0.5029711941,7620,2000-03-27,2009-05-22,2021-02-05,True,4277,7620,2000,-0.784508782412,1999,4.2881220955,-0.870679442949,-0.431551725862,-0.214520953324,-0.0654242484768,240,-0.0551596878952,0.0977902987447,0.0968154004818,120,0.100608903897,0.146961544048,273,6.83622994652
TQQQ_ALWAYS,NASDAQ100,200,0,LAG2,WAIT_ONE_TRADING_DAY,0,1986-09-26,1986-09-29,2026-09-02,10059,0.14614389832,-0.999799525426,232.099047245,39.9342915811,0.781921213919,0.528416373497,9655,2000-03-27,2009-03-09,,False,,,2000,-0.916295851152,1999,4.2881220955,-0.991750471878,-0.719895616286,-0.494603104244,-0.176984558461,240,-0.156764942104,-0.00649711272352,0.0466431972192,120,0.0502631724139,0.109876759579,0,0
TQQQ_SMA_TO_NASDAQ,NASDAQ100,200,0,LAG2,WAIT_ONE_TRADING_DAY,0,1986-09-26,1986-09-29,2026-09-02,10059,0.227119081405,-0.962267740061,3545.09410647,39.9342915811,0.582334513676,0.59392816002,6426,2000-03-27,2002-10-07,2017-10-30,True,5502,6426,2000,-0.752664411038,1999,4.2881220955,-0.89291679353,-0.405549069955,-0.179034745273,0.00387791628347,240,0.0190967230929,0.178374795166,0.145414087435,120,0.149375676824,0.232718203707,273,6.83622994652
TQQQ_SMA_TO_TBILL,NASDAQ100,200,0,LAG2,WAIT_ONE_TRADING_DAY,0,1986-09-26,1986-09-29,2026-09-02,10059,0.20489130016,-0.881130723422,1708.42448612,39.9342915811,0.552407912775,0.562362283776,5331,2000-03-27,2003-03-31,2014-10-31,True,4232,5331,2000,-0.658002248508,1999,4.2881220955,-0.794695421211,-0.290848118093,-0.087531084786,0.0241590255041,240,0.0354074902169,0.191607066623,0.130433200772,120,0.134342976478,0.226827237635,273,6.83622994652
TQQQ_ALWAYS,NASDAQ100,200,0,LAG2,WAIT_ONE_TRADING_DAY,10,1986-09-26,1986-09-29,2026-09-02,10059,0.14614389832,-0.999799525426,232.099047245,39.9342915811,0.781921213919,0.528416373497,9655,2000-03-27,2009-03-09,,False,,,2000,-0.916295851152,1999,4.2881220955,-0.991750471878,-0.719895616286,-0.494603104244,-0.176984558461,240,-0.156764942104,-0.00649711272352,0.0466431972192,120,0.0502631724139,0.109876759579,0,0
TQQQ_SMA_TO_NASDAQ,NASDAQ100,200,0,LAG2,WAIT_ONE_TRADING_DAY,10,1986-09-26,1986-09-29,2026-09-02,10059,0.218754653449,-0.963126102268,2697.77703849,39.9342915811,0.58232814295,0.582178092104,6491,2000-03-27,2002-10-07,2018-01-03,True,5567,6491,2000,-0.756348586837,1999,4.2881220955,-0.894504297288,-0.411582188858,-0.186069235093,-0.0044737241861,240,0.0106184716074,0.168829750534,0.136738008187,120,0.140669590032,0.223624813876,273,6.83622994652
TQQQ_SMA_TO_TBILL,NASDAQ100,200,0,LAG2,WAIT_ONE_TRADING_DAY,10,1986-09-26,1986-09-29,2026-09-02,10059,0.196678383722,-0.885335971503,1300.09196152,39.9342915811,0.552407008855,0.549974239623,5436,2000-03-27,2003-03-31,2015-02-13,True,4337,5436,2000,-0.66309646016,1999,4.2881220955,-0.79775560495,-0.298045343983,-0.0953496291862,0.0156386588082,240,0.0267935432842,0.182199630466,0.121870596084,120,0.125750756716,0.217778161334,273,6.83622994652
TQQQ_ALWAYS,NASDAQ100,200,0,LAG2,WAIT_ONE_TRADING_DAY,25,1986-09-26,1986-09-29,2026-09-02,10059,0.14614389832,-0.999799525426,232.099047245,39.9342915811,0.781921213919,0.528416373497,9655,2000-03-27,2009-03-09,,False,,,2000,-0.916295851152,1999,4.2881220955,-0.991750471878,-0.719895616286,-0.494603104244,-0.176984558461,240,-0.156764942104,-0.00649711272352,0.0466431972192,120,0.0502631724139,0.109876759579,0,0
TQQQ_SMA_TO_NASDAQ,NASDAQ100,200,0,LAG2,WAIT_ONE_TRADING_DAY,25,1986-09-26,1986-09-29,2026-09-02,10059,0.206299293751,-0.964378712065,1789.99022034,39.9342915811,0.58234009085,0.564531658348,6559,2000-03-27,2002-10-07,2018-03-12,True,5635,6559,2000,-0.76177892693,1999,4.2881220955,-0.896844428858,-0.420528358336,-0.196521103207,-0.0168865178347,240,-0.00198250021049,0.15515108694,0.123830903486,120,0.127717844141,0.210179986666,273,6.83622994652
TQQQ_SMA_TO_TBILL,NASDAQ100,200,0,LAG2,WAIT_ONE_TRADING_DAY,25,1986-09-26,1986-09-29,2026-09-02,10059,0.184448637834,-0.891373902696,862.618319994,39.9342915811,0.552428299201,0.531370309399,5593,2000-03-27,2003-03-31,2015-07-20,True,4494,5593,2000,-0.67060514142,1999,4.2881220955,-0.802266145691,-0.308717701617,-0.106966448175,0.00297509241163,240,0.0139908913783,0.167959544049,0.109132303584,120,0.112968406888,0.204373056217,273,6.83622994652
TQQQ_ALWAYS,NASDAQ100,200,0,LAG2,WAIT_ONE_TRADING_DAY,50,1986-09-26,1986-09-29,2026-09-02,10059,0.14614389832,-0.999799525426,232.099047245,39.9342915811,0.781921213919,0.528416373497,9655,2000-03-27,2009-03-09,,False,,,2000,-0.916295851152,1999,4.2881220955,-0.991750471878,-0.719895616286,-0.494603104244,-0.176984558461,240,-0.156764942104,-0.00649711272352,0.0466431972192,120,0.0502631724139,0.109876759579,0,0
TQQQ_SMA_TO_NASDAQ,NASDAQ100,200,0,LAG2,WAIT_ONE_TRADING_DAY,50,1986-09-26,1986-09-29,2026-09-02,10059,0.185781823089,-0.970234894955,902.253991129,39.9342915811,0.582417341947,0.535069854621,7253,2000-03-27,2008-11-20,2020-02-04,True,4093,7253,2000,-0.770579182795,1999,4.2881220955,-0.90063732283,-0.435166365979,-0.213677490071,-0.0372719517886,240,-0.0226769777006,0.132663018237,0.102601778773,120,0.10641529526,0.188311863841,273,6.83622994652
TQQQ_SMA_TO_TBILL,NASDAQ100,200,0,LAG2,WAIT_ONE_TRADING_DAY,50,1986-09-26,1986-09-29,2026-09-02,10059,0.164302816392,-0.900756853181,434.80730408,39.9342915811,0.55252416281,0.500312253651,6511,2000-03-27,2003-03-31,2018-01-23,True,5412,6511,2000,-0.682773498311,1999,4.2881220955,-0.809575650422,-0.32618015334,-0.12603506237,-0.0178221836656,240,-0.00703480374351,0.145604149738,0.0881808348857,120,0.0919444743382,0.182448243105,273,6.83622994652
TQQQ_ALWAYS,NASDAQ100,200,50,LAG1,IMMEDIATE_NEXT_RETURN,0,1986-09-26,1986-09-29,2026-09-02,10059,0.134556919845,-0.99981706341,154.685288161,39.9342915811,0.781928769397,0.515430584344,9655,2000-03-27,2009-03-09,,False,,,2000,-0.917151743783,1999,4.23507200311,-0.991836834068,-0.722752150098,-0.499738961302,-0.185319079707,240,-0.165303460076,-0.0165535665469,0.036056114642,120,0.0396384967503,0.0986541202582,0,0
TQQQ_SMA_TO_NASDAQ,NASDAQ100,200,50,LAG1,IMMEDIATE_NEXT_RETURN,0,1986-09-26,1986-09-29,2026-09-02,10059,0.22196435099,-0.978644669363,2996.54613713,39.9342915811,0.575553079132,0.584600215327,7253,2000-03-27,2003-03-11,2020-02-04,True,6174,7253,2000,-0.809998472439,1999,4.23507200311,-0.917444899376,-0.471848942958,-0.239908658161,-0.0350400381994,240,-0.0204000714451,0.134662686783,0.144521501712,120,0.148478925728,0.200097424664,273,6.83622994652
TQQQ_SMA_TO_TBILL,NASDAQ100,200,50,LAG1,IMMEDIATE_NEXT_RETURN,0,1986-09-26,1986-09-29,2026-09-02,10059,0.199421872587,-0.956050227267,1424.58855452,39.9342915811,0.544356102962,0.551835485219,6682,2000-03-27,2003-03-31,2018-07-13,True,5583,6682,2000,-0.769188092794,1999,4.23507200311,-0.861144195557,-0.404432982079,-0.184521343815,-0.0325107035012,240,-0.0218788878206,0.13174105355,0.130881803931,120,0.134792065821,0.180632325647,273,6.83622994652
TQQQ_ALWAYS,NASDAQ100,200,50,LAG1,IMMEDIATE_NEXT_RETURN,10,1986-09-26,1986-09-29,2026-09-02,10059,0.134556919845,-0.99981706341,154.685288161,39.9342915811,0.781928769397,0.515430584344,9655,2000-03-27,2009-03-09,,False,,,2000,-0.917151743783,1999,4.23507200311,-0.991836834068,-0.722752150098,-0.499738961302,-0.185319079707,240,-0.165303460076,-0.0165535665469,0.036056114642,120,0.0396384967503,0.0986541202582,0,0
TQQQ_SMA_TO_NASDAQ,NASDAQ100,200,50,LAG1,IMMEDIATE_NEXT_RETURN,10,1986-09-26,1986-09-29,2026-09-02,10059,0.213635059291,-0.980267071564,2280.33815766,39.9342915811,0.575546795031,0.572711604754,7409,2000-03-27,2008-11-20,2020-07-09,True,4249,7409,2000,-0.812828631384,1999,4.23507200311,-0.91866877506,-0.477209180389,-0.246421546223,-0.0430679054707,240,-0.0285497341427,0.125646423576,0.135852183464,120,0.139779631487,0.191466885095,273,6.83622994652
TQQQ_SMA_TO_TBILL,NASDAQ100,200,50,LAG1,IMMEDIATE_NEXT_RETURN,10,1986-09-26,1986-09-29,2026-09-02,10059,0.191246237481,-0.957605041958,1084.09598625,39.9342915811,0.544355391219,0.539263711433,7435,2000-03-27,2003-03-31,2020-08-04,True,6336,7435,2000,-0.772626140856,1999,4.23507200311,-0.863213921801,-0.410477428227,-0.191508821388,-0.0405596132654,240,-0.0300162476849,0.123083876438,0.122315801244,120,0.126196444376,0.172021248232,273,6.83622994652
TQQQ_ALWAYS,NASDAQ100,200,50,LAG1,IMMEDIATE_NEXT_RETURN,25,1986-09-26,1986-09-29,2026-09-02,10059,0.134556919845,-0.99981706341,154.685288161,39.9342915811,0.781928769397,0.515430584344,9655,2000-03-27,2009-03-09,,False,,,2000,-0.917151743783,1999,4.23507200311,-0.991836834068,-0.722752150098,-0.499738961302,-0.185319079707,240,-0.165303460076,-0.0165535665469,0.036056114642,120,0.0396384967503,0.0986541202582,0,0
TQQQ_SMA_TO_NASDAQ,NASDAQ100,200,50,LAG1,IMMEDIATE_NEXT_RETURN,25,1986-09-26,1986-09-29,2026-09-02,10059,0.201232020531,-0.98258084515,1513.01717787,39.9342915811,0.575559124896,0.554857217618,7457,2000-03-27,2008-11-20,2020-08-26,True,4297,7457,2000,-0.817000181937,1999,4.23507200311,-0.920472884253,-0.485157572136,-0.256098416728,-0.0549994846903,240,-0.0406623342648,0.112687988751,0.12295513687,120,0.12683799064,0.178705537098,273,6.83622994652
TQQQ_SMA_TO_TBILL,NASDAQ100,200,50,LAG1,IMMEDIATE_NEXT_RETURN,25,1986-09-26,1986-09-29,2026-09-02,10059,0.179072006733,-0.9598374582,719.303777,39.9342915811,0.544377303717,0.52038400759,7462,2000-03-27,2003-03-31,2020-08-31,True,6363,7462,2000,-0.777693697689,1999,4.23507200311,-0.866264583246,-0.419440394232,-0.20189083855,-0.0525224673136,240,-0.0421105624735,0.110257113967,0.109572453657,120,0.113409033982,0.159206310298,273,6.83622994652
TQQQ_ALWAYS,NASDAQ100,200,50,LAG1,IMMEDIATE_NEXT_RETURN,50,1986-09-26,1986-09-29,2026-09-02,10059,0.134556919845,-0.99981706341,154.685288161,39.9342915811,0.781928769397,0.515430584344,9655,2000-03-27,2009-03-09,,False,,,2000,-0.917151743783,1999,4.23507200311,-0.991836834068,-0.722752150098,-0.499738961302,-0.185319079707,240,-0.165303460076,-0.0165535665469,0.036056114642,120,0.0396384967503,0.0986541202582,0,0
TQQQ_SMA_TO_NASDAQ,NASDAQ100,200,50,LAG1,IMMEDIATE_NEXT_RETURN,50,1986-09-26,1986-09-29,2026-09-02,10059,0.180800737128,-0.985856017185,762.644271384,39.9342915811,0.575637684385,0.525048660502,7752,2000-03-27,2008-11-20,2021-06-17,True,4592,7752,2000,-0.823760479007,1999,4.23507200311,-0.923396991158,-0.498162984053,-0.271982671314,-0.0745946239502,240,-0.0605547627374,0.0915337944454,0.101742555356,120,0.10555206216,0.157697924976,273,6.83622994652
TQQQ_SMA_TO_TBILL,NASDAQ100,200,50,LAG1,IMMEDIATE_NEXT_RETURN,50,1986-09-26,1986-09-29,2026-09-02,10059,0.159017634296,-0.967341262285,362.568854431,39.9342915811,0.544475094034,0.488866157557,7764,2000-03-27,2009-05-22,2021-06-29,True,4421,7764,2000,-0.785906037242,1999,4.23507200311,-0.871208297436,-0.434105884889,-0.218932567446,-0.0721689689798,240,-0.0619729610858,0.0900069378934,0.0886126705393,120,0.0923767780028,0.138116826711,273,6.83622994652
TQQQ_ALWAYS,NASDAQ100,200,50,LAG2,WAIT_ONE_TRADING_DAY,0,1986-09-26,1986-09-29,2026-09-02,10059,0.134556919845,-0.99981706341,154.685288161,39.9342915811,0.781928769397,0.515430584344,9655,2000-03-27,2009-03-09,,False,,,2000,-0.917151743783,1999,4.23507200311,-0.991836834068,-0.722752150098,-0.499738961302,-0.185319079707,240,-0.165303460076,-0.0165535665469,0.036056114642,120,0.0396384967503,0.0986541202582,0,0
TQQQ_SMA_TO_NASDAQ,NASDAQ100,200,50,LAG2,WAIT_ONE_TRADING_DAY,0,1986-09-26,1986-09-29,2026-09-02,10059,0.217703220651,-0.962452334569,2606.37795504,39.9342915811,0.582331564907,0.580699162042,6475,2000-03-27,2002-10-07,2017-12-18,True,5551,6475,2000,-0.754298224237,1999,4.23507200311,-0.89337409826,-0.40826179476,-0.183688116572,-0.0034126407131,240,0.0117071636159,0.169723613277,0.136816861593,120,0.140747645194,0.223157529963,273,6.83622994652
TQQQ_SMA_TO_TBILL,NASDAQ100,200,50,LAG2,WAIT_ONE_TRADING_DAY,0,1986-09-26,1986-09-29,2026-09-02,10059,0.19564599636,-0.881828910431,1256.04561818,39.9342915811,0.552402854553,0.548418318993,5357,2000-03-27,2003-03-31,2014-11-26,True,4258,5357,2000,-0.660261367153,1999,4.23507200311,-0.795560055245,-0.294084270656,-0.0927031144632,0.0167267698084,240,0.0278996599408,0.182640504286,0.121948418166,120,0.125827790994,0.217312252845,273,6.83622994652
TQQQ_ALWAYS,NASDAQ100,200,50,LAG2,WAIT_ONE_TRADING_DAY,10,1986-09-26,1986-09-29,2026-09-02,10059,0.134556919845,-0.99981706341,154.685288161,39.9342915811,0.781928769397,0.515430584344,9655,2000-03-27,2009-03-09,,False,,,2000,-0.917151743783,1999,4.23507200311,-0.991836834068,-0.722752150098,-0.499738961302,-0.185319079707,240,-0.165303460076,-0.0165535665469,0.036056114642,120,0.0396384967503,0.0986541202582,0,0
TQQQ_SMA_TO_NASDAQ,NASDAQ100,200,50,LAG2,WAIT_ONE_TRADING_DAY,10,1986-09-26,1986-09-29,2026-09-02,10059,0.209402974151,-0.96330649748,1983.42452683,39.9342915811,0.582325091507,0.568949255735,6510,2000-03-27,2002-10-07,2018-01-22,True,5586,6510,2000,-0.757958063647,1999,4.23507200311,-0.894954822497,-0.414267382052,-0.190682733703,-0.0117036282787,240,0.00329038867345,0.160226342044,0.128205903085,120,0.132106912485,0.214134666335,273,6.83622994652
TQQQ_SMA_TO_TBILL,NASDAQ100,200,50,LAG2,WAIT_ONE_TRADING_DAY,10,1986-09-26,1986-09-29,2026-09-02,10059,0.187496098809,-0.886009458694,955.836693257,39.9342915811,0.552401842602,0.536030524512,5506,2000-03-27,2003-03-31,2015-04-24,True,4407,5506,2000,-0.665321928208,1999,4.23507200311,-0.798607351112,-0.301248652635,-0.100477342018,0.00826823486161,240,0.0193481734908,0.173239848218,0.113450082503,120,0.117300070547,0.208332511894,273,6.83622994652
TQQQ_ALWAYS,NASDAQ100,200,50,LAG2,WAIT_ONE_TRADING_DAY,25,1986-09-26,1986-09-29,2026-09-02,10059,0.134556919845,-0.99981706341,154.685288161,39.9342915811,0.781928769397,0.515430584344,9655,2000-03-27,2009-03-09,,False,,,2000,-0.917151743783,1999,4.23507200311,-0.991836834068,-0.722752150098,-0.499738961302,-0.185319079707,240,-0.165303460076,-0.0165535665469,0.036056114642,120,0.0396384967503,0.0986541202582,0,0
TQQQ_SMA_TO_NASDAQ,NASDAQ100,200,50,LAG2,WAIT_ONE_TRADING_DAY,25,1986-09-26,1986-09-29,2026-09-02,10059,0.197043186215,-0.965055201227,1316.01331584,39.9342915811,0.582336884575,0.551303545758,6728,2000-03-27,2008-11-20,2018-08-28,True,3568,6728,2000,-0.763352532795,1999,4.23507200311,-0.897284960406,-0.423172726469,-0.201075358843,-0.0240262753286,240,-0.0092192123956,0.146683477871,0.11539567627,120,0.119252391613,0.200848203339,273,6.83622994652
TQQQ_SMA_TO_TBILL,NASDAQ100,200,50,LAG2,WAIT_ONE_TRADING_DAY,25,1986-09-26,1986-09-29,2026-09-02,10059,0.175360193515,-0.892011925675,634.20301558,39.9342915811,0.55242297013,0.517427531803,6448,2000-03-27,2003-03-31,2017-11-21,True,5349,6448,2000,-0.672781009721,1999,4.23507200311,-0.803098895847,-0.311872307899,-0.112028314892,-0.00430343285405,240,0.00663835473361,0.159392167484,0.100807400821,120,0.104613674131,0.194992366059,273,6.83622994652
TQQQ_ALWAYS,NASDAQ100,200,50,LAG2,WAIT_ONE_TRADING_DAY,50,1986-09-26,1986-09-29,2026-09-02,10059,0.134556919845,-0.99981706341,154.685288161,39.9342915811,0.781928769397,0.515430584344,9655,2000-03-27,2009-03-09,,False,,,2000,-0.917151743783,1999,4.23507200311,-0.991836834068,-0.722752150098,-0.499738961302,-0.185319079707,240,-0.165303460076,-0.0165535665469,0.036056114642,120,0.0396384967503,0.0986541202582,0,0
TQQQ_SMA_TO_NASDAQ,NASDAQ100,200,50,LAG2,WAIT_ONE_TRADING_DAY,50,1986-09-26,1986-09-29,2026-09-02,10059,0.176683149049,-0.971625567509,663.343437915,39.9342915811,0.582413875476,0.521844231113,7420,2000-03-27,2008-11-20,2020-07-20,True,4260,7420,2000,-0.772094657219,1999,4.23507200311,-0.901061656615,-0.437743934845,-0.218134500375,-0.0442636622286,240,-0.0297636324193,0.124255697917,0.0943258926898,120,0.0981097548216,0.179148724989,273,6.83622994652
TQQQ_SMA_TO_TBILL,NASDAQ100,200,50,LAG2,WAIT_ONE_TRADING_DAY,50,1986-09-26,1986-09-29,2026-09-02,10059,0.155368953851,-0.905091703511,319.67336776,39.9342915811,0.552518560386,0.486372538736,6694,2000-03-27,2009-05-22,2018-07-25,True,3351,6694,2000,-0.684868986662,1999,4.23507200311,-0.810377616819,-0.329255071251,-0.130988844925,-0.0249497844462,240,-0.0142348812338,0.137146864638,0.0800131892313,120,0.0837475621779,0.173223559899,273,6.83622994652
TQQQ_ALWAYS,NASDAQ100,200,100,LAG1,IMMEDIATE_NEXT_RETURN,0,1986-09-26,1986-09-29,2026-09-02,10059,0.123086448205,-0.999833067993,103.089611408,39.9342915811,0.781936515809,0.502444942865,9655,2000-03-27,2009-03-09,,False,,,2000,-0.917998932107,1999,4.18255122569,-0.991922297558,-0.725579712986,-0.504822912565,-0.193569656275,240,-0.173755986429,-0.0265087775523,0.0255755451803,120,0.0291207219992,0.087544346258,0,0
TQQQ_SMA_TO_NASDAQ,NASDAQ100,200,100,LAG1,IMMEDIATE_NEXT_RETURN,0,1986-09-26,1986-09-29,2026-09-02,10059,0.21261552623,-0.979549081005,2205.07654657,39.9342915811,0.575549255167,0.57125352918,7408,2000-03-27,2008-11-20,2020-07-08,True,4248,7408,2000,-0.811230519993,1999,4.18255122569,-0.917787459751,-0.474222168185,-0.244177917441,-0.0420096871486,240,-0.0274643840778,0.126484065866,0.135961525287,120,0.13988828084,0.19087726948,273,6.83622994652
TQQQ_SMA_TO_TBILL,NASDAQ100,200,100,LAG1,IMMEDIATE_NEXT_RETURN,0,1986-09-26,1986-09-29,2026-09-02,10059,0.190245512498,-0.956304169753,1048.31584976,39.9342915811,0.544350038442,0.537725557067,7434,2000-03-27,2003-03-31,2020-08-03,True,6335,7434,2000,-0.770684771528,1999,4.18255122569,-0.861712075914,-0.407109138176,-0.189101700976,-0.0394933392289,240,-0.0289325360781,0.123419981502,0.122423839999,120,0.126303798913,0.171527459634,273,6.83622994652
TQQQ_ALWAYS,NASDAQ100,200,100,LAG1,IMMEDIATE_NEXT_RETURN,10,1986-09-26,1986-09-29,2026-09-02,10059,0.123086448205,-0.999833067993,103.089611408,39.9342915811,0.781936515809,0.502444942865,9655,2000-03-27,2009-03-09,,False,,,2000,-0.917998932107,1999,4.18255122569,-0.991922297558,-0.725579712986,-0.504822912565,-0.193569656275,240,-0.173755986429,-0.0265087775523,0.0255755451803,120,0.0291207219992,0.087544346258,0,0
TQQQ_SMA_TO_NASDAQ,NASDAQ100,200,100,LAG1,IMMEDIATE_NEXT_RETURN,10,1986-09-26,1986-09-29,2026-09-02,10059,0.204349959048,-0.98117875486,1678.03863502,39.9342915811,0.575542825661,0.559365060893,7449,2000-03-27,2008-11-20,2020-08-18,True,4289,7449,2000,-0.814042327031,1999,4.18255122569,-0.919006256992,-0.479558319607,-0.250654224099,-0.0499795712714,240,-0.035555276084,0.117532835497,0.127357045629,120,0.131254057491,0.182363697184,273,6.83622994652
TQQQ_SMA_TO_TBILL,NASDAQ100,200,100,LAG1,IMMEDIATE_NEXT_RETURN,10,1986-09-26,1986-09-29,2026-09-02,10059,0.182132426336,-0.957850000699,797.756658534,39.9342915811,0.544349173165,0.525154012574,7456,2000-03-27,2003-03-31,2020-08-25,True,6357,7456,2000,-0.774100525882,1999,4.18255122569,-0.863773337573,-0.413126423851,-0.196049931484,-0.0474841578028,240,-0.0370112139719,0.114810625582,0.113921903195,120,0.117772472886,0.162982789712,273,6.83622994652
TQQQ_ALWAYS,NASDAQ100,200,100,LAG1,IMMEDIATE_NEXT_RETURN,25,1986-09-26,1986-09-29,2026-09-02,10059,0.123086448205,-0.999833067993,103.089611408,39.9342915811,0.781936515809,0.502444942865,9655,2000-03-27,2009-03-09,,False,,,2000,-0.917998932107,1999,4.18255122569,-0.991922297558,-0.725579712986,-0.504822912565,-0.193569656275,240,-0.173755986429,-0.0265087775523,0.0255755451803,120,0.0291207219992,0.087544346258,0,0
TQQQ_SMA_TO_NASDAQ,NASDAQ100,200,100,LAG1,IMMEDIATE_NEXT_RETURN,25,1986-09-26,1986-09-29,2026-09-02,10059,0.192041811629,-0.983385629527,1113.38806105,39.9342915811,0.575554936777,0.54151138085,7464,2000-03-27,2008-11-20,2020-09-02,True,4304,7464,2000,-0.818186827545,1999,4.18255122569,-0.920802880078,-0.48747099558,-0.260276741836,-0.0618249718703,240,-0.0475805270836,0.104717328285,0.114556457175,120,0.118409220371,0.16969985005,273,6.83622994652
TQQQ_SMA_TO_TBILL,NASDAQ100,200,100,LAG1,IMMEDIATE_NEXT_RETURN,25,1986-09-26,1986-09-29,2026-09-02,10059,0.170051336398,-0.96136551553,529.316024495,39.9342915811,0.544370854791,0.506275235257,7592,2000-03-27,2009-05-22,2021-01-08,True,4249,7592,2000,-0.779135222604,1999,4.18255122569,-0.866811522689,-0.422049115134,-0.20637363523,-0.0593606726507,240,-0.0490183115014,0.102378599343,0.10127386422,120,0.105080712573,0.150266678886,273,6.83622994652
TQQQ_ALWAYS,NASDAQ100,200,100,LAG1,IMMEDIATE_NEXT_RETURN,50,1986-09-26,1986-09-29,2026-09-02,10059,0.123086448205,-0.999833067993,103.089611408,39.9342915811,0.781936515809,0.502444942865,9655,2000-03-27,2009-03-09,,False,,,2000,-0.917998932107,1999,4.18255122569,-0.991922297558,-0.725579712986,-0.504822912565,-0.193569656275,240,-0.173755986429,-0.0265087775523,0.0255755451803,120,0.0291207219992,0.087544346258,0,0
TQQQ_SMA_TO_NASDAQ,NASDAQ100,200,100,LAG1,IMMEDIATE_NEXT_RETURN,50,1986-09-26,1986-09-29,2026-09-02,10059,0.171766840878,-0.986509484962,561.20911184,39.9342915811,0.575633130045,0.511705317806,7787,2000-03-27,2008-11-20,2021-07-22,True,4627,7787,2000,-0.824903288086,1999,4.18255122569,-0.923714853473,-0.500417968209,-0.276071778195,-0.0812785806552,240,-0.0673295027755,0.0835530137382,0.0935025264132,120,0.0972825110534,0.148852742939,273,6.83622994652
TQQQ_SMA_TO_TBILL,NASDAQ100,200,100,LAG1,IMMEDIATE_NEXT_RETURN,50,1986-09-26,1986-09-29,2026-09-02,10059,0.150150392999,-0.968864898148,266.804527892,39.9342915811,0.544468258895,0.474760481785,7820,2000-03-27,2009-05-22,2021-08-24,True,4477,7820,2000,-0.787294309991,1999,4.18255122569,-0.871735018508,-0.436648707007,-0.223319644632,-0.0788653801235,240,-0.0687374738911,0.0821435697524,0.0804708411537,120,0.0842057782801,0.129339834606,273,6.83622994652
TQQQ_ALWAYS,NASDAQ100,200,100,LAG2,WAIT_ONE_TRADING_DAY,0,1986-09-26,1986-09-29,2026-09-02,10059,0.123086448205,-0.999833067993,103.089611408,39.9342915811,0.781936515809,0.502444942865,9655,2000-03-27,2009-03-09,,False,,,2000,-0.917998932107,1999,4.18255122569,-0.991922297558,-0.725579712986,-0.504822912565,-0.193569656275,240,-0.173755986429,-0.0265087775523,0.0255755451803,120,0.0291207219992,0.087544346258,0,0
TQQQ_SMA_TO_NASDAQ,NASDAQ100,200,100,LAG2,WAIT_ONE_TRADING_DAY,0,1986-09-26,1986-09-29,2026-09-02,10059,0.208359096333,-0.962636036323,1916.19480676,39.9342915811,0.582328938737,0.567469741687,6505,2000-03-27,2002-10-07,2018-01-17,True,5581,6505,2000,-0.75592133705,1999,4.18255122569,-0.893829476107,-0.410962290757,-0.188315368539,-0.0106506493223,240,0.00437078247657,0.1611131518,0.128283696071,120,0.132183911149,0.213670485251,273,6.83622994652
TQQQ_SMA_TO_TBILL,NASDAQ100,200,100,LAG2,WAIT_ONE_TRADING_DAY,0,1986-09-26,1986-09-29,2026-09-02,10059,0.186471129578,-0.882523036346,923.437863631,39.9342915811,0.552398136378,0.534473800235,5449,2000-03-27,2003-03-31,2015-02-26,True,4350,5449,2000,-0.662505690077,1999,4.18255122569,-0.796421096748,-0.297305834829,-0.0978461135826,0.00934804332791,240,0.0204458591282,0.173994303214,0.113526858033,120,0.117376062144,0.207870570132,273,6.83622994652
TQQQ_ALWAYS,NASDAQ100,200,100,LAG2,WAIT_ONE_TRADING_DAY,10,1986-09-26,1986-09-29,2026-09-02,10059,0.123086448205,-0.999833067993,103.089611408,39.9342915811,0.781936515809,0.502444942865,9655,2000-03-27,2009-03-09,,False,,,2000,-0.917998932107,1999,4.18255122569,-0.991922297558,-0.725579712986,-0.504822912565,-0.193569656275,240,-0.173755986429,-0.0265087775523,0.0255755451803,120,0.0291207219992,0.087544346258,0,0
TQQQ_SMA_TO_NASDAQ,NASDAQ100,200,100,LAG2,WAIT_ONE_TRADING_DAY,10,1986-09-26,1986-09-29,2026-09-02,10059,0.200122542311,-0.963486020247,1458.20285603,39.9342915811,0.582322362651,0.555719998842,6681,2000-03-27,2002-10-07,2018-07-12,True,5757,6681,2000,-0.759556999458,1999,4.18255122569,-0.895403449387,-0.416940470551,-0.195270336784,-0.0188814211539,240,-0.00398495833347,0.151689784827,0.11973737307,120,0.123608045491,0.204717604686,273,6.83622994652
TQQQ_SMA_TO_TBILL,NASDAQ100,200,100,LAG2,WAIT_ONE_TRADING_DAY,10,1986-09-26,1986-09-29,2026-09-02,10059,0.178383770791,-0.88667902846,702.725905195,39.9342915811,0.552397016378,0.522086257617,6423,2000-03-27,2003-03-31,2017-10-27,True,5324,6423,2000,-0.667532820923,1999,4.18255122569,-0.799455558293,-0.304437520956,-0.105576273042,0.000950894800389,240,0.0119563836693,0.164434224278,0.105092312509,120,0.108912360352,0.198960878833,273,6.83622994652
TQQQ_ALWAYS,NASDAQ100,200,100,LAG2,WAIT_ONE_TRADING_DAY,25,1986-09-26,1986-09-29,2026-09-02,10059,0.123086448205,-0.999833067993,103.089611408,39.9342915811,0.781936515809,0.502444942865,9655,2000-03-27,2009-03-09,,False,,,2000,-0.917998932107,1999,4.18255122569,-0.991922297558,-0.725579712986,-0.504822912565,-0.193569656275,240,-0.173755986429,-0.0265087775523,0.0255755451803,120,0.0291207219992,0.087544346258,0,0
TQQQ_SMA_TO_NASDAQ,NASDAQ100,200,100,LAG2,WAIT_ONE_TRADING_DAY,25,1986-09-26,1986-09-29,2026-09-02,10059,0.187857598006,-0.966687966072,967.525786723,39.9342915811,0.582334000855,0.538075015424,7220,2000-03-27,2008-11-20,2020-01-02,True,4060,7220,2000,-0.764915832591,1999,4.18255122569,-0.897723635744,-0.425805173943,-0.205604051481,-0.0311145713578,240,-0.0164038461955,0.13826776301,0.107023302275,120,0.110850025102,0.191587871606,273,6.83622994652
TQQQ_SMA_TO_TBILL,NASDAQ100,200,100,LAG2,WAIT_ONE_TRADING_DAY,25,1986-09-26,1986-09-29,2026-09-02,10059,0.166340991151,-0.892646237513,466.262585801,39.9342915811,0.55241798105,0.503484205725,6496,2000-03-27,2003-03-31,2018-01-08,True,5397,6496,2000,-0.674942627535,1999,4.18255122569,-0.80392818595,-0.315012693397,-0.117061769396,-0.0115295361148,240,-0.000661270004997,0.150747361359,0.0925445292215,120,0.0963212022875,0.185734066253,273,6.83622994652
TQQQ_ALWAYS,NASDAQ100,200,100,LAG2,WAIT_ONE_TRADING_DAY,50,1986-09-26,1986-09-29,2026-09-02,10059,0.123086448205,-0.999833067993,103.089611408,39.9342915811,0.781936515809,0.502444942865,9655,2000-03-27,2009-03-09,,False,,,2000,-0.917998932107,1999,4.18255122569,-0.991922297558,-0.725579712986,-0.504822912565,-0.193569656275,240,-0.173755986429,-0.0265087775523,0.0255755451803,120,0.0291207219992,0.087544346258,0,0
TQQQ_SMA_TO_NASDAQ,NASDAQ100,200,100,LAG2,WAIT_ONE_TRADING_DAY,50,1986-09-26,1986-09-29,2026-09-02,10059,0.1676537949,-0.972951337795,487.686464803,39.9342915811,0.582410731477,0.508618194503,7451,2000-03-27,2008-11-20,2020-08-20,True,4291,7451,2000,-0.773600206297,1999,4.18255122569,-0.901484202441,-0.440309884179,-0.222566493518,-0.0512049782873,240,-0.0367992886287,0.116165778129,0.0861116725344,120,0.0898661087067,0.170055746316,273,6.83622994652
TQQQ_SMA_TO_TBILL,NASDAQ100,200,100,LAG2,WAIT_ONE_TRADING_DAY,50,1986-09-26,1986-09-29,2026-09-02,10059,0.146503155556,-0.909566520806,235.022110273,39.9342915811,0.552513297849,0.472432280882,7231,2000-03-27,2009-05-22,2020-01-13,True,3888,7231,2000,-0.686950750962,1999,4.18255122569,-0.811176251069,-0.332316127609,-0.135914821942,-0.0320260502228,240,-0.0213831439774,0.128616234899,0.0719064029746,120,0.0756117348244,0.164070343195,273,6.83622994652
TQQQ_ALWAYS,NASDAQ100,250,0,LAG1,IMMEDIATE_NEXT_RETURN,0,1986-09-26,1986-09-29,2026-09-02,10059,0.14614389832,-0.999799525426,232.099047245,39.9342915811,0.781921213919,0.528416373497,9655,2000-03-27,2009-03-09,,False,,,2000,-0.916295851152,1999,4.2881220955,-0.991750471878,-0.719895616286,-0.494603104244,-0.176984558461,240,-0.156764942104,-0.00649711272352,0.0466431972192,120,0.0502631724139,0.109876759579,0,0
TQQQ_SMA_TO_NASDAQ,NASDAQ100,250,0,LAG1,IMMEDIATE_NEXT_RETURN,0,1986-09-26,1986-09-29,2026-09-02,10059,0.240958796128,-0.959690348096,5547.96639604,39.9342915811,0.587037691964,0.612786166516,6241,2000-03-27,2008-11-20,2017-04-28,True,3081,6241,2000,-0.799267763056,1999,4.2881220955,-0.913007016031,-0.410920535337,-0.191674620597,0.0179813606613,240,0.0334139759347,0.198017750371,0.165935085999,120,0.169967650392,0.252090748937,237,5.93474907445
TQQQ_SMA_TO_TBILL,NASDAQ100,250,0,LAG1,IMMEDIATE_NEXT_RETURN,0,1986-09-26,1986-09-29,2026-09-02,10059,0.226690872185,-0.885977141439,3496.02639249,39.9342915811,0.557971701038,0.594256511314,5203,2000-03-27,2003-04-09,2014-06-25,True,4095,5203,2000,-0.741568027976,1999,4.2881220955,-0.844890540062,-0.29842776706,-0.107538530609,0.0460838723002,240,0.0575731403056,0.217209941415,0.162713042019,120,0.166734462482,0.25886002538,237,5.93474907445
TQQQ_ALWAYS,NASDAQ100,250,0,LAG1,IMMEDIATE_NEXT_RETURN,10,1986-09-26,1986-09-29,2026-09-02,10059,0.14614389832,-0.999799525426,232.099047245,39.9342915811,0.781921213919,0.528416373497,9655,2000-03-27,2009-03-09,,False,,,2000,-0.916295851152,1999,4.2881220955,-0.991750471878,-0.719895616286,-0.494603104244,-0.176984558461,240,-0.156764942104,-0.00649711272352,0.0466431972192,120,0.0502631724139,0.109876759579,0,0
TQQQ_SMA_TO_NASDAQ,NASDAQ100,250,0,LAG1,IMMEDIATE_NEXT_RETURN,10,1986-09-26,1986-09-29,2026-09-02,10059,0.233612164913,-0.961695575006,4376.77812769,39.9342915811,0.587038389405,0.602662595489,6268,2000-03-27,2008-11-20,2017-05-25,True,3108,6268,2000,-0.800668680357,1999,4.2881220955,-0.913611258166,-0.414327611471,-0.195869667845,0.0120405925197,240,0.0273831456439,0.191801853285,0.158725385013,120,0.162733013556,0.245423063152,237,5.93474907445
TQQQ_SMA_TO_TBILL,NASDAQ100,250,0,LAG1,IMMEDIATE_NEXT_RETURN,10,1986-09-26,1986-09-29,2026-09-02,10059,0.219428708864,-0.887447097308,2758.00730505,39.9342915811,0.557971163724,0.583603979508,5211,2000-03-27,2003-04-10,2014-07-03,True,4102,5211,2000,-0.743371633745,1999,4.2881220955,-0.845973793259,-0.302485470909,-0.112170227357,0.0399791026234,240,0.0514013211917,0.210651974729,0.155523264933,120,0.159519818455,0.252077736738,237,5.93474907445
TQQQ_ALWAYS,NASDAQ100,250,0,LAG1,IMMEDIATE_NEXT_RETURN,25,1986-09-26,1986-09-29,2026-09-02,10059,0.14614389832,-0.999799525426,232.099047245,39.9342915811,0.781921213919,0.528416373497,9655,2000-03-27,2009-03-09,,False,,,2000,-0.916295851152,1999,4.2881220955,-0.991750471878,-0.719895616286,-0.494603104244,-0.176984558461,240,-0.156764942104,-0.00649711272352,0.0466431972192,120,0.0502631724139,0.109876759579,0,0
TQQQ_SMA_TO_NASDAQ,NASDAQ100,250,0,LAG1,IMMEDIATE_NEXT_RETURN,25,1986-09-26,1986-09-29,2026-09-02,10059,0.222660049669,-0.964521343139,3065.43530505,39.9342915811,0.587058008447,0.587458704402,6412,2000-03-27,2008-11-20,2017-10-16,True,3252,6412,2000,-0.802754340598,1999,4.2881220955,-0.914510880444,-0.419407639445,-0.202129251102,0.00318335256104,240,0.0183916297722,0.182526960389,0.14798096273,120,0.151951430049,0.23548253841,237,5.93474907445
TQQQ_SMA_TO_TBILL,NASDAQ100,250,0,LAG1,IMMEDIATE_NEXT_RETURN,25,1986-09-26,1986-09-29,2026-09-02,10059,0.208602515567,-0.889624391849,1931.67044749,39.9342915811,0.557989903296,0.567605266844,5268,2000-03-27,2003-04-10,2014-08-29,True,4159,5268,2000,-0.746056809267,1999,4.2881220955,-0.84758651128,-0.308535599598,-0.119081351285,0.0308773486701,240,0.0421996015537,0.200727035531,0.144808534699,120,0.148768029692,0.241960152582,237,5.93474907445
TQQQ_ALWAYS,NASDAQ100,250,0,LAG1,IMMEDIATE_NEXT_RETURN,50,1986-09-26,1986-09-29,2026-09-02,10059,0.14614389832,-0.999799525426,232.099047245,39.9342915811,0.781921213919,0.528416373497,9655,2000-03-27,2009-03-09,,False,,,2000,-0.916295851152,1999,4.2881220955,-0.991750471878,-0.719895616286,-0.494603104244,-0.176984558461,240,-0.156764942104,-0.00649711272352,0.0466431972192,120,0.0502631724139,0.109876759579,0,0
TQQQ_SMA_TO_NASDAQ,NASDAQ100,250,0,LAG1,IMMEDIATE_NEXT_RETURN,50,1986-09-26,1986-09-29,2026-09-02,10059,0.204586224204,-0.968783359294,1691.23500342,39.9342915811,0.587140227448,0.562073750348,6497,2000-03-27,2008-11-20,2018-01-09,True,3337,6497,2000,-0.806188880751,1999,4.2881220955,-0.91599242352,-0.427793304923,-0.212474391708,-0.0114358690797,240,0.00355078047518,0.166829657148,0.130259296949,120,0.134168471182,0.219058333817,237,5.93474907445
TQQQ_SMA_TO_TBILL,NASDAQ100,250,0,LAG1,IMMEDIATE_NEXT_RETURN,50,1986-09-26,1986-09-29,2026-09-02,10059,0.190736493913,-0.898359989476,1065.72422862,39.9342915811,0.558073249698,0.540892636461,5442,2000-03-27,2009-07-07,2015-02-19,True,2053,5442,2000,-0.750478595215,1999,4.2881220955,-0.850242213047,-0.318522622414,-0.130503285598,0.0158545470994,240,0.0270118027031,0.184760713004,0.127135842473,120,0.131034213763,0.225245599619,237,5.93474907445
TQQQ_ALWAYS,NASDAQ100,250,0,LAG2,WAIT_ONE_TRADING_DAY,0,1986-09-26,1986-09-29,2026-09-02,10059,0.14614389832,-0.999799525426,232.099047245,39.9342915811,0.781921213919,0.528416373497,9655,2000-03-27,2009-03-09,,False,,,2000,-0.916295851152,1999,4.2881220955,-0.991750471878,-0.719895616286,-0.494603104244,-0.176984558461,240,-0.156764942104,-0.00649711272352,0.0466431972192,120,0.0502631724139,0.109876759579,0,0
TQQQ_SMA_TO_NASDAQ,NASDAQ100,250,0,LAG2,WAIT_ONE_TRADING_DAY,0,1986-09-26,1986-09-29,2026-09-02,10059,0.226997944566,-0.939631511094,3531.14556095,39.9342915811,0.59358789042,0.593621369891,5443,2000-03-27,2002-10-07,2015-02-20,True,4519,5443,2000,-0.704442261249,1999,4.2881220955,-0.872147793183,-0.341086986823,-0.138401970261,0.0213347816795,240,0.0368182348744,0.211015749231,0.151490869468,120,0.155473476335,0.25358490374,237,5.93474907445
TQQQ_SMA_TO_TBILL,NASDAQ100,250,0,LAG2,WAIT_ONE_TRADING_DAY,0,1986-09-26,1986-09-29,2026-09-02,10059,0.20785906605,-0.890818184552,1884.7830945,39.9342915811,0.565719282733,0.566606223544,3671,1987-10-05,1990-08-03,1997-05-27,True,2489,3522,2000,-0.532689510103,1999,4.2881220955,-0.836022912667,-0.311359351768,-0.0331311866936,0.0534334059148,240,0.0650033947531,0.222525490607,0.142762550943,120,0.146714969589,0.259922744962,237,5.93474907445
TQQQ_ALWAYS,NASDAQ100,250,0,LAG2,WAIT_ONE_TRADING_DAY,10,1986-09-26,1986-09-29,2026-09-02,10059,0.14614389832,-0.999799525426,232.099047245,39.9342915811,0.781921213919,0.528416373497,9655,2000-03-27,2009-03-09,,False,,,2000,-0.916295851152,1999,4.2881220955,-0.991750471878,-0.719895616286,-0.494603104244,-0.176984558461,240,-0.156764942104,-0.00649711272352,0.0466431972192,120,0.0502631724139,0.109876759579,0,0
TQQQ_SMA_TO_NASDAQ,NASDAQ100,250,0,LAG2,WAIT_ONE_TRADING_DAY,10,1986-09-26,1986-09-29,2026-09-02,10059,0.219733963338,-0.940052824889,2785.71273753,39.9342915811,0.593601254828,0.583613300026,5589,2000-03-27,2002-10-07,2015-07-16,True,4665,5589,2000,-0.706504969041,1999,4.2881220955,-0.87303583825,-0.344897961295,-0.142873491922,0.0153744435364,240,0.0307675379005,0.204391058814,0.144370486047,120,0.148328465981,0.246934311543,237,5.93474907445
TQQQ_SMA_TO_TBILL,NASDAQ100,250,0,LAG2,WAIT_ONE_TRADING_DAY,10,1986-09-26,1986-09-29,2026-09-02,10059,0.200708389376,-0.894931359853,1486.90111557,39.9342915811,0.565745798319,0.556103976007,3945,1987-10-05,1990-08-06,1997-07-14,True,2534,3570,2000,-0.535950886352,1999,4.2881220955,-0.839264894244,-0.318893559926,-0.0404541871601,0.047285745595,240,0.0587882139229,0.215751539615,0.135696140138,120,0.139624118524,0.253155634306,237,5.93474907445
TQQQ_ALWAYS,NASDAQ100,250,0,LAG2,WAIT_ONE_TRADING_DAY,25,1986-09-26,1986-09-29,2026-09-02,10059,0.14614389832,-0.999799525426,232.099047245,39.9342915811,0.781921213919,0.528416373497,9655,2000-03-27,2009-03-09,,False,,,2000,-0.916295851152,1999,4.2881220955,-0.991750471878,-0.719895616286,-0.494603104244,-0.176984558461,240,-0.156764942104,-0.00649711272352,0.0466431972192,120,0.0502631724139,0.109876759579,0,0
TQQQ_SMA_TO_NASDAQ,NASDAQ100,250,0,LAG2,WAIT_ONE_TRADING_DAY,25,1986-09-26,1986-09-29,2026-09-02,10059,0.208905059966,-0.940680069218,1951.07495199,39.9342915811,0.593639614424,0.568584504577,6268,2000-03-27,2002-10-07,2017-05-25,True,5344,6268,2000,-0.709575890953,1999,4.2881220955,-0.874357998824,-0.350580210873,-0.149545612752,0.00648802617255,240,0.0217464022936,0.194568157995,0.133759171314,120,0.137680450397,0.23701216582,237,5.93474907445
TQQQ_SMA_TO_TBILL,NASDAQ100,250,0,LAG2,WAIT_ONE_TRADING_DAY,25,1986-09-26,1986-09-29,2026-09-02,10059,0.190048396691,-0.900911708426,1041.40512537,39.9342915811,0.565804737739,0.540334151484,3978,1987-10-05,1990-08-06,1997-07-15,True,2535,3571,2000,-0.540806364097,1999,4.2881220955,-0.844013932928,-0.330054443486,-0.0513483725434,0.0381200449082,240,0.0495218452165,0.205518931958,0.125165259334,120,0.129056815061,0.243165539974,237,5.93474907445
TQQQ_ALWAYS,NASDAQ100,250,0,LAG2,WAIT_ONE_TRADING_DAY,50,1986-09-26,1986-09-29,2026-09-02,10059,0.14614389832,-0.999799525426,232.099047245,39.9342915811,0.781921213919,0.528416373497,9655,2000-03-27,2009-03-09,,False,,,2000,-0.916295851152,1999,4.2881220955,-0.991750471878,-0.719895616286,-0.494603104244,-0.176984558461,240,-0.156764942104,-0.00649711272352,0.0466431972192,120,0.0502631724139,0.109876759579,0,0
TQQQ_SMA_TO_NASDAQ,NASDAQ100,250,0,LAG2,WAIT_ONE_TRADING_DAY,50,1986-09-26,1986-09-29,2026-09-02,10059,0.191034565985,-0.941712977545,1076.42991116,39.9342915811,0.593752369687,0.543496146837,6435,2000-03-27,2002-10-07,2017-11-08,True,5511,6435,2000,-0.714632900911,1999,4.2881220955,-0.876535399152,-0.359959971056,-0.160572549418,-0.00817935391881,240,0.00685666446297,0.178342088025,0.11625705084,120,0.120117796169,0.220617778179,237,5.93474907445
TQQQ_SMA_TO_TBILL,NASDAQ100,250,0,LAG2,WAIT_ONE_TRADING_DAY,50,1986-09-26,1986-09-29,2026-09-02,10059,0.172456649072,-0.910149764509,574.554875735,39.9342915811,0.565954060074,0.514012017879,5076,1987-10-05,1990-08-06,1997-08-05,True,2556,3592,2000,-0.548802073534,1999,4.2881220955,-0.851634132301,-0.348287017585,-0.0692667474881,0.0229916967478,240,0.0342273405452,0.188622088534,0.107795805203,120,0.111627286023,0.226843613313,237,5.93474907445
TQQQ_ALWAYS,NASDAQ100,250,50,LAG1,IMMEDIATE_NEXT_RETURN,0,1986-09-26,1986-09-29,2026-09-02,10059,0.134556919845,-0.99981706341,154.685288161,39.9342915811,0.781928769397,0.515430584344,9655,2000-03-27,2009-03-09,,False,,,2000,-0.917151743783,1999,4.23507200311,-0.991836834068,-0.722752150098,-0.499738961302,-0.185319079707,240,-0.165303460076,-0.0165535665469,0.036056114642,120,0.0396384967503,0.0986541202582,0,0
TQQQ_SMA_TO_NASDAQ,NASDAQ100,250,50,LAG1,IMMEDIATE_NEXT_RETURN,0,1986-09-26,1986-09-29,2026-09-02,10059,0.231204938813,-0.961593748378,4048.35410946,39.9342915811,0.58703403879,0.599341492508,6275,2000-03-27,2008-11-20,2017-06-01,True,3115,6275,2000,-0.800767713181,1999,4.23507200311,-0.913453741611,-0.413622324732,-0.196241704857,0.01045749308,240,0.0257877292461,0.189038011615,0.156960228678,120,0.160960662211,0.242281449687,237,5.93474907445
TQQQ_SMA_TO_TBILL,NASDAQ100,250,50,LAG1,IMMEDIATE_NEXT_RETURN,0,1986-09-26,1986-09-29,2026-09-02,10059,0.217049159847,-0.886621677766,2551.05236811,39.9342915811,0.557966276412,0.580112963343,5226,2000-03-27,2003-04-09,2014-07-18,True,4118,5226,2000,-0.743499133186,1999,4.23507200311,-0.845678634611,-0.301645500035,-0.112580988552,0.0383580096088,240,0.0497686071301,0.208007497927,0.153762986581,120,0.157752364976,0.248951925012,237,5.93474907445
TQQQ_ALWAYS,NASDAQ100,250,50,LAG1,IMMEDIATE_NEXT_RETURN,10,1986-09-26,1986-09-29,2026-09-02,10059,0.134556919845,-0.99981706341,154.685288161,39.9342915811,0.781928769397,0.515430584344,9655,2000-03-27,2009-03-09,,False,,,2000,-0.917151743783,1999,4.23507200311,-0.991836834068,-0.722752150098,-0.499738961302,-0.185319079707,240,-0.165303460076,-0.0165535665469,0.036056114642,120,0.0396384967503,0.0986541202582,0,0
TQQQ_SMA_TO_NASDAQ,NASDAQ100,250,50,LAG1,IMMEDIATE_NEXT_RETURN,10,1986-09-26,1986-09-29,2026-09-02,10059,0.223916051653,-0.963504289542,3193.73739034,39.9342915811,0.587034612014,0.589218201672,6401,2000-03-27,2008-11-20,2017-10-05,True,3241,6401,2000,-0.802158162277,1999,4.23507200311,-0.914054880846,-0.417013774448,-0.20041304985,0.00456063296509,240,0.0198014044494,0.182868706951,0.14980602481,120,0.153781721178,0.235656955934,237,5.93474907445
TQQQ_SMA_TO_TBILL,NASDAQ100,250,50,LAG1,IMMEDIATE_NEXT_RETURN,10,1986-09-26,1986-09-29,2026-09-02,10059,0.209844076668,-0.888083324424,2012.5194369,39.9342915811,0.557965608336,0.56946066217,5260,2000-03-27,2003-04-10,2014-08-21,True,4151,5260,2000,-0.745289261704,1999,4.23507200311,-0.846756383915,-0.305684593388,-0.11718651595,0.0322983267683,240,0.0436423339602,0.201198580218,0.146628553248,120,0.150593262838,0.24222332397,237,5.93474907445
TQQQ_ALWAYS,NASDAQ100,250,50,LAG1,IMMEDIATE_NEXT_RETURN,25,1986-09-26,1986-09-29,2026-09-02,10059,0.134556919845,-0.99981706341,154.685288161,39.9342915811,0.781928769397,0.515430584344,9655,2000-03-27,2009-03-09,,False,,,2000,-0.917151743783,1999,4.23507200311,-0.991836834068,-0.722752150098,-0.499738961302,-0.185319079707,240,-0.165303460076,-0.0165535665469,0.036056114642,120,0.0396384967503,0.0986541202582,0,0
TQQQ_SMA_TO_NASDAQ,NASDAQ100,250,50,LAG1,IMMEDIATE_NEXT_RETURN,25,1986-09-26,1986-09-29,2026-09-02,10059,0.21305001934,-0.96619662641,2236.84981642,39.9342915811,0.587054044153,0.574015148586,6449,2000-03-27,2008-11-20,2017-11-22,True,3289,6449,2000,-0.804228237646,1999,4.23507200311,-0.914949883393,-0.422070503077,-0.206637266106,-0.00423114341713,240,0.010876242933,0.173663335744,0.139144308382,120,0.14308313962,0.225794373592,237,5.93474907445
TQQQ_SMA_TO_TBILL,NASDAQ100,250,50,LAG1,IMMEDIATE_NEXT_RETURN,25,1986-09-26,1986-09-29,2026-09-02,10059,0.199102976563,-0.890248311386,1409.5409806,39.9342915811,0.557984151224,0.553462781826,5349,2000-03-27,2003-04-10,2014-11-18,True,4240,5349,2000,-0.74795437254,1999,4.23507200311,-0.848360907888,-0.311706973404,-0.124058591636,0.023263793908,240,0.0345085199104,0.191696590012,0.135996300311,120,0.139924246649,0.232185826028,237,5.93474907445
TQQQ_ALWAYS,NASDAQ100,250,50,LAG1,IMMEDIATE_NEXT_RETURN,50,1986-09-26,1986-09-29,2026-09-02,10059,0.134556919845,-0.99981706341,154.685288161,39.9342915811,0.781928769397,0.515430584344,9655,2000-03-27,2009-03-09,,False,,,2000,-0.917151743783,1999,4.23507200311,-0.991836834068,-0.722752150098,-0.499738961302,-0.185319079707,240,-0.165303460076,-0.0165535665469,0.036056114642,120,0.0396384967503,0.0986541202582,0,0
TQQQ_SMA_TO_NASDAQ,NASDAQ100,250,50,LAG1,IMMEDIATE_NEXT_RETURN,50,1986-09-26,1986-09-29,2026-09-02,10059,0.195118252994,-0.970257392432,1234.09510574,39.9342915811,0.587135950159,0.548632704303,6514,2000-03-27,2008-11-20,2018-01-26,True,3354,6514,2000,-0.807637113565,1999,4.23507200311,-0.916423818462,-0.430417708035,-0.216923956081,-0.0187423148597,240,-0.00385508590039,0.158084273566,0.121559056217,120,0.125437082744,0.209498949241,237,5.93474907445
TQQQ_SMA_TO_TBILL,NASDAQ100,250,50,LAG1,IMMEDIATE_NEXT_RETURN,50,1986-09-26,1986-09-29,2026-09-02,10059,0.181377380703,-0.903257683628,777.659551718,39.9342915811,0.558067168445,0.526752834724,5589,2000-03-27,2009-07-07,2015-07-16,True,2200,5589,2000,-0.752343117167,1999,4.23507200311,-0.851003116319,-0.321648191139,-0.135415991372,0.00835194338553,240,0.0194328018942,0.175503250575,0.118459644725,120,0.122326954384,0.215603569706,237,5.93474907445
TQQQ_ALWAYS,NASDAQ100,250,50,LAG2,WAIT_ONE_TRADING_DAY,0,1986-09-26,1986-09-29,2026-09-02,10059,0.134556919845,-0.99981706341,154.685288161,39.9342915811,0.781928769397,0.515430584344,9655,2000-03-27,2009-03-09,,False,,,2000,-0.917151743783,1999,4.23507200311,-0.991836834068,-0.722752150098,-0.499738961302,-0.185319079707,240,-0.165303460076,-0.0165535665469,0.036056114642,120,0.0396384967503,0.0986541202582,0,0
TQQQ_SMA_TO_NASDAQ,NASDAQ100,250,50,LAG2,WAIT_ONE_TRADING_DAY,0,1986-09-26,1986-09-29,2026-09-02,10059,0.217339628507,-0.939946295227,2575.47968237,39.9342915811,0.593585131678,0.580306452036,5590,2000-03-27,2002-10-07,2015-07-17,True,4666,5590,2000,-0.706691165199,1999,4.23507200311,-0.872821764064,-0.344126143768,-0.143283283115,0.0137601542431,240,0.0291404969956,0.201831723542,0.142616209518,120,0.146567045585,0.243650307384,237,5.93474907445
TQQQ_SMA_TO_TBILL,NASDAQ100,250,50,LAG2,WAIT_ONE_TRADING_DAY,0,1986-09-26,1986-09-29,2026-09-02,10059,0.198351401701,-0.89292360034,1374.68718912,39.9342915811,0.565714622635,0.552636869053,3949,1987-10-05,1990-08-03,1997-07-14,True,2537,3570,2000,-0.536245283711,1999,4.23507200311,-0.836727989265,-0.316108378326,-0.0409322332071,0.0456264718558,240,0.0571169430783,0.212869736841,0.133955161052,120,0.137876049721,0.249976686995,237,5.93474907445
TQQQ_ALWAYS,NASDAQ100,250,50,LAG2,WAIT_ONE_TRADING_DAY,10,1986-09-26,1986-09-29,2026-09-02,10059,0.134556919845,-0.99981706341,154.685288161,39.9342915811,0.781928769397,0.515430584344,9655,2000-03-27,2009-03-09,,False,,,2000,-0.917151743783,1999,4.23507200311,-0.991836834068,-0.722752150098,-0.499738961302,-0.185319079707,240,-0.165303460076,-0.0165535665469,0.036056114642,120,0.0396384967503,0.0986541202582,0,0
TQQQ_SMA_TO_NASDAQ,NASDAQ100,250,50,LAG2,WAIT_ONE_TRADING_DAY,10,1986-09-26,1986-09-29,2026-09-02,10059,0.210132825718,-0.940365412133,2031.79008981,39.9342915811,0.593598375352,0.570298956934,6259,2000-03-27,2002-10-07,2017-05-16,True,5335,6259,2000,-0.708738177813,1999,4.23507200311,-0.873705127816,-0.347919540578,-0.147729471738,0.00784402035269,240,0.0231346060097,0.195335736548,0.135550703632,120,0.139477109226,0.237052421425,237,5.93474907445
TQQQ_SMA_TO_TBILL,NASDAQ100,250,50,LAG2,WAIT_ONE_TRADING_DAY,10,1986-09-26,1986-09-29,2026-09-02,10059,0.191257011588,-0.896957458913,1084.48761082,39.9342915811,0.565741012076,0.542135527427,3973,1987-10-05,1990-08-06,1997-07-15,True,2535,3571,2000,-0.539481844091,1999,4.23507200311,-0.839956030813,-0.323590628827,-0.0481961490631,0.0395243714912,240,0.0509477862547,0.206064009319,0.12694321181,120,0.130839855189,0.243262689957,237,5.93474907445
TQQQ_ALWAYS,NASDAQ100,250,50,LAG2,WAIT_ONE_TRADING_DAY,25,1986-09-26,1986-09-29,2026-09-02,10059,0.134556919845,-0.99981706341,154.685288161,39.9342915811,0.781928769397,0.515430584344,9655,2000-03-27,2009-03-09,,False,,,2000,-0.917151743783,1999,4.23507200311,-0.991836834068,-0.722752150098,-0.499738961302,-0.185319079707,240,-0.165303460076,-0.0165535665469,0.036056114642,120,0.0396384967503,0.0986541202582,0,0
TQQQ_SMA_TO_NASDAQ,NASDAQ100,250,50,LAG2,WAIT_ONE_TRADING_DAY,25,1986-09-26,1986-09-29,2026-09-02,10059,0.199389162073,-0.940989385772,1423.0378813,39.9342915811,0.593636553243,0.555271427112,6402,2000-03-27,2002-10-07,2017-10-06,True,5478,6402,2000,-0.711785733026,1999,4.23507200311,-0.875020318642,-0.353575581464,-0.154363792215,-0.000976491783989,240,0.0141802727721,0.185586691005,0.125021171406,120,0.128911168925,0.227208909139,237,5.93474907445
TQQQ_SMA_TO_TBILL,NASDAQ100,250,50,LAG2,WAIT_ONE_TRADING_DAY,25,1986-09-26,1986-09-29,2026-09-02,10059,0.18068092905,-0.902822484983,759.560232003,39.9342915811,0.565799761723,0.526367526314,5016,1987-10-05,1990-08-06,1997-07-16,True,2536,3572,2000,-0.544300376422,1999,4.23507200311,-0.844684649351,-0.33467454433,-0.0590024362272,0.0304265972822,240,0.041750035892,0.196186005239,0.1164934936,120,0.120354004878,0.233338005282,237,5.93474907445
TQQQ_ALWAYS,NASDAQ100,250,50,LAG2,WAIT_ONE_TRADING_DAY,50,1986-09-26,1986-09-29,2026-09-02,10059,0.134556919845,-0.99981706341,154.685288161,39.9342915811,0.781928769397,0.515430584344,9655,2000-03-27,2009-03-09,,False,,,2000,-0.917151743783,1999,4.23507200311,-0.991836834068,-0.722752150098,-0.499738961302,-0.185319079707,240,-0.165303460076,-0.0165535665469,0.036056114642,120,0.0396384967503,0.0986541202582,0,0
TQQQ_SMA_TO_NASDAQ,NASDAQ100,250,50,LAG2,WAIT_ONE_TRADING_DAY,50,1986-09-26,1986-09-29,2026-09-02,10059,0.181659335711,-0.9434670756,785.105943056,39.9342915811,0.593749004097,0.530186253578,6493,2000-03-27,2008-11-20,2018-01-05,True,3333,6493,2000,-0.716804264108,1999,4.23507200311,-0.877186240838,-0.362912078633,-0.165328256677,-0.0155350927153,240,-0.000599205130393,0.169482619693,0.107653941596,120,0.111483888263,0.210945528228,237,5.93474907445
TQQQ_SMA_TO_TBILL,NASDAQ100,250,50,LAG2,WAIT_ONE_TRADING_DAY,50,1986-09-26,1986-09-29,2026-09-02,10059,0.163227654898,-0.911882398314,419.057890229,39.9342915811,0.565948766351,0.500049668764,5196,1987-10-05,1990-08-06,1998-07-08,True,2893,3929,2000,-0.552235246367,1999,4.23507200311,-0.852272083023,-0.352781382344,-0.0767762392564,0.0154103644353,240,0.0265687884859,0.179568204771,0.0992579076598,120,0.103058823271,0.217145116721,237,5.93474907445
TQQQ_ALWAYS,NASDAQ100,250,100,LAG1,IMMEDIATE_NEXT_RETURN,0,1986-09-26,1986-09-29,2026-09-02,10059,0.123086448205,-0.999833067993,103.089611408,39.9342915811,0.781936515809,0.502444942865,9655,2000-03-27,2009-03-09,,False,,,2000,-0.917998932107,1999,4.18255122569,-0.991922297558,-0.725579712986,-0.504822912565,-0.193569656275,240,-0.173755986429,-0.0265087775523,0.0255755451803,120,0.0291207219992,0.087544346258,0,0
TQQQ_SMA_TO_NASDAQ,NASDAQ100,250,100,LAG1,IMMEDIATE_NEXT_RETURN,0,1986-09-26,1986-09-29,2026-09-02,10059,0.221527216463,-0.963407368585,2954.03504611,39.9342915811,0.587030701665,0.585896363221,6412,2000-03-27,2008-11-20,2017-10-16,True,3252,6412,2000,-0.80225653826,1999,4.18255122569,-0.91389819804,-0.416311870193,-0.200783234246,0.0029888257204,240,0.0182173476073,0.18012509244,0.148053968138,120,0.152022524462,0.232548470624,237,5.93474907445
TQQQ_SMA_TO_TBILL,NASDAQ100,250,100,LAG1,IMMEDIATE_NEXT_RETURN,0,1986-09-26,1986-09-29,2026-09-02,10059,0.207482707111,-0.887262606384,1861.47206892,39.9342915811,0.557961184272,0.565968835102,5265,2000-03-27,2003-04-09,2014-08-26,True,4157,5265,2000,-0.745415915498,1999,4.18255122569,-0.846462768478,-0.304848650931,-0.117595231696,0.0306887870208,240,0.0420212450182,0.198574181508,0.144881338358,120,0.148838927636,0.239070425251,237,5.93474907445
TQQQ_ALWAYS,NASDAQ100,250,100,LAG1,IMMEDIATE_NEXT_RETURN,10,1986-09-26,1986-09-29,2026-09-02,10059,0.123086448205,-0.999833067993,103.089611408,39.9342915811,0.781936515809,0.502444942865,9655,2000-03-27,2009-03-09,,False,,,2000,-0.917998932107,1999,4.18255122569,-0.991922297558,-0.725579712986,-0.504822912565,-0.193569656275,240,-0.173755986429,-0.0265087775523,0.0255755451803,120,0.0291207219992,0.087544346258,0,0
TQQQ_SMA_TO_NASDAQ,NASDAQ100,250,100,LAG1,IMMEDIATE_NEXT_RETURN,10,1986-09-26,1986-09-29,2026-09-02,10059,0.214295622629,-0.965227690164,2330.43155911,39.9342915811,0.587031150662,0.575773352347,6435,2000-03-27,2008-11-20,2017-11-08,True,3275,6435,2000,-0.803636596794,1999,4.18255122569,-0.914496250138,-0.419687764306,-0.204931009609,-0.00286444850693,240,0.0122752022855,0.174002033489,0.140954837213,120,0.144898853487,0.22596690479,237,5.93474907445
TQQQ_SMA_TO_TBILL,NASDAQ100,250,100,LAG1,IMMEDIATE_NEXT_RETURN,10,1986-09-26,1986-09-29,2026-09-02,10059,0.200334258528,-0.888715990342,1468.51110027,39.9342915811,0.557960385424,0.555316764293,5344,2000-03-27,2003-04-10,2014-11-13,True,4235,5344,2000,-0.747192666726,1999,4.18255122569,-0.847535041549,-0.308869218126,-0.122174736174,0.0246738604745,240,0.0359401841515,0.192055388053,0.137801825773,120,0.141734942818,0.23239505978,237,5.93474907445
TQQQ_ALWAYS,NASDAQ100,250,100,LAG1,IMMEDIATE_NEXT_RETURN,25,1986-09-26,1986-09-29,2026-09-02,10059,0.123086448205,-0.999833067993,103.089611408,39.9342915811,0.781936515809,0.502444942865,9655,2000-03-27,2009-03-09,,False,,,2000,-0.917998932107,1999,4.18255122569,-0.991922297558,-0.725579712986,-0.504822912565,-0.193569656275,240,-0.173755986429,-0.0265087775523,0.0255755451803,120,0.0291207219992,0.087544346258,0,0
TQQQ_SMA_TO_NASDAQ,NASDAQ100,250,100,LAG1,IMMEDIATE_NEXT_RETURN,25,1986-09-26,1986-09-29,2026-09-02,10059,0.203515001315,-0.967792889487,1632.20226589,39.9342915811,0.587050395873,0.56057113693,6499,2000-03-27,2008-11-20,2018-01-11,True,3339,6499,2000,-0.805691202882,1999,4.18255122569,-0.915386656418,-0.424721299178,-0.211120056758,-0.0115912415982,240,0.00341590905451,0.164865666635,0.1303751945,120,0.134282639402,0.216181657907,237,5.93474907445
TQQQ_SMA_TO_TBILL,NASDAQ100,250,100,LAG1,IMMEDIATE_NEXT_RETURN,25,1986-09-26,1986-09-29,2026-09-02,10059,0.189677587409,-0.895084921973,1028.52501116,39.9342915811,0.557978731603,0.539319715887,5442,2000-03-27,2009-07-07,2015-02-19,True,2053,5442,2000,-0.749837861694,1999,4.18255122569,-0.849131412656,-0.31486397522,-0.12900798211,0.0157060558937,240,0.0268737782567,0.182733569951,0.127251419743,120,0.13114806648,0.222436976851,237,5.93474907445
TQQQ_ALWAYS,NASDAQ100,250,100,LAG1,IMMEDIATE_NEXT_RETURN,50,1986-09-26,1986-09-29,2026-09-02,10059,0.123086448205,-0.999833067993,103.089611408,39.9342915811,0.781936515809,0.502444942865,9655,2000-03-27,2009-03-09,,False,,,2000,-0.917998932107,1999,4.18255122569,-0.991922297558,-0.725579712986,-0.504822912565,-0.193569656275,240,-0.173755986429,-0.0265087775523,0.0255755451803,120,0.0291207219992,0.087544346258,0,0
TQQQ_SMA_TO_NASDAQ,NASDAQ100,250,100,LAG1,IMMEDIATE_NEXT_RETURN,50,1986-09-26,1986-09-29,2026-09-02,10059,0.185724185229,-0.971661897996,900.504277542,39.9342915811,0.587131988819,0.535191201896,6694,2000-03-27,2008-11-20,2018-07-25,True,3534,6694,2000,-0.809074604919,1999,4.18255122569,-0.916853022126,-0.433030217912,-0.221348623159,-0.0259951555724,240,-0.0112067015927,0.149403961302,0.112925313312,120,0.116772438023,0.200014010982,237,5.93474907445
TQQQ_SMA_TO_TBILL,NASDAQ100,250,100,LAG1,IMMEDIATE_NEXT_RETURN,50,1986-09-26,1986-09-29,2026-09-02,10059,0.172091321234,-0.907919624835,567.448772415,39.9342915811,0.558061419565,0.512612451494,6282,2000-03-27,2009-07-07,2017-06-08,True,2893,6282,2000,-0.754193810064,1999,4.18255122569,-0.851760195562,-0.324759595453,-0.140301208368,0.000904343011351,240,0.0119093200417,0.166345992814,0.109849761038,120,0.113686254277,0.205985916581,237,5.93474907445
TQQQ_ALWAYS,NASDAQ100,250,100,LAG2,WAIT_ONE_TRADING_DAY,0,1986-09-26,1986-09-29,2026-09-02,10059,0.123086448205,-0.999833067993,103.089611408,39.9342915811,0.781936515809,0.502444942865,9655,2000-03-27,2009-03-09,,False,,,2000,-0.917998932107,1999,4.18255122569,-0.991922297558,-0.725579712986,-0.504822912565,-0.193569656275,240,-0.173755986429,-0.0265087775523,0.0255755451803,120,0.0291207219992,0.087544346258,0,0
TQQQ_SMA_TO_NASDAQ,NASDAQ100,250,100,LAG2,WAIT_ONE_TRADING_DAY,0,1986-09-26,1986-09-29,2026-09-02,10059,0.207756812446,-0.940259455743,1878.421673,39.9342915811,0.593582686455,0.566991137463,6268,2000-03-27,2002-10-07,2017-05-25,True,5344,6268,2000,-0.7089230838,1999,4.18255122569,-0.873492220466,-0.347151449998,-0.14813720876,0.00624129056865,240,0.0215191950916,0.192675117954,0.133809464524,120,0.137728780902,0.233793901968,237,5.93474907445
TQQQ_SMA_TO_TBILL,NASDAQ100,250,100,LAG2,WAIT_ONE_TRADING_DAY,0,1986-09-26,1986-09-29,2026-09-02,10059,0.18891805969,-0.894988528627,1002.62573505,39.9342915811,0.565710291477,0.538667001818,3976,1987-10-05,1990-08-03,1997-07-15,True,2538,3571,2000,-0.539774201543,1999,4.18255122569,-0.837430073191,-0.320824912967,-0.0486707628235,0.0378769692461,240,0.0492884615497,0.203071849288,0.125215171321,120,0.129104779221,0.240142594745,237,5.93474907445
TQQQ_ALWAYS,NASDAQ100,250,100,LAG2,WAIT_ONE_TRADING_DAY,10,1986-09-26,1986-09-29,2026-09-02,10059,0.123086448205,-0.999833067993,103.089611408,39.9342915811,0.781936515809,0.502444942865,9655,2000-03-27,2009-03-09,,False,,,2000,-0.917998932107,1999,4.18255122569,-0.991922297558,-0.725579712986,-0.504822912565,-0.193569656275,240,-0.173755986429,-0.0265087775523,0.0255755451803,120,0.0291207219992,0.087544346258,0,0
TQQQ_SMA_TO_NASDAQ,NASDAQ100,250,100,LAG2,WAIT_ONE_TRADING_DAY,10,1986-09-26,1986-09-29,2026-09-02,10059,0.200606741126,-0.94067638709,1481.88260456,39.9342915811,0.59359580938,0.556984217022,6379,2000-03-27,2002-10-07,2017-09-13,True,5455,6379,2000,-0.710954519776,1999,4.18255122569,-0.874370927314,-0.350927349257,-0.152558206478,0.000369035503068,240,0.0155577807428,0.18634800449,0.126798416214,120,0.130693497024,0.227248307413,237,5.93474907445
TQQQ_SMA_TO_TBILL,NASDAQ100,250,100,LAG2,WAIT_ONE_TRADING_DAY,10,1986-09-26,1986-09-29,2026-09-02,10059,0.181879516141,-0.898944595748,790.969172155,39.9342915811,0.565736554747,0.528166566038,5002,1987-10-05,1990-08-06,1997-07-16,True,2536,3572,2000,-0.542986133482,1999,4.18255122569,-0.840644233877,-0.328255561295,-0.0558760675678,0.0318200936764,240,0.0431649904287,0.196523512136,0.118257266866,120,0.122122822903,0.233481418131,237,5.93474907445
TQQQ_ALWAYS,NASDAQ100,250,100,LAG2,WAIT_ONE_TRADING_DAY,25,1986-09-26,1986-09-29,2026-09-02,10059,0.123086448205,-0.999833067993,103.089611408,39.9342915811,0.781936515809,0.502444942865,9655,2000-03-27,2009-03-09,,False,,,2000,-0.917998932107,1999,4.18255122569,-0.991922297558,-0.725579712986,-0.504822912565,-0.193569656275,240,-0.173755986429,-0.0265087775523,0.0255755451803,120,0.0291207219992,0.087544346258,0,0
TQQQ_SMA_TO_NASDAQ,NASDAQ100,250,100,LAG2,WAIT_ONE_TRADING_DAY,25,1986-09-26,1986-09-29,2026-09-02,10059,0.189947650882,-0.94129710691,1037.89022917,39.9342915811,0.593633805529,0.541957952676,6435,2000-03-27,2002-10-07,2017-11-08,True,5511,6435,2000,-0.713978884773,1999,4.18255122569,-0.875679184735,-0.356557300894,-0.159154938687,-0.00838605659513,240,0.00666975883697,0.176672262949,0.116350040639,120,0.120209003838,0.217482809667,237,5.93474907445
TQQQ_SMA_TO_TBILL,NASDAQ100,250,100,LAG2,WAIT_ONE_TRADING_DAY,25,1986-09-26,1986-09-29,2026-09-02,10059,0.171386687817,-0.904696516985,553.983947734,39.9342915811,0.565795114572,0.512400388253,5071,1987-10-05,1990-08-06,1997-08-04,True,2555,3591,2000,-0.547767999438,1999,4.18255122569,-0.845352518942,-0.339263035343,-0.0665951609213,0.0227897462463,240,0.0340353540238,0.186855285587,0.107888090138,120,0.111717802336,0.223587626209,237,5.93474907445
TQQQ_ALWAYS,NASDAQ100,250,100,LAG2,WAIT_ONE_TRADING_DAY,50,1986-09-26,1986-09-29,2026-09-02,10059,0.123086448205,-0.999833067993,103.089611408,39.9342915811,0.781936515809,0.502444942865,9655,2000-03-27,2009-03-09,,False,,,2000,-0.917998932107,1999,4.18255122569,-0.991922297558,-0.725579712986,-0.504822912565,-0.193569656275,240,-0.173755986429,-0.0265087775523,0.0255755451803,120,0.0291207219992,0.087544346258,0,0
TQQQ_SMA_TO_NASDAQ,NASDAQ100,250,100,LAG2,WAIT_ONE_TRADING_DAY,50,1986-09-26,1986-09-29,2026-09-02,10059,0.172357392526,-0.94614648039,572.615668117,39.9342915811,0.593745951892,0.51687596311,6511,2000-03-27,2008-11-20,2018-01-23,True,3351,6511,2000,-0.718959227599,1999,4.18255122569,-0.877833688654,-0.365850732216,-0.170057281453,-0.0228366791893,240,-0.00800026961383,0.160689279669,0.0991166692177,120,0.102916060648,0.201355407426,237,5.93474907445
TQQQ_SMA_TO_TBILL,NASDAQ100,250,100,LAG2,WAIT_ONE_TRADING_DAY,50,1986-09-26,1986-09-29,2026-09-02,10059,0.15407080467,-0.913581713279,305.639150888,39.9342915811,0.565943801377,0.486086806661,5224,1987-10-05,1990-08-06,1998-07-13,True,2898,3934,2000,-0.555642489395,1999,4.18255122569,-0.852907325986,-0.357244997534,-0.0842255506215,0.00788480394032,240,0.0189665313742,0.170455764465,0.0907853479374,120,0.0945559399217,0.207522762604,237,5.93474907445
